id_imagem,dataset,arquivo,doenca,codigo_diagnostico,diagnostico,conjunto
1,APTOS_2019,000c1434d8d7.png,retinopatia_diabetica,2,retinopatia_diabetica_moderada,train
2,APTOS_2019,001639a390f0.png,retinopatia_diabetica,4,retinopatia_diabetica_proliferativa,train
3,APTOS_2019,0024cdab0c1e.png,retinopatia_diabetica,1,retinopatia_diabetica_leve,train
4,APTOS_2019,002c21358ce6.png,retinopatia_diabetica,0,sem_retinopatia_diabetica,train
5,APTOS_2019,005b95c28852.png,retinopatia_diabetica,0,sem_retinopatia_diabetica,train
6,APTOS_2019,0083ee8054ee.png,retinopatia_diabetica,4,retinopatia_diabetica_proliferativa,train
7,APTOS_2019,0097f532ac9f.png,retinopatia_diabetica,0,sem_retinopatia_diabetica,train
8,APTOS_2019,00a8624548a9.png,retinopatia_diabetica,2,retinopatia_diabetica_moderada,train
9,APTOS_2019,00b74780d31d.png,retinopatia_diabetica,2,retinopatia_diabetica_moderada,train
10,APTOS_2019,00cb6555d108.png,retinopatia_diabetica,1,retinopatia_diabetica_leve,train
11,APTOS_2019,00cc2b75cddd.png,retinopatia_diabetica,0,sem_retinopatia_diabetica,train
12,APTOS_2019,00e4ddff966a.png,retinopatia_diabetica,2,retinopatia_diabetica_moderada,train
13,APTOS_2019,00f6c1be5a33.png,retinopatia_diabetica,0,sem_retinopatia_diabetica,train
14,APTOS_2019,0104b032c141.png,retinopatia_diabetica,3,retinopatia_diabetica_grave,train
15,APTOS_2019,0124dffecf29.png,retinopatia_diabetica,1,retinopatia_diabetica_leve,train
16,APTOS_2019,0125fbd2e791.png,retinopatia_diabetica,0,sem_retinopatia_diabetica,train
17,APTOS_2019,012a242ac6ff.png,retinopatia_diabetica,2,retinopatia_diabetica_moderada,train
18,APTOS_2019,014508ccb9cb.png,retinopatia_diabetica,0,sem_retinopatia_diabetica,train
19,APTOS_2019,0151781fe50b.png,retinopatia_diabetica,0,sem_retinopatia_diabetica,train
20,APTOS_2019,0161338f53cc.png,retinopatia_diabetica,2,retinopatia_diabetica_moderada,train
21,APTOS_2019,0180bfa26c0b.png,retinopatia_diabetica,2,retinopatia_diabetica_moderada,train
22,APTOS_2019,0182152c50de.png,retinopatia_diabetica,0,sem_retinopatia_diabetica,train
23,APTOS_2019,01b3aed3ed4c.png,retinopatia_diabetica,1,retinopatia_diabetica_leve,train
24,APTOS_2019,01c7808d901d.png,retinopatia_diabetica,2,retinopatia_diabetica_moderada,train
25,APTOS_2019,01d9477b1171.png,retinopatia_diabetica,0,sem_retinopatia_diabetica,train
26,APTOS_2019,01eb826f6467.png,retinopatia_diabetica,2,retinopatia_diabetica_moderada,train
27,APTOS_2019,01f7bb8be950.png,retinopatia_diabetica,0,sem_retinopatia_diabetica,train
28,APTOS_2019,0212dd31f623.png,retinopatia_diabetica,0,sem_retinopatia_diabetica,train
29,APTOS_2019,022f820027b8.png,retinopatia_diabetica,0,sem_retinopatia_diabetica,train
30,APTOS_2019,0231642cf1c2.png,retinopatia_diabetica,0,sem_retinopatia_diabetica,train
31,APTOS_2019,0232dfea7547.png,retinopatia_diabetica,0,sem_retinopatia_diabetica,train
32,APTOS_2019,02358b47ea89.png,retinopatia_diabetica,0,sem_retinopatia_diabetica,train
33,APTOS_2019,0243404e8a00.png,retinopatia_diabetica,4,retinopatia_diabetica_proliferativa,train
34,APTOS_2019,025a169a0bb0.png,retinopatia_diabetica,2,retinopatia_diabetica_moderada,train
35,APTOS_2019,02685f13cefd.png,retinopatia_diabetica,4,retinopatia_diabetica_proliferativa,train
36,APTOS_2019,026dcd9af143.png,retinopatia_diabetica,2,retinopatia_diabetica_moderada,train
37,APTOS_2019,02cd34a85b24.png,retinopatia_diabetica,0,sem_retinopatia_diabetica,train
38,APTOS_2019,02da652c74b8.png,retinopatia_diabetica,0,sem_retinopatia_diabetica,train
39,APTOS_2019,02dda30d3acf.png,retinopatia_diabetica,4,retinopatia_diabetica_proliferativa,train
40,APTOS_2019,0304bedad8fe.png,retinopatia_diabetica,0,sem_retinopatia_diabetica,train
41,APTOS_2019,0318598cfd16.png,retinopatia_diabetica,4,retinopatia_diabetica_proliferativa,train
42,APTOS_2019,032d7b0b4bf6.png,retinopatia_diabetica,2,retinopatia_diabetica_moderada,train
43,APTOS_2019,033f2b43de6d.png,retinopatia_diabetica,2,retinopatia_diabetica_moderada,train
44,APTOS_2019,034cb07a550f.png,retinopatia_diabetica,4,retinopatia_diabetica_proliferativa,train
45,APTOS_2019,03676c71ed1b.png,retinopatia_diabetica,2,retinopatia_diabetica_moderada,train
46,APTOS_2019,0369f3efe69b.png,retinopatia_diabetica,1,retinopatia_diabetica_leve,train
47,APTOS_2019,03747397839f.png,retinopatia_diabetica,2,retinopatia_diabetica_moderada,train
48,APTOS_2019,03a7f4a5786f.png,retinopatia_diabetica,4,retinopatia_diabetica_proliferativa,train
49,APTOS_2019,03b373718013.png,retinopatia_diabetica,0,sem_retinopatia_diabetica,train
50,APTOS_2019,03c85870824c.png,retinopatia_diabetica,3,retinopatia_diabetica_grave,train
51,APTOS_2019,03e25101e8e8.png,retinopatia_diabetica,1,retinopatia_diabetica_leve,train
52,APTOS_2019,03fd50da928d.png,retinopatia_diabetica,2,retinopatia_diabetica_moderada,train
53,APTOS_2019,03ff7d159f10.png,retinopatia_diabetica,2,retinopatia_diabetica_moderada,train
54,APTOS_2019,0415fc68b176.png,retinopatia_diabetica,2,retinopatia_diabetica_moderada,train
55,APTOS_2019,041f09eec1e8.png,retinopatia_diabetica,2,retinopatia_diabetica_moderada,train
56,APTOS_2019,0423237770a7.png,retinopatia_diabetica,0,sem_retinopatia_diabetica,train
57,APTOS_2019,042470a92154.png,retinopatia_diabetica,3,retinopatia_diabetica_grave,train
58,APTOS_2019,04579e31e4be.png,retinopatia_diabetica,0,sem_retinopatia_diabetica,train
59,APTOS_2019,04a6fc58dabc.png,retinopatia_diabetica,2,retinopatia_diabetica_moderada,train
60,APTOS_2019,04ac765f91a1.png,retinopatia_diabetica,1,retinopatia_diabetica_leve,train
61,APTOS_2019,04aef84a2cc1.png,retinopatia_diabetica,0,sem_retinopatia_diabetica,train
62,APTOS_2019,04d029cfb612.png,retinopatia_diabetica,2,retinopatia_diabetica_moderada,train
63,APTOS_2019,04efb1a284cc.png,retinopatia_diabetica,0,sem_retinopatia_diabetica,train
64,APTOS_2019,050bb1eafa76.png,retinopatia_diabetica,0,sem_retinopatia_diabetica,train
65,APTOS_2019,05113073b268.png,retinopatia_diabetica,0,sem_retinopatia_diabetica,train
66,APTOS_2019,05195a3db5e2.png,retinopatia_diabetica,0,sem_retinopatia_diabetica,train
67,APTOS_2019,0519b934f6b1.png,retinopatia_diabetica,2,retinopatia_diabetica_moderada,train
68,APTOS_2019,052d9a3fe55a.png,retinopatia_diabetica,2,retinopatia_diabetica_moderada,train
69,APTOS_2019,05339950962e.png,retinopatia_diabetica,0,sem_retinopatia_diabetica,train
70,APTOS_2019,054b1b305160.png,retinopatia_diabetica,0,sem_retinopatia_diabetica,train
71,APTOS_2019,0551676cc2aa.png,retinopatia_diabetica,0,sem_retinopatia_diabetica,train
72,APTOS_2019,059bc89df7f4.png,retinopatia_diabetica,1,retinopatia_diabetica_leve,train
73,APTOS_2019,05a5183c92d0.png,retinopatia_diabetica,1,retinopatia_diabetica_leve,train
74,APTOS_2019,05b1bb2bdb81.png,retinopatia_diabetica,0,sem_retinopatia_diabetica,train
75,APTOS_2019,05cd0178ccfe.png,retinopatia_diabetica,3,retinopatia_diabetica_grave,train
76,APTOS_2019,05e9126dfa5c.png,retinopatia_diabetica,0,sem_retinopatia_diabetica,train
77,APTOS_2019,06024377d573.png,retinopatia_diabetica,2,retinopatia_diabetica_moderada,train
78,APTOS_2019,060e00d1e2ab.png,retinopatia_diabetica,0,sem_retinopatia_diabetica,train
79,APTOS_2019,064af6592ba6.png,retinopatia_diabetica,2,retinopatia_diabetica_moderada,train
80,APTOS_2019,06586082a24d.png,retinopatia_diabetica,0,sem_retinopatia_diabetica,train
81,APTOS_2019,0684311afdfc.png,retinopatia_diabetica,1,retinopatia_diabetica_leve,train
82,APTOS_2019,069f43616fab.png,retinopatia_diabetica,3,retinopatia_diabetica_grave,train
83,APTOS_2019,06b71823f9cd.png,retinopatia_diabetica,1,retinopatia_diabetica_leve,train
84,APTOS_2019,06be1092a062.png,retinopatia_diabetica,0,sem_retinopatia_diabetica,train
85,APTOS_2019,07083738b75e.png,retinopatia_diabetica,2,retinopatia_diabetica_moderada,train
86,APTOS_2019,0709652336e2.png,retinopatia_diabetica,0,sem_retinopatia_diabetica,train
87,APTOS_2019,070d4ce5fd90.png,retinopatia_diabetica,0,sem_retinopatia_diabetica,train
88,APTOS_2019,070f67572d03.png,retinopatia_diabetica,3,retinopatia_diabetica_grave,train
89,APTOS_2019,07122e268a1d.png,retinopatia_diabetica,4,retinopatia_diabetica_proliferativa,train
90,APTOS_2019,071435a218ec.png,retinopatia_diabetica,2,retinopatia_diabetica_moderada,train
91,APTOS_2019,07419eddd6be.png,retinopatia_diabetica,2,retinopatia_diabetica_moderada,train
92,APTOS_2019,07596907347b.png,retinopatia_diabetica,0,sem_retinopatia_diabetica,train
93,APTOS_2019,0773a1c326ad.png,retinopatia_diabetica,0,sem_retinopatia_diabetica,train
94,APTOS_2019,07751b94a88a.png,retinopatia_diabetica,0,sem_retinopatia_diabetica,train
95,APTOS_2019,0790515cf5af.png,retinopatia_diabetica,0,sem_retinopatia_diabetica,train
96,APTOS_2019,07929d32b5b3.png,retinopatia_diabetica,1,retinopatia_diabetica_leve,train
97,APTOS_2019,07a0be6b347f.png,retinopatia_diabetica,0,sem_retinopatia_diabetica,train
98,APTOS_2019,07a0e34c8d20.png,retinopatia_diabetica,3,retinopatia_diabetica_grave,train
99,APTOS_2019,07a1c7073982.png,retinopatia_diabetica,1,retinopatia_diabetica_leve,train
100,APTOS_2019,07a2b8cabf6b.png,retinopatia_diabetica,0,sem_retinopatia_diabetica,train
101,APTOS_2019,07a3be30563b.png,retinopatia_diabetica,2,retinopatia_diabetica_moderada,train
102,APTOS_2019,07d8db76b301.png,retinopatia_diabetica,2,retinopatia_diabetica_moderada,train
103,APTOS_2019,07e827469099.png,retinopatia_diabetica,0,sem_retinopatia_diabetica,train
104,APTOS_2019,07f5d7baf907.png,retinopatia_diabetica,0,sem_retinopatia_diabetica,train
105,APTOS_2019,08037e4490e5.png,retinopatia_diabetica,0,sem_retinopatia_diabetica,train
106,APTOS_2019,080ee76c958c.png,retinopatia_diabetica,4,retinopatia_diabetica_proliferativa,train
107,APTOS_2019,080f66eedfb9.png,retinopatia_diabetica,4,retinopatia_diabetica_proliferativa,train
108,APTOS_2019,084c02cf077f.png,retinopatia_diabetica,0,sem_retinopatia_diabetica,train
109,APTOS_2019,0851d6a69589.png,retinopatia_diabetica,0,sem_retinopatia_diabetica,train
110,APTOS_2019,086d41d17da8.png,retinopatia_diabetica,1,retinopatia_diabetica_leve,train
111,APTOS_2019,08752092140d.png,retinopatia_diabetica,2,retinopatia_diabetica_moderada,train
112,APTOS_2019,08a3875063c3.png,retinopatia_diabetica,4,retinopatia_diabetica_proliferativa,train
113,APTOS_2019,08b6e3240858.png,retinopatia_diabetica,0,sem_retinopatia_diabetica,train
114,APTOS_2019,08bef347f40d.png,retinopatia_diabetica,0,sem_retinopatia_diabetica,train
115,APTOS_2019,08c17a2d95b7.png,retinopatia_diabetica,2,retinopatia_diabetica_moderada,train
116,APTOS_2019,08c60c647673.png,retinopatia_diabetica,0,sem_retinopatia_diabetica,train
117,APTOS_2019,08ee569d4721.png,retinopatia_diabetica,0,sem_retinopatia_diabetica,train
118,APTOS_2019,08f8838d69bb.png,retinopatia_diabetica,0,sem_retinopatia_diabetica,train
119,APTOS_2019,09237bf783a4.png,retinopatia_diabetica,0,sem_retinopatia_diabetica,train
120,APTOS_2019,0924cec998fa.png,retinopatia_diabetica,0,sem_retinopatia_diabetica,train
121,APTOS_2019,093a42649c29.png,retinopatia_diabetica,3,retinopatia_diabetica_grave,train
122,APTOS_2019,093cf723fede.png,retinopatia_diabetica,0,sem_retinopatia_diabetica,train
123,APTOS_2019,094858f005ab.png,retinopatia_diabetica,2,retinopatia_diabetica_moderada,train
124,APTOS_2019,0953c0ac1735.png,retinopatia_diabetica,2,retinopatia_diabetica_moderada,train
125,APTOS_2019,096436d68d06.png,retinopatia_diabetica,0,sem_retinopatia_diabetica,train
126,APTOS_2019,09662e462531.png,retinopatia_diabetica,0,sem_retinopatia_diabetica,train
127,APTOS_2019,0981195eb9fb.png,retinopatia_diabetica,4,retinopatia_diabetica_proliferativa,train
128,APTOS_2019,099021fac3c9.png,retinopatia_diabetica,0,sem_retinopatia_diabetica,train
129,APTOS_2019,09934421c79e.png,retinopatia_diabetica,0,sem_retinopatia_diabetica,train
130,APTOS_2019,09935d72892b.png,retinopatia_diabetica,1,retinopatia_diabetica_leve,train
131,APTOS_2019,09c8323c612e.png,retinopatia_diabetica,0,sem_retinopatia_diabetica,train
132,APTOS_2019,09eeafa9656a.png,retinopatia_diabetica,2,retinopatia_diabetica_moderada,train
133,APTOS_2019,09f1111a388a.png,retinopatia_diabetica,0,sem_retinopatia_diabetica,train
134,APTOS_2019,09f6ab477654.png,retinopatia_diabetica,2,retinopatia_diabetica_moderada,train
135,APTOS_2019,0a09aa7356c0.png,retinopatia_diabetica,2,retinopatia_diabetica_moderada,train
136,APTOS_2019,0a1076183736.png,retinopatia_diabetica,2,retinopatia_diabetica_moderada,train
137,APTOS_2019,0a3202889f4d.png,retinopatia_diabetica,1,retinopatia_diabetica_leve,train
138,APTOS_2019,0a38b552372d.png,retinopatia_diabetica,0,sem_retinopatia_diabetica,train
139,APTOS_2019,0a4e1a29ffff.png,retinopatia_diabetica,0,sem_retinopatia_diabetica,train
140,APTOS_2019,0a61bddab956.png,retinopatia_diabetica,1,retinopatia_diabetica_leve,train
141,APTOS_2019,0a74c92e287c.png,retinopatia_diabetica,0,sem_retinopatia_diabetica,train
142,APTOS_2019,0a85a1e8f9e9.png,retinopatia_diabetica,0,sem_retinopatia_diabetica,train
143,APTOS_2019,0a902c80d5da.png,retinopatia_diabetica,0,sem_retinopatia_diabetica,train
144,APTOS_2019,0a9ec1e99ce4.png,retinopatia_diabetica,2,retinopatia_diabetica_moderada,train
145,APTOS_2019,0abf0c485f66.png,retinopatia_diabetica,0,sem_retinopatia_diabetica,train
146,APTOS_2019,0ac436400db4.png,retinopatia_diabetica,2,retinopatia_diabetica_moderada,train
147,APTOS_2019,0ad7f631dedb.png,retinopatia_diabetica,1,retinopatia_diabetica_leve,train
148,APTOS_2019,0ada12c0e78f.png,retinopatia_diabetica,4,retinopatia_diabetica_proliferativa,train
149,APTOS_2019,0ae2dd2e09ea.png,retinopatia_diabetica,0,sem_retinopatia_diabetica,train
150,APTOS_2019,0af296d2f04a.png,retinopatia_diabetica,2,retinopatia_diabetica_moderada,train
151,APTOS_2019,0afbeeef0ff7.png,retinopatia_diabetica,0,sem_retinopatia_diabetica,train
152,APTOS_2019,0afdfe5f422c.png,retinopatia_diabetica,2,retinopatia_diabetica_moderada,train
153,APTOS_2019,0b00f8a77510.png,retinopatia_diabetica,0,sem_retinopatia_diabetica,train
154,APTOS_2019,0b2ea8f268cf.png,retinopatia_diabetica,0,sem_retinopatia_diabetica,train
155,APTOS_2019,0b3efe669365.png,retinopatia_diabetica,0,sem_retinopatia_diabetica,train
156,APTOS_2019,0b64a0a06f9a.png,retinopatia_diabetica,0,sem_retinopatia_diabetica,train
157,APTOS_2019,0b8bdec9d869.png,retinopatia_diabetica,0,sem_retinopatia_diabetica,train
158,APTOS_2019,0babc12807b2.png,retinopatia_diabetica,0,sem_retinopatia_diabetica,train
159,APTOS_2019,0bf37ca3156a.png,retinopatia_diabetica,4,retinopatia_diabetica_proliferativa,train
160,APTOS_2019,0c2e2369dfff.png,retinopatia_diabetica,2,retinopatia_diabetica_moderada,train
161,APTOS_2019,0c38940e1f80.png,retinopatia_diabetica,0,sem_retinopatia_diabetica,train
162,APTOS_2019,0c43c79e8cfb.png,retinopatia_diabetica,0,sem_retinopatia_diabetica,train
163,APTOS_2019,0c55d58bebaf.png,retinopatia_diabetica,2,retinopatia_diabetica_moderada,train
164,APTOS_2019,0c76fd494af6.png,retinopatia_diabetica,2,retinopatia_diabetica_moderada,train
165,APTOS_2019,0c7e82daf5a0.png,retinopatia_diabetica,2,retinopatia_diabetica_moderada,train
166,APTOS_2019,0c917c372572.png,retinopatia_diabetica,3,retinopatia_diabetica_grave,train
167,APTOS_2019,0ca0aee4d57e.png,retinopatia_diabetica,2,retinopatia_diabetica_moderada,train
168,APTOS_2019,0cae727cf119.png,retinopatia_diabetica,0,sem_retinopatia_diabetica,train
169,APTOS_2019,0cb14014117d.png,retinopatia_diabetica,3,retinopatia_diabetica_grave,train
170,APTOS_2019,0cb6b898389f.png,retinopatia_diabetica,0,sem_retinopatia_diabetica,train
171,APTOS_2019,0cbcc7b23613.png,retinopatia_diabetica,0,sem_retinopatia_diabetica,train
172,APTOS_2019,0cd31078cd08.png,retinopatia_diabetica,0,sem_retinopatia_diabetica,train
173,APTOS_2019,0ce062f26edc.png,retinopatia_diabetica,0,sem_retinopatia_diabetica,train
174,APTOS_2019,0ceb222f6629.png,retinopatia_diabetica,4,retinopatia_diabetica_proliferativa,train
175,APTOS_2019,0cecc2864b7f.png,retinopatia_diabetica,0,sem_retinopatia_diabetica,train
176,APTOS_2019,0d0a21fd354f.png,retinopatia_diabetica,2,retinopatia_diabetica_moderada,train
177,APTOS_2019,0d0b8fc9ab5c.png,retinopatia_diabetica,0,sem_retinopatia_diabetica,train
178,APTOS_2019,0d310aba6373.png,retinopatia_diabetica,1,retinopatia_diabetica_leve,train
179,APTOS_2019,0d744aed4d64.png,retinopatia_diabetica,0,sem_retinopatia_diabetica,train
180,APTOS_2019,0d8f60ed9280.png,retinopatia_diabetica,0,sem_retinopatia_diabetica,train
181,APTOS_2019,0d9a9896f801.png,retinopatia_diabetica,0,sem_retinopatia_diabetica,train
182,APTOS_2019,0da09e3ce8f1.png,retinopatia_diabetica,2,retinopatia_diabetica_moderada,train
183,APTOS_2019,0da321efbce6.png,retinopatia_diabetica,0,sem_retinopatia_diabetica,train
184,APTOS_2019,0da632ca45e0.png,retinopatia_diabetica,0,sem_retinopatia_diabetica,train
185,APTOS_2019,0daddc45d832.png,retinopatia_diabetica,0,sem_retinopatia_diabetica,train
186,APTOS_2019,0db1d8dcf219.png,retinopatia_diabetica,0,sem_retinopatia_diabetica,train
187,APTOS_2019,0dbaa09a458c.png,retinopatia_diabetica,2,retinopatia_diabetica_moderada,train
188,APTOS_2019,0dbe6c26cedc.png,retinopatia_diabetica,0,sem_retinopatia_diabetica,train
189,APTOS_2019,0dc031c94225.png,retinopatia_diabetica,1,retinopatia_diabetica_leve,train
190,APTOS_2019,0dc8d25b3f69.png,retinopatia_diabetica,3,retinopatia_diabetica_grave,train
191,APTOS_2019,0dce95217626.png,retinopatia_diabetica,1,retinopatia_diabetica_leve,train
192,APTOS_2019,0e0003ddd8df.png,retinopatia_diabetica,0,sem_retinopatia_diabetica,train
193,APTOS_2019,0e0fc1d9810c.png,retinopatia_diabetica,4,retinopatia_diabetica_proliferativa,train
194,APTOS_2019,0e3572b5884a.png,retinopatia_diabetica,0,sem_retinopatia_diabetica,train
195,APTOS_2019,0e43c8298fc0.png,retinopatia_diabetica,0,sem_retinopatia_diabetica,train
196,APTOS_2019,0e75d51152fc.png,retinopatia_diabetica,2,retinopatia_diabetica_moderada,train
197,APTOS_2019,0e82bcacc475.png,retinopatia_diabetica,4,retinopatia_diabetica_proliferativa,train
198,APTOS_2019,0e94cd271c00.png,retinopatia_diabetica,0,sem_retinopatia_diabetica,train
199,APTOS_2019,0eb52045349f.png,retinopatia_diabetica,1,retinopatia_diabetica_leve,train
200,APTOS_2019,0eced86c9db8.png,retinopatia_diabetica,0,sem_retinopatia_diabetica,train
201,APTOS_2019,0edadb2aa127.png,retinopatia_diabetica,3,retinopatia_diabetica_grave,train
202,APTOS_2019,0ef4c61dc056.png,retinopatia_diabetica,0,sem_retinopatia_diabetica,train
203,APTOS_2019,0efc93ec838b.png,retinopatia_diabetica,2,retinopatia_diabetica_moderada,train
204,APTOS_2019,0eff8eacb2f7.png,retinopatia_diabetica,2,retinopatia_diabetica_moderada,train
205,APTOS_2019,0f364b7d4384.png,retinopatia_diabetica,0,sem_retinopatia_diabetica,train
206,APTOS_2019,0f495d87656a.png,retinopatia_diabetica,1,retinopatia_diabetica_leve,train
207,APTOS_2019,0f6e645466a2.png,retinopatia_diabetica,0,sem_retinopatia_diabetica,train
208,APTOS_2019,0f882877bf13.png,retinopatia_diabetica,3,retinopatia_diabetica_grave,train
209,APTOS_2019,0f96c358a250.png,retinopatia_diabetica,3,retinopatia_diabetica_grave,train
210,APTOS_2019,0fb1053285cf.png,retinopatia_diabetica,1,retinopatia_diabetica_leve,train
211,APTOS_2019,0fb560f9adb2.png,retinopatia_diabetica,2,retinopatia_diabetica_moderada,train
212,APTOS_2019,0fbbd665431f.png,retinopatia_diabetica,0,sem_retinopatia_diabetica,train
213,APTOS_2019,0fc6829da85b.png,retinopatia_diabetica,0,sem_retinopatia_diabetica,train
214,APTOS_2019,0fcfc6301f3d.png,retinopatia_diabetica,2,retinopatia_diabetica_moderada,train
215,APTOS_2019,0fd16b64697e.png,retinopatia_diabetica,2,retinopatia_diabetica_moderada,train
216,APTOS_2019,0fe31196e0e8.png,retinopatia_diabetica,0,sem_retinopatia_diabetica,train
217,APTOS_2019,0fffa73e2402.png,retinopatia_diabetica,2,retinopatia_diabetica_moderada,train
218,APTOS_2019,1002b5151b8e.png,retinopatia_diabetica,0,sem_retinopatia_diabetica,train
219,APTOS_2019,1002f3fe38f0.png,retinopatia_diabetica,0,sem_retinopatia_diabetica,train
220,APTOS_2019,1006345f70b7.png,retinopatia_diabetica,2,retinopatia_diabetica_moderada,train
221,APTOS_2019,101b9ebfc720.png,retinopatia_diabetica,1,retinopatia_diabetica_leve,train
222,APTOS_2019,103abbd8b63e.png,retinopatia_diabetica,0,sem_retinopatia_diabetica,train
223,APTOS_2019,103f97a2ab15.png,retinopatia_diabetica,0,sem_retinopatia_diabetica,train
224,APTOS_2019,107aea0d9289.png,retinopatia_diabetica,1,retinopatia_diabetica_leve,train
225,APTOS_2019,10a5026eb8e6.png,retinopatia_diabetica,0,sem_retinopatia_diabetica,train
226,APTOS_2019,10bf25731c08.png,retinopatia_diabetica,0,sem_retinopatia_diabetica,train
227,APTOS_2019,10de500cf0c5.png,retinopatia_diabetica,0,sem_retinopatia_diabetica,train
228,APTOS_2019,10ecc5292ab1.png,retinopatia_diabetica,2,retinopatia_diabetica_moderada,train
229,APTOS_2019,10eefba568dd.png,retinopatia_diabetica,2,retinopatia_diabetica_moderada,train
230,APTOS_2019,10f10fd30718.png,retinopatia_diabetica,0,sem_retinopatia_diabetica,train
231,APTOS_2019,10f36b0239fb.png,retinopatia_diabetica,1,retinopatia_diabetica_leve,train
232,APTOS_2019,10f6ef37fe43.png,retinopatia_diabetica,0,sem_retinopatia_diabetica,train
233,APTOS_2019,10fca1abf338.png,retinopatia_diabetica,4,retinopatia_diabetica_proliferativa,train
234,APTOS_2019,1116271db4ea.png,retinopatia_diabetica,1,retinopatia_diabetica_leve,train
235,APTOS_2019,111898ab463d.png,retinopatia_diabetica,1,retinopatia_diabetica_leve,train
236,APTOS_2019,1120f6d08d95.png,retinopatia_diabetica,2,retinopatia_diabetica_moderada,train
237,APTOS_2019,11242a67122d.png,retinopatia_diabetica,4,retinopatia_diabetica_proliferativa,train
238,APTOS_2019,1124ffcd76c2.png,retinopatia_diabetica,2,retinopatia_diabetica_moderada,train
239,APTOS_2019,115e42dd6a81.png,retinopatia_diabetica,2,retinopatia_diabetica_moderada,train
240,APTOS_2019,1177d583c807.png,retinopatia_diabetica,2,retinopatia_diabetica_moderada,train
241,APTOS_2019,11b220a397b8.png,retinopatia_diabetica,0,sem_retinopatia_diabetica,train
242,APTOS_2019,11b5c77fbf79.png,retinopatia_diabetica,2,retinopatia_diabetica_moderada,train
243,APTOS_2019,11d8e5eaee5b.png,retinopatia_diabetica,0,sem_retinopatia_diabetica,train
244,APTOS_2019,12025b34deb8.png,retinopatia_diabetica,2,retinopatia_diabetica_moderada,train
245,APTOS_2019,12058bbb8299.png,retinopatia_diabetica,0,sem_retinopatia_diabetica,train
246,APTOS_2019,1269ab57c2e6.png,retinopatia_diabetica,2,retinopatia_diabetica_moderada,train
247,APTOS_2019,12a82fc7d73e.png,retinopatia_diabetica,2,retinopatia_diabetica_moderada,train
248,APTOS_2019,12ab2f6397f0.png,retinopatia_diabetica,0,sem_retinopatia_diabetica,train
249,APTOS_2019,12ae44be0d38.png,retinopatia_diabetica,0,sem_retinopatia_diabetica,train
250,APTOS_2019,12b57dac703e.png,retinopatia_diabetica,0,sem_retinopatia_diabetica,train
251,APTOS_2019,12bc439d373a.png,retinopatia_diabetica,0,sem_retinopatia_diabetica,train
252,APTOS_2019,12ce6a1a1f31.png,retinopatia_diabetica,1,retinopatia_diabetica_leve,train
253,APTOS_2019,12e3f5f2cb17.png,retinopatia_diabetica,1,retinopatia_diabetica_leve,train
254,APTOS_2019,12e6e66c80a7.png,retinopatia_diabetica,2,retinopatia_diabetica_moderada,train
255,APTOS_2019,12ef75375322.png,retinopatia_diabetica,0,sem_retinopatia_diabetica,train
256,APTOS_2019,13063d1bc4ea.png,retinopatia_diabetica,2,retinopatia_diabetica_moderada,train
257,APTOS_2019,13073f075a56.png,retinopatia_diabetica,0,sem_retinopatia_diabetica,train
258,APTOS_2019,135575dc57c9.png,retinopatia_diabetica,2,retinopatia_diabetica_moderada,train
259,APTOS_2019,13ab8db8c700.png,retinopatia_diabetica,1,retinopatia_diabetica_leve,train
260,APTOS_2019,13c191b59ed0.png,retinopatia_diabetica,0,sem_retinopatia_diabetica,train
261,APTOS_2019,13d014ccd136.png,retinopatia_diabetica,0,sem_retinopatia_diabetica,train
262,APTOS_2019,13d411c85ffd.png,retinopatia_diabetica,0,sem_retinopatia_diabetica,train
263,APTOS_2019,13d71389563f.png,retinopatia_diabetica,2,retinopatia_diabetica_moderada,train
264,APTOS_2019,1409ab48175a.png,retinopatia_diabetica,0,sem_retinopatia_diabetica,train
265,APTOS_2019,1411c8ab7161.png,retinopatia_diabetica,2,retinopatia_diabetica_moderada,train
266,APTOS_2019,1414128bead0.png,retinopatia_diabetica,2,retinopatia_diabetica_moderada,train
267,APTOS_2019,141735b57ec0.png,retinopatia_diabetica,2,retinopatia_diabetica_moderada,train
268,APTOS_2019,1438288bb2e1.png,retinopatia_diabetica,2,retinopatia_diabetica_moderada,train
269,APTOS_2019,143db89c11c8.png,retinopatia_diabetica,0,sem_retinopatia_diabetica,train
270,APTOS_2019,144a1a426137.png,retinopatia_diabetica,2,retinopatia_diabetica_moderada,train
271,APTOS_2019,144b01e7b993.png,retinopatia_diabetica,2,retinopatia_diabetica_moderada,train
272,APTOS_2019,14515b8f19b6.png,retinopatia_diabetica,2,retinopatia_diabetica_moderada,train
273,APTOS_2019,14c3b41d289c.png,retinopatia_diabetica,0,sem_retinopatia_diabetica,train
274,APTOS_2019,14e3f84445f7.png,retinopatia_diabetica,3,retinopatia_diabetica_grave,train
275,APTOS_2019,14ee87d6cc42.png,retinopatia_diabetica,2,retinopatia_diabetica_moderada,train
276,APTOS_2019,1509d097b69a.png,retinopatia_diabetica,0,sem_retinopatia_diabetica,train
277,APTOS_2019,150f92b45349.png,retinopatia_diabetica,0,sem_retinopatia_diabetica,train
278,APTOS_2019,150fc7127582.png,retinopatia_diabetica,0,sem_retinopatia_diabetica,train
279,APTOS_2019,152db3de8120.png,retinopatia_diabetica,0,sem_retinopatia_diabetica,train
280,APTOS_2019,1541226c5d72.png,retinopatia_diabetica,2,retinopatia_diabetica_moderada,train
281,APTOS_2019,15528e740543.png,retinopatia_diabetica,2,retinopatia_diabetica_moderada,train
282,APTOS_2019,155e2df6bfcf.png,retinopatia_diabetica,0,sem_retinopatia_diabetica,train
283,APTOS_2019,157d17349cc6.png,retinopatia_diabetica,2,retinopatia_diabetica_moderada,train
284,APTOS_2019,1594ca6c30d3.png,retinopatia_diabetica,2,retinopatia_diabetica_moderada,train
285,APTOS_2019,15b21c80cc31.png,retinopatia_diabetica,0,sem_retinopatia_diabetica,train
286,APTOS_2019,15bed5adde74.png,retinopatia_diabetica,3,retinopatia_diabetica_grave,train
287,APTOS_2019,15c24478ac72.png,retinopatia_diabetica,0,sem_retinopatia_diabetica,train
288,APTOS_2019,15cc2aef772a.png,retinopatia_diabetica,1,retinopatia_diabetica_leve,train
289,APTOS_2019,15cd5f52d300.png,retinopatia_diabetica,2,retinopatia_diabetica_moderada,train
290,APTOS_2019,15e24b73d4a7.png,retinopatia_diabetica,0,sem_retinopatia_diabetica,train
291,APTOS_2019,15e96e848b46.png,retinopatia_diabetica,4,retinopatia_diabetica_proliferativa,train
292,APTOS_2019,15f440753916.png,retinopatia_diabetica,3,retinopatia_diabetica_grave,train
293,APTOS_2019,15f8d769935c.png,retinopatia_diabetica,0,sem_retinopatia_diabetica,train
294,APTOS_2019,1601c939412f.png,retinopatia_diabetica,0,sem_retinopatia_diabetica,train
295,APTOS_2019,16060f05d047.png,retinopatia_diabetica,0,sem_retinopatia_diabetica,train
296,APTOS_2019,1608c82a263f.png,retinopatia_diabetica,0,sem_retinopatia_diabetica,train
297,APTOS_2019,1623e8e3adc4.png,retinopatia_diabetica,3,retinopatia_diabetica_grave,train
298,APTOS_2019,1632c4311fc9.png,retinopatia_diabetica,2,retinopatia_diabetica_moderada,train
299,APTOS_2019,1633f8291a80.png,retinopatia_diabetica,0,sem_retinopatia_diabetica,train
300,APTOS_2019,1638404f385c.png,retinopatia_diabetica,4,retinopatia_diabetica_proliferativa,train
301,APTOS_2019,164cd5a3a6cd.png,retinopatia_diabetica,0,sem_retinopatia_diabetica,train
302,APTOS_2019,165634a6167e.png,retinopatia_diabetica,0,sem_retinopatia_diabetica,train
303,APTOS_2019,165c548185f8.png,retinopatia_diabetica,0,sem_retinopatia_diabetica,train
304,APTOS_2019,165cd2070ebd.png,retinopatia_diabetica,4,retinopatia_diabetica_proliferativa,train
305,APTOS_2019,166068a24416.png,retinopatia_diabetica,3,retinopatia_diabetica_grave,train
306,APTOS_2019,16ce555748d8.png,retinopatia_diabetica,4,retinopatia_diabetica_proliferativa,train
307,APTOS_2019,17188c13e635.png,retinopatia_diabetica,2,retinopatia_diabetica_moderada,train
308,APTOS_2019,172df1330a60.png,retinopatia_diabetica,1,retinopatia_diabetica_leve,train
309,APTOS_2019,174db0854291.png,retinopatia_diabetica,0,sem_retinopatia_diabetica,train
310,APTOS_2019,175dd560810a.png,retinopatia_diabetica,2,retinopatia_diabetica_moderada,train
311,APTOS_2019,1782142e17d9.png,retinopatia_diabetica,0,sem_retinopatia_diabetica,train
312,APTOS_2019,178412895d5e.png,retinopatia_diabetica,0,sem_retinopatia_diabetica,train
313,APTOS_2019,17d7d6b092f4.png,retinopatia_diabetica,0,sem_retinopatia_diabetica,train
314,APTOS_2019,17d997fe1090.png,retinopatia_diabetica,0,sem_retinopatia_diabetica,train
315,APTOS_2019,17e6116b89b3.png,retinopatia_diabetica,0,sem_retinopatia_diabetica,train
316,APTOS_2019,17eb5d4ad740.png,retinopatia_diabetica,2,retinopatia_diabetica_moderada,train
317,APTOS_2019,17eff993386f.png,retinopatia_diabetica,1,retinopatia_diabetica_leve,train
318,APTOS_2019,17f6c7072f61.png,retinopatia_diabetica,0,sem_retinopatia_diabetica,train
319,APTOS_2019,180afe1d5ef7.png,retinopatia_diabetica,2,retinopatia_diabetica_moderada,train
320,APTOS_2019,18323d8f2470.png,retinopatia_diabetica,2,retinopatia_diabetica_moderada,train
321,APTOS_2019,1844a039b4ea.png,retinopatia_diabetica,2,retinopatia_diabetica_moderada,train
322,APTOS_2019,184a185e7447.png,retinopatia_diabetica,0,sem_retinopatia_diabetica,train
323,APTOS_2019,18621b9ca978.png,retinopatia_diabetica,0,sem_retinopatia_diabetica,train
324,APTOS_2019,1864d3411143.png,retinopatia_diabetica,0,sem_retinopatia_diabetica,train
325,APTOS_2019,186c1835eec5.png,retinopatia_diabetica,0,sem_retinopatia_diabetica,train
326,APTOS_2019,187f6ccda87a.png,retinopatia_diabetica,4,retinopatia_diabetica_proliferativa,train
327,APTOS_2019,188219f2d9c6.png,retinopatia_diabetica,0,sem_retinopatia_diabetica,train
328,APTOS_2019,188a9323be03.png,retinopatia_diabetica,2,retinopatia_diabetica_moderada,train
329,APTOS_2019,1891698febce.png,retinopatia_diabetica,0,sem_retinopatia_diabetica,train
330,APTOS_2019,189cbbc9e5e3.png,retinopatia_diabetica,0,sem_retinopatia_diabetica,train
331,APTOS_2019,18af532e7e1e.png,retinopatia_diabetica,2,retinopatia_diabetica_moderada,train
332,APTOS_2019,18b06f56ab27.png,retinopatia_diabetica,1,retinopatia_diabetica_leve,train
333,APTOS_2019,18b7e34eab8f.png,retinopatia_diabetica,0,sem_retinopatia_diabetica,train
334,APTOS_2019,18b99159a14f.png,retinopatia_diabetica,0,sem_retinopatia_diabetica,train
335,APTOS_2019,18cde9649e90.png,retinopatia_diabetica,0,sem_retinopatia_diabetica,train
336,APTOS_2019,18ce0cdc473d.png,retinopatia_diabetica,0,sem_retinopatia_diabetica,train
337,APTOS_2019,18d8fdb140b7.png,retinopatia_diabetica,2,retinopatia_diabetica_moderada,train
338,APTOS_2019,18f1f979d30d.png,retinopatia_diabetica,2,retinopatia_diabetica_moderada,train
339,APTOS_2019,190a309f2cc5.png,retinopatia_diabetica,0,sem_retinopatia_diabetica,train
340,APTOS_2019,19113e5f45ec.png,retinopatia_diabetica,2,retinopatia_diabetica_moderada,train
341,APTOS_2019,191348830ddf.png,retinopatia_diabetica,2,retinopatia_diabetica_moderada,train
342,APTOS_2019,191a711852bd.png,retinopatia_diabetica,3,retinopatia_diabetica_grave,train
343,APTOS_2019,191cf5668f33.png,retinopatia_diabetica,0,sem_retinopatia_diabetica,train
344,APTOS_2019,19244004583f.png,retinopatia_diabetica,3,retinopatia_diabetica_grave,train
345,APTOS_2019,1943983492e5.png,retinopatia_diabetica,2,retinopatia_diabetica_moderada,train
346,APTOS_2019,194814669fee.png,retinopatia_diabetica,1,retinopatia_diabetica_leve,train
347,APTOS_2019,19545647508e.png,retinopatia_diabetica,0,sem_retinopatia_diabetica,train
348,APTOS_2019,1968183f0e61.png,retinopatia_diabetica,2,retinopatia_diabetica_moderada,train
349,APTOS_2019,196e6a186452.png,retinopatia_diabetica,2,retinopatia_diabetica_moderada,train
350,APTOS_2019,19722bff5a09.png,retinopatia_diabetica,1,retinopatia_diabetica_leve,train
351,APTOS_2019,197af0de76e2.png,retinopatia_diabetica,0,sem_retinopatia_diabetica,train
352,APTOS_2019,19b0e3c734f5.png,retinopatia_diabetica,0,sem_retinopatia_diabetica,train
353,APTOS_2019,19e350c7c83c.png,retinopatia_diabetica,1,retinopatia_diabetica_leve,train
354,APTOS_2019,19ef4d292196.png,retinopatia_diabetica,4,retinopatia_diabetica_proliferativa,train
355,APTOS_2019,1a03a7970337.png,retinopatia_diabetica,1,retinopatia_diabetica_leve,train
356,APTOS_2019,1a0dbc6c0cda.png,retinopatia_diabetica,0,sem_retinopatia_diabetica,train
357,APTOS_2019,1a19f2ef4472.png,retinopatia_diabetica,0,sem_retinopatia_diabetica,train
358,APTOS_2019,1a1b4b2450ca.png,retinopatia_diabetica,2,retinopatia_diabetica_moderada,train
359,APTOS_2019,1a1e974a7dbf.png,retinopatia_diabetica,0,sem_retinopatia_diabetica,train
360,APTOS_2019,1a369baf9ee6.png,retinopatia_diabetica,2,retinopatia_diabetica_moderada,train
361,APTOS_2019,1a7e3356b39c.png,retinopatia_diabetica,4,retinopatia_diabetica_proliferativa,train
362,APTOS_2019,1a90fad9ffa2.png,retinopatia_diabetica,4,retinopatia_diabetica_proliferativa,train
363,APTOS_2019,1ab3f1c71a5f.png,retinopatia_diabetica,3,retinopatia_diabetica_grave,train
364,APTOS_2019,1ab8d3431ffc.png,retinopatia_diabetica,0,sem_retinopatia_diabetica,train
365,APTOS_2019,1ade1e949383.png,retinopatia_diabetica,2,retinopatia_diabetica_moderada,train
366,APTOS_2019,1ae3c58759fb.png,retinopatia_diabetica,0,sem_retinopatia_diabetica,train
367,APTOS_2019,1ae8c165fd53.png,retinopatia_diabetica,2,retinopatia_diabetica_moderada,train
368,APTOS_2019,1b329a127307.png,retinopatia_diabetica,1,retinopatia_diabetica_leve,train
369,APTOS_2019,1b32e1d775ea.png,retinopatia_diabetica,4,retinopatia_diabetica_proliferativa,train
370,APTOS_2019,1b3647865779.png,retinopatia_diabetica,0,sem_retinopatia_diabetica,train
371,APTOS_2019,1b398c0494d1.png,retinopatia_diabetica,0,sem_retinopatia_diabetica,train
372,APTOS_2019,1b4625877527.png,retinopatia_diabetica,2,retinopatia_diabetica_moderada,train
373,APTOS_2019,1b495ac025b7.png,retinopatia_diabetica,3,retinopatia_diabetica_grave,train
374,APTOS_2019,1b862fb6f65d.png,retinopatia_diabetica,0,sem_retinopatia_diabetica,train
375,APTOS_2019,1b8701231c8f.png,retinopatia_diabetica,0,sem_retinopatia_diabetica,train
376,APTOS_2019,1b8ad0afe9fb.png,retinopatia_diabetica,2,retinopatia_diabetica_moderada,train
377,APTOS_2019,1bb0ddfe753a.png,retinopatia_diabetica,1,retinopatia_diabetica_leve,train
378,APTOS_2019,1bea04b2bb2d.png,retinopatia_diabetica,2,retinopatia_diabetica_moderada,train
379,APTOS_2019,1bf30c84bbad.png,retinopatia_diabetica,4,retinopatia_diabetica_proliferativa,train
380,APTOS_2019,1c0cf251b426.png,retinopatia_diabetica,1,retinopatia_diabetica_leve,train
381,APTOS_2019,1c0e5dd1b14c.png,retinopatia_diabetica,2,retinopatia_diabetica_moderada,train
382,APTOS_2019,1c13a1483f4a.png,retinopatia_diabetica,0,sem_retinopatia_diabetica,train
383,APTOS_2019,1c3a6b4449e9.png,retinopatia_diabetica,1,retinopatia_diabetica_leve,train
384,APTOS_2019,1c47815f4a6b.png,retinopatia_diabetica,0,sem_retinopatia_diabetica,train
385,APTOS_2019,1c4d87baaffc.png,retinopatia_diabetica,2,retinopatia_diabetica_moderada,train
386,APTOS_2019,1c4f3aa4df06.png,retinopatia_diabetica,4,retinopatia_diabetica_proliferativa,train
387,APTOS_2019,1c578b72d7b3.png,retinopatia_diabetica,2,retinopatia_diabetica_moderada,train
388,APTOS_2019,1c5ad36fb799.png,retinopatia_diabetica,2,retinopatia_diabetica_moderada,train
389,APTOS_2019,1c5e6cdc7ee1.png,retinopatia_diabetica,2,retinopatia_diabetica_moderada,train
390,APTOS_2019,1c6d119c3d70.png,retinopatia_diabetica,2,retinopatia_diabetica_moderada,train
391,APTOS_2019,1c7a013eeba7.png,retinopatia_diabetica,0,sem_retinopatia_diabetica,train
392,APTOS_2019,1c9521878baf.png,retinopatia_diabetica,3,retinopatia_diabetica_grave,train
393,APTOS_2019,1c9c583c10bf.png,retinopatia_diabetica,0,sem_retinopatia_diabetica,train
394,APTOS_2019,1ca35d483772.png,retinopatia_diabetica,0,sem_retinopatia_diabetica,train
395,APTOS_2019,1ca62b3e4fd3.png,retinopatia_diabetica,0,sem_retinopatia_diabetica,train
396,APTOS_2019,1ca91751be4d.png,retinopatia_diabetica,0,sem_retinopatia_diabetica,train
397,APTOS_2019,1caba2fb38f6.png,retinopatia_diabetica,0,sem_retinopatia_diabetica,train
398,APTOS_2019,1cb6961d141c.png,retinopatia_diabetica,0,sem_retinopatia_diabetica,train
399,APTOS_2019,1cb814ed6332.png,retinopatia_diabetica,2,retinopatia_diabetica_moderada,train
400,APTOS_2019,1cc58b15f466.png,retinopatia_diabetica,0,sem_retinopatia_diabetica,train
401,APTOS_2019,1d0b93317aa8.png,retinopatia_diabetica,0,sem_retinopatia_diabetica,train
402,APTOS_2019,1d11794057ff.png,retinopatia_diabetica,1,retinopatia_diabetica_leve,train
403,APTOS_2019,1d14dd912671.png,retinopatia_diabetica,2,retinopatia_diabetica_moderada,train
404,APTOS_2019,1d2472849dce.png,retinopatia_diabetica,0,sem_retinopatia_diabetica,train
405,APTOS_2019,1d29cb2f4296.png,retinopatia_diabetica,0,sem_retinopatia_diabetica,train
406,APTOS_2019,1d37f1c8b6d8.png,retinopatia_diabetica,0,sem_retinopatia_diabetica,train
407,APTOS_2019,1d3e9b939732.png,retinopatia_diabetica,0,sem_retinopatia_diabetica,train
408,APTOS_2019,1d46f1326394.png,retinopatia_diabetica,0,sem_retinopatia_diabetica,train
409,APTOS_2019,1d55e689cf84.png,retinopatia_diabetica,2,retinopatia_diabetica_moderada,train
410,APTOS_2019,1d674e2e32e0.png,retinopatia_diabetica,1,retinopatia_diabetica_leve,train
411,APTOS_2019,1d74c4713e21.png,retinopatia_diabetica,0,sem_retinopatia_diabetica,train
412,APTOS_2019,1da25637859b.png,retinopatia_diabetica,2,retinopatia_diabetica_moderada,train
413,APTOS_2019,1da4a17c18c9.png,retinopatia_diabetica,0,sem_retinopatia_diabetica,train
414,APTOS_2019,1db0393cdbc1.png,retinopatia_diabetica,0,sem_retinopatia_diabetica,train
415,APTOS_2019,1db18bdd43aa.png,retinopatia_diabetica,2,retinopatia_diabetica_moderada,train
416,APTOS_2019,1db6bb46c102.png,retinopatia_diabetica,0,sem_retinopatia_diabetica,train
417,APTOS_2019,1dbdc32c17db.png,retinopatia_diabetica,2,retinopatia_diabetica_moderada,train
418,APTOS_2019,1dd9adcbfff4.png,retinopatia_diabetica,2,retinopatia_diabetica_moderada,train
419,APTOS_2019,1df0431bfa73.png,retinopatia_diabetica,0,sem_retinopatia_diabetica,train
420,APTOS_2019,1df0a4c23c95.png,retinopatia_diabetica,0,sem_retinopatia_diabetica,train
421,APTOS_2019,1df1530b9b8d.png,retinopatia_diabetica,0,sem_retinopatia_diabetica,train
422,APTOS_2019,1df3e03a8f5f.png,retinopatia_diabetica,1,retinopatia_diabetica_leve,train
423,APTOS_2019,1dfbede13143.png,retinopatia_diabetica,2,retinopatia_diabetica_moderada,train
424,APTOS_2019,1dfe599d12a9.png,retinopatia_diabetica,0,sem_retinopatia_diabetica,train
425,APTOS_2019,1e036f2e7095.png,retinopatia_diabetica,0,sem_retinopatia_diabetica,train
426,APTOS_2019,1e143fa3de57.png,retinopatia_diabetica,2,retinopatia_diabetica_moderada,train
427,APTOS_2019,1e1fb019710d.png,retinopatia_diabetica,2,retinopatia_diabetica_moderada,train
428,APTOS_2019,1e4650743fa2.png,retinopatia_diabetica,2,retinopatia_diabetica_moderada,train
429,APTOS_2019,1e4b3b823b95.png,retinopatia_diabetica,2,retinopatia_diabetica_moderada,train
430,APTOS_2019,1e742358e0b9.png,retinopatia_diabetica,0,sem_retinopatia_diabetica,train
431,APTOS_2019,1e7ccd4a1c87.png,retinopatia_diabetica,0,sem_retinopatia_diabetica,train
432,APTOS_2019,1e8a1fdee5b9.png,retinopatia_diabetica,1,retinopatia_diabetica_leve,train
433,APTOS_2019,1e8c31e29dd3.png,retinopatia_diabetica,0,sem_retinopatia_diabetica,train
434,APTOS_2019,1e9224ccca95.png,retinopatia_diabetica,4,retinopatia_diabetica_proliferativa,train
435,APTOS_2019,1ec95179cdfe.png,retinopatia_diabetica,0,sem_retinopatia_diabetica,train
436,APTOS_2019,1ee1eb7943db.png,retinopatia_diabetica,2,retinopatia_diabetica_moderada,train
437,APTOS_2019,1ee355480567.png,retinopatia_diabetica,0,sem_retinopatia_diabetica,train
438,APTOS_2019,1eee55494271.png,retinopatia_diabetica,0,sem_retinopatia_diabetica,train
439,APTOS_2019,1efa5d443707.png,retinopatia_diabetica,4,retinopatia_diabetica_proliferativa,train
440,APTOS_2019,1f07dae3cadb.png,retinopatia_diabetica,2,retinopatia_diabetica_moderada,train
441,APTOS_2019,1f0e223b8055.png,retinopatia_diabetica,2,retinopatia_diabetica_moderada,train
442,APTOS_2019,1f15ca672675.png,retinopatia_diabetica,0,sem_retinopatia_diabetica,train
443,APTOS_2019,1f31701dd61b.png,retinopatia_diabetica,0,sem_retinopatia_diabetica,train
444,APTOS_2019,1f3f32efaf20.png,retinopatia_diabetica,0,sem_retinopatia_diabetica,train
445,APTOS_2019,1f4bf8e28b41.png,retinopatia_diabetica,2,retinopatia_diabetica_moderada,train
446,APTOS_2019,1f4fb37e0854.png,retinopatia_diabetica,0,sem_retinopatia_diabetica,train
447,APTOS_2019,1f543a86c4d4.png,retinopatia_diabetica,2,retinopatia_diabetica_moderada,train
448,APTOS_2019,1f5496352859.png,retinopatia_diabetica,0,sem_retinopatia_diabetica,train
449,APTOS_2019,1f63d44d9e3c.png,retinopatia_diabetica,2,retinopatia_diabetica_moderada,train
450,APTOS_2019,1f9ccda4ddf2.png,retinopatia_diabetica,0,sem_retinopatia_diabetica,train
451,APTOS_2019,1faf8664816c.png,retinopatia_diabetica,0,sem_retinopatia_diabetica,train
452,APTOS_2019,1fb455685328.png,retinopatia_diabetica,0,sem_retinopatia_diabetica,train
453,APTOS_2019,1fd5d860d4d7.png,retinopatia_diabetica,4,retinopatia_diabetica_proliferativa,train
454,APTOS_2019,1fddd7c98fd2.png,retinopatia_diabetica,0,sem_retinopatia_diabetica,train
455,APTOS_2019,1ffaa51a6245.png,retinopatia_diabetica,2,retinopatia_diabetica_moderada,train
456,APTOS_2019,200d947f75db.png,retinopatia_diabetica,1,retinopatia_diabetica_leve,train
457,APTOS_2019,2017cd92c63d.png,retinopatia_diabetica,4,retinopatia_diabetica_proliferativa,train
458,APTOS_2019,201f6e10c108.png,retinopatia_diabetica,0,sem_retinopatia_diabetica,train
459,APTOS_2019,201f882365d3.png,retinopatia_diabetica,0,sem_retinopatia_diabetica,train
460,APTOS_2019,203275daf46d.png,retinopatia_diabetica,2,retinopatia_diabetica_moderada,train
461,APTOS_2019,20404ec7b518.png,retinopatia_diabetica,2,retinopatia_diabetica_moderada,train
462,APTOS_2019,20688cb25704.png,retinopatia_diabetica,2,retinopatia_diabetica_moderada,train
463,APTOS_2019,207a580de0ea.png,retinopatia_diabetica,2,retinopatia_diabetica_moderada,train
464,APTOS_2019,207dd0487264.png,retinopatia_diabetica,0,sem_retinopatia_diabetica,train
465,APTOS_2019,20c883d3bd38.png,retinopatia_diabetica,2,retinopatia_diabetica_moderada,train
466,APTOS_2019,20d5fdd450ae.png,retinopatia_diabetica,4,retinopatia_diabetica_proliferativa,train
467,APTOS_2019,20f86e068276.png,retinopatia_diabetica,0,sem_retinopatia_diabetica,train
468,APTOS_2019,21037f5c7790.png,retinopatia_diabetica,0,sem_retinopatia_diabetica,train
469,APTOS_2019,210bfe0127c6.png,retinopatia_diabetica,0,sem_retinopatia_diabetica,train
470,APTOS_2019,211518c46162.png,retinopatia_diabetica,4,retinopatia_diabetica_proliferativa,train
471,APTOS_2019,2131aa3a1e6f.png,retinopatia_diabetica,2,retinopatia_diabetica_moderada,train
472,APTOS_2019,215d2b7c3fde.png,retinopatia_diabetica,0,sem_retinopatia_diabetica,train
473,APTOS_2019,217dad18a5ed.png,retinopatia_diabetica,2,retinopatia_diabetica_moderada,train
474,APTOS_2019,218c822a3dd9.png,retinopatia_diabetica,0,sem_retinopatia_diabetica,train
475,APTOS_2019,21abd36095a1.png,retinopatia_diabetica,4,retinopatia_diabetica_proliferativa,train
476,APTOS_2019,21d18b022429.png,retinopatia_diabetica,4,retinopatia_diabetica_proliferativa,train
477,APTOS_2019,22098b1fe461.png,retinopatia_diabetica,1,retinopatia_diabetica_leve,train
478,APTOS_2019,2209daf71aab.png,retinopatia_diabetica,0,sem_retinopatia_diabetica,train
479,APTOS_2019,2221cf5c7935.png,retinopatia_diabetica,0,sem_retinopatia_diabetica,train
480,APTOS_2019,222d0ac042b4.png,retinopatia_diabetica,2,retinopatia_diabetica_moderada,train
481,APTOS_2019,222f3ee3a1e8.png,retinopatia_diabetica,4,retinopatia_diabetica_proliferativa,train
482,APTOS_2019,22325552a4e3.png,retinopatia_diabetica,1,retinopatia_diabetica_leve,train
483,APTOS_2019,2241b7e90782.png,retinopatia_diabetica,2,retinopatia_diabetica_moderada,train
484,APTOS_2019,22449af52060.png,retinopatia_diabetica,0,sem_retinopatia_diabetica,train
485,APTOS_2019,224bb938e2dd.png,retinopatia_diabetica,2,retinopatia_diabetica_moderada,train
486,APTOS_2019,224c14366e11.png,retinopatia_diabetica,0,sem_retinopatia_diabetica,train
487,APTOS_2019,226c6ceb9185.png,retinopatia_diabetica,0,sem_retinopatia_diabetica,train
488,APTOS_2019,22895c89792f.png,retinopatia_diabetica,4,retinopatia_diabetica_proliferativa,train
489,APTOS_2019,22a6da005395.png,retinopatia_diabetica,1,retinopatia_diabetica_leve,train
490,APTOS_2019,22ce8ef69357.png,retinopatia_diabetica,2,retinopatia_diabetica_moderada,train
491,APTOS_2019,22d843b2bbd1.png,retinopatia_diabetica,0,sem_retinopatia_diabetica,train
492,APTOS_2019,23148a40ecb0.png,retinopatia_diabetica,2,retinopatia_diabetica_moderada,train
493,APTOS_2019,23175b7ef453.png,retinopatia_diabetica,2,retinopatia_diabetica_moderada,train
494,APTOS_2019,232549883508.png,retinopatia_diabetica,2,retinopatia_diabetica_moderada,train
495,APTOS_2019,233d948e2544.png,retinopatia_diabetica,0,sem_retinopatia_diabetica,train
496,APTOS_2019,234399352d36.png,retinopatia_diabetica,2,retinopatia_diabetica_moderada,train
497,APTOS_2019,236f56771ec6.png,retinopatia_diabetica,2,retinopatia_diabetica_moderada,train
498,APTOS_2019,2376e5415458.png,retinopatia_diabetica,2,retinopatia_diabetica_moderada,train
499,APTOS_2019,237aa50edc34.png,retinopatia_diabetica,0,sem_retinopatia_diabetica,train
500,APTOS_2019,237c078d00fc.png,retinopatia_diabetica,3,retinopatia_diabetica_grave,train
501,APTOS_2019,2399d68d407f.png,retinopatia_diabetica,0,sem_retinopatia_diabetica,train
502,APTOS_2019,239f2c348ea4.png,retinopatia_diabetica,2,retinopatia_diabetica_moderada,train
503,APTOS_2019,23d7ca170bdb.png,retinopatia_diabetica,2,retinopatia_diabetica_moderada,train
504,APTOS_2019,23fca0693e2a.png,retinopatia_diabetica,2,retinopatia_diabetica_moderada,train
505,APTOS_2019,2408799a09b2.png,retinopatia_diabetica,0,sem_retinopatia_diabetica,train
506,APTOS_2019,240b25a7debe.png,retinopatia_diabetica,0,sem_retinopatia_diabetica,train
507,APTOS_2019,242fc19be06f.png,retinopatia_diabetica,0,sem_retinopatia_diabetica,train
508,APTOS_2019,2463bb04ebc3.png,retinopatia_diabetica,2,retinopatia_diabetica_moderada,train
509,APTOS_2019,246e4506824a.png,retinopatia_diabetica,2,retinopatia_diabetica_moderada,train
510,APTOS_2019,247ac63e5510.png,retinopatia_diabetica,4,retinopatia_diabetica_proliferativa,train
511,APTOS_2019,247e98aba610.png,retinopatia_diabetica,4,retinopatia_diabetica_proliferativa,train
512,APTOS_2019,248139c423c4.png,retinopatia_diabetica,1,retinopatia_diabetica_leve,train
513,APTOS_2019,248dec89b3a2.png,retinopatia_diabetica,0,sem_retinopatia_diabetica,train
514,APTOS_2019,24b87f744598.png,retinopatia_diabetica,3,retinopatia_diabetica_grave,train
515,APTOS_2019,24b943fe725e.png,retinopatia_diabetica,1,retinopatia_diabetica_leve,train
516,APTOS_2019,24de56d433cd.png,retinopatia_diabetica,0,sem_retinopatia_diabetica,train
517,APTOS_2019,24f271c87e73.png,retinopatia_diabetica,0,sem_retinopatia_diabetica,train
518,APTOS_2019,24f3e70f0419.png,retinopatia_diabetica,0,sem_retinopatia_diabetica,train
519,APTOS_2019,25002fe43f92.png,retinopatia_diabetica,2,retinopatia_diabetica_moderada,train
520,APTOS_2019,252305189b3a.png,retinopatia_diabetica,0,sem_retinopatia_diabetica,train
521,APTOS_2019,2532613a584a.png,retinopatia_diabetica,2,retinopatia_diabetica_moderada,train
522,APTOS_2019,253e96488cfb.png,retinopatia_diabetica,0,sem_retinopatia_diabetica,train
523,APTOS_2019,254052cf3e48.png,retinopatia_diabetica,4,retinopatia_diabetica_proliferativa,train
524,APTOS_2019,2585bbc91909.png,retinopatia_diabetica,0,sem_retinopatia_diabetica,train
525,APTOS_2019,259d30f693b6.png,retinopatia_diabetica,1,retinopatia_diabetica_leve,train
526,APTOS_2019,25a0a1e41afd.png,retinopatia_diabetica,0,sem_retinopatia_diabetica,train
527,APTOS_2019,25b0e72705a8.png,retinopatia_diabetica,3,retinopatia_diabetica_grave,train
528,APTOS_2019,25b4080f598b.png,retinopatia_diabetica,0,sem_retinopatia_diabetica,train
529,APTOS_2019,25d069089c5e.png,retinopatia_diabetica,4,retinopatia_diabetica_proliferativa,train
530,APTOS_2019,25dc1b41ed9c.png,retinopatia_diabetica,2,retinopatia_diabetica_moderada,train
531,APTOS_2019,25e9fd872182.png,retinopatia_diabetica,1,retinopatia_diabetica_leve,train
532,APTOS_2019,2608e1dac5b1.png,retinopatia_diabetica,2,retinopatia_diabetica_moderada,train
533,APTOS_2019,260a455692b5.png,retinopatia_diabetica,0,sem_retinopatia_diabetica,train
534,APTOS_2019,261c6bd63bff.png,retinopatia_diabetica,2,retinopatia_diabetica_moderada,train
535,APTOS_2019,2628305cbb29.png,retinopatia_diabetica,4,retinopatia_diabetica_proliferativa,train
536,APTOS_2019,262ad704319c.png,retinopatia_diabetica,4,retinopatia_diabetica_proliferativa,train
537,APTOS_2019,263d8851e33b.png,retinopatia_diabetica,0,sem_retinopatia_diabetica,train
538,APTOS_2019,26453eb7e989.png,retinopatia_diabetica,2,retinopatia_diabetica_moderada,train
539,APTOS_2019,26463a5fb949.png,retinopatia_diabetica,4,retinopatia_diabetica_proliferativa,train
540,APTOS_2019,2665f72e2dd3.png,retinopatia_diabetica,3,retinopatia_diabetica_grave,train
541,APTOS_2019,266fbefa58fb.png,retinopatia_diabetica,0,sem_retinopatia_diabetica,train
542,APTOS_2019,2682e6da9050.png,retinopatia_diabetica,0,sem_retinopatia_diabetica,train
543,APTOS_2019,26999ebc21de.png,retinopatia_diabetica,2,retinopatia_diabetica_moderada,train
544,APTOS_2019,269b44e628eb.png,retinopatia_diabetica,3,retinopatia_diabetica_grave,train
545,APTOS_2019,269f0792f11f.png,retinopatia_diabetica,2,retinopatia_diabetica_moderada,train
546,APTOS_2019,26cd40b57ad1.png,retinopatia_diabetica,0,sem_retinopatia_diabetica,train
547,APTOS_2019,26d60db3bbfd.png,retinopatia_diabetica,0,sem_retinopatia_diabetica,train
548,APTOS_2019,26d9576e8043.png,retinopatia_diabetica,0,sem_retinopatia_diabetica,train
549,APTOS_2019,26e231747848.png,retinopatia_diabetica,2,retinopatia_diabetica_moderada,train
550,APTOS_2019,26fc2358a38d.png,retinopatia_diabetica,0,sem_retinopatia_diabetica,train
551,APTOS_2019,2700754f71e9.png,retinopatia_diabetica,2,retinopatia_diabetica_moderada,train
552,APTOS_2019,272d9c043c81.png,retinopatia_diabetica,2,retinopatia_diabetica_moderada,train
553,APTOS_2019,2735be026d44.png,retinopatia_diabetica,2,retinopatia_diabetica_moderada,train
554,APTOS_2019,274f4de2a59d.png,retinopatia_diabetica,0,sem_retinopatia_diabetica,train
555,APTOS_2019,274f5029189b.png,retinopatia_diabetica,1,retinopatia_diabetica_leve,train
556,APTOS_2019,276b14f72328.png,retinopatia_diabetica,0,sem_retinopatia_diabetica,train
557,APTOS_2019,2776d70724d3.png,retinopatia_diabetica,2,retinopatia_diabetica_moderada,train
558,APTOS_2019,278aa860dffd.png,retinopatia_diabetica,1,retinopatia_diabetica_leve,train
559,APTOS_2019,27933cdbe0cc.png,retinopatia_diabetica,0,sem_retinopatia_diabetica,train
560,APTOS_2019,27b68863349f.png,retinopatia_diabetica,2,retinopatia_diabetica_moderada,train
561,APTOS_2019,27bab1432f61.png,retinopatia_diabetica,2,retinopatia_diabetica_moderada,train
562,APTOS_2019,27e2be850a99.png,retinopatia_diabetica,4,retinopatia_diabetica_proliferativa,train
563,APTOS_2019,27e4c800a449.png,retinopatia_diabetica,1,retinopatia_diabetica_leve,train
564,APTOS_2019,27f82ada84ac.png,retinopatia_diabetica,0,sem_retinopatia_diabetica,train
565,APTOS_2019,27fca9f12b3c.png,retinopatia_diabetica,2,retinopatia_diabetica_moderada,train
566,APTOS_2019,281d7b7c7676.png,retinopatia_diabetica,4,retinopatia_diabetica_proliferativa,train
567,APTOS_2019,2821998fc002.png,retinopatia_diabetica,0,sem_retinopatia_diabetica,train
568,APTOS_2019,282bc792d23a.png,retinopatia_diabetica,2,retinopatia_diabetica_moderada,train
569,APTOS_2019,283c3aeba594.png,retinopatia_diabetica,0,sem_retinopatia_diabetica,train
570,APTOS_2019,28503940d10b.png,retinopatia_diabetica,0,sem_retinopatia_diabetica,train
571,APTOS_2019,286e9981dd9b.png,retinopatia_diabetica,0,sem_retinopatia_diabetica,train
572,APTOS_2019,28751f290ba3.png,retinopatia_diabetica,0,sem_retinopatia_diabetica,train
573,APTOS_2019,28824d12d31d.png,retinopatia_diabetica,2,retinopatia_diabetica_moderada,train
574,APTOS_2019,289a47dcbb82.png,retinopatia_diabetica,0,sem_retinopatia_diabetica,train
575,APTOS_2019,28a4d00927b7.png,retinopatia_diabetica,2,retinopatia_diabetica_moderada,train
576,APTOS_2019,28dc010a0780.png,retinopatia_diabetica,0,sem_retinopatia_diabetica,train
577,APTOS_2019,28f73575e1f2.png,retinopatia_diabetica,0,sem_retinopatia_diabetica,train
578,APTOS_2019,28f93cad89c5.png,retinopatia_diabetica,2,retinopatia_diabetica_moderada,train
579,APTOS_2019,28f98cfe3858.png,retinopatia_diabetica,1,retinopatia_diabetica_leve,train
580,APTOS_2019,290ecdba359f.png,retinopatia_diabetica,2,retinopatia_diabetica_moderada,train
581,APTOS_2019,29192375ab1b.png,retinopatia_diabetica,0,sem_retinopatia_diabetica,train
582,APTOS_2019,291e2ff3d834.png,retinopatia_diabetica,2,retinopatia_diabetica_moderada,train
583,APTOS_2019,291f581d365e.png,retinopatia_diabetica,0,sem_retinopatia_diabetica,train
584,APTOS_2019,2923971566fe.png,retinopatia_diabetica,0,sem_retinopatia_diabetica,train
585,APTOS_2019,2927665214e1.png,retinopatia_diabetica,0,sem_retinopatia_diabetica,train
586,APTOS_2019,29580bed2f7d.png,retinopatia_diabetica,2,retinopatia_diabetica_moderada,train
587,APTOS_2019,295fdc964f6e.png,retinopatia_diabetica,2,retinopatia_diabetica_moderada,train
588,APTOS_2019,2967e578939f.png,retinopatia_diabetica,2,retinopatia_diabetica_moderada,train
589,APTOS_2019,2974c6ad1d58.png,retinopatia_diabetica,0,sem_retinopatia_diabetica,train
590,APTOS_2019,299086c6d1b5.png,retinopatia_diabetica,3,retinopatia_diabetica_grave,train
591,APTOS_2019,2994f17f58a5.png,retinopatia_diabetica,1,retinopatia_diabetica_leve,train
592,APTOS_2019,29a13e666266.png,retinopatia_diabetica,0,sem_retinopatia_diabetica,train
593,APTOS_2019,29b52f64d2db.png,retinopatia_diabetica,1,retinopatia_diabetica_leve,train
594,APTOS_2019,29bc0e721cfe.png,retinopatia_diabetica,4,retinopatia_diabetica_proliferativa,train
595,APTOS_2019,29d059522fa1.png,retinopatia_diabetica,0,sem_retinopatia_diabetica,train
596,APTOS_2019,29f44aea93a4.png,retinopatia_diabetica,2,retinopatia_diabetica_moderada,train
597,APTOS_2019,29f9e1ac9507.png,retinopatia_diabetica,0,sem_retinopatia_diabetica,train
598,APTOS_2019,2a08ed6bbcbc.png,retinopatia_diabetica,1,retinopatia_diabetica_leve,train
599,APTOS_2019,2a099b247b10.png,retinopatia_diabetica,2,retinopatia_diabetica_moderada,train
600,APTOS_2019,2a2274bcb00a.png,retinopatia_diabetica,0,sem_retinopatia_diabetica,train
601,APTOS_2019,2a2a6435f7f3.png,retinopatia_diabetica,0,sem_retinopatia_diabetica,train
602,APTOS_2019,2a3378bcfbcc.png,retinopatia_diabetica,2,retinopatia_diabetica_moderada,train
603,APTOS_2019,2a3a1ed1c285.png,retinopatia_diabetica,2,retinopatia_diabetica_moderada,train
604,APTOS_2019,2a4520f1f9a3.png,retinopatia_diabetica,0,sem_retinopatia_diabetica,train
605,APTOS_2019,2a47e5b21791.png,retinopatia_diabetica,2,retinopatia_diabetica_moderada,train
606,APTOS_2019,2a5a8b744f08.png,retinopatia_diabetica,2,retinopatia_diabetica_moderada,train
607,APTOS_2019,2a7373eeb352.png,retinopatia_diabetica,0,sem_retinopatia_diabetica,train
608,APTOS_2019,2a8a9e957a6c.png,retinopatia_diabetica,1,retinopatia_diabetica_leve,train
609,APTOS_2019,2a93334f663a.png,retinopatia_diabetica,0,sem_retinopatia_diabetica,train
610,APTOS_2019,2af1bf226f51.png,retinopatia_diabetica,2,retinopatia_diabetica_moderada,train
611,APTOS_2019,2b074afdf626.png,retinopatia_diabetica,2,retinopatia_diabetica_moderada,train
612,APTOS_2019,2b07790a2422.png,retinopatia_diabetica,2,retinopatia_diabetica_moderada,train
613,APTOS_2019,2b10f138e67d.png,retinopatia_diabetica,0,sem_retinopatia_diabetica,train
614,APTOS_2019,2b21d293fdf2.png,retinopatia_diabetica,2,retinopatia_diabetica_moderada,train
615,APTOS_2019,2b2f5a0f880d.png,retinopatia_diabetica,0,sem_retinopatia_diabetica,train
616,APTOS_2019,2b3a4a81d748.png,retinopatia_diabetica,0,sem_retinopatia_diabetica,train
617,APTOS_2019,2b48daf24be0.png,retinopatia_diabetica,3,retinopatia_diabetica_grave,train
618,APTOS_2019,2b4c7b5f1f1e.png,retinopatia_diabetica,0,sem_retinopatia_diabetica,train
619,APTOS_2019,2b5bb6d33959.png,retinopatia_diabetica,0,sem_retinopatia_diabetica,train
620,APTOS_2019,2b88cb6e31cd.png,retinopatia_diabetica,2,retinopatia_diabetica_moderada,train
621,APTOS_2019,2ba0b0d9bda2.png,retinopatia_diabetica,2,retinopatia_diabetica_moderada,train
622,APTOS_2019,2bb063318cf1.png,retinopatia_diabetica,3,retinopatia_diabetica_grave,train
623,APTOS_2019,2bb3c492d6d3.png,retinopatia_diabetica,0,sem_retinopatia_diabetica,train
624,APTOS_2019,2bbcfdc477db.png,retinopatia_diabetica,4,retinopatia_diabetica_proliferativa,train
625,APTOS_2019,2bbd1f99ecc3.png,retinopatia_diabetica,3,retinopatia_diabetica_grave,train
626,APTOS_2019,2bd4d4fbed5c.png,retinopatia_diabetica,2,retinopatia_diabetica_moderada,train
627,APTOS_2019,2c1d5be654dd.png,retinopatia_diabetica,2,retinopatia_diabetica_moderada,train
628,APTOS_2019,2c2aa057afc5.png,retinopatia_diabetica,2,retinopatia_diabetica_moderada,train
629,APTOS_2019,2c77bf969079.png,retinopatia_diabetica,0,sem_retinopatia_diabetica,train
630,APTOS_2019,2c8101f14723.png,retinopatia_diabetica,0,sem_retinopatia_diabetica,train
631,APTOS_2019,2c827005b8f8.png,retinopatia_diabetica,0,sem_retinopatia_diabetica,train
632,APTOS_2019,2c9dfc270f1b.png,retinopatia_diabetica,0,sem_retinopatia_diabetica,train
633,APTOS_2019,2cacdb0dffae.png,retinopatia_diabetica,0,sem_retinopatia_diabetica,train
634,APTOS_2019,2cbfc6182ba2.png,retinopatia_diabetica,2,retinopatia_diabetica_moderada,train
635,APTOS_2019,2cceb07ff706.png,retinopatia_diabetica,2,retinopatia_diabetica_moderada,train
636,APTOS_2019,2cdcc910778d.png,retinopatia_diabetica,0,sem_retinopatia_diabetica,train
637,APTOS_2019,2cef97083e6f.png,retinopatia_diabetica,2,retinopatia_diabetica_moderada,train
638,APTOS_2019,2cf18033da31.png,retinopatia_diabetica,0,sem_retinopatia_diabetica,train
639,APTOS_2019,2cfe8703f265.png,retinopatia_diabetica,0,sem_retinopatia_diabetica,train
640,APTOS_2019,2d04cead4d3a.png,retinopatia_diabetica,0,sem_retinopatia_diabetica,train
641,APTOS_2019,2d07162a13b1.png,retinopatia_diabetica,0,sem_retinopatia_diabetica,train
642,APTOS_2019,2d3f4094c08a.png,retinopatia_diabetica,0,sem_retinopatia_diabetica,train
643,APTOS_2019,2d552318eb07.png,retinopatia_diabetica,2,retinopatia_diabetica_moderada,train
644,APTOS_2019,2d558de2cabe.png,retinopatia_diabetica,0,sem_retinopatia_diabetica,train
645,APTOS_2019,2d7666b8884f.png,retinopatia_diabetica,1,retinopatia_diabetica_leve,train
646,APTOS_2019,2d870833c0c9.png,retinopatia_diabetica,2,retinopatia_diabetica_moderada,train
647,APTOS_2019,2d9d97a6e713.png,retinopatia_diabetica,1,retinopatia_diabetica_leve,train
648,APTOS_2019,2da82d14e1b7.png,retinopatia_diabetica,0,sem_retinopatia_diabetica,train
649,APTOS_2019,2db0cd3e30da.png,retinopatia_diabetica,0,sem_retinopatia_diabetica,train
650,APTOS_2019,2dc647e00ad3.png,retinopatia_diabetica,0,sem_retinopatia_diabetica,train
651,APTOS_2019,2dd28ac497d2.png,retinopatia_diabetica,0,sem_retinopatia_diabetica,train
652,APTOS_2019,2df07eb5779f.png,retinopatia_diabetica,4,retinopatia_diabetica_proliferativa,train
653,APTOS_2019,2e26762daed5.png,retinopatia_diabetica,2,retinopatia_diabetica_moderada,train
654,APTOS_2019,2e79041ef722.png,retinopatia_diabetica,2,retinopatia_diabetica_moderada,train
655,APTOS_2019,2eba4279e503.png,retinopatia_diabetica,0,sem_retinopatia_diabetica,train
656,APTOS_2019,2ecbc2e3f239.png,retinopatia_diabetica,1,retinopatia_diabetica_leve,train
657,APTOS_2019,2ef10194e80d.png,retinopatia_diabetica,0,sem_retinopatia_diabetica,train
658,APTOS_2019,2ef4a04aed1b.png,retinopatia_diabetica,0,sem_retinopatia_diabetica,train
659,APTOS_2019,2ef955d6d9ff.png,retinopatia_diabetica,0,sem_retinopatia_diabetica,train
660,APTOS_2019,2f143453bb71.png,retinopatia_diabetica,0,sem_retinopatia_diabetica,train
661,APTOS_2019,2f284b6a1940.png,retinopatia_diabetica,4,retinopatia_diabetica_proliferativa,train
662,APTOS_2019,2f2e1949ad56.png,retinopatia_diabetica,1,retinopatia_diabetica_leve,train
663,APTOS_2019,2f42e20db938.png,retinopatia_diabetica,3,retinopatia_diabetica_grave,train
664,APTOS_2019,2f4e81787d9b.png,retinopatia_diabetica,1,retinopatia_diabetica_leve,train
665,APTOS_2019,2f5c9cdfb333.png,retinopatia_diabetica,2,retinopatia_diabetica_moderada,train
666,APTOS_2019,2f7789c1e046.png,retinopatia_diabetica,4,retinopatia_diabetica_proliferativa,train
667,APTOS_2019,2f7fbdcc9a4b.png,retinopatia_diabetica,0,sem_retinopatia_diabetica,train
668,APTOS_2019,2f81ee5f2926.png,retinopatia_diabetica,0,sem_retinopatia_diabetica,train
669,APTOS_2019,2f8d14a7d390.png,retinopatia_diabetica,0,sem_retinopatia_diabetica,train
670,APTOS_2019,2f9b66784109.png,retinopatia_diabetica,2,retinopatia_diabetica_moderada,train
671,APTOS_2019,2fb3a8606a77.png,retinopatia_diabetica,2,retinopatia_diabetica_moderada,train
672,APTOS_2019,2fde69f20585.png,retinopatia_diabetica,4,retinopatia_diabetica_proliferativa,train
673,APTOS_2019,2fdfb80ea53c.png,retinopatia_diabetica,0,sem_retinopatia_diabetica,train
674,APTOS_2019,2fdffb6160a6.png,retinopatia_diabetica,2,retinopatia_diabetica_moderada,train
675,APTOS_2019,2fe06bedb2c4.png,retinopatia_diabetica,4,retinopatia_diabetica_proliferativa,train
676,APTOS_2019,2fefb720869a.png,retinopatia_diabetica,0,sem_retinopatia_diabetica,train
677,APTOS_2019,300305ce82d2.png,retinopatia_diabetica,2,retinopatia_diabetica_moderada,train
678,APTOS_2019,30263a7d5609.png,retinopatia_diabetica,0,sem_retinopatia_diabetica,train
679,APTOS_2019,302bcdb635ff.png,retinopatia_diabetica,2,retinopatia_diabetica_moderada,train
680,APTOS_2019,3044022c6969.png,retinopatia_diabetica,1,retinopatia_diabetica_leve,train
681,APTOS_2019,306c841af3fc.png,retinopatia_diabetica,0,sem_retinopatia_diabetica,train
682,APTOS_2019,3079490a4b9c.png,retinopatia_diabetica,0,sem_retinopatia_diabetica,train
683,APTOS_2019,308f7fce6f0d.png,retinopatia_diabetica,2,retinopatia_diabetica_moderada,train
684,APTOS_2019,30941b65348b.png,retinopatia_diabetica,1,retinopatia_diabetica_leve,train
685,APTOS_2019,30cab14951ac.png,retinopatia_diabetica,1,retinopatia_diabetica_leve,train
686,APTOS_2019,30db694bee42.png,retinopatia_diabetica,0,sem_retinopatia_diabetica,train
687,APTOS_2019,310c27067ac0.png,retinopatia_diabetica,2,retinopatia_diabetica_moderada,train
688,APTOS_2019,312694ea8e6a.png,retinopatia_diabetica,4,retinopatia_diabetica_proliferativa,train
689,APTOS_2019,3128eb593012.png,retinopatia_diabetica,2,retinopatia_diabetica_moderada,train
690,APTOS_2019,3132556f5352.png,retinopatia_diabetica,0,sem_retinopatia_diabetica,train
691,APTOS_2019,31360e44ac64.png,retinopatia_diabetica,0,sem_retinopatia_diabetica,train
692,APTOS_2019,31452ad8808c.png,retinopatia_diabetica,2,retinopatia_diabetica_moderada,train
693,APTOS_2019,314862758acf.png,retinopatia_diabetica,2,retinopatia_diabetica_moderada,train
694,APTOS_2019,315c1a0d87fd.png,retinopatia_diabetica,0,sem_retinopatia_diabetica,train
695,APTOS_2019,31616ff6b53b.png,retinopatia_diabetica,3,retinopatia_diabetica_grave,train
696,APTOS_2019,3178559fbf57.png,retinopatia_diabetica,0,sem_retinopatia_diabetica,train
697,APTOS_2019,318eb706a134.png,retinopatia_diabetica,0,sem_retinopatia_diabetica,train
698,APTOS_2019,31b5d6fb0256.png,retinopatia_diabetica,2,retinopatia_diabetica_moderada,train
699,APTOS_2019,31cb39681f6a.png,retinopatia_diabetica,1,retinopatia_diabetica_leve,train
700,APTOS_2019,3206171db5be.png,retinopatia_diabetica,4,retinopatia_diabetica_proliferativa,train
701,APTOS_2019,3218a6d8eb2c.png,retinopatia_diabetica,3,retinopatia_diabetica_grave,train
702,APTOS_2019,3232b34cbe99.png,retinopatia_diabetica,0,sem_retinopatia_diabetica,train
703,APTOS_2019,3246f07e65b4.png,retinopatia_diabetica,2,retinopatia_diabetica_moderada,train
704,APTOS_2019,3254e48c8aa0.png,retinopatia_diabetica,0,sem_retinopatia_diabetica,train
705,APTOS_2019,3286073a976e.png,retinopatia_diabetica,0,sem_retinopatia_diabetica,train
706,APTOS_2019,328d141ed3aa.png,retinopatia_diabetica,0,sem_retinopatia_diabetica,train
707,APTOS_2019,32a3eb37ff40.png,retinopatia_diabetica,2,retinopatia_diabetica_moderada,train
708,APTOS_2019,32d7d360d891.png,retinopatia_diabetica,0,sem_retinopatia_diabetica,train
709,APTOS_2019,32ed318235b8.png,retinopatia_diabetica,0,sem_retinopatia_diabetica,train
710,APTOS_2019,33105f9b3a04.png,retinopatia_diabetica,1,retinopatia_diabetica_leve,train
711,APTOS_2019,331121c65e88.png,retinopatia_diabetica,0,sem_retinopatia_diabetica,train
712,APTOS_2019,331b87d1b9d1.png,retinopatia_diabetica,2,retinopatia_diabetica_moderada,train
713,APTOS_2019,3323fd59782e.png,retinopatia_diabetica,0,sem_retinopatia_diabetica,train
714,APTOS_2019,3325b1fe55d2.png,retinopatia_diabetica,0,sem_retinopatia_diabetica,train
715,APTOS_2019,33596a635b53.png,retinopatia_diabetica,0,sem_retinopatia_diabetica,train
716,APTOS_2019,33778d136069.png,retinopatia_diabetica,3,retinopatia_diabetica_grave,train
717,APTOS_2019,338326891d84.png,retinopatia_diabetica,0,sem_retinopatia_diabetica,train
718,APTOS_2019,33b893e18eb3.png,retinopatia_diabetica,1,retinopatia_diabetica_leve,train
719,APTOS_2019,33b91def2035.png,retinopatia_diabetica,0,sem_retinopatia_diabetica,train
720,APTOS_2019,33b978734eab.png,retinopatia_diabetica,0,sem_retinopatia_diabetica,train
721,APTOS_2019,33d72035c27a.png,retinopatia_diabetica,0,sem_retinopatia_diabetica,train
722,APTOS_2019,33e7bf536fc5.png,retinopatia_diabetica,0,sem_retinopatia_diabetica,train
723,APTOS_2019,33e8e26a75d4.png,retinopatia_diabetica,2,retinopatia_diabetica_moderada,train
724,APTOS_2019,33ffddea8c6e.png,retinopatia_diabetica,1,retinopatia_diabetica_leve,train
725,APTOS_2019,3402124408ea.png,retinopatia_diabetica,2,retinopatia_diabetica_moderada,train
726,APTOS_2019,3428230bf1bd.png,retinopatia_diabetica,2,retinopatia_diabetica_moderada,train
727,APTOS_2019,342edf9b889d.png,retinopatia_diabetica,0,sem_retinopatia_diabetica,train
728,APTOS_2019,3435fd8675a2.png,retinopatia_diabetica,3,retinopatia_diabetica_grave,train
729,APTOS_2019,345b1f0abbba.png,retinopatia_diabetica,0,sem_retinopatia_diabetica,train
730,APTOS_2019,3461dc601cc2.png,retinopatia_diabetica,1,retinopatia_diabetica_leve,train
731,APTOS_2019,34723fae6475.png,retinopatia_diabetica,2,retinopatia_diabetica_moderada,train
732,APTOS_2019,348598d01e18.png,retinopatia_diabetica,0,sem_retinopatia_diabetica,train
733,APTOS_2019,3486f7096276.png,retinopatia_diabetica,0,sem_retinopatia_diabetica,train
734,APTOS_2019,349f3c0ac83e.png,retinopatia_diabetica,2,retinopatia_diabetica_moderada,train
735,APTOS_2019,34a7dbd3f05c.png,retinopatia_diabetica,0,sem_retinopatia_diabetica,train
736,APTOS_2019,34acae864963.png,retinopatia_diabetica,0,sem_retinopatia_diabetica,train
737,APTOS_2019,351e842842a2.png,retinopatia_diabetica,0,sem_retinopatia_diabetica,train
738,APTOS_2019,352e4a939242.png,retinopatia_diabetica,3,retinopatia_diabetica_grave,train
739,APTOS_2019,35362d43e753.png,retinopatia_diabetica,0,sem_retinopatia_diabetica,train
740,APTOS_2019,354b8911d6ed.png,retinopatia_diabetica,2,retinopatia_diabetica_moderada,train
741,APTOS_2019,356304d15a5c.png,retinopatia_diabetica,0,sem_retinopatia_diabetica,train
742,APTOS_2019,35777eb7859d.png,retinopatia_diabetica,0,sem_retinopatia_diabetica,train
743,APTOS_2019,357f02a779d7.png,retinopatia_diabetica,0,sem_retinopatia_diabetica,train
744,APTOS_2019,3580a545016d.png,retinopatia_diabetica,0,sem_retinopatia_diabetica,train
745,APTOS_2019,358d2224de73.png,retinopatia_diabetica,1,retinopatia_diabetica_leve,train
746,APTOS_2019,3599029efeb3.png,retinopatia_diabetica,0,sem_retinopatia_diabetica,train
747,APTOS_2019,359bab5d784b.png,retinopatia_diabetica,0,sem_retinopatia_diabetica,train
748,APTOS_2019,35aa7f5c2ec0.png,retinopatia_diabetica,1,retinopatia_diabetica_leve,train
749,APTOS_2019,35ac70c0d08f.png,retinopatia_diabetica,0,sem_retinopatia_diabetica,train
750,APTOS_2019,35beb47fe159.png,retinopatia_diabetica,0,sem_retinopatia_diabetica,train
751,APTOS_2019,35cd9832fc0a.png,retinopatia_diabetica,0,sem_retinopatia_diabetica,train
752,APTOS_2019,35d6c4c50072.png,retinopatia_diabetica,1,retinopatia_diabetica_leve,train
753,APTOS_2019,35df2bc6ae95.png,retinopatia_diabetica,0,sem_retinopatia_diabetica,train
754,APTOS_2019,3601dac9bed7.png,retinopatia_diabetica,0,sem_retinopatia_diabetica,train
755,APTOS_2019,36041171f441.png,retinopatia_diabetica,1,retinopatia_diabetica_leve,train
756,APTOS_2019,360832d84ce0.png,retinopatia_diabetica,0,sem_retinopatia_diabetica,train
757,APTOS_2019,362c4a96cebb.png,retinopatia_diabetica,2,retinopatia_diabetica_moderada,train
758,APTOS_2019,365f8c01d994.png,retinopatia_diabetica,1,retinopatia_diabetica_leve,train
759,APTOS_2019,36677b70b1ef.png,retinopatia_diabetica,1,retinopatia_diabetica_leve,train
760,APTOS_2019,367c7049929c.png,retinopatia_diabetica,2,retinopatia_diabetica_moderada,train
761,APTOS_2019,36865bbc64d6.png,retinopatia_diabetica,3,retinopatia_diabetica_grave,train
762,APTOS_2019,369229040a34.png,retinopatia_diabetica,0,sem_retinopatia_diabetica,train
763,APTOS_2019,3694e8c8e09a.png,retinopatia_diabetica,0,sem_retinopatia_diabetica,train
764,APTOS_2019,36a1e3c780a0.png,retinopatia_diabetica,2,retinopatia_diabetica_moderada,train
765,APTOS_2019,36b5b3c9fb32.png,retinopatia_diabetica,3,retinopatia_diabetica_grave,train
766,APTOS_2019,36e4b704b905.png,retinopatia_diabetica,0,sem_retinopatia_diabetica,train
767,APTOS_2019,36ec36c301c1.png,retinopatia_diabetica,2,retinopatia_diabetica_moderada,train
768,APTOS_2019,370f575adb23.png,retinopatia_diabetica,0,sem_retinopatia_diabetica,train
769,APTOS_2019,3710ff45299c.png,retinopatia_diabetica,0,sem_retinopatia_diabetica,train
770,APTOS_2019,3730c322d35b.png,retinopatia_diabetica,0,sem_retinopatia_diabetica,train
771,APTOS_2019,3732de8b416f.png,retinopatia_diabetica,0,sem_retinopatia_diabetica,train
772,APTOS_2019,374535e0adb8.png,retinopatia_diabetica,4,retinopatia_diabetica_proliferativa,train
773,APTOS_2019,3748349334f6.png,retinopatia_diabetica,2,retinopatia_diabetica_moderada,train
774,APTOS_2019,378963f9df22.png,retinopatia_diabetica,4,retinopatia_diabetica_proliferativa,train
775,APTOS_2019,3796af4d987a.png,retinopatia_diabetica,4,retinopatia_diabetica_proliferativa,train
776,APTOS_2019,37c4dfe03aba.png,retinopatia_diabetica,4,retinopatia_diabetica_proliferativa,train
777,APTOS_2019,37c523296d42.png,retinopatia_diabetica,0,sem_retinopatia_diabetica,train
778,APTOS_2019,37de05ef12a5.png,retinopatia_diabetica,2,retinopatia_diabetica_moderada,train
779,APTOS_2019,38055d8b9f08.png,retinopatia_diabetica,3,retinopatia_diabetica_grave,train
780,APTOS_2019,3810040096cb.png,retinopatia_diabetica,4,retinopatia_diabetica_proliferativa,train
781,APTOS_2019,3823acc4e464.png,retinopatia_diabetica,0,sem_retinopatia_diabetica,train
782,APTOS_2019,382752f6694a.png,retinopatia_diabetica,1,retinopatia_diabetica_leve,train
783,APTOS_2019,38373431d996.png,retinopatia_diabetica,0,sem_retinopatia_diabetica,train
784,APTOS_2019,383e72af1955.png,retinopatia_diabetica,3,retinopatia_diabetica_grave,train
785,APTOS_2019,384631079d1e.png,retinopatia_diabetica,1,retinopatia_diabetica_leve,train
786,APTOS_2019,38487e1a5b1f.png,retinopatia_diabetica,2,retinopatia_diabetica_moderada,train
787,APTOS_2019,384db24ebbd7.png,retinopatia_diabetica,0,sem_retinopatia_diabetica,train
788,APTOS_2019,384e6c915722.png,retinopatia_diabetica,0,sem_retinopatia_diabetica,train
789,APTOS_2019,387138ddf43d.png,retinopatia_diabetica,0,sem_retinopatia_diabetica,train
790,APTOS_2019,388279491b5d.png,retinopatia_diabetica,0,sem_retinopatia_diabetica,train
791,APTOS_2019,388f12e8df0b.png,retinopatia_diabetica,2,retinopatia_diabetica_moderada,train
792,APTOS_2019,389552047476.png,retinopatia_diabetica,0,sem_retinopatia_diabetica,train
793,APTOS_2019,38b9bb961847.png,retinopatia_diabetica,1,retinopatia_diabetica_leve,train
794,APTOS_2019,38c7153457e2.png,retinopatia_diabetica,0,sem_retinopatia_diabetica,train
795,APTOS_2019,38e0e28d35d3.png,retinopatia_diabetica,1,retinopatia_diabetica_leve,train
796,APTOS_2019,38e111cac46f.png,retinopatia_diabetica,2,retinopatia_diabetica_moderada,train
797,APTOS_2019,38f1901f214a.png,retinopatia_diabetica,0,sem_retinopatia_diabetica,train
798,APTOS_2019,38fe9f854046.png,retinopatia_diabetica,2,retinopatia_diabetica_moderada,train
799,APTOS_2019,3908b3cfd620.png,retinopatia_diabetica,0,sem_retinopatia_diabetica,train
800,APTOS_2019,39134907127a.png,retinopatia_diabetica,2,retinopatia_diabetica_moderada,train
801,APTOS_2019,393fa5a023a5.png,retinopatia_diabetica,0,sem_retinopatia_diabetica,train
802,APTOS_2019,39923b29988a.png,retinopatia_diabetica,2,retinopatia_diabetica_moderada,train
803,APTOS_2019,39aa3cd93c50.png,retinopatia_diabetica,3,retinopatia_diabetica_grave,train
804,APTOS_2019,39b5b05d6cd9.png,retinopatia_diabetica,2,retinopatia_diabetica_moderada,train
805,APTOS_2019,39f8935185e6.png,retinopatia_diabetica,0,sem_retinopatia_diabetica,train
806,APTOS_2019,39fd8ef3a45c.png,retinopatia_diabetica,0,sem_retinopatia_diabetica,train
807,APTOS_2019,3a122851e526.png,retinopatia_diabetica,2,retinopatia_diabetica_moderada,train
808,APTOS_2019,3a1d3ce00f0c.png,retinopatia_diabetica,2,retinopatia_diabetica_moderada,train
809,APTOS_2019,3a1ecf5e2839.png,retinopatia_diabetica,4,retinopatia_diabetica_proliferativa,train
810,APTOS_2019,3a4cfea0a766.png,retinopatia_diabetica,0,sem_retinopatia_diabetica,train
811,APTOS_2019,3a61e690f4bb.png,retinopatia_diabetica,2,retinopatia_diabetica_moderada,train
812,APTOS_2019,3a643599f852.png,retinopatia_diabetica,0,sem_retinopatia_diabetica,train
813,APTOS_2019,3a6e9730b298.png,retinopatia_diabetica,4,retinopatia_diabetica_proliferativa,train
814,APTOS_2019,3aa2b1ce6700.png,retinopatia_diabetica,2,retinopatia_diabetica_moderada,train
815,APTOS_2019,3abac0961bfd.png,retinopatia_diabetica,0,sem_retinopatia_diabetica,train
816,APTOS_2019,3ac3fbfca7d4.png,retinopatia_diabetica,4,retinopatia_diabetica_proliferativa,train
817,APTOS_2019,3ac92ac3d65a.png,retinopatia_diabetica,0,sem_retinopatia_diabetica,train
818,APTOS_2019,3af9aaa880e9.png,retinopatia_diabetica,0,sem_retinopatia_diabetica,train
819,APTOS_2019,3b018e8b7303.png,retinopatia_diabetica,3,retinopatia_diabetica_grave,train
820,APTOS_2019,3b0190bbe615.png,retinopatia_diabetica,0,sem_retinopatia_diabetica,train
821,APTOS_2019,3b10191dfd25.png,retinopatia_diabetica,0,sem_retinopatia_diabetica,train
822,APTOS_2019,3b185ac445d0.png,retinopatia_diabetica,4,retinopatia_diabetica_proliferativa,train
823,APTOS_2019,3b232b394e4f.png,retinopatia_diabetica,4,retinopatia_diabetica_proliferativa,train
824,APTOS_2019,3b2b91590590.png,retinopatia_diabetica,0,sem_retinopatia_diabetica,train
825,APTOS_2019,3b4a5fcbe5e0.png,retinopatia_diabetica,4,retinopatia_diabetica_proliferativa,train
826,APTOS_2019,3b58b02c89ed.png,retinopatia_diabetica,2,retinopatia_diabetica_moderada,train
827,APTOS_2019,3b5dffe159b6.png,retinopatia_diabetica,0,sem_retinopatia_diabetica,train
828,APTOS_2019,3b73a3a4a734.png,retinopatia_diabetica,1,retinopatia_diabetica_leve,train
829,APTOS_2019,3b9817a39adf.png,retinopatia_diabetica,0,sem_retinopatia_diabetica,train
830,APTOS_2019,3b9c1f42c2f2.png,retinopatia_diabetica,2,retinopatia_diabetica_moderada,train
831,APTOS_2019,3bf2deaa5ef0.png,retinopatia_diabetica,0,sem_retinopatia_diabetica,train
832,APTOS_2019,3bf3085ac167.png,retinopatia_diabetica,0,sem_retinopatia_diabetica,train
833,APTOS_2019,3c1efa38d0da.png,retinopatia_diabetica,2,retinopatia_diabetica_moderada,train
834,APTOS_2019,3c28fd846b43.png,retinopatia_diabetica,0,sem_retinopatia_diabetica,train
835,APTOS_2019,3c311c9109b0.png,retinopatia_diabetica,2,retinopatia_diabetica_moderada,train
836,APTOS_2019,3c326543fff6.png,retinopatia_diabetica,0,sem_retinopatia_diabetica,train
837,APTOS_2019,3c42512c81e0.png,retinopatia_diabetica,0,sem_retinopatia_diabetica,train
838,APTOS_2019,3c53198519f7.png,retinopatia_diabetica,2,retinopatia_diabetica_moderada,train
839,APTOS_2019,3c726de3ee90.png,retinopatia_diabetica,1,retinopatia_diabetica_leve,train
840,APTOS_2019,3c72f580d4ba.png,retinopatia_diabetica,1,retinopatia_diabetica_leve,train
841,APTOS_2019,3c78bfca247b.png,retinopatia_diabetica,4,retinopatia_diabetica_proliferativa,train
842,APTOS_2019,3c9529918097.png,retinopatia_diabetica,0,sem_retinopatia_diabetica,train
843,APTOS_2019,3ca12e02dd4e.png,retinopatia_diabetica,0,sem_retinopatia_diabetica,train
844,APTOS_2019,3ca637fddd56.png,retinopatia_diabetica,4,retinopatia_diabetica_proliferativa,train
845,APTOS_2019,3ca8be3b40d6.png,retinopatia_diabetica,0,sem_retinopatia_diabetica,train
846,APTOS_2019,3cab32dd6ef9.png,retinopatia_diabetica,0,sem_retinopatia_diabetica,train
847,APTOS_2019,3ccf96c1dd6d.png,retinopatia_diabetica,4,retinopatia_diabetica_proliferativa,train
848,APTOS_2019,3cd801ffdbf0.png,retinopatia_diabetica,2,retinopatia_diabetica_moderada,train
849,APTOS_2019,3cd9713c0ecb.png,retinopatia_diabetica,0,sem_retinopatia_diabetica,train
850,APTOS_2019,3cdda8b3df19.png,retinopatia_diabetica,2,retinopatia_diabetica_moderada,train
851,APTOS_2019,3cdef7c591cc.png,retinopatia_diabetica,0,sem_retinopatia_diabetica,train
852,APTOS_2019,3ce2f8a77a32.png,retinopatia_diabetica,0,sem_retinopatia_diabetica,train
853,APTOS_2019,3d2ecffe0386.png,retinopatia_diabetica,0,sem_retinopatia_diabetica,train
854,APTOS_2019,3d3e288d490e.png,retinopatia_diabetica,2,retinopatia_diabetica_moderada,train
855,APTOS_2019,3d663a6a50a3.png,retinopatia_diabetica,2,retinopatia_diabetica_moderada,train
856,APTOS_2019,3dbc90c7ee7d.png,retinopatia_diabetica,1,retinopatia_diabetica_leve,train
857,APTOS_2019,3dbfbc11e105.png,retinopatia_diabetica,2,retinopatia_diabetica_moderada,train
858,APTOS_2019,3ddb86eb530e.png,retinopatia_diabetica,2,retinopatia_diabetica_moderada,train
859,APTOS_2019,3de8ad4151e1.png,retinopatia_diabetica,1,retinopatia_diabetica_leve,train
860,APTOS_2019,3dec415b188a.png,retinopatia_diabetica,0,sem_retinopatia_diabetica,train
861,APTOS_2019,3dfc50108072.png,retinopatia_diabetica,2,retinopatia_diabetica_moderada,train
862,APTOS_2019,3e1f8fecb06f.png,retinopatia_diabetica,2,retinopatia_diabetica_moderada,train
863,APTOS_2019,3e3a3955b9c5.png,retinopatia_diabetica,3,retinopatia_diabetica_grave,train
864,APTOS_2019,3e61703b5ab2.png,retinopatia_diabetica,0,sem_retinopatia_diabetica,train
865,APTOS_2019,3e6bfc4d5c65.png,retinopatia_diabetica,2,retinopatia_diabetica_moderada,train
866,APTOS_2019,3e86335bc2fd.png,retinopatia_diabetica,2,retinopatia_diabetica_moderada,train
867,APTOS_2019,3ee17aa12e46.png,retinopatia_diabetica,1,retinopatia_diabetica_leve,train
868,APTOS_2019,3ee4841936ef.png,retinopatia_diabetica,4,retinopatia_diabetica_proliferativa,train
869,APTOS_2019,3f0d3629d69e.png,retinopatia_diabetica,0,sem_retinopatia_diabetica,train
870,APTOS_2019,3f3de2a6b0f5.png,retinopatia_diabetica,2,retinopatia_diabetica_moderada,train
871,APTOS_2019,3f44d749cd0b.png,retinopatia_diabetica,0,sem_retinopatia_diabetica,train
872,APTOS_2019,3f47f83217b5.png,retinopatia_diabetica,2,retinopatia_diabetica_moderada,train
873,APTOS_2019,3f49f8d100e9.png,retinopatia_diabetica,3,retinopatia_diabetica_grave,train
874,APTOS_2019,3f5b4c2948e8.png,retinopatia_diabetica,2,retinopatia_diabetica_moderada,train
875,APTOS_2019,3f6bccf21ce8.png,retinopatia_diabetica,0,sem_retinopatia_diabetica,train
876,APTOS_2019,3f6c627e2ff2.png,retinopatia_diabetica,0,sem_retinopatia_diabetica,train
877,APTOS_2019,3f73c91b7e32.png,retinopatia_diabetica,1,retinopatia_diabetica_leve,train
878,APTOS_2019,3f752fcccec0.png,retinopatia_diabetica,4,retinopatia_diabetica_proliferativa,train
879,APTOS_2019,3f82631e9080.png,retinopatia_diabetica,0,sem_retinopatia_diabetica,train
880,APTOS_2019,3f8d5c940ba4.png,retinopatia_diabetica,2,retinopatia_diabetica_moderada,train
881,APTOS_2019,3f98be586fe3.png,retinopatia_diabetica,0,sem_retinopatia_diabetica,train
882,APTOS_2019,3fa4f4d77177.png,retinopatia_diabetica,3,retinopatia_diabetica_grave,train
883,APTOS_2019,3fc219927a97.png,retinopatia_diabetica,2,retinopatia_diabetica_moderada,train
884,APTOS_2019,3fd45879afe6.png,retinopatia_diabetica,0,sem_retinopatia_diabetica,train
885,APTOS_2019,3fd7df6099e3.png,retinopatia_diabetica,2,retinopatia_diabetica_moderada,train
886,APTOS_2019,3fe282197c1c.png,retinopatia_diabetica,0,sem_retinopatia_diabetica,train
887,APTOS_2019,3ffa14d60b24.png,retinopatia_diabetica,2,retinopatia_diabetica_moderada,train
888,APTOS_2019,40140a925c43.png,retinopatia_diabetica,2,retinopatia_diabetica_moderada,train
889,APTOS_2019,401fdfd0db07.png,retinopatia_diabetica,0,sem_retinopatia_diabetica,train
890,APTOS_2019,4029d70e9d8a.png,retinopatia_diabetica,1,retinopatia_diabetica_leve,train
891,APTOS_2019,4036471a1bb7.png,retinopatia_diabetica,0,sem_retinopatia_diabetica,train
892,APTOS_2019,404ede327e98.png,retinopatia_diabetica,0,sem_retinopatia_diabetica,train
893,APTOS_2019,405085b53d7b.png,retinopatia_diabetica,0,sem_retinopatia_diabetica,train
894,APTOS_2019,40527a5e95dd.png,retinopatia_diabetica,2,retinopatia_diabetica_moderada,train
895,APTOS_2019,405b4f78658f.png,retinopatia_diabetica,3,retinopatia_diabetica_grave,train
896,APTOS_2019,408ea9d5e082.png,retinopatia_diabetica,4,retinopatia_diabetica_proliferativa,train
897,APTOS_2019,40c24aded50c.png,retinopatia_diabetica,0,sem_retinopatia_diabetica,train
898,APTOS_2019,40dd4e6e4444.png,retinopatia_diabetica,0,sem_retinopatia_diabetica,train
899,APTOS_2019,40e9b5630438.png,retinopatia_diabetica,1,retinopatia_diabetica_leve,train
900,APTOS_2019,41345cec5957.png,retinopatia_diabetica,0,sem_retinopatia_diabetica,train
901,APTOS_2019,4134b290f5f3.png,retinopatia_diabetica,0,sem_retinopatia_diabetica,train
902,APTOS_2019,4145dcb25053.png,retinopatia_diabetica,0,sem_retinopatia_diabetica,train
903,APTOS_2019,4158c340fa49.png,retinopatia_diabetica,0,sem_retinopatia_diabetica,train
904,APTOS_2019,415d5c5e785f.png,retinopatia_diabetica,0,sem_retinopatia_diabetica,train
905,APTOS_2019,415f2d2bd2a1.png,retinopatia_diabetica,0,sem_retinopatia_diabetica,train
906,APTOS_2019,417f408ee8e0.png,retinopatia_diabetica,2,retinopatia_diabetica_moderada,train
907,APTOS_2019,4189d4e631ec.png,retinopatia_diabetica,2,retinopatia_diabetica_moderada,train
908,APTOS_2019,419406328dcd.png,retinopatia_diabetica,2,retinopatia_diabetica_moderada,train
909,APTOS_2019,41960d5f58c2.png,retinopatia_diabetica,0,sem_retinopatia_diabetica,train
910,APTOS_2019,41ab357d103f.png,retinopatia_diabetica,0,sem_retinopatia_diabetica,train
911,APTOS_2019,4205e9deb058.png,retinopatia_diabetica,0,sem_retinopatia_diabetica,train
912,APTOS_2019,4210809074c1.png,retinopatia_diabetica,0,sem_retinopatia_diabetica,train
913,APTOS_2019,423abbaa5fad.png,retinopatia_diabetica,2,retinopatia_diabetica_moderada,train
914,APTOS_2019,4242c0d87f57.png,retinopatia_diabetica,2,retinopatia_diabetica_moderada,train
915,APTOS_2019,4246ed634f25.png,retinopatia_diabetica,2,retinopatia_diabetica_moderada,train
916,APTOS_2019,4276b82e4489.png,retinopatia_diabetica,0,sem_retinopatia_diabetica,train
917,APTOS_2019,4289af3afbd2.png,retinopatia_diabetica,2,retinopatia_diabetica_moderada,train
918,APTOS_2019,4294a14c656a.png,retinopatia_diabetica,3,retinopatia_diabetica_grave,train
919,APTOS_2019,42985aa2e32f.png,retinopatia_diabetica,0,sem_retinopatia_diabetica,train
920,APTOS_2019,42a67337fa8e.png,retinopatia_diabetica,2,retinopatia_diabetica_moderada,train
921,APTOS_2019,42a850acd2ac.png,retinopatia_diabetica,2,retinopatia_diabetica_moderada,train
922,APTOS_2019,42af7282349b.png,retinopatia_diabetica,0,sem_retinopatia_diabetica,train
923,APTOS_2019,42b08dca9b2f.png,retinopatia_diabetica,2,retinopatia_diabetica_moderada,train
924,APTOS_2019,42b93b574f23.png,retinopatia_diabetica,2,retinopatia_diabetica_moderada,train
925,APTOS_2019,42b9c1977681.png,retinopatia_diabetica,0,sem_retinopatia_diabetica,train
926,APTOS_2019,42c65af5ab16.png,retinopatia_diabetica,0,sem_retinopatia_diabetica,train
927,APTOS_2019,42cc993f23a9.png,retinopatia_diabetica,3,retinopatia_diabetica_grave,train
928,APTOS_2019,4318b6adeb97.png,retinopatia_diabetica,0,sem_retinopatia_diabetica,train
929,APTOS_2019,4350a1b2f3cb.png,retinopatia_diabetica,0,sem_retinopatia_diabetica,train
930,APTOS_2019,435414ccccf7.png,retinopatia_diabetica,0,sem_retinopatia_diabetica,train
931,APTOS_2019,435d900fa7b2.png,retinopatia_diabetica,2,retinopatia_diabetica_moderada,train
932,APTOS_2019,4360a112db10.png,retinopatia_diabetica,3,retinopatia_diabetica_grave,train
933,APTOS_2019,436e1793d240.png,retinopatia_diabetica,2,retinopatia_diabetica_moderada,train
934,APTOS_2019,436e7a7af761.png,retinopatia_diabetica,0,sem_retinopatia_diabetica,train
935,APTOS_2019,436fa3fd145a.png,retinopatia_diabetica,0,sem_retinopatia_diabetica,train
936,APTOS_2019,437900a99871.png,retinopatia_diabetica,2,retinopatia_diabetica_moderada,train
937,APTOS_2019,437cbec4a3f8.png,retinopatia_diabetica,2,retinopatia_diabetica_moderada,train
938,APTOS_2019,43823561c3f0.png,retinopatia_diabetica,0,sem_retinopatia_diabetica,train
939,APTOS_2019,4384fa687afa.png,retinopatia_diabetica,2,retinopatia_diabetica_moderada,train
940,APTOS_2019,4393c5bc576a.png,retinopatia_diabetica,1,retinopatia_diabetica_leve,train
941,APTOS_2019,43bc7c066dfb.png,retinopatia_diabetica,0,sem_retinopatia_diabetica,train
942,APTOS_2019,43ddd0ab0cc4.png,retinopatia_diabetica,2,retinopatia_diabetica_moderada,train
943,APTOS_2019,43e9c66eb0f3.png,retinopatia_diabetica,0,sem_retinopatia_diabetica,train
944,APTOS_2019,43f22d1be8dd.png,retinopatia_diabetica,0,sem_retinopatia_diabetica,train
945,APTOS_2019,43fb6eda9b97.png,retinopatia_diabetica,2,retinopatia_diabetica_moderada,train
946,APTOS_2019,4403538fb50f.png,retinopatia_diabetica,0,sem_retinopatia_diabetica,train
947,APTOS_2019,4409965eb2a4.png,retinopatia_diabetica,0,sem_retinopatia_diabetica,train
948,APTOS_2019,441117562359.png,retinopatia_diabetica,2,retinopatia_diabetica_moderada,train
949,APTOS_2019,441848e0f308.png,retinopatia_diabetica,0,sem_retinopatia_diabetica,train
950,APTOS_2019,441affbe99aa.png,retinopatia_diabetica,2,retinopatia_diabetica_moderada,train
951,APTOS_2019,44271f3cb18f.png,retinopatia_diabetica,0,sem_retinopatia_diabetica,train
952,APTOS_2019,445a8a6da55c.png,retinopatia_diabetica,0,sem_retinopatia_diabetica,train
953,APTOS_2019,4462fba1d2a1.png,retinopatia_diabetica,4,retinopatia_diabetica_proliferativa,train
954,APTOS_2019,4464bb62bf20.png,retinopatia_diabetica,0,sem_retinopatia_diabetica,train
955,APTOS_2019,4478b870e549.png,retinopatia_diabetica,2,retinopatia_diabetica_moderada,train
956,APTOS_2019,44855f666225.png,retinopatia_diabetica,2,retinopatia_diabetica_moderada,train
957,APTOS_2019,44878f34e31f.png,retinopatia_diabetica,0,sem_retinopatia_diabetica,train
958,APTOS_2019,4489d421e5aa.png,retinopatia_diabetica,2,retinopatia_diabetica_moderada,train
959,APTOS_2019,44976c3b11a6.png,retinopatia_diabetica,0,sem_retinopatia_diabetica,train
960,APTOS_2019,44a4d04162cc.png,retinopatia_diabetica,0,sem_retinopatia_diabetica,train
961,APTOS_2019,44a86263117b.png,retinopatia_diabetica,0,sem_retinopatia_diabetica,train
962,APTOS_2019,44c869174e3a.png,retinopatia_diabetica,2,retinopatia_diabetica_moderada,train
963,APTOS_2019,44e0d56e9d42.png,retinopatia_diabetica,2,retinopatia_diabetica_moderada,train
964,APTOS_2019,44e951e45dca.png,retinopatia_diabetica,2,retinopatia_diabetica_moderada,train
965,APTOS_2019,44ecf3f4efa5.png,retinopatia_diabetica,4,retinopatia_diabetica_proliferativa,train
966,APTOS_2019,44f4ae58990e.png,retinopatia_diabetica,2,retinopatia_diabetica_moderada,train
967,APTOS_2019,44f7f3ef9d50.png,retinopatia_diabetica,0,sem_retinopatia_diabetica,train
968,APTOS_2019,4528fbbd43a3.png,retinopatia_diabetica,0,sem_retinopatia_diabetica,train
969,APTOS_2019,45369821d6a3.png,retinopatia_diabetica,0,sem_retinopatia_diabetica,train
970,APTOS_2019,453a1e2754b2.png,retinopatia_diabetica,2,retinopatia_diabetica_moderada,train
971,APTOS_2019,453d553b0a94.png,retinopatia_diabetica,2,retinopatia_diabetica_moderada,train
972,APTOS_2019,454792eb6e05.png,retinopatia_diabetica,0,sem_retinopatia_diabetica,train
973,APTOS_2019,454a944eb557.png,retinopatia_diabetica,0,sem_retinopatia_diabetica,train
974,APTOS_2019,4554062fa836.png,retinopatia_diabetica,0,sem_retinopatia_diabetica,train
975,APTOS_2019,45693d027798.png,retinopatia_diabetica,0,sem_retinopatia_diabetica,train
976,APTOS_2019,457c7c927e27.png,retinopatia_diabetica,3,retinopatia_diabetica_grave,train
977,APTOS_2019,45ae04cfde5d.png,retinopatia_diabetica,2,retinopatia_diabetica_moderada,train
978,APTOS_2019,45c39ab9e797.png,retinopatia_diabetica,2,retinopatia_diabetica_moderada,train
979,APTOS_2019,45e4b7eada54.png,retinopatia_diabetica,1,retinopatia_diabetica_leve,train
980,APTOS_2019,460893cd86e3.png,retinopatia_diabetica,2,retinopatia_diabetica_moderada,train
981,APTOS_2019,461fa5292fda.png,retinopatia_diabetica,0,sem_retinopatia_diabetica,train
982,APTOS_2019,462937ece243.png,retinopatia_diabetica,0,sem_retinopatia_diabetica,train
983,APTOS_2019,465c618f7b23.png,retinopatia_diabetica,2,retinopatia_diabetica_moderada,train
984,APTOS_2019,4661006f3ba6.png,retinopatia_diabetica,1,retinopatia_diabetica_leve,train
985,APTOS_2019,467b7d9d811c.png,retinopatia_diabetica,2,retinopatia_diabetica_moderada,train
986,APTOS_2019,4689b739d240.png,retinopatia_diabetica,4,retinopatia_diabetica_proliferativa,train
987,APTOS_2019,46923eea9a4e.png,retinopatia_diabetica,2,retinopatia_diabetica_moderada,train
988,APTOS_2019,46acc506fa61.png,retinopatia_diabetica,0,sem_retinopatia_diabetica,train
989,APTOS_2019,46c1548d730e.png,retinopatia_diabetica,2,retinopatia_diabetica_moderada,train
990,APTOS_2019,46cdc8b685bd.png,retinopatia_diabetica,4,retinopatia_diabetica_proliferativa,train
991,APTOS_2019,46d3316c4857.png,retinopatia_diabetica,4,retinopatia_diabetica_proliferativa,train
992,APTOS_2019,46f56c38051f.png,retinopatia_diabetica,2,retinopatia_diabetica_moderada,train
993,APTOS_2019,4704dbb59536.png,retinopatia_diabetica,0,sem_retinopatia_diabetica,train
994,APTOS_2019,4731e708ede3.png,retinopatia_diabetica,0,sem_retinopatia_diabetica,train
995,APTOS_2019,475300735b7f.png,retinopatia_diabetica,0,sem_retinopatia_diabetica,train
996,APTOS_2019,47536db39f00.png,retinopatia_diabetica,0,sem_retinopatia_diabetica,train
997,APTOS_2019,475c7ded0f7a.png,retinopatia_diabetica,2,retinopatia_diabetica_moderada,train
998,APTOS_2019,478fc46eaa49.png,retinopatia_diabetica,0,sem_retinopatia_diabetica,train
999,APTOS_2019,47b756014447.png,retinopatia_diabetica,2,retinopatia_diabetica_moderada,train
1000,APTOS_2019,47d1603a555b.png,retinopatia_diabetica,1,retinopatia_diabetica_leve,train
1001,APTOS_2019,47e51065b819.png,retinopatia_diabetica,2,retinopatia_diabetica_moderada,train
1002,APTOS_2019,4818672273af.png,retinopatia_diabetica,2,retinopatia_diabetica_moderada,train
1003,APTOS_2019,482088e6be44.png,retinopatia_diabetica,0,sem_retinopatia_diabetica,train
1004,APTOS_2019,4826d10030b3.png,retinopatia_diabetica,0,sem_retinopatia_diabetica,train
1005,APTOS_2019,484dbeb9bf2a.png,retinopatia_diabetica,0,sem_retinopatia_diabetica,train
1006,APTOS_2019,48543037d0b3.png,retinopatia_diabetica,2,retinopatia_diabetica_moderada,train
1007,APTOS_2019,4860f7813654.png,retinopatia_diabetica,0,sem_retinopatia_diabetica,train
1008,APTOS_2019,486e852a3b4d.png,retinopatia_diabetica,0,sem_retinopatia_diabetica,train
1009,APTOS_2019,48a45619d1a3.png,retinopatia_diabetica,0,sem_retinopatia_diabetica,train
1010,APTOS_2019,48afe8c47454.png,retinopatia_diabetica,2,retinopatia_diabetica_moderada,train
1011,APTOS_2019,48c49f662f7d.png,retinopatia_diabetica,2,retinopatia_diabetica_moderada,train
1012,APTOS_2019,48c72dec46e5.png,retinopatia_diabetica,2,retinopatia_diabetica_moderada,train
1013,APTOS_2019,48fda42bd5d4.png,retinopatia_diabetica,2,retinopatia_diabetica_moderada,train
1014,APTOS_2019,4926dea289f8.png,retinopatia_diabetica,0,sem_retinopatia_diabetica,train
1015,APTOS_2019,4927945ecfed.png,retinopatia_diabetica,0,sem_retinopatia_diabetica,train
1016,APTOS_2019,49386d603494.png,retinopatia_diabetica,1,retinopatia_diabetica_leve,train
1017,APTOS_2019,493d99f030e2.png,retinopatia_diabetica,0,sem_retinopatia_diabetica,train
1018,APTOS_2019,49419f8d5cb4.png,retinopatia_diabetica,2,retinopatia_diabetica_moderada,train
1019,APTOS_2019,494fc9c745a3.png,retinopatia_diabetica,1,retinopatia_diabetica_leve,train
1020,APTOS_2019,495106ae3b68.png,retinopatia_diabetica,0,sem_retinopatia_diabetica,train
1021,APTOS_2019,495255c7492f.png,retinopatia_diabetica,1,retinopatia_diabetica_leve,train
1022,APTOS_2019,4958bfcc9f38.png,retinopatia_diabetica,0,sem_retinopatia_diabetica,train
1023,APTOS_2019,496155f71d0a.png,retinopatia_diabetica,0,sem_retinopatia_diabetica,train
1024,APTOS_2019,4982378d72f9.png,retinopatia_diabetica,0,sem_retinopatia_diabetica,train
1025,APTOS_2019,498f143c0374.png,retinopatia_diabetica,3,retinopatia_diabetica_grave,train
1026,APTOS_2019,499c8df39222.png,retinopatia_diabetica,4,retinopatia_diabetica_proliferativa,train
1027,APTOS_2019,49a4765f8822.png,retinopatia_diabetica,2,retinopatia_diabetica_moderada,train
1028,APTOS_2019,49c5e7f6b8d2.png,retinopatia_diabetica,1,retinopatia_diabetica_leve,train
1029,APTOS_2019,49d69c4c6290.png,retinopatia_diabetica,2,retinopatia_diabetica_moderada,train
1030,APTOS_2019,49e4b95ee2dc.png,retinopatia_diabetica,0,sem_retinopatia_diabetica,train
1031,APTOS_2019,49eb73968c44.png,retinopatia_diabetica,0,sem_retinopatia_diabetica,train
1032,APTOS_2019,4a05f81b3aba.png,retinopatia_diabetica,0,sem_retinopatia_diabetica,train
1033,APTOS_2019,4a0890b08532.png,retinopatia_diabetica,2,retinopatia_diabetica_moderada,train
1034,APTOS_2019,4a0bba3b7d83.png,retinopatia_diabetica,2,retinopatia_diabetica_moderada,train
1035,APTOS_2019,4a1afe4044f4.png,retinopatia_diabetica,0,sem_retinopatia_diabetica,train
1036,APTOS_2019,4a213b405ee4.png,retinopatia_diabetica,1,retinopatia_diabetica_leve,train
1037,APTOS_2019,4a3da369b227.png,retinopatia_diabetica,4,retinopatia_diabetica_proliferativa,train
1038,APTOS_2019,4a44cc840ebe.png,retinopatia_diabetica,2,retinopatia_diabetica_moderada,train
1039,APTOS_2019,4a4cb731f91a.png,retinopatia_diabetica,0,sem_retinopatia_diabetica,train
1040,APTOS_2019,4a558a1cd243.png,retinopatia_diabetica,2,retinopatia_diabetica_moderada,train
1041,APTOS_2019,4a589edaea60.png,retinopatia_diabetica,0,sem_retinopatia_diabetica,train
1042,APTOS_2019,4a5a6efc0bef.png,retinopatia_diabetica,0,sem_retinopatia_diabetica,train
1043,APTOS_2019,4a693dd3921a.png,retinopatia_diabetica,4,retinopatia_diabetica_proliferativa,train
1044,APTOS_2019,4a7dc013e802.png,retinopatia_diabetica,4,retinopatia_diabetica_proliferativa,train
1045,APTOS_2019,4a96c28f3f07.png,retinopatia_diabetica,0,sem_retinopatia_diabetica,train
1046,APTOS_2019,4aa07d720638.png,retinopatia_diabetica,1,retinopatia_diabetica_leve,train
1047,APTOS_2019,4aa3d771c5e4.png,retinopatia_diabetica,0,sem_retinopatia_diabetica,train
1048,APTOS_2019,4ab8c0cece7f.png,retinopatia_diabetica,0,sem_retinopatia_diabetica,train
1049,APTOS_2019,4abca30b676b.png,retinopatia_diabetica,4,retinopatia_diabetica_proliferativa,train
1050,APTOS_2019,4ad6109706e8.png,retinopatia_diabetica,2,retinopatia_diabetica_moderada,train
1051,APTOS_2019,4ad8d3ec8789.png,retinopatia_diabetica,0,sem_retinopatia_diabetica,train
1052,APTOS_2019,4b1001050f1d.png,retinopatia_diabetica,2,retinopatia_diabetica_moderada,train
1053,APTOS_2019,4b237b958555.png,retinopatia_diabetica,0,sem_retinopatia_diabetica,train
1054,APTOS_2019,4b422b48d0d4.png,retinopatia_diabetica,2,retinopatia_diabetica_moderada,train
1055,APTOS_2019,4b5ffea77373.png,retinopatia_diabetica,2,retinopatia_diabetica_moderada,train
1056,APTOS_2019,4b618537d52f.png,retinopatia_diabetica,3,retinopatia_diabetica_grave,train
1057,APTOS_2019,4b6895d0cf8d.png,retinopatia_diabetica,0,sem_retinopatia_diabetica,train
1058,APTOS_2019,4b6cb0bcfd44.png,retinopatia_diabetica,0,sem_retinopatia_diabetica,train
1059,APTOS_2019,4bcee3cbe232.png,retinopatia_diabetica,0,sem_retinopatia_diabetica,train
1060,APTOS_2019,4bd5d0b30198.png,retinopatia_diabetica,0,sem_retinopatia_diabetica,train
1061,APTOS_2019,4bd941611343.png,retinopatia_diabetica,4,retinopatia_diabetica_proliferativa,train
1062,APTOS_2019,4beeca5cc859.png,retinopatia_diabetica,0,sem_retinopatia_diabetica,train
1063,APTOS_2019,4c129470cec4.png,retinopatia_diabetica,1,retinopatia_diabetica_leve,train
1064,APTOS_2019,4c17e85686f0.png,retinopatia_diabetica,0,sem_retinopatia_diabetica,train
1065,APTOS_2019,4c389d033cb0.png,retinopatia_diabetica,0,sem_retinopatia_diabetica,train
1066,APTOS_2019,4c3c1ed09771.png,retinopatia_diabetica,1,retinopatia_diabetica_leve,train
1067,APTOS_2019,4c52922f3bfd.png,retinopatia_diabetica,2,retinopatia_diabetica_moderada,train
1068,APTOS_2019,4c53cc97ea13.png,retinopatia_diabetica,0,sem_retinopatia_diabetica,train
1069,APTOS_2019,4c570172778b.png,retinopatia_diabetica,3,retinopatia_diabetica_grave,train
1070,APTOS_2019,4c5ab774a381.png,retinopatia_diabetica,0,sem_retinopatia_diabetica,train
1071,APTOS_2019,4c60b10a3a6a.png,retinopatia_diabetica,3,retinopatia_diabetica_grave,train
1072,APTOS_2019,4c60f6fcea75.png,retinopatia_diabetica,0,sem_retinopatia_diabetica,train
1073,APTOS_2019,4c635a01593d.png,retinopatia_diabetica,0,sem_retinopatia_diabetica,train
1074,APTOS_2019,4c6c5a1bf5ab.png,retinopatia_diabetica,0,sem_retinopatia_diabetica,train
1075,APTOS_2019,4c78d9d18da9.png,retinopatia_diabetica,2,retinopatia_diabetica_moderada,train
1076,APTOS_2019,4c9f0fdaaef7.png,retinopatia_diabetica,3,retinopatia_diabetica_grave,train
1077,APTOS_2019,4cae247d9909.png,retinopatia_diabetica,1,retinopatia_diabetica_leve,train
1078,APTOS_2019,4ccee4db09b6.png,retinopatia_diabetica,0,sem_retinopatia_diabetica,train
1079,APTOS_2019,4ccfa0b4e96c.png,retinopatia_diabetica,4,retinopatia_diabetica_proliferativa,train
1080,APTOS_2019,4cddfc22b0ad.png,retinopatia_diabetica,0,sem_retinopatia_diabetica,train
1081,APTOS_2019,4cde86044ad1.png,retinopatia_diabetica,0,sem_retinopatia_diabetica,train
1082,APTOS_2019,4ce74e5eb51d.png,retinopatia_diabetica,2,retinopatia_diabetica_moderada,train
1083,APTOS_2019,4cf4d528c08e.png,retinopatia_diabetica,0,sem_retinopatia_diabetica,train
1084,APTOS_2019,4cfd22ae43d4.png,retinopatia_diabetica,0,sem_retinopatia_diabetica,train
1085,APTOS_2019,4d009cebabc9.png,retinopatia_diabetica,2,retinopatia_diabetica_moderada,train
1086,APTOS_2019,4d167ca69ea8.png,retinopatia_diabetica,0,sem_retinopatia_diabetica,train
1087,APTOS_2019,4d17559ac1e2.png,retinopatia_diabetica,0,sem_retinopatia_diabetica,train
1088,APTOS_2019,4d1cf360b2d7.png,retinopatia_diabetica,2,retinopatia_diabetica_moderada,train
1089,APTOS_2019,4d1e7def7624.png,retinopatia_diabetica,0,sem_retinopatia_diabetica,train
1090,APTOS_2019,4d21ce39c905.png,retinopatia_diabetica,2,retinopatia_diabetica_moderada,train
1091,APTOS_2019,4d3de40ced3a.png,retinopatia_diabetica,0,sem_retinopatia_diabetica,train
1092,APTOS_2019,4d47300e3ddb.png,retinopatia_diabetica,3,retinopatia_diabetica_grave,train
1093,APTOS_2019,4d7d6928534a.png,retinopatia_diabetica,1,retinopatia_diabetica_leve,train
1094,APTOS_2019,4d9fc85a8259.png,retinopatia_diabetica,3,retinopatia_diabetica_grave,train
1095,APTOS_2019,4da2961e62fe.png,retinopatia_diabetica,1,retinopatia_diabetica_leve,train
1096,APTOS_2019,4da6e2089d57.png,retinopatia_diabetica,2,retinopatia_diabetica_moderada,train
1097,APTOS_2019,4dbce359d0e1.png,retinopatia_diabetica,2,retinopatia_diabetica_moderada,train
1098,APTOS_2019,4dc2211a1c31.png,retinopatia_diabetica,4,retinopatia_diabetica_proliferativa,train
1099,APTOS_2019,4dd14c380696.png,retinopatia_diabetica,0,sem_retinopatia_diabetica,train
1100,APTOS_2019,4dd4a4bf2421.png,retinopatia_diabetica,0,sem_retinopatia_diabetica,train
1101,APTOS_2019,4dd5d5ccddcf.png,retinopatia_diabetica,1,retinopatia_diabetica_leve,train
1102,APTOS_2019,4dd71fc7f22b.png,retinopatia_diabetica,4,retinopatia_diabetica_proliferativa,train
1103,APTOS_2019,4dd7b322f342.png,retinopatia_diabetica,0,sem_retinopatia_diabetica,train
1104,APTOS_2019,4dd9d29eae5d.png,retinopatia_diabetica,1,retinopatia_diabetica_leve,train
1105,APTOS_2019,4df6a81b476e.png,retinopatia_diabetica,3,retinopatia_diabetica_grave,train
1106,APTOS_2019,4e0656629d02.png,retinopatia_diabetica,1,retinopatia_diabetica_leve,train
1107,APTOS_2019,4e1e252317b5.png,retinopatia_diabetica,0,sem_retinopatia_diabetica,train
1108,APTOS_2019,4e231670b48c.png,retinopatia_diabetica,0,sem_retinopatia_diabetica,train
1109,APTOS_2019,4e43d05cc2ef.png,retinopatia_diabetica,2,retinopatia_diabetica_moderada,train
1110,APTOS_2019,4e4a6224a04e.png,retinopatia_diabetica,0,sem_retinopatia_diabetica,train
1111,APTOS_2019,4e54ccfd49b2.png,retinopatia_diabetica,0,sem_retinopatia_diabetica,train
1112,APTOS_2019,4e6071b73120.png,retinopatia_diabetica,1,retinopatia_diabetica_leve,train
1113,APTOS_2019,4e7694eebb91.png,retinopatia_diabetica,2,retinopatia_diabetica_moderada,train
1114,APTOS_2019,4e82c3c8d31f.png,retinopatia_diabetica,1,retinopatia_diabetica_leve,train
1115,APTOS_2019,4e8585a96739.png,retinopatia_diabetica,0,sem_retinopatia_diabetica,train
1116,APTOS_2019,4e85aa647534.png,retinopatia_diabetica,0,sem_retinopatia_diabetica,train
1117,APTOS_2019,4eabad7948cf.png,retinopatia_diabetica,0,sem_retinopatia_diabetica,train
1118,APTOS_2019,4eaf2f81819d.png,retinopatia_diabetica,0,sem_retinopatia_diabetica,train
1119,APTOS_2019,4ec7796df40e.png,retinopatia_diabetica,0,sem_retinopatia_diabetica,train
1120,APTOS_2019,4ecd1fdd1435.png,retinopatia_diabetica,1,retinopatia_diabetica_leve,train
1121,APTOS_2019,4ed31cc07366.png,retinopatia_diabetica,2,retinopatia_diabetica_moderada,train
1122,APTOS_2019,4ee1ad981a6d.png,retinopatia_diabetica,2,retinopatia_diabetica_moderada,train
1123,APTOS_2019,4ef0b485a7da.png,retinopatia_diabetica,2,retinopatia_diabetica_moderada,train
1124,APTOS_2019,4ef16a53d899.png,retinopatia_diabetica,0,sem_retinopatia_diabetica,train
1125,APTOS_2019,4ef7144e24ff.png,retinopatia_diabetica,1,retinopatia_diabetica_leve,train
1126,APTOS_2019,4f0866b90c27.png,retinopatia_diabetica,3,retinopatia_diabetica_grave,train
1127,APTOS_2019,4f20f9a9a65b.png,retinopatia_diabetica,2,retinopatia_diabetica_moderada,train
1128,APTOS_2019,4f46d7ee61ed.png,retinopatia_diabetica,2,retinopatia_diabetica_moderada,train
1129,APTOS_2019,4f5dd7660b17.png,retinopatia_diabetica,0,sem_retinopatia_diabetica,train
1130,APTOS_2019,4f60129e9a5b.png,retinopatia_diabetica,2,retinopatia_diabetica_moderada,train
1131,APTOS_2019,4f6abc40c72d.png,retinopatia_diabetica,0,sem_retinopatia_diabetica,train
1132,APTOS_2019,4f7755e74a9e.png,retinopatia_diabetica,1,retinopatia_diabetica_leve,train
1133,APTOS_2019,4fa26d065ad3.png,retinopatia_diabetica,1,retinopatia_diabetica_leve,train
1134,APTOS_2019,4faf4063db8c.png,retinopatia_diabetica,0,sem_retinopatia_diabetica,train
1135,APTOS_2019,4fd5ec0dca09.png,retinopatia_diabetica,0,sem_retinopatia_diabetica,train
1136,APTOS_2019,4fecf87184e6.png,retinopatia_diabetica,3,retinopatia_diabetica_grave,train
1137,APTOS_2019,4fef9ed8a4c5.png,retinopatia_diabetica,3,retinopatia_diabetica_grave,train
1138,APTOS_2019,4ffa38550c95.png,retinopatia_diabetica,0,sem_retinopatia_diabetica,train
1139,APTOS_2019,500aad15b7c8.png,retinopatia_diabetica,0,sem_retinopatia_diabetica,train
1140,APTOS_2019,501c319f7a9f.png,retinopatia_diabetica,0,sem_retinopatia_diabetica,train
1141,APTOS_2019,504a69096fcb.png,retinopatia_diabetica,0,sem_retinopatia_diabetica,train
1142,APTOS_2019,5056fa7d505f.png,retinopatia_diabetica,0,sem_retinopatia_diabetica,train
1143,APTOS_2019,5069feccd866.png,retinopatia_diabetica,0,sem_retinopatia_diabetica,train
1144,APTOS_2019,5077cdb88aed.png,retinopatia_diabetica,0,sem_retinopatia_diabetica,train
1145,APTOS_2019,5078caaf1f57.png,retinopatia_diabetica,0,sem_retinopatia_diabetica,train
1146,APTOS_2019,50840c36f0b4.png,retinopatia_diabetica,1,retinopatia_diabetica_leve,train
1147,APTOS_2019,5090917a2676.png,retinopatia_diabetica,1,retinopatia_diabetica_leve,train
1148,APTOS_2019,50915e2329a1.png,retinopatia_diabetica,0,sem_retinopatia_diabetica,train
1149,APTOS_2019,50916d67bb51.png,retinopatia_diabetica,0,sem_retinopatia_diabetica,train
1150,APTOS_2019,50a2aef380c8.png,retinopatia_diabetica,3,retinopatia_diabetica_grave,train
1151,APTOS_2019,50d8249f7bc9.png,retinopatia_diabetica,0,sem_retinopatia_diabetica,train
1152,APTOS_2019,50d8a8fb7737.png,retinopatia_diabetica,2,retinopatia_diabetica_moderada,train
1153,APTOS_2019,50ddd7d976df.png,retinopatia_diabetica,0,sem_retinopatia_diabetica,train
1154,APTOS_2019,50f5201fd18a.png,retinopatia_diabetica,0,sem_retinopatia_diabetica,train
1155,APTOS_2019,51030843fde2.png,retinopatia_diabetica,2,retinopatia_diabetica_moderada,train
1156,APTOS_2019,510aa0a898fa.png,retinopatia_diabetica,2,retinopatia_diabetica_moderada,train
1157,APTOS_2019,51131b48f9d4.png,retinopatia_diabetica,1,retinopatia_diabetica_leve,train
1158,APTOS_2019,511fd66b2df8.png,retinopatia_diabetica,0,sem_retinopatia_diabetica,train
1159,APTOS_2019,51269b77d312.png,retinopatia_diabetica,3,retinopatia_diabetica_grave,train
1160,APTOS_2019,513b0a4651fa.png,retinopatia_diabetica,1,retinopatia_diabetica_leve,train
1161,APTOS_2019,51405d042000.png,retinopatia_diabetica,2,retinopatia_diabetica_moderada,train
1162,APTOS_2019,5152bf091152.png,retinopatia_diabetica,2,retinopatia_diabetica_moderada,train
1163,APTOS_2019,5173d54fc214.png,retinopatia_diabetica,2,retinopatia_diabetica_moderada,train
1164,APTOS_2019,5188a8afa879.png,retinopatia_diabetica,2,retinopatia_diabetica_moderada,train
1165,APTOS_2019,518e880613de.png,retinopatia_diabetica,4,retinopatia_diabetica_proliferativa,train
1166,APTOS_2019,519c6e8f78dc.png,retinopatia_diabetica,0,sem_retinopatia_diabetica,train
1167,APTOS_2019,51a078d6d43a.png,retinopatia_diabetica,0,sem_retinopatia_diabetica,train
1168,APTOS_2019,51a1d162e223.png,retinopatia_diabetica,4,retinopatia_diabetica_proliferativa,train
1169,APTOS_2019,51aa3361294c.png,retinopatia_diabetica,0,sem_retinopatia_diabetica,train
1170,APTOS_2019,51af8a689511.png,retinopatia_diabetica,0,sem_retinopatia_diabetica,train
1171,APTOS_2019,51af8c112682.png,retinopatia_diabetica,4,retinopatia_diabetica_proliferativa,train
1172,APTOS_2019,51cd8d2057fa.png,retinopatia_diabetica,0,sem_retinopatia_diabetica,train
1173,APTOS_2019,51cfeccaf40d.png,retinopatia_diabetica,2,retinopatia_diabetica_moderada,train
1174,APTOS_2019,51d0034d177d.png,retinopatia_diabetica,2,retinopatia_diabetica_moderada,train
1175,APTOS_2019,51d574513bcb.png,retinopatia_diabetica,2,retinopatia_diabetica_moderada,train
1176,APTOS_2019,51d780864365.png,retinopatia_diabetica,2,retinopatia_diabetica_moderada,train
1177,APTOS_2019,51da6aebba8f.png,retinopatia_diabetica,3,retinopatia_diabetica_grave,train
1178,APTOS_2019,51e656e5a541.png,retinopatia_diabetica,0,sem_retinopatia_diabetica,train
1179,APTOS_2019,521b5377a727.png,retinopatia_diabetica,0,sem_retinopatia_diabetica,train
1180,APTOS_2019,521d3e264d71.png,retinopatia_diabetica,2,retinopatia_diabetica_moderada,train
1181,APTOS_2019,52230bbef30e.png,retinopatia_diabetica,2,retinopatia_diabetica_moderada,train
1182,APTOS_2019,523b3f0fc646.png,retinopatia_diabetica,1,retinopatia_diabetica_leve,train
1183,APTOS_2019,523d0c2cb4d6.png,retinopatia_diabetica,2,retinopatia_diabetica_moderada,train
1184,APTOS_2019,523ff163211b.png,retinopatia_diabetica,2,retinopatia_diabetica_moderada,train
1185,APTOS_2019,524f240e0c90.png,retinopatia_diabetica,2,retinopatia_diabetica_moderada,train
1186,APTOS_2019,5257cb536da2.png,retinopatia_diabetica,0,sem_retinopatia_diabetica,train
1187,APTOS_2019,525acfea47e8.png,retinopatia_diabetica,2,retinopatia_diabetica_moderada,train
1188,APTOS_2019,525d0dd8dc45.png,retinopatia_diabetica,0,sem_retinopatia_diabetica,train
1189,APTOS_2019,5264a54e1830.png,retinopatia_diabetica,0,sem_retinopatia_diabetica,train
1190,APTOS_2019,5265dc9acdf8.png,retinopatia_diabetica,2,retinopatia_diabetica_moderada,train
1191,APTOS_2019,527bea76116c.png,retinopatia_diabetica,2,retinopatia_diabetica_moderada,train
1192,APTOS_2019,52886bed8a07.png,retinopatia_diabetica,2,retinopatia_diabetica_moderada,train
1193,APTOS_2019,5288f7441f64.png,retinopatia_diabetica,0,sem_retinopatia_diabetica,train
1194,APTOS_2019,5293576816aa.png,retinopatia_diabetica,0,sem_retinopatia_diabetica,train
1195,APTOS_2019,529906ff9dfa.png,retinopatia_diabetica,0,sem_retinopatia_diabetica,train
1196,APTOS_2019,5299a532f0e0.png,retinopatia_diabetica,0,sem_retinopatia_diabetica,train
1197,APTOS_2019,52ae917fcea4.png,retinopatia_diabetica,1,retinopatia_diabetica_leve,train
1198,APTOS_2019,52dbec057cc8.png,retinopatia_diabetica,2,retinopatia_diabetica_moderada,train
1199,APTOS_2019,52ddde91a349.png,retinopatia_diabetica,0,sem_retinopatia_diabetica,train
1200,APTOS_2019,52edbe29d655.png,retinopatia_diabetica,0,sem_retinopatia_diabetica,train
1201,APTOS_2019,530d78467615.png,retinopatia_diabetica,2,retinopatia_diabetica_moderada,train
1202,APTOS_2019,531b39880c32.png,retinopatia_diabetica,1,retinopatia_diabetica_leve,train
1203,APTOS_2019,5321ab64f9ea.png,retinopatia_diabetica,0,sem_retinopatia_diabetica,train
1204,APTOS_2019,53273d664cd8.png,retinopatia_diabetica,0,sem_retinopatia_diabetica,train
1205,APTOS_2019,5327f88a1919.png,retinopatia_diabetica,2,retinopatia_diabetica_moderada,train
1206,APTOS_2019,53327edb9e4d.png,retinopatia_diabetica,0,sem_retinopatia_diabetica,train
1207,APTOS_2019,5347b4c8e9b3.png,retinopatia_diabetica,1,retinopatia_diabetica_leve,train
1208,APTOS_2019,535682537302.png,retinopatia_diabetica,0,sem_retinopatia_diabetica,train
1209,APTOS_2019,53704c80f0d8.png,retinopatia_diabetica,1,retinopatia_diabetica_leve,train
1210,APTOS_2019,537e50fdf22e.png,retinopatia_diabetica,3,retinopatia_diabetica_grave,train
1211,APTOS_2019,537e5c578f40.png,retinopatia_diabetica,0,sem_retinopatia_diabetica,train
1212,APTOS_2019,53c874dbc594.png,retinopatia_diabetica,0,sem_retinopatia_diabetica,train
1213,APTOS_2019,53ddae6a619e.png,retinopatia_diabetica,0,sem_retinopatia_diabetica,train
1214,APTOS_2019,53f6c1c65c04.png,retinopatia_diabetica,1,retinopatia_diabetica_leve,train
1215,APTOS_2019,54038e56131d.png,retinopatia_diabetica,0,sem_retinopatia_diabetica,train
1216,APTOS_2019,540e4973829e.png,retinopatia_diabetica,0,sem_retinopatia_diabetica,train
1217,APTOS_2019,541db13517e2.png,retinopatia_diabetica,2,retinopatia_diabetica_moderada,train
1218,APTOS_2019,542964865b1e.png,retinopatia_diabetica,0,sem_retinopatia_diabetica,train
1219,APTOS_2019,54334705a34d.png,retinopatia_diabetica,0,sem_retinopatia_diabetica,train
1220,APTOS_2019,5445255635f0.png,retinopatia_diabetica,0,sem_retinopatia_diabetica,train
1221,APTOS_2019,545df1bbcd61.png,retinopatia_diabetica,1,retinopatia_diabetica_leve,train
1222,APTOS_2019,547b37da9223.png,retinopatia_diabetica,2,retinopatia_diabetica_moderada,train
1223,APTOS_2019,5486da4273d7.png,retinopatia_diabetica,2,retinopatia_diabetica_moderada,train
1224,APTOS_2019,549381330191.png,retinopatia_diabetica,0,sem_retinopatia_diabetica,train
1225,APTOS_2019,54b322c66d01.png,retinopatia_diabetica,0,sem_retinopatia_diabetica,train
1226,APTOS_2019,54bbe3da103e.png,retinopatia_diabetica,2,retinopatia_diabetica_moderada,train
1227,APTOS_2019,54bdcdecd8f3.png,retinopatia_diabetica,0,sem_retinopatia_diabetica,train
1228,APTOS_2019,54cab3596214.png,retinopatia_diabetica,2,retinopatia_diabetica_moderada,train
1229,APTOS_2019,54dc6e8107cd.png,retinopatia_diabetica,2,retinopatia_diabetica_moderada,train
1230,APTOS_2019,54f57cf26126.png,retinopatia_diabetica,0,sem_retinopatia_diabetica,train
1231,APTOS_2019,55034b1dbff2.png,retinopatia_diabetica,2,retinopatia_diabetica_moderada,train
1232,APTOS_2019,55092c0071eb.png,retinopatia_diabetica,2,retinopatia_diabetica_moderada,train
1233,APTOS_2019,5511f114e7ee.png,retinopatia_diabetica,0,sem_retinopatia_diabetica,train
1234,APTOS_2019,5548a7961a3e.png,retinopatia_diabetica,1,retinopatia_diabetica_leve,train
1235,APTOS_2019,555d0bef3c5b.png,retinopatia_diabetica,0,sem_retinopatia_diabetica,train
1236,APTOS_2019,55968f0e63c4.png,retinopatia_diabetica,0,sem_retinopatia_diabetica,train
1237,APTOS_2019,55eac26bd383.png,retinopatia_diabetica,1,retinopatia_diabetica_leve,train
1238,APTOS_2019,55eb405ec71e.png,retinopatia_diabetica,4,retinopatia_diabetica_proliferativa,train
1239,APTOS_2019,55f7f018c61c.png,retinopatia_diabetica,0,sem_retinopatia_diabetica,train
1240,APTOS_2019,55fd453001cc.png,retinopatia_diabetica,2,retinopatia_diabetica_moderada,train
1241,APTOS_2019,5633ced07d8e.png,retinopatia_diabetica,1,retinopatia_diabetica_leve,train
1242,APTOS_2019,565f3404f9b2.png,retinopatia_diabetica,0,sem_retinopatia_diabetica,train
1243,APTOS_2019,5671eb95512b.png,retinopatia_diabetica,1,retinopatia_diabetica_leve,train
1244,APTOS_2019,568455854a11.png,retinopatia_diabetica,0,sem_retinopatia_diabetica,train
1245,APTOS_2019,56e56aa08362.png,retinopatia_diabetica,2,retinopatia_diabetica_moderada,train
1246,APTOS_2019,5712e2aa73a2.png,retinopatia_diabetica,1,retinopatia_diabetica_leve,train
1247,APTOS_2019,571bbdbf585e.png,retinopatia_diabetica,0,sem_retinopatia_diabetica,train
1248,APTOS_2019,5723d0ec895e.png,retinopatia_diabetica,2,retinopatia_diabetica_moderada,train
1249,APTOS_2019,5728b8aa98ef.png,retinopatia_diabetica,0,sem_retinopatia_diabetica,train
1250,APTOS_2019,573ea80a53be.png,retinopatia_diabetica,0,sem_retinopatia_diabetica,train
1251,APTOS_2019,57469423a012.png,retinopatia_diabetica,2,retinopatia_diabetica_moderada,train
1252,APTOS_2019,576e189d23d4.png,retinopatia_diabetica,4,retinopatia_diabetica_proliferativa,train
1253,APTOS_2019,57760be09c03.png,retinopatia_diabetica,2,retinopatia_diabetica_moderada,train
1254,APTOS_2019,5777ef74c9ec.png,retinopatia_diabetica,1,retinopatia_diabetica_leve,train
1255,APTOS_2019,578109578b46.png,retinopatia_diabetica,1,retinopatia_diabetica_leve,train
1256,APTOS_2019,57a5e4274275.png,retinopatia_diabetica,0,sem_retinopatia_diabetica,train
1257,APTOS_2019,57a5f1015504.png,retinopatia_diabetica,2,retinopatia_diabetica_moderada,train
1258,APTOS_2019,57a710de68a4.png,retinopatia_diabetica,0,sem_retinopatia_diabetica,train
1259,APTOS_2019,57ce57a8cfb0.png,retinopatia_diabetica,2,retinopatia_diabetica_moderada,train
1260,APTOS_2019,57db4781e7ec.png,retinopatia_diabetica,0,sem_retinopatia_diabetica,train
1261,APTOS_2019,57f5ad4b5b29.png,retinopatia_diabetica,0,sem_retinopatia_diabetica,train
1262,APTOS_2019,57f933d3d7c7.png,retinopatia_diabetica,2,retinopatia_diabetica_moderada,train
1263,APTOS_2019,58059e73d2d4.png,retinopatia_diabetica,0,sem_retinopatia_diabetica,train
1264,APTOS_2019,5814cbd2e9bf.png,retinopatia_diabetica,0,sem_retinopatia_diabetica,train
1265,APTOS_2019,58184d6fd087.png,retinopatia_diabetica,1,retinopatia_diabetica_leve,train
1266,APTOS_2019,582115961a3d.png,retinopatia_diabetica,1,retinopatia_diabetica_leve,train
1267,APTOS_2019,582f739b8f62.png,retinopatia_diabetica,2,retinopatia_diabetica_moderada,train
1268,APTOS_2019,58529a8638d0.png,retinopatia_diabetica,2,retinopatia_diabetica_moderada,train
1269,APTOS_2019,586f5c56081e.png,retinopatia_diabetica,0,sem_retinopatia_diabetica,train
1270,APTOS_2019,587146a55885.png,retinopatia_diabetica,1,retinopatia_diabetica_leve,train
1271,APTOS_2019,5879285f9d8d.png,retinopatia_diabetica,1,retinopatia_diabetica_leve,train
1272,APTOS_2019,5889a0c75cac.png,retinopatia_diabetica,0,sem_retinopatia_diabetica,train
1273,APTOS_2019,58a9e0d7f7af.png,retinopatia_diabetica,0,sem_retinopatia_diabetica,train
1274,APTOS_2019,58af2c054ced.png,retinopatia_diabetica,0,sem_retinopatia_diabetica,train
1275,APTOS_2019,58b866484a05.png,retinopatia_diabetica,4,retinopatia_diabetica_proliferativa,train
1276,APTOS_2019,58c12863f33d.png,retinopatia_diabetica,0,sem_retinopatia_diabetica,train
1277,APTOS_2019,58ccba7eec9c.png,retinopatia_diabetica,1,retinopatia_diabetica_leve,train
1278,APTOS_2019,58eb3809f456.png,retinopatia_diabetica,0,sem_retinopatia_diabetica,train
1279,APTOS_2019,58f07741ee3b.png,retinopatia_diabetica,0,sem_retinopatia_diabetica,train
1280,APTOS_2019,5905a9b06a73.png,retinopatia_diabetica,2,retinopatia_diabetica_moderada,train
1281,APTOS_2019,594f69b503ad.png,retinopatia_diabetica,2,retinopatia_diabetica_moderada,train
1282,APTOS_2019,595446774178.png,retinopatia_diabetica,1,retinopatia_diabetica_leve,train
1283,APTOS_2019,596f4fdb0004.png,retinopatia_diabetica,0,sem_retinopatia_diabetica,train
1284,APTOS_2019,598b8f5b3822.png,retinopatia_diabetica,0,sem_retinopatia_diabetica,train
1285,APTOS_2019,59928f999ae7.png,retinopatia_diabetica,0,sem_retinopatia_diabetica,train
1286,APTOS_2019,599498e9e4bc.png,retinopatia_diabetica,0,sem_retinopatia_diabetica,train
1287,APTOS_2019,5995321563b7.png,retinopatia_diabetica,0,sem_retinopatia_diabetica,train
1288,APTOS_2019,599b89048034.png,retinopatia_diabetica,2,retinopatia_diabetica_moderada,train
1289,APTOS_2019,59bd19c1c5bb.png,retinopatia_diabetica,0,sem_retinopatia_diabetica,train
1290,APTOS_2019,59e5212f7139.png,retinopatia_diabetica,1,retinopatia_diabetica_leve,train
1291,APTOS_2019,59ee65760535.png,retinopatia_diabetica,2,retinopatia_diabetica_moderada,train
1292,APTOS_2019,59f3f70abddd.png,retinopatia_diabetica,2,retinopatia_diabetica_moderada,train
1293,APTOS_2019,59fee5bc3479.png,retinopatia_diabetica,4,retinopatia_diabetica_proliferativa,train
1294,APTOS_2019,5a03fe3ed15c.png,retinopatia_diabetica,2,retinopatia_diabetica_moderada,train
1295,APTOS_2019,5a091e8cd95c.png,retinopatia_diabetica,1,retinopatia_diabetica_leve,train
1296,APTOS_2019,5a0fe0ee4301.png,retinopatia_diabetica,0,sem_retinopatia_diabetica,train
1297,APTOS_2019,5a11d21c2828.png,retinopatia_diabetica,2,retinopatia_diabetica_moderada,train
1298,APTOS_2019,5a179c123fd8.png,retinopatia_diabetica,0,sem_retinopatia_diabetica,train
1299,APTOS_2019,5a27b9b2a9c1.png,retinopatia_diabetica,0,sem_retinopatia_diabetica,train
1300,APTOS_2019,5a2c27b95c7c.png,retinopatia_diabetica,2,retinopatia_diabetica_moderada,train
1301,APTOS_2019,5a36cea278ae.png,retinopatia_diabetica,2,retinopatia_diabetica_moderada,train
1302,APTOS_2019,5a444c32cd9a.png,retinopatia_diabetica,0,sem_retinopatia_diabetica,train
1303,APTOS_2019,5a5d3798c357.png,retinopatia_diabetica,2,retinopatia_diabetica_moderada,train
1304,APTOS_2019,5a93c0f783c4.png,retinopatia_diabetica,0,sem_retinopatia_diabetica,train
1305,APTOS_2019,5ac7a414560e.png,retinopatia_diabetica,0,sem_retinopatia_diabetica,train
1306,APTOS_2019,5ad3dabeb2cd.png,retinopatia_diabetica,0,sem_retinopatia_diabetica,train
1307,APTOS_2019,5b068765e846.png,retinopatia_diabetica,1,retinopatia_diabetica_leve,train
1308,APTOS_2019,5b0e53f53ef3.png,retinopatia_diabetica,1,retinopatia_diabetica_leve,train
1309,APTOS_2019,5b1c4cefeb24.png,retinopatia_diabetica,0,sem_retinopatia_diabetica,train
1310,APTOS_2019,5b2648ad455e.png,retinopatia_diabetica,0,sem_retinopatia_diabetica,train
1311,APTOS_2019,5b301a6d1ac7.png,retinopatia_diabetica,2,retinopatia_diabetica_moderada,train
1312,APTOS_2019,5b32ece9c627.png,retinopatia_diabetica,0,sem_retinopatia_diabetica,train
1313,APTOS_2019,5b3d41626ec5.png,retinopatia_diabetica,0,sem_retinopatia_diabetica,train
1314,APTOS_2019,5b3e7197ac1c.png,retinopatia_diabetica,3,retinopatia_diabetica_grave,train
1315,APTOS_2019,5b47043942f4.png,retinopatia_diabetica,0,sem_retinopatia_diabetica,train
1316,APTOS_2019,5b5b80a3edee.png,retinopatia_diabetica,4,retinopatia_diabetica_proliferativa,train
1317,APTOS_2019,5b644a403e1f.png,retinopatia_diabetica,2,retinopatia_diabetica_moderada,train
1318,APTOS_2019,5b72ff04333d.png,retinopatia_diabetica,1,retinopatia_diabetica_leve,train
1319,APTOS_2019,5b76117c4bcb.png,retinopatia_diabetica,4,retinopatia_diabetica_proliferativa,train
1320,APTOS_2019,5b804948e35f.png,retinopatia_diabetica,1,retinopatia_diabetica_leve,train
1321,APTOS_2019,5b994ff78547.png,retinopatia_diabetica,0,sem_retinopatia_diabetica,train
1322,APTOS_2019,5ba156a35ff2.png,retinopatia_diabetica,0,sem_retinopatia_diabetica,train
1323,APTOS_2019,5baed382f062.png,retinopatia_diabetica,0,sem_retinopatia_diabetica,train
1324,APTOS_2019,5bda2ed09e62.png,retinopatia_diabetica,4,retinopatia_diabetica_proliferativa,train
1325,APTOS_2019,5bea250d8bf5.png,retinopatia_diabetica,0,sem_retinopatia_diabetica,train
1326,APTOS_2019,5bf3357a2823.png,retinopatia_diabetica,0,sem_retinopatia_diabetica,train
1327,APTOS_2019,5bf6f2958e53.png,retinopatia_diabetica,0,sem_retinopatia_diabetica,train
1328,APTOS_2019,5c6194562ed2.png,retinopatia_diabetica,2,retinopatia_diabetica_moderada,train
1329,APTOS_2019,5c7ab966a3ee.png,retinopatia_diabetica,4,retinopatia_diabetica_proliferativa,train
1330,APTOS_2019,5c817060c0ed.png,retinopatia_diabetica,0,sem_retinopatia_diabetica,train
1331,APTOS_2019,5c8482926a08.png,retinopatia_diabetica,2,retinopatia_diabetica_moderada,train
1332,APTOS_2019,5c85d22bd0de.png,retinopatia_diabetica,0,sem_retinopatia_diabetica,train
1333,APTOS_2019,5ca73d28f17f.png,retinopatia_diabetica,0,sem_retinopatia_diabetica,train
1334,APTOS_2019,5ca779ace6e7.png,retinopatia_diabetica,0,sem_retinopatia_diabetica,train
1335,APTOS_2019,5cab3ef4b31c.png,retinopatia_diabetica,1,retinopatia_diabetica_leve,train
1336,APTOS_2019,5cbe88914a72.png,retinopatia_diabetica,0,sem_retinopatia_diabetica,train
1337,APTOS_2019,5cc6dea19614.png,retinopatia_diabetica,2,retinopatia_diabetica_moderada,train
1338,APTOS_2019,5cde55f745af.png,retinopatia_diabetica,2,retinopatia_diabetica_moderada,train
1339,APTOS_2019,5ce5eeaf757a.png,retinopatia_diabetica,0,sem_retinopatia_diabetica,train
1340,APTOS_2019,5cf9127f251a.png,retinopatia_diabetica,2,retinopatia_diabetica_moderada,train
1341,APTOS_2019,5d024177e214.png,retinopatia_diabetica,2,retinopatia_diabetica_moderada,train
1342,APTOS_2019,5d3c8c1f57da.png,retinopatia_diabetica,0,sem_retinopatia_diabetica,train
1343,APTOS_2019,5d4e5fd34d91.png,retinopatia_diabetica,0,sem_retinopatia_diabetica,train
1344,APTOS_2019,5d5b5da5f939.png,retinopatia_diabetica,0,sem_retinopatia_diabetica,train
1345,APTOS_2019,5d6239c0fd39.png,retinopatia_diabetica,0,sem_retinopatia_diabetica,train
1346,APTOS_2019,5d74f98d62be.png,retinopatia_diabetica,4,retinopatia_diabetica_proliferativa,train
1347,APTOS_2019,5d9c841eb245.png,retinopatia_diabetica,0,sem_retinopatia_diabetica,train
1348,APTOS_2019,5db2e3a4594a.png,retinopatia_diabetica,0,sem_retinopatia_diabetica,train
1349,APTOS_2019,5db895d3f1fc.png,retinopatia_diabetica,0,sem_retinopatia_diabetica,train
1350,APTOS_2019,5dc23e440de3.png,retinopatia_diabetica,2,retinopatia_diabetica_moderada,train
1351,APTOS_2019,5dd2e26fc244.png,retinopatia_diabetica,4,retinopatia_diabetica_proliferativa,train
1352,APTOS_2019,5de4615a5161.png,retinopatia_diabetica,0,sem_retinopatia_diabetica,train
1353,APTOS_2019,5e18af29d812.png,retinopatia_diabetica,2,retinopatia_diabetica_moderada,train
1354,APTOS_2019,5e505e25cd3e.png,retinopatia_diabetica,0,sem_retinopatia_diabetica,train
1355,APTOS_2019,5e5275ddee29.png,retinopatia_diabetica,0,sem_retinopatia_diabetica,train
1356,APTOS_2019,5e52c9fe676f.png,retinopatia_diabetica,2,retinopatia_diabetica_moderada,train
1357,APTOS_2019,5e7630f8438e.png,retinopatia_diabetica,2,retinopatia_diabetica_moderada,train
1358,APTOS_2019,5e7cc6ab4ac4.png,retinopatia_diabetica,2,retinopatia_diabetica_moderada,train
1359,APTOS_2019,5e7db41b3bee.png,retinopatia_diabetica,4,retinopatia_diabetica_proliferativa,train
1360,APTOS_2019,5e97cb2b0888.png,retinopatia_diabetica,0,sem_retinopatia_diabetica,train
1361,APTOS_2019,5ea9e447bb62.png,retinopatia_diabetica,0,sem_retinopatia_diabetica,train
1362,APTOS_2019,5ead17e894ae.png,retinopatia_diabetica,0,sem_retinopatia_diabetica,train
1363,APTOS_2019,5eb311bcb5f9.png,retinopatia_diabetica,2,retinopatia_diabetica_moderada,train
1364,APTOS_2019,5eb8fb1aad41.png,retinopatia_diabetica,0,sem_retinopatia_diabetica,train
1365,APTOS_2019,5ed6dc419e4d.png,retinopatia_diabetica,2,retinopatia_diabetica_moderada,train
1366,APTOS_2019,5efa24b03d5e.png,retinopatia_diabetica,1,retinopatia_diabetica_leve,train
1367,APTOS_2019,5f13e8a07344.png,retinopatia_diabetica,3,retinopatia_diabetica_grave,train
1368,APTOS_2019,5f4a8c074bd5.png,retinopatia_diabetica,0,sem_retinopatia_diabetica,train
1369,APTOS_2019,5f51192841f7.png,retinopatia_diabetica,0,sem_retinopatia_diabetica,train
1370,APTOS_2019,5f6db235c04d.png,retinopatia_diabetica,0,sem_retinopatia_diabetica,train
1371,APTOS_2019,5f70ad48a525.png,retinopatia_diabetica,2,retinopatia_diabetica_moderada,train
1372,APTOS_2019,5fcff7280019.png,retinopatia_diabetica,0,sem_retinopatia_diabetica,train
1373,APTOS_2019,6028a575dc27.png,retinopatia_diabetica,1,retinopatia_diabetica_leve,train
1374,APTOS_2019,6061f5b7378d.png,retinopatia_diabetica,3,retinopatia_diabetica_grave,train
1375,APTOS_2019,606daaf0bfc7.png,retinopatia_diabetica,0,sem_retinopatia_diabetica,train
1376,APTOS_2019,6089fa333013.png,retinopatia_diabetica,3,retinopatia_diabetica_grave,train
1377,APTOS_2019,609be3ca5ddf.png,retinopatia_diabetica,0,sem_retinopatia_diabetica,train
1378,APTOS_2019,60aa4e649abf.png,retinopatia_diabetica,0,sem_retinopatia_diabetica,train
1379,APTOS_2019,60e269e3e188.png,retinopatia_diabetica,2,retinopatia_diabetica_moderada,train
1380,APTOS_2019,60edda7b4871.png,retinopatia_diabetica,0,sem_retinopatia_diabetica,train
1381,APTOS_2019,60eeae3ba23d.png,retinopatia_diabetica,2,retinopatia_diabetica_moderada,train
1382,APTOS_2019,60f15dd68d30.png,retinopatia_diabetica,4,retinopatia_diabetica_proliferativa,train
1383,APTOS_2019,6107a2e9f60e.png,retinopatia_diabetica,0,sem_retinopatia_diabetica,train
1384,APTOS_2019,6110ecb3bb1c.png,retinopatia_diabetica,0,sem_retinopatia_diabetica,train
1385,APTOS_2019,612f2df37a1d.png,retinopatia_diabetica,4,retinopatia_diabetica_proliferativa,train
1386,APTOS_2019,613028ede6a0.png,retinopatia_diabetica,4,retinopatia_diabetica_proliferativa,train
1387,APTOS_2019,613bacb35c05.png,retinopatia_diabetica,1,retinopatia_diabetica_leve,train
1388,APTOS_2019,6155cf375354.png,retinopatia_diabetica,0,sem_retinopatia_diabetica,train
1389,APTOS_2019,6165081b9021.png,retinopatia_diabetica,1,retinopatia_diabetica_leve,train
1390,APTOS_2019,6180920bc224.png,retinopatia_diabetica,0,sem_retinopatia_diabetica,train
1391,APTOS_2019,6181aa9f75f4.png,retinopatia_diabetica,3,retinopatia_diabetica_grave,train
1392,APTOS_2019,6194e0fff071.png,retinopatia_diabetica,4,retinopatia_diabetica_proliferativa,train
1393,APTOS_2019,61a62b1dcc36.png,retinopatia_diabetica,0,sem_retinopatia_diabetica,train
1394,APTOS_2019,61ac9b0dc6b9.png,retinopatia_diabetica,2,retinopatia_diabetica_moderada,train
1395,APTOS_2019,61bbc11fe503.png,retinopatia_diabetica,4,retinopatia_diabetica_proliferativa,train
1396,APTOS_2019,61bbe8db6f3a.png,retinopatia_diabetica,1,retinopatia_diabetica_leve,train
1397,APTOS_2019,61c2fbd16e38.png,retinopatia_diabetica,2,retinopatia_diabetica_moderada,train
1398,APTOS_2019,61c667663f2f.png,retinopatia_diabetica,0,sem_retinopatia_diabetica,train
1399,APTOS_2019,61d9c88a3a4b.png,retinopatia_diabetica,0,sem_retinopatia_diabetica,train
1400,APTOS_2019,61da799bf0aa.png,retinopatia_diabetica,0,sem_retinopatia_diabetica,train
1401,APTOS_2019,61e301bd3c25.png,retinopatia_diabetica,4,retinopatia_diabetica_proliferativa,train
1402,APTOS_2019,61f403fdb434.png,retinopatia_diabetica,4,retinopatia_diabetica_proliferativa,train
1403,APTOS_2019,62318d514160.png,retinopatia_diabetica,4,retinopatia_diabetica_proliferativa,train
1404,APTOS_2019,624fb7317106.png,retinopatia_diabetica,2,retinopatia_diabetica_moderada,train
1405,APTOS_2019,6253f23229b1.png,retinopatia_diabetica,3,retinopatia_diabetica_grave,train
1406,APTOS_2019,628b581aa905.png,retinopatia_diabetica,0,sem_retinopatia_diabetica,train
1407,APTOS_2019,6294b378d09f.png,retinopatia_diabetica,0,sem_retinopatia_diabetica,train
1408,APTOS_2019,6298468d7d75.png,retinopatia_diabetica,1,retinopatia_diabetica_leve,train
1409,APTOS_2019,62ab144d5cee.png,retinopatia_diabetica,2,retinopatia_diabetica_moderada,train
1410,APTOS_2019,62b4be2799ca.png,retinopatia_diabetica,0,sem_retinopatia_diabetica,train
1411,APTOS_2019,62b826899151.png,retinopatia_diabetica,0,sem_retinopatia_diabetica,train
1412,APTOS_2019,62cc7ddb53b6.png,retinopatia_diabetica,2,retinopatia_diabetica_moderada,train
1413,APTOS_2019,62e6f814c8f5.png,retinopatia_diabetica,2,retinopatia_diabetica_moderada,train
1414,APTOS_2019,62ecdc90dd42.png,retinopatia_diabetica,2,retinopatia_diabetica_moderada,train
1415,APTOS_2019,6324d77cf926.png,retinopatia_diabetica,0,sem_retinopatia_diabetica,train
1416,APTOS_2019,63363410389a.png,retinopatia_diabetica,1,retinopatia_diabetica_leve,train
1417,APTOS_2019,633fe9dbaf39.png,retinopatia_diabetica,0,sem_retinopatia_diabetica,train
1418,APTOS_2019,6363b360aefb.png,retinopatia_diabetica,2,retinopatia_diabetica_moderada,train
1419,APTOS_2019,6377e23928f6.png,retinopatia_diabetica,1,retinopatia_diabetica_leve,train
1420,APTOS_2019,639915f58a2f.png,retinopatia_diabetica,0,sem_retinopatia_diabetica,train
1421,APTOS_2019,63a03880939c.png,retinopatia_diabetica,1,retinopatia_diabetica_leve,train
1422,APTOS_2019,63b4d030b016.png,retinopatia_diabetica,4,retinopatia_diabetica_proliferativa,train
1423,APTOS_2019,63b71347e95d.png,retinopatia_diabetica,0,sem_retinopatia_diabetica,train
1424,APTOS_2019,63c0eafd6aa9.png,retinopatia_diabetica,0,sem_retinopatia_diabetica,train
1425,APTOS_2019,63c3c571b8ee.png,retinopatia_diabetica,2,retinopatia_diabetica_moderada,train
1426,APTOS_2019,63c7b0265775.png,retinopatia_diabetica,0,sem_retinopatia_diabetica,train
1427,APTOS_2019,63d217b059b6.png,retinopatia_diabetica,2,retinopatia_diabetica_moderada,train
1428,APTOS_2019,63e041a757eb.png,retinopatia_diabetica,0,sem_retinopatia_diabetica,train
1429,APTOS_2019,64678182d8a8.png,retinopatia_diabetica,1,retinopatia_diabetica_leve,train
1430,APTOS_2019,64a13949e879.png,retinopatia_diabetica,2,retinopatia_diabetica_moderada,train
1431,APTOS_2019,64ac539f58cb.png,retinopatia_diabetica,0,sem_retinopatia_diabetica,train
1432,APTOS_2019,64b9206afb3f.png,retinopatia_diabetica,0,sem_retinopatia_diabetica,train
1433,APTOS_2019,64bad93fde3f.png,retinopatia_diabetica,4,retinopatia_diabetica_proliferativa,train
1434,APTOS_2019,64c6c6ee0d98.png,retinopatia_diabetica,0,sem_retinopatia_diabetica,train
1435,APTOS_2019,64eb5a79dfdd.png,retinopatia_diabetica,1,retinopatia_diabetica_leve,train
1436,APTOS_2019,64fedbf97473.png,retinopatia_diabetica,4,retinopatia_diabetica_proliferativa,train
1437,APTOS_2019,650104ede84c.png,retinopatia_diabetica,0,sem_retinopatia_diabetica,train
1438,APTOS_2019,6504b703c429.png,retinopatia_diabetica,0,sem_retinopatia_diabetica,train
1439,APTOS_2019,650fbed3fdca.png,retinopatia_diabetica,2,retinopatia_diabetica_moderada,train
1440,APTOS_2019,6531070bf03c.png,retinopatia_diabetica,2,retinopatia_diabetica_moderada,train
1441,APTOS_2019,653534ded339.png,retinopatia_diabetica,2,retinopatia_diabetica_moderada,train
1442,APTOS_2019,655cafb4c932.png,retinopatia_diabetica,1,retinopatia_diabetica_leve,train
1443,APTOS_2019,657859f893d9.png,retinopatia_diabetica,2,retinopatia_diabetica_moderada,train
1444,APTOS_2019,658ad9f09f5d.png,retinopatia_diabetica,0,sem_retinopatia_diabetica,train
1445,APTOS_2019,65a3b13ad9a0.png,retinopatia_diabetica,0,sem_retinopatia_diabetica,train
1446,APTOS_2019,65a7fe9482fe.png,retinopatia_diabetica,0,sem_retinopatia_diabetica,train
1447,APTOS_2019,65c958379680.png,retinopatia_diabetica,4,retinopatia_diabetica_proliferativa,train
1448,APTOS_2019,65cf00be6fb4.png,retinopatia_diabetica,0,sem_retinopatia_diabetica,train
1449,APTOS_2019,65dda202653d.png,retinopatia_diabetica,0,sem_retinopatia_diabetica,train
1450,APTOS_2019,65e120143825.png,retinopatia_diabetica,4,retinopatia_diabetica_proliferativa,train
1451,APTOS_2019,65e51e18242b.png,retinopatia_diabetica,1,retinopatia_diabetica_leve,train
1452,APTOS_2019,65e530ee2e79.png,retinopatia_diabetica,2,retinopatia_diabetica_moderada,train
1453,APTOS_2019,65e6f1bd9875.png,retinopatia_diabetica,0,sem_retinopatia_diabetica,train
1454,APTOS_2019,65f5d2a6eb7e.png,retinopatia_diabetica,0,sem_retinopatia_diabetica,train
1455,APTOS_2019,65f69234c8a7.png,retinopatia_diabetica,0,sem_retinopatia_diabetica,train
1456,APTOS_2019,6630f8675a97.png,retinopatia_diabetica,4,retinopatia_diabetica_proliferativa,train
1457,APTOS_2019,66366a90d1ef.png,retinopatia_diabetica,0,sem_retinopatia_diabetica,train
1458,APTOS_2019,66375b3c64db.png,retinopatia_diabetica,4,retinopatia_diabetica_proliferativa,train
1459,APTOS_2019,66393d8c60ba.png,retinopatia_diabetica,0,sem_retinopatia_diabetica,train
1460,APTOS_2019,663a923d5398.png,retinopatia_diabetica,2,retinopatia_diabetica_moderada,train
1461,APTOS_2019,66460ecab347.png,retinopatia_diabetica,0,sem_retinopatia_diabetica,train
1462,APTOS_2019,664b1f9a2087.png,retinopatia_diabetica,4,retinopatia_diabetica_proliferativa,train
1463,APTOS_2019,6653ad026901.png,retinopatia_diabetica,0,sem_retinopatia_diabetica,train
1464,APTOS_2019,665ce639a331.png,retinopatia_diabetica,1,retinopatia_diabetica_leve,train
1465,APTOS_2019,6666c4f18396.png,retinopatia_diabetica,2,retinopatia_diabetica_moderada,train
1466,APTOS_2019,668a319c2d23.png,retinopatia_diabetica,0,sem_retinopatia_diabetica,train
1467,APTOS_2019,668e853258cd.png,retinopatia_diabetica,2,retinopatia_diabetica_moderada,train
1468,APTOS_2019,66a0bf258013.png,retinopatia_diabetica,4,retinopatia_diabetica_proliferativa,train
1469,APTOS_2019,66b88a4bc474.png,retinopatia_diabetica,0,sem_retinopatia_diabetica,train
1470,APTOS_2019,66bae1ba227f.png,retinopatia_diabetica,2,retinopatia_diabetica_moderada,train
1471,APTOS_2019,66bfec8d6bcd.png,retinopatia_diabetica,0,sem_retinopatia_diabetica,train
1472,APTOS_2019,66cd9c28e636.png,retinopatia_diabetica,1,retinopatia_diabetica_leve,train
1473,APTOS_2019,66d2ca47aa44.png,retinopatia_diabetica,2,retinopatia_diabetica_moderada,train
1474,APTOS_2019,6733544ae7a6.png,retinopatia_diabetica,2,retinopatia_diabetica_moderada,train
1475,APTOS_2019,6735931000ec.png,retinopatia_diabetica,3,retinopatia_diabetica_grave,train
1476,APTOS_2019,674057ab250c.png,retinopatia_diabetica,2,retinopatia_diabetica_moderada,train
1477,APTOS_2019,675de69373f8.png,retinopatia_diabetica,0,sem_retinopatia_diabetica,train
1478,APTOS_2019,6762b2b48ea5.png,retinopatia_diabetica,1,retinopatia_diabetica_leve,train
1479,APTOS_2019,677f087cd697.png,retinopatia_diabetica,1,retinopatia_diabetica_leve,train
1480,APTOS_2019,67844c46bc61.png,retinopatia_diabetica,2,retinopatia_diabetica_moderada,train
1481,APTOS_2019,67c03349bb31.png,retinopatia_diabetica,2,retinopatia_diabetica_moderada,train
1482,APTOS_2019,67d8f94f04e0.png,retinopatia_diabetica,0,sem_retinopatia_diabetica,train
1483,APTOS_2019,67ed8cc78b97.png,retinopatia_diabetica,0,sem_retinopatia_diabetica,train
1484,APTOS_2019,67f5d89da548.png,retinopatia_diabetica,1,retinopatia_diabetica_leve,train
1485,APTOS_2019,6810410187a0.png,retinopatia_diabetica,2,retinopatia_diabetica_moderada,train
1486,APTOS_2019,681c3c115684.png,retinopatia_diabetica,2,retinopatia_diabetica_moderada,train
1487,APTOS_2019,682312e82ee3.png,retinopatia_diabetica,0,sem_retinopatia_diabetica,train
1488,APTOS_2019,683023cda6a5.png,retinopatia_diabetica,0,sem_retinopatia_diabetica,train
1489,APTOS_2019,68332fdcaa70.png,retinopatia_diabetica,1,retinopatia_diabetica_leve,train
1490,APTOS_2019,684dd88a0d49.png,retinopatia_diabetica,0,sem_retinopatia_diabetica,train
1491,APTOS_2019,6852f4531591.png,retinopatia_diabetica,0,sem_retinopatia_diabetica,train
1492,APTOS_2019,686ed1dbae20.png,retinopatia_diabetica,2,retinopatia_diabetica_moderada,train
1493,APTOS_2019,687759336b0d.png,retinopatia_diabetica,3,retinopatia_diabetica_grave,train
1494,APTOS_2019,6889bc64ab09.png,retinopatia_diabetica,2,retinopatia_diabetica_moderada,train
1495,APTOS_2019,68987fb159ab.png,retinopatia_diabetica,0,sem_retinopatia_diabetica,train
1496,APTOS_2019,68ddb15a74de.png,retinopatia_diabetica,0,sem_retinopatia_diabetica,train
1497,APTOS_2019,691eeb59b4cb.png,retinopatia_diabetica,0,sem_retinopatia_diabetica,train
1498,APTOS_2019,692e946b1f85.png,retinopatia_diabetica,0,sem_retinopatia_diabetica,train
1499,APTOS_2019,69591ebb198d.png,retinopatia_diabetica,2,retinopatia_diabetica_moderada,train
1500,APTOS_2019,6966abf40b8c.png,retinopatia_diabetica,0,sem_retinopatia_diabetica,train
1501,APTOS_2019,697538183db5.png,retinopatia_diabetica,3,retinopatia_diabetica_grave,train
1502,APTOS_2019,6987804eb464.png,retinopatia_diabetica,2,retinopatia_diabetica_moderada,train
1503,APTOS_2019,698d6e422a80.png,retinopatia_diabetica,2,retinopatia_diabetica_moderada,train
1504,APTOS_2019,69b3a00927fc.png,retinopatia_diabetica,0,sem_retinopatia_diabetica,train
1505,APTOS_2019,69c4cbb630de.png,retinopatia_diabetica,0,sem_retinopatia_diabetica,train
1506,APTOS_2019,69df7ade0575.png,retinopatia_diabetica,2,retinopatia_diabetica_moderada,train
1507,APTOS_2019,69f43381317b.png,retinopatia_diabetica,0,sem_retinopatia_diabetica,train
1508,APTOS_2019,69fff98cb32a.png,retinopatia_diabetica,4,retinopatia_diabetica_proliferativa,train
1509,APTOS_2019,6a244e855d0e.png,retinopatia_diabetica,3,retinopatia_diabetica_grave,train
1510,APTOS_2019,6a2642131e4a.png,retinopatia_diabetica,0,sem_retinopatia_diabetica,train
1511,APTOS_2019,6a2c3f4ef329.png,retinopatia_diabetica,0,sem_retinopatia_diabetica,train
1512,APTOS_2019,6a57a3db3eff.png,retinopatia_diabetica,0,sem_retinopatia_diabetica,train
1513,APTOS_2019,6a905a7202d2.png,retinopatia_diabetica,0,sem_retinopatia_diabetica,train
1514,APTOS_2019,6a91eb157f47.png,retinopatia_diabetica,2,retinopatia_diabetica_moderada,train
1515,APTOS_2019,6af071b0ac6e.png,retinopatia_diabetica,0,sem_retinopatia_diabetica,train
1516,APTOS_2019,6b00cb764237.png,retinopatia_diabetica,1,retinopatia_diabetica_leve,train
1517,APTOS_2019,6b07971c3bf6.png,retinopatia_diabetica,1,retinopatia_diabetica_leve,train
1518,APTOS_2019,6b128e648646.png,retinopatia_diabetica,3,retinopatia_diabetica_grave,train
1519,APTOS_2019,6b30767595d8.png,retinopatia_diabetica,0,sem_retinopatia_diabetica,train
1520,APTOS_2019,6b3860e8f64f.png,retinopatia_diabetica,0,sem_retinopatia_diabetica,train
1521,APTOS_2019,6b664ed2a938.png,retinopatia_diabetica,0,sem_retinopatia_diabetica,train
1522,APTOS_2019,6b66b0e86f7e.png,retinopatia_diabetica,0,sem_retinopatia_diabetica,train
1523,APTOS_2019,6b7cf869622a.png,retinopatia_diabetica,2,retinopatia_diabetica_moderada,train
1524,APTOS_2019,6b869f37cdf3.png,retinopatia_diabetica,2,retinopatia_diabetica_moderada,train
1525,APTOS_2019,6b91e99c9408.png,retinopatia_diabetica,0,sem_retinopatia_diabetica,train
1526,APTOS_2019,6ba5ed791444.png,retinopatia_diabetica,2,retinopatia_diabetica_moderada,train
1527,APTOS_2019,6baafa56895c.png,retinopatia_diabetica,3,retinopatia_diabetica_grave,train
1528,APTOS_2019,6bb30ec3231a.png,retinopatia_diabetica,0,sem_retinopatia_diabetica,train
1529,APTOS_2019,6bcce181be65.png,retinopatia_diabetica,0,sem_retinopatia_diabetica,train
1530,APTOS_2019,6bf26b777e3a.png,retinopatia_diabetica,0,sem_retinopatia_diabetica,train
1531,APTOS_2019,6bf2a81a5d91.png,retinopatia_diabetica,0,sem_retinopatia_diabetica,train
1532,APTOS_2019,6c00dd8bf708.png,retinopatia_diabetica,0,sem_retinopatia_diabetica,train
1533,APTOS_2019,6c250a30593b.png,retinopatia_diabetica,4,retinopatia_diabetica_proliferativa,train
1534,APTOS_2019,6c2555a9cae4.png,retinopatia_diabetica,2,retinopatia_diabetica_moderada,train
1535,APTOS_2019,6c30dd481717.png,retinopatia_diabetica,0,sem_retinopatia_diabetica,train
1536,APTOS_2019,6c315ad3d07f.png,retinopatia_diabetica,2,retinopatia_diabetica_moderada,train
1537,APTOS_2019,6c3589d7ed8d.png,retinopatia_diabetica,0,sem_retinopatia_diabetica,train
1538,APTOS_2019,6c3745a222da.png,retinopatia_diabetica,4,retinopatia_diabetica_proliferativa,train
1539,APTOS_2019,6c4ec95dd8ba.png,retinopatia_diabetica,0,sem_retinopatia_diabetica,train
1540,APTOS_2019,6c6505a0c637.png,retinopatia_diabetica,0,sem_retinopatia_diabetica,train
1541,APTOS_2019,6c6efb6b1358.png,retinopatia_diabetica,1,retinopatia_diabetica_leve,train
1542,APTOS_2019,6c9c902a97de.png,retinopatia_diabetica,0,sem_retinopatia_diabetica,train
1543,APTOS_2019,6cb96a6fb029.png,retinopatia_diabetica,0,sem_retinopatia_diabetica,train
1544,APTOS_2019,6cb98da77e3e.png,retinopatia_diabetica,2,retinopatia_diabetica_moderada,train
1545,APTOS_2019,6cbc3dad809c.png,retinopatia_diabetica,2,retinopatia_diabetica_moderada,train
1546,APTOS_2019,6ccfdb031184.png,retinopatia_diabetica,0,sem_retinopatia_diabetica,train
1547,APTOS_2019,6cd606dc52e9.png,retinopatia_diabetica,4,retinopatia_diabetica_proliferativa,train
1548,APTOS_2019,6cdd0f985270.png,retinopatia_diabetica,1,retinopatia_diabetica_leve,train
1549,APTOS_2019,6cee2e148520.png,retinopatia_diabetica,0,sem_retinopatia_diabetica,train
1550,APTOS_2019,6cfb7b44ef6f.png,retinopatia_diabetica,4,retinopatia_diabetica_proliferativa,train
1551,APTOS_2019,6cffc6c6851a.png,retinopatia_diabetica,0,sem_retinopatia_diabetica,train
1552,APTOS_2019,6d0c0531083f.png,retinopatia_diabetica,3,retinopatia_diabetica_grave,train
1553,APTOS_2019,6d10709053ae.png,retinopatia_diabetica,0,sem_retinopatia_diabetica,train
1554,APTOS_2019,6d259b5b4c76.png,retinopatia_diabetica,4,retinopatia_diabetica_proliferativa,train
1555,APTOS_2019,6d292ca4c9ad.png,retinopatia_diabetica,1,retinopatia_diabetica_leve,train
1556,APTOS_2019,6d3d1fe6c32a.png,retinopatia_diabetica,2,retinopatia_diabetica_moderada,train
1557,APTOS_2019,6d454444f17c.png,retinopatia_diabetica,2,retinopatia_diabetica_moderada,train
1558,APTOS_2019,6d4f6c9a8406.png,retinopatia_diabetica,0,sem_retinopatia_diabetica,train
1559,APTOS_2019,6d5a8362dd1e.png,retinopatia_diabetica,0,sem_retinopatia_diabetica,train
1560,APTOS_2019,6d6be4cfc73f.png,retinopatia_diabetica,0,sem_retinopatia_diabetica,train
1561,APTOS_2019,6d6fcf49e515.png,retinopatia_diabetica,0,sem_retinopatia_diabetica,train
1562,APTOS_2019,6d7d26025122.png,retinopatia_diabetica,4,retinopatia_diabetica_proliferativa,train
1563,APTOS_2019,6d9effbcde78.png,retinopatia_diabetica,0,sem_retinopatia_diabetica,train
1564,APTOS_2019,6daef3e5ca22.png,retinopatia_diabetica,4,retinopatia_diabetica_proliferativa,train
1565,APTOS_2019,6dc0281f11e3.png,retinopatia_diabetica,0,sem_retinopatia_diabetica,train
1566,APTOS_2019,6dc07f968794.png,retinopatia_diabetica,0,sem_retinopatia_diabetica,train
1567,APTOS_2019,6dcde47060f9.png,retinopatia_diabetica,2,retinopatia_diabetica_moderada,train
1568,APTOS_2019,6de39b94f634.png,retinopatia_diabetica,0,sem_retinopatia_diabetica,train
1569,APTOS_2019,6df8b7b6e837.png,retinopatia_diabetica,0,sem_retinopatia_diabetica,train
1570,APTOS_2019,6dfd80748e72.png,retinopatia_diabetica,2,retinopatia_diabetica_moderada,train
1571,APTOS_2019,6e018411ba4a.png,retinopatia_diabetica,0,sem_retinopatia_diabetica,train
1572,APTOS_2019,6e092b306fe1.png,retinopatia_diabetica,2,retinopatia_diabetica_moderada,train
1573,APTOS_2019,6e092caa065f.png,retinopatia_diabetica,0,sem_retinopatia_diabetica,train
1574,APTOS_2019,6e0f78e188ff.png,retinopatia_diabetica,0,sem_retinopatia_diabetica,train
1575,APTOS_2019,6e1db8711879.png,retinopatia_diabetica,0,sem_retinopatia_diabetica,train
1576,APTOS_2019,6e3526053de0.png,retinopatia_diabetica,0,sem_retinopatia_diabetica,train
1577,APTOS_2019,6e44f6d04fc9.png,retinopatia_diabetica,0,sem_retinopatia_diabetica,train
1578,APTOS_2019,6e68e742f5bc.png,retinopatia_diabetica,2,retinopatia_diabetica_moderada,train
1579,APTOS_2019,6e73acb2cf60.png,retinopatia_diabetica,4,retinopatia_diabetica_proliferativa,train
1580,APTOS_2019,6e861bc3bd7b.png,retinopatia_diabetica,0,sem_retinopatia_diabetica,train
1581,APTOS_2019,6e92b1c5ac8e.png,retinopatia_diabetica,3,retinopatia_diabetica_grave,train
1582,APTOS_2019,6ea07d19b4ce.png,retinopatia_diabetica,1,retinopatia_diabetica_leve,train
1583,APTOS_2019,6efa36d59ada.png,retinopatia_diabetica,3,retinopatia_diabetica_grave,train
1584,APTOS_2019,6f0463c1ff18.png,retinopatia_diabetica,2,retinopatia_diabetica_moderada,train
1585,APTOS_2019,6f0e5848d9ce.png,retinopatia_diabetica,0,sem_retinopatia_diabetica,train
1586,APTOS_2019,6f3b62e5b7f5.png,retinopatia_diabetica,0,sem_retinopatia_diabetica,train
1587,APTOS_2019,6f460f9968c7.png,retinopatia_diabetica,0,sem_retinopatia_diabetica,train
1588,APTOS_2019,6f4719c6bb4b.png,retinopatia_diabetica,4,retinopatia_diabetica_proliferativa,train
1589,APTOS_2019,6f4e0538d1e4.png,retinopatia_diabetica,2,retinopatia_diabetica_moderada,train
1590,APTOS_2019,6f689fced922.png,retinopatia_diabetica,0,sem_retinopatia_diabetica,train
1591,APTOS_2019,6f923b60934b.png,retinopatia_diabetica,4,retinopatia_diabetica_proliferativa,train
1592,APTOS_2019,6fb656d506b2.png,retinopatia_diabetica,3,retinopatia_diabetica_grave,train
1593,APTOS_2019,6fbaaf8eb67a.png,retinopatia_diabetica,0,sem_retinopatia_diabetica,train
1594,APTOS_2019,6fe4751a3b42.png,retinopatia_diabetica,0,sem_retinopatia_diabetica,train
1595,APTOS_2019,6fe67482bfae.png,retinopatia_diabetica,4,retinopatia_diabetica_proliferativa,train
1596,APTOS_2019,6fe67fd7f5d1.png,retinopatia_diabetica,0,sem_retinopatia_diabetica,train
1597,APTOS_2019,7005be54cab1.png,retinopatia_diabetica,1,retinopatia_diabetica_leve,train
1598,APTOS_2019,702de9dcde32.png,retinopatia_diabetica,4,retinopatia_diabetica_proliferativa,train
1599,APTOS_2019,705f508d1e42.png,retinopatia_diabetica,0,sem_retinopatia_diabetica,train
1600,APTOS_2019,709784f7fcc2.png,retinopatia_diabetica,2,retinopatia_diabetica_moderada,train
1601,APTOS_2019,70d0392397de.png,retinopatia_diabetica,0,sem_retinopatia_diabetica,train
1602,APTOS_2019,70d657f8f503.png,retinopatia_diabetica,4,retinopatia_diabetica_proliferativa,train
1603,APTOS_2019,70ed3ec68b94.png,retinopatia_diabetica,2,retinopatia_diabetica_moderada,train
1604,APTOS_2019,70f5caf5f305.png,retinopatia_diabetica,2,retinopatia_diabetica_moderada,train
1605,APTOS_2019,7102f29e052e.png,retinopatia_diabetica,2,retinopatia_diabetica_moderada,train
1606,APTOS_2019,710b05a96e0f.png,retinopatia_diabetica,4,retinopatia_diabetica_proliferativa,train
1607,APTOS_2019,7116128c65ab.png,retinopatia_diabetica,1,retinopatia_diabetica_leve,train
1608,APTOS_2019,711d1480d2e3.png,retinopatia_diabetica,2,retinopatia_diabetica_moderada,train
1609,APTOS_2019,7131bf4c9e6f.png,retinopatia_diabetica,0,sem_retinopatia_diabetica,train
1610,APTOS_2019,7179f85bfd6f.png,retinopatia_diabetica,0,sem_retinopatia_diabetica,train
1611,APTOS_2019,71a39c660432.png,retinopatia_diabetica,3,retinopatia_diabetica_grave,train
1612,APTOS_2019,71c1a3cdbe47.png,retinopatia_diabetica,1,retinopatia_diabetica_leve,train
1613,APTOS_2019,71c22da3d6c6.png,retinopatia_diabetica,0,sem_retinopatia_diabetica,train
1614,APTOS_2019,71e4130bf5c8.png,retinopatia_diabetica,2,retinopatia_diabetica_moderada,train
1615,APTOS_2019,71e43b4f8ba6.png,retinopatia_diabetica,0,sem_retinopatia_diabetica,train
1616,APTOS_2019,71f6a6e4620a.png,retinopatia_diabetica,1,retinopatia_diabetica_leve,train
1617,APTOS_2019,720b5f62ce80.png,retinopatia_diabetica,0,sem_retinopatia_diabetica,train
1618,APTOS_2019,721214151233.png,retinopatia_diabetica,0,sem_retinopatia_diabetica,train
1619,APTOS_2019,7214fc7cbe03.png,retinopatia_diabetica,0,sem_retinopatia_diabetica,train
1620,APTOS_2019,7247a2c97f71.png,retinopatia_diabetica,2,retinopatia_diabetica_moderada,train
1621,APTOS_2019,72595230840c.png,retinopatia_diabetica,3,retinopatia_diabetica_grave,train
1622,APTOS_2019,72606afaf3da.png,retinopatia_diabetica,0,sem_retinopatia_diabetica,train
1623,APTOS_2019,7269a1d84a57.png,retinopatia_diabetica,0,sem_retinopatia_diabetica,train
1624,APTOS_2019,726dff37edc0.png,retinopatia_diabetica,0,sem_retinopatia_diabetica,train
1625,APTOS_2019,7270367410a1.png,retinopatia_diabetica,4,retinopatia_diabetica_proliferativa,train
1626,APTOS_2019,72a867980067.png,retinopatia_diabetica,0,sem_retinopatia_diabetica,train
1627,APTOS_2019,72c31aa48e2c.png,retinopatia_diabetica,0,sem_retinopatia_diabetica,train
1628,APTOS_2019,72d98188648f.png,retinopatia_diabetica,4,retinopatia_diabetica_proliferativa,train
1629,APTOS_2019,731b19a460ad.png,retinopatia_diabetica,2,retinopatia_diabetica_moderada,train
1630,APTOS_2019,7335a2d43ada.png,retinopatia_diabetica,1,retinopatia_diabetica_leve,train
1631,APTOS_2019,7347bd23ba80.png,retinopatia_diabetica,0,sem_retinopatia_diabetica,train
1632,APTOS_2019,7347f5133a6a.png,retinopatia_diabetica,1,retinopatia_diabetica_leve,train
1633,APTOS_2019,7350c50667c5.png,retinopatia_diabetica,2,retinopatia_diabetica_moderada,train
1634,APTOS_2019,7356dd08b0ae.png,retinopatia_diabetica,2,retinopatia_diabetica_moderada,train
1635,APTOS_2019,735836b1ffa6.png,retinopatia_diabetica,0,sem_retinopatia_diabetica,train
1636,APTOS_2019,737ef6226677.png,retinopatia_diabetica,0,sem_retinopatia_diabetica,train
1637,APTOS_2019,73881f55a3ec.png,retinopatia_diabetica,1,retinopatia_diabetica_leve,train
1638,APTOS_2019,73a07e2ea23e.png,retinopatia_diabetica,0,sem_retinopatia_diabetica,train
1639,APTOS_2019,73ba798fee25.png,retinopatia_diabetica,0,sem_retinopatia_diabetica,train
1640,APTOS_2019,73d40ce06a67.png,retinopatia_diabetica,0,sem_retinopatia_diabetica,train
1641,APTOS_2019,73e83a07a16d.png,retinopatia_diabetica,2,retinopatia_diabetica_moderada,train
1642,APTOS_2019,73ef3c3dcbe4.png,retinopatia_diabetica,0,sem_retinopatia_diabetica,train
1643,APTOS_2019,74211a2b6dcf.png,retinopatia_diabetica,0,sem_retinopatia_diabetica,train
1644,APTOS_2019,7427dedafccf.png,retinopatia_diabetica,1,retinopatia_diabetica_leve,train
1645,APTOS_2019,7435e9a3e36e.png,retinopatia_diabetica,0,sem_retinopatia_diabetica,train
1646,APTOS_2019,74418f620068.png,retinopatia_diabetica,2,retinopatia_diabetica_moderada,train
1647,APTOS_2019,7455e2b5fc57.png,retinopatia_diabetica,2,retinopatia_diabetica_moderada,train
1648,APTOS_2019,74898f372d2b.png,retinopatia_diabetica,0,sem_retinopatia_diabetica,train
1649,APTOS_2019,74eee788edee.png,retinopatia_diabetica,3,retinopatia_diabetica_grave,train
1650,APTOS_2019,750e0168399d.png,retinopatia_diabetica,0,sem_retinopatia_diabetica,train
1651,APTOS_2019,75238d945315.png,retinopatia_diabetica,0,sem_retinopatia_diabetica,train
1652,APTOS_2019,7525ebb3434d.png,retinopatia_diabetica,3,retinopatia_diabetica_grave,train
1653,APTOS_2019,7526c59c36d3.png,retinopatia_diabetica,0,sem_retinopatia_diabetica,train
1654,APTOS_2019,7526cf435753.png,retinopatia_diabetica,0,sem_retinopatia_diabetica,train
1655,APTOS_2019,75369248dba0.png,retinopatia_diabetica,0,sem_retinopatia_diabetica,train
1656,APTOS_2019,753b14c27c83.png,retinopatia_diabetica,4,retinopatia_diabetica_proliferativa,train
1657,APTOS_2019,7550966ef777.png,retinopatia_diabetica,2,retinopatia_diabetica_moderada,train
1658,APTOS_2019,7569ac24762e.png,retinopatia_diabetica,0,sem_retinopatia_diabetica,train
1659,APTOS_2019,756b0d6488bb.png,retinopatia_diabetica,1,retinopatia_diabetica_leve,train
1660,APTOS_2019,757572337fd0.png,retinopatia_diabetica,2,retinopatia_diabetica_moderada,train
1661,APTOS_2019,757e39293591.png,retinopatia_diabetica,0,sem_retinopatia_diabetica,train
1662,APTOS_2019,75a071608ea6.png,retinopatia_diabetica,0,sem_retinopatia_diabetica,train
1663,APTOS_2019,75a4343b12f9.png,retinopatia_diabetica,0,sem_retinopatia_diabetica,train
1664,APTOS_2019,75a7bc945b7d.png,retinopatia_diabetica,2,retinopatia_diabetica_moderada,train
1665,APTOS_2019,75c180e04f65.png,retinopatia_diabetica,0,sem_retinopatia_diabetica,train
1666,APTOS_2019,75ed83dbccce.png,retinopatia_diabetica,0,sem_retinopatia_diabetica,train
1667,APTOS_2019,76095c338728.png,retinopatia_diabetica,0,sem_retinopatia_diabetica,train
1668,APTOS_2019,760b6f4c6d82.png,retinopatia_diabetica,2,retinopatia_diabetica_moderada,train
1669,APTOS_2019,762d6e5d5068.png,retinopatia_diabetica,3,retinopatia_diabetica_grave,train
1670,APTOS_2019,7635921c5efb.png,retinopatia_diabetica,0,sem_retinopatia_diabetica,train
1671,APTOS_2019,763ad1236efe.png,retinopatia_diabetica,0,sem_retinopatia_diabetica,train
1672,APTOS_2019,76516f828d88.png,retinopatia_diabetica,0,sem_retinopatia_diabetica,train
1673,APTOS_2019,7663aba8d762.png,retinopatia_diabetica,2,retinopatia_diabetica_moderada,train
1674,APTOS_2019,767d777ee889.png,retinopatia_diabetica,0,sem_retinopatia_diabetica,train
1675,APTOS_2019,76b950c6ed5e.png,retinopatia_diabetica,0,sem_retinopatia_diabetica,train
1676,APTOS_2019,76bc31e0d3be.png,retinopatia_diabetica,0,sem_retinopatia_diabetica,train
1677,APTOS_2019,76be29bb30b2.png,retinopatia_diabetica,1,retinopatia_diabetica_leve,train
1678,APTOS_2019,76c0c7e1b6cb.png,retinopatia_diabetica,2,retinopatia_diabetica_moderada,train
1679,APTOS_2019,76cab26493f1.png,retinopatia_diabetica,0,sem_retinopatia_diabetica,train
1680,APTOS_2019,76cb010f7aa0.png,retinopatia_diabetica,0,sem_retinopatia_diabetica,train
1681,APTOS_2019,76cfe8967f7d.png,retinopatia_diabetica,2,retinopatia_diabetica_moderada,train
1682,APTOS_2019,76df141d966b.png,retinopatia_diabetica,0,sem_retinopatia_diabetica,train
1683,APTOS_2019,76e589911303.png,retinopatia_diabetica,1,retinopatia_diabetica_leve,train
1684,APTOS_2019,76e5b50f95a7.png,retinopatia_diabetica,0,sem_retinopatia_diabetica,train
1685,APTOS_2019,76e6a9238570.png,retinopatia_diabetica,2,retinopatia_diabetica_moderada,train
1686,APTOS_2019,76f3473df8a6.png,retinopatia_diabetica,0,sem_retinopatia_diabetica,train
1687,APTOS_2019,76fe19ff64fb.png,retinopatia_diabetica,2,retinopatia_diabetica_moderada,train
1688,APTOS_2019,772af553b8b7.png,retinopatia_diabetica,3,retinopatia_diabetica_grave,train
1689,APTOS_2019,7743f4e04a6d.png,retinopatia_diabetica,2,retinopatia_diabetica_moderada,train
1690,APTOS_2019,77543f66a84a.png,retinopatia_diabetica,2,retinopatia_diabetica_moderada,train
1691,APTOS_2019,77a1f1398fdb.png,retinopatia_diabetica,0,sem_retinopatia_diabetica,train
1692,APTOS_2019,77a9538b8362.png,retinopatia_diabetica,1,retinopatia_diabetica_leve,train
1693,APTOS_2019,77ab222bf85c.png,retinopatia_diabetica,0,sem_retinopatia_diabetica,train
1694,APTOS_2019,77acc2cafee1.png,retinopatia_diabetica,0,sem_retinopatia_diabetica,train
1695,APTOS_2019,77b7b71ebcc3.png,retinopatia_diabetica,0,sem_retinopatia_diabetica,train
1696,APTOS_2019,77baa08a1345.png,retinopatia_diabetica,2,retinopatia_diabetica_moderada,train
1697,APTOS_2019,77e15f213b04.png,retinopatia_diabetica,0,sem_retinopatia_diabetica,train
1698,APTOS_2019,77e7c7a160c8.png,retinopatia_diabetica,2,retinopatia_diabetica_moderada,train
1699,APTOS_2019,77f69c7ff324.png,retinopatia_diabetica,2,retinopatia_diabetica_moderada,train
1700,APTOS_2019,780be525036d.png,retinopatia_diabetica,0,sem_retinopatia_diabetica,train
1701,APTOS_2019,780f9c237c56.png,retinopatia_diabetica,0,sem_retinopatia_diabetica,train
1702,APTOS_2019,780f9daaa24b.png,retinopatia_diabetica,0,sem_retinopatia_diabetica,train
1703,APTOS_2019,7828dd083cdc.png,retinopatia_diabetica,0,sem_retinopatia_diabetica,train
1704,APTOS_2019,7831ce1d895e.png,retinopatia_diabetica,0,sem_retinopatia_diabetica,train
1705,APTOS_2019,784d6d302f98.png,retinopatia_diabetica,0,sem_retinopatia_diabetica,train
1706,APTOS_2019,785777558f05.png,retinopatia_diabetica,4,retinopatia_diabetica_proliferativa,train
1707,APTOS_2019,7877be80901c.png,retinopatia_diabetica,2,retinopatia_diabetica_moderada,train
1708,APTOS_2019,788ddb0b70b7.png,retinopatia_diabetica,3,retinopatia_diabetica_grave,train
1709,APTOS_2019,78937523f7a8.png,retinopatia_diabetica,0,sem_retinopatia_diabetica,train
1710,APTOS_2019,789434d095d1.png,retinopatia_diabetica,4,retinopatia_diabetica_proliferativa,train
1711,APTOS_2019,789c60cba801.png,retinopatia_diabetica,0,sem_retinopatia_diabetica,train
1712,APTOS_2019,789f0ec1eab8.png,retinopatia_diabetica,0,sem_retinopatia_diabetica,train
1713,APTOS_2019,78a577c3e0bf.png,retinopatia_diabetica,2,retinopatia_diabetica_moderada,train
1714,APTOS_2019,78b3f819dcc5.png,retinopatia_diabetica,4,retinopatia_diabetica_proliferativa,train
1715,APTOS_2019,78bcdffb8785.png,retinopatia_diabetica,1,retinopatia_diabetica_leve,train
1716,APTOS_2019,78d53c82a23e.png,retinopatia_diabetica,2,retinopatia_diabetica_moderada,train
1717,APTOS_2019,79059d0592c4.png,retinopatia_diabetica,2,retinopatia_diabetica_moderada,train
1718,APTOS_2019,79540be95177.png,retinopatia_diabetica,2,retinopatia_diabetica_moderada,train
1719,APTOS_2019,799214e8b07c.png,retinopatia_diabetica,0,sem_retinopatia_diabetica,train
1720,APTOS_2019,799cb4c816ae.png,retinopatia_diabetica,2,retinopatia_diabetica_moderada,train
1721,APTOS_2019,79ade634c633.png,retinopatia_diabetica,0,sem_retinopatia_diabetica,train
1722,APTOS_2019,79be2ff796bf.png,retinopatia_diabetica,2,retinopatia_diabetica_moderada,train
1723,APTOS_2019,79cbae28d8b2.png,retinopatia_diabetica,0,sem_retinopatia_diabetica,train
1724,APTOS_2019,79ce83c07588.png,retinopatia_diabetica,1,retinopatia_diabetica_leve,train
1725,APTOS_2019,79d44db3da2d.png,retinopatia_diabetica,4,retinopatia_diabetica_proliferativa,train
1726,APTOS_2019,7a06ea127e02.png,retinopatia_diabetica,0,sem_retinopatia_diabetica,train
1727,APTOS_2019,7a0cff4c24b2.png,retinopatia_diabetica,2,retinopatia_diabetica_moderada,train
1728,APTOS_2019,7a12f49e29df.png,retinopatia_diabetica,0,sem_retinopatia_diabetica,train
1729,APTOS_2019,7a238a1d3cf3.png,retinopatia_diabetica,4,retinopatia_diabetica_proliferativa,train
1730,APTOS_2019,7a39c91416e2.png,retinopatia_diabetica,0,sem_retinopatia_diabetica,train
1731,APTOS_2019,7a3ea1779b13.png,retinopatia_diabetica,1,retinopatia_diabetica_leve,train
1732,APTOS_2019,7a42443ed106.png,retinopatia_diabetica,0,sem_retinopatia_diabetica,train
1733,APTOS_2019,7a46cfa69bae.png,retinopatia_diabetica,0,sem_retinopatia_diabetica,train
1734,APTOS_2019,7a6495a39d87.png,retinopatia_diabetica,0,sem_retinopatia_diabetica,train
1735,APTOS_2019,7a6e384a0846.png,retinopatia_diabetica,3,retinopatia_diabetica_grave,train
1736,APTOS_2019,7a77c3eb468c.png,retinopatia_diabetica,0,sem_retinopatia_diabetica,train
1737,APTOS_2019,7a9f45fdf29b.png,retinopatia_diabetica,0,sem_retinopatia_diabetica,train
1738,APTOS_2019,7aabd768abff.png,retinopatia_diabetica,0,sem_retinopatia_diabetica,train
1739,APTOS_2019,7ad0c4975890.png,retinopatia_diabetica,0,sem_retinopatia_diabetica,train
1740,APTOS_2019,7adfb8fc0621.png,retinopatia_diabetica,0,sem_retinopatia_diabetica,train
1741,APTOS_2019,7ae69d22075a.png,retinopatia_diabetica,1,retinopatia_diabetica_leve,train
1742,APTOS_2019,7af4d8704032.png,retinopatia_diabetica,0,sem_retinopatia_diabetica,train
1743,APTOS_2019,7b20210d9120.png,retinopatia_diabetica,1,retinopatia_diabetica_leve,train
1744,APTOS_2019,7b211d8bd249.png,retinopatia_diabetica,4,retinopatia_diabetica_proliferativa,train
1745,APTOS_2019,7b29e3783919.png,retinopatia_diabetica,3,retinopatia_diabetica_grave,train
1746,APTOS_2019,7b49041cbf17.png,retinopatia_diabetica,3,retinopatia_diabetica_grave,train
1747,APTOS_2019,7b691d9ced34.png,retinopatia_diabetica,0,sem_retinopatia_diabetica,train
1748,APTOS_2019,7b87b0015282.png,retinopatia_diabetica,0,sem_retinopatia_diabetica,train
1749,APTOS_2019,7b8c78b41c0d.png,retinopatia_diabetica,2,retinopatia_diabetica_moderada,train
1750,APTOS_2019,7b9d519cbd66.png,retinopatia_diabetica,0,sem_retinopatia_diabetica,train
1751,APTOS_2019,7ba6b23c4b46.png,retinopatia_diabetica,0,sem_retinopatia_diabetica,train
1752,APTOS_2019,7bc00e58d419.png,retinopatia_diabetica,0,sem_retinopatia_diabetica,train
1753,APTOS_2019,7bc2e0fa3f72.png,retinopatia_diabetica,2,retinopatia_diabetica_moderada,train
1754,APTOS_2019,7bc4dd99eee5.png,retinopatia_diabetica,4,retinopatia_diabetica_proliferativa,train
1755,APTOS_2019,7bda86d95c5b.png,retinopatia_diabetica,2,retinopatia_diabetica_moderada,train
1756,APTOS_2019,7be1b9aa78aa.png,retinopatia_diabetica,0,sem_retinopatia_diabetica,train
1757,APTOS_2019,7bf981d9c7fe.png,retinopatia_diabetica,1,retinopatia_diabetica_leve,train
1758,APTOS_2019,7c2e852171c0.png,retinopatia_diabetica,0,sem_retinopatia_diabetica,train
1759,APTOS_2019,7c2f820a6425.png,retinopatia_diabetica,2,retinopatia_diabetica_moderada,train
1760,APTOS_2019,7c3747c0b2c3.png,retinopatia_diabetica,0,sem_retinopatia_diabetica,train
1761,APTOS_2019,7c52fe73e748.png,retinopatia_diabetica,2,retinopatia_diabetica_moderada,train
1762,APTOS_2019,7c629b491d1a.png,retinopatia_diabetica,4,retinopatia_diabetica_proliferativa,train
1763,APTOS_2019,7c6594b50690.png,retinopatia_diabetica,0,sem_retinopatia_diabetica,train
1764,APTOS_2019,7c90ab025331.png,retinopatia_diabetica,4,retinopatia_diabetica_proliferativa,train
1765,APTOS_2019,7cc4b7aabe04.png,retinopatia_diabetica,4,retinopatia_diabetica_proliferativa,train
1766,APTOS_2019,7ccb267fd394.png,retinopatia_diabetica,1,retinopatia_diabetica_leve,train
1767,APTOS_2019,7ccf9d25dc48.png,retinopatia_diabetica,0,sem_retinopatia_diabetica,train
1768,APTOS_2019,7ce671f952be.png,retinopatia_diabetica,0,sem_retinopatia_diabetica,train
1769,APTOS_2019,7d0a871c45db.png,retinopatia_diabetica,0,sem_retinopatia_diabetica,train
1770,APTOS_2019,7d11dbc1e738.png,retinopatia_diabetica,0,sem_retinopatia_diabetica,train
1771,APTOS_2019,7d1b40fdbd86.png,retinopatia_diabetica,2,retinopatia_diabetica_moderada,train
1772,APTOS_2019,7d1da90d3ca9.png,retinopatia_diabetica,2,retinopatia_diabetica_moderada,train
1773,APTOS_2019,7d261f986bef.png,retinopatia_diabetica,2,retinopatia_diabetica_moderada,train
1774,APTOS_2019,7d37a2939f12.png,retinopatia_diabetica,2,retinopatia_diabetica_moderada,train
1775,APTOS_2019,7d3835e4e63a.png,retinopatia_diabetica,3,retinopatia_diabetica_grave,train
1776,APTOS_2019,7d48f8cdfb69.png,retinopatia_diabetica,0,sem_retinopatia_diabetica,train
1777,APTOS_2019,7d626a7ffe76.png,retinopatia_diabetica,4,retinopatia_diabetica_proliferativa,train
1778,APTOS_2019,7d8f67cadc29.png,retinopatia_diabetica,2,retinopatia_diabetica_moderada,train
1779,APTOS_2019,7d94a000c2d0.png,retinopatia_diabetica,0,sem_retinopatia_diabetica,train
1780,APTOS_2019,7da558d92100.png,retinopatia_diabetica,0,sem_retinopatia_diabetica,train
1781,APTOS_2019,7ddcfcea7369.png,retinopatia_diabetica,0,sem_retinopatia_diabetica,train
1782,APTOS_2019,7dee6bf8b9c1.png,retinopatia_diabetica,2,retinopatia_diabetica_moderada,train
1783,APTOS_2019,7e0598cc88a0.png,retinopatia_diabetica,4,retinopatia_diabetica_proliferativa,train
1784,APTOS_2019,7e160c8b611e.png,retinopatia_diabetica,3,retinopatia_diabetica_grave,train
1785,APTOS_2019,7e4019ac7f5a.png,retinopatia_diabetica,4,retinopatia_diabetica_proliferativa,train
1786,APTOS_2019,7e5a76c4e103.png,retinopatia_diabetica,0,sem_retinopatia_diabetica,train
1787,APTOS_2019,7e6e90a93aa5.png,retinopatia_diabetica,2,retinopatia_diabetica_moderada,train
1788,APTOS_2019,7e70344b0c25.png,retinopatia_diabetica,0,sem_retinopatia_diabetica,train
1789,APTOS_2019,7e77b61e1639.png,retinopatia_diabetica,0,sem_retinopatia_diabetica,train
1790,APTOS_2019,7e9081e95bf6.png,retinopatia_diabetica,0,sem_retinopatia_diabetica,train
1791,APTOS_2019,7e9458de5707.png,retinopatia_diabetica,2,retinopatia_diabetica_moderada,train
1792,APTOS_2019,7e980424868e.png,retinopatia_diabetica,0,sem_retinopatia_diabetica,train
1793,APTOS_2019,7ea756985353.png,retinopatia_diabetica,1,retinopatia_diabetica_leve,train
1794,APTOS_2019,7ec0e61a7e29.png,retinopatia_diabetica,0,sem_retinopatia_diabetica,train
1795,APTOS_2019,7ec1ffe8220b.png,retinopatia_diabetica,2,retinopatia_diabetica_moderada,train
1796,APTOS_2019,7ed4128b2a4e.png,retinopatia_diabetica,0,sem_retinopatia_diabetica,train
1797,APTOS_2019,7ee6de71c140.png,retinopatia_diabetica,0,sem_retinopatia_diabetica,train
1798,APTOS_2019,7eeb191ad06b.png,retinopatia_diabetica,0,sem_retinopatia_diabetica,train
1799,APTOS_2019,7eee3d1f1268.png,retinopatia_diabetica,0,sem_retinopatia_diabetica,train
1800,APTOS_2019,7ef5ff774a48.png,retinopatia_diabetica,1,retinopatia_diabetica_leve,train
1801,APTOS_2019,7efc91af4ae6.png,retinopatia_diabetica,4,retinopatia_diabetica_proliferativa,train
1802,APTOS_2019,7f0ffeb0a333.png,retinopatia_diabetica,0,sem_retinopatia_diabetica,train
1803,APTOS_2019,7f1f3269f546.png,retinopatia_diabetica,0,sem_retinopatia_diabetica,train
1804,APTOS_2019,7f2123bc89a3.png,retinopatia_diabetica,0,sem_retinopatia_diabetica,train
1805,APTOS_2019,7f2cce721e19.png,retinopatia_diabetica,0,sem_retinopatia_diabetica,train
1806,APTOS_2019,7f39c36469b5.png,retinopatia_diabetica,0,sem_retinopatia_diabetica,train
1807,APTOS_2019,7f43becd3e83.png,retinopatia_diabetica,0,sem_retinopatia_diabetica,train
1808,APTOS_2019,7f60f2a083d3.png,retinopatia_diabetica,1,retinopatia_diabetica_leve,train
1809,APTOS_2019,7f6690fa390a.png,retinopatia_diabetica,0,sem_retinopatia_diabetica,train
1810,APTOS_2019,7f6ce40f306b.png,retinopatia_diabetica,2,retinopatia_diabetica_moderada,train
1811,APTOS_2019,7f84284598f5.png,retinopatia_diabetica,2,retinopatia_diabetica_moderada,train
1812,APTOS_2019,7fc3a8bb40de.png,retinopatia_diabetica,0,sem_retinopatia_diabetica,train
1813,APTOS_2019,7fdb177b8f7d.png,retinopatia_diabetica,0,sem_retinopatia_diabetica,train
1814,APTOS_2019,7fe7309d0b4f.png,retinopatia_diabetica,0,sem_retinopatia_diabetica,train
1815,APTOS_2019,8000a6b97a84.png,retinopatia_diabetica,2,retinopatia_diabetica_moderada,train
1816,APTOS_2019,8010c931321f.png,retinopatia_diabetica,0,sem_retinopatia_diabetica,train
1817,APTOS_2019,803120c5d287.png,retinopatia_diabetica,2,retinopatia_diabetica_moderada,train
1818,APTOS_2019,807135cbc438.png,retinopatia_diabetica,2,retinopatia_diabetica_moderada,train
1819,APTOS_2019,80964d8e0863.png,retinopatia_diabetica,4,retinopatia_diabetica_proliferativa,train
1820,APTOS_2019,80a02014b418.png,retinopatia_diabetica,1,retinopatia_diabetica_leve,train
1821,APTOS_2019,80b5697f2a5e.png,retinopatia_diabetica,0,sem_retinopatia_diabetica,train
1822,APTOS_2019,80b5a9519aec.png,retinopatia_diabetica,2,retinopatia_diabetica_moderada,train
1823,APTOS_2019,80c67efc8101.png,retinopatia_diabetica,0,sem_retinopatia_diabetica,train
1824,APTOS_2019,80ca40196225.png,retinopatia_diabetica,3,retinopatia_diabetica_grave,train
1825,APTOS_2019,80d24897669f.png,retinopatia_diabetica,1,retinopatia_diabetica_leve,train
1826,APTOS_2019,80dbeb0fdc75.png,retinopatia_diabetica,0,sem_retinopatia_diabetica,train
1827,APTOS_2019,80e6e425f966.png,retinopatia_diabetica,0,sem_retinopatia_diabetica,train
1828,APTOS_2019,80e7cc0a0649.png,retinopatia_diabetica,3,retinopatia_diabetica_grave,train
1829,APTOS_2019,80ed04a84a16.png,retinopatia_diabetica,0,sem_retinopatia_diabetica,train
1830,APTOS_2019,80f6b30ece8c.png,retinopatia_diabetica,0,sem_retinopatia_diabetica,train
1831,APTOS_2019,80feb1f7ca5e.png,retinopatia_diabetica,2,retinopatia_diabetica_moderada,train
1832,APTOS_2019,810d3779abd9.png,retinopatia_diabetica,3,retinopatia_diabetica_grave,train
1833,APTOS_2019,810ed108f5b7.png,retinopatia_diabetica,0,sem_retinopatia_diabetica,train
1834,APTOS_2019,8114d6a160df.png,retinopatia_diabetica,1,retinopatia_diabetica_leve,train
1835,APTOS_2019,812d5adafaf2.png,retinopatia_diabetica,2,retinopatia_diabetica_moderada,train
1836,APTOS_2019,81371b0c01ad.png,retinopatia_diabetica,0,sem_retinopatia_diabetica,train
1837,APTOS_2019,81704925f759.png,retinopatia_diabetica,0,sem_retinopatia_diabetica,train
1838,APTOS_2019,8185ce1cdcef.png,retinopatia_diabetica,0,sem_retinopatia_diabetica,train
1839,APTOS_2019,81914ceb4e74.png,retinopatia_diabetica,0,sem_retinopatia_diabetica,train
1840,APTOS_2019,8191ae701985.png,retinopatia_diabetica,0,sem_retinopatia_diabetica,train
1841,APTOS_2019,81b0a2651c45.png,retinopatia_diabetica,2,retinopatia_diabetica_moderada,train
1842,APTOS_2019,81bc03e2ff2b.png,retinopatia_diabetica,2,retinopatia_diabetica_moderada,train
1843,APTOS_2019,81d79d53ed7b.png,retinopatia_diabetica,0,sem_retinopatia_diabetica,train
1844,APTOS_2019,8201cab8322d.png,retinopatia_diabetica,3,retinopatia_diabetica_grave,train
1845,APTOS_2019,82088c6734e6.png,retinopatia_diabetica,0,sem_retinopatia_diabetica,train
1846,APTOS_2019,821789e9053f.png,retinopatia_diabetica,1,retinopatia_diabetica_leve,train
1847,APTOS_2019,8241e43408a8.png,retinopatia_diabetica,0,sem_retinopatia_diabetica,train
1848,APTOS_2019,8273fdb4405e.png,retinopatia_diabetica,1,retinopatia_diabetica_leve,train
1849,APTOS_2019,82910bba4753.png,retinopatia_diabetica,2,retinopatia_diabetica_moderada,train
1850,APTOS_2019,82ac8463fadd.png,retinopatia_diabetica,1,retinopatia_diabetica_leve,train
1851,APTOS_2019,82bb8a01935f.png,retinopatia_diabetica,4,retinopatia_diabetica_proliferativa,train
1852,APTOS_2019,82d364726a58.png,retinopatia_diabetica,0,sem_retinopatia_diabetica,train
1853,APTOS_2019,82deb07a6618.png,retinopatia_diabetica,2,retinopatia_diabetica_moderada,train
1854,APTOS_2019,82e5bc01f8a4.png,retinopatia_diabetica,0,sem_retinopatia_diabetica,train
1855,APTOS_2019,82f2784ead76.png,retinopatia_diabetica,2,retinopatia_diabetica_moderada,train
1856,APTOS_2019,83038ca49b6d.png,retinopatia_diabetica,0,sem_retinopatia_diabetica,train
1857,APTOS_2019,830e297965a1.png,retinopatia_diabetica,0,sem_retinopatia_diabetica,train
1858,APTOS_2019,8329e80c10ac.png,retinopatia_diabetica,0,sem_retinopatia_diabetica,train
1859,APTOS_2019,8344c783da65.png,retinopatia_diabetica,0,sem_retinopatia_diabetica,train
1860,APTOS_2019,83517eaeccb9.png,retinopatia_diabetica,0,sem_retinopatia_diabetica,train
1861,APTOS_2019,835b9f6e12ba.png,retinopatia_diabetica,0,sem_retinopatia_diabetica,train
1862,APTOS_2019,837acf120946.png,retinopatia_diabetica,0,sem_retinopatia_diabetica,train
1863,APTOS_2019,838b3e4d0bb4.png,retinopatia_diabetica,0,sem_retinopatia_diabetica,train
1864,APTOS_2019,838c87c63422.png,retinopatia_diabetica,4,retinopatia_diabetica_proliferativa,train
1865,APTOS_2019,83a63c4a3e4a.png,retinopatia_diabetica,0,sem_retinopatia_diabetica,train
1866,APTOS_2019,83b61051737f.png,retinopatia_diabetica,2,retinopatia_diabetica_moderada,train
1867,APTOS_2019,83d6e40c869f.png,retinopatia_diabetica,2,retinopatia_diabetica_moderada,train
1868,APTOS_2019,83d81ba5959c.png,retinopatia_diabetica,0,sem_retinopatia_diabetica,train
1869,APTOS_2019,83df53d58f28.png,retinopatia_diabetica,0,sem_retinopatia_diabetica,train
1870,APTOS_2019,83e529e95b0e.png,retinopatia_diabetica,1,retinopatia_diabetica_leve,train
1871,APTOS_2019,83fda7c0500b.png,retinopatia_diabetica,0,sem_retinopatia_diabetica,train
1872,APTOS_2019,840527bc6628.png,retinopatia_diabetica,2,retinopatia_diabetica_moderada,train
1873,APTOS_2019,840a06a9c690.png,retinopatia_diabetica,0,sem_retinopatia_diabetica,train
1874,APTOS_2019,8421107255ae.png,retinopatia_diabetica,2,retinopatia_diabetica_moderada,train
1875,APTOS_2019,842d697884f6.png,retinopatia_diabetica,2,retinopatia_diabetica_moderada,train
1876,APTOS_2019,8433a032b96c.png,retinopatia_diabetica,0,sem_retinopatia_diabetica,train
1877,APTOS_2019,8446826853d0.png,retinopatia_diabetica,2,retinopatia_diabetica_moderada,train
1878,APTOS_2019,8448af27ba07.png,retinopatia_diabetica,0,sem_retinopatia_diabetica,train
1879,APTOS_2019,847b04287c9c.png,retinopatia_diabetica,0,sem_retinopatia_diabetica,train
1880,APTOS_2019,848e66b9e199.png,retinopatia_diabetica,0,sem_retinopatia_diabetica,train
1881,APTOS_2019,849a91e9ab28.png,retinopatia_diabetica,1,retinopatia_diabetica_leve,train
1882,APTOS_2019,84a72e15b23c.png,retinopatia_diabetica,1,retinopatia_diabetica_leve,train
1883,APTOS_2019,84b472c49cfa.png,retinopatia_diabetica,0,sem_retinopatia_diabetica,train
1884,APTOS_2019,84b4da14bc23.png,retinopatia_diabetica,0,sem_retinopatia_diabetica,train
1885,APTOS_2019,84b79243e430.png,retinopatia_diabetica,0,sem_retinopatia_diabetica,train
1886,APTOS_2019,84b88e8d3bca.png,retinopatia_diabetica,0,sem_retinopatia_diabetica,train
1887,APTOS_2019,84c663f39632.png,retinopatia_diabetica,4,retinopatia_diabetica_proliferativa,train
1888,APTOS_2019,84e8c62165b5.png,retinopatia_diabetica,2,retinopatia_diabetica_moderada,train
1889,APTOS_2019,851e40a21f81.png,retinopatia_diabetica,0,sem_retinopatia_diabetica,train
1890,APTOS_2019,8543a801dce0.png,retinopatia_diabetica,2,retinopatia_diabetica_moderada,train
1891,APTOS_2019,855f0a5442b6.png,retinopatia_diabetica,2,retinopatia_diabetica_moderada,train
1892,APTOS_2019,8564b7aa3c1a.png,retinopatia_diabetica,0,sem_retinopatia_diabetica,train
1893,APTOS_2019,857002ed4e49.png,retinopatia_diabetica,2,retinopatia_diabetica_moderada,train
1894,APTOS_2019,857230f64a2e.png,retinopatia_diabetica,4,retinopatia_diabetica_proliferativa,train
1895,APTOS_2019,8596a24a14bd.png,retinopatia_diabetica,4,retinopatia_diabetica_proliferativa,train
1896,APTOS_2019,85cbb84ac8e0.png,retinopatia_diabetica,4,retinopatia_diabetica_proliferativa,train
1897,APTOS_2019,85cc6d636898.png,retinopatia_diabetica,2,retinopatia_diabetica_moderada,train
1898,APTOS_2019,85f99e7e4052.png,retinopatia_diabetica,0,sem_retinopatia_diabetica,train
1899,APTOS_2019,85fce24084da.png,retinopatia_diabetica,2,retinopatia_diabetica_moderada,train
1900,APTOS_2019,86410aa13b3e.png,retinopatia_diabetica,0,sem_retinopatia_diabetica,train
1901,APTOS_2019,8650d32f4a9e.png,retinopatia_diabetica,0,sem_retinopatia_diabetica,train
1902,APTOS_2019,8660e1864665.png,retinopatia_diabetica,0,sem_retinopatia_diabetica,train
1903,APTOS_2019,86722fcd802c.png,retinopatia_diabetica,2,retinopatia_diabetica_moderada,train
1904,APTOS_2019,8676427e4625.png,retinopatia_diabetica,1,retinopatia_diabetica_leve,train
1905,APTOS_2019,8688f3d0fcaf.png,retinopatia_diabetica,3,retinopatia_diabetica_grave,train
1906,APTOS_2019,8693ab1fd2be.png,retinopatia_diabetica,0,sem_retinopatia_diabetica,train
1907,APTOS_2019,869bbd3170cc.png,retinopatia_diabetica,2,retinopatia_diabetica_moderada,train
1908,APTOS_2019,86b3a7929bec.png,retinopatia_diabetica,2,retinopatia_diabetica_moderada,train
1909,APTOS_2019,86baef833ae0.png,retinopatia_diabetica,2,retinopatia_diabetica_moderada,train
1910,APTOS_2019,86d58f850a0c.png,retinopatia_diabetica,0,sem_retinopatia_diabetica,train
1911,APTOS_2019,86d6808f0609.png,retinopatia_diabetica,3,retinopatia_diabetica_grave,train
1912,APTOS_2019,86e7f98f73f1.png,retinopatia_diabetica,2,retinopatia_diabetica_moderada,train
1913,APTOS_2019,86fbac86ed3e.png,retinopatia_diabetica,2,retinopatia_diabetica_moderada,train
1914,APTOS_2019,870f433e8f37.png,retinopatia_diabetica,0,sem_retinopatia_diabetica,train
1915,APTOS_2019,870fbe6eaa68.png,retinopatia_diabetica,0,sem_retinopatia_diabetica,train
1916,APTOS_2019,8714d17bb6da.png,retinopatia_diabetica,1,retinopatia_diabetica_leve,train
1917,APTOS_2019,87295c5fa1cc.png,retinopatia_diabetica,0,sem_retinopatia_diabetica,train
1918,APTOS_2019,873dcc0b468f.png,retinopatia_diabetica,4,retinopatia_diabetica_proliferativa,train
1919,APTOS_2019,873fe0404d6e.png,retinopatia_diabetica,2,retinopatia_diabetica_moderada,train
1920,APTOS_2019,874f8c1929f6.png,retinopatia_diabetica,0,sem_retinopatia_diabetica,train
1921,APTOS_2019,875a2fc5fe23.png,retinopatia_diabetica,4,retinopatia_diabetica_proliferativa,train
1922,APTOS_2019,875d2ffcbf47.png,retinopatia_diabetica,0,sem_retinopatia_diabetica,train
1923,APTOS_2019,876deb29f000.png,retinopatia_diabetica,0,sem_retinopatia_diabetica,train
1924,APTOS_2019,876e1dd12d38.png,retinopatia_diabetica,2,retinopatia_diabetica_moderada,train
1925,APTOS_2019,87774aafe068.png,retinopatia_diabetica,4,retinopatia_diabetica_proliferativa,train
1926,APTOS_2019,8785b71238d8.png,retinopatia_diabetica,4,retinopatia_diabetica_proliferativa,train
1927,APTOS_2019,878a3a097436.png,retinopatia_diabetica,2,retinopatia_diabetica_moderada,train
1928,APTOS_2019,878e356c8fc9.png,retinopatia_diabetica,0,sem_retinopatia_diabetica,train
1929,APTOS_2019,879744b9dc65.png,retinopatia_diabetica,2,retinopatia_diabetica_moderada,train
1930,APTOS_2019,87a9f4d20f07.png,retinopatia_diabetica,0,sem_retinopatia_diabetica,train
1931,APTOS_2019,87b1938994b5.png,retinopatia_diabetica,2,retinopatia_diabetica_moderada,train
1932,APTOS_2019,87b671c6d4c5.png,retinopatia_diabetica,0,sem_retinopatia_diabetica,train
1933,APTOS_2019,87d46b1cc4e9.png,retinopatia_diabetica,0,sem_retinopatia_diabetica,train
1934,APTOS_2019,880edb2cdb69.png,retinopatia_diabetica,0,sem_retinopatia_diabetica,train
1935,APTOS_2019,881ec6186e68.png,retinopatia_diabetica,0,sem_retinopatia_diabetica,train
1936,APTOS_2019,882a71de424e.png,retinopatia_diabetica,2,retinopatia_diabetica_moderada,train
1937,APTOS_2019,883c6a184f16.png,retinopatia_diabetica,0,sem_retinopatia_diabetica,train
1938,APTOS_2019,883ddb650967.png,retinopatia_diabetica,0,sem_retinopatia_diabetica,train
1939,APTOS_2019,8846b09384a4.png,retinopatia_diabetica,0,sem_retinopatia_diabetica,train
1940,APTOS_2019,885fa5fc5da8.png,retinopatia_diabetica,0,sem_retinopatia_diabetica,train
1941,APTOS_2019,8860c7b11530.png,retinopatia_diabetica,2,retinopatia_diabetica_moderada,train
1942,APTOS_2019,8871e6a26596.png,retinopatia_diabetica,2,retinopatia_diabetica_moderada,train
1943,APTOS_2019,887c26fc0e1f.png,retinopatia_diabetica,4,retinopatia_diabetica_proliferativa,train
1944,APTOS_2019,88e4399d207c.png,retinopatia_diabetica,0,sem_retinopatia_diabetica,train
1945,APTOS_2019,88e5051f65bd.png,retinopatia_diabetica,0,sem_retinopatia_diabetica,train
1946,APTOS_2019,8906c9ed54a2.png,retinopatia_diabetica,0,sem_retinopatia_diabetica,train
1947,APTOS_2019,891329021e12.png,retinopatia_diabetica,0,sem_retinopatia_diabetica,train
1948,APTOS_2019,891392c9683c.png,retinopatia_diabetica,2,retinopatia_diabetica_moderada,train
1949,APTOS_2019,894a37fc3738.png,retinopatia_diabetica,0,sem_retinopatia_diabetica,train
1950,APTOS_2019,8958a4d17b7e.png,retinopatia_diabetica,3,retinopatia_diabetica_grave,train
1951,APTOS_2019,895fe2bfc5b6.png,retinopatia_diabetica,0,sem_retinopatia_diabetica,train
1952,APTOS_2019,896ad584a841.png,retinopatia_diabetica,0,sem_retinopatia_diabetica,train
1953,APTOS_2019,898f0bc8acfa.png,retinopatia_diabetica,0,sem_retinopatia_diabetica,train
1954,APTOS_2019,89b044cbaf85.png,retinopatia_diabetica,2,retinopatia_diabetica_moderada,train
1955,APTOS_2019,89b725411cee.png,retinopatia_diabetica,2,retinopatia_diabetica_moderada,train
1956,APTOS_2019,89d2a7403a06.png,retinopatia_diabetica,2,retinopatia_diabetica_moderada,train
1957,APTOS_2019,89d9c071a56f.png,retinopatia_diabetica,1,retinopatia_diabetica_leve,train
1958,APTOS_2019,89ed6a0dd53f.png,retinopatia_diabetica,1,retinopatia_diabetica_leve,train
1959,APTOS_2019,89ee1fa16f90.png,retinopatia_diabetica,2,retinopatia_diabetica_moderada,train
1960,APTOS_2019,89fc080f7e83.png,retinopatia_diabetica,2,retinopatia_diabetica_moderada,train
1961,APTOS_2019,8a01daa423f7.png,retinopatia_diabetica,1,retinopatia_diabetica_leve,train
1962,APTOS_2019,8a234d68b27e.png,retinopatia_diabetica,3,retinopatia_diabetica_grave,train
1963,APTOS_2019,8a25a080f28f.png,retinopatia_diabetica,1,retinopatia_diabetica_leve,train
1964,APTOS_2019,8a3eb86ae4bd.png,retinopatia_diabetica,0,sem_retinopatia_diabetica,train
1965,APTOS_2019,8a482c024fc2.png,retinopatia_diabetica,0,sem_retinopatia_diabetica,train
1966,APTOS_2019,8a67f1efa315.png,retinopatia_diabetica,2,retinopatia_diabetica_moderada,train
1967,APTOS_2019,8a759f94613a.png,retinopatia_diabetica,2,retinopatia_diabetica_moderada,train
1968,APTOS_2019,8a7765e785fb.png,retinopatia_diabetica,0,sem_retinopatia_diabetica,train
1969,APTOS_2019,8a81f62320d6.png,retinopatia_diabetica,0,sem_retinopatia_diabetica,train
1970,APTOS_2019,8a87dd2a784e.png,retinopatia_diabetica,0,sem_retinopatia_diabetica,train
1971,APTOS_2019,8a8a251770cd.png,retinopatia_diabetica,0,sem_retinopatia_diabetica,train
1972,APTOS_2019,8a9bef2fbd4e.png,retinopatia_diabetica,3,retinopatia_diabetica_grave,train
1973,APTOS_2019,8aa3c4681542.png,retinopatia_diabetica,0,sem_retinopatia_diabetica,train
1974,APTOS_2019,8aab201c0691.png,retinopatia_diabetica,2,retinopatia_diabetica_moderada,train
1975,APTOS_2019,8ab3faa3701f.png,retinopatia_diabetica,0,sem_retinopatia_diabetica,train
1976,APTOS_2019,8ab8d9b3ce3f.png,retinopatia_diabetica,2,retinopatia_diabetica_moderada,train
1977,APTOS_2019,8ac0c44bbf24.png,retinopatia_diabetica,4,retinopatia_diabetica_proliferativa,train
1978,APTOS_2019,8acdf12f412a.png,retinopatia_diabetica,0,sem_retinopatia_diabetica,train
1979,APTOS_2019,8acffaf1f4b9.png,retinopatia_diabetica,2,retinopatia_diabetica_moderada,train
1980,APTOS_2019,8ae049175db6.png,retinopatia_diabetica,4,retinopatia_diabetica_proliferativa,train
1981,APTOS_2019,8af50c9d0a86.png,retinopatia_diabetica,0,sem_retinopatia_diabetica,train
1982,APTOS_2019,8af6a4e5396f.png,retinopatia_diabetica,4,retinopatia_diabetica_proliferativa,train
1983,APTOS_2019,8b079e79035f.png,retinopatia_diabetica,0,sem_retinopatia_diabetica,train
1984,APTOS_2019,8b26d3cd61e8.png,retinopatia_diabetica,2,retinopatia_diabetica_moderada,train
1985,APTOS_2019,8b568d47a1fd.png,retinopatia_diabetica,0,sem_retinopatia_diabetica,train
1986,APTOS_2019,8b58f9a338e8.png,retinopatia_diabetica,0,sem_retinopatia_diabetica,train
1987,APTOS_2019,8b76c3c5cb3e.png,retinopatia_diabetica,3,retinopatia_diabetica_grave,train
1988,APTOS_2019,8b8fe3fc8950.png,retinopatia_diabetica,0,sem_retinopatia_diabetica,train
1989,APTOS_2019,8bad12d70368.png,retinopatia_diabetica,4,retinopatia_diabetica_proliferativa,train
1990,APTOS_2019,8bbd7835e9aa.png,retinopatia_diabetica,1,retinopatia_diabetica_leve,train
1991,APTOS_2019,8bc6716c2238.png,retinopatia_diabetica,1,retinopatia_diabetica_leve,train
1992,APTOS_2019,8bdb891661a8.png,retinopatia_diabetica,2,retinopatia_diabetica_moderada,train
1993,APTOS_2019,8be6629a6039.png,retinopatia_diabetica,0,sem_retinopatia_diabetica,train
1994,APTOS_2019,8bed09514c3b.png,retinopatia_diabetica,4,retinopatia_diabetica_proliferativa,train
1995,APTOS_2019,8bf05909e1e1.png,retinopatia_diabetica,0,sem_retinopatia_diabetica,train
1996,APTOS_2019,8bf2d925dc0c.png,retinopatia_diabetica,0,sem_retinopatia_diabetica,train
1997,APTOS_2019,8c0d05233238.png,retinopatia_diabetica,3,retinopatia_diabetica_grave,train
1998,APTOS_2019,8c29a76fa08c.png,retinopatia_diabetica,0,sem_retinopatia_diabetica,train
1999,APTOS_2019,8c2f0f04e1ed.png,retinopatia_diabetica,1,retinopatia_diabetica_leve,train
2000,APTOS_2019,8c4ceddeb1c6.png,retinopatia_diabetica,0,sem_retinopatia_diabetica,train
2001,APTOS_2019,8c7c26c52a6c.png,retinopatia_diabetica,4,retinopatia_diabetica_proliferativa,train
2002,APTOS_2019,8c84e96d9b01.png,retinopatia_diabetica,0,sem_retinopatia_diabetica,train
2003,APTOS_2019,8c87bd748996.png,retinopatia_diabetica,2,retinopatia_diabetica_moderada,train
2004,APTOS_2019,8cb6b0efaaac.png,retinopatia_diabetica,2,retinopatia_diabetica_moderada,train
2005,APTOS_2019,8cb6b5b2f19c.png,retinopatia_diabetica,2,retinopatia_diabetica_moderada,train
2006,APTOS_2019,8ceff4c4c860.png,retinopatia_diabetica,0,sem_retinopatia_diabetica,train
2007,APTOS_2019,8d13c46e7d75.png,retinopatia_diabetica,0,sem_retinopatia_diabetica,train
2008,APTOS_2019,8d3d67661620.png,retinopatia_diabetica,2,retinopatia_diabetica_moderada,train
2009,APTOS_2019,8d4d14a4ab07.png,retinopatia_diabetica,0,sem_retinopatia_diabetica,train
2010,APTOS_2019,8d4ff745a409.png,retinopatia_diabetica,0,sem_retinopatia_diabetica,train
2011,APTOS_2019,8d62ba9cb22a.png,retinopatia_diabetica,2,retinopatia_diabetica_moderada,train
2012,APTOS_2019,8d7bb0649a02.png,retinopatia_diabetica,2,retinopatia_diabetica_moderada,train
2013,APTOS_2019,8d8aca52c07b.png,retinopatia_diabetica,4,retinopatia_diabetica_proliferativa,train
2014,APTOS_2019,8d9516ea3587.png,retinopatia_diabetica,0,sem_retinopatia_diabetica,train
2015,APTOS_2019,8dafa62f9322.png,retinopatia_diabetica,0,sem_retinopatia_diabetica,train
2016,APTOS_2019,8db2ce991101.png,retinopatia_diabetica,4,retinopatia_diabetica_proliferativa,train
2017,APTOS_2019,8dba09a4e5ed.png,retinopatia_diabetica,2,retinopatia_diabetica_moderada,train
2018,APTOS_2019,8dc22e65c06f.png,retinopatia_diabetica,1,retinopatia_diabetica_leve,train
2019,APTOS_2019,8dfa629ca74e.png,retinopatia_diabetica,2,retinopatia_diabetica_moderada,train
2020,APTOS_2019,8dfff47b06b7.png,retinopatia_diabetica,2,retinopatia_diabetica_moderada,train
2021,APTOS_2019,8e20b8fac7c3.png,retinopatia_diabetica,2,retinopatia_diabetica_moderada,train
2022,APTOS_2019,8e2a3978c244.png,retinopatia_diabetica,0,sem_retinopatia_diabetica,train
2023,APTOS_2019,8e3b79e1f1f7.png,retinopatia_diabetica,2,retinopatia_diabetica_moderada,train
2024,APTOS_2019,8e4a354e3da2.png,retinopatia_diabetica,0,sem_retinopatia_diabetica,train
2025,APTOS_2019,8e63fc4ab532.png,retinopatia_diabetica,2,retinopatia_diabetica_moderada,train
2026,APTOS_2019,8e67f2d7e0ee.png,retinopatia_diabetica,0,sem_retinopatia_diabetica,train
2027,APTOS_2019,8e6df9eedcd8.png,retinopatia_diabetica,0,sem_retinopatia_diabetica,train
2028,APTOS_2019,8e76054f0831.png,retinopatia_diabetica,0,sem_retinopatia_diabetica,train
2029,APTOS_2019,8e7981855125.png,retinopatia_diabetica,0,sem_retinopatia_diabetica,train
2030,APTOS_2019,8ead17dfb6a6.png,retinopatia_diabetica,0,sem_retinopatia_diabetica,train
2031,APTOS_2019,8ead8f37423c.png,retinopatia_diabetica,0,sem_retinopatia_diabetica,train
2032,APTOS_2019,8eb3337a54e9.png,retinopatia_diabetica,2,retinopatia_diabetica_moderada,train
2033,APTOS_2019,8ed586c43023.png,retinopatia_diabetica,0,sem_retinopatia_diabetica,train
2034,APTOS_2019,8ee50c26fc13.png,retinopatia_diabetica,0,sem_retinopatia_diabetica,train
2035,APTOS_2019,8eeac97f02f0.png,retinopatia_diabetica,4,retinopatia_diabetica_proliferativa,train
2036,APTOS_2019,8ef2eb8c51c4.png,retinopatia_diabetica,1,retinopatia_diabetica_leve,train
2037,APTOS_2019,8f06ca4642bd.png,retinopatia_diabetica,0,sem_retinopatia_diabetica,train
2038,APTOS_2019,8f10e41a2f02.png,retinopatia_diabetica,0,sem_retinopatia_diabetica,train
2039,APTOS_2019,8f14bca04b47.png,retinopatia_diabetica,0,sem_retinopatia_diabetica,train
2040,APTOS_2019,8f1e7433a95d.png,retinopatia_diabetica,2,retinopatia_diabetica_moderada,train
2041,APTOS_2019,8f2996b8d855.png,retinopatia_diabetica,1,retinopatia_diabetica_leve,train
2042,APTOS_2019,8f318a978844.png,retinopatia_diabetica,4,retinopatia_diabetica_proliferativa,train
2043,APTOS_2019,8f9819752ca0.png,retinopatia_diabetica,0,sem_retinopatia_diabetica,train
2044,APTOS_2019,8fbb2ca39911.png,retinopatia_diabetica,0,sem_retinopatia_diabetica,train
2045,APTOS_2019,8fc09fecd22f.png,retinopatia_diabetica,1,retinopatia_diabetica_leve,train
2046,APTOS_2019,8fd7ad26e691.png,retinopatia_diabetica,4,retinopatia_diabetica_proliferativa,train
2047,APTOS_2019,8ff2733f6aef.png,retinopatia_diabetica,2,retinopatia_diabetica_moderada,train
2048,APTOS_2019,8ff863f8874f.png,retinopatia_diabetica,1,retinopatia_diabetica_leve,train
2049,APTOS_2019,8ffa608170d3.png,retinopatia_diabetica,0,sem_retinopatia_diabetica,train
2050,APTOS_2019,901a3552fe26.png,retinopatia_diabetica,0,sem_retinopatia_diabetica,train
2051,APTOS_2019,902dc5a91a3f.png,retinopatia_diabetica,0,sem_retinopatia_diabetica,train
2052,APTOS_2019,9033f1493da1.png,retinopatia_diabetica,2,retinopatia_diabetica_moderada,train
2053,APTOS_2019,9039cbfcbb2f.png,retinopatia_diabetica,0,sem_retinopatia_diabetica,train
2054,APTOS_2019,9041eb43456e.png,retinopatia_diabetica,2,retinopatia_diabetica_moderada,train
2055,APTOS_2019,904b03ad5594.png,retinopatia_diabetica,0,sem_retinopatia_diabetica,train
2056,APTOS_2019,905cc86bf100.png,retinopatia_diabetica,4,retinopatia_diabetica_proliferativa,train
2057,APTOS_2019,906d02fb822d.png,retinopatia_diabetica,0,sem_retinopatia_diabetica,train
2058,APTOS_2019,907aaff827e5.png,retinopatia_diabetica,2,retinopatia_diabetica_moderada,train
2059,APTOS_2019,9095d43fb132.png,retinopatia_diabetica,0,sem_retinopatia_diabetica,train
2060,APTOS_2019,90960ddf4d14.png,retinopatia_diabetica,0,sem_retinopatia_diabetica,train
2061,APTOS_2019,90a786abe58e.png,retinopatia_diabetica,0,sem_retinopatia_diabetica,train
2062,APTOS_2019,90a9a41eec6d.png,retinopatia_diabetica,0,sem_retinopatia_diabetica,train
2063,APTOS_2019,90b8bf342032.png,retinopatia_diabetica,3,retinopatia_diabetica_grave,train
2064,APTOS_2019,90bde2ff8953.png,retinopatia_diabetica,0,sem_retinopatia_diabetica,train
2065,APTOS_2019,90c982cc2d96.png,retinopatia_diabetica,1,retinopatia_diabetica_leve,train
2066,APTOS_2019,910bfd38e2f5.png,retinopatia_diabetica,3,retinopatia_diabetica_grave,train
2067,APTOS_2019,9122b31414d3.png,retinopatia_diabetica,0,sem_retinopatia_diabetica,train
2068,APTOS_2019,912fbe06407e.png,retinopatia_diabetica,0,sem_retinopatia_diabetica,train
2069,APTOS_2019,913490237ad4.png,retinopatia_diabetica,3,retinopatia_diabetica_grave,train
2070,APTOS_2019,913b1890ed1e.png,retinopatia_diabetica,2,retinopatia_diabetica_moderada,train
2071,APTOS_2019,916915f01e17.png,retinopatia_diabetica,0,sem_retinopatia_diabetica,train
2072,APTOS_2019,916ec976ff30.png,retinopatia_diabetica,3,retinopatia_diabetica_grave,train
2073,APTOS_2019,917f76f360b6.png,retinopatia_diabetica,2,retinopatia_diabetica_moderada,train
2074,APTOS_2019,91a88d3b0358.png,retinopatia_diabetica,2,retinopatia_diabetica_moderada,train
2075,APTOS_2019,91b6ebaa3678.png,retinopatia_diabetica,3,retinopatia_diabetica_grave,train
2076,APTOS_2019,91b7a4179ecf.png,retinopatia_diabetica,0,sem_retinopatia_diabetica,train
2077,APTOS_2019,91cbe1c775ef.png,retinopatia_diabetica,2,retinopatia_diabetica_moderada,train
2078,APTOS_2019,91cf56d3d1af.png,retinopatia_diabetica,3,retinopatia_diabetica_grave,train
2079,APTOS_2019,91e2c2890c9f.png,retinopatia_diabetica,2,retinopatia_diabetica_moderada,train
2080,APTOS_2019,91e82fe4e434.png,retinopatia_diabetica,0,sem_retinopatia_diabetica,train
2081,APTOS_2019,91e8af9ceee9.png,retinopatia_diabetica,2,retinopatia_diabetica_moderada,train
2082,APTOS_2019,91f3c4c1e72b.png,retinopatia_diabetica,0,sem_retinopatia_diabetica,train
2083,APTOS_2019,921433215353.png,retinopatia_diabetica,2,retinopatia_diabetica_moderada,train
2084,APTOS_2019,922586d86cd8.png,retinopatia_diabetica,0,sem_retinopatia_diabetica,train
2085,APTOS_2019,9232dc06cfdc.png,retinopatia_diabetica,0,sem_retinopatia_diabetica,train
2086,APTOS_2019,92587e494d51.png,retinopatia_diabetica,0,sem_retinopatia_diabetica,train
2087,APTOS_2019,9274e75dc4d5.png,retinopatia_diabetica,0,sem_retinopatia_diabetica,train
2088,APTOS_2019,9287e57326d0.png,retinopatia_diabetica,0,sem_retinopatia_diabetica,train
2089,APTOS_2019,92889b863ae6.png,retinopatia_diabetica,0,sem_retinopatia_diabetica,train
2090,APTOS_2019,929cd3867815.png,retinopatia_diabetica,2,retinopatia_diabetica_moderada,train
2091,APTOS_2019,92b0d27fc0ec.png,retinopatia_diabetica,2,retinopatia_diabetica_moderada,train
2092,APTOS_2019,92d8a7c8e718.png,retinopatia_diabetica,2,retinopatia_diabetica_moderada,train
2093,APTOS_2019,92d9e9f08709.png,retinopatia_diabetica,1,retinopatia_diabetica_leve,train
2094,APTOS_2019,92e3d608fd3c.png,retinopatia_diabetica,0,sem_retinopatia_diabetica,train
2095,APTOS_2019,92f313287a29.png,retinopatia_diabetica,2,retinopatia_diabetica_moderada,train
2096,APTOS_2019,92fcf50b3562.png,retinopatia_diabetica,0,sem_retinopatia_diabetica,train
2097,APTOS_2019,930fee99213a.png,retinopatia_diabetica,0,sem_retinopatia_diabetica,train
2098,APTOS_2019,932181b93b2f.png,retinopatia_diabetica,2,retinopatia_diabetica_moderada,train
2099,APTOS_2019,934104859e68.png,retinopatia_diabetica,0,sem_retinopatia_diabetica,train
2100,APTOS_2019,93421787f520.png,retinopatia_diabetica,0,sem_retinopatia_diabetica,train
2101,APTOS_2019,936299166bea.png,retinopatia_diabetica,0,sem_retinopatia_diabetica,train
2102,APTOS_2019,937bc1b924b1.png,retinopatia_diabetica,0,sem_retinopatia_diabetica,train
2103,APTOS_2019,93802d1e3c41.png,retinopatia_diabetica,0,sem_retinopatia_diabetica,train
2104,APTOS_2019,93a1b984de84.png,retinopatia_diabetica,0,sem_retinopatia_diabetica,train
2105,APTOS_2019,93be637084a2.png,retinopatia_diabetica,1,retinopatia_diabetica_leve,train
2106,APTOS_2019,93d6d20a5ee3.png,retinopatia_diabetica,0,sem_retinopatia_diabetica,train
2107,APTOS_2019,94076a9fb9b5.png,retinopatia_diabetica,0,sem_retinopatia_diabetica,train
2108,APTOS_2019,94111ed3d276.png,retinopatia_diabetica,1,retinopatia_diabetica_leve,train
2109,APTOS_2019,94145d1f42cf.png,retinopatia_diabetica,0,sem_retinopatia_diabetica,train
2110,APTOS_2019,941d874c8afb.png,retinopatia_diabetica,0,sem_retinopatia_diabetica,train
2111,APTOS_2019,942f544c4e15.png,retinopatia_diabetica,0,sem_retinopatia_diabetica,train
2112,APTOS_2019,94372043d55b.png,retinopatia_diabetica,1,retinopatia_diabetica_leve,train
2113,APTOS_2019,944a233fbf8e.png,retinopatia_diabetica,1,retinopatia_diabetica_leve,train
2114,APTOS_2019,946545473380.png,retinopatia_diabetica,0,sem_retinopatia_diabetica,train
2115,APTOS_2019,949710bead24.png,retinopatia_diabetica,0,sem_retinopatia_diabetica,train
2116,APTOS_2019,94a67ec0714f.png,retinopatia_diabetica,2,retinopatia_diabetica_moderada,train
2117,APTOS_2019,94b1d8ad35ec.png,retinopatia_diabetica,1,retinopatia_diabetica_leve,train
2118,APTOS_2019,94b9ccc73bb9.png,retinopatia_diabetica,0,sem_retinopatia_diabetica,train
2119,APTOS_2019,94dcb491143f.png,retinopatia_diabetica,2,retinopatia_diabetica_moderada,train
2120,APTOS_2019,94ef1d14597f.png,retinopatia_diabetica,4,retinopatia_diabetica_proliferativa,train
2121,APTOS_2019,94f9ecf4b8d2.png,retinopatia_diabetica,0,sem_retinopatia_diabetica,train
2122,APTOS_2019,9519a590985d.png,retinopatia_diabetica,0,sem_retinopatia_diabetica,train
2123,APTOS_2019,956765d5f46d.png,retinopatia_diabetica,0,sem_retinopatia_diabetica,train
2124,APTOS_2019,9568eb7e9c08.png,retinopatia_diabetica,2,retinopatia_diabetica_moderada,train
2125,APTOS_2019,958c1fa044ba.png,retinopatia_diabetica,0,sem_retinopatia_diabetica,train
2126,APTOS_2019,959bb2d01091.png,retinopatia_diabetica,0,sem_retinopatia_diabetica,train
2127,APTOS_2019,959dc602febc.png,retinopatia_diabetica,2,retinopatia_diabetica_moderada,train
2128,APTOS_2019,95a4cc805c7b.png,retinopatia_diabetica,1,retinopatia_diabetica_leve,train
2129,APTOS_2019,95e732e043a1.png,retinopatia_diabetica,4,retinopatia_diabetica_proliferativa,train
2130,APTOS_2019,962c0fc85e13.png,retinopatia_diabetica,0,sem_retinopatia_diabetica,train
2131,APTOS_2019,962cf85e4f6d.png,retinopatia_diabetica,2,retinopatia_diabetica_moderada,train
2132,APTOS_2019,966c07831334.png,retinopatia_diabetica,0,sem_retinopatia_diabetica,train
2133,APTOS_2019,96793edb1003.png,retinopatia_diabetica,0,sem_retinopatia_diabetica,train
2134,APTOS_2019,9688c6ef5dc5.png,retinopatia_diabetica,0,sem_retinopatia_diabetica,train
2135,APTOS_2019,969f92a390db.png,retinopatia_diabetica,0,sem_retinopatia_diabetica,train
2136,APTOS_2019,96a9706b8534.png,retinopatia_diabetica,1,retinopatia_diabetica_leve,train
2137,APTOS_2019,96b5474ae604.png,retinopatia_diabetica,0,sem_retinopatia_diabetica,train
2138,APTOS_2019,96c3e3db68bc.png,retinopatia_diabetica,2,retinopatia_diabetica_moderada,train
2139,APTOS_2019,96c699221180.png,retinopatia_diabetica,0,sem_retinopatia_diabetica,train
2140,APTOS_2019,96ce10a1dbd7.png,retinopatia_diabetica,0,sem_retinopatia_diabetica,train
2141,APTOS_2019,96d48b073f18.png,retinopatia_diabetica,2,retinopatia_diabetica_moderada,train
2142,APTOS_2019,96ea316ed0ab.png,retinopatia_diabetica,0,sem_retinopatia_diabetica,train
2143,APTOS_2019,971bb98ab935.png,retinopatia_diabetica,0,sem_retinopatia_diabetica,train
2144,APTOS_2019,973b0facfa9b.png,retinopatia_diabetica,0,sem_retinopatia_diabetica,train
2145,APTOS_2019,974c7d7b9c64.png,retinopatia_diabetica,0,sem_retinopatia_diabetica,train
2146,APTOS_2019,975252e325e3.png,retinopatia_diabetica,2,retinopatia_diabetica_moderada,train
2147,APTOS_2019,976082127e2a.png,retinopatia_diabetica,0,sem_retinopatia_diabetica,train
2148,APTOS_2019,977e1ca77653.png,retinopatia_diabetica,1,retinopatia_diabetica_leve,train
2149,APTOS_2019,9782c0489eca.png,retinopatia_diabetica,1,retinopatia_diabetica_leve,train
2150,APTOS_2019,9785805af1b8.png,retinopatia_diabetica,2,retinopatia_diabetica_moderada,train
2151,APTOS_2019,97a235367f9d.png,retinopatia_diabetica,0,sem_retinopatia_diabetica,train
2152,APTOS_2019,97a5ad7548b7.png,retinopatia_diabetica,2,retinopatia_diabetica_moderada,train
2153,APTOS_2019,97bf61736b86.png,retinopatia_diabetica,2,retinopatia_diabetica_moderada,train
2154,APTOS_2019,97c6cb55866d.png,retinopatia_diabetica,0,sem_retinopatia_diabetica,train
2155,APTOS_2019,97d02a9b94f7.png,retinopatia_diabetica,0,sem_retinopatia_diabetica,train
2156,APTOS_2019,97da093947e8.png,retinopatia_diabetica,4,retinopatia_diabetica_proliferativa,train
2157,APTOS_2019,97f290d31813.png,retinopatia_diabetica,0,sem_retinopatia_diabetica,train
2158,APTOS_2019,97fdee242fea.png,retinopatia_diabetica,0,sem_retinopatia_diabetica,train
2159,APTOS_2019,98104c8c67eb.png,retinopatia_diabetica,2,retinopatia_diabetica_moderada,train
2160,APTOS_2019,98277aeb96a7.png,retinopatia_diabetica,0,sem_retinopatia_diabetica,train
2161,APTOS_2019,9837048b85dc.png,retinopatia_diabetica,2,retinopatia_diabetica_moderada,train
2162,APTOS_2019,983c98354e9c.png,retinopatia_diabetica,0,sem_retinopatia_diabetica,train
2163,APTOS_2019,98441214557f.png,retinopatia_diabetica,0,sem_retinopatia_diabetica,train
2164,APTOS_2019,9858cc2ae073.png,retinopatia_diabetica,0,sem_retinopatia_diabetica,train
2165,APTOS_2019,9859e2a6cc24.png,retinopatia_diabetica,4,retinopatia_diabetica_proliferativa,train
2166,APTOS_2019,9870ce41cac4.png,retinopatia_diabetica,0,sem_retinopatia_diabetica,train
2167,APTOS_2019,9878db94d9f3.png,retinopatia_diabetica,3,retinopatia_diabetica_grave,train
2168,APTOS_2019,98d41bce73a8.png,retinopatia_diabetica,0,sem_retinopatia_diabetica,train
2169,APTOS_2019,98e44127872f.png,retinopatia_diabetica,0,sem_retinopatia_diabetica,train
2170,APTOS_2019,98e8adcf085c.png,retinopatia_diabetica,2,retinopatia_diabetica_moderada,train
2171,APTOS_2019,98f48850ebce.png,retinopatia_diabetica,2,retinopatia_diabetica_moderada,train
2172,APTOS_2019,98f7136d2e7a.png,retinopatia_diabetica,2,retinopatia_diabetica_moderada,train
2173,APTOS_2019,98fbe56dcc2c.png,retinopatia_diabetica,1,retinopatia_diabetica_leve,train
2174,APTOS_2019,9904939ab83d.png,retinopatia_diabetica,2,retinopatia_diabetica_moderada,train
2175,APTOS_2019,9910c827e2fe.png,retinopatia_diabetica,0,sem_retinopatia_diabetica,train
2176,APTOS_2019,99132193eaa0.png,retinopatia_diabetica,1,retinopatia_diabetica_leve,train
2177,APTOS_2019,991a0b7a8c87.png,retinopatia_diabetica,0,sem_retinopatia_diabetica,train
2178,APTOS_2019,99240ee00485.png,retinopatia_diabetica,0,sem_retinopatia_diabetica,train
2179,APTOS_2019,992599744a23.png,retinopatia_diabetica,0,sem_retinopatia_diabetica,train
2180,APTOS_2019,992b9a07b25f.png,retinopatia_diabetica,0,sem_retinopatia_diabetica,train
2181,APTOS_2019,996f57c86ba5.png,retinopatia_diabetica,3,retinopatia_diabetica_grave,train
2182,APTOS_2019,996f9bba4ef0.png,retinopatia_diabetica,0,sem_retinopatia_diabetica,train
2183,APTOS_2019,9985375d709f.png,retinopatia_diabetica,0,sem_retinopatia_diabetica,train
2184,APTOS_2019,999115d9386b.png,retinopatia_diabetica,2,retinopatia_diabetica_moderada,train
2185,APTOS_2019,999ad827ed35.png,retinopatia_diabetica,0,sem_retinopatia_diabetica,train
2186,APTOS_2019,99c626e58464.png,retinopatia_diabetica,0,sem_retinopatia_diabetica,train
2187,APTOS_2019,99c6a123ed6a.png,retinopatia_diabetica,0,sem_retinopatia_diabetica,train
2188,APTOS_2019,99e8bf998285.png,retinopatia_diabetica,2,retinopatia_diabetica_moderada,train
2189,APTOS_2019,99ecdb41d5e7.png,retinopatia_diabetica,1,retinopatia_diabetica_leve,train
2190,APTOS_2019,9a1029536d78.png,retinopatia_diabetica,0,sem_retinopatia_diabetica,train
2191,APTOS_2019,9a159d4674cd.png,retinopatia_diabetica,0,sem_retinopatia_diabetica,train
2192,APTOS_2019,9a28d4e8aef0.png,retinopatia_diabetica,2,retinopatia_diabetica_moderada,train
2193,APTOS_2019,9a3109657ac1.png,retinopatia_diabetica,1,retinopatia_diabetica_leve,train
2194,APTOS_2019,9a326446c431.png,retinopatia_diabetica,0,sem_retinopatia_diabetica,train
2195,APTOS_2019,9a3c03a5ad0f.png,retinopatia_diabetica,2,retinopatia_diabetica_moderada,train
2196,APTOS_2019,9a496b1e20f9.png,retinopatia_diabetica,4,retinopatia_diabetica_proliferativa,train
2197,APTOS_2019,9a4f370d341b.png,retinopatia_diabetica,2,retinopatia_diabetica_moderada,train
2198,APTOS_2019,9a56cfb980ec.png,retinopatia_diabetica,0,sem_retinopatia_diabetica,train
2199,APTOS_2019,9a78c6a7b1c2.png,retinopatia_diabetica,2,retinopatia_diabetica_moderada,train
2200,APTOS_2019,9a7bd084395e.png,retinopatia_diabetica,2,retinopatia_diabetica_moderada,train
2201,APTOS_2019,9a94e0316ee3.png,retinopatia_diabetica,3,retinopatia_diabetica_grave,train
2202,APTOS_2019,9a9b21215c55.png,retinopatia_diabetica,2,retinopatia_diabetica_moderada,train
2203,APTOS_2019,9ab18a4a957f.png,retinopatia_diabetica,0,sem_retinopatia_diabetica,train
2204,APTOS_2019,9ac2e3e9fca5.png,retinopatia_diabetica,0,sem_retinopatia_diabetica,train
2205,APTOS_2019,9ac41b9a809e.png,retinopatia_diabetica,0,sem_retinopatia_diabetica,train
2206,APTOS_2019,9ad92f1c1542.png,retinopatia_diabetica,2,retinopatia_diabetica_moderada,train
2207,APTOS_2019,9ae54843c69a.png,retinopatia_diabetica,0,sem_retinopatia_diabetica,train
2208,APTOS_2019,9b093fe95d6b.png,retinopatia_diabetica,3,retinopatia_diabetica_grave,train
2209,APTOS_2019,9b0eb9f41da4.png,retinopatia_diabetica,2,retinopatia_diabetica_moderada,train
2210,APTOS_2019,9b32e8ef0ca0.png,retinopatia_diabetica,2,retinopatia_diabetica_moderada,train
2211,APTOS_2019,9b418ce42c13.png,retinopatia_diabetica,2,retinopatia_diabetica_moderada,train
2212,APTOS_2019,9b4fc15df3c8.png,retinopatia_diabetica,0,sem_retinopatia_diabetica,train
2213,APTOS_2019,9b57e43b44e7.png,retinopatia_diabetica,0,sem_retinopatia_diabetica,train
2214,APTOS_2019,9b70f84400af.png,retinopatia_diabetica,0,sem_retinopatia_diabetica,train
2215,APTOS_2019,9b7b6e4db1d5.png,retinopatia_diabetica,2,retinopatia_diabetica_moderada,train
2216,APTOS_2019,9b95d6203406.png,retinopatia_diabetica,2,retinopatia_diabetica_moderada,train
2217,APTOS_2019,9ba469af2980.png,retinopatia_diabetica,0,sem_retinopatia_diabetica,train
2218,APTOS_2019,9bafbbd152d2.png,retinopatia_diabetica,3,retinopatia_diabetica_grave,train
2219,APTOS_2019,9bbb6c455913.png,retinopatia_diabetica,0,sem_retinopatia_diabetica,train
2220,APTOS_2019,9bd008aab548.png,retinopatia_diabetica,0,sem_retinopatia_diabetica,train
2221,APTOS_2019,9be0683649ff.png,retinopatia_diabetica,0,sem_retinopatia_diabetica,train
2222,APTOS_2019,9be71d6d7e59.png,retinopatia_diabetica,0,sem_retinopatia_diabetica,train
2223,APTOS_2019,9bf060db8376.png,retinopatia_diabetica,3,retinopatia_diabetica_grave,train
2224,APTOS_2019,9c088d2d1559.png,retinopatia_diabetica,2,retinopatia_diabetica_moderada,train
2225,APTOS_2019,9c14ce27cbfc.png,retinopatia_diabetica,0,sem_retinopatia_diabetica,train
2226,APTOS_2019,9c514d2d5b3f.png,retinopatia_diabetica,0,sem_retinopatia_diabetica,train
2227,APTOS_2019,9c52b87d01f1.png,retinopatia_diabetica,3,retinopatia_diabetica_grave,train
2228,APTOS_2019,9c5dd3612f0c.png,retinopatia_diabetica,2,retinopatia_diabetica_moderada,train
2229,APTOS_2019,9c6512166557.png,retinopatia_diabetica,0,sem_retinopatia_diabetica,train
2230,APTOS_2019,9c72ed6befa0.png,retinopatia_diabetica,4,retinopatia_diabetica_proliferativa,train
2231,APTOS_2019,9c893e16c055.png,retinopatia_diabetica,0,sem_retinopatia_diabetica,train
2232,APTOS_2019,9cc6b1f9bcbd.png,retinopatia_diabetica,4,retinopatia_diabetica_proliferativa,train
2233,APTOS_2019,9ce46d400cd6.png,retinopatia_diabetica,0,sem_retinopatia_diabetica,train
2234,APTOS_2019,9cedf5c7016b.png,retinopatia_diabetica,2,retinopatia_diabetica_moderada,train
2235,APTOS_2019,9cf7c1349673.png,retinopatia_diabetica,0,sem_retinopatia_diabetica,train
2236,APTOS_2019,9d1feed37610.png,retinopatia_diabetica,0,sem_retinopatia_diabetica,train
2237,APTOS_2019,9d62478042b6.png,retinopatia_diabetica,0,sem_retinopatia_diabetica,train
2238,APTOS_2019,9d74428188bb.png,retinopatia_diabetica,2,retinopatia_diabetica_moderada,train
2239,APTOS_2019,9d75de31f1b8.png,retinopatia_diabetica,0,sem_retinopatia_diabetica,train
2240,APTOS_2019,9d98a0b585f2.png,retinopatia_diabetica,2,retinopatia_diabetica_moderada,train
2241,APTOS_2019,9d9bfefa809c.png,retinopatia_diabetica,2,retinopatia_diabetica_moderada,train
2242,APTOS_2019,9da74370835a.png,retinopatia_diabetica,2,retinopatia_diabetica_moderada,train
2243,APTOS_2019,9dab2e6ba44b.png,retinopatia_diabetica,2,retinopatia_diabetica_moderada,train
2244,APTOS_2019,9de9421f17e3.png,retinopatia_diabetica,0,sem_retinopatia_diabetica,train
2245,APTOS_2019,9df31421cdd2.png,retinopatia_diabetica,2,retinopatia_diabetica_moderada,train
2246,APTOS_2019,9e2058917304.png,retinopatia_diabetica,0,sem_retinopatia_diabetica,train
2247,APTOS_2019,9e2a8135f471.png,retinopatia_diabetica,0,sem_retinopatia_diabetica,train
2248,APTOS_2019,9e2ba2b979f1.png,retinopatia_diabetica,0,sem_retinopatia_diabetica,train
2249,APTOS_2019,9e3510963315.png,retinopatia_diabetica,4,retinopatia_diabetica_proliferativa,train
2250,APTOS_2019,9e5737f771c3.png,retinopatia_diabetica,0,sem_retinopatia_diabetica,train
2251,APTOS_2019,9e5ec293267c.png,retinopatia_diabetica,2,retinopatia_diabetica_moderada,train
2252,APTOS_2019,9e7a63b2fc6a.png,retinopatia_diabetica,0,sem_retinopatia_diabetica,train
2253,APTOS_2019,9e99ae6ee7af.png,retinopatia_diabetica,0,sem_retinopatia_diabetica,train
2254,APTOS_2019,9eaac43744f5.png,retinopatia_diabetica,2,retinopatia_diabetica_moderada,train
2255,APTOS_2019,9eaf735cf01f.png,retinopatia_diabetica,1,retinopatia_diabetica_leve,train
2256,APTOS_2019,9ed666e982cd.png,retinopatia_diabetica,1,retinopatia_diabetica_leve,train
2257,APTOS_2019,9ed6c2b25767.png,retinopatia_diabetica,0,sem_retinopatia_diabetica,train
2258,APTOS_2019,9f1b14dfa14c.png,retinopatia_diabetica,0,sem_retinopatia_diabetica,train
2259,APTOS_2019,9f1efb799b7b.png,retinopatia_diabetica,2,retinopatia_diabetica_moderada,train
2260,APTOS_2019,9f285b3e57ed.png,retinopatia_diabetica,0,sem_retinopatia_diabetica,train
2261,APTOS_2019,9f37c98b8187.png,retinopatia_diabetica,3,retinopatia_diabetica_grave,train
2262,APTOS_2019,9f4132bd6ed6.png,retinopatia_diabetica,2,retinopatia_diabetica_moderada,train
2263,APTOS_2019,9f436886e056.png,retinopatia_diabetica,2,retinopatia_diabetica_moderada,train
2264,APTOS_2019,9f5a8665cf2e.png,retinopatia_diabetica,2,retinopatia_diabetica_moderada,train
2265,APTOS_2019,9f8112c710be.png,retinopatia_diabetica,0,sem_retinopatia_diabetica,train
2266,APTOS_2019,9f935fb38440.png,retinopatia_diabetica,0,sem_retinopatia_diabetica,train
2267,APTOS_2019,9fa02dfb5553.png,retinopatia_diabetica,0,sem_retinopatia_diabetica,train
2268,APTOS_2019,9faad91b6578.png,retinopatia_diabetica,2,retinopatia_diabetica_moderada,train
2269,APTOS_2019,9fab29e69a6b.png,retinopatia_diabetica,4,retinopatia_diabetica_proliferativa,train
2270,APTOS_2019,9fefe2b44795.png,retinopatia_diabetica,3,retinopatia_diabetica_grave,train
2271,APTOS_2019,a00b4cb250a7.png,retinopatia_diabetica,1,retinopatia_diabetica_leve,train
2272,APTOS_2019,a01024054596.png,retinopatia_diabetica,1,retinopatia_diabetica_leve,train
2273,APTOS_2019,a015ce4f51ad.png,retinopatia_diabetica,2,retinopatia_diabetica_moderada,train
2274,APTOS_2019,a01c590c444f.png,retinopatia_diabetica,2,retinopatia_diabetica_moderada,train
2275,APTOS_2019,a0267206d51e.png,retinopatia_diabetica,2,retinopatia_diabetica_moderada,train
2276,APTOS_2019,a02dfd67a925.png,retinopatia_diabetica,0,sem_retinopatia_diabetica,train
2277,APTOS_2019,a0445785e2f7.png,retinopatia_diabetica,0,sem_retinopatia_diabetica,train
2278,APTOS_2019,a04fb36db784.png,retinopatia_diabetica,2,retinopatia_diabetica_moderada,train
2279,APTOS_2019,a06a63d866b2.png,retinopatia_diabetica,0,sem_retinopatia_diabetica,train
2280,APTOS_2019,a06b353e7bed.png,retinopatia_diabetica,0,sem_retinopatia_diabetica,train
2281,APTOS_2019,a06e41bd2634.png,retinopatia_diabetica,2,retinopatia_diabetica_moderada,train
2282,APTOS_2019,a06e5ac695ce.png,retinopatia_diabetica,0,sem_retinopatia_diabetica,train
2283,APTOS_2019,a07d571bf7ba.png,retinopatia_diabetica,0,sem_retinopatia_diabetica,train
2284,APTOS_2019,a07d9a5045cb.png,retinopatia_diabetica,0,sem_retinopatia_diabetica,train
2285,APTOS_2019,a07efb1ecfc0.png,retinopatia_diabetica,0,sem_retinopatia_diabetica,train
2286,APTOS_2019,a08a0133754a.png,retinopatia_diabetica,0,sem_retinopatia_diabetica,train
2287,APTOS_2019,a0a0cd8af5a6.png,retinopatia_diabetica,2,retinopatia_diabetica_moderada,train
2288,APTOS_2019,a0adbe677508.png,retinopatia_diabetica,0,sem_retinopatia_diabetica,train
2289,APTOS_2019,a0b7ad98df57.png,retinopatia_diabetica,0,sem_retinopatia_diabetica,train
2290,APTOS_2019,a0cd7bffdaa0.png,retinopatia_diabetica,4,retinopatia_diabetica_proliferativa,train
2291,APTOS_2019,a0d04a19cf40.png,retinopatia_diabetica,2,retinopatia_diabetica_moderada,train
2292,APTOS_2019,a0e635689259.png,retinopatia_diabetica,0,sem_retinopatia_diabetica,train
2293,APTOS_2019,a0fd94e2ad76.png,retinopatia_diabetica,0,sem_retinopatia_diabetica,train
2294,APTOS_2019,a11bf2edd470.png,retinopatia_diabetica,4,retinopatia_diabetica_proliferativa,train
2295,APTOS_2019,a11c62cb3f86.png,retinopatia_diabetica,0,sem_retinopatia_diabetica,train
2296,APTOS_2019,a125377fb985.png,retinopatia_diabetica,2,retinopatia_diabetica_moderada,train
2297,APTOS_2019,a12ca80bb8c7.png,retinopatia_diabetica,0,sem_retinopatia_diabetica,train
2298,APTOS_2019,a14bbd9a583e.png,retinopatia_diabetica,3,retinopatia_diabetica_grave,train
2299,APTOS_2019,a14fcf84bfe1.png,retinopatia_diabetica,3,retinopatia_diabetica_grave,train
2300,APTOS_2019,a150ff5dfe07.png,retinopatia_diabetica,2,retinopatia_diabetica_moderada,train
2301,APTOS_2019,a15470303941.png,retinopatia_diabetica,2,retinopatia_diabetica_moderada,train
2302,APTOS_2019,a15590a7d774.png,retinopatia_diabetica,2,retinopatia_diabetica_moderada,train
2303,APTOS_2019,a15652b22ab8.png,retinopatia_diabetica,2,retinopatia_diabetica_moderada,train
2304,APTOS_2019,a1822dd8d05d.png,retinopatia_diabetica,0,sem_retinopatia_diabetica,train
2305,APTOS_2019,a182b5b191de.png,retinopatia_diabetica,4,retinopatia_diabetica_proliferativa,train
2306,APTOS_2019,a1872f9c0cba.png,retinopatia_diabetica,0,sem_retinopatia_diabetica,train
2307,APTOS_2019,a188c60b93fb.png,retinopatia_diabetica,0,sem_retinopatia_diabetica,train
2308,APTOS_2019,a19507501b40.png,retinopatia_diabetica,2,retinopatia_diabetica_moderada,train
2309,APTOS_2019,a19ecd0a706e.png,retinopatia_diabetica,1,retinopatia_diabetica_leve,train
2310,APTOS_2019,a1b12fdce6c3.png,retinopatia_diabetica,2,retinopatia_diabetica_moderada,train
2311,APTOS_2019,a1b28bcbce00.png,retinopatia_diabetica,0,sem_retinopatia_diabetica,train
2312,APTOS_2019,a1e236fbc863.png,retinopatia_diabetica,0,sem_retinopatia_diabetica,train
2313,APTOS_2019,a1eb88562239.png,retinopatia_diabetica,0,sem_retinopatia_diabetica,train
2314,APTOS_2019,a1edf0e66592.png,retinopatia_diabetica,0,sem_retinopatia_diabetica,train
2315,APTOS_2019,a1faeb4d5f10.png,retinopatia_diabetica,0,sem_retinopatia_diabetica,train
2316,APTOS_2019,a2163f0c2af5.png,retinopatia_diabetica,0,sem_retinopatia_diabetica,train
2317,APTOS_2019,a21b37719f9b.png,retinopatia_diabetica,2,retinopatia_diabetica_moderada,train
2318,APTOS_2019,a247961a5cd9.png,retinopatia_diabetica,0,sem_retinopatia_diabetica,train
2319,APTOS_2019,a2696f444ecb.png,retinopatia_diabetica,1,retinopatia_diabetica_leve,train
2320,APTOS_2019,a26f50218b84.png,retinopatia_diabetica,0,sem_retinopatia_diabetica,train
2321,APTOS_2019,a2811f512c1c.png,retinopatia_diabetica,0,sem_retinopatia_diabetica,train
2322,APTOS_2019,a28bfb772f50.png,retinopatia_diabetica,1,retinopatia_diabetica_leve,train
2323,APTOS_2019,a2ad3da4c7d6.png,retinopatia_diabetica,2,retinopatia_diabetica_moderada,train
2324,APTOS_2019,a2b97d98f130.png,retinopatia_diabetica,0,sem_retinopatia_diabetica,train
2325,APTOS_2019,a2b995b81692.png,retinopatia_diabetica,0,sem_retinopatia_diabetica,train
2326,APTOS_2019,a2d349f567a6.png,retinopatia_diabetica,2,retinopatia_diabetica_moderada,train
2327,APTOS_2019,a2ddabee14e9.png,retinopatia_diabetica,4,retinopatia_diabetica_proliferativa,train
2328,APTOS_2019,a2dff8dbc9f8.png,retinopatia_diabetica,0,sem_retinopatia_diabetica,train
2329,APTOS_2019,a30a143a53a3.png,retinopatia_diabetica,0,sem_retinopatia_diabetica,train
2330,APTOS_2019,a3132c8828e4.png,retinopatia_diabetica,0,sem_retinopatia_diabetica,train
2331,APTOS_2019,a32886cb31ab.png,retinopatia_diabetica,1,retinopatia_diabetica_leve,train
2332,APTOS_2019,a32b5ce3d48a.png,retinopatia_diabetica,4,retinopatia_diabetica_proliferativa,train
2333,APTOS_2019,a3475dc3ac80.png,retinopatia_diabetica,2,retinopatia_diabetica_moderada,train
2334,APTOS_2019,a34fc5376669.png,retinopatia_diabetica,0,sem_retinopatia_diabetica,train
2335,APTOS_2019,a3706ce27869.png,retinopatia_diabetica,2,retinopatia_diabetica_moderada,train
2336,APTOS_2019,a3802934bad7.png,retinopatia_diabetica,2,retinopatia_diabetica_moderada,train
2337,APTOS_2019,a384e688e228.png,retinopatia_diabetica,0,sem_retinopatia_diabetica,train
2338,APTOS_2019,a386ec9aabde.png,retinopatia_diabetica,2,retinopatia_diabetica_moderada,train
2339,APTOS_2019,a3957df90a78.png,retinopatia_diabetica,2,retinopatia_diabetica_moderada,train
2340,APTOS_2019,a3ad6c2db6f1.png,retinopatia_diabetica,1,retinopatia_diabetica_leve,train
2341,APTOS_2019,a3b2e93d058b.png,retinopatia_diabetica,2,retinopatia_diabetica_moderada,train
2342,APTOS_2019,a3bd2e034614.png,retinopatia_diabetica,0,sem_retinopatia_diabetica,train
2343,APTOS_2019,a3d2a0c4cd17.png,retinopatia_diabetica,1,retinopatia_diabetica_leve,train
2344,APTOS_2019,a3fcf42ff56d.png,retinopatia_diabetica,4,retinopatia_diabetica_proliferativa,train
2345,APTOS_2019,a4012932e18d.png,retinopatia_diabetica,0,sem_retinopatia_diabetica,train
2346,APTOS_2019,a419fcb2dfb5.png,retinopatia_diabetica,0,sem_retinopatia_diabetica,train
2347,APTOS_2019,a4359815f152.png,retinopatia_diabetica,2,retinopatia_diabetica_moderada,train
2348,APTOS_2019,a44345b27804.png,retinopatia_diabetica,0,sem_retinopatia_diabetica,train
2349,APTOS_2019,a443c4fd489c.png,retinopatia_diabetica,1,retinopatia_diabetica_leve,train
2350,APTOS_2019,a45c30da0c72.png,retinopatia_diabetica,0,sem_retinopatia_diabetica,train
2351,APTOS_2019,a45d77edf8d9.png,retinopatia_diabetica,2,retinopatia_diabetica_moderada,train
2352,APTOS_2019,a47432cd41e7.png,retinopatia_diabetica,1,retinopatia_diabetica_leve,train
2353,APTOS_2019,a476fd984005.png,retinopatia_diabetica,2,retinopatia_diabetica_moderada,train
2354,APTOS_2019,a47878630dc2.png,retinopatia_diabetica,2,retinopatia_diabetica_moderada,train
2355,APTOS_2019,a484bdf85b4c.png,retinopatia_diabetica,0,sem_retinopatia_diabetica,train
2356,APTOS_2019,a49b0b4484ea.png,retinopatia_diabetica,2,retinopatia_diabetica_moderada,train
2357,APTOS_2019,a4b8de38eac1.png,retinopatia_diabetica,3,retinopatia_diabetica_grave,train
2358,APTOS_2019,a4d41c495666.png,retinopatia_diabetica,2,retinopatia_diabetica_moderada,train
2359,APTOS_2019,a4d4b69f7404.png,retinopatia_diabetica,3,retinopatia_diabetica_grave,train
2360,APTOS_2019,a4ee03ecff60.png,retinopatia_diabetica,0,sem_retinopatia_diabetica,train
2361,APTOS_2019,a505981d1cab.png,retinopatia_diabetica,2,retinopatia_diabetica_moderada,train
2362,APTOS_2019,a528be013a04.png,retinopatia_diabetica,0,sem_retinopatia_diabetica,train
2363,APTOS_2019,a53d6d2472a6.png,retinopatia_diabetica,0,sem_retinopatia_diabetica,train
2364,APTOS_2019,a56230242a95.png,retinopatia_diabetica,2,retinopatia_diabetica_moderada,train
2365,APTOS_2019,a56729de89e9.png,retinopatia_diabetica,2,retinopatia_diabetica_moderada,train
2366,APTOS_2019,a5a2a7003d60.png,retinopatia_diabetica,1,retinopatia_diabetica_leve,train
2367,APTOS_2019,a5bb85afc6e8.png,retinopatia_diabetica,0,sem_retinopatia_diabetica,train
2368,APTOS_2019,a5c9a8c726b2.png,retinopatia_diabetica,4,retinopatia_diabetica_proliferativa,train
2369,APTOS_2019,a61723fc38c2.png,retinopatia_diabetica,0,sem_retinopatia_diabetica,train
2370,APTOS_2019,a627eb8c08c5.png,retinopatia_diabetica,0,sem_retinopatia_diabetica,train
2371,APTOS_2019,a62e995f167c.png,retinopatia_diabetica,0,sem_retinopatia_diabetica,train
2372,APTOS_2019,a62ea0043aa7.png,retinopatia_diabetica,2,retinopatia_diabetica_moderada,train
2373,APTOS_2019,a6356a3c5d11.png,retinopatia_diabetica,0,sem_retinopatia_diabetica,train
2374,APTOS_2019,a64273801bde.png,retinopatia_diabetica,2,retinopatia_diabetica_moderada,train
2375,APTOS_2019,a646c084928c.png,retinopatia_diabetica,0,sem_retinopatia_diabetica,train
2376,APTOS_2019,a654b25124c3.png,retinopatia_diabetica,0,sem_retinopatia_diabetica,train
2377,APTOS_2019,a664d2055886.png,retinopatia_diabetica,2,retinopatia_diabetica_moderada,train
2378,APTOS_2019,a66c3165876f.png,retinopatia_diabetica,2,retinopatia_diabetica_moderada,train
2379,APTOS_2019,a673193cd5a9.png,retinopatia_diabetica,0,sem_retinopatia_diabetica,train
2380,APTOS_2019,a6731dd737af.png,retinopatia_diabetica,0,sem_retinopatia_diabetica,train
2381,APTOS_2019,a688f20f8895.png,retinopatia_diabetica,2,retinopatia_diabetica_moderada,train
2382,APTOS_2019,a6b6d27c1b32.png,retinopatia_diabetica,0,sem_retinopatia_diabetica,train
2383,APTOS_2019,a6c9e96a10d7.png,retinopatia_diabetica,2,retinopatia_diabetica_moderada,train
2384,APTOS_2019,a6d45de20e4d.png,retinopatia_diabetica,4,retinopatia_diabetica_proliferativa,train
2385,APTOS_2019,a70d0f12a641.png,retinopatia_diabetica,0,sem_retinopatia_diabetica,train
2386,APTOS_2019,a721efb1e049.png,retinopatia_diabetica,2,retinopatia_diabetica_moderada,train
2387,APTOS_2019,a73c3d516c59.png,retinopatia_diabetica,0,sem_retinopatia_diabetica,train
2388,APTOS_2019,a73d012c4c38.png,retinopatia_diabetica,0,sem_retinopatia_diabetica,train
2389,APTOS_2019,a75bab2463d4.png,retinopatia_diabetica,1,retinopatia_diabetica_leve,train
2390,APTOS_2019,a76132e79688.png,retinopatia_diabetica,0,sem_retinopatia_diabetica,train
2391,APTOS_2019,a763661f98a5.png,retinopatia_diabetica,3,retinopatia_diabetica_grave,train
2392,APTOS_2019,a7673ac44509.png,retinopatia_diabetica,0,sem_retinopatia_diabetica,train
2393,APTOS_2019,a76b69e443ce.png,retinopatia_diabetica,4,retinopatia_diabetica_proliferativa,train
2394,APTOS_2019,a77dbec966d4.png,retinopatia_diabetica,1,retinopatia_diabetica_leve,train
2395,APTOS_2019,a77eb914b383.png,retinopatia_diabetica,0,sem_retinopatia_diabetica,train
2396,APTOS_2019,a790a3b36390.png,retinopatia_diabetica,2,retinopatia_diabetica_moderada,train
2397,APTOS_2019,a7b03e58a6e1.png,retinopatia_diabetica,0,sem_retinopatia_diabetica,train
2398,APTOS_2019,a7b0d0c51731.png,retinopatia_diabetica,2,retinopatia_diabetica_moderada,train
2399,APTOS_2019,a7b7dc8788b9.png,retinopatia_diabetica,2,retinopatia_diabetica_moderada,train
2400,APTOS_2019,a7c10ca6c117.png,retinopatia_diabetica,0,sem_retinopatia_diabetica,train
2401,APTOS_2019,a7ec056502e7.png,retinopatia_diabetica,1,retinopatia_diabetica_leve,train
2402,APTOS_2019,a804cef3e51f.png,retinopatia_diabetica,2,retinopatia_diabetica_moderada,train
2403,APTOS_2019,a80dab8eddf4.png,retinopatia_diabetica,3,retinopatia_diabetica_grave,train
2404,APTOS_2019,a81b06f50612.png,retinopatia_diabetica,4,retinopatia_diabetica_proliferativa,train
2405,APTOS_2019,a821b6ecef33.png,retinopatia_diabetica,0,sem_retinopatia_diabetica,train
2406,APTOS_2019,a8263d248523.png,retinopatia_diabetica,0,sem_retinopatia_diabetica,train
2407,APTOS_2019,a82a12ad3fb1.png,retinopatia_diabetica,0,sem_retinopatia_diabetica,train
2408,APTOS_2019,a8582e346df0.png,retinopatia_diabetica,1,retinopatia_diabetica_leve,train
2409,APTOS_2019,a85cda5f725d.png,retinopatia_diabetica,0,sem_retinopatia_diabetica,train
2410,APTOS_2019,a86128b601a7.png,retinopatia_diabetica,0,sem_retinopatia_diabetica,train
2411,APTOS_2019,a8652b2de23f.png,retinopatia_diabetica,2,retinopatia_diabetica_moderada,train
2412,APTOS_2019,a86c6283fd78.png,retinopatia_diabetica,2,retinopatia_diabetica_moderada,train
2413,APTOS_2019,a879c3569552.png,retinopatia_diabetica,2,retinopatia_diabetica_moderada,train
2414,APTOS_2019,a87f53bc984a.png,retinopatia_diabetica,2,retinopatia_diabetica_moderada,train
2415,APTOS_2019,a88365134c3c.png,retinopatia_diabetica,0,sem_retinopatia_diabetica,train
2416,APTOS_2019,a8854768549f.png,retinopatia_diabetica,0,sem_retinopatia_diabetica,train
2417,APTOS_2019,a88f68b0b114.png,retinopatia_diabetica,2,retinopatia_diabetica_moderada,train
2418,APTOS_2019,a8a6588c8eb7.png,retinopatia_diabetica,0,sem_retinopatia_diabetica,train
2419,APTOS_2019,a8aed92940fb.png,retinopatia_diabetica,0,sem_retinopatia_diabetica,train
2420,APTOS_2019,a8b3c0961d42.png,retinopatia_diabetica,0,sem_retinopatia_diabetica,train
2421,APTOS_2019,a8b637abd96b.png,retinopatia_diabetica,0,sem_retinopatia_diabetica,train
2422,APTOS_2019,a8c54e2a4b79.png,retinopatia_diabetica,1,retinopatia_diabetica_leve,train
2423,APTOS_2019,a8c950a99107.png,retinopatia_diabetica,1,retinopatia_diabetica_leve,train
2424,APTOS_2019,a8c9fcdbc0be.png,retinopatia_diabetica,0,sem_retinopatia_diabetica,train
2425,APTOS_2019,a8dea22ef903.png,retinopatia_diabetica,0,sem_retinopatia_diabetica,train
2426,APTOS_2019,a8e08e7fe016.png,retinopatia_diabetica,2,retinopatia_diabetica_moderada,train
2427,APTOS_2019,a8e88d4891c4.png,retinopatia_diabetica,3,retinopatia_diabetica_grave,train
2428,APTOS_2019,a8eb35b3bcd2.png,retinopatia_diabetica,2,retinopatia_diabetica_moderada,train
2429,APTOS_2019,a93f1ea3ff4a.png,retinopatia_diabetica,2,retinopatia_diabetica_moderada,train
2430,APTOS_2019,a94da3d3b5c0.png,retinopatia_diabetica,0,sem_retinopatia_diabetica,train
2431,APTOS_2019,a95858e052d6.png,retinopatia_diabetica,1,retinopatia_diabetica_leve,train
2432,APTOS_2019,a95d9d61ddd4.png,retinopatia_diabetica,0,sem_retinopatia_diabetica,train
2433,APTOS_2019,a963ac561580.png,retinopatia_diabetica,0,sem_retinopatia_diabetica,train
2434,APTOS_2019,a96ff96bbae5.png,retinopatia_diabetica,0,sem_retinopatia_diabetica,train
2435,APTOS_2019,a987aa7aac37.png,retinopatia_diabetica,0,sem_retinopatia_diabetica,train
2436,APTOS_2019,a9a28c37c8c4.png,retinopatia_diabetica,2,retinopatia_diabetica_moderada,train
2437,APTOS_2019,a9a3225cf4b5.png,retinopatia_diabetica,0,sem_retinopatia_diabetica,train
2438,APTOS_2019,a9b3177f01c0.png,retinopatia_diabetica,0,sem_retinopatia_diabetica,train
2439,APTOS_2019,a9bc2f892cb3.png,retinopatia_diabetica,0,sem_retinopatia_diabetica,train
2440,APTOS_2019,a9c7b83caf81.png,retinopatia_diabetica,2,retinopatia_diabetica_moderada,train
2441,APTOS_2019,a9d0c900b6a9.png,retinopatia_diabetica,2,retinopatia_diabetica_moderada,train
2442,APTOS_2019,a9dc80cba9a4.png,retinopatia_diabetica,0,sem_retinopatia_diabetica,train
2443,APTOS_2019,a9e3d186cd1b.png,retinopatia_diabetica,0,sem_retinopatia_diabetica,train
2444,APTOS_2019,a9e984b57556.png,retinopatia_diabetica,3,retinopatia_diabetica_grave,train
2445,APTOS_2019,aa0afc41ed19.png,retinopatia_diabetica,2,retinopatia_diabetica_moderada,train
2446,APTOS_2019,aa10a4b2e709.png,retinopatia_diabetica,0,sem_retinopatia_diabetica,train
2447,APTOS_2019,aa31bc6b8f4d.png,retinopatia_diabetica,2,retinopatia_diabetica_moderada,train
2448,APTOS_2019,aa4407aab872.png,retinopatia_diabetica,0,sem_retinopatia_diabetica,train
2449,APTOS_2019,aa5ce75edcf5.png,retinopatia_diabetica,2,retinopatia_diabetica_moderada,train
2450,APTOS_2019,aa60813e1a8d.png,retinopatia_diabetica,0,sem_retinopatia_diabetica,train
2451,APTOS_2019,aa6242f9e08c.png,retinopatia_diabetica,0,sem_retinopatia_diabetica,train
2452,APTOS_2019,aa6673241154.png,retinopatia_diabetica,4,retinopatia_diabetica_proliferativa,train
2453,APTOS_2019,aa841de1ee82.png,retinopatia_diabetica,2,retinopatia_diabetica_moderada,train
2454,APTOS_2019,aa8a1e814811.png,retinopatia_diabetica,0,sem_retinopatia_diabetica,train
2455,APTOS_2019,aa94cc4bfd84.png,retinopatia_diabetica,0,sem_retinopatia_diabetica,train
2456,APTOS_2019,aa9b8f05f4bf.png,retinopatia_diabetica,2,retinopatia_diabetica_moderada,train
2457,APTOS_2019,aa9cfe639ef1.png,retinopatia_diabetica,2,retinopatia_diabetica_moderada,train
2458,APTOS_2019,aaaadb174012.png,retinopatia_diabetica,0,sem_retinopatia_diabetica,train
2459,APTOS_2019,aabd867043cf.png,retinopatia_diabetica,0,sem_retinopatia_diabetica,train
2460,APTOS_2019,aad0c0ee9268.png,retinopatia_diabetica,2,retinopatia_diabetica_moderada,train
2461,APTOS_2019,aae8f9f3ef8c.png,retinopatia_diabetica,3,retinopatia_diabetica_grave,train
2462,APTOS_2019,aafb0c944f14.png,retinopatia_diabetica,0,sem_retinopatia_diabetica,train
2463,APTOS_2019,aafe980edd0c.png,retinopatia_diabetica,0,sem_retinopatia_diabetica,train
2464,APTOS_2019,ab03d50bba2f.png,retinopatia_diabetica,0,sem_retinopatia_diabetica,train
2465,APTOS_2019,ab1c20a94f3f.png,retinopatia_diabetica,4,retinopatia_diabetica_proliferativa,train
2466,APTOS_2019,ab32db41c409.png,retinopatia_diabetica,0,sem_retinopatia_diabetica,train
2467,APTOS_2019,ab3c505b624f.png,retinopatia_diabetica,0,sem_retinopatia_diabetica,train
2468,APTOS_2019,ab50123abadb.png,retinopatia_diabetica,2,retinopatia_diabetica_moderada,train
2469,APTOS_2019,ab653b8554c0.png,retinopatia_diabetica,0,sem_retinopatia_diabetica,train
2470,APTOS_2019,ab686895533e.png,retinopatia_diabetica,0,sem_retinopatia_diabetica,train
2471,APTOS_2019,ab724603ee93.png,retinopatia_diabetica,0,sem_retinopatia_diabetica,train
2472,APTOS_2019,ab78a66dee6a.png,retinopatia_diabetica,0,sem_retinopatia_diabetica,train
2473,APTOS_2019,ab7991df166b.png,retinopatia_diabetica,0,sem_retinopatia_diabetica,train
2474,APTOS_2019,ab88081e5654.png,retinopatia_diabetica,0,sem_retinopatia_diabetica,train
2475,APTOS_2019,aba3063c5413.png,retinopatia_diabetica,3,retinopatia_diabetica_grave,train
2476,APTOS_2019,ababe19ed448.png,retinopatia_diabetica,1,retinopatia_diabetica_leve,train
2477,APTOS_2019,abbb8791785e.png,retinopatia_diabetica,0,sem_retinopatia_diabetica,train
2478,APTOS_2019,abdb365cacbc.png,retinopatia_diabetica,1,retinopatia_diabetica_leve,train
2479,APTOS_2019,abe940882578.png,retinopatia_diabetica,0,sem_retinopatia_diabetica,train
2480,APTOS_2019,abf09c44d5f4.png,retinopatia_diabetica,2,retinopatia_diabetica_moderada,train
2481,APTOS_2019,abf0f56c6f12.png,retinopatia_diabetica,2,retinopatia_diabetica_moderada,train
2482,APTOS_2019,ac0a48ccbf70.png,retinopatia_diabetica,0,sem_retinopatia_diabetica,train
2483,APTOS_2019,ac1667fac512.png,retinopatia_diabetica,0,sem_retinopatia_diabetica,train
2484,APTOS_2019,ac17cc18a994.png,retinopatia_diabetica,0,sem_retinopatia_diabetica,train
2485,APTOS_2019,ac2c814949f9.png,retinopatia_diabetica,2,retinopatia_diabetica_moderada,train
2486,APTOS_2019,ac5b5dddf91b.png,retinopatia_diabetica,2,retinopatia_diabetica_moderada,train
2487,APTOS_2019,ac720570dd0f.png,retinopatia_diabetica,2,retinopatia_diabetica_moderada,train
2488,APTOS_2019,ac81fc200162.png,retinopatia_diabetica,0,sem_retinopatia_diabetica,train
2489,APTOS_2019,aca88f566228.png,retinopatia_diabetica,2,retinopatia_diabetica_moderada,train
2490,APTOS_2019,acc9f29538c4.png,retinopatia_diabetica,2,retinopatia_diabetica_moderada,train
2491,APTOS_2019,ace2281f00c4.png,retinopatia_diabetica,0,sem_retinopatia_diabetica,train
2492,APTOS_2019,ace287a5c991.png,retinopatia_diabetica,0,sem_retinopatia_diabetica,train
2493,APTOS_2019,acf976efd7ce.png,retinopatia_diabetica,0,sem_retinopatia_diabetica,train
2494,APTOS_2019,ad029ba7fa8b.png,retinopatia_diabetica,0,sem_retinopatia_diabetica,train
2495,APTOS_2019,ad12cde115ab.png,retinopatia_diabetica,0,sem_retinopatia_diabetica,train
2496,APTOS_2019,ad1aa75d5630.png,retinopatia_diabetica,0,sem_retinopatia_diabetica,train
2497,APTOS_2019,ad1f7445b1a8.png,retinopatia_diabetica,1,retinopatia_diabetica_leve,train
2498,APTOS_2019,ad20080452de.png,retinopatia_diabetica,0,sem_retinopatia_diabetica,train
2499,APTOS_2019,ad2f0b9d059c.png,retinopatia_diabetica,3,retinopatia_diabetica_grave,train
2500,APTOS_2019,ad312ca98202.png,retinopatia_diabetica,0,sem_retinopatia_diabetica,train
2501,APTOS_2019,ad3fc5076852.png,retinopatia_diabetica,1,retinopatia_diabetica_leve,train
2502,APTOS_2019,ad570b850a4f.png,retinopatia_diabetica,2,retinopatia_diabetica_moderada,train
2503,APTOS_2019,ad6b07d5c338.png,retinopatia_diabetica,0,sem_retinopatia_diabetica,train
2504,APTOS_2019,ad93d88c87ea.png,retinopatia_diabetica,0,sem_retinopatia_diabetica,train
2505,APTOS_2019,ad944bd56bb6.png,retinopatia_diabetica,0,sem_retinopatia_diabetica,train
2506,APTOS_2019,adb56cecafaf.png,retinopatia_diabetica,3,retinopatia_diabetica_grave,train
2507,APTOS_2019,add1d681d712.png,retinopatia_diabetica,2,retinopatia_diabetica_moderada,train
2508,APTOS_2019,addf66a50f42.png,retinopatia_diabetica,0,sem_retinopatia_diabetica,train
2509,APTOS_2019,ae1344610ebe.png,retinopatia_diabetica,2,retinopatia_diabetica_moderada,train
2510,APTOS_2019,ae20112e7a1e.png,retinopatia_diabetica,0,sem_retinopatia_diabetica,train
2511,APTOS_2019,ae2c3f6312ef.png,retinopatia_diabetica,0,sem_retinopatia_diabetica,train
2512,APTOS_2019,ae2e888905ba.png,retinopatia_diabetica,0,sem_retinopatia_diabetica,train
2513,APTOS_2019,ae49cc60f251.png,retinopatia_diabetica,0,sem_retinopatia_diabetica,train
2514,APTOS_2019,ae57c8630249.png,retinopatia_diabetica,0,sem_retinopatia_diabetica,train
2515,APTOS_2019,ae58ccb5905e.png,retinopatia_diabetica,0,sem_retinopatia_diabetica,train
2516,APTOS_2019,ae5d31979f19.png,retinopatia_diabetica,0,sem_retinopatia_diabetica,train
2517,APTOS_2019,ae61e19fb766.png,retinopatia_diabetica,0,sem_retinopatia_diabetica,train
2518,APTOS_2019,ae8424cdb029.png,retinopatia_diabetica,2,retinopatia_diabetica_moderada,train
2519,APTOS_2019,ae8472f8d310.png,retinopatia_diabetica,1,retinopatia_diabetica_leve,train
2520,APTOS_2019,ae94ce412de9.png,retinopatia_diabetica,0,sem_retinopatia_diabetica,train
2521,APTOS_2019,ae975c43bd8b.png,retinopatia_diabetica,0,sem_retinopatia_diabetica,train
2522,APTOS_2019,aea59ebec445.png,retinopatia_diabetica,3,retinopatia_diabetica_grave,train
2523,APTOS_2019,aeab0a63bcaf.png,retinopatia_diabetica,0,sem_retinopatia_diabetica,train
2524,APTOS_2019,aeb6f4fd2eed.png,retinopatia_diabetica,0,sem_retinopatia_diabetica,train
2525,APTOS_2019,aebe87a423c8.png,retinopatia_diabetica,0,sem_retinopatia_diabetica,train
2526,APTOS_2019,aec51513cf45.png,retinopatia_diabetica,0,sem_retinopatia_diabetica,train
2527,APTOS_2019,aeccef0bdc26.png,retinopatia_diabetica,0,sem_retinopatia_diabetica,train
2528,APTOS_2019,aed4e743c230.png,retinopatia_diabetica,2,retinopatia_diabetica_moderada,train
2529,APTOS_2019,aeed1f251ceb.png,retinopatia_diabetica,4,retinopatia_diabetica_proliferativa,train
2530,APTOS_2019,aef9016557ca.png,retinopatia_diabetica,2,retinopatia_diabetica_moderada,train
2531,APTOS_2019,af133a85ea0c.png,retinopatia_diabetica,1,retinopatia_diabetica_leve,train
2532,APTOS_2019,af345c68e836.png,retinopatia_diabetica,0,sem_retinopatia_diabetica,train
2533,APTOS_2019,af3b0115aad1.png,retinopatia_diabetica,3,retinopatia_diabetica_grave,train
2534,APTOS_2019,af5a0bc4e1fa.png,retinopatia_diabetica,0,sem_retinopatia_diabetica,train
2535,APTOS_2019,af6166d57f13.png,retinopatia_diabetica,0,sem_retinopatia_diabetica,train
2536,APTOS_2019,af6a1508cd95.png,retinopatia_diabetica,0,sem_retinopatia_diabetica,train
2537,APTOS_2019,af7a36454670.png,retinopatia_diabetica,0,sem_retinopatia_diabetica,train
2538,APTOS_2019,af828dab3ffc.png,retinopatia_diabetica,2,retinopatia_diabetica_moderada,train
2539,APTOS_2019,af831c158744.png,retinopatia_diabetica,2,retinopatia_diabetica_moderada,train
2540,APTOS_2019,af87d48ffe01.png,retinopatia_diabetica,0,sem_retinopatia_diabetica,train
2541,APTOS_2019,af8aa32beee4.png,retinopatia_diabetica,2,retinopatia_diabetica_moderada,train
2542,APTOS_2019,afc345cc9145.png,retinopatia_diabetica,0,sem_retinopatia_diabetica,train
2543,APTOS_2019,afc744fad65e.png,retinopatia_diabetica,0,sem_retinopatia_diabetica,train
2544,APTOS_2019,b019a49787c1.png,retinopatia_diabetica,3,retinopatia_diabetica_grave,train
2545,APTOS_2019,b033ab4fb723.png,retinopatia_diabetica,2,retinopatia_diabetica_moderada,train
2546,APTOS_2019,b05922e7abd3.png,retinopatia_diabetica,0,sem_retinopatia_diabetica,train
2547,APTOS_2019,b0619ca93a5f.png,retinopatia_diabetica,0,sem_retinopatia_diabetica,train
2548,APTOS_2019,b06dabab4f09.png,retinopatia_diabetica,2,retinopatia_diabetica_moderada,train
2549,APTOS_2019,b07bc463b718.png,retinopatia_diabetica,1,retinopatia_diabetica_leve,train
2550,APTOS_2019,b085caa513a8.png,retinopatia_diabetica,0,sem_retinopatia_diabetica,train
2551,APTOS_2019,b086c7cd3868.png,retinopatia_diabetica,0,sem_retinopatia_diabetica,train
2552,APTOS_2019,b09101adb478.png,retinopatia_diabetica,0,sem_retinopatia_diabetica,train
2553,APTOS_2019,b0acd3593310.png,retinopatia_diabetica,0,sem_retinopatia_diabetica,train
2554,APTOS_2019,b0b3b16fc305.png,retinopatia_diabetica,0,sem_retinopatia_diabetica,train
2555,APTOS_2019,b0c9a492e068.png,retinopatia_diabetica,0,sem_retinopatia_diabetica,train
2556,APTOS_2019,b0cc9f8d06e4.png,retinopatia_diabetica,2,retinopatia_diabetica_moderada,train
2557,APTOS_2019,b0d35981708b.png,retinopatia_diabetica,2,retinopatia_diabetica_moderada,train
2558,APTOS_2019,b0d6417bad3e.png,retinopatia_diabetica,2,retinopatia_diabetica_moderada,train
2559,APTOS_2019,b0eeae01b8ab.png,retinopatia_diabetica,2,retinopatia_diabetica_moderada,train
2560,APTOS_2019,b0f0fa677d5f.png,retinopatia_diabetica,0,sem_retinopatia_diabetica,train
2561,APTOS_2019,b0f8613305a3.png,retinopatia_diabetica,0,sem_retinopatia_diabetica,train
2562,APTOS_2019,b10fca20c885.png,retinopatia_diabetica,0,sem_retinopatia_diabetica,train
2563,APTOS_2019,b1197f2cc9b3.png,retinopatia_diabetica,1,retinopatia_diabetica_leve,train
2564,APTOS_2019,b11dcdcbc8c8.png,retinopatia_diabetica,0,sem_retinopatia_diabetica,train
2565,APTOS_2019,b13d72ceea26.png,retinopatia_diabetica,2,retinopatia_diabetica_moderada,train
2566,APTOS_2019,b16dd4483ca5.png,retinopatia_diabetica,0,sem_retinopatia_diabetica,train
2567,APTOS_2019,b17f0b81dab3.png,retinopatia_diabetica,1,retinopatia_diabetica_leve,train
2568,APTOS_2019,b187b3c93afb.png,retinopatia_diabetica,2,retinopatia_diabetica_moderada,train
2569,APTOS_2019,b191ba0a2b12.png,retinopatia_diabetica,3,retinopatia_diabetica_grave,train
2570,APTOS_2019,b1b3e7d0a5f3.png,retinopatia_diabetica,4,retinopatia_diabetica_proliferativa,train
2571,APTOS_2019,b1c6f0997e27.png,retinopatia_diabetica,0,sem_retinopatia_diabetica,train
2572,APTOS_2019,b1f4122fd36a.png,retinopatia_diabetica,2,retinopatia_diabetica_moderada,train
2573,APTOS_2019,b200c23b299b.png,retinopatia_diabetica,0,sem_retinopatia_diabetica,train
2574,APTOS_2019,b21abe5d9722.png,retinopatia_diabetica,0,sem_retinopatia_diabetica,train
2575,APTOS_2019,b22354b5f94b.png,retinopatia_diabetica,1,retinopatia_diabetica_leve,train
2576,APTOS_2019,b22cc1bf0b8a.png,retinopatia_diabetica,0,sem_retinopatia_diabetica,train
2577,APTOS_2019,b2748ac28fc1.png,retinopatia_diabetica,2,retinopatia_diabetica_moderada,train
2578,APTOS_2019,b294927b14b0.png,retinopatia_diabetica,0,sem_retinopatia_diabetica,train
2579,APTOS_2019,b2aaa81cc8f0.png,retinopatia_diabetica,2,retinopatia_diabetica_moderada,train
2580,APTOS_2019,b2b79b37d314.png,retinopatia_diabetica,0,sem_retinopatia_diabetica,train
2581,APTOS_2019,b2b7ccd34cbd.png,retinopatia_diabetica,0,sem_retinopatia_diabetica,train
2582,APTOS_2019,b2ffa3e18559.png,retinopatia_diabetica,3,retinopatia_diabetica_grave,train
2583,APTOS_2019,b310bd564329.png,retinopatia_diabetica,3,retinopatia_diabetica_grave,train
2584,APTOS_2019,b351ae99413a.png,retinopatia_diabetica,0,sem_retinopatia_diabetica,train
2585,APTOS_2019,b35cad8fe2d7.png,retinopatia_diabetica,0,sem_retinopatia_diabetica,train
2586,APTOS_2019,b376def52ccc.png,retinopatia_diabetica,2,retinopatia_diabetica_moderada,train
2587,APTOS_2019,b37aae3c8fe1.png,retinopatia_diabetica,4,retinopatia_diabetica_proliferativa,train
2588,APTOS_2019,b3819a805dca.png,retinopatia_diabetica,4,retinopatia_diabetica_proliferativa,train
2589,APTOS_2019,b3a994760537.png,retinopatia_diabetica,0,sem_retinopatia_diabetica,train
2590,APTOS_2019,b3c0c3330278.png,retinopatia_diabetica,2,retinopatia_diabetica_moderada,train
2591,APTOS_2019,b3d12069e1c5.png,retinopatia_diabetica,2,retinopatia_diabetica_moderada,train
2592,APTOS_2019,b3d135bd3bb5.png,retinopatia_diabetica,3,retinopatia_diabetica_grave,train
2593,APTOS_2019,b3f31c371e59.png,retinopatia_diabetica,0,sem_retinopatia_diabetica,train
2594,APTOS_2019,b402b18d99a5.png,retinopatia_diabetica,2,retinopatia_diabetica_moderada,train
2595,APTOS_2019,b402daa0864c.png,retinopatia_diabetica,2,retinopatia_diabetica_moderada,train
2596,APTOS_2019,b43440c6ebe4.png,retinopatia_diabetica,0,sem_retinopatia_diabetica,train
2597,APTOS_2019,b460ca9fa26f.png,retinopatia_diabetica,0,sem_retinopatia_diabetica,train
2598,APTOS_2019,b468ebf5cb11.png,retinopatia_diabetica,2,retinopatia_diabetica_moderada,train
2599,APTOS_2019,b46b09a45f39.png,retinopatia_diabetica,0,sem_retinopatia_diabetica,train
2600,APTOS_2019,b498b84d383f.png,retinopatia_diabetica,2,retinopatia_diabetica_moderada,train
2601,APTOS_2019,b49b2fac2514.png,retinopatia_diabetica,4,retinopatia_diabetica_proliferativa,train
2602,APTOS_2019,b4b04d81acbb.png,retinopatia_diabetica,0,sem_retinopatia_diabetica,train
2603,APTOS_2019,b4e15102cd7a.png,retinopatia_diabetica,0,sem_retinopatia_diabetica,train
2604,APTOS_2019,b4f41b5bf0ef.png,retinopatia_diabetica,1,retinopatia_diabetica_leve,train
2605,APTOS_2019,b50b30aa6e6c.png,retinopatia_diabetica,1,retinopatia_diabetica_leve,train
2606,APTOS_2019,b5204c0decc7.png,retinopatia_diabetica,0,sem_retinopatia_diabetica,train
2607,APTOS_2019,b532dedd928c.png,retinopatia_diabetica,0,sem_retinopatia_diabetica,train
2608,APTOS_2019,b549af91bd30.png,retinopatia_diabetica,0,sem_retinopatia_diabetica,train
2609,APTOS_2019,b553e7909535.png,retinopatia_diabetica,0,sem_retinopatia_diabetica,train
2610,APTOS_2019,b55d2ddb3e75.png,retinopatia_diabetica,4,retinopatia_diabetica_proliferativa,train
2611,APTOS_2019,b56340f472d2.png,retinopatia_diabetica,1,retinopatia_diabetica_leve,train
2612,APTOS_2019,b574d229ec4c.png,retinopatia_diabetica,2,retinopatia_diabetica_moderada,train
2613,APTOS_2019,b576c5269ad1.png,retinopatia_diabetica,1,retinopatia_diabetica_leve,train
2614,APTOS_2019,b5834ee64541.png,retinopatia_diabetica,3,retinopatia_diabetica_grave,train
2615,APTOS_2019,b598bc9753c2.png,retinopatia_diabetica,0,sem_retinopatia_diabetica,train
2616,APTOS_2019,b5a3ca5c0a80.png,retinopatia_diabetica,0,sem_retinopatia_diabetica,train
2617,APTOS_2019,b5b913358b32.png,retinopatia_diabetica,0,sem_retinopatia_diabetica,train
2618,APTOS_2019,b5bf7b84fc66.png,retinopatia_diabetica,0,sem_retinopatia_diabetica,train
2619,APTOS_2019,b5c80d0ed0ff.png,retinopatia_diabetica,2,retinopatia_diabetica_moderada,train
2620,APTOS_2019,b5e6ae31493c.png,retinopatia_diabetica,0,sem_retinopatia_diabetica,train
2621,APTOS_2019,b60dbf9f0744.png,retinopatia_diabetica,2,retinopatia_diabetica_moderada,train
2622,APTOS_2019,b6304c545f95.png,retinopatia_diabetica,2,retinopatia_diabetica_moderada,train
2623,APTOS_2019,b640e3bdff75.png,retinopatia_diabetica,1,retinopatia_diabetica_leve,train
2624,APTOS_2019,b64e1eef3d63.png,retinopatia_diabetica,0,sem_retinopatia_diabetica,train
2625,APTOS_2019,b65ff67743b2.png,retinopatia_diabetica,2,retinopatia_diabetica_moderada,train
2626,APTOS_2019,b665041e1633.png,retinopatia_diabetica,2,retinopatia_diabetica_moderada,train
2627,APTOS_2019,b66f23ffa730.png,retinopatia_diabetica,0,sem_retinopatia_diabetica,train
2628,APTOS_2019,b67ae80f7eba.png,retinopatia_diabetica,0,sem_retinopatia_diabetica,train
2629,APTOS_2019,b69c224edd6e.png,retinopatia_diabetica,0,sem_retinopatia_diabetica,train
2630,APTOS_2019,b6a0e348a01e.png,retinopatia_diabetica,1,retinopatia_diabetica_leve,train
2631,APTOS_2019,b6bf847fbcb2.png,retinopatia_diabetica,0,sem_retinopatia_diabetica,train
2632,APTOS_2019,b6bfe9db60e5.png,retinopatia_diabetica,3,retinopatia_diabetica_grave,train
2633,APTOS_2019,b6d9974443ce.png,retinopatia_diabetica,0,sem_retinopatia_diabetica,train
2634,APTOS_2019,b6fd109b1bc9.png,retinopatia_diabetica,0,sem_retinopatia_diabetica,train
2635,APTOS_2019,b70cb31b9abb.png,retinopatia_diabetica,4,retinopatia_diabetica_proliferativa,train
2636,APTOS_2019,b70e7c26f51e.png,retinopatia_diabetica,0,sem_retinopatia_diabetica,train
2637,APTOS_2019,b71428739d4e.png,retinopatia_diabetica,1,retinopatia_diabetica_leve,train
2638,APTOS_2019,b7278b4f2448.png,retinopatia_diabetica,1,retinopatia_diabetica_leve,train
2639,APTOS_2019,b72a86d61959.png,retinopatia_diabetica,0,sem_retinopatia_diabetica,train
2640,APTOS_2019,b72f59b85f7c.png,retinopatia_diabetica,0,sem_retinopatia_diabetica,train
2641,APTOS_2019,b73d0bcd3d33.png,retinopatia_diabetica,0,sem_retinopatia_diabetica,train
2642,APTOS_2019,b746a6681ba9.png,retinopatia_diabetica,2,retinopatia_diabetica_moderada,train
2643,APTOS_2019,b74de20d73de.png,retinopatia_diabetica,0,sem_retinopatia_diabetica,train
2644,APTOS_2019,b759cbef90c5.png,retinopatia_diabetica,0,sem_retinopatia_diabetica,train
2645,APTOS_2019,b762c29cf2f3.png,retinopatia_diabetica,2,retinopatia_diabetica_moderada,train
2646,APTOS_2019,b77b88926843.png,retinopatia_diabetica,0,sem_retinopatia_diabetica,train
2647,APTOS_2019,b77b8a1f09f1.png,retinopatia_diabetica,4,retinopatia_diabetica_proliferativa,train
2648,APTOS_2019,b7983cb3f270.png,retinopatia_diabetica,0,sem_retinopatia_diabetica,train
2649,APTOS_2019,b7a1bb106051.png,retinopatia_diabetica,0,sem_retinopatia_diabetica,train
2650,APTOS_2019,b7aca95b97b9.png,retinopatia_diabetica,0,sem_retinopatia_diabetica,train
2651,APTOS_2019,b7bd4a6627b6.png,retinopatia_diabetica,0,sem_retinopatia_diabetica,train
2652,APTOS_2019,b7ce561a7328.png,retinopatia_diabetica,0,sem_retinopatia_diabetica,train
2653,APTOS_2019,b7e0f95353f2.png,retinopatia_diabetica,3,retinopatia_diabetica_grave,train
2654,APTOS_2019,b7f0bc7d399e.png,retinopatia_diabetica,0,sem_retinopatia_diabetica,train
2655,APTOS_2019,b8297a2291f5.png,retinopatia_diabetica,0,sem_retinopatia_diabetica,train
2656,APTOS_2019,b82d5f1f1145.png,retinopatia_diabetica,2,retinopatia_diabetica_moderada,train
2657,APTOS_2019,b82dfa63a75f.png,retinopatia_diabetica,0,sem_retinopatia_diabetica,train
2658,APTOS_2019,b835b6e31a59.png,retinopatia_diabetica,0,sem_retinopatia_diabetica,train
2659,APTOS_2019,b83a6eca125f.png,retinopatia_diabetica,2,retinopatia_diabetica_moderada,train
2660,APTOS_2019,b842b43cb7fb.png,retinopatia_diabetica,0,sem_retinopatia_diabetica,train
2661,APTOS_2019,b86fb2d5be1a.png,retinopatia_diabetica,0,sem_retinopatia_diabetica,train
2662,APTOS_2019,b87f9c59748b.png,retinopatia_diabetica,4,retinopatia_diabetica_proliferativa,train
2663,APTOS_2019,b89938407ee6.png,retinopatia_diabetica,2,retinopatia_diabetica_moderada,train
2664,APTOS_2019,b8ac328009e0.png,retinopatia_diabetica,2,retinopatia_diabetica_moderada,train
2665,APTOS_2019,b8dab47a260e.png,retinopatia_diabetica,0,sem_retinopatia_diabetica,train
2666,APTOS_2019,b8e20c076b03.png,retinopatia_diabetica,0,sem_retinopatia_diabetica,train
2667,APTOS_2019,b8e9a8f4617d.png,retinopatia_diabetica,0,sem_retinopatia_diabetica,train
2668,APTOS_2019,b8ebedd382de.png,retinopatia_diabetica,1,retinopatia_diabetica_leve,train
2669,APTOS_2019,b8f1b30877db.png,retinopatia_diabetica,2,retinopatia_diabetica_moderada,train
2670,APTOS_2019,b8fb9f55cd6d.png,retinopatia_diabetica,2,retinopatia_diabetica_moderada,train
2671,APTOS_2019,b90bc89ce8d8.png,retinopatia_diabetica,4,retinopatia_diabetica_proliferativa,train
2672,APTOS_2019,b9127e38d9b9.png,retinopatia_diabetica,2,retinopatia_diabetica_moderada,train
2673,APTOS_2019,b91ef82e723a.png,retinopatia_diabetica,2,retinopatia_diabetica_moderada,train
2674,APTOS_2019,b927a9238434.png,retinopatia_diabetica,2,retinopatia_diabetica_moderada,train
2675,APTOS_2019,b92eacd1392a.png,retinopatia_diabetica,0,sem_retinopatia_diabetica,train
2676,APTOS_2019,b94c58d063bf.png,retinopatia_diabetica,1,retinopatia_diabetica_leve,train
2677,APTOS_2019,b9519abce0c1.png,retinopatia_diabetica,0,sem_retinopatia_diabetica,train
2678,APTOS_2019,b95d4dd8e5e2.png,retinopatia_diabetica,2,retinopatia_diabetica_moderada,train
2679,APTOS_2019,b960142a8de7.png,retinopatia_diabetica,3,retinopatia_diabetica_grave,train
2680,APTOS_2019,b963a11638f2.png,retinopatia_diabetica,0,sem_retinopatia_diabetica,train
2681,APTOS_2019,b96b518596b3.png,retinopatia_diabetica,4,retinopatia_diabetica_proliferativa,train
2682,APTOS_2019,b98f77098b9d.png,retinopatia_diabetica,2,retinopatia_diabetica_moderada,train
2683,APTOS_2019,b99794a0beed.png,retinopatia_diabetica,2,retinopatia_diabetica_moderada,train
2684,APTOS_2019,b99afe7137fb.png,retinopatia_diabetica,4,retinopatia_diabetica_proliferativa,train
2685,APTOS_2019,b99c825b93c5.png,retinopatia_diabetica,2,retinopatia_diabetica_moderada,train
2686,APTOS_2019,b9b6ee2b9453.png,retinopatia_diabetica,2,retinopatia_diabetica_moderada,train
2687,APTOS_2019,b9b99dad668d.png,retinopatia_diabetica,1,retinopatia_diabetica_leve,train
2688,APTOS_2019,b9bc81fcb075.png,retinopatia_diabetica,0,sem_retinopatia_diabetica,train
2689,APTOS_2019,b9c7c5182075.png,retinopatia_diabetica,0,sem_retinopatia_diabetica,train
2690,APTOS_2019,b9d0b83d70c3.png,retinopatia_diabetica,0,sem_retinopatia_diabetica,train
2691,APTOS_2019,b9fe7da14a32.png,retinopatia_diabetica,0,sem_retinopatia_diabetica,train
2692,APTOS_2019,ba0107fb1bfd.png,retinopatia_diabetica,0,sem_retinopatia_diabetica,train
2693,APTOS_2019,ba08cee68c71.png,retinopatia_diabetica,4,retinopatia_diabetica_proliferativa,train
2694,APTOS_2019,ba25f947f4ec.png,retinopatia_diabetica,2,retinopatia_diabetica_moderada,train
2695,APTOS_2019,ba2624883599.png,retinopatia_diabetica,2,retinopatia_diabetica_moderada,train
2696,APTOS_2019,ba2ea9182090.png,retinopatia_diabetica,0,sem_retinopatia_diabetica,train
2697,APTOS_2019,ba4d2c4b3039.png,retinopatia_diabetica,4,retinopatia_diabetica_proliferativa,train
2698,APTOS_2019,ba4e62c11cc0.png,retinopatia_diabetica,0,sem_retinopatia_diabetica,train
2699,APTOS_2019,ba735b286d62.png,retinopatia_diabetica,4,retinopatia_diabetica_proliferativa,train
2700,APTOS_2019,baaca2f7e1f0.png,retinopatia_diabetica,0,sem_retinopatia_diabetica,train
2701,APTOS_2019,bab776139279.png,retinopatia_diabetica,0,sem_retinopatia_diabetica,train
2702,APTOS_2019,bac1744955c2.png,retinopatia_diabetica,0,sem_retinopatia_diabetica,train
2703,APTOS_2019,bacfa2b8e706.png,retinopatia_diabetica,0,sem_retinopatia_diabetica,train
2704,APTOS_2019,bacfb1029f6b.png,retinopatia_diabetica,1,retinopatia_diabetica_leve,train
2705,APTOS_2019,badb5ff8d3c7.png,retinopatia_diabetica,0,sem_retinopatia_diabetica,train
2706,APTOS_2019,bb08949dd70a.png,retinopatia_diabetica,0,sem_retinopatia_diabetica,train
2707,APTOS_2019,bb11db08584a.png,retinopatia_diabetica,1,retinopatia_diabetica_leve,train
2708,APTOS_2019,bb2f89488ecd.png,retinopatia_diabetica,0,sem_retinopatia_diabetica,train
2709,APTOS_2019,bb45257258cc.png,retinopatia_diabetica,1,retinopatia_diabetica_leve,train
2710,APTOS_2019,bb5083fae98f.png,retinopatia_diabetica,3,retinopatia_diabetica_grave,train
2711,APTOS_2019,bb733062f494.png,retinopatia_diabetica,2,retinopatia_diabetica_moderada,train
2712,APTOS_2019,bb752b179751.png,retinopatia_diabetica,0,sem_retinopatia_diabetica,train
2713,APTOS_2019,bb783d8e496f.png,retinopatia_diabetica,1,retinopatia_diabetica_leve,train
2714,APTOS_2019,bb7e0a2544cd.png,retinopatia_diabetica,3,retinopatia_diabetica_grave,train
2715,APTOS_2019,bb85097857fa.png,retinopatia_diabetica,0,sem_retinopatia_diabetica,train
2716,APTOS_2019,bb9a3d835a94.png,retinopatia_diabetica,1,retinopatia_diabetica_leve,train
2717,APTOS_2019,bba38f2294a3.png,retinopatia_diabetica,4,retinopatia_diabetica_proliferativa,train
2718,APTOS_2019,bc23f74e14dd.png,retinopatia_diabetica,2,retinopatia_diabetica_moderada,train
2719,APTOS_2019,bc34ed91c9bc.png,retinopatia_diabetica,4,retinopatia_diabetica_proliferativa,train
2720,APTOS_2019,bc34f52c37c7.png,retinopatia_diabetica,0,sem_retinopatia_diabetica,train
2721,APTOS_2019,bc73ce76ec43.png,retinopatia_diabetica,1,retinopatia_diabetica_leve,train
2722,APTOS_2019,bc7bf19b84e3.png,retinopatia_diabetica,0,sem_retinopatia_diabetica,train
2723,APTOS_2019,bc8c6a778cde.png,retinopatia_diabetica,0,sem_retinopatia_diabetica,train
2724,APTOS_2019,bc92a61a1f9c.png,retinopatia_diabetica,0,sem_retinopatia_diabetica,train
2725,APTOS_2019,bca2bdc15fc5.png,retinopatia_diabetica,2,retinopatia_diabetica_moderada,train
2726,APTOS_2019,bcb0498ed2c1.png,retinopatia_diabetica,0,sem_retinopatia_diabetica,train
2727,APTOS_2019,bcc762618e7d.png,retinopatia_diabetica,2,retinopatia_diabetica_moderada,train
2728,APTOS_2019,bcd503c726ba.png,retinopatia_diabetica,4,retinopatia_diabetica_proliferativa,train
2729,APTOS_2019,bcdc8db5423b.png,retinopatia_diabetica,2,retinopatia_diabetica_moderada,train
2730,APTOS_2019,bd06028eb7dd.png,retinopatia_diabetica,0,sem_retinopatia_diabetica,train
2731,APTOS_2019,bd269a1f0e4d.png,retinopatia_diabetica,1,retinopatia_diabetica_leve,train
2732,APTOS_2019,bd34a0639575.png,retinopatia_diabetica,0,sem_retinopatia_diabetica,train
2733,APTOS_2019,bd375ba756b1.png,retinopatia_diabetica,0,sem_retinopatia_diabetica,train
2734,APTOS_2019,bd500a73beae.png,retinopatia_diabetica,0,sem_retinopatia_diabetica,train
2735,APTOS_2019,bd5013540a13.png,retinopatia_diabetica,4,retinopatia_diabetica_proliferativa,train
2736,APTOS_2019,bd9904495ccd.png,retinopatia_diabetica,4,retinopatia_diabetica_proliferativa,train
2737,APTOS_2019,bda7ff3b1562.png,retinopatia_diabetica,2,retinopatia_diabetica_moderada,train
2738,APTOS_2019,bda8c973b09d.png,retinopatia_diabetica,2,retinopatia_diabetica_moderada,train
2739,APTOS_2019,bda91b76095b.png,retinopatia_diabetica,0,sem_retinopatia_diabetica,train
2740,APTOS_2019,bdb98063fe84.png,retinopatia_diabetica,2,retinopatia_diabetica_moderada,train
2741,APTOS_2019,bdc6c60e9133.png,retinopatia_diabetica,0,sem_retinopatia_diabetica,train
2742,APTOS_2019,bde1063a5dd7.png,retinopatia_diabetica,0,sem_retinopatia_diabetica,train
2743,APTOS_2019,bdf47b9f10c4.png,retinopatia_diabetica,0,sem_retinopatia_diabetica,train
2744,APTOS_2019,bdff5d8bddf8.png,retinopatia_diabetica,4,retinopatia_diabetica_proliferativa,train
2745,APTOS_2019,be161517d3ac.png,retinopatia_diabetica,2,retinopatia_diabetica_moderada,train
2746,APTOS_2019,be197b663520.png,retinopatia_diabetica,0,sem_retinopatia_diabetica,train
2747,APTOS_2019,be21d8b60e2a.png,retinopatia_diabetica,2,retinopatia_diabetica_moderada,train
2748,APTOS_2019,be3a7d9e981e.png,retinopatia_diabetica,0,sem_retinopatia_diabetica,train
2749,APTOS_2019,be521870a0ea.png,retinopatia_diabetica,0,sem_retinopatia_diabetica,train
2750,APTOS_2019,be68322c7223.png,retinopatia_diabetica,2,retinopatia_diabetica_moderada,train
2751,APTOS_2019,be6cbf6e5b10.png,retinopatia_diabetica,0,sem_retinopatia_diabetica,train
2752,APTOS_2019,be7bc89f5fec.png,retinopatia_diabetica,2,retinopatia_diabetica_moderada,train
2753,APTOS_2019,be7f791a7877.png,retinopatia_diabetica,0,sem_retinopatia_diabetica,train
2754,APTOS_2019,be8697eb2078.png,retinopatia_diabetica,0,sem_retinopatia_diabetica,train
2755,APTOS_2019,beb00fa6e7c9.png,retinopatia_diabetica,0,sem_retinopatia_diabetica,train
2756,APTOS_2019,beb2ad14fd2d.png,retinopatia_diabetica,0,sem_retinopatia_diabetica,train
2757,APTOS_2019,bebb3f167654.png,retinopatia_diabetica,1,retinopatia_diabetica_leve,train
2758,APTOS_2019,bebfbd907cac.png,retinopatia_diabetica,0,sem_retinopatia_diabetica,train
2759,APTOS_2019,bec0acd539b2.png,retinopatia_diabetica,3,retinopatia_diabetica_grave,train
2760,APTOS_2019,bed8296c8dfe.png,retinopatia_diabetica,0,sem_retinopatia_diabetica,train
2761,APTOS_2019,beeca5f14618.png,retinopatia_diabetica,0,sem_retinopatia_diabetica,train
2762,APTOS_2019,bf18ff30a8f6.png,retinopatia_diabetica,1,retinopatia_diabetica_leve,train
2763,APTOS_2019,bf1b7e21e774.png,retinopatia_diabetica,2,retinopatia_diabetica_moderada,train
2764,APTOS_2019,bf6cbccacf39.png,retinopatia_diabetica,0,sem_retinopatia_diabetica,train
2765,APTOS_2019,bf7047dc683c.png,retinopatia_diabetica,2,retinopatia_diabetica_moderada,train
2766,APTOS_2019,bf7221a016b5.png,retinopatia_diabetica,0,sem_retinopatia_diabetica,train
2767,APTOS_2019,bf7b4eae7ad0.png,retinopatia_diabetica,0,sem_retinopatia_diabetica,train
2768,APTOS_2019,bf8092e4001d.png,retinopatia_diabetica,3,retinopatia_diabetica_grave,train
2769,APTOS_2019,bf811911acf9.png,retinopatia_diabetica,0,sem_retinopatia_diabetica,train
2770,APTOS_2019,bf87aedf2489.png,retinopatia_diabetica,0,sem_retinopatia_diabetica,train
2771,APTOS_2019,bf9cba745efc.png,retinopatia_diabetica,2,retinopatia_diabetica_moderada,train
2772,APTOS_2019,bfa30ebf63a8.png,retinopatia_diabetica,0,sem_retinopatia_diabetica,train
2773,APTOS_2019,bfaa0080ab61.png,retinopatia_diabetica,2,retinopatia_diabetica_moderada,train
2774,APTOS_2019,bfb578c0e8d8.png,retinopatia_diabetica,0,sem_retinopatia_diabetica,train
2775,APTOS_2019,bfd5c0e55420.png,retinopatia_diabetica,2,retinopatia_diabetica_moderada,train
2776,APTOS_2019,bfda2fd0533a.png,retinopatia_diabetica,2,retinopatia_diabetica_moderada,train
2777,APTOS_2019,bfdee9be1f1d.png,retinopatia_diabetica,4,retinopatia_diabetica_proliferativa,train
2778,APTOS_2019,bfe467b7e997.png,retinopatia_diabetica,2,retinopatia_diabetica_moderada,train
2779,APTOS_2019,bfefa7344e7d.png,retinopatia_diabetica,4,retinopatia_diabetica_proliferativa,train
2780,APTOS_2019,bff51afc76d4.png,retinopatia_diabetica,0,sem_retinopatia_diabetica,train
2781,APTOS_2019,bffca6eeb2bf.png,retinopatia_diabetica,0,sem_retinopatia_diabetica,train
2782,APTOS_2019,c013e869acce.png,retinopatia_diabetica,0,sem_retinopatia_diabetica,train
2783,APTOS_2019,c01eae4b4939.png,retinopatia_diabetica,4,retinopatia_diabetica_proliferativa,train
2784,APTOS_2019,c0202976c670.png,retinopatia_diabetica,2,retinopatia_diabetica_moderada,train
2785,APTOS_2019,c027e5482e8c.png,retinopatia_diabetica,1,retinopatia_diabetica_leve,train
2786,APTOS_2019,c05b7b4c22fe.png,retinopatia_diabetica,2,retinopatia_diabetica_moderada,train
2787,APTOS_2019,c06024f05a16.png,retinopatia_diabetica,0,sem_retinopatia_diabetica,train
2788,APTOS_2019,c096131ad065.png,retinopatia_diabetica,0,sem_retinopatia_diabetica,train
2789,APTOS_2019,c0968d41eb93.png,retinopatia_diabetica,1,retinopatia_diabetica_leve,train
2790,APTOS_2019,c0a0828e01b4.png,retinopatia_diabetica,3,retinopatia_diabetica_grave,train
2791,APTOS_2019,c0a117de7d0a.png,retinopatia_diabetica,0,sem_retinopatia_diabetica,train
2792,APTOS_2019,c0e15e8e2b46.png,retinopatia_diabetica,1,retinopatia_diabetica_leve,train
2793,APTOS_2019,c0e509786f7f.png,retinopatia_diabetica,4,retinopatia_diabetica_proliferativa,train
2794,APTOS_2019,c0f15fe3b4b7.png,retinopatia_diabetica,1,retinopatia_diabetica_leve,train
2795,APTOS_2019,c102db7634d8.png,retinopatia_diabetica,1,retinopatia_diabetica_leve,train
2796,APTOS_2019,c12e9ca420a5.png,retinopatia_diabetica,0,sem_retinopatia_diabetica,train
2797,APTOS_2019,c1437a7a52c9.png,retinopatia_diabetica,0,sem_retinopatia_diabetica,train
2798,APTOS_2019,c1799a6f5c65.png,retinopatia_diabetica,4,retinopatia_diabetica_proliferativa,train
2799,APTOS_2019,c1819db0aece.png,retinopatia_diabetica,0,sem_retinopatia_diabetica,train
2800,APTOS_2019,c1896142a20a.png,retinopatia_diabetica,4,retinopatia_diabetica_proliferativa,train
2801,APTOS_2019,c18a006f7f1d.png,retinopatia_diabetica,0,sem_retinopatia_diabetica,train
2802,APTOS_2019,c1c8550508e0.png,retinopatia_diabetica,2,retinopatia_diabetica_moderada,train
2803,APTOS_2019,c1e6fa1ad314.png,retinopatia_diabetica,1,retinopatia_diabetica_leve,train
2804,APTOS_2019,c1ebe785503a.png,retinopatia_diabetica,1,retinopatia_diabetica_leve,train
2805,APTOS_2019,c21eb81de9fc.png,retinopatia_diabetica,0,sem_retinopatia_diabetica,train
2806,APTOS_2019,c23ff6dcf15e.png,retinopatia_diabetica,0,sem_retinopatia_diabetica,train
2807,APTOS_2019,c24bcf7a1bc4.png,retinopatia_diabetica,0,sem_retinopatia_diabetica,train
2808,APTOS_2019,c252da9b41d8.png,retinopatia_diabetica,2,retinopatia_diabetica_moderada,train
2809,APTOS_2019,c25e02b39c01.png,retinopatia_diabetica,0,sem_retinopatia_diabetica,train
2810,APTOS_2019,c261b1aaa828.png,retinopatia_diabetica,2,retinopatia_diabetica_moderada,train
2811,APTOS_2019,c26f98f58350.png,retinopatia_diabetica,0,sem_retinopatia_diabetica,train
2812,APTOS_2019,c280730cc211.png,retinopatia_diabetica,2,retinopatia_diabetica_moderada,train
2813,APTOS_2019,c2a58b2cfd0b.png,retinopatia_diabetica,0,sem_retinopatia_diabetica,train
2814,APTOS_2019,c2d2b4f536da.png,retinopatia_diabetica,2,retinopatia_diabetica_moderada,train
2815,APTOS_2019,c2f3281cf528.png,retinopatia_diabetica,0,sem_retinopatia_diabetica,train
2816,APTOS_2019,c31651ea04c6.png,retinopatia_diabetica,3,retinopatia_diabetica_grave,train
2817,APTOS_2019,c334f8688b77.png,retinopatia_diabetica,0,sem_retinopatia_diabetica,train
2818,APTOS_2019,c365c598ad4e.png,retinopatia_diabetica,0,sem_retinopatia_diabetica,train
2819,APTOS_2019,c373b73a80c8.png,retinopatia_diabetica,0,sem_retinopatia_diabetica,train
2820,APTOS_2019,c3789c1dab96.png,retinopatia_diabetica,0,sem_retinopatia_diabetica,train
2821,APTOS_2019,c38dec54a9f7.png,retinopatia_diabetica,0,sem_retinopatia_diabetica,train
2822,APTOS_2019,c3a82acb7d7a.png,retinopatia_diabetica,3,retinopatia_diabetica_grave,train
2823,APTOS_2019,c3aa424eff9a.png,retinopatia_diabetica,0,sem_retinopatia_diabetica,train
2824,APTOS_2019,c3acf47700ea.png,retinopatia_diabetica,2,retinopatia_diabetica_moderada,train
2825,APTOS_2019,c3b15bf9b4bc.png,retinopatia_diabetica,0,sem_retinopatia_diabetica,train
2826,APTOS_2019,c3c8fdda50c0.png,retinopatia_diabetica,0,sem_retinopatia_diabetica,train
2827,APTOS_2019,c3cd0200df79.png,retinopatia_diabetica,3,retinopatia_diabetica_grave,train
2828,APTOS_2019,c3d12a23f451.png,retinopatia_diabetica,4,retinopatia_diabetica_proliferativa,train
2829,APTOS_2019,c3e02d4a1798.png,retinopatia_diabetica,2,retinopatia_diabetica_moderada,train
2830,APTOS_2019,c406325360b1.png,retinopatia_diabetica,2,retinopatia_diabetica_moderada,train
2831,APTOS_2019,c40976189f22.png,retinopatia_diabetica,1,retinopatia_diabetica_leve,train
2832,APTOS_2019,c446985355f1.png,retinopatia_diabetica,0,sem_retinopatia_diabetica,train
2833,APTOS_2019,c48ae5da188e.png,retinopatia_diabetica,2,retinopatia_diabetica_moderada,train
2834,APTOS_2019,c4a8f2fcf6e8.png,retinopatia_diabetica,1,retinopatia_diabetica_leve,train
2835,APTOS_2019,c4aef0d88d1b.png,retinopatia_diabetica,0,sem_retinopatia_diabetica,train
2836,APTOS_2019,c4e8b1ec8893.png,retinopatia_diabetica,2,retinopatia_diabetica_moderada,train
2837,APTOS_2019,c52bb7343387.png,retinopatia_diabetica,2,retinopatia_diabetica_moderada,train
2838,APTOS_2019,c5431b81cbc9.png,retinopatia_diabetica,2,retinopatia_diabetica_moderada,train
2839,APTOS_2019,c546670d9684.png,retinopatia_diabetica,0,sem_retinopatia_diabetica,train
2840,APTOS_2019,c561bcd519e9.png,retinopatia_diabetica,2,retinopatia_diabetica_moderada,train
2841,APTOS_2019,c56293f53191.png,retinopatia_diabetica,0,sem_retinopatia_diabetica,train
2842,APTOS_2019,c568e5245ea5.png,retinopatia_diabetica,2,retinopatia_diabetica_moderada,train
2843,APTOS_2019,c56e65f74187.png,retinopatia_diabetica,1,retinopatia_diabetica_leve,train
2844,APTOS_2019,c57c164bca05.png,retinopatia_diabetica,0,sem_retinopatia_diabetica,train
2845,APTOS_2019,c58971bcebb2.png,retinopatia_diabetica,0,sem_retinopatia_diabetica,train
2846,APTOS_2019,c58e5c0c5b33.png,retinopatia_diabetica,0,sem_retinopatia_diabetica,train
2847,APTOS_2019,c597ef460944.png,retinopatia_diabetica,0,sem_retinopatia_diabetica,train
2848,APTOS_2019,c5a0e84e955d.png,retinopatia_diabetica,0,sem_retinopatia_diabetica,train
2849,APTOS_2019,c5a6f432a1ec.png,retinopatia_diabetica,0,sem_retinopatia_diabetica,train
2850,APTOS_2019,c5a9ebef1517.png,retinopatia_diabetica,3,retinopatia_diabetica_grave,train
2851,APTOS_2019,c5ad60521f8c.png,retinopatia_diabetica,2,retinopatia_diabetica_moderada,train
2852,APTOS_2019,c5b58cc992af.png,retinopatia_diabetica,0,sem_retinopatia_diabetica,train
2853,APTOS_2019,c5ba9e455d5e.png,retinopatia_diabetica,3,retinopatia_diabetica_grave,train
2854,APTOS_2019,c5bec7f1e5f3.png,retinopatia_diabetica,0,sem_retinopatia_diabetica,train
2855,APTOS_2019,c5e238aa18be.png,retinopatia_diabetica,4,retinopatia_diabetica_proliferativa,train
2856,APTOS_2019,c613db1cab27.png,retinopatia_diabetica,2,retinopatia_diabetica_moderada,train
2857,APTOS_2019,c6229222bf22.png,retinopatia_diabetica,0,sem_retinopatia_diabetica,train
2858,APTOS_2019,c62585bd68fb.png,retinopatia_diabetica,4,retinopatia_diabetica_proliferativa,train
2859,APTOS_2019,c62cef02efa2.png,retinopatia_diabetica,0,sem_retinopatia_diabetica,train
2860,APTOS_2019,c639d837f5e4.png,retinopatia_diabetica,0,sem_retinopatia_diabetica,train
2861,APTOS_2019,c64c0966b4cf.png,retinopatia_diabetica,0,sem_retinopatia_diabetica,train
2862,APTOS_2019,c67117c6ab3b.png,retinopatia_diabetica,3,retinopatia_diabetica_grave,train
2863,APTOS_2019,c68dfa021d62.png,retinopatia_diabetica,2,retinopatia_diabetica_moderada,train
2864,APTOS_2019,c6916bc42016.png,retinopatia_diabetica,0,sem_retinopatia_diabetica,train
2865,APTOS_2019,c6a145742708.png,retinopatia_diabetica,4,retinopatia_diabetica_proliferativa,train
2866,APTOS_2019,c6a2975228af.png,retinopatia_diabetica,2,retinopatia_diabetica_moderada,train
2867,APTOS_2019,c6a8f8f998a2.png,retinopatia_diabetica,0,sem_retinopatia_diabetica,train
2868,APTOS_2019,c6c2bad91f23.png,retinopatia_diabetica,2,retinopatia_diabetica_moderada,train
2869,APTOS_2019,c6d4e4a3bd4c.png,retinopatia_diabetica,0,sem_retinopatia_diabetica,train
2870,APTOS_2019,c6e1e9fbf39b.png,retinopatia_diabetica,2,retinopatia_diabetica_moderada,train
2871,APTOS_2019,c6f5b5b5be41.png,retinopatia_diabetica,0,sem_retinopatia_diabetica,train
2872,APTOS_2019,c704bd669f36.png,retinopatia_diabetica,0,sem_retinopatia_diabetica,train
2873,APTOS_2019,c70d09370109.png,retinopatia_diabetica,2,retinopatia_diabetica_moderada,train
2874,APTOS_2019,c739ff9580d3.png,retinopatia_diabetica,1,retinopatia_diabetica_leve,train
2875,APTOS_2019,c73c5f6ef664.png,retinopatia_diabetica,2,retinopatia_diabetica_moderada,train
2876,APTOS_2019,c755a0c4edcc.png,retinopatia_diabetica,0,sem_retinopatia_diabetica,train
2877,APTOS_2019,c76664770c07.png,retinopatia_diabetica,3,retinopatia_diabetica_grave,train
2878,APTOS_2019,c7b622ec8104.png,retinopatia_diabetica,1,retinopatia_diabetica_leve,train
2879,APTOS_2019,c7c0470bcf87.png,retinopatia_diabetica,2,retinopatia_diabetica_moderada,train
2880,APTOS_2019,c7c3d363bc86.png,retinopatia_diabetica,0,sem_retinopatia_diabetica,train
2881,APTOS_2019,c7d0deb71576.png,retinopatia_diabetica,0,sem_retinopatia_diabetica,train
2882,APTOS_2019,c7e827fc7f41.png,retinopatia_diabetica,2,retinopatia_diabetica_moderada,train
2883,APTOS_2019,c80b0f27541a.png,retinopatia_diabetica,0,sem_retinopatia_diabetica,train
2884,APTOS_2019,c80f79579fed.png,retinopatia_diabetica,2,retinopatia_diabetica_moderada,train
2885,APTOS_2019,c81c6911f5e0.png,retinopatia_diabetica,0,sem_retinopatia_diabetica,train
2886,APTOS_2019,c85b79d70079.png,retinopatia_diabetica,0,sem_retinopatia_diabetica,train
2887,APTOS_2019,c87493ed320c.png,retinopatia_diabetica,2,retinopatia_diabetica_moderada,train
2888,APTOS_2019,c8823cdaf7fa.png,retinopatia_diabetica,2,retinopatia_diabetica_moderada,train
2889,APTOS_2019,c8905b8d5cf1.png,retinopatia_diabetica,2,retinopatia_diabetica_moderada,train
2890,APTOS_2019,c8a3eb9a5b52.png,retinopatia_diabetica,2,retinopatia_diabetica_moderada,train
2891,APTOS_2019,c8d2d32f7f29.png,retinopatia_diabetica,4,retinopatia_diabetica_proliferativa,train
2892,APTOS_2019,c8fc0df22999.png,retinopatia_diabetica,1,retinopatia_diabetica_leve,train
2893,APTOS_2019,c90c6b94cf40.png,retinopatia_diabetica,0,sem_retinopatia_diabetica,train
2894,APTOS_2019,c947bb6cf9f6.png,retinopatia_diabetica,0,sem_retinopatia_diabetica,train
2895,APTOS_2019,c9485c38fdd5.png,retinopatia_diabetica,1,retinopatia_diabetica_leve,train
2896,APTOS_2019,c94f37085d0f.png,retinopatia_diabetica,0,sem_retinopatia_diabetica,train
2897,APTOS_2019,c96f743915b5.png,retinopatia_diabetica,1,retinopatia_diabetica_leve,train
2898,APTOS_2019,c97472ef2c66.png,retinopatia_diabetica,0,sem_retinopatia_diabetica,train
2899,APTOS_2019,c98f623d08d1.png,retinopatia_diabetica,0,sem_retinopatia_diabetica,train
2900,APTOS_2019,c9c563864ab1.png,retinopatia_diabetica,0,sem_retinopatia_diabetica,train
2901,APTOS_2019,c9d42d7534e0.png,retinopatia_diabetica,2,retinopatia_diabetica_moderada,train
2902,APTOS_2019,c9e697117f3f.png,retinopatia_diabetica,0,sem_retinopatia_diabetica,train
2903,APTOS_2019,c9ea9d5eab65.png,retinopatia_diabetica,3,retinopatia_diabetica_grave,train
2904,APTOS_2019,c9f0dc2c8b43.png,retinopatia_diabetica,2,retinopatia_diabetica_moderada,train
2905,APTOS_2019,ca05f7e7801b.png,retinopatia_diabetica,0,sem_retinopatia_diabetica,train
2906,APTOS_2019,ca0f1a17c8e5.png,retinopatia_diabetica,2,retinopatia_diabetica_moderada,train
2907,APTOS_2019,ca1036496659.png,retinopatia_diabetica,1,retinopatia_diabetica_leve,train
2908,APTOS_2019,ca25745942b0.png,retinopatia_diabetica,1,retinopatia_diabetica_leve,train
2909,APTOS_2019,ca2b54b95ade.png,retinopatia_diabetica,0,sem_retinopatia_diabetica,train
2910,APTOS_2019,ca30a97e9d13.png,retinopatia_diabetica,1,retinopatia_diabetica_leve,train
2911,APTOS_2019,ca360bec5851.png,retinopatia_diabetica,2,retinopatia_diabetica_moderada,train
2912,APTOS_2019,ca63fe4f4b52.png,retinopatia_diabetica,1,retinopatia_diabetica_leve,train
2913,APTOS_2019,ca6842bfcbc9.png,retinopatia_diabetica,1,retinopatia_diabetica_leve,train
2914,APTOS_2019,ca7140ecf389.png,retinopatia_diabetica,1,retinopatia_diabetica_leve,train
2915,APTOS_2019,ca7570c5925c.png,retinopatia_diabetica,2,retinopatia_diabetica_moderada,train
2916,APTOS_2019,ca7f5caddf96.png,retinopatia_diabetica,2,retinopatia_diabetica_moderada,train
2917,APTOS_2019,ca891d37a43c.png,retinopatia_diabetica,2,retinopatia_diabetica_moderada,train
2918,APTOS_2019,ca9c912ebad7.png,retinopatia_diabetica,2,retinopatia_diabetica_moderada,train
2919,APTOS_2019,cab3dfa7962d.png,retinopatia_diabetica,1,retinopatia_diabetica_leve,train
2920,APTOS_2019,cac40227d3b2.png,retinopatia_diabetica,2,retinopatia_diabetica_moderada,train
2921,APTOS_2019,cac80797770f.png,retinopatia_diabetica,2,retinopatia_diabetica_moderada,train
2922,APTOS_2019,cad5b1a82e60.png,retinopatia_diabetica,0,sem_retinopatia_diabetica,train
2923,APTOS_2019,cadde4030858.png,retinopatia_diabetica,0,sem_retinopatia_diabetica,train
2924,APTOS_2019,cae33655ca00.png,retinopatia_diabetica,0,sem_retinopatia_diabetica,train
2925,APTOS_2019,cae51154e1ce.png,retinopatia_diabetica,1,retinopatia_diabetica_leve,train
2926,APTOS_2019,caec68f11c86.png,retinopatia_diabetica,2,retinopatia_diabetica_moderada,train
2927,APTOS_2019,cb02bb47fdc5.png,retinopatia_diabetica,0,sem_retinopatia_diabetica,train
2928,APTOS_2019,cb0cc98d7e35.png,retinopatia_diabetica,0,sem_retinopatia_diabetica,train
2929,APTOS_2019,cb2201c226d6.png,retinopatia_diabetica,0,sem_retinopatia_diabetica,train
2930,APTOS_2019,cb28adab4e8a.png,retinopatia_diabetica,0,sem_retinopatia_diabetica,train
2931,APTOS_2019,cb2f3c5d71a7.png,retinopatia_diabetica,1,retinopatia_diabetica_leve,train
2932,APTOS_2019,cb39761f0712.png,retinopatia_diabetica,0,sem_retinopatia_diabetica,train
2933,APTOS_2019,cb547e723a16.png,retinopatia_diabetica,4,retinopatia_diabetica_proliferativa,train
2934,APTOS_2019,cb602182cde3.png,retinopatia_diabetica,2,retinopatia_diabetica_moderada,train
2935,APTOS_2019,cb68fce07789.png,retinopatia_diabetica,0,sem_retinopatia_diabetica,train
2936,APTOS_2019,cb75210abebe.png,retinopatia_diabetica,2,retinopatia_diabetica_moderada,train
2937,APTOS_2019,cbc23af521f3.png,retinopatia_diabetica,0,sem_retinopatia_diabetica,train
2938,APTOS_2019,cbc2e57447c2.png,retinopatia_diabetica,2,retinopatia_diabetica_moderada,train
2939,APTOS_2019,cbd0870aa933.png,retinopatia_diabetica,4,retinopatia_diabetica_proliferativa,train
2940,APTOS_2019,cbe633765ea7.png,retinopatia_diabetica,0,sem_retinopatia_diabetica,train
2941,APTOS_2019,cbf0394039f8.png,retinopatia_diabetica,2,retinopatia_diabetica_moderada,train
2942,APTOS_2019,cc12453ea915.png,retinopatia_diabetica,1,retinopatia_diabetica_leve,train
2943,APTOS_2019,cc1eebed9276.png,retinopatia_diabetica,2,retinopatia_diabetica_moderada,train
2944,APTOS_2019,cc3d2e961768.png,retinopatia_diabetica,4,retinopatia_diabetica_proliferativa,train
2945,APTOS_2019,cc671a73e1cb.png,retinopatia_diabetica,0,sem_retinopatia_diabetica,train
2946,APTOS_2019,cc839823755b.png,retinopatia_diabetica,2,retinopatia_diabetica_moderada,train
2947,APTOS_2019,cc9270f06b65.png,retinopatia_diabetica,1,retinopatia_diabetica_leve,train
2948,APTOS_2019,cc964bf04dbc.png,retinopatia_diabetica,0,sem_retinopatia_diabetica,train
2949,APTOS_2019,cca626a0e19a.png,retinopatia_diabetica,2,retinopatia_diabetica_moderada,train
2950,APTOS_2019,ccd34029493d.png,retinopatia_diabetica,2,retinopatia_diabetica_moderada,train
2951,APTOS_2019,ccd6dcb2f568.png,retinopatia_diabetica,0,sem_retinopatia_diabetica,train
2952,APTOS_2019,ccea49708830.png,retinopatia_diabetica,0,sem_retinopatia_diabetica,train
2953,APTOS_2019,cd01672507c9.png,retinopatia_diabetica,0,sem_retinopatia_diabetica,train
2954,APTOS_2019,cd01f4f83336.png,retinopatia_diabetica,0,sem_retinopatia_diabetica,train
2955,APTOS_2019,cd1c98ec48b1.png,retinopatia_diabetica,0,sem_retinopatia_diabetica,train
2956,APTOS_2019,cd29c88c9e36.png,retinopatia_diabetica,2,retinopatia_diabetica_moderada,train
2957,APTOS_2019,cd314653a4d8.png,retinopatia_diabetica,0,sem_retinopatia_diabetica,train
2958,APTOS_2019,cd3fd04d72f5.png,retinopatia_diabetica,2,retinopatia_diabetica_moderada,train
2959,APTOS_2019,cd45bfa07d41.png,retinopatia_diabetica,1,retinopatia_diabetica_leve,train
2960,APTOS_2019,cd48cfab4e44.png,retinopatia_diabetica,0,sem_retinopatia_diabetica,train
2961,APTOS_2019,cd4e7f9fa1a9.png,retinopatia_diabetica,2,retinopatia_diabetica_moderada,train
2962,APTOS_2019,cd54d022e37d.png,retinopatia_diabetica,4,retinopatia_diabetica_proliferativa,train
2963,APTOS_2019,cd563556cb57.png,retinopatia_diabetica,0,sem_retinopatia_diabetica,train
2964,APTOS_2019,cd5714db652d.png,retinopatia_diabetica,1,retinopatia_diabetica_leve,train
2965,APTOS_2019,cd66754e1b3b.png,retinopatia_diabetica,0,sem_retinopatia_diabetica,train
2966,APTOS_2019,cd8da43e3069.png,retinopatia_diabetica,0,sem_retinopatia_diabetica,train
2967,APTOS_2019,cd93a472e5cd.png,retinopatia_diabetica,4,retinopatia_diabetica_proliferativa,train
2968,APTOS_2019,cd941e5bc659.png,retinopatia_diabetica,0,sem_retinopatia_diabetica,train
2969,APTOS_2019,cd972e5639e0.png,retinopatia_diabetica,4,retinopatia_diabetica_proliferativa,train
2970,APTOS_2019,cd9e2190c73f.png,retinopatia_diabetica,2,retinopatia_diabetica_moderada,train
2971,APTOS_2019,ce207b69ff37.png,retinopatia_diabetica,3,retinopatia_diabetica_grave,train
2972,APTOS_2019,ce6f33a81ad5.png,retinopatia_diabetica,0,sem_retinopatia_diabetica,train
2973,APTOS_2019,ce754234d760.png,retinopatia_diabetica,0,sem_retinopatia_diabetica,train
2974,APTOS_2019,ce887b196c23.png,retinopatia_diabetica,2,retinopatia_diabetica_moderada,train
2975,APTOS_2019,ce8d2efd9d4f.png,retinopatia_diabetica,0,sem_retinopatia_diabetica,train
2976,APTOS_2019,ceaa5803d780.png,retinopatia_diabetica,2,retinopatia_diabetica_moderada,train
2977,APTOS_2019,ceb32a193eff.png,retinopatia_diabetica,0,sem_retinopatia_diabetica,train
2978,APTOS_2019,ceb601fe8dba.png,retinopatia_diabetica,2,retinopatia_diabetica_moderada,train
2979,APTOS_2019,cec299c2a2d5.png,retinopatia_diabetica,0,sem_retinopatia_diabetica,train
2980,APTOS_2019,cf0575534cec.png,retinopatia_diabetica,1,retinopatia_diabetica_leve,train
2981,APTOS_2019,cf0824f53dd9.png,retinopatia_diabetica,2,retinopatia_diabetica_moderada,train
2982,APTOS_2019,cf1b9d26d38d.png,retinopatia_diabetica,4,retinopatia_diabetica_proliferativa,train
2983,APTOS_2019,cf603a9ef2d5.png,retinopatia_diabetica,1,retinopatia_diabetica_leve,train
2984,APTOS_2019,cf6551521a35.png,retinopatia_diabetica,0,sem_retinopatia_diabetica,train
2985,APTOS_2019,cf8ae5501bd6.png,retinopatia_diabetica,0,sem_retinopatia_diabetica,train
2986,APTOS_2019,cf8f1bc7a215.png,retinopatia_diabetica,0,sem_retinopatia_diabetica,train
2987,APTOS_2019,cfb17a7cc8d4.png,retinopatia_diabetica,0,sem_retinopatia_diabetica,train
2988,APTOS_2019,cfd1bd0fcbb4.png,retinopatia_diabetica,1,retinopatia_diabetica_leve,train
2989,APTOS_2019,cfdbaef73a8b.png,retinopatia_diabetica,0,sem_retinopatia_diabetica,train
2990,APTOS_2019,cfed7c1172ec.png,retinopatia_diabetica,0,sem_retinopatia_diabetica,train
2991,APTOS_2019,cff262ed8f4c.png,retinopatia_diabetica,0,sem_retinopatia_diabetica,train
2992,APTOS_2019,cffc50047828.png,retinopatia_diabetica,0,sem_retinopatia_diabetica,train
2993,APTOS_2019,d0079cc188e9.png,retinopatia_diabetica,3,retinopatia_diabetica_grave,train
2994,APTOS_2019,d02b79fc3200.png,retinopatia_diabetica,0,sem_retinopatia_diabetica,train
2995,APTOS_2019,d035c2bd9104.png,retinopatia_diabetica,3,retinopatia_diabetica_grave,train
2996,APTOS_2019,d06ccd0cf4b8.png,retinopatia_diabetica,1,retinopatia_diabetica_leve,train
2997,APTOS_2019,d0926ed2c8e5.png,retinopatia_diabetica,0,sem_retinopatia_diabetica,train
2998,APTOS_2019,d0b132d2c7ec.png,retinopatia_diabetica,4,retinopatia_diabetica_proliferativa,train
2999,APTOS_2019,d0d59ed675b5.png,retinopatia_diabetica,1,retinopatia_diabetica_leve,train
3000,APTOS_2019,d0ffa0425ef1.png,retinopatia_diabetica,3,retinopatia_diabetica_grave,train
3001,APTOS_2019,d10d315f123f.png,retinopatia_diabetica,2,retinopatia_diabetica_moderada,train
3002,APTOS_2019,d10ef306996b.png,retinopatia_diabetica,4,retinopatia_diabetica_proliferativa,train
3003,APTOS_2019,d141728fa392.png,retinopatia_diabetica,2,retinopatia_diabetica_moderada,train
3004,APTOS_2019,d144144a2f3f.png,retinopatia_diabetica,2,retinopatia_diabetica_moderada,train
3005,APTOS_2019,d15ca3469b87.png,retinopatia_diabetica,2,retinopatia_diabetica_moderada,train
3006,APTOS_2019,d160ebef4117.png,retinopatia_diabetica,0,sem_retinopatia_diabetica,train
3007,APTOS_2019,d16398c971e9.png,retinopatia_diabetica,3,retinopatia_diabetica_grave,train
3008,APTOS_2019,d16e39b9d6f0.png,retinopatia_diabetica,0,sem_retinopatia_diabetica,train
3009,APTOS_2019,d16e59a2b33a.png,retinopatia_diabetica,0,sem_retinopatia_diabetica,train
3010,APTOS_2019,d18aea8238a0.png,retinopatia_diabetica,2,retinopatia_diabetica_moderada,train
3011,APTOS_2019,d18b1d8ac4de.png,retinopatia_diabetica,2,retinopatia_diabetica_moderada,train
3012,APTOS_2019,d18e5b68f6d2.png,retinopatia_diabetica,2,retinopatia_diabetica_moderada,train
3013,APTOS_2019,d18f6431ebce.png,retinopatia_diabetica,0,sem_retinopatia_diabetica,train
3014,APTOS_2019,d1a24527a15d.png,retinopatia_diabetica,4,retinopatia_diabetica_proliferativa,train
3015,APTOS_2019,d1a60c3b9fe5.png,retinopatia_diabetica,0,sem_retinopatia_diabetica,train
3016,APTOS_2019,d1afdb8cf70d.png,retinopatia_diabetica,0,sem_retinopatia_diabetica,train
3017,APTOS_2019,d1b279cc02ae.png,retinopatia_diabetica,0,sem_retinopatia_diabetica,train
3018,APTOS_2019,d1ca85af57c9.png,retinopatia_diabetica,0,sem_retinopatia_diabetica,train
3019,APTOS_2019,d1cad012a254.png,retinopatia_diabetica,1,retinopatia_diabetica_leve,train
3020,APTOS_2019,d1cf31577a59.png,retinopatia_diabetica,0,sem_retinopatia_diabetica,train
3021,APTOS_2019,d1f1ea894da1.png,retinopatia_diabetica,2,retinopatia_diabetica_moderada,train
3022,APTOS_2019,d1f7ea924a01.png,retinopatia_diabetica,0,sem_retinopatia_diabetica,train
3023,APTOS_2019,d1fa0f744620.png,retinopatia_diabetica,0,sem_retinopatia_diabetica,train
3024,APTOS_2019,d1fb4efb117c.png,retinopatia_diabetica,2,retinopatia_diabetica_moderada,train
3025,APTOS_2019,d25b8a8ad3c4.png,retinopatia_diabetica,2,retinopatia_diabetica_moderada,train
3026,APTOS_2019,d264396d8d1a.png,retinopatia_diabetica,2,retinopatia_diabetica_moderada,train
3027,APTOS_2019,d26bb2ed6e71.png,retinopatia_diabetica,0,sem_retinopatia_diabetica,train
3028,APTOS_2019,d26bc6e1230d.png,retinopatia_diabetica,0,sem_retinopatia_diabetica,train
3029,APTOS_2019,d271d3a2b552.png,retinopatia_diabetica,4,retinopatia_diabetica_proliferativa,train
3030,APTOS_2019,d27ac9e54901.png,retinopatia_diabetica,0,sem_retinopatia_diabetica,train
3031,APTOS_2019,d28bd830c171.png,retinopatia_diabetica,2,retinopatia_diabetica_moderada,train
3032,APTOS_2019,d2901144070c.png,retinopatia_diabetica,4,retinopatia_diabetica_proliferativa,train
3033,APTOS_2019,d29096bd94aa.png,retinopatia_diabetica,2,retinopatia_diabetica_moderada,train
3034,APTOS_2019,d29b37d110f3.png,retinopatia_diabetica,0,sem_retinopatia_diabetica,train
3035,APTOS_2019,d2afca74cbc3.png,retinopatia_diabetica,0,sem_retinopatia_diabetica,train
3036,APTOS_2019,d2c2f02bb313.png,retinopatia_diabetica,4,retinopatia_diabetica_proliferativa,train
3037,APTOS_2019,d2c5fb82fe5f.png,retinopatia_diabetica,0,sem_retinopatia_diabetica,train
3038,APTOS_2019,d2c6b99ef62c.png,retinopatia_diabetica,2,retinopatia_diabetica_moderada,train
3039,APTOS_2019,d2cd47ed2c1d.png,retinopatia_diabetica,0,sem_retinopatia_diabetica,train
3040,APTOS_2019,d2d523e9f669.png,retinopatia_diabetica,0,sem_retinopatia_diabetica,train
3041,APTOS_2019,d2dc86021c67.png,retinopatia_diabetica,0,sem_retinopatia_diabetica,train
3042,APTOS_2019,d2fb715b0c41.png,retinopatia_diabetica,0,sem_retinopatia_diabetica,train
3043,APTOS_2019,d2ffe9287dc7.png,retinopatia_diabetica,3,retinopatia_diabetica_grave,train
3044,APTOS_2019,d30d079e6f9a.png,retinopatia_diabetica,0,sem_retinopatia_diabetica,train
3045,APTOS_2019,d332d7b8a26e.png,retinopatia_diabetica,0,sem_retinopatia_diabetica,train
3046,APTOS_2019,d364423ec6f9.png,retinopatia_diabetica,2,retinopatia_diabetica_moderada,train
3047,APTOS_2019,d38cf0f4a9af.png,retinopatia_diabetica,0,sem_retinopatia_diabetica,train
3048,APTOS_2019,d39752cb6e57.png,retinopatia_diabetica,0,sem_retinopatia_diabetica,train
3049,APTOS_2019,d3be5346684b.png,retinopatia_diabetica,2,retinopatia_diabetica_moderada,train
3050,APTOS_2019,d3d578fe433f.png,retinopatia_diabetica,2,retinopatia_diabetica_moderada,train
3051,APTOS_2019,d3de0d313d61.png,retinopatia_diabetica,1,retinopatia_diabetica_leve,train
3052,APTOS_2019,d3dfd0a2dee6.png,retinopatia_diabetica,0,sem_retinopatia_diabetica,train
3053,APTOS_2019,d3e56584a481.png,retinopatia_diabetica,0,sem_retinopatia_diabetica,train
3054,APTOS_2019,d3e884109b45.png,retinopatia_diabetica,3,retinopatia_diabetica_grave,train
3055,APTOS_2019,d41b33fcb94f.png,retinopatia_diabetica,2,retinopatia_diabetica_moderada,train
3056,APTOS_2019,d436c06f0490.png,retinopatia_diabetica,0,sem_retinopatia_diabetica,train
3057,APTOS_2019,d4583e9525dc.png,retinopatia_diabetica,0,sem_retinopatia_diabetica,train
3058,APTOS_2019,d473f6fafba0.png,retinopatia_diabetica,2,retinopatia_diabetica_moderada,train
3059,APTOS_2019,d48178e4a49b.png,retinopatia_diabetica,4,retinopatia_diabetica_proliferativa,train
3060,APTOS_2019,d4bc001f7224.png,retinopatia_diabetica,0,sem_retinopatia_diabetica,train
3061,APTOS_2019,d4be0403e6ab.png,retinopatia_diabetica,2,retinopatia_diabetica_moderada,train
3062,APTOS_2019,d4f32b9c07df.png,retinopatia_diabetica,1,retinopatia_diabetica_leve,train
3063,APTOS_2019,d516f77d4516.png,retinopatia_diabetica,0,sem_retinopatia_diabetica,train
3064,APTOS_2019,d51b3fe0fa1b.png,retinopatia_diabetica,4,retinopatia_diabetica_proliferativa,train
3065,APTOS_2019,d51c2153d151.png,retinopatia_diabetica,0,sem_retinopatia_diabetica,train
3066,APTOS_2019,d51e5d7484ea.png,retinopatia_diabetica,0,sem_retinopatia_diabetica,train
3067,APTOS_2019,d567a1a22d33.png,retinopatia_diabetica,1,retinopatia_diabetica_leve,train
3068,APTOS_2019,d56d32a1d62d.png,retinopatia_diabetica,0,sem_retinopatia_diabetica,train
3069,APTOS_2019,d57d1be1bbd1.png,retinopatia_diabetica,0,sem_retinopatia_diabetica,train
3070,APTOS_2019,d5a39339ff3d.png,retinopatia_diabetica,2,retinopatia_diabetica_moderada,train
3071,APTOS_2019,d5ad3362424c.png,retinopatia_diabetica,0,sem_retinopatia_diabetica,train
3072,APTOS_2019,d5b4705ac2ee.png,retinopatia_diabetica,1,retinopatia_diabetica_leve,train
3073,APTOS_2019,d5c63a8d9e94.png,retinopatia_diabetica,0,sem_retinopatia_diabetica,train
3074,APTOS_2019,d6130f2ec903.png,retinopatia_diabetica,0,sem_retinopatia_diabetica,train
3075,APTOS_2019,d6228d951958.png,retinopatia_diabetica,2,retinopatia_diabetica_moderada,train
3076,APTOS_2019,d6283ded6aea.png,retinopatia_diabetica,2,retinopatia_diabetica_moderada,train
3077,APTOS_2019,d659d7fd5ccf.png,retinopatia_diabetica,4,retinopatia_diabetica_proliferativa,train
3078,APTOS_2019,d667af5742f6.png,retinopatia_diabetica,0,sem_retinopatia_diabetica,train
3079,APTOS_2019,d66b6f333dc7.png,retinopatia_diabetica,1,retinopatia_diabetica_leve,train
3080,APTOS_2019,d66ccb75ada1.png,retinopatia_diabetica,1,retinopatia_diabetica_leve,train
3081,APTOS_2019,d67374d3fa2a.png,retinopatia_diabetica,2,retinopatia_diabetica_moderada,train
3082,APTOS_2019,d6803e467592.png,retinopatia_diabetica,0,sem_retinopatia_diabetica,train
3083,APTOS_2019,d69698f838db.png,retinopatia_diabetica,0,sem_retinopatia_diabetica,train
3084,APTOS_2019,d6b109c82067.png,retinopatia_diabetica,0,sem_retinopatia_diabetica,train
3085,APTOS_2019,d6dbb0820ea5.png,retinopatia_diabetica,0,sem_retinopatia_diabetica,train
3086,APTOS_2019,d6df4fe492ec.png,retinopatia_diabetica,0,sem_retinopatia_diabetica,train
3087,APTOS_2019,d6e26fe51dce.png,retinopatia_diabetica,1,retinopatia_diabetica_leve,train
3088,APTOS_2019,d6f36ec5564a.png,retinopatia_diabetica,0,sem_retinopatia_diabetica,train
3089,APTOS_2019,d6f6bdfd8011.png,retinopatia_diabetica,0,sem_retinopatia_diabetica,train
3090,APTOS_2019,d7078e8b0349.png,retinopatia_diabetica,0,sem_retinopatia_diabetica,train
3091,APTOS_2019,d74ccc796517.png,retinopatia_diabetica,0,sem_retinopatia_diabetica,train
3092,APTOS_2019,d774692d9919.png,retinopatia_diabetica,0,sem_retinopatia_diabetica,train
3093,APTOS_2019,d78b7401096f.png,retinopatia_diabetica,0,sem_retinopatia_diabetica,train
3094,APTOS_2019,d7a01fca9838.png,retinopatia_diabetica,0,sem_retinopatia_diabetica,train
3095,APTOS_2019,d7ab5c040294.png,retinopatia_diabetica,0,sem_retinopatia_diabetica,train
3096,APTOS_2019,d7ac4a0c9760.png,retinopatia_diabetica,0,sem_retinopatia_diabetica,train
3097,APTOS_2019,d7bc00091cfc.png,retinopatia_diabetica,0,sem_retinopatia_diabetica,train
3098,APTOS_2019,d7bc62d60e8c.png,retinopatia_diabetica,0,sem_retinopatia_diabetica,train
3099,APTOS_2019,d7e5fe5245e0.png,retinopatia_diabetica,0,sem_retinopatia_diabetica,train
3100,APTOS_2019,d801c0a66738.png,retinopatia_diabetica,1,retinopatia_diabetica_leve,train
3101,APTOS_2019,d803598dabda.png,retinopatia_diabetica,4,retinopatia_diabetica_proliferativa,train
3102,APTOS_2019,d807c53c1399.png,retinopatia_diabetica,0,sem_retinopatia_diabetica,train
3103,APTOS_2019,d81338217fc5.png,retinopatia_diabetica,2,retinopatia_diabetica_moderada,train
3104,APTOS_2019,d81b6ed83bc2.png,retinopatia_diabetica,2,retinopatia_diabetica_moderada,train
3105,APTOS_2019,d838d5b9f571.png,retinopatia_diabetica,0,sem_retinopatia_diabetica,train
3106,APTOS_2019,d83c3efade75.png,retinopatia_diabetica,2,retinopatia_diabetica_moderada,train
3107,APTOS_2019,d83d0695e215.png,retinopatia_diabetica,2,retinopatia_diabetica_moderada,train
3108,APTOS_2019,d8404680bba6.png,retinopatia_diabetica,2,retinopatia_diabetica_moderada,train
3109,APTOS_2019,d844a7252f4e.png,retinopatia_diabetica,0,sem_retinopatia_diabetica,train
3110,APTOS_2019,d85588ff2ebd.png,retinopatia_diabetica,1,retinopatia_diabetica_leve,train
3111,APTOS_2019,d85a842d20bd.png,retinopatia_diabetica,2,retinopatia_diabetica_moderada,train
3112,APTOS_2019,d85d052900b4.png,retinopatia_diabetica,1,retinopatia_diabetica_leve,train
3113,APTOS_2019,d85ea1220a03.png,retinopatia_diabetica,4,retinopatia_diabetica_proliferativa,train
3114,APTOS_2019,d865997a6280.png,retinopatia_diabetica,0,sem_retinopatia_diabetica,train
3115,APTOS_2019,d866c26d76f0.png,retinopatia_diabetica,0,sem_retinopatia_diabetica,train
3116,APTOS_2019,d868acdccb5b.png,retinopatia_diabetica,3,retinopatia_diabetica_grave,train
3117,APTOS_2019,d871895742b1.png,retinopatia_diabetica,0,sem_retinopatia_diabetica,train
3118,APTOS_2019,d881c04f01fe.png,retinopatia_diabetica,0,sem_retinopatia_diabetica,train
3119,APTOS_2019,d88806d9ece9.png,retinopatia_diabetica,2,retinopatia_diabetica_moderada,train
3120,APTOS_2019,d88c4843aec3.png,retinopatia_diabetica,0,sem_retinopatia_diabetica,train
3121,APTOS_2019,d8cdb7d7283a.png,retinopatia_diabetica,2,retinopatia_diabetica_moderada,train
3122,APTOS_2019,d8da9de62743.png,retinopatia_diabetica,0,sem_retinopatia_diabetica,train
3123,APTOS_2019,d911dd40c63b.png,retinopatia_diabetica,0,sem_retinopatia_diabetica,train
3124,APTOS_2019,d91273efb92a.png,retinopatia_diabetica,2,retinopatia_diabetica_moderada,train
3125,APTOS_2019,d91635f380b4.png,retinopatia_diabetica,0,sem_retinopatia_diabetica,train
3126,APTOS_2019,d9311f7497cb.png,retinopatia_diabetica,2,retinopatia_diabetica_moderada,train
3127,APTOS_2019,d93b61dc8f64.png,retinopatia_diabetica,0,sem_retinopatia_diabetica,train
3128,APTOS_2019,d94e10f42861.png,retinopatia_diabetica,2,retinopatia_diabetica_moderada,train
3129,APTOS_2019,d952dbfb0fe4.png,retinopatia_diabetica,2,retinopatia_diabetica_moderada,train
3130,APTOS_2019,d95959798b57.png,retinopatia_diabetica,2,retinopatia_diabetica_moderada,train
3131,APTOS_2019,d968a983d4d2.png,retinopatia_diabetica,2,retinopatia_diabetica_moderada,train
3132,APTOS_2019,d97911a32918.png,retinopatia_diabetica,0,sem_retinopatia_diabetica,train
3133,APTOS_2019,d990a3f0cbdb.png,retinopatia_diabetica,2,retinopatia_diabetica_moderada,train
3134,APTOS_2019,d994203deb64.png,retinopatia_diabetica,2,retinopatia_diabetica_moderada,train
3135,APTOS_2019,d99b0f7dd9b9.png,retinopatia_diabetica,0,sem_retinopatia_diabetica,train
3136,APTOS_2019,d99dd99be001.png,retinopatia_diabetica,0,sem_retinopatia_diabetica,train
3137,APTOS_2019,d9a475dfe59a.png,retinopatia_diabetica,2,retinopatia_diabetica_moderada,train
3138,APTOS_2019,d9ad2a0ec026.png,retinopatia_diabetica,0,sem_retinopatia_diabetica,train
3139,APTOS_2019,d9ba044671e1.png,retinopatia_diabetica,4,retinopatia_diabetica_proliferativa,train
3140,APTOS_2019,d9bbdc33db83.png,retinopatia_diabetica,2,retinopatia_diabetica_moderada,train
3141,APTOS_2019,d9c9b9786da3.png,retinopatia_diabetica,0,sem_retinopatia_diabetica,train
3142,APTOS_2019,d9d2631f043c.png,retinopatia_diabetica,0,sem_retinopatia_diabetica,train
3143,APTOS_2019,d9e58e4d8689.png,retinopatia_diabetica,0,sem_retinopatia_diabetica,train
3144,APTOS_2019,da0a1043abf7.png,retinopatia_diabetica,2,retinopatia_diabetica_moderada,train
3145,APTOS_2019,da0a83f074f3.png,retinopatia_diabetica,0,sem_retinopatia_diabetica,train
3146,APTOS_2019,da1fb35f5df9.png,retinopatia_diabetica,1,retinopatia_diabetica_leve,train
3147,APTOS_2019,da2bdf4236ac.png,retinopatia_diabetica,0,sem_retinopatia_diabetica,train
3148,APTOS_2019,da3a2275c850.png,retinopatia_diabetica,0,sem_retinopatia_diabetica,train
3149,APTOS_2019,da44f80b422b.png,retinopatia_diabetica,2,retinopatia_diabetica_moderada,train
3150,APTOS_2019,da6389d129aa.png,retinopatia_diabetica,0,sem_retinopatia_diabetica,train
3151,APTOS_2019,da6bbb76d562.png,retinopatia_diabetica,0,sem_retinopatia_diabetica,train
3152,APTOS_2019,da8900ac7f29.png,retinopatia_diabetica,2,retinopatia_diabetica_moderada,train
3153,APTOS_2019,da9262d9f5d9.png,retinopatia_diabetica,0,sem_retinopatia_diabetica,train
3154,APTOS_2019,da949aa67a4f.png,retinopatia_diabetica,0,sem_retinopatia_diabetica,train
3155,APTOS_2019,da9574d35b82.png,retinopatia_diabetica,0,sem_retinopatia_diabetica,train
3156,APTOS_2019,da9fe02dead3.png,retinopatia_diabetica,0,sem_retinopatia_diabetica,train
3157,APTOS_2019,daad7b617f21.png,retinopatia_diabetica,0,sem_retinopatia_diabetica,train
3158,APTOS_2019,dad71ba27a9b.png,retinopatia_diabetica,4,retinopatia_diabetica_proliferativa,train
3159,APTOS_2019,daeaa5d8cf70.png,retinopatia_diabetica,2,retinopatia_diabetica_moderada,train
3160,APTOS_2019,daff5427c9b2.png,retinopatia_diabetica,0,sem_retinopatia_diabetica,train
3161,APTOS_2019,db3cd58aa315.png,retinopatia_diabetica,0,sem_retinopatia_diabetica,train
3162,APTOS_2019,db49cdf1ea64.png,retinopatia_diabetica,2,retinopatia_diabetica_moderada,train
3163,APTOS_2019,db4ed1e07aa3.png,retinopatia_diabetica,1,retinopatia_diabetica_leve,train
3164,APTOS_2019,db52626d450c.png,retinopatia_diabetica,0,sem_retinopatia_diabetica,train
3165,APTOS_2019,db6207e62c7b.png,retinopatia_diabetica,0,sem_retinopatia_diabetica,train
3166,APTOS_2019,db690e2d02f8.png,retinopatia_diabetica,1,retinopatia_diabetica_leve,train
3167,APTOS_2019,dbb2c63f6f08.png,retinopatia_diabetica,3,retinopatia_diabetica_grave,train
3168,APTOS_2019,dbd062558b81.png,retinopatia_diabetica,1,retinopatia_diabetica_leve,train
3169,APTOS_2019,dbee04ae6426.png,retinopatia_diabetica,2,retinopatia_diabetica_moderada,train
3170,APTOS_2019,dbfd238b3468.png,retinopatia_diabetica,3,retinopatia_diabetica_grave,train
3171,APTOS_2019,dc0eea0b68a7.png,retinopatia_diabetica,0,sem_retinopatia_diabetica,train
3172,APTOS_2019,dc0f6e5b489b.png,retinopatia_diabetica,0,sem_retinopatia_diabetica,train
3173,APTOS_2019,dc3c0d8ee20b.png,retinopatia_diabetica,2,retinopatia_diabetica_moderada,train
3174,APTOS_2019,dc6fa1b38b83.png,retinopatia_diabetica,2,retinopatia_diabetica_moderada,train
3175,APTOS_2019,dcc6c0ad5cad.png,retinopatia_diabetica,0,sem_retinopatia_diabetica,train
3176,APTOS_2019,dccdf750c962.png,retinopatia_diabetica,0,sem_retinopatia_diabetica,train
3177,APTOS_2019,dce73d90c00c.png,retinopatia_diabetica,0,sem_retinopatia_diabetica,train
3178,APTOS_2019,dcf109df1a2b.png,retinopatia_diabetica,0,sem_retinopatia_diabetica,train
3179,APTOS_2019,dd02d60bef14.png,retinopatia_diabetica,0,sem_retinopatia_diabetica,train
3180,APTOS_2019,dd110d2b8c21.png,retinopatia_diabetica,2,retinopatia_diabetica_moderada,train
3181,APTOS_2019,dd19428c3d29.png,retinopatia_diabetica,1,retinopatia_diabetica_leve,train
3182,APTOS_2019,dd285d9e97fe.png,retinopatia_diabetica,0,sem_retinopatia_diabetica,train
3183,APTOS_2019,dd3176bacfe2.png,retinopatia_diabetica,0,sem_retinopatia_diabetica,train
3184,APTOS_2019,dd3dad6ca78f.png,retinopatia_diabetica,3,retinopatia_diabetica_grave,train
3185,APTOS_2019,dd90c321d7bc.png,retinopatia_diabetica,0,sem_retinopatia_diabetica,train
3186,APTOS_2019,ddb222ff7c1d.png,retinopatia_diabetica,0,sem_retinopatia_diabetica,train
3187,APTOS_2019,dde43aa22ae6.png,retinopatia_diabetica,2,retinopatia_diabetica_moderada,train
3188,APTOS_2019,de16416220de.png,retinopatia_diabetica,4,retinopatia_diabetica_proliferativa,train
3189,APTOS_2019,de18071c36e6.png,retinopatia_diabetica,0,sem_retinopatia_diabetica,train
3190,APTOS_2019,de2eb5c8aa83.png,retinopatia_diabetica,0,sem_retinopatia_diabetica,train
3191,APTOS_2019,de38adaae009.png,retinopatia_diabetica,0,sem_retinopatia_diabetica,train
3192,APTOS_2019,de4cdabbce6d.png,retinopatia_diabetica,0,sem_retinopatia_diabetica,train
3193,APTOS_2019,de50dfa745f8.png,retinopatia_diabetica,2,retinopatia_diabetica_moderada,train
3194,APTOS_2019,de55ed25e0e8.png,retinopatia_diabetica,0,sem_retinopatia_diabetica,train
3195,APTOS_2019,de57c9e9fa93.png,retinopatia_diabetica,0,sem_retinopatia_diabetica,train
3196,APTOS_2019,de6210f88536.png,retinopatia_diabetica,0,sem_retinopatia_diabetica,train
3197,APTOS_2019,de730033c683.png,retinopatia_diabetica,0,sem_retinopatia_diabetica,train
3198,APTOS_2019,de778495a1cd.png,retinopatia_diabetica,2,retinopatia_diabetica_moderada,train
3199,APTOS_2019,dea7538bb91a.png,retinopatia_diabetica,0,sem_retinopatia_diabetica,train
3200,APTOS_2019,dec5595e6154.png,retinopatia_diabetica,0,sem_retinopatia_diabetica,train
3201,APTOS_2019,dee1031a76ae.png,retinopatia_diabetica,0,sem_retinopatia_diabetica,train
3202,APTOS_2019,dee31065f8fe.png,retinopatia_diabetica,0,sem_retinopatia_diabetica,train
3203,APTOS_2019,dee687c6e88a.png,retinopatia_diabetica,2,retinopatia_diabetica_moderada,train
3204,APTOS_2019,df0886f1e76b.png,retinopatia_diabetica,0,sem_retinopatia_diabetica,train
3205,APTOS_2019,df3adfd6ba36.png,retinopatia_diabetica,2,retinopatia_diabetica_moderada,train
3206,APTOS_2019,df4913ca3712.png,retinopatia_diabetica,4,retinopatia_diabetica_proliferativa,train
3207,APTOS_2019,df4aec4a0eaf.png,retinopatia_diabetica,4,retinopatia_diabetica_proliferativa,train
3208,APTOS_2019,df5ce3ea7820.png,retinopatia_diabetica,2,retinopatia_diabetica_moderada,train
3209,APTOS_2019,df6d13d04da1.png,retinopatia_diabetica,0,sem_retinopatia_diabetica,train
3210,APTOS_2019,df8365d6ac33.png,retinopatia_diabetica,2,retinopatia_diabetica_moderada,train
3211,APTOS_2019,df841a0440d8.png,retinopatia_diabetica,2,retinopatia_diabetica_moderada,train
3212,APTOS_2019,df84e7113003.png,retinopatia_diabetica,4,retinopatia_diabetica_proliferativa,train
3213,APTOS_2019,df9cb3729eb1.png,retinopatia_diabetica,0,sem_retinopatia_diabetica,train
3214,APTOS_2019,dfc7ec7db0e0.png,retinopatia_diabetica,0,sem_retinopatia_diabetica,train
3215,APTOS_2019,dfea19863428.png,retinopatia_diabetica,0,sem_retinopatia_diabetica,train
3216,APTOS_2019,e019b3e0f33d.png,retinopatia_diabetica,4,retinopatia_diabetica_proliferativa,train
3217,APTOS_2019,e01b7bac822b.png,retinopatia_diabetica,0,sem_retinopatia_diabetica,train
3218,APTOS_2019,e0313be77035.png,retinopatia_diabetica,0,sem_retinopatia_diabetica,train
3219,APTOS_2019,e037643244b7.png,retinopatia_diabetica,4,retinopatia_diabetica_proliferativa,train
3220,APTOS_2019,e03a74e7d74f.png,retinopatia_diabetica,0,sem_retinopatia_diabetica,train
3221,APTOS_2019,e03e70bc8bba.png,retinopatia_diabetica,2,retinopatia_diabetica_moderada,train
3222,APTOS_2019,e04f3c6619a3.png,retinopatia_diabetica,0,sem_retinopatia_diabetica,train
3223,APTOS_2019,e067b06fd655.png,retinopatia_diabetica,0,sem_retinopatia_diabetica,train
3224,APTOS_2019,e06cccc08c59.png,retinopatia_diabetica,0,sem_retinopatia_diabetica,train
3225,APTOS_2019,e06d3d4733f0.png,retinopatia_diabetica,2,retinopatia_diabetica_moderada,train
3226,APTOS_2019,e07045d7c5f7.png,retinopatia_diabetica,1,retinopatia_diabetica_leve,train
3227,APTOS_2019,e0863b353093.png,retinopatia_diabetica,2,retinopatia_diabetica_moderada,train
3228,APTOS_2019,e087bd4b88f2.png,retinopatia_diabetica,0,sem_retinopatia_diabetica,train
3229,APTOS_2019,e0b5a982a018.png,retinopatia_diabetica,3,retinopatia_diabetica_grave,train
3230,APTOS_2019,e0d229db881a.png,retinopatia_diabetica,0,sem_retinopatia_diabetica,train
3231,APTOS_2019,e10190a9d52f.png,retinopatia_diabetica,2,retinopatia_diabetica_moderada,train
3232,APTOS_2019,e12b67835e03.png,retinopatia_diabetica,2,retinopatia_diabetica_moderada,train
3233,APTOS_2019,e12d41e7b221.png,retinopatia_diabetica,2,retinopatia_diabetica_moderada,train
3234,APTOS_2019,e12df54e0d1e.png,retinopatia_diabetica,0,sem_retinopatia_diabetica,train
3235,APTOS_2019,e12f9f19d1be.png,retinopatia_diabetica,0,sem_retinopatia_diabetica,train
3236,APTOS_2019,e13412678eff.png,retinopatia_diabetica,3,retinopatia_diabetica_grave,train
3237,APTOS_2019,e135d7ba9a0e.png,retinopatia_diabetica,0,sem_retinopatia_diabetica,train
3238,APTOS_2019,e1418d28d668.png,retinopatia_diabetica,2,retinopatia_diabetica_moderada,train
3239,APTOS_2019,e150935f66a6.png,retinopatia_diabetica,2,retinopatia_diabetica_moderada,train
3240,APTOS_2019,e160a3b19911.png,retinopatia_diabetica,0,sem_retinopatia_diabetica,train
3241,APTOS_2019,e16af45285e5.png,retinopatia_diabetica,0,sem_retinopatia_diabetica,train
3242,APTOS_2019,e16fc934069f.png,retinopatia_diabetica,2,retinopatia_diabetica_moderada,train
3243,APTOS_2019,e17507a4a1f5.png,retinopatia_diabetica,2,retinopatia_diabetica_moderada,train
3244,APTOS_2019,e1900014dabf.png,retinopatia_diabetica,3,retinopatia_diabetica_grave,train
3245,APTOS_2019,e19936582c61.png,retinopatia_diabetica,3,retinopatia_diabetica_grave,train
3246,APTOS_2019,e1ab92228e60.png,retinopatia_diabetica,0,sem_retinopatia_diabetica,train
3247,APTOS_2019,e1b8acb1cea1.png,retinopatia_diabetica,0,sem_retinopatia_diabetica,train
3248,APTOS_2019,e1c02f6c3362.png,retinopatia_diabetica,0,sem_retinopatia_diabetica,train
3249,APTOS_2019,e1dc02a3dc2a.png,retinopatia_diabetica,0,sem_retinopatia_diabetica,train
3250,APTOS_2019,e1e490773462.png,retinopatia_diabetica,2,retinopatia_diabetica_moderada,train
3251,APTOS_2019,e1fb532f55df.png,retinopatia_diabetica,3,retinopatia_diabetica_grave,train
3252,APTOS_2019,e2161692a0b4.png,retinopatia_diabetica,2,retinopatia_diabetica_moderada,train
3253,APTOS_2019,e2265c383348.png,retinopatia_diabetica,0,sem_retinopatia_diabetica,train
3254,APTOS_2019,e229aca862c7.png,retinopatia_diabetica,2,retinopatia_diabetica_moderada,train
3255,APTOS_2019,e23add229074.png,retinopatia_diabetica,4,retinopatia_diabetica_proliferativa,train
3256,APTOS_2019,e246cd89e1cc.png,retinopatia_diabetica,0,sem_retinopatia_diabetica,train
3257,APTOS_2019,e251bdf05b85.png,retinopatia_diabetica,0,sem_retinopatia_diabetica,train
3258,APTOS_2019,e25ccfe38e44.png,retinopatia_diabetica,1,retinopatia_diabetica_leve,train
3259,APTOS_2019,e265c870f9b3.png,retinopatia_diabetica,2,retinopatia_diabetica_moderada,train
3260,APTOS_2019,e26bcae6c67b.png,retinopatia_diabetica,0,sem_retinopatia_diabetica,train
3261,APTOS_2019,e26d8718ca58.png,retinopatia_diabetica,1,retinopatia_diabetica_leve,train
3262,APTOS_2019,e2856afe62c5.png,retinopatia_diabetica,2,retinopatia_diabetica_moderada,train
3263,APTOS_2019,e29e54ff921e.png,retinopatia_diabetica,0,sem_retinopatia_diabetica,train
3264,APTOS_2019,e2a233493b90.png,retinopatia_diabetica,1,retinopatia_diabetica_leve,train
3265,APTOS_2019,e2a47a74e6e1.png,retinopatia_diabetica,2,retinopatia_diabetica_moderada,train
3266,APTOS_2019,e2c39ed0c941.png,retinopatia_diabetica,0,sem_retinopatia_diabetica,train
3267,APTOS_2019,e2c3b037413b.png,retinopatia_diabetica,0,sem_retinopatia_diabetica,train
3268,APTOS_2019,e2ec22b3d07e.png,retinopatia_diabetica,0,sem_retinopatia_diabetica,train
3269,APTOS_2019,e30a890600e1.png,retinopatia_diabetica,0,sem_retinopatia_diabetica,train
3270,APTOS_2019,e31c42a8652b.png,retinopatia_diabetica,2,retinopatia_diabetica_moderada,train
3271,APTOS_2019,e322acd46152.png,retinopatia_diabetica,0,sem_retinopatia_diabetica,train
3272,APTOS_2019,e32a359be36d.png,retinopatia_diabetica,3,retinopatia_diabetica_grave,train
3273,APTOS_2019,e32dc722eca5.png,retinopatia_diabetica,4,retinopatia_diabetica_proliferativa,train
3274,APTOS_2019,e33766353db2.png,retinopatia_diabetica,0,sem_retinopatia_diabetica,train
3275,APTOS_2019,e34fa07bd64d.png,retinopatia_diabetica,2,retinopatia_diabetica_moderada,train
3276,APTOS_2019,e387311a840e.png,retinopatia_diabetica,2,retinopatia_diabetica_moderada,train
3277,APTOS_2019,e38f3a65b02b.png,retinopatia_diabetica,1,retinopatia_diabetica_leve,train
3278,APTOS_2019,e39b627cf648.png,retinopatia_diabetica,4,retinopatia_diabetica_proliferativa,train
3279,APTOS_2019,e3a7671f787b.png,retinopatia_diabetica,2,retinopatia_diabetica_moderada,train
3280,APTOS_2019,e3ab63dc9a60.png,retinopatia_diabetica,4,retinopatia_diabetica_proliferativa,train
3281,APTOS_2019,e3b47ed5b511.png,retinopatia_diabetica,0,sem_retinopatia_diabetica,train
3282,APTOS_2019,e3cd96cb094c.png,retinopatia_diabetica,0,sem_retinopatia_diabetica,train
3283,APTOS_2019,e3e490babc0c.png,retinopatia_diabetica,2,retinopatia_diabetica_moderada,train
3284,APTOS_2019,e3ec668f6fad.png,retinopatia_diabetica,4,retinopatia_diabetica_proliferativa,train
3285,APTOS_2019,e4151feb8443.png,retinopatia_diabetica,2,retinopatia_diabetica_moderada,train
3286,APTOS_2019,e4210e7fe587.png,retinopatia_diabetica,3,retinopatia_diabetica_grave,train
3287,APTOS_2019,e42d9a94a66d.png,retinopatia_diabetica,0,sem_retinopatia_diabetica,train
3288,APTOS_2019,e4730ddde408.png,retinopatia_diabetica,4,retinopatia_diabetica_proliferativa,train
3289,APTOS_2019,e47452069ea1.png,retinopatia_diabetica,0,sem_retinopatia_diabetica,train
3290,APTOS_2019,e47770a2e5d1.png,retinopatia_diabetica,0,sem_retinopatia_diabetica,train
3291,APTOS_2019,e499434242cc.png,retinopatia_diabetica,2,retinopatia_diabetica_moderada,train
3292,APTOS_2019,e4a44f9158dc.png,retinopatia_diabetica,0,sem_retinopatia_diabetica,train
3293,APTOS_2019,e4ae1ee6aada.png,retinopatia_diabetica,0,sem_retinopatia_diabetica,train
3294,APTOS_2019,e4b0df29b96f.png,retinopatia_diabetica,0,sem_retinopatia_diabetica,train
3295,APTOS_2019,e4c799738a19.png,retinopatia_diabetica,0,sem_retinopatia_diabetica,train
3296,APTOS_2019,e4d3d437b0a8.png,retinopatia_diabetica,0,sem_retinopatia_diabetica,train
3297,APTOS_2019,e4dcca36ceb4.png,retinopatia_diabetica,0,sem_retinopatia_diabetica,train
3298,APTOS_2019,e4e343eaae2a.png,retinopatia_diabetica,2,retinopatia_diabetica_moderada,train
3299,APTOS_2019,e4f12411fd85.png,retinopatia_diabetica,4,retinopatia_diabetica_proliferativa,train
3300,APTOS_2019,e50b0174690d.png,retinopatia_diabetica,0,sem_retinopatia_diabetica,train
3301,APTOS_2019,e5197d77ec68.png,retinopatia_diabetica,0,sem_retinopatia_diabetica,train
3302,APTOS_2019,e529c5757d64.png,retinopatia_diabetica,0,sem_retinopatia_diabetica,train
3303,APTOS_2019,e52ed5c29c5e.png,retinopatia_diabetica,3,retinopatia_diabetica_grave,train
3304,APTOS_2019,e540d2e35d15.png,retinopatia_diabetica,2,retinopatia_diabetica_moderada,train
3305,APTOS_2019,e55188915f9d.png,retinopatia_diabetica,1,retinopatia_diabetica_leve,train
3306,APTOS_2019,e580676516b0.png,retinopatia_diabetica,1,retinopatia_diabetica_leve,train
3307,APTOS_2019,e582e56e7942.png,retinopatia_diabetica,0,sem_retinopatia_diabetica,train
3308,APTOS_2019,e594c19e2e1d.png,retinopatia_diabetica,0,sem_retinopatia_diabetica,train
3309,APTOS_2019,e599151ca14b.png,retinopatia_diabetica,2,retinopatia_diabetica_moderada,train
3310,APTOS_2019,e59c5f345bb0.png,retinopatia_diabetica,0,sem_retinopatia_diabetica,train
3311,APTOS_2019,e5d56f4f359b.png,retinopatia_diabetica,2,retinopatia_diabetica_moderada,train
3312,APTOS_2019,e5de79795c1d.png,retinopatia_diabetica,0,sem_retinopatia_diabetica,train
3313,APTOS_2019,e5f332efcbc7.png,retinopatia_diabetica,0,sem_retinopatia_diabetica,train
3314,APTOS_2019,e5f73f2855c0.png,retinopatia_diabetica,0,sem_retinopatia_diabetica,train
3315,APTOS_2019,e60e4edb3ca9.png,retinopatia_diabetica,0,sem_retinopatia_diabetica,train
3316,APTOS_2019,e62490b7d0e9.png,retinopatia_diabetica,4,retinopatia_diabetica_proliferativa,train
3317,APTOS_2019,e632e38fd2d4.png,retinopatia_diabetica,0,sem_retinopatia_diabetica,train
3318,APTOS_2019,e6552b7432b3.png,retinopatia_diabetica,0,sem_retinopatia_diabetica,train
3319,APTOS_2019,e65a2ff90494.png,retinopatia_diabetica,2,retinopatia_diabetica_moderada,train
3320,APTOS_2019,e65f94ad9be3.png,retinopatia_diabetica,2,retinopatia_diabetica_moderada,train
3321,APTOS_2019,e663c6627a95.png,retinopatia_diabetica,2,retinopatia_diabetica_moderada,train
3322,APTOS_2019,e66855a5c583.png,retinopatia_diabetica,0,sem_retinopatia_diabetica,train
3323,APTOS_2019,e66ad813a508.png,retinopatia_diabetica,0,sem_retinopatia_diabetica,train
3324,APTOS_2019,e68746d426b2.png,retinopatia_diabetica,0,sem_retinopatia_diabetica,train
3325,APTOS_2019,e68bdd36e589.png,retinopatia_diabetica,0,sem_retinopatia_diabetica,train
3326,APTOS_2019,e69b48516577.png,retinopatia_diabetica,0,sem_retinopatia_diabetica,train
3327,APTOS_2019,e6a58edc5b42.png,retinopatia_diabetica,2,retinopatia_diabetica_moderada,train
3328,APTOS_2019,e6a5e4718873.png,retinopatia_diabetica,0,sem_retinopatia_diabetica,train
3329,APTOS_2019,e6a6acf7fca1.png,retinopatia_diabetica,2,retinopatia_diabetica_moderada,train
3330,APTOS_2019,e6f0ce5bf282.png,retinopatia_diabetica,2,retinopatia_diabetica_moderada,train
3331,APTOS_2019,e724866f5084.png,retinopatia_diabetica,2,retinopatia_diabetica_moderada,train
3332,APTOS_2019,e7291472109b.png,retinopatia_diabetica,0,sem_retinopatia_diabetica,train
3333,APTOS_2019,e740af6ac6ea.png,retinopatia_diabetica,4,retinopatia_diabetica_proliferativa,train
3334,APTOS_2019,e756495c11cb.png,retinopatia_diabetica,2,retinopatia_diabetica_moderada,train
3335,APTOS_2019,e7578d8dba72.png,retinopatia_diabetica,0,sem_retinopatia_diabetica,train
3336,APTOS_2019,e76a9cbb2a8c.png,retinopatia_diabetica,3,retinopatia_diabetica_grave,train
3337,APTOS_2019,e77a93c3d9a9.png,retinopatia_diabetica,0,sem_retinopatia_diabetica,train
3338,APTOS_2019,e79e10907295.png,retinopatia_diabetica,0,sem_retinopatia_diabetica,train
3339,APTOS_2019,e7a372a1c3a4.png,retinopatia_diabetica,2,retinopatia_diabetica_moderada,train
3340,APTOS_2019,e7a7187066ad.png,retinopatia_diabetica,2,retinopatia_diabetica_moderada,train
3341,APTOS_2019,e7b5dd5bab1f.png,retinopatia_diabetica,0,sem_retinopatia_diabetica,train
3342,APTOS_2019,e7d2c2c3b30f.png,retinopatia_diabetica,4,retinopatia_diabetica_proliferativa,train
3343,APTOS_2019,e7defafeb957.png,retinopatia_diabetica,2,retinopatia_diabetica_moderada,train
3344,APTOS_2019,e7fc93ac5b6d.png,retinopatia_diabetica,2,retinopatia_diabetica_moderada,train
3345,APTOS_2019,e811f39a1243.png,retinopatia_diabetica,2,retinopatia_diabetica_moderada,train
3346,APTOS_2019,e81f4a2fbbdc.png,retinopatia_diabetica,0,sem_retinopatia_diabetica,train
3347,APTOS_2019,e821c1b6417a.png,retinopatia_diabetica,4,retinopatia_diabetica_proliferativa,train
3348,APTOS_2019,e82232a3c28b.png,retinopatia_diabetica,0,sem_retinopatia_diabetica,train
3349,APTOS_2019,e83d315d8f98.png,retinopatia_diabetica,2,retinopatia_diabetica_moderada,train
3350,APTOS_2019,e85d410d6836.png,retinopatia_diabetica,2,retinopatia_diabetica_moderada,train
3351,APTOS_2019,e868c3da340b.png,retinopatia_diabetica,2,retinopatia_diabetica_moderada,train
3352,APTOS_2019,e893e86dde94.png,retinopatia_diabetica,0,sem_retinopatia_diabetica,train
3353,APTOS_2019,e8d1c6c07cf2.png,retinopatia_diabetica,3,retinopatia_diabetica_grave,train
3354,APTOS_2019,e8ddfc9709ce.png,retinopatia_diabetica,0,sem_retinopatia_diabetica,train
3355,APTOS_2019,e8e44b3160e3.png,retinopatia_diabetica,0,sem_retinopatia_diabetica,train
3356,APTOS_2019,e907d23cce3d.png,retinopatia_diabetica,0,sem_retinopatia_diabetica,train
3357,APTOS_2019,e9129ce55fd7.png,retinopatia_diabetica,2,retinopatia_diabetica_moderada,train
3358,APTOS_2019,e9286ddf6ffe.png,retinopatia_diabetica,1,retinopatia_diabetica_leve,train
3359,APTOS_2019,e933923aab15.png,retinopatia_diabetica,0,sem_retinopatia_diabetica,train
3360,APTOS_2019,e93394175a19.png,retinopatia_diabetica,3,retinopatia_diabetica_grave,train
3361,APTOS_2019,e96099b961b4.png,retinopatia_diabetica,2,retinopatia_diabetica_moderada,train
3362,APTOS_2019,e966850247f4.png,retinopatia_diabetica,0,sem_retinopatia_diabetica,train
3363,APTOS_2019,e9678824215d.png,retinopatia_diabetica,0,sem_retinopatia_diabetica,train
3364,APTOS_2019,e96bd80a8a53.png,retinopatia_diabetica,1,retinopatia_diabetica_leve,train
3365,APTOS_2019,e97ecf4355cb.png,retinopatia_diabetica,0,sem_retinopatia_diabetica,train
3366,APTOS_2019,e9ab8413e771.png,retinopatia_diabetica,4,retinopatia_diabetica_proliferativa,train
3367,APTOS_2019,e9ce5bf645ab.png,retinopatia_diabetica,0,sem_retinopatia_diabetica,train
3368,APTOS_2019,e9f3c85a2a02.png,retinopatia_diabetica,0,sem_retinopatia_diabetica,train
3369,APTOS_2019,e9f82b5bbaf4.png,retinopatia_diabetica,2,retinopatia_diabetica_moderada,train
3370,APTOS_2019,e9faf0296643.png,retinopatia_diabetica,0,sem_retinopatia_diabetica,train
3371,APTOS_2019,e9ff9352ccb3.png,retinopatia_diabetica,1,retinopatia_diabetica_leve,train
3372,APTOS_2019,ea05c22d92e9.png,retinopatia_diabetica,2,retinopatia_diabetica_moderada,train
3373,APTOS_2019,ea15a290eb96.png,retinopatia_diabetica,1,retinopatia_diabetica_leve,train
3374,APTOS_2019,ea1d045f9fea.png,retinopatia_diabetica,2,retinopatia_diabetica_moderada,train
3375,APTOS_2019,ea4ce9516144.png,retinopatia_diabetica,0,sem_retinopatia_diabetica,train
3376,APTOS_2019,ea4dcb055139.png,retinopatia_diabetica,2,retinopatia_diabetica_moderada,train
3377,APTOS_2019,ea588d1e5d96.png,retinopatia_diabetica,2,retinopatia_diabetica_moderada,train
3378,APTOS_2019,ea5c42a78979.png,retinopatia_diabetica,0,sem_retinopatia_diabetica,train
3379,APTOS_2019,ea68b58a6e8f.png,retinopatia_diabetica,0,sem_retinopatia_diabetica,train
3380,APTOS_2019,ea6a53e54d0f.png,retinopatia_diabetica,0,sem_retinopatia_diabetica,train
3381,APTOS_2019,ea7e21bab610.png,retinopatia_diabetica,0,sem_retinopatia_diabetica,train
3382,APTOS_2019,ea9c41e1ced0.png,retinopatia_diabetica,0,sem_retinopatia_diabetica,train
3383,APTOS_2019,ea9e0fb6fb0b.png,retinopatia_diabetica,2,retinopatia_diabetica_moderada,train
3384,APTOS_2019,eaa0dfbd5024.png,retinopatia_diabetica,4,retinopatia_diabetica_proliferativa,train
3385,APTOS_2019,eabc7c716255.png,retinopatia_diabetica,0,sem_retinopatia_diabetica,train
3386,APTOS_2019,eabf421f94d0.png,retinopatia_diabetica,0,sem_retinopatia_diabetica,train
3387,APTOS_2019,ead23cc922ed.png,retinopatia_diabetica,1,retinopatia_diabetica_leve,train
3388,APTOS_2019,eadc57064154.png,retinopatia_diabetica,4,retinopatia_diabetica_proliferativa,train
3389,APTOS_2019,eadfc8809ec8.png,retinopatia_diabetica,2,retinopatia_diabetica_moderada,train
3390,APTOS_2019,eae70f527755.png,retinopatia_diabetica,0,sem_retinopatia_diabetica,train
3391,APTOS_2019,eae901557a84.png,retinopatia_diabetica,2,retinopatia_diabetica_moderada,train
3392,APTOS_2019,eb050765b323.png,retinopatia_diabetica,0,sem_retinopatia_diabetica,train
3393,APTOS_2019,eb175669d789.png,retinopatia_diabetica,0,sem_retinopatia_diabetica,train
3394,APTOS_2019,eb1ad14dd281.png,retinopatia_diabetica,2,retinopatia_diabetica_moderada,train
3395,APTOS_2019,eb1d37b71fd1.png,retinopatia_diabetica,4,retinopatia_diabetica_proliferativa,train
3396,APTOS_2019,eb32a815f78c.png,retinopatia_diabetica,2,retinopatia_diabetica_moderada,train
3397,APTOS_2019,eb6b1f1c09db.png,retinopatia_diabetica,0,sem_retinopatia_diabetica,train
3398,APTOS_2019,eba3acc42197.png,retinopatia_diabetica,1,retinopatia_diabetica_leve,train
3399,APTOS_2019,ebd96d853918.png,retinopatia_diabetica,0,sem_retinopatia_diabetica,train
3400,APTOS_2019,ebe0175e530c.png,retinopatia_diabetica,4,retinopatia_diabetica_proliferativa,train
3401,APTOS_2019,ebf4b22240f4.png,retinopatia_diabetica,0,sem_retinopatia_diabetica,train
3402,APTOS_2019,ec01f0862669.png,retinopatia_diabetica,0,sem_retinopatia_diabetica,train
3403,APTOS_2019,ec0c9f817b03.png,retinopatia_diabetica,0,sem_retinopatia_diabetica,train
3404,APTOS_2019,ec363f48867b.png,retinopatia_diabetica,0,sem_retinopatia_diabetica,train
3405,APTOS_2019,ec4649213ccf.png,retinopatia_diabetica,1,retinopatia_diabetica_leve,train
3406,APTOS_2019,ec57cc20d776.png,retinopatia_diabetica,0,sem_retinopatia_diabetica,train
3407,APTOS_2019,ec6659926105.png,retinopatia_diabetica,0,sem_retinopatia_diabetica,train
3408,APTOS_2019,ec6f1797a25a.png,retinopatia_diabetica,0,sem_retinopatia_diabetica,train
3409,APTOS_2019,ecad6845f630.png,retinopatia_diabetica,0,sem_retinopatia_diabetica,train
3410,APTOS_2019,ecb4500285ed.png,retinopatia_diabetica,0,sem_retinopatia_diabetica,train
3411,APTOS_2019,ed246ae1ed08.png,retinopatia_diabetica,4,retinopatia_diabetica_proliferativa,train
3412,APTOS_2019,ed2c06fcc573.png,retinopatia_diabetica,2,retinopatia_diabetica_moderada,train
3413,APTOS_2019,ed2c52c14493.png,retinopatia_diabetica,0,sem_retinopatia_diabetica,train
3414,APTOS_2019,ed2ef440d22c.png,retinopatia_diabetica,0,sem_retinopatia_diabetica,train
3415,APTOS_2019,ed3a0fc5b546.png,retinopatia_diabetica,4,retinopatia_diabetica_proliferativa,train
3416,APTOS_2019,ed3ce1674761.png,retinopatia_diabetica,0,sem_retinopatia_diabetica,train
3417,APTOS_2019,ed648b9bcd95.png,retinopatia_diabetica,0,sem_retinopatia_diabetica,train
3418,APTOS_2019,ed6704e3b72e.png,retinopatia_diabetica,3,retinopatia_diabetica_grave,train
3419,APTOS_2019,ed6bd9293a89.png,retinopatia_diabetica,0,sem_retinopatia_diabetica,train
3420,APTOS_2019,ed88faaa325a.png,retinopatia_diabetica,2,retinopatia_diabetica_moderada,train
3421,APTOS_2019,eda1d75cbcf0.png,retinopatia_diabetica,0,sem_retinopatia_diabetica,train
3422,APTOS_2019,eda29a9d78f3.png,retinopatia_diabetica,0,sem_retinopatia_diabetica,train
3423,APTOS_2019,edceb0657d77.png,retinopatia_diabetica,0,sem_retinopatia_diabetica,train
3424,APTOS_2019,ee02294cc3d9.png,retinopatia_diabetica,2,retinopatia_diabetica_moderada,train
3425,APTOS_2019,ee059945b08a.png,retinopatia_diabetica,2,retinopatia_diabetica_moderada,train
3426,APTOS_2019,ee1ec90b980f.png,retinopatia_diabetica,4,retinopatia_diabetica_proliferativa,train
3427,APTOS_2019,ee2c2a5f7d0e.png,retinopatia_diabetica,2,retinopatia_diabetica_moderada,train
3428,APTOS_2019,ee36ca728641.png,retinopatia_diabetica,0,sem_retinopatia_diabetica,train
3429,APTOS_2019,ee3f5cf52188.png,retinopatia_diabetica,0,sem_retinopatia_diabetica,train
3430,APTOS_2019,ee3fe7809e6a.png,retinopatia_diabetica,0,sem_retinopatia_diabetica,train
3431,APTOS_2019,ee6e39319b39.png,retinopatia_diabetica,2,retinopatia_diabetica_moderada,train
3432,APTOS_2019,ee74c3b177e0.png,retinopatia_diabetica,2,retinopatia_diabetica_moderada,train
3433,APTOS_2019,ee77763a6afb.png,retinopatia_diabetica,0,sem_retinopatia_diabetica,train
3434,APTOS_2019,ee78ce914066.png,retinopatia_diabetica,1,retinopatia_diabetica_leve,train
3435,APTOS_2019,eeaea2c5ff34.png,retinopatia_diabetica,0,sem_retinopatia_diabetica,train
3436,APTOS_2019,eeb231c3ef1f.png,retinopatia_diabetica,1,retinopatia_diabetica_leve,train
3437,APTOS_2019,eebd1e195952.png,retinopatia_diabetica,0,sem_retinopatia_diabetica,train
3438,APTOS_2019,eed4afc8ec83.png,retinopatia_diabetica,1,retinopatia_diabetica_leve,train
3439,APTOS_2019,eedae6b28f96.png,retinopatia_diabetica,0,sem_retinopatia_diabetica,train
3440,APTOS_2019,ef247f28004f.png,retinopatia_diabetica,0,sem_retinopatia_diabetica,train
3441,APTOS_2019,ef26625121b3.png,retinopatia_diabetica,4,retinopatia_diabetica_proliferativa,train
3442,APTOS_2019,ef4121e9bb67.png,retinopatia_diabetica,0,sem_retinopatia_diabetica,train
3443,APTOS_2019,ef476be214d4.png,retinopatia_diabetica,0,sem_retinopatia_diabetica,train
3444,APTOS_2019,ef48780f5d5f.png,retinopatia_diabetica,0,sem_retinopatia_diabetica,train
3445,APTOS_2019,ef5155990874.png,retinopatia_diabetica,0,sem_retinopatia_diabetica,train
3446,APTOS_2019,ef7a4ed8d5d1.png,retinopatia_diabetica,2,retinopatia_diabetica_moderada,train
3447,APTOS_2019,ef7eb85b75fc.png,retinopatia_diabetica,0,sem_retinopatia_diabetica,train
3448,APTOS_2019,ef8109305128.png,retinopatia_diabetica,1,retinopatia_diabetica_leve,train
3449,APTOS_2019,ef81cd8854cb.png,retinopatia_diabetica,0,sem_retinopatia_diabetica,train
3450,APTOS_2019,ef8c39eb9157.png,retinopatia_diabetica,0,sem_retinopatia_diabetica,train
3451,APTOS_2019,ef99c499d665.png,retinopatia_diabetica,0,sem_retinopatia_diabetica,train
3452,APTOS_2019,efff2f1a35f5.png,retinopatia_diabetica,2,retinopatia_diabetica_moderada,train
3453,APTOS_2019,f002ce614c59.png,retinopatia_diabetica,0,sem_retinopatia_diabetica,train
3454,APTOS_2019,f0098e9d4aee.png,retinopatia_diabetica,4,retinopatia_diabetica_proliferativa,train
3455,APTOS_2019,f00ce9b9d6f4.png,retinopatia_diabetica,0,sem_retinopatia_diabetica,train
3456,APTOS_2019,f02057c41256.png,retinopatia_diabetica,0,sem_retinopatia_diabetica,train
3457,APTOS_2019,f025f33b2c9b.png,retinopatia_diabetica,4,retinopatia_diabetica_proliferativa,train
3458,APTOS_2019,f0267c42907c.png,retinopatia_diabetica,0,sem_retinopatia_diabetica,train
3459,APTOS_2019,f02956bd7c50.png,retinopatia_diabetica,0,sem_retinopatia_diabetica,train
3460,APTOS_2019,f02babb3a023.png,retinopatia_diabetica,0,sem_retinopatia_diabetica,train
3461,APTOS_2019,f03d3c4ce7fb.png,retinopatia_diabetica,4,retinopatia_diabetica_proliferativa,train
3462,APTOS_2019,f0546a45ef10.png,retinopatia_diabetica,0,sem_retinopatia_diabetica,train
3463,APTOS_2019,f066db7a2efe.png,retinopatia_diabetica,0,sem_retinopatia_diabetica,train
3464,APTOS_2019,f06e7a9df795.png,retinopatia_diabetica,0,sem_retinopatia_diabetica,train
3465,APTOS_2019,f0800723bc63.png,retinopatia_diabetica,2,retinopatia_diabetica_moderada,train
3466,APTOS_2019,f080a22008be.png,retinopatia_diabetica,3,retinopatia_diabetica_grave,train
3467,APTOS_2019,f0860c21533b.png,retinopatia_diabetica,0,sem_retinopatia_diabetica,train
3468,APTOS_2019,f092febbf5c0.png,retinopatia_diabetica,3,retinopatia_diabetica_grave,train
3469,APTOS_2019,f09cfc6a4dbd.png,retinopatia_diabetica,0,sem_retinopatia_diabetica,train
3470,APTOS_2019,f09fd9433dff.png,retinopatia_diabetica,0,sem_retinopatia_diabetica,train
3471,APTOS_2019,f0a2dc580009.png,retinopatia_diabetica,0,sem_retinopatia_diabetica,train
3472,APTOS_2019,f0c0f7b5e820.png,retinopatia_diabetica,2,retinopatia_diabetica_moderada,train
3473,APTOS_2019,f0c13be90519.png,retinopatia_diabetica,1,retinopatia_diabetica_leve,train
3474,APTOS_2019,f0e1201b5c1f.png,retinopatia_diabetica,0,sem_retinopatia_diabetica,train
3475,APTOS_2019,f0f89314e860.png,retinopatia_diabetica,4,retinopatia_diabetica_proliferativa,train
3476,APTOS_2019,f18abfa690ab.png,retinopatia_diabetica,2,retinopatia_diabetica_moderada,train
3477,APTOS_2019,f1979147aad4.png,retinopatia_diabetica,0,sem_retinopatia_diabetica,train
3478,APTOS_2019,f1a761c68559.png,retinopatia_diabetica,2,retinopatia_diabetica_moderada,train
3479,APTOS_2019,f1d719c97838.png,retinopatia_diabetica,0,sem_retinopatia_diabetica,train
3480,APTOS_2019,f1dc26c4bfa3.png,retinopatia_diabetica,4,retinopatia_diabetica_proliferativa,train
3481,APTOS_2019,f2094a20b275.png,retinopatia_diabetica,2,retinopatia_diabetica_moderada,train
3482,APTOS_2019,f233638e0e90.png,retinopatia_diabetica,0,sem_retinopatia_diabetica,train
3483,APTOS_2019,f23902998c21.png,retinopatia_diabetica,2,retinopatia_diabetica_moderada,train
3484,APTOS_2019,f252046c0fe6.png,retinopatia_diabetica,0,sem_retinopatia_diabetica,train
3485,APTOS_2019,f26b02ead915.png,retinopatia_diabetica,0,sem_retinopatia_diabetica,train
3486,APTOS_2019,f298b7d05958.png,retinopatia_diabetica,0,sem_retinopatia_diabetica,train
3487,APTOS_2019,f2c0b41acd05.png,retinopatia_diabetica,0,sem_retinopatia_diabetica,train
3488,APTOS_2019,f2d2a0c92034.png,retinopatia_diabetica,4,retinopatia_diabetica_proliferativa,train
3489,APTOS_2019,f2ee81781411.png,retinopatia_diabetica,2,retinopatia_diabetica_moderada,train
3490,APTOS_2019,f2f569a64949.png,retinopatia_diabetica,0,sem_retinopatia_diabetica,train
3491,APTOS_2019,f30f203ef51e.png,retinopatia_diabetica,2,retinopatia_diabetica_moderada,train
3492,APTOS_2019,f35d80bb1a22.png,retinopatia_diabetica,0,sem_retinopatia_diabetica,train
3493,APTOS_2019,f361060eda3e.png,retinopatia_diabetica,0,sem_retinopatia_diabetica,train
3494,APTOS_2019,f366fb1cc475.png,retinopatia_diabetica,0,sem_retinopatia_diabetica,train
3495,APTOS_2019,f36cb007a1ef.png,retinopatia_diabetica,0,sem_retinopatia_diabetica,train
3496,APTOS_2019,f3a268d2726d.png,retinopatia_diabetica,2,retinopatia_diabetica_moderada,train
3497,APTOS_2019,f3a4751af42e.png,retinopatia_diabetica,0,sem_retinopatia_diabetica,train
3498,APTOS_2019,f3a88d3026dc.png,retinopatia_diabetica,2,retinopatia_diabetica_moderada,train
3499,APTOS_2019,f3b27ac2d371.png,retinopatia_diabetica,0,sem_retinopatia_diabetica,train
3500,APTOS_2019,f3b6b7ca1eb1.png,retinopatia_diabetica,2,retinopatia_diabetica_moderada,train
3501,APTOS_2019,f3bb996b45ce.png,retinopatia_diabetica,0,sem_retinopatia_diabetica,train
3502,APTOS_2019,f3cd489acbee.png,retinopatia_diabetica,2,retinopatia_diabetica_moderada,train
3503,APTOS_2019,f42b693a9414.png,retinopatia_diabetica,0,sem_retinopatia_diabetica,train
3504,APTOS_2019,f431f2e119d7.png,retinopatia_diabetica,0,sem_retinopatia_diabetica,train
3505,APTOS_2019,f451eee2b66b.png,retinopatia_diabetica,0,sem_retinopatia_diabetica,train
3506,APTOS_2019,f45f1485c940.png,retinopatia_diabetica,2,retinopatia_diabetica_moderada,train
3507,APTOS_2019,f460608cf4cc.png,retinopatia_diabetica,2,retinopatia_diabetica_moderada,train
3508,APTOS_2019,f47a2a4a0411.png,retinopatia_diabetica,1,retinopatia_diabetica_leve,train
3509,APTOS_2019,f481f76a6b75.png,retinopatia_diabetica,1,retinopatia_diabetica_leve,train
3510,APTOS_2019,f48241b0c995.png,retinopatia_diabetica,0,sem_retinopatia_diabetica,train
3511,APTOS_2019,f4874247ede6.png,retinopatia_diabetica,0,sem_retinopatia_diabetica,train
3512,APTOS_2019,f4c7ae514c54.png,retinopatia_diabetica,0,sem_retinopatia_diabetica,train
3513,APTOS_2019,f4d3169b468a.png,retinopatia_diabetica,0,sem_retinopatia_diabetica,train
3514,APTOS_2019,f4d3777f2710.png,retinopatia_diabetica,2,retinopatia_diabetica_moderada,train
3515,APTOS_2019,f4de9620e3f2.png,retinopatia_diabetica,0,sem_retinopatia_diabetica,train
3516,APTOS_2019,f4df3d86688d.png,retinopatia_diabetica,0,sem_retinopatia_diabetica,train
3517,APTOS_2019,f4e68b61f480.png,retinopatia_diabetica,0,sem_retinopatia_diabetica,train
3518,APTOS_2019,f4ea2a2cfbb9.png,retinopatia_diabetica,0,sem_retinopatia_diabetica,train
3519,APTOS_2019,f531232ecb55.png,retinopatia_diabetica,0,sem_retinopatia_diabetica,train
3520,APTOS_2019,f549294e12e1.png,retinopatia_diabetica,4,retinopatia_diabetica_proliferativa,train
3521,APTOS_2019,f55e1d2a19e4.png,retinopatia_diabetica,1,retinopatia_diabetica_leve,train
3522,APTOS_2019,f5650eb52640.png,retinopatia_diabetica,1,retinopatia_diabetica_leve,train
3523,APTOS_2019,f56ff0440ed1.png,retinopatia_diabetica,0,sem_retinopatia_diabetica,train
3524,APTOS_2019,f5733f77273d.png,retinopatia_diabetica,0,sem_retinopatia_diabetica,train
3525,APTOS_2019,f576e45d1da2.png,retinopatia_diabetica,3,retinopatia_diabetica_grave,train
3526,APTOS_2019,f57cf3b6f48e.png,retinopatia_diabetica,0,sem_retinopatia_diabetica,train
3527,APTOS_2019,f580566e27f5.png,retinopatia_diabetica,0,sem_retinopatia_diabetica,train
3528,APTOS_2019,f583a722434c.png,retinopatia_diabetica,2,retinopatia_diabetica_moderada,train
3529,APTOS_2019,f58cdfa968be.png,retinopatia_diabetica,0,sem_retinopatia_diabetica,train
3530,APTOS_2019,f58d37d48e42.png,retinopatia_diabetica,4,retinopatia_diabetica_proliferativa,train
3531,APTOS_2019,f58f0b2fd718.png,retinopatia_diabetica,0,sem_retinopatia_diabetica,train
3532,APTOS_2019,f5a8c6426a71.png,retinopatia_diabetica,3,retinopatia_diabetica_grave,train
3533,APTOS_2019,f5c953bee7cd.png,retinopatia_diabetica,0,sem_retinopatia_diabetica,train
3534,APTOS_2019,f5e6226bd2e0.png,retinopatia_diabetica,4,retinopatia_diabetica_proliferativa,train
3535,APTOS_2019,f5e9a307288c.png,retinopatia_diabetica,2,retinopatia_diabetica_moderada,train
3536,APTOS_2019,f61bf44c677c.png,retinopatia_diabetica,2,retinopatia_diabetica_moderada,train
3537,APTOS_2019,f62b8a076833.png,retinopatia_diabetica,0,sem_retinopatia_diabetica,train
3538,APTOS_2019,f633c474e8b8.png,retinopatia_diabetica,0,sem_retinopatia_diabetica,train
3539,APTOS_2019,f64214bed40e.png,retinopatia_diabetica,3,retinopatia_diabetica_grave,train
3540,APTOS_2019,f64b6e85f1c9.png,retinopatia_diabetica,0,sem_retinopatia_diabetica,train
3541,APTOS_2019,f66c4ee86629.png,retinopatia_diabetica,0,sem_retinopatia_diabetica,train
3542,APTOS_2019,f68690db78d3.png,retinopatia_diabetica,0,sem_retinopatia_diabetica,train
3543,APTOS_2019,f69400b316a7.png,retinopatia_diabetica,2,retinopatia_diabetica_moderada,train
3544,APTOS_2019,f69835dc7c50.png,retinopatia_diabetica,4,retinopatia_diabetica_proliferativa,train
3545,APTOS_2019,f6d760566a51.png,retinopatia_diabetica,0,sem_retinopatia_diabetica,train
3546,APTOS_2019,f6f3ea0d2693.png,retinopatia_diabetica,4,retinopatia_diabetica_proliferativa,train
3547,APTOS_2019,f6f433f3306f.png,retinopatia_diabetica,3,retinopatia_diabetica_grave,train
3548,APTOS_2019,f6f7dba7104d.png,retinopatia_diabetica,1,retinopatia_diabetica_leve,train
3549,APTOS_2019,f7116e7b2f4e.png,retinopatia_diabetica,0,sem_retinopatia_diabetica,train
3550,APTOS_2019,f71333204618.png,retinopatia_diabetica,0,sem_retinopatia_diabetica,train
3551,APTOS_2019,f71aca5a7dc3.png,retinopatia_diabetica,0,sem_retinopatia_diabetica,train
3552,APTOS_2019,f71bea807c96.png,retinopatia_diabetica,0,sem_retinopatia_diabetica,train
3553,APTOS_2019,f72adcac5638.png,retinopatia_diabetica,4,retinopatia_diabetica_proliferativa,train
3554,APTOS_2019,f72ef9ceeaa8.png,retinopatia_diabetica,1,retinopatia_diabetica_leve,train
3555,APTOS_2019,f7508f14dd7b.png,retinopatia_diabetica,0,sem_retinopatia_diabetica,train
3556,APTOS_2019,f762c272c522.png,retinopatia_diabetica,1,retinopatia_diabetica_leve,train
3557,APTOS_2019,f7735b6d47f7.png,retinopatia_diabetica,0,sem_retinopatia_diabetica,train
3558,APTOS_2019,f7defe70afc3.png,retinopatia_diabetica,0,sem_retinopatia_diabetica,train
3559,APTOS_2019,f7e9fa75c7c1.png,retinopatia_diabetica,0,sem_retinopatia_diabetica,train
3560,APTOS_2019,f7edc074f06b.png,retinopatia_diabetica,2,retinopatia_diabetica_moderada,train
3561,APTOS_2019,f7fec8935126.png,retinopatia_diabetica,1,retinopatia_diabetica_leve,train
3562,APTOS_2019,f80118bbda18.png,retinopatia_diabetica,2,retinopatia_diabetica_moderada,train
3563,APTOS_2019,f819c65b803c.png,retinopatia_diabetica,0,sem_retinopatia_diabetica,train
3564,APTOS_2019,f8372e80f731.png,retinopatia_diabetica,2,retinopatia_diabetica_moderada,train
3565,APTOS_2019,f850cb51fdba.png,retinopatia_diabetica,4,retinopatia_diabetica_proliferativa,train
3566,APTOS_2019,f85c78201a50.png,retinopatia_diabetica,0,sem_retinopatia_diabetica,train
3567,APTOS_2019,f85fd4fac887.png,retinopatia_diabetica,0,sem_retinopatia_diabetica,train
3568,APTOS_2019,f86d1c404acb.png,retinopatia_diabetica,0,sem_retinopatia_diabetica,train
3569,APTOS_2019,f8cf7ed8ef00.png,retinopatia_diabetica,4,retinopatia_diabetica_proliferativa,train
3570,APTOS_2019,f8d62557ad0c.png,retinopatia_diabetica,0,sem_retinopatia_diabetica,train
3571,APTOS_2019,f8f5942b690e.png,retinopatia_diabetica,0,sem_retinopatia_diabetica,train
3572,APTOS_2019,f8fc411092c7.png,retinopatia_diabetica,2,retinopatia_diabetica_moderada,train
3573,APTOS_2019,f901d460517c.png,retinopatia_diabetica,3,retinopatia_diabetica_grave,train
3574,APTOS_2019,f90f8931a9bc.png,retinopatia_diabetica,0,sem_retinopatia_diabetica,train
3575,APTOS_2019,f9156aeffc5e.png,retinopatia_diabetica,3,retinopatia_diabetica_grave,train
3576,APTOS_2019,f91cfa82b9d4.png,retinopatia_diabetica,0,sem_retinopatia_diabetica,train
3577,APTOS_2019,f920ccd926db.png,retinopatia_diabetica,2,retinopatia_diabetica_moderada,train
3578,APTOS_2019,f952ad2e4356.png,retinopatia_diabetica,0,sem_retinopatia_diabetica,train
3579,APTOS_2019,f994a3b07935.png,retinopatia_diabetica,0,sem_retinopatia_diabetica,train
3580,APTOS_2019,f999c6921e6d.png,retinopatia_diabetica,2,retinopatia_diabetica_moderada,train
3581,APTOS_2019,f9aa35187bf3.png,retinopatia_diabetica,2,retinopatia_diabetica_moderada,train
3582,APTOS_2019,f9d52509c571.png,retinopatia_diabetica,0,sem_retinopatia_diabetica,train
3583,APTOS_2019,f9d8ff3e6592.png,retinopatia_diabetica,0,sem_retinopatia_diabetica,train
3584,APTOS_2019,f9e1c439d4c8.png,retinopatia_diabetica,0,sem_retinopatia_diabetica,train
3585,APTOS_2019,f9e779a13204.png,retinopatia_diabetica,2,retinopatia_diabetica_moderada,train
3586,APTOS_2019,f9ecf1795804.png,retinopatia_diabetica,2,retinopatia_diabetica_moderada,train
3587,APTOS_2019,fa0c87bd75ce.png,retinopatia_diabetica,0,sem_retinopatia_diabetica,train
3588,APTOS_2019,fa3e544a7401.png,retinopatia_diabetica,2,retinopatia_diabetica_moderada,train
3589,APTOS_2019,fa573163dd8b.png,retinopatia_diabetica,0,sem_retinopatia_diabetica,train
3590,APTOS_2019,fa59221cf464.png,retinopatia_diabetica,4,retinopatia_diabetica_proliferativa,train
3591,APTOS_2019,fa6f3d8bb1d5.png,retinopatia_diabetica,0,sem_retinopatia_diabetica,train
3592,APTOS_2019,fa748b57262b.png,retinopatia_diabetica,2,retinopatia_diabetica_moderada,train
3593,APTOS_2019,fa7fa797c650.png,retinopatia_diabetica,0,sem_retinopatia_diabetica,train
3594,APTOS_2019,fa9bece586fc.png,retinopatia_diabetica,0,sem_retinopatia_diabetica,train
3595,APTOS_2019,fa9f1bc03f21.png,retinopatia_diabetica,0,sem_retinopatia_diabetica,train
3596,APTOS_2019,fac399455195.png,retinopatia_diabetica,2,retinopatia_diabetica_moderada,train
3597,APTOS_2019,fb1b8771c70a.png,retinopatia_diabetica,0,sem_retinopatia_diabetica,train
3598,APTOS_2019,fb61230b99dd.png,retinopatia_diabetica,3,retinopatia_diabetica_grave,train
3599,APTOS_2019,fb696a8e055a.png,retinopatia_diabetica,4,retinopatia_diabetica_proliferativa,train
3600,APTOS_2019,fb6b8200b7f8.png,retinopatia_diabetica,1,retinopatia_diabetica_leve,train
3601,APTOS_2019,fb767cea406c.png,retinopatia_diabetica,0,sem_retinopatia_diabetica,train
3602,APTOS_2019,fb88783de055.png,retinopatia_diabetica,0,sem_retinopatia_diabetica,train
3603,APTOS_2019,fb88d23fc5fe.png,retinopatia_diabetica,0,sem_retinopatia_diabetica,train
3604,APTOS_2019,fba493e17448.png,retinopatia_diabetica,2,retinopatia_diabetica_moderada,train
3605,APTOS_2019,fbcbc81cf9be.png,retinopatia_diabetica,0,sem_retinopatia_diabetica,train
3606,APTOS_2019,fbdc796290d4.png,retinopatia_diabetica,0,sem_retinopatia_diabetica,train
3607,APTOS_2019,fbfa925506f6.png,retinopatia_diabetica,0,sem_retinopatia_diabetica,train
3608,APTOS_2019,fc1b1841eadf.png,retinopatia_diabetica,2,retinopatia_diabetica_moderada,train
3609,APTOS_2019,fc4c2d35c6f8.png,retinopatia_diabetica,2,retinopatia_diabetica_moderada,train
3610,APTOS_2019,fc4d69128e7c.png,retinopatia_diabetica,2,retinopatia_diabetica_moderada,train
3611,APTOS_2019,fc603cbedb41.png,retinopatia_diabetica,2,retinopatia_diabetica_moderada,train
3612,APTOS_2019,fc782722a50c.png,retinopatia_diabetica,0,sem_retinopatia_diabetica,train
3613,APTOS_2019,fc898dfeb24f.png,retinopatia_diabetica,0,sem_retinopatia_diabetica,train
3614,APTOS_2019,fc8fce67fbf8.png,retinopatia_diabetica,0,sem_retinopatia_diabetica,train
3615,APTOS_2019,fca1a8738b8a.png,retinopatia_diabetica,0,sem_retinopatia_diabetica,train
3616,APTOS_2019,fca931da5c5e.png,retinopatia_diabetica,1,retinopatia_diabetica_leve,train
3617,APTOS_2019,fcc32dffd24d.png,retinopatia_diabetica,0,sem_retinopatia_diabetica,train
3618,APTOS_2019,fcc55ae641ae.png,retinopatia_diabetica,2,retinopatia_diabetica_moderada,train
3619,APTOS_2019,fcc6aa6755e6.png,retinopatia_diabetica,3,retinopatia_diabetica_grave,train
3620,APTOS_2019,fce73678f650.png,retinopatia_diabetica,0,sem_retinopatia_diabetica,train
3621,APTOS_2019,fce93caa4758.png,retinopatia_diabetica,4,retinopatia_diabetica_proliferativa,train
3622,APTOS_2019,fd079d2e93a2.png,retinopatia_diabetica,0,sem_retinopatia_diabetica,train
3623,APTOS_2019,fd0a70082e7c.png,retinopatia_diabetica,0,sem_retinopatia_diabetica,train
3624,APTOS_2019,fd48cf452e9d.png,retinopatia_diabetica,2,retinopatia_diabetica_moderada,train
3625,APTOS_2019,fd4c946c52bf.png,retinopatia_diabetica,0,sem_retinopatia_diabetica,train
3626,APTOS_2019,fd62bd0db4f1.png,retinopatia_diabetica,1,retinopatia_diabetica_leve,train
3627,APTOS_2019,fd87b6b2e664.png,retinopatia_diabetica,0,sem_retinopatia_diabetica,train
3628,APTOS_2019,fda39982a810.png,retinopatia_diabetica,3,retinopatia_diabetica_grave,train
3629,APTOS_2019,fdbc252813b1.png,retinopatia_diabetica,0,sem_retinopatia_diabetica,train
3630,APTOS_2019,fdc685055659.png,retinopatia_diabetica,0,sem_retinopatia_diabetica,train
3631,APTOS_2019,fdd18ccbbdc5.png,retinopatia_diabetica,1,retinopatia_diabetica_leve,train
3632,APTOS_2019,fdd534271f3d.png,retinopatia_diabetica,4,retinopatia_diabetica_proliferativa,train
3633,APTOS_2019,fe06dad6851c.png,retinopatia_diabetica,0,sem_retinopatia_diabetica,train
3634,APTOS_2019,fe0e2dee1834.png,retinopatia_diabetica,0,sem_retinopatia_diabetica,train
3635,APTOS_2019,fe0fc67c7980.png,retinopatia_diabetica,3,retinopatia_diabetica_grave,train
3636,APTOS_2019,fe2df69676cf.png,retinopatia_diabetica,1,retinopatia_diabetica_leve,train
3637,APTOS_2019,fe37f4492920.png,retinopatia_diabetica,2,retinopatia_diabetica_moderada,train
3638,APTOS_2019,fe3b0e50be78.png,retinopatia_diabetica,0,sem_retinopatia_diabetica,train
3639,APTOS_2019,fe3f62695b2d.png,retinopatia_diabetica,0,sem_retinopatia_diabetica,train
3640,APTOS_2019,fe674c2f73f5.png,retinopatia_diabetica,1,retinopatia_diabetica_leve,train
3641,APTOS_2019,fea14b3d44b0.png,retinopatia_diabetica,1,retinopatia_diabetica_leve,train
3642,APTOS_2019,febfb20dc311.png,retinopatia_diabetica,0,sem_retinopatia_diabetica,train
3643,APTOS_2019,fecf4c5ae84b.png,retinopatia_diabetica,1,retinopatia_diabetica_leve,train
3644,APTOS_2019,fed5bb685832.png,retinopatia_diabetica,0,sem_retinopatia_diabetica,train
3645,APTOS_2019,fefded6bf135.png,retinopatia_diabetica,0,sem_retinopatia_diabetica,train
3646,APTOS_2019,ff03f74667df.png,retinopatia_diabetica,0,sem_retinopatia_diabetica,train
3647,APTOS_2019,ff0740cb484a.png,retinopatia_diabetica,2,retinopatia_diabetica_moderada,train
3648,APTOS_2019,ff1e940105f9.png,retinopatia_diabetica,0,sem_retinopatia_diabetica,train
3649,APTOS_2019,ff344e5c9341.png,retinopatia_diabetica,2,retinopatia_diabetica_moderada,train
3650,APTOS_2019,ff4832d55461.png,retinopatia_diabetica,0,sem_retinopatia_diabetica,train
3651,APTOS_2019,ff4955e76894.png,retinopatia_diabetica,0,sem_retinopatia_diabetica,train
3652,APTOS_2019,ff4cd992667b.png,retinopatia_diabetica,0,sem_retinopatia_diabetica,train
3653,APTOS_2019,ff52392372d3.png,retinopatia_diabetica,2,retinopatia_diabetica_moderada,train
3654,APTOS_2019,ff59d44a70a7.png,retinopatia_diabetica,0,sem_retinopatia_diabetica,train
3655,APTOS_2019,ff631653374e.png,retinopatia_diabetica,0,sem_retinopatia_diabetica,train
3656,APTOS_2019,ff77e8e5b5f3.png,retinopatia_diabetica,2,retinopatia_diabetica_moderada,train
3657,APTOS_2019,ff8a0b45c789.png,retinopatia_diabetica,4,retinopatia_diabetica_proliferativa,train
3658,APTOS_2019,ffa47f6a7bf4.png,retinopatia_diabetica,2,retinopatia_diabetica_moderada,train
3659,APTOS_2019,ffc04fed30e6.png,retinopatia_diabetica,0,sem_retinopatia_diabetica,train
3660,APTOS_2019,ffcf7b45f213.png,retinopatia_diabetica,2,retinopatia_diabetica_moderada,train
3661,APTOS_2019,ffd97f8cd5aa.png,retinopatia_diabetica,0,sem_retinopatia_diabetica,train
3662,APTOS_2019,ffec9a18a3ce.png,retinopatia_diabetica,2,retinopatia_diabetica_moderada,train
