id_imagem,dataset,arquivo,doenca,codigo_diagnostico,diagnostico,conjunto
1,LAG,0001.jpg,glaucoma,0,sem_glaucoma,completo
2,LAG,0002.jpg,glaucoma,0,sem_glaucoma,completo
3,LAG,0003.jpg,glaucoma,0,sem_glaucoma,completo
4,LAG,0004.jpg,glaucoma,0,sem_glaucoma,completo
5,LAG,0006.jpg,glaucoma,0,sem_glaucoma,completo
6,LAG,0007.jpg,glaucoma,0,sem_glaucoma,completo
7,LAG,0009.jpg,glaucoma,0,sem_glaucoma,completo
8,LAG,0010.jpg,glaucoma,0,sem_glaucoma,completo
9,LAG,0013.jpg,glaucoma,0,sem_glaucoma,completo
10,LAG,0014.jpg,glaucoma,0,sem_glaucoma,completo
11,LAG,0015.jpg,glaucoma,0,sem_glaucoma,completo
12,LAG,0016.jpg,glaucoma,0,sem_glaucoma,completo
13,LAG,0017.jpg,glaucoma,0,sem_glaucoma,completo
14,LAG,0022.jpg,glaucoma,0,sem_glaucoma,completo
15,LAG,0023.jpg,glaucoma,0,sem_glaucoma,completo
16,LAG,0025.jpg,glaucoma,0,sem_glaucoma,completo
17,LAG,0027.jpg,glaucoma,0,sem_glaucoma,completo
18,LAG,0028.jpg,glaucoma,0,sem_glaucoma,completo
19,LAG,0029.jpg,glaucoma,0,sem_glaucoma,completo
20,LAG,0031.jpg,glaucoma,0,sem_glaucoma,completo
21,LAG,0033.jpg,glaucoma,0,sem_glaucoma,completo
22,LAG,0034.jpg,glaucoma,0,sem_glaucoma,completo
23,LAG,0036.jpg,glaucoma,0,sem_glaucoma,completo
24,LAG,0038.jpg,glaucoma,0,sem_glaucoma,completo
25,LAG,0044.jpg,glaucoma,0,sem_glaucoma,completo
26,LAG,0046.jpg,glaucoma,0,sem_glaucoma,completo
27,LAG,0048.jpg,glaucoma,0,sem_glaucoma,completo
28,LAG,0049.jpg,glaucoma,0,sem_glaucoma,completo
29,LAG,0053.jpg,glaucoma,0,sem_glaucoma,completo
30,LAG,0054.jpg,glaucoma,0,sem_glaucoma,completo
31,LAG,0055.jpg,glaucoma,0,sem_glaucoma,completo
32,LAG,0057.jpg,glaucoma,0,sem_glaucoma,completo
33,LAG,0064.jpg,glaucoma,0,sem_glaucoma,completo
34,LAG,0065.jpg,glaucoma,0,sem_glaucoma,completo
35,LAG,0066.jpg,glaucoma,0,sem_glaucoma,completo
36,LAG,0068.jpg,glaucoma,0,sem_glaucoma,completo
37,LAG,0070.jpg,glaucoma,0,sem_glaucoma,completo
38,LAG,0071.jpg,glaucoma,0,sem_glaucoma,completo
39,LAG,0072.jpg,glaucoma,0,sem_glaucoma,completo
40,LAG,0073.jpg,glaucoma,0,sem_glaucoma,completo
41,LAG,0074.jpg,glaucoma,0,sem_glaucoma,completo
42,LAG,0075.jpg,glaucoma,0,sem_glaucoma,completo
43,LAG,0076.jpg,glaucoma,0,sem_glaucoma,completo
44,LAG,0078.jpg,glaucoma,0,sem_glaucoma,completo
45,LAG,0079.jpg,glaucoma,0,sem_glaucoma,completo
46,LAG,0080.jpg,glaucoma,0,sem_glaucoma,completo
47,LAG,0083.jpg,glaucoma,0,sem_glaucoma,completo
48,LAG,0085.jpg,glaucoma,0,sem_glaucoma,completo
49,LAG,0086.jpg,glaucoma,0,sem_glaucoma,completo
50,LAG,0087.jpg,glaucoma,0,sem_glaucoma,completo
51,LAG,0088.jpg,glaucoma,0,sem_glaucoma,completo
52,LAG,0089.jpg,glaucoma,0,sem_glaucoma,completo
53,LAG,0090.jpg,glaucoma,0,sem_glaucoma,completo
54,LAG,0092.jpg,glaucoma,0,sem_glaucoma,completo
55,LAG,0094.jpg,glaucoma,0,sem_glaucoma,completo
56,LAG,0096.jpg,glaucoma,0,sem_glaucoma,completo
57,LAG,0098.jpg,glaucoma,0,sem_glaucoma,completo
58,LAG,0099.jpg,glaucoma,0,sem_glaucoma,completo
59,LAG,0101.jpg,glaucoma,0,sem_glaucoma,completo
60,LAG,0102.jpg,glaucoma,0,sem_glaucoma,completo
61,LAG,0104.jpg,glaucoma,0,sem_glaucoma,completo
62,LAG,0105.jpg,glaucoma,0,sem_glaucoma,completo
63,LAG,0109.jpg,glaucoma,0,sem_glaucoma,completo
64,LAG,0110.jpg,glaucoma,0,sem_glaucoma,completo
65,LAG,0112.jpg,glaucoma,0,sem_glaucoma,completo
66,LAG,0118.jpg,glaucoma,0,sem_glaucoma,completo
67,LAG,0120.jpg,glaucoma,0,sem_glaucoma,completo
68,LAG,0124.jpg,glaucoma,0,sem_glaucoma,completo
69,LAG,0127.jpg,glaucoma,0,sem_glaucoma,completo
70,LAG,0130.jpg,glaucoma,0,sem_glaucoma,completo
71,LAG,0137.jpg,glaucoma,0,sem_glaucoma,completo
72,LAG,0139.jpg,glaucoma,0,sem_glaucoma,completo
73,LAG,0142.jpg,glaucoma,0,sem_glaucoma,completo
74,LAG,0145.jpg,glaucoma,0,sem_glaucoma,completo
75,LAG,0146.jpg,glaucoma,0,sem_glaucoma,completo
76,LAG,0147.jpg,glaucoma,0,sem_glaucoma,completo
77,LAG,0148.jpg,glaucoma,0,sem_glaucoma,completo
78,LAG,0149.jpg,glaucoma,0,sem_glaucoma,completo
79,LAG,0150.jpg,glaucoma,0,sem_glaucoma,completo
80,LAG,0155.jpg,glaucoma,0,sem_glaucoma,completo
81,LAG,0157.jpg,glaucoma,0,sem_glaucoma,completo
82,LAG,0159.jpg,glaucoma,0,sem_glaucoma,completo
83,LAG,0162.jpg,glaucoma,0,sem_glaucoma,completo
84,LAG,0165.jpg,glaucoma,0,sem_glaucoma,completo
85,LAG,0166.jpg,glaucoma,0,sem_glaucoma,completo
86,LAG,0167.jpg,glaucoma,0,sem_glaucoma,completo
87,LAG,0176.jpg,glaucoma,0,sem_glaucoma,completo
88,LAG,0178.jpg,glaucoma,0,sem_glaucoma,completo
89,LAG,0179.jpg,glaucoma,0,sem_glaucoma,completo
90,LAG,0182.jpg,glaucoma,0,sem_glaucoma,completo
91,LAG,0183.jpg,glaucoma,0,sem_glaucoma,completo
92,LAG,0184.jpg,glaucoma,0,sem_glaucoma,completo
93,LAG,0188.jpg,glaucoma,0,sem_glaucoma,completo
94,LAG,0189.jpg,glaucoma,0,sem_glaucoma,completo
95,LAG,0193.jpg,glaucoma,0,sem_glaucoma,completo
96,LAG,0195.jpg,glaucoma,0,sem_glaucoma,completo
97,LAG,0197.jpg,glaucoma,0,sem_glaucoma,completo
98,LAG,0199.jpg,glaucoma,0,sem_glaucoma,completo
99,LAG,0201.jpg,glaucoma,0,sem_glaucoma,completo
100,LAG,0202.jpg,glaucoma,0,sem_glaucoma,completo
101,LAG,0203.jpg,glaucoma,0,sem_glaucoma,completo
102,LAG,0206.jpg,glaucoma,0,sem_glaucoma,completo
103,LAG,0207.jpg,glaucoma,0,sem_glaucoma,completo
104,LAG,0208.jpg,glaucoma,0,sem_glaucoma,completo
105,LAG,0209.jpg,glaucoma,0,sem_glaucoma,completo
106,LAG,0210.jpg,glaucoma,0,sem_glaucoma,completo
107,LAG,0213.jpg,glaucoma,0,sem_glaucoma,completo
108,LAG,0217.jpg,glaucoma,0,sem_glaucoma,completo
109,LAG,0218.jpg,glaucoma,0,sem_glaucoma,completo
110,LAG,0219.jpg,glaucoma,0,sem_glaucoma,completo
111,LAG,0220.jpg,glaucoma,0,sem_glaucoma,completo
112,LAG,0221.jpg,glaucoma,0,sem_glaucoma,completo
113,LAG,0222.jpg,glaucoma,0,sem_glaucoma,completo
114,LAG,0227.jpg,glaucoma,0,sem_glaucoma,completo
115,LAG,0228.jpg,glaucoma,0,sem_glaucoma,completo
116,LAG,0230.jpg,glaucoma,0,sem_glaucoma,completo
117,LAG,0231.jpg,glaucoma,0,sem_glaucoma,completo
118,LAG,0234.jpg,glaucoma,0,sem_glaucoma,completo
119,LAG,0237.jpg,glaucoma,0,sem_glaucoma,completo
120,LAG,0238.jpg,glaucoma,0,sem_glaucoma,completo
121,LAG,0239.jpg,glaucoma,0,sem_glaucoma,completo
122,LAG,0241.jpg,glaucoma,0,sem_glaucoma,completo
123,LAG,0243.jpg,glaucoma,0,sem_glaucoma,completo
124,LAG,0244.jpg,glaucoma,0,sem_glaucoma,completo
125,LAG,0245.jpg,glaucoma,0,sem_glaucoma,completo
126,LAG,0247.jpg,glaucoma,0,sem_glaucoma,completo
127,LAG,0249.jpg,glaucoma,0,sem_glaucoma,completo
128,LAG,0251.jpg,glaucoma,0,sem_glaucoma,completo
129,LAG,0252.jpg,glaucoma,0,sem_glaucoma,completo
130,LAG,0253.jpg,glaucoma,0,sem_glaucoma,completo
131,LAG,0254.jpg,glaucoma,0,sem_glaucoma,completo
132,LAG,0255.jpg,glaucoma,0,sem_glaucoma,completo
133,LAG,0258.jpg,glaucoma,0,sem_glaucoma,completo
134,LAG,0259.jpg,glaucoma,0,sem_glaucoma,completo
135,LAG,0261.jpg,glaucoma,0,sem_glaucoma,completo
136,LAG,0264.jpg,glaucoma,0,sem_glaucoma,completo
137,LAG,0265.jpg,glaucoma,0,sem_glaucoma,completo
138,LAG,0266.jpg,glaucoma,0,sem_glaucoma,completo
139,LAG,0269.jpg,glaucoma,0,sem_glaucoma,completo
140,LAG,0272.jpg,glaucoma,0,sem_glaucoma,completo
141,LAG,0273.jpg,glaucoma,0,sem_glaucoma,completo
142,LAG,0277.jpg,glaucoma,0,sem_glaucoma,completo
143,LAG,0278.jpg,glaucoma,0,sem_glaucoma,completo
144,LAG,0279.jpg,glaucoma,0,sem_glaucoma,completo
145,LAG,0280.jpg,glaucoma,0,sem_glaucoma,completo
146,LAG,0282.jpg,glaucoma,0,sem_glaucoma,completo
147,LAG,0283.jpg,glaucoma,0,sem_glaucoma,completo
148,LAG,0284.jpg,glaucoma,0,sem_glaucoma,completo
149,LAG,0288.jpg,glaucoma,0,sem_glaucoma,completo
150,LAG,0289.jpg,glaucoma,0,sem_glaucoma,completo
151,LAG,0290.jpg,glaucoma,0,sem_glaucoma,completo
152,LAG,0292.jpg,glaucoma,0,sem_glaucoma,completo
153,LAG,0293.jpg,glaucoma,0,sem_glaucoma,completo
154,LAG,0295.jpg,glaucoma,0,sem_glaucoma,completo
155,LAG,0297.jpg,glaucoma,0,sem_glaucoma,completo
156,LAG,0300.jpg,glaucoma,0,sem_glaucoma,completo
157,LAG,0301.jpg,glaucoma,0,sem_glaucoma,completo
158,LAG,0305.jpg,glaucoma,0,sem_glaucoma,completo
159,LAG,0307.jpg,glaucoma,0,sem_glaucoma,completo
160,LAG,0310.jpg,glaucoma,0,sem_glaucoma,completo
161,LAG,0312.jpg,glaucoma,0,sem_glaucoma,completo
162,LAG,0313.jpg,glaucoma,0,sem_glaucoma,completo
163,LAG,0315.jpg,glaucoma,0,sem_glaucoma,completo
164,LAG,0316.jpg,glaucoma,0,sem_glaucoma,completo
165,LAG,0318.jpg,glaucoma,0,sem_glaucoma,completo
166,LAG,0319.jpg,glaucoma,0,sem_glaucoma,completo
167,LAG,0320.jpg,glaucoma,0,sem_glaucoma,completo
168,LAG,0321.jpg,glaucoma,0,sem_glaucoma,completo
169,LAG,0322.jpg,glaucoma,0,sem_glaucoma,completo
170,LAG,0328.jpg,glaucoma,0,sem_glaucoma,completo
171,LAG,0329.jpg,glaucoma,0,sem_glaucoma,completo
172,LAG,0331.jpg,glaucoma,0,sem_glaucoma,completo
173,LAG,0333.jpg,glaucoma,0,sem_glaucoma,completo
174,LAG,0334.jpg,glaucoma,0,sem_glaucoma,completo
175,LAG,0336.jpg,glaucoma,0,sem_glaucoma,completo
176,LAG,0337.jpg,glaucoma,0,sem_glaucoma,completo
177,LAG,0338.jpg,glaucoma,0,sem_glaucoma,completo
178,LAG,0339.jpg,glaucoma,0,sem_glaucoma,completo
179,LAG,0340.jpg,glaucoma,0,sem_glaucoma,completo
180,LAG,0341.jpg,glaucoma,0,sem_glaucoma,completo
181,LAG,0343.jpg,glaucoma,0,sem_glaucoma,completo
182,LAG,0344.jpg,glaucoma,0,sem_glaucoma,completo
183,LAG,0345.jpg,glaucoma,0,sem_glaucoma,completo
184,LAG,0346.jpg,glaucoma,0,sem_glaucoma,completo
185,LAG,0350.jpg,glaucoma,0,sem_glaucoma,completo
186,LAG,0354.jpg,glaucoma,0,sem_glaucoma,completo
187,LAG,0355.jpg,glaucoma,0,sem_glaucoma,completo
188,LAG,0356.jpg,glaucoma,0,sem_glaucoma,completo
189,LAG,0357.jpg,glaucoma,0,sem_glaucoma,completo
190,LAG,0360.jpg,glaucoma,0,sem_glaucoma,completo
191,LAG,0361.jpg,glaucoma,0,sem_glaucoma,completo
192,LAG,0362.jpg,glaucoma,0,sem_glaucoma,completo
193,LAG,0363.jpg,glaucoma,0,sem_glaucoma,completo
194,LAG,0364.jpg,glaucoma,0,sem_glaucoma,completo
195,LAG,0365.jpg,glaucoma,0,sem_glaucoma,completo
196,LAG,0369.jpg,glaucoma,0,sem_glaucoma,completo
197,LAG,0370.jpg,glaucoma,0,sem_glaucoma,completo
198,LAG,0371.jpg,glaucoma,0,sem_glaucoma,completo
199,LAG,0372.jpg,glaucoma,0,sem_glaucoma,completo
200,LAG,0373.jpg,glaucoma,0,sem_glaucoma,completo
201,LAG,0375.jpg,glaucoma,0,sem_glaucoma,completo
202,LAG,0376.jpg,glaucoma,0,sem_glaucoma,completo
203,LAG,0378.jpg,glaucoma,0,sem_glaucoma,completo
204,LAG,0385.jpg,glaucoma,0,sem_glaucoma,completo
205,LAG,0386.jpg,glaucoma,0,sem_glaucoma,completo
206,LAG,0387.jpg,glaucoma,0,sem_glaucoma,completo
207,LAG,0391.jpg,glaucoma,0,sem_glaucoma,completo
208,LAG,0394.jpg,glaucoma,0,sem_glaucoma,completo
209,LAG,0396.jpg,glaucoma,0,sem_glaucoma,completo
210,LAG,0397.jpg,glaucoma,0,sem_glaucoma,completo
211,LAG,0398.jpg,glaucoma,0,sem_glaucoma,completo
212,LAG,0401.jpg,glaucoma,0,sem_glaucoma,completo
213,LAG,0402.jpg,glaucoma,0,sem_glaucoma,completo
214,LAG,0403.jpg,glaucoma,0,sem_glaucoma,completo
215,LAG,0404.jpg,glaucoma,0,sem_glaucoma,completo
216,LAG,0405.jpg,glaucoma,0,sem_glaucoma,completo
217,LAG,0406.jpg,glaucoma,0,sem_glaucoma,completo
218,LAG,0407.jpg,glaucoma,0,sem_glaucoma,completo
219,LAG,0408.jpg,glaucoma,0,sem_glaucoma,completo
220,LAG,0410.jpg,glaucoma,0,sem_glaucoma,completo
221,LAG,0411.jpg,glaucoma,0,sem_glaucoma,completo
222,LAG,0412.jpg,glaucoma,0,sem_glaucoma,completo
223,LAG,0413.jpg,glaucoma,0,sem_glaucoma,completo
224,LAG,0414.jpg,glaucoma,0,sem_glaucoma,completo
225,LAG,0415.jpg,glaucoma,0,sem_glaucoma,completo
226,LAG,0416.jpg,glaucoma,0,sem_glaucoma,completo
227,LAG,0417.jpg,glaucoma,0,sem_glaucoma,completo
228,LAG,0422.jpg,glaucoma,0,sem_glaucoma,completo
229,LAG,0423.jpg,glaucoma,0,sem_glaucoma,completo
230,LAG,0425.jpg,glaucoma,0,sem_glaucoma,completo
231,LAG,0427.jpg,glaucoma,0,sem_glaucoma,completo
232,LAG,0434.jpg,glaucoma,0,sem_glaucoma,completo
233,LAG,0435.jpg,glaucoma,0,sem_glaucoma,completo
234,LAG,0441.jpg,glaucoma,0,sem_glaucoma,completo
235,LAG,0442.jpg,glaucoma,0,sem_glaucoma,completo
236,LAG,0443.jpg,glaucoma,0,sem_glaucoma,completo
237,LAG,0444.jpg,glaucoma,0,sem_glaucoma,completo
238,LAG,0445.jpg,glaucoma,0,sem_glaucoma,completo
239,LAG,0446.jpg,glaucoma,0,sem_glaucoma,completo
240,LAG,0447.jpg,glaucoma,0,sem_glaucoma,completo
241,LAG,0449.jpg,glaucoma,0,sem_glaucoma,completo
242,LAG,0452.jpg,glaucoma,0,sem_glaucoma,completo
243,LAG,0454.jpg,glaucoma,0,sem_glaucoma,completo
244,LAG,0456.jpg,glaucoma,0,sem_glaucoma,completo
245,LAG,0459.jpg,glaucoma,0,sem_glaucoma,completo
246,LAG,0464.jpg,glaucoma,0,sem_glaucoma,completo
247,LAG,0466.jpg,glaucoma,0,sem_glaucoma,completo
248,LAG,0467.jpg,glaucoma,0,sem_glaucoma,completo
249,LAG,0468.jpg,glaucoma,0,sem_glaucoma,completo
250,LAG,0469.jpg,glaucoma,0,sem_glaucoma,completo
251,LAG,0470.jpg,glaucoma,0,sem_glaucoma,completo
252,LAG,0472.jpg,glaucoma,0,sem_glaucoma,completo
253,LAG,0474.jpg,glaucoma,0,sem_glaucoma,completo
254,LAG,0476.jpg,glaucoma,0,sem_glaucoma,completo
255,LAG,0478.jpg,glaucoma,0,sem_glaucoma,completo
256,LAG,0479.jpg,glaucoma,0,sem_glaucoma,completo
257,LAG,0481.jpg,glaucoma,0,sem_glaucoma,completo
258,LAG,0482.jpg,glaucoma,0,sem_glaucoma,completo
259,LAG,0483.jpg,glaucoma,0,sem_glaucoma,completo
260,LAG,0484.jpg,glaucoma,0,sem_glaucoma,completo
261,LAG,0488.jpg,glaucoma,0,sem_glaucoma,completo
262,LAG,0489.jpg,glaucoma,0,sem_glaucoma,completo
263,LAG,0491.jpg,glaucoma,0,sem_glaucoma,completo
264,LAG,0492.jpg,glaucoma,0,sem_glaucoma,completo
265,LAG,0493.jpg,glaucoma,0,sem_glaucoma,completo
266,LAG,0495.jpg,glaucoma,0,sem_glaucoma,completo
267,LAG,0497.jpg,glaucoma,0,sem_glaucoma,completo
268,LAG,0498.jpg,glaucoma,0,sem_glaucoma,completo
269,LAG,0500.jpg,glaucoma,0,sem_glaucoma,completo
270,LAG,0501.jpg,glaucoma,0,sem_glaucoma,completo
271,LAG,0503.jpg,glaucoma,0,sem_glaucoma,completo
272,LAG,0504.jpg,glaucoma,0,sem_glaucoma,completo
273,LAG,0506.jpg,glaucoma,0,sem_glaucoma,completo
274,LAG,0509.jpg,glaucoma,0,sem_glaucoma,completo
275,LAG,0511.jpg,glaucoma,0,sem_glaucoma,completo
276,LAG,0513.jpg,glaucoma,0,sem_glaucoma,completo
277,LAG,0514.jpg,glaucoma,0,sem_glaucoma,completo
278,LAG,0515.jpg,glaucoma,0,sem_glaucoma,completo
279,LAG,0516.jpg,glaucoma,0,sem_glaucoma,completo
280,LAG,0520.jpg,glaucoma,0,sem_glaucoma,completo
281,LAG,0521.jpg,glaucoma,0,sem_glaucoma,completo
282,LAG,0522.jpg,glaucoma,0,sem_glaucoma,completo
283,LAG,0523.jpg,glaucoma,0,sem_glaucoma,completo
284,LAG,0524.jpg,glaucoma,0,sem_glaucoma,completo
285,LAG,0528.jpg,glaucoma,0,sem_glaucoma,completo
286,LAG,0529.jpg,glaucoma,0,sem_glaucoma,completo
287,LAG,0530.jpg,glaucoma,0,sem_glaucoma,completo
288,LAG,0531.jpg,glaucoma,0,sem_glaucoma,completo
289,LAG,0533.jpg,glaucoma,0,sem_glaucoma,completo
290,LAG,0534.jpg,glaucoma,0,sem_glaucoma,completo
291,LAG,0535.jpg,glaucoma,0,sem_glaucoma,completo
292,LAG,0536.jpg,glaucoma,0,sem_glaucoma,completo
293,LAG,0537.jpg,glaucoma,0,sem_glaucoma,completo
294,LAG,0539.jpg,glaucoma,0,sem_glaucoma,completo
295,LAG,0541.jpg,glaucoma,0,sem_glaucoma,completo
296,LAG,0542.jpg,glaucoma,0,sem_glaucoma,completo
297,LAG,0543.jpg,glaucoma,0,sem_glaucoma,completo
298,LAG,0547.jpg,glaucoma,0,sem_glaucoma,completo
299,LAG,0549.jpg,glaucoma,0,sem_glaucoma,completo
300,LAG,0550.jpg,glaucoma,0,sem_glaucoma,completo
301,LAG,0552.jpg,glaucoma,0,sem_glaucoma,completo
302,LAG,0553.jpg,glaucoma,0,sem_glaucoma,completo
303,LAG,0556.jpg,glaucoma,0,sem_glaucoma,completo
304,LAG,0561.jpg,glaucoma,0,sem_glaucoma,completo
305,LAG,0562.jpg,glaucoma,0,sem_glaucoma,completo
306,LAG,0563.jpg,glaucoma,0,sem_glaucoma,completo
307,LAG,0565.jpg,glaucoma,0,sem_glaucoma,completo
308,LAG,0566.jpg,glaucoma,0,sem_glaucoma,completo
309,LAG,0567.jpg,glaucoma,0,sem_glaucoma,completo
310,LAG,0568.jpg,glaucoma,0,sem_glaucoma,completo
311,LAG,0570.jpg,glaucoma,0,sem_glaucoma,completo
312,LAG,0572.jpg,glaucoma,0,sem_glaucoma,completo
313,LAG,0573.jpg,glaucoma,0,sem_glaucoma,completo
314,LAG,0574.jpg,glaucoma,0,sem_glaucoma,completo
315,LAG,0575.jpg,glaucoma,0,sem_glaucoma,completo
316,LAG,0577.jpg,glaucoma,0,sem_glaucoma,completo
317,LAG,0579.jpg,glaucoma,0,sem_glaucoma,completo
318,LAG,0581.jpg,glaucoma,0,sem_glaucoma,completo
319,LAG,0582.jpg,glaucoma,0,sem_glaucoma,completo
320,LAG,0584.jpg,glaucoma,0,sem_glaucoma,completo
321,LAG,0587.jpg,glaucoma,0,sem_glaucoma,completo
322,LAG,0592.jpg,glaucoma,0,sem_glaucoma,completo
323,LAG,0594.jpg,glaucoma,0,sem_glaucoma,completo
324,LAG,0596.jpg,glaucoma,0,sem_glaucoma,completo
325,LAG,0597.jpg,glaucoma,0,sem_glaucoma,completo
326,LAG,0598.jpg,glaucoma,0,sem_glaucoma,completo
327,LAG,0599.jpg,glaucoma,0,sem_glaucoma,completo
328,LAG,0602.jpg,glaucoma,0,sem_glaucoma,completo
329,LAG,0606.jpg,glaucoma,0,sem_glaucoma,completo
330,LAG,0607.jpg,glaucoma,0,sem_glaucoma,completo
331,LAG,0608.jpg,glaucoma,0,sem_glaucoma,completo
332,LAG,0609.jpg,glaucoma,0,sem_glaucoma,completo
333,LAG,0611.jpg,glaucoma,0,sem_glaucoma,completo
334,LAG,0615.jpg,glaucoma,0,sem_glaucoma,completo
335,LAG,0616.jpg,glaucoma,0,sem_glaucoma,completo
336,LAG,0618.jpg,glaucoma,0,sem_glaucoma,completo
337,LAG,0619.jpg,glaucoma,0,sem_glaucoma,completo
338,LAG,0620.jpg,glaucoma,0,sem_glaucoma,completo
339,LAG,0622.jpg,glaucoma,0,sem_glaucoma,completo
340,LAG,0623.jpg,glaucoma,0,sem_glaucoma,completo
341,LAG,0624.jpg,glaucoma,0,sem_glaucoma,completo
342,LAG,0625.jpg,glaucoma,0,sem_glaucoma,completo
343,LAG,0626.jpg,glaucoma,0,sem_glaucoma,completo
344,LAG,0629.jpg,glaucoma,0,sem_glaucoma,completo
345,LAG,0631.jpg,glaucoma,0,sem_glaucoma,completo
346,LAG,0632.jpg,glaucoma,0,sem_glaucoma,completo
347,LAG,0634.jpg,glaucoma,0,sem_glaucoma,completo
348,LAG,0636.jpg,glaucoma,0,sem_glaucoma,completo
349,LAG,0638.jpg,glaucoma,0,sem_glaucoma,completo
350,LAG,0639.jpg,glaucoma,0,sem_glaucoma,completo
351,LAG,0642.jpg,glaucoma,0,sem_glaucoma,completo
352,LAG,0643.jpg,glaucoma,0,sem_glaucoma,completo
353,LAG,0644.jpg,glaucoma,0,sem_glaucoma,completo
354,LAG,0648.jpg,glaucoma,0,sem_glaucoma,completo
355,LAG,0652.jpg,glaucoma,0,sem_glaucoma,completo
356,LAG,0653.jpg,glaucoma,0,sem_glaucoma,completo
357,LAG,0654.jpg,glaucoma,0,sem_glaucoma,completo
358,LAG,0655.jpg,glaucoma,0,sem_glaucoma,completo
359,LAG,0656.jpg,glaucoma,0,sem_glaucoma,completo
360,LAG,0658.jpg,glaucoma,0,sem_glaucoma,completo
361,LAG,0660.jpg,glaucoma,0,sem_glaucoma,completo
362,LAG,0662.jpg,glaucoma,0,sem_glaucoma,completo
363,LAG,0667.jpg,glaucoma,0,sem_glaucoma,completo
364,LAG,0668.jpg,glaucoma,0,sem_glaucoma,completo
365,LAG,0669.jpg,glaucoma,0,sem_glaucoma,completo
366,LAG,0670.jpg,glaucoma,0,sem_glaucoma,completo
367,LAG,0672.jpg,glaucoma,0,sem_glaucoma,completo
368,LAG,0674.jpg,glaucoma,0,sem_glaucoma,completo
369,LAG,0675.jpg,glaucoma,0,sem_glaucoma,completo
370,LAG,0676.jpg,glaucoma,0,sem_glaucoma,completo
371,LAG,0680.jpg,glaucoma,0,sem_glaucoma,completo
372,LAG,0682.jpg,glaucoma,0,sem_glaucoma,completo
373,LAG,0685.jpg,glaucoma,0,sem_glaucoma,completo
374,LAG,0686.jpg,glaucoma,0,sem_glaucoma,completo
375,LAG,0687.jpg,glaucoma,0,sem_glaucoma,completo
376,LAG,0688.jpg,glaucoma,0,sem_glaucoma,completo
377,LAG,0689.jpg,glaucoma,0,sem_glaucoma,completo
378,LAG,0690.jpg,glaucoma,0,sem_glaucoma,completo
379,LAG,0691.jpg,glaucoma,0,sem_glaucoma,completo
380,LAG,0692.jpg,glaucoma,0,sem_glaucoma,completo
381,LAG,0696.jpg,glaucoma,0,sem_glaucoma,completo
382,LAG,0697.jpg,glaucoma,0,sem_glaucoma,completo
383,LAG,0700.jpg,glaucoma,0,sem_glaucoma,completo
384,LAG,0704.jpg,glaucoma,0,sem_glaucoma,completo
385,LAG,0709.jpg,glaucoma,0,sem_glaucoma,completo
386,LAG,0711.jpg,glaucoma,0,sem_glaucoma,completo
387,LAG,0712.jpg,glaucoma,0,sem_glaucoma,completo
388,LAG,0714.jpg,glaucoma,0,sem_glaucoma,completo
389,LAG,0716.jpg,glaucoma,0,sem_glaucoma,completo
390,LAG,0717.jpg,glaucoma,0,sem_glaucoma,completo
391,LAG,0718.jpg,glaucoma,0,sem_glaucoma,completo
392,LAG,0720.jpg,glaucoma,0,sem_glaucoma,completo
393,LAG,0722.jpg,glaucoma,0,sem_glaucoma,completo
394,LAG,0723.jpg,glaucoma,0,sem_glaucoma,completo
395,LAG,0725.jpg,glaucoma,0,sem_glaucoma,completo
396,LAG,0727.jpg,glaucoma,0,sem_glaucoma,completo
397,LAG,0729.jpg,glaucoma,0,sem_glaucoma,completo
398,LAG,0730.jpg,glaucoma,0,sem_glaucoma,completo
399,LAG,0731.jpg,glaucoma,0,sem_glaucoma,completo
400,LAG,0732.jpg,glaucoma,0,sem_glaucoma,completo
401,LAG,0733.jpg,glaucoma,0,sem_glaucoma,completo
402,LAG,0737.jpg,glaucoma,0,sem_glaucoma,completo
403,LAG,0738.jpg,glaucoma,0,sem_glaucoma,completo
404,LAG,0739.jpg,glaucoma,0,sem_glaucoma,completo
405,LAG,0740.jpg,glaucoma,0,sem_glaucoma,completo
406,LAG,0741.jpg,glaucoma,0,sem_glaucoma,completo
407,LAG,0743.jpg,glaucoma,0,sem_glaucoma,completo
408,LAG,0744.jpg,glaucoma,0,sem_glaucoma,completo
409,LAG,0746.jpg,glaucoma,0,sem_glaucoma,completo
410,LAG,0747.jpg,glaucoma,0,sem_glaucoma,completo
411,LAG,0750.jpg,glaucoma,0,sem_glaucoma,completo
412,LAG,0752.jpg,glaucoma,0,sem_glaucoma,completo
413,LAG,0753.jpg,glaucoma,0,sem_glaucoma,completo
414,LAG,0755.jpg,glaucoma,0,sem_glaucoma,completo
415,LAG,0756.jpg,glaucoma,0,sem_glaucoma,completo
416,LAG,0758.jpg,glaucoma,0,sem_glaucoma,completo
417,LAG,0759.jpg,glaucoma,0,sem_glaucoma,completo
418,LAG,0760.jpg,glaucoma,0,sem_glaucoma,completo
419,LAG,0762.jpg,glaucoma,0,sem_glaucoma,completo
420,LAG,0764.jpg,glaucoma,0,sem_glaucoma,completo
421,LAG,0765.jpg,glaucoma,0,sem_glaucoma,completo
422,LAG,0766.jpg,glaucoma,0,sem_glaucoma,completo
423,LAG,0767.jpg,glaucoma,0,sem_glaucoma,completo
424,LAG,0768.jpg,glaucoma,0,sem_glaucoma,completo
425,LAG,0771.jpg,glaucoma,0,sem_glaucoma,completo
426,LAG,0772.jpg,glaucoma,0,sem_glaucoma,completo
427,LAG,0774.jpg,glaucoma,0,sem_glaucoma,completo
428,LAG,0776.jpg,glaucoma,0,sem_glaucoma,completo
429,LAG,0779.jpg,glaucoma,0,sem_glaucoma,completo
430,LAG,0782.jpg,glaucoma,0,sem_glaucoma,completo
431,LAG,0786.jpg,glaucoma,0,sem_glaucoma,completo
432,LAG,0787.jpg,glaucoma,0,sem_glaucoma,completo
433,LAG,0792.jpg,glaucoma,0,sem_glaucoma,completo
434,LAG,0793.jpg,glaucoma,0,sem_glaucoma,completo
435,LAG,0794.jpg,glaucoma,0,sem_glaucoma,completo
436,LAG,0795.jpg,glaucoma,0,sem_glaucoma,completo
437,LAG,0796.jpg,glaucoma,0,sem_glaucoma,completo
438,LAG,0799.jpg,glaucoma,0,sem_glaucoma,completo
439,LAG,0801.jpg,glaucoma,0,sem_glaucoma,completo
440,LAG,0802.jpg,glaucoma,0,sem_glaucoma,completo
441,LAG,0804.jpg,glaucoma,0,sem_glaucoma,completo
442,LAG,0805.jpg,glaucoma,0,sem_glaucoma,completo
443,LAG,0807.jpg,glaucoma,0,sem_glaucoma,completo
444,LAG,0808.jpg,glaucoma,0,sem_glaucoma,completo
445,LAG,0809.jpg,glaucoma,0,sem_glaucoma,completo
446,LAG,0810.jpg,glaucoma,0,sem_glaucoma,completo
447,LAG,0817.jpg,glaucoma,0,sem_glaucoma,completo
448,LAG,0821.jpg,glaucoma,0,sem_glaucoma,completo
449,LAG,0822.jpg,glaucoma,0,sem_glaucoma,completo
450,LAG,0826.jpg,glaucoma,0,sem_glaucoma,completo
451,LAG,0827.jpg,glaucoma,0,sem_glaucoma,completo
452,LAG,0831.jpg,glaucoma,0,sem_glaucoma,completo
453,LAG,0834.jpg,glaucoma,0,sem_glaucoma,completo
454,LAG,0835.jpg,glaucoma,0,sem_glaucoma,completo
455,LAG,0838.jpg,glaucoma,0,sem_glaucoma,completo
456,LAG,0839.jpg,glaucoma,0,sem_glaucoma,completo
457,LAG,0840.jpg,glaucoma,0,sem_glaucoma,completo
458,LAG,0841.jpg,glaucoma,0,sem_glaucoma,completo
459,LAG,0842.jpg,glaucoma,0,sem_glaucoma,completo
460,LAG,0845.jpg,glaucoma,0,sem_glaucoma,completo
461,LAG,0846.jpg,glaucoma,0,sem_glaucoma,completo
462,LAG,0848.jpg,glaucoma,0,sem_glaucoma,completo
463,LAG,0850.jpg,glaucoma,0,sem_glaucoma,completo
464,LAG,0852.jpg,glaucoma,0,sem_glaucoma,completo
465,LAG,0853.jpg,glaucoma,0,sem_glaucoma,completo
466,LAG,0855.jpg,glaucoma,0,sem_glaucoma,completo
467,LAG,0856.jpg,glaucoma,0,sem_glaucoma,completo
468,LAG,0861.jpg,glaucoma,0,sem_glaucoma,completo
469,LAG,0862.jpg,glaucoma,0,sem_glaucoma,completo
470,LAG,0864.jpg,glaucoma,0,sem_glaucoma,completo
471,LAG,0865.jpg,glaucoma,0,sem_glaucoma,completo
472,LAG,0867.jpg,glaucoma,0,sem_glaucoma,completo
473,LAG,0868.jpg,glaucoma,0,sem_glaucoma,completo
474,LAG,0872.jpg,glaucoma,0,sem_glaucoma,completo
475,LAG,0873.jpg,glaucoma,0,sem_glaucoma,completo
476,LAG,0876.jpg,glaucoma,0,sem_glaucoma,completo
477,LAG,0878.jpg,glaucoma,0,sem_glaucoma,completo
478,LAG,0880.jpg,glaucoma,0,sem_glaucoma,completo
479,LAG,0883.jpg,glaucoma,0,sem_glaucoma,completo
480,LAG,0884.jpg,glaucoma,0,sem_glaucoma,completo
481,LAG,0885.jpg,glaucoma,0,sem_glaucoma,completo
482,LAG,0886.jpg,glaucoma,0,sem_glaucoma,completo
483,LAG,0887.jpg,glaucoma,0,sem_glaucoma,completo
484,LAG,0889.jpg,glaucoma,0,sem_glaucoma,completo
485,LAG,0891.jpg,glaucoma,0,sem_glaucoma,completo
486,LAG,0892.jpg,glaucoma,0,sem_glaucoma,completo
487,LAG,0893.jpg,glaucoma,0,sem_glaucoma,completo
488,LAG,0894.jpg,glaucoma,0,sem_glaucoma,completo
489,LAG,0896.jpg,glaucoma,0,sem_glaucoma,completo
490,LAG,0897.jpg,glaucoma,0,sem_glaucoma,completo
491,LAG,0898.jpg,glaucoma,0,sem_glaucoma,completo
492,LAG,0899.jpg,glaucoma,0,sem_glaucoma,completo
493,LAG,0901.jpg,glaucoma,0,sem_glaucoma,completo
494,LAG,0902.jpg,glaucoma,0,sem_glaucoma,completo
495,LAG,0904.jpg,glaucoma,0,sem_glaucoma,completo
496,LAG,0907.jpg,glaucoma,0,sem_glaucoma,completo
497,LAG,0908.jpg,glaucoma,0,sem_glaucoma,completo
498,LAG,0911.jpg,glaucoma,0,sem_glaucoma,completo
499,LAG,0914.jpg,glaucoma,0,sem_glaucoma,completo
500,LAG,0917.jpg,glaucoma,0,sem_glaucoma,completo
501,LAG,0919.jpg,glaucoma,0,sem_glaucoma,completo
502,LAG,0920.jpg,glaucoma,0,sem_glaucoma,completo
503,LAG,0921.jpg,glaucoma,0,sem_glaucoma,completo
504,LAG,0924.jpg,glaucoma,0,sem_glaucoma,completo
505,LAG,0926.jpg,glaucoma,0,sem_glaucoma,completo
506,LAG,0927.jpg,glaucoma,0,sem_glaucoma,completo
507,LAG,0928.jpg,glaucoma,0,sem_glaucoma,completo
508,LAG,0929.jpg,glaucoma,0,sem_glaucoma,completo
509,LAG,0930.jpg,glaucoma,0,sem_glaucoma,completo
510,LAG,0931.jpg,glaucoma,0,sem_glaucoma,completo
511,LAG,0932.jpg,glaucoma,0,sem_glaucoma,completo
512,LAG,0933.jpg,glaucoma,0,sem_glaucoma,completo
513,LAG,0935.jpg,glaucoma,0,sem_glaucoma,completo
514,LAG,0936.jpg,glaucoma,0,sem_glaucoma,completo
515,LAG,0937.jpg,glaucoma,0,sem_glaucoma,completo
516,LAG,0942.jpg,glaucoma,0,sem_glaucoma,completo
517,LAG,0943.jpg,glaucoma,0,sem_glaucoma,completo
518,LAG,0945.jpg,glaucoma,0,sem_glaucoma,completo
519,LAG,0946.jpg,glaucoma,0,sem_glaucoma,completo
520,LAG,0948.jpg,glaucoma,0,sem_glaucoma,completo
521,LAG,0950.jpg,glaucoma,0,sem_glaucoma,completo
522,LAG,0951.jpg,glaucoma,0,sem_glaucoma,completo
523,LAG,0952.jpg,glaucoma,0,sem_glaucoma,completo
524,LAG,0956.jpg,glaucoma,0,sem_glaucoma,completo
525,LAG,0957.jpg,glaucoma,0,sem_glaucoma,completo
526,LAG,0958.jpg,glaucoma,0,sem_glaucoma,completo
527,LAG,0959.jpg,glaucoma,0,sem_glaucoma,completo
528,LAG,0960.jpg,glaucoma,0,sem_glaucoma,completo
529,LAG,0961.jpg,glaucoma,0,sem_glaucoma,completo
530,LAG,0962.jpg,glaucoma,0,sem_glaucoma,completo
531,LAG,0964.jpg,glaucoma,0,sem_glaucoma,completo
532,LAG,0966.jpg,glaucoma,0,sem_glaucoma,completo
533,LAG,0969.jpg,glaucoma,0,sem_glaucoma,completo
534,LAG,0970.jpg,glaucoma,0,sem_glaucoma,completo
535,LAG,0971.jpg,glaucoma,0,sem_glaucoma,completo
536,LAG,0972.jpg,glaucoma,0,sem_glaucoma,completo
537,LAG,0974.jpg,glaucoma,0,sem_glaucoma,completo
538,LAG,0975.jpg,glaucoma,0,sem_glaucoma,completo
539,LAG,0977.jpg,glaucoma,0,sem_glaucoma,completo
540,LAG,0978.jpg,glaucoma,0,sem_glaucoma,completo
541,LAG,0979.jpg,glaucoma,0,sem_glaucoma,completo
542,LAG,0980.jpg,glaucoma,0,sem_glaucoma,completo
543,LAG,0981.jpg,glaucoma,0,sem_glaucoma,completo
544,LAG,0983.jpg,glaucoma,0,sem_glaucoma,completo
545,LAG,0984.jpg,glaucoma,0,sem_glaucoma,completo
546,LAG,0985.jpg,glaucoma,0,sem_glaucoma,completo
547,LAG,0986.jpg,glaucoma,0,sem_glaucoma,completo
548,LAG,0987.jpg,glaucoma,0,sem_glaucoma,completo
549,LAG,0990.jpg,glaucoma,0,sem_glaucoma,completo
550,LAG,0991.jpg,glaucoma,0,sem_glaucoma,completo
551,LAG,0992.jpg,glaucoma,0,sem_glaucoma,completo
552,LAG,0993.jpg,glaucoma,0,sem_glaucoma,completo
553,LAG,0995.jpg,glaucoma,0,sem_glaucoma,completo
554,LAG,0998.jpg,glaucoma,0,sem_glaucoma,completo
555,LAG,0999.jpg,glaucoma,0,sem_glaucoma,completo
556,LAG,1000.jpg,glaucoma,0,sem_glaucoma,completo
557,LAG,1001.jpg,glaucoma,0,sem_glaucoma,completo
558,LAG,1004.jpg,glaucoma,0,sem_glaucoma,completo
559,LAG,1006.jpg,glaucoma,0,sem_glaucoma,completo
560,LAG,1008.jpg,glaucoma,0,sem_glaucoma,completo
561,LAG,1009.jpg,glaucoma,0,sem_glaucoma,completo
562,LAG,1010.jpg,glaucoma,0,sem_glaucoma,completo
563,LAG,1012.jpg,glaucoma,0,sem_glaucoma,completo
564,LAG,1015.jpg,glaucoma,0,sem_glaucoma,completo
565,LAG,1017.jpg,glaucoma,0,sem_glaucoma,completo
566,LAG,1019.jpg,glaucoma,0,sem_glaucoma,completo
567,LAG,1020.jpg,glaucoma,0,sem_glaucoma,completo
568,LAG,1021.jpg,glaucoma,0,sem_glaucoma,completo
569,LAG,1025.jpg,glaucoma,0,sem_glaucoma,completo
570,LAG,1026.jpg,glaucoma,0,sem_glaucoma,completo
571,LAG,1027.jpg,glaucoma,0,sem_glaucoma,completo
572,LAG,1028.jpg,glaucoma,0,sem_glaucoma,completo
573,LAG,1032.jpg,glaucoma,0,sem_glaucoma,completo
574,LAG,1036.jpg,glaucoma,0,sem_glaucoma,completo
575,LAG,1037.jpg,glaucoma,0,sem_glaucoma,completo
576,LAG,1039.jpg,glaucoma,0,sem_glaucoma,completo
577,LAG,1043.jpg,glaucoma,0,sem_glaucoma,completo
578,LAG,1045.jpg,glaucoma,0,sem_glaucoma,completo
579,LAG,1047.jpg,glaucoma,0,sem_glaucoma,completo
580,LAG,1049.jpg,glaucoma,0,sem_glaucoma,completo
581,LAG,1051.jpg,glaucoma,0,sem_glaucoma,completo
582,LAG,1054.jpg,glaucoma,0,sem_glaucoma,completo
583,LAG,1055.jpg,glaucoma,0,sem_glaucoma,completo
584,LAG,1059.jpg,glaucoma,0,sem_glaucoma,completo
585,LAG,1060.jpg,glaucoma,0,sem_glaucoma,completo
586,LAG,1062.jpg,glaucoma,0,sem_glaucoma,completo
587,LAG,1063.jpg,glaucoma,0,sem_glaucoma,completo
588,LAG,1066.jpg,glaucoma,0,sem_glaucoma,completo
589,LAG,1068.jpg,glaucoma,0,sem_glaucoma,completo
590,LAG,1071.jpg,glaucoma,0,sem_glaucoma,completo
591,LAG,1072.jpg,glaucoma,0,sem_glaucoma,completo
592,LAG,1073.jpg,glaucoma,0,sem_glaucoma,completo
593,LAG,1076.jpg,glaucoma,0,sem_glaucoma,completo
594,LAG,1079.jpg,glaucoma,0,sem_glaucoma,completo
595,LAG,1080.jpg,glaucoma,0,sem_glaucoma,completo
596,LAG,1081.jpg,glaucoma,0,sem_glaucoma,completo
597,LAG,1082.jpg,glaucoma,0,sem_glaucoma,completo
598,LAG,1083.jpg,glaucoma,0,sem_glaucoma,completo
599,LAG,1085.jpg,glaucoma,0,sem_glaucoma,completo
600,LAG,1089.jpg,glaucoma,0,sem_glaucoma,completo
601,LAG,1090.jpg,glaucoma,0,sem_glaucoma,completo
602,LAG,1092.jpg,glaucoma,0,sem_glaucoma,completo
603,LAG,1093.jpg,glaucoma,0,sem_glaucoma,completo
604,LAG,1094.jpg,glaucoma,0,sem_glaucoma,completo
605,LAG,1095.jpg,glaucoma,0,sem_glaucoma,completo
606,LAG,1096.jpg,glaucoma,0,sem_glaucoma,completo
607,LAG,1098.jpg,glaucoma,0,sem_glaucoma,completo
608,LAG,1099.jpg,glaucoma,0,sem_glaucoma,completo
609,LAG,1101.jpg,glaucoma,0,sem_glaucoma,completo
610,LAG,1102.jpg,glaucoma,0,sem_glaucoma,completo
611,LAG,1103.jpg,glaucoma,0,sem_glaucoma,completo
612,LAG,1109.jpg,glaucoma,0,sem_glaucoma,completo
613,LAG,1110.jpg,glaucoma,0,sem_glaucoma,completo
614,LAG,1111.jpg,glaucoma,0,sem_glaucoma,completo
615,LAG,1113.jpg,glaucoma,0,sem_glaucoma,completo
616,LAG,1115.jpg,glaucoma,0,sem_glaucoma,completo
617,LAG,1116.jpg,glaucoma,0,sem_glaucoma,completo
618,LAG,1118.jpg,glaucoma,0,sem_glaucoma,completo
619,LAG,1119.jpg,glaucoma,0,sem_glaucoma,completo
620,LAG,1120.jpg,glaucoma,0,sem_glaucoma,completo
621,LAG,1121.jpg,glaucoma,0,sem_glaucoma,completo
622,LAG,1122.jpg,glaucoma,0,sem_glaucoma,completo
623,LAG,1124.jpg,glaucoma,0,sem_glaucoma,completo
624,LAG,1127.jpg,glaucoma,0,sem_glaucoma,completo
625,LAG,1129.jpg,glaucoma,0,sem_glaucoma,completo
626,LAG,1134.jpg,glaucoma,0,sem_glaucoma,completo
627,LAG,1135.jpg,glaucoma,0,sem_glaucoma,completo
628,LAG,1136.jpg,glaucoma,0,sem_glaucoma,completo
629,LAG,1137.jpg,glaucoma,0,sem_glaucoma,completo
630,LAG,1139.jpg,glaucoma,0,sem_glaucoma,completo
631,LAG,1141.jpg,glaucoma,0,sem_glaucoma,completo
632,LAG,1142.jpg,glaucoma,0,sem_glaucoma,completo
633,LAG,1143.jpg,glaucoma,0,sem_glaucoma,completo
634,LAG,1144.jpg,glaucoma,0,sem_glaucoma,completo
635,LAG,1147.jpg,glaucoma,0,sem_glaucoma,completo
636,LAG,1149.jpg,glaucoma,0,sem_glaucoma,completo
637,LAG,1151.jpg,glaucoma,0,sem_glaucoma,completo
638,LAG,1152.jpg,glaucoma,0,sem_glaucoma,completo
639,LAG,1156.jpg,glaucoma,0,sem_glaucoma,completo
640,LAG,1158.jpg,glaucoma,0,sem_glaucoma,completo
641,LAG,1164.jpg,glaucoma,0,sem_glaucoma,completo
642,LAG,1165.jpg,glaucoma,0,sem_glaucoma,completo
643,LAG,1166.jpg,glaucoma,0,sem_glaucoma,completo
644,LAG,1167.jpg,glaucoma,0,sem_glaucoma,completo
645,LAG,1168.jpg,glaucoma,0,sem_glaucoma,completo
646,LAG,1170.jpg,glaucoma,0,sem_glaucoma,completo
647,LAG,1172.jpg,glaucoma,0,sem_glaucoma,completo
648,LAG,1179.jpg,glaucoma,0,sem_glaucoma,completo
649,LAG,1183.jpg,glaucoma,0,sem_glaucoma,completo
650,LAG,1184.jpg,glaucoma,0,sem_glaucoma,completo
651,LAG,1187.jpg,glaucoma,0,sem_glaucoma,completo
652,LAG,1188.jpg,glaucoma,0,sem_glaucoma,completo
653,LAG,1189.jpg,glaucoma,0,sem_glaucoma,completo
654,LAG,1190.jpg,glaucoma,0,sem_glaucoma,completo
655,LAG,1191.jpg,glaucoma,0,sem_glaucoma,completo
656,LAG,1194.jpg,glaucoma,0,sem_glaucoma,completo
657,LAG,1195.jpg,glaucoma,0,sem_glaucoma,completo
658,LAG,1196.jpg,glaucoma,0,sem_glaucoma,completo
659,LAG,1197.jpg,glaucoma,0,sem_glaucoma,completo
660,LAG,1199.jpg,glaucoma,0,sem_glaucoma,completo
661,LAG,1204.jpg,glaucoma,0,sem_glaucoma,completo
662,LAG,1206.jpg,glaucoma,0,sem_glaucoma,completo
663,LAG,1207.jpg,glaucoma,0,sem_glaucoma,completo
664,LAG,1209.jpg,glaucoma,0,sem_glaucoma,completo
665,LAG,1211.jpg,glaucoma,0,sem_glaucoma,completo
666,LAG,1215.jpg,glaucoma,0,sem_glaucoma,completo
667,LAG,1216.jpg,glaucoma,0,sem_glaucoma,completo
668,LAG,1217.jpg,glaucoma,0,sem_glaucoma,completo
669,LAG,1218.jpg,glaucoma,0,sem_glaucoma,completo
670,LAG,1220.jpg,glaucoma,0,sem_glaucoma,completo
671,LAG,1224.jpg,glaucoma,0,sem_glaucoma,completo
672,LAG,1226.jpg,glaucoma,0,sem_glaucoma,completo
673,LAG,1228.jpg,glaucoma,0,sem_glaucoma,completo
674,LAG,1230.jpg,glaucoma,0,sem_glaucoma,completo
675,LAG,1231.jpg,glaucoma,0,sem_glaucoma,completo
676,LAG,1232.jpg,glaucoma,0,sem_glaucoma,completo
677,LAG,1234.jpg,glaucoma,0,sem_glaucoma,completo
678,LAG,1235.jpg,glaucoma,0,sem_glaucoma,completo
679,LAG,1236.jpg,glaucoma,0,sem_glaucoma,completo
680,LAG,1239.jpg,glaucoma,0,sem_glaucoma,completo
681,LAG,1241.jpg,glaucoma,0,sem_glaucoma,completo
682,LAG,1242.jpg,glaucoma,0,sem_glaucoma,completo
683,LAG,1245.jpg,glaucoma,0,sem_glaucoma,completo
684,LAG,1248.jpg,glaucoma,0,sem_glaucoma,completo
685,LAG,1250.jpg,glaucoma,0,sem_glaucoma,completo
686,LAG,1251.jpg,glaucoma,0,sem_glaucoma,completo
687,LAG,1255.jpg,glaucoma,0,sem_glaucoma,completo
688,LAG,1257.jpg,glaucoma,0,sem_glaucoma,completo
689,LAG,1258.jpg,glaucoma,0,sem_glaucoma,completo
690,LAG,1259.jpg,glaucoma,0,sem_glaucoma,completo
691,LAG,1261.jpg,glaucoma,0,sem_glaucoma,completo
692,LAG,1262.jpg,glaucoma,0,sem_glaucoma,completo
693,LAG,1263.jpg,glaucoma,0,sem_glaucoma,completo
694,LAG,1264.jpg,glaucoma,0,sem_glaucoma,completo
695,LAG,1265.jpg,glaucoma,0,sem_glaucoma,completo
696,LAG,1266.jpg,glaucoma,0,sem_glaucoma,completo
697,LAG,1269.jpg,glaucoma,0,sem_glaucoma,completo
698,LAG,1271.jpg,glaucoma,0,sem_glaucoma,completo
699,LAG,1272.jpg,glaucoma,0,sem_glaucoma,completo
700,LAG,1273.jpg,glaucoma,0,sem_glaucoma,completo
701,LAG,1274.jpg,glaucoma,0,sem_glaucoma,completo
702,LAG,1277.jpg,glaucoma,0,sem_glaucoma,completo
703,LAG,1279.jpg,glaucoma,0,sem_glaucoma,completo
704,LAG,1282.jpg,glaucoma,0,sem_glaucoma,completo
705,LAG,1285.jpg,glaucoma,0,sem_glaucoma,completo
706,LAG,1287.jpg,glaucoma,0,sem_glaucoma,completo
707,LAG,1289.jpg,glaucoma,0,sem_glaucoma,completo
708,LAG,1292.jpg,glaucoma,0,sem_glaucoma,completo
709,LAG,1294.jpg,glaucoma,0,sem_glaucoma,completo
710,LAG,1295.jpg,glaucoma,0,sem_glaucoma,completo
711,LAG,1296.jpg,glaucoma,0,sem_glaucoma,completo
712,LAG,1297.jpg,glaucoma,0,sem_glaucoma,completo
713,LAG,1299.jpg,glaucoma,0,sem_glaucoma,completo
714,LAG,1301.jpg,glaucoma,0,sem_glaucoma,completo
715,LAG,1302.jpg,glaucoma,0,sem_glaucoma,completo
716,LAG,1303.jpg,glaucoma,0,sem_glaucoma,completo
717,LAG,1305.jpg,glaucoma,0,sem_glaucoma,completo
718,LAG,1306.jpg,glaucoma,0,sem_glaucoma,completo
719,LAG,1312.jpg,glaucoma,0,sem_glaucoma,completo
720,LAG,1315.jpg,glaucoma,0,sem_glaucoma,completo
721,LAG,1316.jpg,glaucoma,0,sem_glaucoma,completo
722,LAG,1319.jpg,glaucoma,0,sem_glaucoma,completo
723,LAG,1323.jpg,glaucoma,0,sem_glaucoma,completo
724,LAG,1325.jpg,glaucoma,0,sem_glaucoma,completo
725,LAG,1328.jpg,glaucoma,0,sem_glaucoma,completo
726,LAG,1329.jpg,glaucoma,0,sem_glaucoma,completo
727,LAG,1331.jpg,glaucoma,0,sem_glaucoma,completo
728,LAG,1332.jpg,glaucoma,0,sem_glaucoma,completo
729,LAG,1336.jpg,glaucoma,0,sem_glaucoma,completo
730,LAG,1337.jpg,glaucoma,0,sem_glaucoma,completo
731,LAG,1342.jpg,glaucoma,0,sem_glaucoma,completo
732,LAG,1343.jpg,glaucoma,0,sem_glaucoma,completo
733,LAG,1344.jpg,glaucoma,0,sem_glaucoma,completo
734,LAG,1345.jpg,glaucoma,0,sem_glaucoma,completo
735,LAG,1348.jpg,glaucoma,0,sem_glaucoma,completo
736,LAG,1349.jpg,glaucoma,0,sem_glaucoma,completo
737,LAG,1350.jpg,glaucoma,0,sem_glaucoma,completo
738,LAG,1353.jpg,glaucoma,0,sem_glaucoma,completo
739,LAG,1354.jpg,glaucoma,0,sem_glaucoma,completo
740,LAG,1356.jpg,glaucoma,0,sem_glaucoma,completo
741,LAG,1357.jpg,glaucoma,0,sem_glaucoma,completo
742,LAG,1359.jpg,glaucoma,0,sem_glaucoma,completo
743,LAG,1360.jpg,glaucoma,0,sem_glaucoma,completo
744,LAG,1361.jpg,glaucoma,0,sem_glaucoma,completo
745,LAG,1364.jpg,glaucoma,0,sem_glaucoma,completo
746,LAG,1365.jpg,glaucoma,0,sem_glaucoma,completo
747,LAG,1366.jpg,glaucoma,0,sem_glaucoma,completo
748,LAG,1367.jpg,glaucoma,0,sem_glaucoma,completo
749,LAG,1368.jpg,glaucoma,0,sem_glaucoma,completo
750,LAG,1369.jpg,glaucoma,0,sem_glaucoma,completo
751,LAG,1373.jpg,glaucoma,0,sem_glaucoma,completo
752,LAG,1374.jpg,glaucoma,0,sem_glaucoma,completo
753,LAG,1376.jpg,glaucoma,0,sem_glaucoma,completo
754,LAG,1377.jpg,glaucoma,0,sem_glaucoma,completo
755,LAG,1378.jpg,glaucoma,0,sem_glaucoma,completo
756,LAG,1379.jpg,glaucoma,0,sem_glaucoma,completo
757,LAG,1382.jpg,glaucoma,0,sem_glaucoma,completo
758,LAG,1384.jpg,glaucoma,0,sem_glaucoma,completo
759,LAG,1387.jpg,glaucoma,0,sem_glaucoma,completo
760,LAG,1390.jpg,glaucoma,0,sem_glaucoma,completo
761,LAG,1391.jpg,glaucoma,0,sem_glaucoma,completo
762,LAG,1393.jpg,glaucoma,0,sem_glaucoma,completo
763,LAG,1394.jpg,glaucoma,0,sem_glaucoma,completo
764,LAG,1399.jpg,glaucoma,0,sem_glaucoma,completo
765,LAG,1400.jpg,glaucoma,0,sem_glaucoma,completo
766,LAG,1401.jpg,glaucoma,0,sem_glaucoma,completo
767,LAG,1404.jpg,glaucoma,0,sem_glaucoma,completo
768,LAG,1406.jpg,glaucoma,0,sem_glaucoma,completo
769,LAG,1410.jpg,glaucoma,0,sem_glaucoma,completo
770,LAG,1411.jpg,glaucoma,0,sem_glaucoma,completo
771,LAG,1412.jpg,glaucoma,0,sem_glaucoma,completo
772,LAG,1413.jpg,glaucoma,0,sem_glaucoma,completo
773,LAG,1414.jpg,glaucoma,0,sem_glaucoma,completo
774,LAG,1418.jpg,glaucoma,0,sem_glaucoma,completo
775,LAG,1419.jpg,glaucoma,0,sem_glaucoma,completo
776,LAG,1421.jpg,glaucoma,0,sem_glaucoma,completo
777,LAG,1422.jpg,glaucoma,0,sem_glaucoma,completo
778,LAG,1423.jpg,glaucoma,0,sem_glaucoma,completo
779,LAG,1429.jpg,glaucoma,0,sem_glaucoma,completo
780,LAG,1431.jpg,glaucoma,0,sem_glaucoma,completo
781,LAG,1432.jpg,glaucoma,0,sem_glaucoma,completo
782,LAG,1434.jpg,glaucoma,0,sem_glaucoma,completo
783,LAG,1436.jpg,glaucoma,0,sem_glaucoma,completo
784,LAG,1440.jpg,glaucoma,0,sem_glaucoma,completo
785,LAG,1441.jpg,glaucoma,0,sem_glaucoma,completo
786,LAG,1443.jpg,glaucoma,0,sem_glaucoma,completo
787,LAG,1444.jpg,glaucoma,0,sem_glaucoma,completo
788,LAG,1445.jpg,glaucoma,0,sem_glaucoma,completo
789,LAG,1446.jpg,glaucoma,0,sem_glaucoma,completo
790,LAG,1449.jpg,glaucoma,0,sem_glaucoma,completo
791,LAG,1455.jpg,glaucoma,0,sem_glaucoma,completo
792,LAG,1457.jpg,glaucoma,0,sem_glaucoma,completo
793,LAG,1461.jpg,glaucoma,0,sem_glaucoma,completo
794,LAG,1462.jpg,glaucoma,0,sem_glaucoma,completo
795,LAG,1464.jpg,glaucoma,0,sem_glaucoma,completo
796,LAG,1466.jpg,glaucoma,0,sem_glaucoma,completo
797,LAG,1467.jpg,glaucoma,0,sem_glaucoma,completo
798,LAG,1470.jpg,glaucoma,0,sem_glaucoma,completo
799,LAG,1471.jpg,glaucoma,0,sem_glaucoma,completo
800,LAG,1474.jpg,glaucoma,0,sem_glaucoma,completo
801,LAG,1475.jpg,glaucoma,0,sem_glaucoma,completo
802,LAG,1476.jpg,glaucoma,0,sem_glaucoma,completo
803,LAG,1477.jpg,glaucoma,0,sem_glaucoma,completo
804,LAG,1479.jpg,glaucoma,0,sem_glaucoma,completo
805,LAG,1482.jpg,glaucoma,0,sem_glaucoma,completo
806,LAG,1484.jpg,glaucoma,0,sem_glaucoma,completo
807,LAG,1486.jpg,glaucoma,0,sem_glaucoma,completo
808,LAG,1489.jpg,glaucoma,0,sem_glaucoma,completo
809,LAG,1491.jpg,glaucoma,0,sem_glaucoma,completo
810,LAG,1496.jpg,glaucoma,0,sem_glaucoma,completo
811,LAG,1497.jpg,glaucoma,0,sem_glaucoma,completo
812,LAG,1499.jpg,glaucoma,0,sem_glaucoma,completo
813,LAG,1500.jpg,glaucoma,0,sem_glaucoma,completo
814,LAG,1501.jpg,glaucoma,0,sem_glaucoma,completo
815,LAG,1503.jpg,glaucoma,0,sem_glaucoma,completo
816,LAG,1504.jpg,glaucoma,0,sem_glaucoma,completo
817,LAG,1505.jpg,glaucoma,0,sem_glaucoma,completo
818,LAG,1509.jpg,glaucoma,0,sem_glaucoma,completo
819,LAG,1510.jpg,glaucoma,0,sem_glaucoma,completo
820,LAG,1512.jpg,glaucoma,0,sem_glaucoma,completo
821,LAG,1513.jpg,glaucoma,0,sem_glaucoma,completo
822,LAG,1514.jpg,glaucoma,0,sem_glaucoma,completo
823,LAG,1519.jpg,glaucoma,0,sem_glaucoma,completo
824,LAG,1520.jpg,glaucoma,0,sem_glaucoma,completo
825,LAG,1522.jpg,glaucoma,0,sem_glaucoma,completo
826,LAG,1523.jpg,glaucoma,0,sem_glaucoma,completo
827,LAG,1525.jpg,glaucoma,0,sem_glaucoma,completo
828,LAG,1526.jpg,glaucoma,0,sem_glaucoma,completo
829,LAG,1527.jpg,glaucoma,0,sem_glaucoma,completo
830,LAG,1530.jpg,glaucoma,0,sem_glaucoma,completo
831,LAG,1533.jpg,glaucoma,0,sem_glaucoma,completo
832,LAG,1535.jpg,glaucoma,0,sem_glaucoma,completo
833,LAG,1538.jpg,glaucoma,0,sem_glaucoma,completo
834,LAG,1540.jpg,glaucoma,0,sem_glaucoma,completo
835,LAG,1541.jpg,glaucoma,0,sem_glaucoma,completo
836,LAG,1542.jpg,glaucoma,0,sem_glaucoma,completo
837,LAG,1549.jpg,glaucoma,0,sem_glaucoma,completo
838,LAG,1550.jpg,glaucoma,0,sem_glaucoma,completo
839,LAG,1553.jpg,glaucoma,0,sem_glaucoma,completo
840,LAG,1555.jpg,glaucoma,0,sem_glaucoma,completo
841,LAG,1557.jpg,glaucoma,0,sem_glaucoma,completo
842,LAG,1559.jpg,glaucoma,0,sem_glaucoma,completo
843,LAG,1562.jpg,glaucoma,0,sem_glaucoma,completo
844,LAG,1565.jpg,glaucoma,0,sem_glaucoma,completo
845,LAG,1566.jpg,glaucoma,0,sem_glaucoma,completo
846,LAG,1567.jpg,glaucoma,0,sem_glaucoma,completo
847,LAG,1568.jpg,glaucoma,0,sem_glaucoma,completo
848,LAG,1570.jpg,glaucoma,0,sem_glaucoma,completo
849,LAG,1571.jpg,glaucoma,0,sem_glaucoma,completo
850,LAG,1573.jpg,glaucoma,0,sem_glaucoma,completo
851,LAG,1574.jpg,glaucoma,0,sem_glaucoma,completo
852,LAG,1575.jpg,glaucoma,0,sem_glaucoma,completo
853,LAG,1576.jpg,glaucoma,0,sem_glaucoma,completo
854,LAG,1578.jpg,glaucoma,0,sem_glaucoma,completo
855,LAG,1579.jpg,glaucoma,0,sem_glaucoma,completo
856,LAG,1580.jpg,glaucoma,0,sem_glaucoma,completo
857,LAG,1581.jpg,glaucoma,0,sem_glaucoma,completo
858,LAG,1582.jpg,glaucoma,0,sem_glaucoma,completo
859,LAG,1587.jpg,glaucoma,0,sem_glaucoma,completo
860,LAG,1588.jpg,glaucoma,0,sem_glaucoma,completo
861,LAG,1589.jpg,glaucoma,0,sem_glaucoma,completo
862,LAG,1591.jpg,glaucoma,0,sem_glaucoma,completo
863,LAG,1593.jpg,glaucoma,0,sem_glaucoma,completo
864,LAG,1594.jpg,glaucoma,0,sem_glaucoma,completo
865,LAG,1596.jpg,glaucoma,0,sem_glaucoma,completo
866,LAG,1601.jpg,glaucoma,0,sem_glaucoma,completo
867,LAG,1602.jpg,glaucoma,0,sem_glaucoma,completo
868,LAG,1603.jpg,glaucoma,0,sem_glaucoma,completo
869,LAG,1604.jpg,glaucoma,0,sem_glaucoma,completo
870,LAG,1607.jpg,glaucoma,0,sem_glaucoma,completo
871,LAG,1609.jpg,glaucoma,0,sem_glaucoma,completo
872,LAG,1611.jpg,glaucoma,0,sem_glaucoma,completo
873,LAG,1612.jpg,glaucoma,0,sem_glaucoma,completo
874,LAG,1614.jpg,glaucoma,0,sem_glaucoma,completo
875,LAG,1615.jpg,glaucoma,0,sem_glaucoma,completo
876,LAG,1622.jpg,glaucoma,0,sem_glaucoma,completo
877,LAG,1623.jpg,glaucoma,0,sem_glaucoma,completo
878,LAG,1624.jpg,glaucoma,0,sem_glaucoma,completo
879,LAG,1625.jpg,glaucoma,0,sem_glaucoma,completo
880,LAG,1626.jpg,glaucoma,0,sem_glaucoma,completo
881,LAG,1627.jpg,glaucoma,0,sem_glaucoma,completo
882,LAG,1628.jpg,glaucoma,0,sem_glaucoma,completo
883,LAG,1629.jpg,glaucoma,0,sem_glaucoma,completo
884,LAG,1633.jpg,glaucoma,0,sem_glaucoma,completo
885,LAG,1635.jpg,glaucoma,0,sem_glaucoma,completo
886,LAG,1637.jpg,glaucoma,0,sem_glaucoma,completo
887,LAG,1640.jpg,glaucoma,0,sem_glaucoma,completo
888,LAG,1642.jpg,glaucoma,0,sem_glaucoma,completo
889,LAG,1643.jpg,glaucoma,0,sem_glaucoma,completo
890,LAG,1645.jpg,glaucoma,0,sem_glaucoma,completo
891,LAG,1646.jpg,glaucoma,0,sem_glaucoma,completo
892,LAG,1648.jpg,glaucoma,0,sem_glaucoma,completo
893,LAG,1655.jpg,glaucoma,0,sem_glaucoma,completo
894,LAG,1657.jpg,glaucoma,0,sem_glaucoma,completo
895,LAG,1660.jpg,glaucoma,0,sem_glaucoma,completo
896,LAG,1661.jpg,glaucoma,0,sem_glaucoma,completo
897,LAG,1663.jpg,glaucoma,0,sem_glaucoma,completo
898,LAG,1664.jpg,glaucoma,0,sem_glaucoma,completo
899,LAG,1665.jpg,glaucoma,0,sem_glaucoma,completo
900,LAG,1667.jpg,glaucoma,0,sem_glaucoma,completo
901,LAG,1669.jpg,glaucoma,0,sem_glaucoma,completo
902,LAG,1673.jpg,glaucoma,0,sem_glaucoma,completo
903,LAG,1675.jpg,glaucoma,0,sem_glaucoma,completo
904,LAG,1676.jpg,glaucoma,0,sem_glaucoma,completo
905,LAG,1678.jpg,glaucoma,0,sem_glaucoma,completo
906,LAG,1679.jpg,glaucoma,0,sem_glaucoma,completo
907,LAG,1682.jpg,glaucoma,0,sem_glaucoma,completo
908,LAG,1683.jpg,glaucoma,0,sem_glaucoma,completo
909,LAG,1684.jpg,glaucoma,0,sem_glaucoma,completo
910,LAG,1685.jpg,glaucoma,0,sem_glaucoma,completo
911,LAG,1686.jpg,glaucoma,0,sem_glaucoma,completo
912,LAG,1688.jpg,glaucoma,0,sem_glaucoma,completo
913,LAG,1690.jpg,glaucoma,0,sem_glaucoma,completo
914,LAG,1693.jpg,glaucoma,0,sem_glaucoma,completo
915,LAG,1698.jpg,glaucoma,0,sem_glaucoma,completo
916,LAG,1699.jpg,glaucoma,0,sem_glaucoma,completo
917,LAG,1705.jpg,glaucoma,0,sem_glaucoma,completo
918,LAG,1707.jpg,glaucoma,0,sem_glaucoma,completo
919,LAG,1708.jpg,glaucoma,0,sem_glaucoma,completo
920,LAG,1709.jpg,glaucoma,0,sem_glaucoma,completo
921,LAG,1712.jpg,glaucoma,0,sem_glaucoma,completo
922,LAG,1717.jpg,glaucoma,0,sem_glaucoma,completo
923,LAG,1722.jpg,glaucoma,0,sem_glaucoma,completo
924,LAG,1724.jpg,glaucoma,0,sem_glaucoma,completo
925,LAG,1726.jpg,glaucoma,0,sem_glaucoma,completo
926,LAG,1727.jpg,glaucoma,0,sem_glaucoma,completo
927,LAG,1731.jpg,glaucoma,0,sem_glaucoma,completo
928,LAG,1734.jpg,glaucoma,0,sem_glaucoma,completo
929,LAG,1737.jpg,glaucoma,0,sem_glaucoma,completo
930,LAG,1739.jpg,glaucoma,0,sem_glaucoma,completo
931,LAG,1741.jpg,glaucoma,0,sem_glaucoma,completo
932,LAG,1742.jpg,glaucoma,0,sem_glaucoma,completo
933,LAG,1745.jpg,glaucoma,0,sem_glaucoma,completo
934,LAG,1746.jpg,glaucoma,0,sem_glaucoma,completo
935,LAG,1747.jpg,glaucoma,0,sem_glaucoma,completo
936,LAG,1748.jpg,glaucoma,0,sem_glaucoma,completo
937,LAG,1749.jpg,glaucoma,0,sem_glaucoma,completo
938,LAG,1750.jpg,glaucoma,0,sem_glaucoma,completo
939,LAG,1751.jpg,glaucoma,0,sem_glaucoma,completo
940,LAG,1752.jpg,glaucoma,0,sem_glaucoma,completo
941,LAG,1754.jpg,glaucoma,0,sem_glaucoma,completo
942,LAG,1755.jpg,glaucoma,0,sem_glaucoma,completo
943,LAG,1758.jpg,glaucoma,0,sem_glaucoma,completo
944,LAG,1761.jpg,glaucoma,0,sem_glaucoma,completo
945,LAG,1762.jpg,glaucoma,0,sem_glaucoma,completo
946,LAG,1763.jpg,glaucoma,0,sem_glaucoma,completo
947,LAG,1765.jpg,glaucoma,0,sem_glaucoma,completo
948,LAG,1767.jpg,glaucoma,0,sem_glaucoma,completo
949,LAG,1769.jpg,glaucoma,0,sem_glaucoma,completo
950,LAG,1771.jpg,glaucoma,0,sem_glaucoma,completo
951,LAG,1772.jpg,glaucoma,0,sem_glaucoma,completo
952,LAG,1773.jpg,glaucoma,0,sem_glaucoma,completo
953,LAG,1774.jpg,glaucoma,0,sem_glaucoma,completo
954,LAG,1776.jpg,glaucoma,0,sem_glaucoma,completo
955,LAG,1777.jpg,glaucoma,0,sem_glaucoma,completo
956,LAG,1779.jpg,glaucoma,0,sem_glaucoma,completo
957,LAG,1782.jpg,glaucoma,0,sem_glaucoma,completo
958,LAG,1784.jpg,glaucoma,0,sem_glaucoma,completo
959,LAG,1785.jpg,glaucoma,0,sem_glaucoma,completo
960,LAG,1786.jpg,glaucoma,0,sem_glaucoma,completo
961,LAG,1788.jpg,glaucoma,0,sem_glaucoma,completo
962,LAG,1789.jpg,glaucoma,0,sem_glaucoma,completo
963,LAG,1792.jpg,glaucoma,0,sem_glaucoma,completo
964,LAG,1793.jpg,glaucoma,0,sem_glaucoma,completo
965,LAG,1794.jpg,glaucoma,0,sem_glaucoma,completo
966,LAG,1795.jpg,glaucoma,0,sem_glaucoma,completo
967,LAG,1796.jpg,glaucoma,0,sem_glaucoma,completo
968,LAG,1797.jpg,glaucoma,0,sem_glaucoma,completo
969,LAG,1799.jpg,glaucoma,0,sem_glaucoma,completo
970,LAG,1805.jpg,glaucoma,0,sem_glaucoma,completo
971,LAG,1806.jpg,glaucoma,0,sem_glaucoma,completo
972,LAG,1810.jpg,glaucoma,0,sem_glaucoma,completo
973,LAG,1812.jpg,glaucoma,0,sem_glaucoma,completo
974,LAG,1815.jpg,glaucoma,0,sem_glaucoma,completo
975,LAG,1817.jpg,glaucoma,0,sem_glaucoma,completo
976,LAG,1818.jpg,glaucoma,0,sem_glaucoma,completo
977,LAG,1819.jpg,glaucoma,0,sem_glaucoma,completo
978,LAG,1820.jpg,glaucoma,0,sem_glaucoma,completo
979,LAG,1822.jpg,glaucoma,0,sem_glaucoma,completo
980,LAG,1824.jpg,glaucoma,0,sem_glaucoma,completo
981,LAG,1825.jpg,glaucoma,0,sem_glaucoma,completo
982,LAG,1827.jpg,glaucoma,0,sem_glaucoma,completo
983,LAG,1829.jpg,glaucoma,0,sem_glaucoma,completo
984,LAG,1830.jpg,glaucoma,0,sem_glaucoma,completo
985,LAG,1831.jpg,glaucoma,0,sem_glaucoma,completo
986,LAG,1832.jpg,glaucoma,0,sem_glaucoma,completo
987,LAG,1833.jpg,glaucoma,0,sem_glaucoma,completo
988,LAG,1834.jpg,glaucoma,0,sem_glaucoma,completo
989,LAG,1835.jpg,glaucoma,0,sem_glaucoma,completo
990,LAG,1836.jpg,glaucoma,0,sem_glaucoma,completo
991,LAG,1837.jpg,glaucoma,0,sem_glaucoma,completo
992,LAG,1838.jpg,glaucoma,0,sem_glaucoma,completo
993,LAG,1839.jpg,glaucoma,0,sem_glaucoma,completo
994,LAG,1840.jpg,glaucoma,0,sem_glaucoma,completo
995,LAG,1842.jpg,glaucoma,0,sem_glaucoma,completo
996,LAG,1843.jpg,glaucoma,0,sem_glaucoma,completo
997,LAG,1845.jpg,glaucoma,0,sem_glaucoma,completo
998,LAG,1846.jpg,glaucoma,0,sem_glaucoma,completo
999,LAG,1847.jpg,glaucoma,0,sem_glaucoma,completo
1000,LAG,1850.jpg,glaucoma,0,sem_glaucoma,completo
1001,LAG,1851.jpg,glaucoma,0,sem_glaucoma,completo
1002,LAG,1852.jpg,glaucoma,0,sem_glaucoma,completo
1003,LAG,1856.jpg,glaucoma,0,sem_glaucoma,completo
1004,LAG,1857.jpg,glaucoma,0,sem_glaucoma,completo
1005,LAG,1858.jpg,glaucoma,0,sem_glaucoma,completo
1006,LAG,1860.jpg,glaucoma,0,sem_glaucoma,completo
1007,LAG,1865.jpg,glaucoma,0,sem_glaucoma,completo
1008,LAG,1867.jpg,glaucoma,0,sem_glaucoma,completo
1009,LAG,1868.jpg,glaucoma,0,sem_glaucoma,completo
1010,LAG,1870.jpg,glaucoma,0,sem_glaucoma,completo
1011,LAG,1871.jpg,glaucoma,0,sem_glaucoma,completo
1012,LAG,1872.jpg,glaucoma,0,sem_glaucoma,completo
1013,LAG,1873.jpg,glaucoma,0,sem_glaucoma,completo
1014,LAG,1874.jpg,glaucoma,0,sem_glaucoma,completo
1015,LAG,1877.jpg,glaucoma,0,sem_glaucoma,completo
1016,LAG,1880.jpg,glaucoma,0,sem_glaucoma,completo
1017,LAG,1881.jpg,glaucoma,0,sem_glaucoma,completo
1018,LAG,1883.jpg,glaucoma,0,sem_glaucoma,completo
1019,LAG,1884.jpg,glaucoma,0,sem_glaucoma,completo
1020,LAG,1885.jpg,glaucoma,0,sem_glaucoma,completo
1021,LAG,1886.jpg,glaucoma,0,sem_glaucoma,completo
1022,LAG,1887.jpg,glaucoma,0,sem_glaucoma,completo
1023,LAG,1888.jpg,glaucoma,0,sem_glaucoma,completo
1024,LAG,1890.jpg,glaucoma,0,sem_glaucoma,completo
1025,LAG,1894.jpg,glaucoma,0,sem_glaucoma,completo
1026,LAG,1895.jpg,glaucoma,0,sem_glaucoma,completo
1027,LAG,1900.jpg,glaucoma,0,sem_glaucoma,completo
1028,LAG,1901.jpg,glaucoma,0,sem_glaucoma,completo
1029,LAG,1902.jpg,glaucoma,0,sem_glaucoma,completo
1030,LAG,1903.jpg,glaucoma,0,sem_glaucoma,completo
1031,LAG,1904.jpg,glaucoma,0,sem_glaucoma,completo
1032,LAG,1905.jpg,glaucoma,0,sem_glaucoma,completo
1033,LAG,1907.jpg,glaucoma,0,sem_glaucoma,completo
1034,LAG,1908.jpg,glaucoma,0,sem_glaucoma,completo
1035,LAG,1909.jpg,glaucoma,0,sem_glaucoma,completo
1036,LAG,1911.jpg,glaucoma,0,sem_glaucoma,completo
1037,LAG,1918.jpg,glaucoma,0,sem_glaucoma,completo
1038,LAG,1919.jpg,glaucoma,0,sem_glaucoma,completo
1039,LAG,1920.jpg,glaucoma,0,sem_glaucoma,completo
1040,LAG,1921.jpg,glaucoma,0,sem_glaucoma,completo
1041,LAG,1922.jpg,glaucoma,0,sem_glaucoma,completo
1042,LAG,1925.jpg,glaucoma,0,sem_glaucoma,completo
1043,LAG,1927.jpg,glaucoma,0,sem_glaucoma,completo
1044,LAG,1929.jpg,glaucoma,0,sem_glaucoma,completo
1045,LAG,1930.jpg,glaucoma,0,sem_glaucoma,completo
1046,LAG,1931.jpg,glaucoma,0,sem_glaucoma,completo
1047,LAG,1934.jpg,glaucoma,0,sem_glaucoma,completo
1048,LAG,1936.jpg,glaucoma,0,sem_glaucoma,completo
1049,LAG,1937.jpg,glaucoma,0,sem_glaucoma,completo
1050,LAG,1939.jpg,glaucoma,0,sem_glaucoma,completo
1051,LAG,1940.jpg,glaucoma,0,sem_glaucoma,completo
1052,LAG,1941.jpg,glaucoma,0,sem_glaucoma,completo
1053,LAG,1942.jpg,glaucoma,0,sem_glaucoma,completo
1054,LAG,1944.jpg,glaucoma,0,sem_glaucoma,completo
1055,LAG,1948.jpg,glaucoma,0,sem_glaucoma,completo
1056,LAG,1949.jpg,glaucoma,0,sem_glaucoma,completo
1057,LAG,1951.jpg,glaucoma,0,sem_glaucoma,completo
1058,LAG,1955.jpg,glaucoma,0,sem_glaucoma,completo
1059,LAG,1956.jpg,glaucoma,0,sem_glaucoma,completo
1060,LAG,1957.jpg,glaucoma,0,sem_glaucoma,completo
1061,LAG,1958.jpg,glaucoma,0,sem_glaucoma,completo
1062,LAG,1959.jpg,glaucoma,0,sem_glaucoma,completo
1063,LAG,1961.jpg,glaucoma,0,sem_glaucoma,completo
1064,LAG,1963.jpg,glaucoma,0,sem_glaucoma,completo
1065,LAG,1967.jpg,glaucoma,0,sem_glaucoma,completo
1066,LAG,1968.jpg,glaucoma,0,sem_glaucoma,completo
1067,LAG,1970.jpg,glaucoma,0,sem_glaucoma,completo
1068,LAG,1972.jpg,glaucoma,0,sem_glaucoma,completo
1069,LAG,1974.jpg,glaucoma,0,sem_glaucoma,completo
1070,LAG,1981.jpg,glaucoma,0,sem_glaucoma,completo
1071,LAG,1983.jpg,glaucoma,0,sem_glaucoma,completo
1072,LAG,1984.jpg,glaucoma,0,sem_glaucoma,completo
1073,LAG,1985.jpg,glaucoma,0,sem_glaucoma,completo
1074,LAG,1986.jpg,glaucoma,0,sem_glaucoma,completo
1075,LAG,1987.jpg,glaucoma,0,sem_glaucoma,completo
1076,LAG,1990.jpg,glaucoma,0,sem_glaucoma,completo
1077,LAG,1991.jpg,glaucoma,0,sem_glaucoma,completo
1078,LAG,1992.jpg,glaucoma,0,sem_glaucoma,completo
1079,LAG,1994.jpg,glaucoma,0,sem_glaucoma,completo
1080,LAG,1996.jpg,glaucoma,0,sem_glaucoma,completo
1081,LAG,2000.jpg,glaucoma,0,sem_glaucoma,completo
1082,LAG,2001.jpg,glaucoma,0,sem_glaucoma,completo
1083,LAG,2002.jpg,glaucoma,0,sem_glaucoma,completo
1084,LAG,2004.jpg,glaucoma,0,sem_glaucoma,completo
1085,LAG,2005.jpg,glaucoma,0,sem_glaucoma,completo
1086,LAG,2006.jpg,glaucoma,0,sem_glaucoma,completo
1087,LAG,2010.jpg,glaucoma,0,sem_glaucoma,completo
1088,LAG,2011.jpg,glaucoma,0,sem_glaucoma,completo
1089,LAG,2012.jpg,glaucoma,0,sem_glaucoma,completo
1090,LAG,2013.jpg,glaucoma,0,sem_glaucoma,completo
1091,LAG,2016.jpg,glaucoma,0,sem_glaucoma,completo
1092,LAG,2023.jpg,glaucoma,0,sem_glaucoma,completo
1093,LAG,2025.jpg,glaucoma,0,sem_glaucoma,completo
1094,LAG,2027.jpg,glaucoma,0,sem_glaucoma,completo
1095,LAG,2029.jpg,glaucoma,0,sem_glaucoma,completo
1096,LAG,2030.jpg,glaucoma,0,sem_glaucoma,completo
1097,LAG,2033.jpg,glaucoma,0,sem_glaucoma,completo
1098,LAG,2034.jpg,glaucoma,0,sem_glaucoma,completo
1099,LAG,2035.jpg,glaucoma,0,sem_glaucoma,completo
1100,LAG,2037.jpg,glaucoma,0,sem_glaucoma,completo
1101,LAG,2039.jpg,glaucoma,0,sem_glaucoma,completo
1102,LAG,2041.jpg,glaucoma,0,sem_glaucoma,completo
1103,LAG,2042.jpg,glaucoma,0,sem_glaucoma,completo
1104,LAG,2043.jpg,glaucoma,0,sem_glaucoma,completo
1105,LAG,2044.jpg,glaucoma,0,sem_glaucoma,completo
1106,LAG,2046.jpg,glaucoma,0,sem_glaucoma,completo
1107,LAG,2050.jpg,glaucoma,0,sem_glaucoma,completo
1108,LAG,2052.jpg,glaucoma,0,sem_glaucoma,completo
1109,LAG,2053.jpg,glaucoma,0,sem_glaucoma,completo
1110,LAG,2055.jpg,glaucoma,0,sem_glaucoma,completo
1111,LAG,2058.jpg,glaucoma,0,sem_glaucoma,completo
1112,LAG,2060.jpg,glaucoma,0,sem_glaucoma,completo
1113,LAG,2061.jpg,glaucoma,0,sem_glaucoma,completo
1114,LAG,2062.jpg,glaucoma,0,sem_glaucoma,completo
1115,LAG,2063.jpg,glaucoma,0,sem_glaucoma,completo
1116,LAG,2067.jpg,glaucoma,0,sem_glaucoma,completo
1117,LAG,2068.jpg,glaucoma,0,sem_glaucoma,completo
1118,LAG,2069.jpg,glaucoma,0,sem_glaucoma,completo
1119,LAG,2071.jpg,glaucoma,0,sem_glaucoma,completo
1120,LAG,2074.jpg,glaucoma,0,sem_glaucoma,completo
1121,LAG,2076.jpg,glaucoma,0,sem_glaucoma,completo
1122,LAG,2077.jpg,glaucoma,0,sem_glaucoma,completo
1123,LAG,2078.jpg,glaucoma,0,sem_glaucoma,completo
1124,LAG,2079.jpg,glaucoma,0,sem_glaucoma,completo
1125,LAG,2080.jpg,glaucoma,0,sem_glaucoma,completo
1126,LAG,2081.jpg,glaucoma,0,sem_glaucoma,completo
1127,LAG,2082.jpg,glaucoma,0,sem_glaucoma,completo
1128,LAG,2084.jpg,glaucoma,0,sem_glaucoma,completo
1129,LAG,2086.jpg,glaucoma,0,sem_glaucoma,completo
1130,LAG,2088.jpg,glaucoma,0,sem_glaucoma,completo
1131,LAG,2089.jpg,glaucoma,0,sem_glaucoma,completo
1132,LAG,2092.jpg,glaucoma,0,sem_glaucoma,completo
1133,LAG,2095.jpg,glaucoma,0,sem_glaucoma,completo
1134,LAG,2097.jpg,glaucoma,0,sem_glaucoma,completo
1135,LAG,2101.jpg,glaucoma,0,sem_glaucoma,completo
1136,LAG,2105.jpg,glaucoma,0,sem_glaucoma,completo
1137,LAG,2106.jpg,glaucoma,0,sem_glaucoma,completo
1138,LAG,2109.jpg,glaucoma,0,sem_glaucoma,completo
1139,LAG,2110.jpg,glaucoma,0,sem_glaucoma,completo
1140,LAG,2111.jpg,glaucoma,0,sem_glaucoma,completo
1141,LAG,2112.jpg,glaucoma,0,sem_glaucoma,completo
1142,LAG,2113.jpg,glaucoma,0,sem_glaucoma,completo
1143,LAG,2114.jpg,glaucoma,0,sem_glaucoma,completo
1144,LAG,2118.jpg,glaucoma,0,sem_glaucoma,completo
1145,LAG,2120.jpg,glaucoma,0,sem_glaucoma,completo
1146,LAG,2125.jpg,glaucoma,0,sem_glaucoma,completo
1147,LAG,2131.jpg,glaucoma,0,sem_glaucoma,completo
1148,LAG,2132.jpg,glaucoma,0,sem_glaucoma,completo
1149,LAG,2138.jpg,glaucoma,0,sem_glaucoma,completo
1150,LAG,2143.jpg,glaucoma,0,sem_glaucoma,completo
1151,LAG,2144.jpg,glaucoma,0,sem_glaucoma,completo
1152,LAG,2146.jpg,glaucoma,0,sem_glaucoma,completo
1153,LAG,2148.jpg,glaucoma,0,sem_glaucoma,completo
1154,LAG,2149.jpg,glaucoma,0,sem_glaucoma,completo
1155,LAG,2151.jpg,glaucoma,0,sem_glaucoma,completo
1156,LAG,2155.jpg,glaucoma,0,sem_glaucoma,completo
1157,LAG,2157.jpg,glaucoma,0,sem_glaucoma,completo
1158,LAG,2160.jpg,glaucoma,0,sem_glaucoma,completo
1159,LAG,2161.jpg,glaucoma,0,sem_glaucoma,completo
1160,LAG,2162.jpg,glaucoma,0,sem_glaucoma,completo
1161,LAG,2163.jpg,glaucoma,0,sem_glaucoma,completo
1162,LAG,2165.jpg,glaucoma,0,sem_glaucoma,completo
1163,LAG,2166.jpg,glaucoma,0,sem_glaucoma,completo
1164,LAG,2167.jpg,glaucoma,0,sem_glaucoma,completo
1165,LAG,2169.jpg,glaucoma,0,sem_glaucoma,completo
1166,LAG,2170.jpg,glaucoma,0,sem_glaucoma,completo
1167,LAG,2171.jpg,glaucoma,0,sem_glaucoma,completo
1168,LAG,2172.jpg,glaucoma,0,sem_glaucoma,completo
1169,LAG,2173.jpg,glaucoma,0,sem_glaucoma,completo
1170,LAG,2174.jpg,glaucoma,0,sem_glaucoma,completo
1171,LAG,2177.jpg,glaucoma,0,sem_glaucoma,completo
1172,LAG,2178.jpg,glaucoma,0,sem_glaucoma,completo
1173,LAG,2179.jpg,glaucoma,0,sem_glaucoma,completo
1174,LAG,2180.jpg,glaucoma,0,sem_glaucoma,completo
1175,LAG,2182.jpg,glaucoma,0,sem_glaucoma,completo
1176,LAG,2185.jpg,glaucoma,0,sem_glaucoma,completo
1177,LAG,2186.jpg,glaucoma,0,sem_glaucoma,completo
1178,LAG,2189.jpg,glaucoma,0,sem_glaucoma,completo
1179,LAG,2191.jpg,glaucoma,0,sem_glaucoma,completo
1180,LAG,2193.jpg,glaucoma,0,sem_glaucoma,completo
1181,LAG,2195.jpg,glaucoma,0,sem_glaucoma,completo
1182,LAG,2196.jpg,glaucoma,0,sem_glaucoma,completo
1183,LAG,2197.jpg,glaucoma,0,sem_glaucoma,completo
1184,LAG,2198.jpg,glaucoma,0,sem_glaucoma,completo
1185,LAG,2199.jpg,glaucoma,0,sem_glaucoma,completo
1186,LAG,2200.jpg,glaucoma,0,sem_glaucoma,completo
1187,LAG,2201.jpg,glaucoma,0,sem_glaucoma,completo
1188,LAG,2202.jpg,glaucoma,0,sem_glaucoma,completo
1189,LAG,2203.jpg,glaucoma,0,sem_glaucoma,completo
1190,LAG,2204.jpg,glaucoma,0,sem_glaucoma,completo
1191,LAG,2206.jpg,glaucoma,0,sem_glaucoma,completo
1192,LAG,2208.jpg,glaucoma,0,sem_glaucoma,completo
1193,LAG,2209.jpg,glaucoma,0,sem_glaucoma,completo
1194,LAG,2212.jpg,glaucoma,0,sem_glaucoma,completo
1195,LAG,2217.jpg,glaucoma,0,sem_glaucoma,completo
1196,LAG,2218.jpg,glaucoma,0,sem_glaucoma,completo
1197,LAG,2220.jpg,glaucoma,0,sem_glaucoma,completo
1198,LAG,2222.jpg,glaucoma,0,sem_glaucoma,completo
1199,LAG,2223.jpg,glaucoma,0,sem_glaucoma,completo
1200,LAG,2224.jpg,glaucoma,0,sem_glaucoma,completo
1201,LAG,2226.jpg,glaucoma,0,sem_glaucoma,completo
1202,LAG,2229.jpg,glaucoma,0,sem_glaucoma,completo
1203,LAG,2231.jpg,glaucoma,0,sem_glaucoma,completo
1204,LAG,2232.jpg,glaucoma,0,sem_glaucoma,completo
1205,LAG,2233.jpg,glaucoma,0,sem_glaucoma,completo
1206,LAG,2235.jpg,glaucoma,0,sem_glaucoma,completo
1207,LAG,2238.jpg,glaucoma,0,sem_glaucoma,completo
1208,LAG,2239.jpg,glaucoma,0,sem_glaucoma,completo
1209,LAG,2241.jpg,glaucoma,0,sem_glaucoma,completo
1210,LAG,2244.jpg,glaucoma,0,sem_glaucoma,completo
1211,LAG,2245.jpg,glaucoma,0,sem_glaucoma,completo
1212,LAG,2247.jpg,glaucoma,0,sem_glaucoma,completo
1213,LAG,2248.jpg,glaucoma,0,sem_glaucoma,completo
1214,LAG,2249.jpg,glaucoma,0,sem_glaucoma,completo
1215,LAG,2251.jpg,glaucoma,0,sem_glaucoma,completo
1216,LAG,2252.jpg,glaucoma,0,sem_glaucoma,completo
1217,LAG,2253.jpg,glaucoma,0,sem_glaucoma,completo
1218,LAG,2260.jpg,glaucoma,0,sem_glaucoma,completo
1219,LAG,2261.jpg,glaucoma,0,sem_glaucoma,completo
1220,LAG,2263.jpg,glaucoma,0,sem_glaucoma,completo
1221,LAG,2264.jpg,glaucoma,0,sem_glaucoma,completo
1222,LAG,2265.jpg,glaucoma,0,sem_glaucoma,completo
1223,LAG,2266.jpg,glaucoma,0,sem_glaucoma,completo
1224,LAG,2269.jpg,glaucoma,0,sem_glaucoma,completo
1225,LAG,2271.jpg,glaucoma,0,sem_glaucoma,completo
1226,LAG,2274.jpg,glaucoma,0,sem_glaucoma,completo
1227,LAG,2279.jpg,glaucoma,0,sem_glaucoma,completo
1228,LAG,2281.jpg,glaucoma,0,sem_glaucoma,completo
1229,LAG,2282.jpg,glaucoma,0,sem_glaucoma,completo
1230,LAG,2286.jpg,glaucoma,0,sem_glaucoma,completo
1231,LAG,2287.jpg,glaucoma,0,sem_glaucoma,completo
1232,LAG,2291.jpg,glaucoma,0,sem_glaucoma,completo
1233,LAG,2292.jpg,glaucoma,0,sem_glaucoma,completo
1234,LAG,2293.jpg,glaucoma,0,sem_glaucoma,completo
1235,LAG,2295.jpg,glaucoma,0,sem_glaucoma,completo
1236,LAG,2297.jpg,glaucoma,0,sem_glaucoma,completo
1237,LAG,2298.jpg,glaucoma,0,sem_glaucoma,completo
1238,LAG,2299.jpg,glaucoma,0,sem_glaucoma,completo
1239,LAG,2302.jpg,glaucoma,0,sem_glaucoma,completo
1240,LAG,2304.jpg,glaucoma,0,sem_glaucoma,completo
1241,LAG,2305.jpg,glaucoma,0,sem_glaucoma,completo
1242,LAG,2306.jpg,glaucoma,0,sem_glaucoma,completo
1243,LAG,2307.jpg,glaucoma,0,sem_glaucoma,completo
1244,LAG,2308.jpg,glaucoma,0,sem_glaucoma,completo
1245,LAG,2309.jpg,glaucoma,0,sem_glaucoma,completo
1246,LAG,2311.jpg,glaucoma,0,sem_glaucoma,completo
1247,LAG,2312.jpg,glaucoma,0,sem_glaucoma,completo
1248,LAG,2313.jpg,glaucoma,0,sem_glaucoma,completo
1249,LAG,2317.jpg,glaucoma,0,sem_glaucoma,completo
1250,LAG,2318.jpg,glaucoma,0,sem_glaucoma,completo
1251,LAG,2319.jpg,glaucoma,0,sem_glaucoma,completo
1252,LAG,2320.jpg,glaucoma,0,sem_glaucoma,completo
1253,LAG,2322.jpg,glaucoma,0,sem_glaucoma,completo
1254,LAG,2323.jpg,glaucoma,0,sem_glaucoma,completo
1255,LAG,2326.jpg,glaucoma,0,sem_glaucoma,completo
1256,LAG,2327.jpg,glaucoma,0,sem_glaucoma,completo
1257,LAG,2329.jpg,glaucoma,0,sem_glaucoma,completo
1258,LAG,2330.jpg,glaucoma,0,sem_glaucoma,completo
1259,LAG,2331.jpg,glaucoma,0,sem_glaucoma,completo
1260,LAG,2332.jpg,glaucoma,0,sem_glaucoma,completo
1261,LAG,2333.jpg,glaucoma,0,sem_glaucoma,completo
1262,LAG,2334.jpg,glaucoma,0,sem_glaucoma,completo
1263,LAG,2337.jpg,glaucoma,0,sem_glaucoma,completo
1264,LAG,2338.jpg,glaucoma,0,sem_glaucoma,completo
1265,LAG,2339.jpg,glaucoma,0,sem_glaucoma,completo
1266,LAG,2340.jpg,glaucoma,0,sem_glaucoma,completo
1267,LAG,2344.jpg,glaucoma,0,sem_glaucoma,completo
1268,LAG,2347.jpg,glaucoma,0,sem_glaucoma,completo
1269,LAG,2353.jpg,glaucoma,0,sem_glaucoma,completo
1270,LAG,2354.jpg,glaucoma,0,sem_glaucoma,completo
1271,LAG,2358.jpg,glaucoma,0,sem_glaucoma,completo
1272,LAG,2361.jpg,glaucoma,0,sem_glaucoma,completo
1273,LAG,2364.jpg,glaucoma,0,sem_glaucoma,completo
1274,LAG,2365.jpg,glaucoma,0,sem_glaucoma,completo
1275,LAG,2372.jpg,glaucoma,0,sem_glaucoma,completo
1276,LAG,2375.jpg,glaucoma,0,sem_glaucoma,completo
1277,LAG,2379.jpg,glaucoma,0,sem_glaucoma,completo
1278,LAG,2380.jpg,glaucoma,0,sem_glaucoma,completo
1279,LAG,2381.jpg,glaucoma,0,sem_glaucoma,completo
1280,LAG,2382.jpg,glaucoma,0,sem_glaucoma,completo
1281,LAG,2384.jpg,glaucoma,0,sem_glaucoma,completo
1282,LAG,2385.jpg,glaucoma,0,sem_glaucoma,completo
1283,LAG,2386.jpg,glaucoma,0,sem_glaucoma,completo
1284,LAG,2387.jpg,glaucoma,0,sem_glaucoma,completo
1285,LAG,2388.jpg,glaucoma,0,sem_glaucoma,completo
1286,LAG,2389.jpg,glaucoma,0,sem_glaucoma,completo
1287,LAG,2390.jpg,glaucoma,0,sem_glaucoma,completo
1288,LAG,2391.jpg,glaucoma,0,sem_glaucoma,completo
1289,LAG,2392.jpg,glaucoma,0,sem_glaucoma,completo
1290,LAG,2393.jpg,glaucoma,0,sem_glaucoma,completo
1291,LAG,2396.jpg,glaucoma,0,sem_glaucoma,completo
1292,LAG,2398.jpg,glaucoma,0,sem_glaucoma,completo
1293,LAG,2401.jpg,glaucoma,0,sem_glaucoma,completo
1294,LAG,2402.jpg,glaucoma,0,sem_glaucoma,completo
1295,LAG,2404.jpg,glaucoma,0,sem_glaucoma,completo
1296,LAG,2406.jpg,glaucoma,0,sem_glaucoma,completo
1297,LAG,2407.jpg,glaucoma,0,sem_glaucoma,completo
1298,LAG,2410.jpg,glaucoma,0,sem_glaucoma,completo
1299,LAG,2411.jpg,glaucoma,0,sem_glaucoma,completo
1300,LAG,2414.jpg,glaucoma,0,sem_glaucoma,completo
1301,LAG,2415.jpg,glaucoma,0,sem_glaucoma,completo
1302,LAG,2416.jpg,glaucoma,0,sem_glaucoma,completo
1303,LAG,2417.jpg,glaucoma,0,sem_glaucoma,completo
1304,LAG,2419.jpg,glaucoma,0,sem_glaucoma,completo
1305,LAG,2420.jpg,glaucoma,0,sem_glaucoma,completo
1306,LAG,2421.jpg,glaucoma,0,sem_glaucoma,completo
1307,LAG,2422.jpg,glaucoma,0,sem_glaucoma,completo
1308,LAG,2423.jpg,glaucoma,0,sem_glaucoma,completo
1309,LAG,2427.jpg,glaucoma,0,sem_glaucoma,completo
1310,LAG,2432.jpg,glaucoma,0,sem_glaucoma,completo
1311,LAG,2433.jpg,glaucoma,0,sem_glaucoma,completo
1312,LAG,2434.jpg,glaucoma,0,sem_glaucoma,completo
1313,LAG,2435.jpg,glaucoma,0,sem_glaucoma,completo
1314,LAG,2437.jpg,glaucoma,0,sem_glaucoma,completo
1315,LAG,2439.jpg,glaucoma,0,sem_glaucoma,completo
1316,LAG,2440.jpg,glaucoma,0,sem_glaucoma,completo
1317,LAG,2441.jpg,glaucoma,0,sem_glaucoma,completo
1318,LAG,2444.jpg,glaucoma,0,sem_glaucoma,completo
1319,LAG,2446.jpg,glaucoma,0,sem_glaucoma,completo
1320,LAG,2450.jpg,glaucoma,0,sem_glaucoma,completo
1321,LAG,2451.jpg,glaucoma,0,sem_glaucoma,completo
1322,LAG,2452.jpg,glaucoma,0,sem_glaucoma,completo
1323,LAG,2453.jpg,glaucoma,0,sem_glaucoma,completo
1324,LAG,2454.jpg,glaucoma,0,sem_glaucoma,completo
1325,LAG,2455.jpg,glaucoma,0,sem_glaucoma,completo
1326,LAG,2456.jpg,glaucoma,0,sem_glaucoma,completo
1327,LAG,2457.jpg,glaucoma,0,sem_glaucoma,completo
1328,LAG,2459.jpg,glaucoma,0,sem_glaucoma,completo
1329,LAG,2461.jpg,glaucoma,0,sem_glaucoma,completo
1330,LAG,2462.jpg,glaucoma,0,sem_glaucoma,completo
1331,LAG,2463.jpg,glaucoma,0,sem_glaucoma,completo
1332,LAG,2464.jpg,glaucoma,0,sem_glaucoma,completo
1333,LAG,2465.jpg,glaucoma,0,sem_glaucoma,completo
1334,LAG,2466.jpg,glaucoma,0,sem_glaucoma,completo
1335,LAG,2469.jpg,glaucoma,0,sem_glaucoma,completo
1336,LAG,2470.jpg,glaucoma,0,sem_glaucoma,completo
1337,LAG,2471.jpg,glaucoma,0,sem_glaucoma,completo
1338,LAG,2475.jpg,glaucoma,0,sem_glaucoma,completo
1339,LAG,2476.jpg,glaucoma,0,sem_glaucoma,completo
1340,LAG,2477.jpg,glaucoma,0,sem_glaucoma,completo
1341,LAG,2478.jpg,glaucoma,0,sem_glaucoma,completo
1342,LAG,2480.jpg,glaucoma,0,sem_glaucoma,completo
1343,LAG,2481.jpg,glaucoma,0,sem_glaucoma,completo
1344,LAG,2482.jpg,glaucoma,0,sem_glaucoma,completo
1345,LAG,2485.jpg,glaucoma,0,sem_glaucoma,completo
1346,LAG,2488.jpg,glaucoma,0,sem_glaucoma,completo
1347,LAG,2490.jpg,glaucoma,0,sem_glaucoma,completo
1348,LAG,2491.jpg,glaucoma,0,sem_glaucoma,completo
1349,LAG,2492.jpg,glaucoma,0,sem_glaucoma,completo
1350,LAG,2493.jpg,glaucoma,0,sem_glaucoma,completo
1351,LAG,2496.jpg,glaucoma,0,sem_glaucoma,completo
1352,LAG,2497.jpg,glaucoma,0,sem_glaucoma,completo
1353,LAG,2498.jpg,glaucoma,0,sem_glaucoma,completo
1354,LAG,2501.jpg,glaucoma,0,sem_glaucoma,completo
1355,LAG,2502.jpg,glaucoma,0,sem_glaucoma,completo
1356,LAG,2505.jpg,glaucoma,0,sem_glaucoma,completo
1357,LAG,2510.jpg,glaucoma,0,sem_glaucoma,completo
1358,LAG,2511.jpg,glaucoma,0,sem_glaucoma,completo
1359,LAG,2512.jpg,glaucoma,0,sem_glaucoma,completo
1360,LAG,2513.jpg,glaucoma,0,sem_glaucoma,completo
1361,LAG,2514.jpg,glaucoma,0,sem_glaucoma,completo
1362,LAG,2516.jpg,glaucoma,0,sem_glaucoma,completo
1363,LAG,2522.jpg,glaucoma,0,sem_glaucoma,completo
1364,LAG,2526.jpg,glaucoma,0,sem_glaucoma,completo
1365,LAG,2527.jpg,glaucoma,0,sem_glaucoma,completo
1366,LAG,2529.jpg,glaucoma,0,sem_glaucoma,completo
1367,LAG,2530.jpg,glaucoma,0,sem_glaucoma,completo
1368,LAG,2532.jpg,glaucoma,0,sem_glaucoma,completo
1369,LAG,2534.jpg,glaucoma,0,sem_glaucoma,completo
1370,LAG,2536.jpg,glaucoma,0,sem_glaucoma,completo
1371,LAG,2537.jpg,glaucoma,0,sem_glaucoma,completo
1372,LAG,2538.jpg,glaucoma,0,sem_glaucoma,completo
1373,LAG,2541.jpg,glaucoma,0,sem_glaucoma,completo
1374,LAG,2543.jpg,glaucoma,0,sem_glaucoma,completo
1375,LAG,2544.jpg,glaucoma,0,sem_glaucoma,completo
1376,LAG,2546.jpg,glaucoma,0,sem_glaucoma,completo
1377,LAG,2548.jpg,glaucoma,0,sem_glaucoma,completo
1378,LAG,2549.jpg,glaucoma,0,sem_glaucoma,completo
1379,LAG,2550.jpg,glaucoma,0,sem_glaucoma,completo
1380,LAG,2551.jpg,glaucoma,0,sem_glaucoma,completo
1381,LAG,2552.jpg,glaucoma,0,sem_glaucoma,completo
1382,LAG,2554.jpg,glaucoma,0,sem_glaucoma,completo
1383,LAG,2555.jpg,glaucoma,0,sem_glaucoma,completo
1384,LAG,2557.jpg,glaucoma,0,sem_glaucoma,completo
1385,LAG,2558.jpg,glaucoma,0,sem_glaucoma,completo
1386,LAG,2561.jpg,glaucoma,0,sem_glaucoma,completo
1387,LAG,2563.jpg,glaucoma,0,sem_glaucoma,completo
1388,LAG,2564.jpg,glaucoma,0,sem_glaucoma,completo
1389,LAG,2565.jpg,glaucoma,0,sem_glaucoma,completo
1390,LAG,2567.jpg,glaucoma,0,sem_glaucoma,completo
1391,LAG,2570.jpg,glaucoma,0,sem_glaucoma,completo
1392,LAG,2572.jpg,glaucoma,0,sem_glaucoma,completo
1393,LAG,2573.jpg,glaucoma,0,sem_glaucoma,completo
1394,LAG,2574.jpg,glaucoma,0,sem_glaucoma,completo
1395,LAG,2575.jpg,glaucoma,0,sem_glaucoma,completo
1396,LAG,2576.jpg,glaucoma,0,sem_glaucoma,completo
1397,LAG,2578.jpg,glaucoma,0,sem_glaucoma,completo
1398,LAG,2580.jpg,glaucoma,0,sem_glaucoma,completo
1399,LAG,2581.jpg,glaucoma,0,sem_glaucoma,completo
1400,LAG,2585.jpg,glaucoma,0,sem_glaucoma,completo
1401,LAG,2586.jpg,glaucoma,0,sem_glaucoma,completo
1402,LAG,2587.jpg,glaucoma,0,sem_glaucoma,completo
1403,LAG,2591.jpg,glaucoma,0,sem_glaucoma,completo
1404,LAG,2592.jpg,glaucoma,0,sem_glaucoma,completo
1405,LAG,2593.jpg,glaucoma,0,sem_glaucoma,completo
1406,LAG,2594.jpg,glaucoma,0,sem_glaucoma,completo
1407,LAG,2595.jpg,glaucoma,0,sem_glaucoma,completo
1408,LAG,2600.jpg,glaucoma,0,sem_glaucoma,completo
1409,LAG,2601.jpg,glaucoma,0,sem_glaucoma,completo
1410,LAG,2602.jpg,glaucoma,0,sem_glaucoma,completo
1411,LAG,2603.jpg,glaucoma,0,sem_glaucoma,completo
1412,LAG,2604.jpg,glaucoma,0,sem_glaucoma,completo
1413,LAG,2609.jpg,glaucoma,0,sem_glaucoma,completo
1414,LAG,2611.jpg,glaucoma,0,sem_glaucoma,completo
1415,LAG,2613.jpg,glaucoma,0,sem_glaucoma,completo
1416,LAG,2617.jpg,glaucoma,0,sem_glaucoma,completo
1417,LAG,2619.jpg,glaucoma,0,sem_glaucoma,completo
1418,LAG,2622.jpg,glaucoma,0,sem_glaucoma,completo
1419,LAG,2625.jpg,glaucoma,0,sem_glaucoma,completo
1420,LAG,2629.jpg,glaucoma,0,sem_glaucoma,completo
1421,LAG,2630.jpg,glaucoma,0,sem_glaucoma,completo
1422,LAG,2631.jpg,glaucoma,0,sem_glaucoma,completo
1423,LAG,2632.jpg,glaucoma,0,sem_glaucoma,completo
1424,LAG,2633.jpg,glaucoma,0,sem_glaucoma,completo
1425,LAG,2634.jpg,glaucoma,0,sem_glaucoma,completo
1426,LAG,2635.jpg,glaucoma,0,sem_glaucoma,completo
1427,LAG,2636.jpg,glaucoma,0,sem_glaucoma,completo
1428,LAG,2637.jpg,glaucoma,0,sem_glaucoma,completo
1429,LAG,2640.jpg,glaucoma,0,sem_glaucoma,completo
1430,LAG,2642.jpg,glaucoma,0,sem_glaucoma,completo
1431,LAG,2644.jpg,glaucoma,0,sem_glaucoma,completo
1432,LAG,2645.jpg,glaucoma,0,sem_glaucoma,completo
1433,LAG,2646.jpg,glaucoma,0,sem_glaucoma,completo
1434,LAG,2647.jpg,glaucoma,0,sem_glaucoma,completo
1435,LAG,2649.jpg,glaucoma,0,sem_glaucoma,completo
1436,LAG,2650.jpg,glaucoma,0,sem_glaucoma,completo
1437,LAG,2654.jpg,glaucoma,0,sem_glaucoma,completo
1438,LAG,2655.jpg,glaucoma,0,sem_glaucoma,completo
1439,LAG,2656.jpg,glaucoma,0,sem_glaucoma,completo
1440,LAG,2658.jpg,glaucoma,0,sem_glaucoma,completo
1441,LAG,2660.jpg,glaucoma,0,sem_glaucoma,completo
1442,LAG,2662.jpg,glaucoma,0,sem_glaucoma,completo
1443,LAG,2663.jpg,glaucoma,0,sem_glaucoma,completo
1444,LAG,2664.jpg,glaucoma,0,sem_glaucoma,completo
1445,LAG,2665.jpg,glaucoma,0,sem_glaucoma,completo
1446,LAG,2667.jpg,glaucoma,0,sem_glaucoma,completo
1447,LAG,2669.jpg,glaucoma,0,sem_glaucoma,completo
1448,LAG,2670.jpg,glaucoma,0,sem_glaucoma,completo
1449,LAG,2672.jpg,glaucoma,0,sem_glaucoma,completo
1450,LAG,2673.jpg,glaucoma,0,sem_glaucoma,completo
1451,LAG,2676.jpg,glaucoma,0,sem_glaucoma,completo
1452,LAG,2677.jpg,glaucoma,0,sem_glaucoma,completo
1453,LAG,2678.jpg,glaucoma,0,sem_glaucoma,completo
1454,LAG,2679.jpg,glaucoma,0,sem_glaucoma,completo
1455,LAG,2680.jpg,glaucoma,0,sem_glaucoma,completo
1456,LAG,2681.jpg,glaucoma,0,sem_glaucoma,completo
1457,LAG,2682.jpg,glaucoma,0,sem_glaucoma,completo
1458,LAG,2685.jpg,glaucoma,0,sem_glaucoma,completo
1459,LAG,2688.jpg,glaucoma,0,sem_glaucoma,completo
1460,LAG,2689.jpg,glaucoma,0,sem_glaucoma,completo
1461,LAG,2690.jpg,glaucoma,0,sem_glaucoma,completo
1462,LAG,2691.jpg,glaucoma,0,sem_glaucoma,completo
1463,LAG,2692.jpg,glaucoma,0,sem_glaucoma,completo
1464,LAG,2694.jpg,glaucoma,0,sem_glaucoma,completo
1465,LAG,2696.jpg,glaucoma,0,sem_glaucoma,completo
1466,LAG,2697.jpg,glaucoma,0,sem_glaucoma,completo
1467,LAG,2699.jpg,glaucoma,0,sem_glaucoma,completo
1468,LAG,2700.jpg,glaucoma,0,sem_glaucoma,completo
1469,LAG,2701.jpg,glaucoma,0,sem_glaucoma,completo
1470,LAG,2702.jpg,glaucoma,0,sem_glaucoma,completo
1471,LAG,2703.jpg,glaucoma,0,sem_glaucoma,completo
1472,LAG,2704.jpg,glaucoma,0,sem_glaucoma,completo
1473,LAG,2707.jpg,glaucoma,0,sem_glaucoma,completo
1474,LAG,2708.jpg,glaucoma,0,sem_glaucoma,completo
1475,LAG,2710.jpg,glaucoma,0,sem_glaucoma,completo
1476,LAG,2711.jpg,glaucoma,0,sem_glaucoma,completo
1477,LAG,2712.jpg,glaucoma,0,sem_glaucoma,completo
1478,LAG,2714.jpg,glaucoma,0,sem_glaucoma,completo
1479,LAG,2717.jpg,glaucoma,0,sem_glaucoma,completo
1480,LAG,2718.jpg,glaucoma,0,sem_glaucoma,completo
1481,LAG,2720.jpg,glaucoma,0,sem_glaucoma,completo
1482,LAG,2721.jpg,glaucoma,0,sem_glaucoma,completo
1483,LAG,2724.jpg,glaucoma,0,sem_glaucoma,completo
1484,LAG,2725.jpg,glaucoma,0,sem_glaucoma,completo
1485,LAG,2727.jpg,glaucoma,0,sem_glaucoma,completo
1486,LAG,2728.jpg,glaucoma,0,sem_glaucoma,completo
1487,LAG,2730.jpg,glaucoma,0,sem_glaucoma,completo
1488,LAG,2731.jpg,glaucoma,0,sem_glaucoma,completo
1489,LAG,2732.jpg,glaucoma,0,sem_glaucoma,completo
1490,LAG,2734.jpg,glaucoma,0,sem_glaucoma,completo
1491,LAG,2737.jpg,glaucoma,0,sem_glaucoma,completo
1492,LAG,2738.jpg,glaucoma,0,sem_glaucoma,completo
1493,LAG,2739.jpg,glaucoma,0,sem_glaucoma,completo
1494,LAG,2740.jpg,glaucoma,0,sem_glaucoma,completo
1495,LAG,2741.jpg,glaucoma,0,sem_glaucoma,completo
1496,LAG,2743.jpg,glaucoma,0,sem_glaucoma,completo
1497,LAG,2744.jpg,glaucoma,0,sem_glaucoma,completo
1498,LAG,2746.jpg,glaucoma,0,sem_glaucoma,completo
1499,LAG,2748.jpg,glaucoma,0,sem_glaucoma,completo
1500,LAG,2751.jpg,glaucoma,0,sem_glaucoma,completo
1501,LAG,2752.jpg,glaucoma,0,sem_glaucoma,completo
1502,LAG,2753.jpg,glaucoma,0,sem_glaucoma,completo
1503,LAG,2755.jpg,glaucoma,0,sem_glaucoma,completo
1504,LAG,2756.jpg,glaucoma,0,sem_glaucoma,completo
1505,LAG,2757.jpg,glaucoma,0,sem_glaucoma,completo
1506,LAG,2758.jpg,glaucoma,0,sem_glaucoma,completo
1507,LAG,2759.jpg,glaucoma,0,sem_glaucoma,completo
1508,LAG,2760.jpg,glaucoma,0,sem_glaucoma,completo
1509,LAG,2761.jpg,glaucoma,0,sem_glaucoma,completo
1510,LAG,2763.jpg,glaucoma,0,sem_glaucoma,completo
1511,LAG,2765.jpg,glaucoma,0,sem_glaucoma,completo
1512,LAG,2766.jpg,glaucoma,0,sem_glaucoma,completo
1513,LAG,2767.jpg,glaucoma,0,sem_glaucoma,completo
1514,LAG,2770.jpg,glaucoma,0,sem_glaucoma,completo
1515,LAG,2772.jpg,glaucoma,0,sem_glaucoma,completo
1516,LAG,2773.jpg,glaucoma,0,sem_glaucoma,completo
1517,LAG,2775.jpg,glaucoma,0,sem_glaucoma,completo
1518,LAG,2776.jpg,glaucoma,0,sem_glaucoma,completo
1519,LAG,2777.jpg,glaucoma,0,sem_glaucoma,completo
1520,LAG,2779.jpg,glaucoma,0,sem_glaucoma,completo
1521,LAG,2780.jpg,glaucoma,0,sem_glaucoma,completo
1522,LAG,2781.jpg,glaucoma,0,sem_glaucoma,completo
1523,LAG,2782.jpg,glaucoma,0,sem_glaucoma,completo
1524,LAG,2786.jpg,glaucoma,0,sem_glaucoma,completo
1525,LAG,2789.jpg,glaucoma,0,sem_glaucoma,completo
1526,LAG,2792.jpg,glaucoma,0,sem_glaucoma,completo
1527,LAG,2793.jpg,glaucoma,0,sem_glaucoma,completo
1528,LAG,2794.jpg,glaucoma,0,sem_glaucoma,completo
1529,LAG,2799.jpg,glaucoma,0,sem_glaucoma,completo
1530,LAG,2800.jpg,glaucoma,0,sem_glaucoma,completo
1531,LAG,2801.jpg,glaucoma,0,sem_glaucoma,completo
1532,LAG,2803.jpg,glaucoma,0,sem_glaucoma,completo
1533,LAG,2805.jpg,glaucoma,0,sem_glaucoma,completo
1534,LAG,2806.jpg,glaucoma,0,sem_glaucoma,completo
1535,LAG,2811.jpg,glaucoma,0,sem_glaucoma,completo
1536,LAG,2812.jpg,glaucoma,0,sem_glaucoma,completo
1537,LAG,2813.jpg,glaucoma,0,sem_glaucoma,completo
1538,LAG,2815.jpg,glaucoma,0,sem_glaucoma,completo
1539,LAG,2816.jpg,glaucoma,0,sem_glaucoma,completo
1540,LAG,2817.jpg,glaucoma,0,sem_glaucoma,completo
1541,LAG,2819.jpg,glaucoma,0,sem_glaucoma,completo
1542,LAG,2822.jpg,glaucoma,0,sem_glaucoma,completo
1543,LAG,2825.jpg,glaucoma,0,sem_glaucoma,completo
1544,LAG,2827.jpg,glaucoma,0,sem_glaucoma,completo
1545,LAG,2830.jpg,glaucoma,0,sem_glaucoma,completo
1546,LAG,2832.jpg,glaucoma,0,sem_glaucoma,completo
1547,LAG,2833.jpg,glaucoma,0,sem_glaucoma,completo
1548,LAG,2834.jpg,glaucoma,0,sem_glaucoma,completo
1549,LAG,2838.jpg,glaucoma,0,sem_glaucoma,completo
1550,LAG,2842.jpg,glaucoma,0,sem_glaucoma,completo
1551,LAG,2846.jpg,glaucoma,0,sem_glaucoma,completo
1552,LAG,2847.jpg,glaucoma,0,sem_glaucoma,completo
1553,LAG,2850.jpg,glaucoma,0,sem_glaucoma,completo
1554,LAG,2856.jpg,glaucoma,0,sem_glaucoma,completo
1555,LAG,2857.jpg,glaucoma,0,sem_glaucoma,completo
1556,LAG,2859.jpg,glaucoma,0,sem_glaucoma,completo
1557,LAG,2860.jpg,glaucoma,0,sem_glaucoma,completo
1558,LAG,2863.jpg,glaucoma,0,sem_glaucoma,completo
1559,LAG,2864.jpg,glaucoma,0,sem_glaucoma,completo
1560,LAG,2865.jpg,glaucoma,0,sem_glaucoma,completo
1561,LAG,2867.jpg,glaucoma,0,sem_glaucoma,completo
1562,LAG,2868.jpg,glaucoma,0,sem_glaucoma,completo
1563,LAG,2872.jpg,glaucoma,0,sem_glaucoma,completo
1564,LAG,2873.jpg,glaucoma,0,sem_glaucoma,completo
1565,LAG,2874.jpg,glaucoma,0,sem_glaucoma,completo
1566,LAG,2876.jpg,glaucoma,0,sem_glaucoma,completo
1567,LAG,2878.jpg,glaucoma,0,sem_glaucoma,completo
1568,LAG,2880.jpg,glaucoma,0,sem_glaucoma,completo
1569,LAG,2883.jpg,glaucoma,0,sem_glaucoma,completo
1570,LAG,2884.jpg,glaucoma,0,sem_glaucoma,completo
1571,LAG,2885.jpg,glaucoma,0,sem_glaucoma,completo
1572,LAG,2886.jpg,glaucoma,0,sem_glaucoma,completo
1573,LAG,2887.jpg,glaucoma,0,sem_glaucoma,completo
1574,LAG,2888.jpg,glaucoma,0,sem_glaucoma,completo
1575,LAG,2889.jpg,glaucoma,0,sem_glaucoma,completo
1576,LAG,2891.jpg,glaucoma,0,sem_glaucoma,completo
1577,LAG,2892.jpg,glaucoma,0,sem_glaucoma,completo
1578,LAG,2893.jpg,glaucoma,0,sem_glaucoma,completo
1579,LAG,2895.jpg,glaucoma,0,sem_glaucoma,completo
1580,LAG,2896.jpg,glaucoma,0,sem_glaucoma,completo
1581,LAG,2897.jpg,glaucoma,0,sem_glaucoma,completo
1582,LAG,2898.jpg,glaucoma,0,sem_glaucoma,completo
1583,LAG,2899.jpg,glaucoma,0,sem_glaucoma,completo
1584,LAG,2900.jpg,glaucoma,0,sem_glaucoma,completo
1585,LAG,2901.jpg,glaucoma,0,sem_glaucoma,completo
1586,LAG,2904.jpg,glaucoma,0,sem_glaucoma,completo
1587,LAG,2905.jpg,glaucoma,0,sem_glaucoma,completo
1588,LAG,2906.jpg,glaucoma,0,sem_glaucoma,completo
1589,LAG,2907.jpg,glaucoma,0,sem_glaucoma,completo
1590,LAG,2909.jpg,glaucoma,0,sem_glaucoma,completo
1591,LAG,2910.jpg,glaucoma,0,sem_glaucoma,completo
1592,LAG,2911.jpg,glaucoma,0,sem_glaucoma,completo
1593,LAG,2912.jpg,glaucoma,0,sem_glaucoma,completo
1594,LAG,2913.jpg,glaucoma,0,sem_glaucoma,completo
1595,LAG,2914.jpg,glaucoma,0,sem_glaucoma,completo
1596,LAG,2915.jpg,glaucoma,0,sem_glaucoma,completo
1597,LAG,2919.jpg,glaucoma,0,sem_glaucoma,completo
1598,LAG,2920.jpg,glaucoma,0,sem_glaucoma,completo
1599,LAG,2921.jpg,glaucoma,0,sem_glaucoma,completo
1600,LAG,2923.jpg,glaucoma,0,sem_glaucoma,completo
1601,LAG,2925.jpg,glaucoma,0,sem_glaucoma,completo
1602,LAG,2927.jpg,glaucoma,0,sem_glaucoma,completo
1603,LAG,2928.jpg,glaucoma,0,sem_glaucoma,completo
1604,LAG,2932.jpg,glaucoma,0,sem_glaucoma,completo
1605,LAG,2934.jpg,glaucoma,0,sem_glaucoma,completo
1606,LAG,2935.jpg,glaucoma,0,sem_glaucoma,completo
1607,LAG,2936.jpg,glaucoma,0,sem_glaucoma,completo
1608,LAG,2937.jpg,glaucoma,0,sem_glaucoma,completo
1609,LAG,2941.jpg,glaucoma,0,sem_glaucoma,completo
1610,LAG,2943.jpg,glaucoma,0,sem_glaucoma,completo
1611,LAG,2944.jpg,glaucoma,0,sem_glaucoma,completo
1612,LAG,2945.jpg,glaucoma,0,sem_glaucoma,completo
1613,LAG,2946.jpg,glaucoma,0,sem_glaucoma,completo
1614,LAG,2948.jpg,glaucoma,0,sem_glaucoma,completo
1615,LAG,2954.jpg,glaucoma,0,sem_glaucoma,completo
1616,LAG,2960.jpg,glaucoma,0,sem_glaucoma,completo
1617,LAG,2962.jpg,glaucoma,0,sem_glaucoma,completo
1618,LAG,2963.jpg,glaucoma,0,sem_glaucoma,completo
1619,LAG,2964.jpg,glaucoma,0,sem_glaucoma,completo
1620,LAG,2966.jpg,glaucoma,0,sem_glaucoma,completo
1621,LAG,2967.jpg,glaucoma,0,sem_glaucoma,completo
1622,LAG,2968.jpg,glaucoma,0,sem_glaucoma,completo
1623,LAG,2969.jpg,glaucoma,0,sem_glaucoma,completo
1624,LAG,2970.jpg,glaucoma,0,sem_glaucoma,completo
1625,LAG,2971.jpg,glaucoma,0,sem_glaucoma,completo
1626,LAG,2976.jpg,glaucoma,0,sem_glaucoma,completo
1627,LAG,2978.jpg,glaucoma,0,sem_glaucoma,completo
1628,LAG,2980.jpg,glaucoma,0,sem_glaucoma,completo
1629,LAG,2982.jpg,glaucoma,0,sem_glaucoma,completo
1630,LAG,2983.jpg,glaucoma,0,sem_glaucoma,completo
1631,LAG,2985.jpg,glaucoma,0,sem_glaucoma,completo
1632,LAG,2991.jpg,glaucoma,0,sem_glaucoma,completo
1633,LAG,2992.jpg,glaucoma,0,sem_glaucoma,completo
1634,LAG,2995.jpg,glaucoma,0,sem_glaucoma,completo
1635,LAG,2997.jpg,glaucoma,0,sem_glaucoma,completo
1636,LAG,2998.jpg,glaucoma,0,sem_glaucoma,completo
1637,LAG,3000.jpg,glaucoma,0,sem_glaucoma,completo
1638,LAG,3001.jpg,glaucoma,0,sem_glaucoma,completo
1639,LAG,3007.jpg,glaucoma,0,sem_glaucoma,completo
1640,LAG,3011.jpg,glaucoma,0,sem_glaucoma,completo
1641,LAG,3012.jpg,glaucoma,0,sem_glaucoma,completo
1642,LAG,3013.jpg,glaucoma,0,sem_glaucoma,completo
1643,LAG,3014.jpg,glaucoma,0,sem_glaucoma,completo
1644,LAG,3015.jpg,glaucoma,0,sem_glaucoma,completo
1645,LAG,3018.jpg,glaucoma,0,sem_glaucoma,completo
1646,LAG,3019.jpg,glaucoma,0,sem_glaucoma,completo
1647,LAG,3020.jpg,glaucoma,0,sem_glaucoma,completo
1648,LAG,3021.jpg,glaucoma,0,sem_glaucoma,completo
1649,LAG,3022.jpg,glaucoma,0,sem_glaucoma,completo
1650,LAG,3025.jpg,glaucoma,0,sem_glaucoma,completo
1651,LAG,3026.jpg,glaucoma,0,sem_glaucoma,completo
1652,LAG,3029.jpg,glaucoma,0,sem_glaucoma,completo
1653,LAG,3031.jpg,glaucoma,0,sem_glaucoma,completo
1654,LAG,3033.jpg,glaucoma,0,sem_glaucoma,completo
1655,LAG,3036.jpg,glaucoma,0,sem_glaucoma,completo
1656,LAG,3037.jpg,glaucoma,0,sem_glaucoma,completo
1657,LAG,3039.jpg,glaucoma,0,sem_glaucoma,completo
1658,LAG,3040.jpg,glaucoma,0,sem_glaucoma,completo
1659,LAG,3041.jpg,glaucoma,0,sem_glaucoma,completo
1660,LAG,3042.jpg,glaucoma,0,sem_glaucoma,completo
1661,LAG,3047.jpg,glaucoma,0,sem_glaucoma,completo
1662,LAG,3052.jpg,glaucoma,0,sem_glaucoma,completo
1663,LAG,3054.jpg,glaucoma,0,sem_glaucoma,completo
1664,LAG,3055.jpg,glaucoma,0,sem_glaucoma,completo
1665,LAG,3058.jpg,glaucoma,0,sem_glaucoma,completo
1666,LAG,3062.jpg,glaucoma,0,sem_glaucoma,completo
1667,LAG,3066.jpg,glaucoma,0,sem_glaucoma,completo
1668,LAG,3069.jpg,glaucoma,0,sem_glaucoma,completo
1669,LAG,3071.jpg,glaucoma,0,sem_glaucoma,completo
1670,LAG,3073.jpg,glaucoma,0,sem_glaucoma,completo
1671,LAG,3074.jpg,glaucoma,0,sem_glaucoma,completo
1672,LAG,3077.jpg,glaucoma,0,sem_glaucoma,completo
1673,LAG,3078.jpg,glaucoma,0,sem_glaucoma,completo
1674,LAG,3080.jpg,glaucoma,0,sem_glaucoma,completo
1675,LAG,3081.jpg,glaucoma,0,sem_glaucoma,completo
1676,LAG,3082.jpg,glaucoma,0,sem_glaucoma,completo
1677,LAG,3084.jpg,glaucoma,0,sem_glaucoma,completo
1678,LAG,3085.jpg,glaucoma,0,sem_glaucoma,completo
1679,LAG,3086.jpg,glaucoma,0,sem_glaucoma,completo
1680,LAG,3088.jpg,glaucoma,0,sem_glaucoma,completo
1681,LAG,3093.jpg,glaucoma,0,sem_glaucoma,completo
1682,LAG,3097.jpg,glaucoma,0,sem_glaucoma,completo
1683,LAG,3100.jpg,glaucoma,0,sem_glaucoma,completo
1684,LAG,3102.jpg,glaucoma,0,sem_glaucoma,completo
1685,LAG,3103.jpg,glaucoma,0,sem_glaucoma,completo
1686,LAG,3104.jpg,glaucoma,0,sem_glaucoma,completo
1687,LAG,3106.jpg,glaucoma,0,sem_glaucoma,completo
1688,LAG,3107.jpg,glaucoma,0,sem_glaucoma,completo
1689,LAG,3109.jpg,glaucoma,0,sem_glaucoma,completo
1690,LAG,3110.jpg,glaucoma,0,sem_glaucoma,completo
1691,LAG,3111.jpg,glaucoma,0,sem_glaucoma,completo
1692,LAG,3112.jpg,glaucoma,0,sem_glaucoma,completo
1693,LAG,3115.jpg,glaucoma,0,sem_glaucoma,completo
1694,LAG,3116.jpg,glaucoma,0,sem_glaucoma,completo
1695,LAG,3117.jpg,glaucoma,0,sem_glaucoma,completo
1696,LAG,3118.jpg,glaucoma,0,sem_glaucoma,completo
1697,LAG,3120.jpg,glaucoma,0,sem_glaucoma,completo
1698,LAG,3122.jpg,glaucoma,0,sem_glaucoma,completo
1699,LAG,3125.jpg,glaucoma,0,sem_glaucoma,completo
1700,LAG,3126.jpg,glaucoma,0,sem_glaucoma,completo
1701,LAG,3127.jpg,glaucoma,0,sem_glaucoma,completo
1702,LAG,3130.jpg,glaucoma,0,sem_glaucoma,completo
1703,LAG,3131.jpg,glaucoma,0,sem_glaucoma,completo
1704,LAG,3132.jpg,glaucoma,0,sem_glaucoma,completo
1705,LAG,3133.jpg,glaucoma,0,sem_glaucoma,completo
1706,LAG,3135.jpg,glaucoma,0,sem_glaucoma,completo
1707,LAG,3137.jpg,glaucoma,0,sem_glaucoma,completo
1708,LAG,3141.jpg,glaucoma,0,sem_glaucoma,completo
1709,LAG,3146.jpg,glaucoma,0,sem_glaucoma,completo
1710,LAG,3149.jpg,glaucoma,0,sem_glaucoma,completo
1711,LAG,3151.jpg,glaucoma,0,sem_glaucoma,completo
1712,LAG,3152.jpg,glaucoma,0,sem_glaucoma,completo
1713,LAG,3153.jpg,glaucoma,0,sem_glaucoma,completo
1714,LAG,3154.jpg,glaucoma,0,sem_glaucoma,completo
1715,LAG,3155.jpg,glaucoma,0,sem_glaucoma,completo
1716,LAG,3156.jpg,glaucoma,0,sem_glaucoma,completo
1717,LAG,3158.jpg,glaucoma,0,sem_glaucoma,completo
1718,LAG,3159.jpg,glaucoma,0,sem_glaucoma,completo
1719,LAG,3160.jpg,glaucoma,0,sem_glaucoma,completo
1720,LAG,3162.jpg,glaucoma,0,sem_glaucoma,completo
1721,LAG,3164.jpg,glaucoma,0,sem_glaucoma,completo
1722,LAG,3165.jpg,glaucoma,0,sem_glaucoma,completo
1723,LAG,3166.jpg,glaucoma,0,sem_glaucoma,completo
1724,LAG,3172.jpg,glaucoma,0,sem_glaucoma,completo
1725,LAG,3173.jpg,glaucoma,0,sem_glaucoma,completo
1726,LAG,3175.jpg,glaucoma,0,sem_glaucoma,completo
1727,LAG,3176.jpg,glaucoma,0,sem_glaucoma,completo
1728,LAG,3177.jpg,glaucoma,0,sem_glaucoma,completo
1729,LAG,3181.jpg,glaucoma,0,sem_glaucoma,completo
1730,LAG,3182.jpg,glaucoma,0,sem_glaucoma,completo
1731,LAG,3184.jpg,glaucoma,0,sem_glaucoma,completo
1732,LAG,3186.jpg,glaucoma,0,sem_glaucoma,completo
1733,LAG,3187.jpg,glaucoma,0,sem_glaucoma,completo
1734,LAG,3188.jpg,glaucoma,0,sem_glaucoma,completo
1735,LAG,3189.jpg,glaucoma,0,sem_glaucoma,completo
1736,LAG,3192.jpg,glaucoma,0,sem_glaucoma,completo
1737,LAG,3194.jpg,glaucoma,0,sem_glaucoma,completo
1738,LAG,3196.jpg,glaucoma,0,sem_glaucoma,completo
1739,LAG,3197.jpg,glaucoma,0,sem_glaucoma,completo
1740,LAG,3198.jpg,glaucoma,0,sem_glaucoma,completo
1741,LAG,3200.jpg,glaucoma,0,sem_glaucoma,completo
1742,LAG,3202.jpg,glaucoma,0,sem_glaucoma,completo
1743,LAG,3203.jpg,glaucoma,0,sem_glaucoma,completo
1744,LAG,3208.jpg,glaucoma,0,sem_glaucoma,completo
1745,LAG,3210.jpg,glaucoma,0,sem_glaucoma,completo
1746,LAG,3211.jpg,glaucoma,0,sem_glaucoma,completo
1747,LAG,3212.jpg,glaucoma,0,sem_glaucoma,completo
1748,LAG,3213.jpg,glaucoma,0,sem_glaucoma,completo
1749,LAG,3216.jpg,glaucoma,0,sem_glaucoma,completo
1750,LAG,3217.jpg,glaucoma,0,sem_glaucoma,completo
1751,LAG,3218.jpg,glaucoma,0,sem_glaucoma,completo
1752,LAG,3219.jpg,glaucoma,0,sem_glaucoma,completo
1753,LAG,3220.jpg,glaucoma,0,sem_glaucoma,completo
1754,LAG,3221.jpg,glaucoma,0,sem_glaucoma,completo
1755,LAG,3223.jpg,glaucoma,0,sem_glaucoma,completo
1756,LAG,3224.jpg,glaucoma,0,sem_glaucoma,completo
1757,LAG,3225.jpg,glaucoma,0,sem_glaucoma,completo
1758,LAG,3226.jpg,glaucoma,0,sem_glaucoma,completo
1759,LAG,3227.jpg,glaucoma,0,sem_glaucoma,completo
1760,LAG,3228.jpg,glaucoma,0,sem_glaucoma,completo
1761,LAG,3229.jpg,glaucoma,0,sem_glaucoma,completo
1762,LAG,3230.jpg,glaucoma,0,sem_glaucoma,completo
1763,LAG,3231.jpg,glaucoma,0,sem_glaucoma,completo
1764,LAG,3232.jpg,glaucoma,0,sem_glaucoma,completo
1765,LAG,3233.jpg,glaucoma,0,sem_glaucoma,completo
1766,LAG,3235.jpg,glaucoma,0,sem_glaucoma,completo
1767,LAG,3239.jpg,glaucoma,0,sem_glaucoma,completo
1768,LAG,3240.jpg,glaucoma,0,sem_glaucoma,completo
1769,LAG,3241.jpg,glaucoma,0,sem_glaucoma,completo
1770,LAG,3246.jpg,glaucoma,0,sem_glaucoma,completo
1771,LAG,3247.jpg,glaucoma,0,sem_glaucoma,completo
1772,LAG,3250.jpg,glaucoma,0,sem_glaucoma,completo
1773,LAG,3251.jpg,glaucoma,0,sem_glaucoma,completo
1774,LAG,3252.jpg,glaucoma,0,sem_glaucoma,completo
1775,LAG,3255.jpg,glaucoma,0,sem_glaucoma,completo
1776,LAG,3256.jpg,glaucoma,0,sem_glaucoma,completo
1777,LAG,3259.jpg,glaucoma,0,sem_glaucoma,completo
1778,LAG,3260.jpg,glaucoma,0,sem_glaucoma,completo
1779,LAG,3261.jpg,glaucoma,0,sem_glaucoma,completo
1780,LAG,3262.jpg,glaucoma,0,sem_glaucoma,completo
1781,LAG,3264.jpg,glaucoma,0,sem_glaucoma,completo
1782,LAG,3267.jpg,glaucoma,0,sem_glaucoma,completo
1783,LAG,3269.jpg,glaucoma,0,sem_glaucoma,completo
1784,LAG,3270.jpg,glaucoma,0,sem_glaucoma,completo
1785,LAG,3273.jpg,glaucoma,0,sem_glaucoma,completo
1786,LAG,3275.jpg,glaucoma,0,sem_glaucoma,completo
1787,LAG,3277.jpg,glaucoma,0,sem_glaucoma,completo
1788,LAG,3279.jpg,glaucoma,0,sem_glaucoma,completo
1789,LAG,3281.jpg,glaucoma,0,sem_glaucoma,completo
1790,LAG,3283.jpg,glaucoma,0,sem_glaucoma,completo
1791,LAG,3284.jpg,glaucoma,0,sem_glaucoma,completo
1792,LAG,3285.jpg,glaucoma,0,sem_glaucoma,completo
1793,LAG,3287.jpg,glaucoma,0,sem_glaucoma,completo
1794,LAG,3288.jpg,glaucoma,0,sem_glaucoma,completo
1795,LAG,3289.jpg,glaucoma,0,sem_glaucoma,completo
1796,LAG,3294.jpg,glaucoma,0,sem_glaucoma,completo
1797,LAG,3296.jpg,glaucoma,0,sem_glaucoma,completo
1798,LAG,3297.jpg,glaucoma,0,sem_glaucoma,completo
1799,LAG,3298.jpg,glaucoma,0,sem_glaucoma,completo
1800,LAG,3299.jpg,glaucoma,0,sem_glaucoma,completo
1801,LAG,3300.jpg,glaucoma,0,sem_glaucoma,completo
1802,LAG,3301.jpg,glaucoma,0,sem_glaucoma,completo
1803,LAG,3304.jpg,glaucoma,0,sem_glaucoma,completo
1804,LAG,3305.jpg,glaucoma,0,sem_glaucoma,completo
1805,LAG,3307.jpg,glaucoma,0,sem_glaucoma,completo
1806,LAG,3308.jpg,glaucoma,0,sem_glaucoma,completo
1807,LAG,3311.jpg,glaucoma,0,sem_glaucoma,completo
1808,LAG,3314.jpg,glaucoma,0,sem_glaucoma,completo
1809,LAG,3315.jpg,glaucoma,0,sem_glaucoma,completo
1810,LAG,3316.jpg,glaucoma,0,sem_glaucoma,completo
1811,LAG,3317.jpg,glaucoma,0,sem_glaucoma,completo
1812,LAG,3318.jpg,glaucoma,0,sem_glaucoma,completo
1813,LAG,3319.jpg,glaucoma,0,sem_glaucoma,completo
1814,LAG,3320.jpg,glaucoma,0,sem_glaucoma,completo
1815,LAG,3321.jpg,glaucoma,0,sem_glaucoma,completo
1816,LAG,3323.jpg,glaucoma,0,sem_glaucoma,completo
1817,LAG,3327.jpg,glaucoma,0,sem_glaucoma,completo
1818,LAG,3328.jpg,glaucoma,0,sem_glaucoma,completo
1819,LAG,3329.jpg,glaucoma,0,sem_glaucoma,completo
1820,LAG,3330.jpg,glaucoma,0,sem_glaucoma,completo
1821,LAG,3332.jpg,glaucoma,0,sem_glaucoma,completo
1822,LAG,3333.jpg,glaucoma,0,sem_glaucoma,completo
1823,LAG,3336.jpg,glaucoma,0,sem_glaucoma,completo
1824,LAG,3338.jpg,glaucoma,0,sem_glaucoma,completo
1825,LAG,3339.jpg,glaucoma,0,sem_glaucoma,completo
1826,LAG,3342.jpg,glaucoma,0,sem_glaucoma,completo
1827,LAG,3343.jpg,glaucoma,0,sem_glaucoma,completo
1828,LAG,3345.jpg,glaucoma,0,sem_glaucoma,completo
1829,LAG,3346.jpg,glaucoma,0,sem_glaucoma,completo
1830,LAG,3347.jpg,glaucoma,0,sem_glaucoma,completo
1831,LAG,3348.jpg,glaucoma,0,sem_glaucoma,completo
1832,LAG,3349.jpg,glaucoma,0,sem_glaucoma,completo
1833,LAG,3351.jpg,glaucoma,0,sem_glaucoma,completo
1834,LAG,3356.jpg,glaucoma,0,sem_glaucoma,completo
1835,LAG,3357.jpg,glaucoma,0,sem_glaucoma,completo
1836,LAG,3359.jpg,glaucoma,0,sem_glaucoma,completo
1837,LAG,3360.jpg,glaucoma,0,sem_glaucoma,completo
1838,LAG,3361.jpg,glaucoma,0,sem_glaucoma,completo
1839,LAG,3363.jpg,glaucoma,0,sem_glaucoma,completo
1840,LAG,3366.jpg,glaucoma,0,sem_glaucoma,completo
1841,LAG,3367.jpg,glaucoma,0,sem_glaucoma,completo
1842,LAG,3371.jpg,glaucoma,0,sem_glaucoma,completo
1843,LAG,3373.jpg,glaucoma,0,sem_glaucoma,completo
1844,LAG,3374.jpg,glaucoma,0,sem_glaucoma,completo
1845,LAG,3375.jpg,glaucoma,0,sem_glaucoma,completo
1846,LAG,3376.jpg,glaucoma,0,sem_glaucoma,completo
1847,LAG,3378.jpg,glaucoma,0,sem_glaucoma,completo
1848,LAG,3381.jpg,glaucoma,0,sem_glaucoma,completo
1849,LAG,3386.jpg,glaucoma,0,sem_glaucoma,completo
1850,LAG,3387.jpg,glaucoma,0,sem_glaucoma,completo
1851,LAG,3388.jpg,glaucoma,0,sem_glaucoma,completo
1852,LAG,3389.jpg,glaucoma,0,sem_glaucoma,completo
1853,LAG,3392.jpg,glaucoma,0,sem_glaucoma,completo
1854,LAG,3394.jpg,glaucoma,0,sem_glaucoma,completo
1855,LAG,3397.jpg,glaucoma,0,sem_glaucoma,completo
1856,LAG,3399.jpg,glaucoma,0,sem_glaucoma,completo
1857,LAG,3401.jpg,glaucoma,0,sem_glaucoma,completo
1858,LAG,3405.jpg,glaucoma,0,sem_glaucoma,completo
1859,LAG,3407.jpg,glaucoma,0,sem_glaucoma,completo
1860,LAG,3408.jpg,glaucoma,0,sem_glaucoma,completo
1861,LAG,3409.jpg,glaucoma,0,sem_glaucoma,completo
1862,LAG,3412.jpg,glaucoma,0,sem_glaucoma,completo
1863,LAG,3418.jpg,glaucoma,0,sem_glaucoma,completo
1864,LAG,3419.jpg,glaucoma,0,sem_glaucoma,completo
1865,LAG,3422.jpg,glaucoma,0,sem_glaucoma,completo
1866,LAG,3423.jpg,glaucoma,0,sem_glaucoma,completo
1867,LAG,3427.jpg,glaucoma,0,sem_glaucoma,completo
1868,LAG,3431.jpg,glaucoma,0,sem_glaucoma,completo
1869,LAG,3432.jpg,glaucoma,0,sem_glaucoma,completo
1870,LAG,3434.jpg,glaucoma,0,sem_glaucoma,completo
1871,LAG,3437.jpg,glaucoma,0,sem_glaucoma,completo
1872,LAG,3438.jpg,glaucoma,0,sem_glaucoma,completo
1873,LAG,3439.jpg,glaucoma,0,sem_glaucoma,completo
1874,LAG,3440.jpg,glaucoma,0,sem_glaucoma,completo
1875,LAG,3441.jpg,glaucoma,0,sem_glaucoma,completo
1876,LAG,3442.jpg,glaucoma,0,sem_glaucoma,completo
1877,LAG,3443.jpg,glaucoma,0,sem_glaucoma,completo
1878,LAG,3444.jpg,glaucoma,0,sem_glaucoma,completo
1879,LAG,3445.jpg,glaucoma,0,sem_glaucoma,completo
1880,LAG,3448.jpg,glaucoma,0,sem_glaucoma,completo
1881,LAG,3449.jpg,glaucoma,0,sem_glaucoma,completo
1882,LAG,3450.jpg,glaucoma,0,sem_glaucoma,completo
1883,LAG,3451.jpg,glaucoma,0,sem_glaucoma,completo
1884,LAG,3454.jpg,glaucoma,0,sem_glaucoma,completo
1885,LAG,3458.jpg,glaucoma,0,sem_glaucoma,completo
1886,LAG,3459.jpg,glaucoma,0,sem_glaucoma,completo
1887,LAG,3460.jpg,glaucoma,0,sem_glaucoma,completo
1888,LAG,3461.jpg,glaucoma,0,sem_glaucoma,completo
1889,LAG,3462.jpg,glaucoma,0,sem_glaucoma,completo
1890,LAG,3465.jpg,glaucoma,0,sem_glaucoma,completo
1891,LAG,3467.jpg,glaucoma,0,sem_glaucoma,completo
1892,LAG,3469.jpg,glaucoma,0,sem_glaucoma,completo
1893,LAG,3470.jpg,glaucoma,0,sem_glaucoma,completo
1894,LAG,3472.jpg,glaucoma,0,sem_glaucoma,completo
1895,LAG,3473.jpg,glaucoma,0,sem_glaucoma,completo
1896,LAG,3474.jpg,glaucoma,0,sem_glaucoma,completo
1897,LAG,3477.jpg,glaucoma,0,sem_glaucoma,completo
1898,LAG,3479.jpg,glaucoma,0,sem_glaucoma,completo
1899,LAG,3480.jpg,glaucoma,0,sem_glaucoma,completo
1900,LAG,3481.jpg,glaucoma,0,sem_glaucoma,completo
1901,LAG,3483.jpg,glaucoma,0,sem_glaucoma,completo
1902,LAG,3484.jpg,glaucoma,0,sem_glaucoma,completo
1903,LAG,3485.jpg,glaucoma,0,sem_glaucoma,completo
1904,LAG,3486.jpg,glaucoma,0,sem_glaucoma,completo
1905,LAG,3488.jpg,glaucoma,0,sem_glaucoma,completo
1906,LAG,3489.jpg,glaucoma,0,sem_glaucoma,completo
1907,LAG,3491.jpg,glaucoma,0,sem_glaucoma,completo
1908,LAG,3492.jpg,glaucoma,0,sem_glaucoma,completo
1909,LAG,3493.jpg,glaucoma,0,sem_glaucoma,completo
1910,LAG,3496.jpg,glaucoma,0,sem_glaucoma,completo
1911,LAG,3497.jpg,glaucoma,0,sem_glaucoma,completo
1912,LAG,3498.jpg,glaucoma,0,sem_glaucoma,completo
1913,LAG,3502.jpg,glaucoma,0,sem_glaucoma,completo
1914,LAG,3503.jpg,glaucoma,0,sem_glaucoma,completo
1915,LAG,3504.jpg,glaucoma,0,sem_glaucoma,completo
1916,LAG,3505.jpg,glaucoma,0,sem_glaucoma,completo
1917,LAG,3507.jpg,glaucoma,0,sem_glaucoma,completo
1918,LAG,3508.jpg,glaucoma,0,sem_glaucoma,completo
1919,LAG,3510.jpg,glaucoma,0,sem_glaucoma,completo
1920,LAG,3514.jpg,glaucoma,0,sem_glaucoma,completo
1921,LAG,3519.jpg,glaucoma,0,sem_glaucoma,completo
1922,LAG,3520.jpg,glaucoma,0,sem_glaucoma,completo
1923,LAG,3521.jpg,glaucoma,0,sem_glaucoma,completo
1924,LAG,3525.jpg,glaucoma,0,sem_glaucoma,completo
1925,LAG,3531.jpg,glaucoma,0,sem_glaucoma,completo
1926,LAG,3533.jpg,glaucoma,0,sem_glaucoma,completo
1927,LAG,3536.jpg,glaucoma,0,sem_glaucoma,completo
1928,LAG,3537.jpg,glaucoma,0,sem_glaucoma,completo
1929,LAG,3538.jpg,glaucoma,0,sem_glaucoma,completo
1930,LAG,3539.jpg,glaucoma,0,sem_glaucoma,completo
1931,LAG,3541.jpg,glaucoma,0,sem_glaucoma,completo
1932,LAG,3542.jpg,glaucoma,0,sem_glaucoma,completo
1933,LAG,3543.jpg,glaucoma,0,sem_glaucoma,completo
1934,LAG,3544.jpg,glaucoma,0,sem_glaucoma,completo
1935,LAG,3547.jpg,glaucoma,0,sem_glaucoma,completo
1936,LAG,3548.jpg,glaucoma,0,sem_glaucoma,completo
1937,LAG,3549.jpg,glaucoma,0,sem_glaucoma,completo
1938,LAG,3550.jpg,glaucoma,0,sem_glaucoma,completo
1939,LAG,3552.jpg,glaucoma,0,sem_glaucoma,completo
1940,LAG,3553.jpg,glaucoma,0,sem_glaucoma,completo
1941,LAG,3554.jpg,glaucoma,0,sem_glaucoma,completo
1942,LAG,3557.jpg,glaucoma,0,sem_glaucoma,completo
1943,LAG,3561.jpg,glaucoma,0,sem_glaucoma,completo
1944,LAG,3562.jpg,glaucoma,0,sem_glaucoma,completo
1945,LAG,3563.jpg,glaucoma,0,sem_glaucoma,completo
1946,LAG,3564.jpg,glaucoma,0,sem_glaucoma,completo
1947,LAG,3565.jpg,glaucoma,0,sem_glaucoma,completo
1948,LAG,3567.jpg,glaucoma,0,sem_glaucoma,completo
1949,LAG,3568.jpg,glaucoma,0,sem_glaucoma,completo
1950,LAG,3571.jpg,glaucoma,0,sem_glaucoma,completo
1951,LAG,3575.jpg,glaucoma,0,sem_glaucoma,completo
1952,LAG,3576.jpg,glaucoma,0,sem_glaucoma,completo
1953,LAG,3577.jpg,glaucoma,0,sem_glaucoma,completo
1954,LAG,3582.jpg,glaucoma,0,sem_glaucoma,completo
1955,LAG,3588.jpg,glaucoma,0,sem_glaucoma,completo
1956,LAG,3589.jpg,glaucoma,0,sem_glaucoma,completo
1957,LAG,3590.jpg,glaucoma,0,sem_glaucoma,completo
1958,LAG,3592.jpg,glaucoma,0,sem_glaucoma,completo
1959,LAG,3593.jpg,glaucoma,0,sem_glaucoma,completo
1960,LAG,3594.jpg,glaucoma,0,sem_glaucoma,completo
1961,LAG,3595.jpg,glaucoma,0,sem_glaucoma,completo
1962,LAG,3596.jpg,glaucoma,0,sem_glaucoma,completo
1963,LAG,3597.jpg,glaucoma,0,sem_glaucoma,completo
1964,LAG,3598.jpg,glaucoma,0,sem_glaucoma,completo
1965,LAG,3600.jpg,glaucoma,0,sem_glaucoma,completo
1966,LAG,3601.jpg,glaucoma,0,sem_glaucoma,completo
1967,LAG,3604.jpg,glaucoma,0,sem_glaucoma,completo
1968,LAG,3605.jpg,glaucoma,0,sem_glaucoma,completo
1969,LAG,3606.jpg,glaucoma,0,sem_glaucoma,completo
1970,LAG,3609.jpg,glaucoma,0,sem_glaucoma,completo
1971,LAG,3610.jpg,glaucoma,0,sem_glaucoma,completo
1972,LAG,3612.jpg,glaucoma,0,sem_glaucoma,completo
1973,LAG,3614.jpg,glaucoma,0,sem_glaucoma,completo
1974,LAG,3616.jpg,glaucoma,0,sem_glaucoma,completo
1975,LAG,3617.jpg,glaucoma,0,sem_glaucoma,completo
1976,LAG,3619.jpg,glaucoma,0,sem_glaucoma,completo
1977,LAG,3620.jpg,glaucoma,0,sem_glaucoma,completo
1978,LAG,3621.jpg,glaucoma,0,sem_glaucoma,completo
1979,LAG,3623.jpg,glaucoma,0,sem_glaucoma,completo
1980,LAG,3625.jpg,glaucoma,0,sem_glaucoma,completo
1981,LAG,3626.jpg,glaucoma,0,sem_glaucoma,completo
1982,LAG,3628.jpg,glaucoma,0,sem_glaucoma,completo
1983,LAG,3629.jpg,glaucoma,0,sem_glaucoma,completo
1984,LAG,3632.jpg,glaucoma,0,sem_glaucoma,completo
1985,LAG,3633.jpg,glaucoma,0,sem_glaucoma,completo
1986,LAG,3634.jpg,glaucoma,0,sem_glaucoma,completo
1987,LAG,3636.jpg,glaucoma,0,sem_glaucoma,completo
1988,LAG,3637.jpg,glaucoma,0,sem_glaucoma,completo
1989,LAG,3641.jpg,glaucoma,0,sem_glaucoma,completo
1990,LAG,3644.jpg,glaucoma,0,sem_glaucoma,completo
1991,LAG,3645.jpg,glaucoma,0,sem_glaucoma,completo
1992,LAG,3646.jpg,glaucoma,0,sem_glaucoma,completo
1993,LAG,3648.jpg,glaucoma,0,sem_glaucoma,completo
1994,LAG,3649.jpg,glaucoma,0,sem_glaucoma,completo
1995,LAG,3651.jpg,glaucoma,0,sem_glaucoma,completo
1996,LAG,3653.jpg,glaucoma,0,sem_glaucoma,completo
1997,LAG,3654.jpg,glaucoma,0,sem_glaucoma,completo
1998,LAG,3655.jpg,glaucoma,0,sem_glaucoma,completo
1999,LAG,3657.jpg,glaucoma,0,sem_glaucoma,completo
2000,LAG,3660.jpg,glaucoma,0,sem_glaucoma,completo
2001,LAG,3661.jpg,glaucoma,0,sem_glaucoma,completo
2002,LAG,3663.jpg,glaucoma,0,sem_glaucoma,completo
2003,LAG,3667.jpg,glaucoma,0,sem_glaucoma,completo
2004,LAG,3670.jpg,glaucoma,0,sem_glaucoma,completo
2005,LAG,3671.jpg,glaucoma,0,sem_glaucoma,completo
2006,LAG,3672.jpg,glaucoma,0,sem_glaucoma,completo
2007,LAG,3676.jpg,glaucoma,0,sem_glaucoma,completo
2008,LAG,3679.jpg,glaucoma,0,sem_glaucoma,completo
2009,LAG,3680.jpg,glaucoma,0,sem_glaucoma,completo
2010,LAG,3681.jpg,glaucoma,0,sem_glaucoma,completo
2011,LAG,3683.jpg,glaucoma,0,sem_glaucoma,completo
2012,LAG,3684.jpg,glaucoma,0,sem_glaucoma,completo
2013,LAG,3685.jpg,glaucoma,0,sem_glaucoma,completo
2014,LAG,3688.jpg,glaucoma,0,sem_glaucoma,completo
2015,LAG,3690.jpg,glaucoma,0,sem_glaucoma,completo
2016,LAG,3692.jpg,glaucoma,0,sem_glaucoma,completo
2017,LAG,3693.jpg,glaucoma,0,sem_glaucoma,completo
2018,LAG,3694.jpg,glaucoma,0,sem_glaucoma,completo
2019,LAG,3697.jpg,glaucoma,0,sem_glaucoma,completo
2020,LAG,3699.jpg,glaucoma,0,sem_glaucoma,completo
2021,LAG,3700.jpg,glaucoma,0,sem_glaucoma,completo
2022,LAG,3702.jpg,glaucoma,0,sem_glaucoma,completo
2023,LAG,3703.jpg,glaucoma,0,sem_glaucoma,completo
2024,LAG,3706.jpg,glaucoma,0,sem_glaucoma,completo
2025,LAG,3708.jpg,glaucoma,0,sem_glaucoma,completo
2026,LAG,3713.jpg,glaucoma,0,sem_glaucoma,completo
2027,LAG,3715.jpg,glaucoma,0,sem_glaucoma,completo
2028,LAG,3716.jpg,glaucoma,0,sem_glaucoma,completo
2029,LAG,3719.jpg,glaucoma,0,sem_glaucoma,completo
2030,LAG,3720.jpg,glaucoma,0,sem_glaucoma,completo
2031,LAG,3722.jpg,glaucoma,0,sem_glaucoma,completo
2032,LAG,3723.jpg,glaucoma,0,sem_glaucoma,completo
2033,LAG,3724.jpg,glaucoma,0,sem_glaucoma,completo
2034,LAG,3726.jpg,glaucoma,0,sem_glaucoma,completo
2035,LAG,3727.jpg,glaucoma,0,sem_glaucoma,completo
2036,LAG,3728.jpg,glaucoma,0,sem_glaucoma,completo
2037,LAG,3729.jpg,glaucoma,0,sem_glaucoma,completo
2038,LAG,3734.jpg,glaucoma,0,sem_glaucoma,completo
2039,LAG,3735.jpg,glaucoma,0,sem_glaucoma,completo
2040,LAG,3740.jpg,glaucoma,0,sem_glaucoma,completo
2041,LAG,3743.jpg,glaucoma,0,sem_glaucoma,completo
2042,LAG,3745.jpg,glaucoma,0,sem_glaucoma,completo
2043,LAG,3746.jpg,glaucoma,0,sem_glaucoma,completo
2044,LAG,3747.jpg,glaucoma,0,sem_glaucoma,completo
2045,LAG,3749.jpg,glaucoma,0,sem_glaucoma,completo
2046,LAG,3752.jpg,glaucoma,0,sem_glaucoma,completo
2047,LAG,3753.jpg,glaucoma,0,sem_glaucoma,completo
2048,LAG,3754.jpg,glaucoma,0,sem_glaucoma,completo
2049,LAG,3757.jpg,glaucoma,0,sem_glaucoma,completo
2050,LAG,3758.jpg,glaucoma,0,sem_glaucoma,completo
2051,LAG,3760.jpg,glaucoma,0,sem_glaucoma,completo
2052,LAG,3763.jpg,glaucoma,0,sem_glaucoma,completo
2053,LAG,3765.jpg,glaucoma,0,sem_glaucoma,completo
2054,LAG,3767.jpg,glaucoma,0,sem_glaucoma,completo
2055,LAG,3768.jpg,glaucoma,0,sem_glaucoma,completo
2056,LAG,3770.jpg,glaucoma,0,sem_glaucoma,completo
2057,LAG,3772.jpg,glaucoma,0,sem_glaucoma,completo
2058,LAG,3773.jpg,glaucoma,0,sem_glaucoma,completo
2059,LAG,3776.jpg,glaucoma,0,sem_glaucoma,completo
2060,LAG,3777.jpg,glaucoma,0,sem_glaucoma,completo
2061,LAG,3778.jpg,glaucoma,0,sem_glaucoma,completo
2062,LAG,3779.jpg,glaucoma,0,sem_glaucoma,completo
2063,LAG,3780.jpg,glaucoma,0,sem_glaucoma,completo
2064,LAG,3783.jpg,glaucoma,0,sem_glaucoma,completo
2065,LAG,3784.jpg,glaucoma,0,sem_glaucoma,completo
2066,LAG,3785.jpg,glaucoma,0,sem_glaucoma,completo
2067,LAG,3788.jpg,glaucoma,0,sem_glaucoma,completo
2068,LAG,3790.jpg,glaucoma,0,sem_glaucoma,completo
2069,LAG,3792.jpg,glaucoma,0,sem_glaucoma,completo
2070,LAG,3793.jpg,glaucoma,0,sem_glaucoma,completo
2071,LAG,3795.jpg,glaucoma,0,sem_glaucoma,completo
2072,LAG,3798.jpg,glaucoma,0,sem_glaucoma,completo
2073,LAG,3799.jpg,glaucoma,0,sem_glaucoma,completo
2074,LAG,3800.jpg,glaucoma,0,sem_glaucoma,completo
2075,LAG,3802.jpg,glaucoma,0,sem_glaucoma,completo
2076,LAG,3803.jpg,glaucoma,0,sem_glaucoma,completo
2077,LAG,3807.jpg,glaucoma,0,sem_glaucoma,completo
2078,LAG,3810.jpg,glaucoma,0,sem_glaucoma,completo
2079,LAG,3811.jpg,glaucoma,0,sem_glaucoma,completo
2080,LAG,3812.jpg,glaucoma,0,sem_glaucoma,completo
2081,LAG,3813.jpg,glaucoma,0,sem_glaucoma,completo
2082,LAG,3814.jpg,glaucoma,0,sem_glaucoma,completo
2083,LAG,3815.jpg,glaucoma,0,sem_glaucoma,completo
2084,LAG,3819.jpg,glaucoma,0,sem_glaucoma,completo
2085,LAG,3820.jpg,glaucoma,0,sem_glaucoma,completo
2086,LAG,3822.jpg,glaucoma,0,sem_glaucoma,completo
2087,LAG,3823.jpg,glaucoma,0,sem_glaucoma,completo
2088,LAG,3824.jpg,glaucoma,0,sem_glaucoma,completo
2089,LAG,3827.jpg,glaucoma,0,sem_glaucoma,completo
2090,LAG,3828.jpg,glaucoma,0,sem_glaucoma,completo
2091,LAG,3830.jpg,glaucoma,0,sem_glaucoma,completo
2092,LAG,3831.jpg,glaucoma,0,sem_glaucoma,completo
2093,LAG,3832.jpg,glaucoma,0,sem_glaucoma,completo
2094,LAG,3833.jpg,glaucoma,0,sem_glaucoma,completo
2095,LAG,3837.jpg,glaucoma,0,sem_glaucoma,completo
2096,LAG,3840.jpg,glaucoma,0,sem_glaucoma,completo
2097,LAG,3841.jpg,glaucoma,0,sem_glaucoma,completo
2098,LAG,3844.jpg,glaucoma,0,sem_glaucoma,completo
2099,LAG,3845.jpg,glaucoma,0,sem_glaucoma,completo
2100,LAG,3846.jpg,glaucoma,0,sem_glaucoma,completo
2101,LAG,3847.jpg,glaucoma,0,sem_glaucoma,completo
2102,LAG,3849.jpg,glaucoma,0,sem_glaucoma,completo
2103,LAG,3850.jpg,glaucoma,0,sem_glaucoma,completo
2104,LAG,3852.jpg,glaucoma,0,sem_glaucoma,completo
2105,LAG,3853.jpg,glaucoma,0,sem_glaucoma,completo
2106,LAG,3856.jpg,glaucoma,0,sem_glaucoma,completo
2107,LAG,3857.jpg,glaucoma,0,sem_glaucoma,completo
2108,LAG,3858.jpg,glaucoma,0,sem_glaucoma,completo
2109,LAG,3859.jpg,glaucoma,0,sem_glaucoma,completo
2110,LAG,3861.jpg,glaucoma,0,sem_glaucoma,completo
2111,LAG,3864.jpg,glaucoma,0,sem_glaucoma,completo
2112,LAG,3865.jpg,glaucoma,0,sem_glaucoma,completo
2113,LAG,3867.jpg,glaucoma,0,sem_glaucoma,completo
2114,LAG,3869.jpg,glaucoma,0,sem_glaucoma,completo
2115,LAG,3870.jpg,glaucoma,0,sem_glaucoma,completo
2116,LAG,3871.jpg,glaucoma,0,sem_glaucoma,completo
2117,LAG,3872.jpg,glaucoma,0,sem_glaucoma,completo
2118,LAG,3875.jpg,glaucoma,0,sem_glaucoma,completo
2119,LAG,3880.jpg,glaucoma,0,sem_glaucoma,completo
2120,LAG,3884.jpg,glaucoma,0,sem_glaucoma,completo
2121,LAG,3885.jpg,glaucoma,0,sem_glaucoma,completo
2122,LAG,3888.jpg,glaucoma,0,sem_glaucoma,completo
2123,LAG,3891.jpg,glaucoma,0,sem_glaucoma,completo
2124,LAG,3892.jpg,glaucoma,0,sem_glaucoma,completo
2125,LAG,3894.jpg,glaucoma,0,sem_glaucoma,completo
2126,LAG,3895.jpg,glaucoma,0,sem_glaucoma,completo
2127,LAG,3896.jpg,glaucoma,0,sem_glaucoma,completo
2128,LAG,3900.jpg,glaucoma,0,sem_glaucoma,completo
2129,LAG,3902.jpg,glaucoma,0,sem_glaucoma,completo
2130,LAG,3904.jpg,glaucoma,0,sem_glaucoma,completo
2131,LAG,3906.jpg,glaucoma,0,sem_glaucoma,completo
2132,LAG,3908.jpg,glaucoma,0,sem_glaucoma,completo
2133,LAG,3909.jpg,glaucoma,0,sem_glaucoma,completo
2134,LAG,3910.jpg,glaucoma,0,sem_glaucoma,completo
2135,LAG,3911.jpg,glaucoma,0,sem_glaucoma,completo
2136,LAG,3912.jpg,glaucoma,0,sem_glaucoma,completo
2137,LAG,3913.jpg,glaucoma,0,sem_glaucoma,completo
2138,LAG,3917.jpg,glaucoma,0,sem_glaucoma,completo
2139,LAG,3918.jpg,glaucoma,0,sem_glaucoma,completo
2140,LAG,3919.jpg,glaucoma,0,sem_glaucoma,completo
2141,LAG,3920.jpg,glaucoma,0,sem_glaucoma,completo
2142,LAG,3921.jpg,glaucoma,0,sem_glaucoma,completo
2143,LAG,3933.jpg,glaucoma,0,sem_glaucoma,completo
2144,LAG,3935.jpg,glaucoma,0,sem_glaucoma,completo
2145,LAG,3938.jpg,glaucoma,0,sem_glaucoma,completo
2146,LAG,3942.jpg,glaucoma,0,sem_glaucoma,completo
2147,LAG,3943.jpg,glaucoma,0,sem_glaucoma,completo
2148,LAG,3944.jpg,glaucoma,0,sem_glaucoma,completo
2149,LAG,3954.jpg,glaucoma,0,sem_glaucoma,completo
2150,LAG,3955.jpg,glaucoma,0,sem_glaucoma,completo
2151,LAG,3956.jpg,glaucoma,0,sem_glaucoma,completo
2152,LAG,3957.jpg,glaucoma,0,sem_glaucoma,completo
2153,LAG,3960.jpg,glaucoma,0,sem_glaucoma,completo
2154,LAG,3962.jpg,glaucoma,0,sem_glaucoma,completo
2155,LAG,3965.jpg,glaucoma,0,sem_glaucoma,completo
2156,LAG,3966.jpg,glaucoma,0,sem_glaucoma,completo
2157,LAG,3967.jpg,glaucoma,0,sem_glaucoma,completo
2158,LAG,3969.jpg,glaucoma,0,sem_glaucoma,completo
2159,LAG,3970.jpg,glaucoma,0,sem_glaucoma,completo
2160,LAG,3972.jpg,glaucoma,0,sem_glaucoma,completo
2161,LAG,3973.jpg,glaucoma,0,sem_glaucoma,completo
2162,LAG,3975.jpg,glaucoma,0,sem_glaucoma,completo
2163,LAG,3976.jpg,glaucoma,0,sem_glaucoma,completo
2164,LAG,3978.jpg,glaucoma,0,sem_glaucoma,completo
2165,LAG,3981.jpg,glaucoma,0,sem_glaucoma,completo
2166,LAG,3982.jpg,glaucoma,0,sem_glaucoma,completo
2167,LAG,3983.jpg,glaucoma,0,sem_glaucoma,completo
2168,LAG,3984.jpg,glaucoma,0,sem_glaucoma,completo
2169,LAG,3985.jpg,glaucoma,0,sem_glaucoma,completo
2170,LAG,3986.jpg,glaucoma,0,sem_glaucoma,completo
2171,LAG,3987.jpg,glaucoma,0,sem_glaucoma,completo
2172,LAG,3988.jpg,glaucoma,0,sem_glaucoma,completo
2173,LAG,3989.jpg,glaucoma,0,sem_glaucoma,completo
2174,LAG,3990.jpg,glaucoma,0,sem_glaucoma,completo
2175,LAG,3992.jpg,glaucoma,0,sem_glaucoma,completo
2176,LAG,3993.jpg,glaucoma,0,sem_glaucoma,completo
2177,LAG,3994.jpg,glaucoma,0,sem_glaucoma,completo
2178,LAG,3995.jpg,glaucoma,0,sem_glaucoma,completo
2179,LAG,3999.jpg,glaucoma,0,sem_glaucoma,completo
2180,LAG,4000.jpg,glaucoma,0,sem_glaucoma,completo
2181,LAG,4002.jpg,glaucoma,0,sem_glaucoma,completo
2182,LAG,4004.jpg,glaucoma,0,sem_glaucoma,completo
2183,LAG,4006.jpg,glaucoma,0,sem_glaucoma,completo
2184,LAG,4007.jpg,glaucoma,0,sem_glaucoma,completo
2185,LAG,4008.jpg,glaucoma,0,sem_glaucoma,completo
2186,LAG,4010.jpg,glaucoma,0,sem_glaucoma,completo
2187,LAG,4012.jpg,glaucoma,0,sem_glaucoma,completo
2188,LAG,4023.jpg,glaucoma,0,sem_glaucoma,completo
2189,LAG,4024.jpg,glaucoma,0,sem_glaucoma,completo
2190,LAG,4026.jpg,glaucoma,0,sem_glaucoma,completo
2191,LAG,4027.jpg,glaucoma,0,sem_glaucoma,completo
2192,LAG,4030.jpg,glaucoma,0,sem_glaucoma,completo
2193,LAG,4034.jpg,glaucoma,0,sem_glaucoma,completo
2194,LAG,4035.jpg,glaucoma,0,sem_glaucoma,completo
2195,LAG,4036.jpg,glaucoma,0,sem_glaucoma,completo
2196,LAG,4039.jpg,glaucoma,0,sem_glaucoma,completo
2197,LAG,4041.jpg,glaucoma,0,sem_glaucoma,completo
2198,LAG,4042.jpg,glaucoma,0,sem_glaucoma,completo
2199,LAG,4046.jpg,glaucoma,0,sem_glaucoma,completo
2200,LAG,4049.jpg,glaucoma,0,sem_glaucoma,completo
2201,LAG,4050.jpg,glaucoma,0,sem_glaucoma,completo
2202,LAG,4052.jpg,glaucoma,0,sem_glaucoma,completo
2203,LAG,4053.jpg,glaucoma,0,sem_glaucoma,completo
2204,LAG,4054.jpg,glaucoma,0,sem_glaucoma,completo
2205,LAG,4055.jpg,glaucoma,0,sem_glaucoma,completo
2206,LAG,4056.jpg,glaucoma,0,sem_glaucoma,completo
2207,LAG,4059.jpg,glaucoma,0,sem_glaucoma,completo
2208,LAG,4060.jpg,glaucoma,0,sem_glaucoma,completo
2209,LAG,4061.jpg,glaucoma,0,sem_glaucoma,completo
2210,LAG,4062.jpg,glaucoma,0,sem_glaucoma,completo
2211,LAG,4065.jpg,glaucoma,0,sem_glaucoma,completo
2212,LAG,4067.jpg,glaucoma,0,sem_glaucoma,completo
2213,LAG,4068.jpg,glaucoma,0,sem_glaucoma,completo
2214,LAG,4069.jpg,glaucoma,0,sem_glaucoma,completo
2215,LAG,4070.jpg,glaucoma,0,sem_glaucoma,completo
2216,LAG,4073.jpg,glaucoma,0,sem_glaucoma,completo
2217,LAG,4074.jpg,glaucoma,0,sem_glaucoma,completo
2218,LAG,4078.jpg,glaucoma,0,sem_glaucoma,completo
2219,LAG,4080.jpg,glaucoma,0,sem_glaucoma,completo
2220,LAG,4085.jpg,glaucoma,0,sem_glaucoma,completo
2221,LAG,4086.jpg,glaucoma,0,sem_glaucoma,completo
2222,LAG,4088.jpg,glaucoma,0,sem_glaucoma,completo
2223,LAG,4089.jpg,glaucoma,0,sem_glaucoma,completo
2224,LAG,4094.jpg,glaucoma,0,sem_glaucoma,completo
2225,LAG,4096.jpg,glaucoma,0,sem_glaucoma,completo
2226,LAG,4097.jpg,glaucoma,0,sem_glaucoma,completo
2227,LAG,4099.jpg,glaucoma,0,sem_glaucoma,completo
2228,LAG,4101.jpg,glaucoma,0,sem_glaucoma,completo
2229,LAG,4104.jpg,glaucoma,0,sem_glaucoma,completo
2230,LAG,4106.jpg,glaucoma,0,sem_glaucoma,completo
2231,LAG,4109.jpg,glaucoma,0,sem_glaucoma,completo
2232,LAG,4110.jpg,glaucoma,0,sem_glaucoma,completo
2233,LAG,4111.jpg,glaucoma,0,sem_glaucoma,completo
2234,LAG,4112.jpg,glaucoma,0,sem_glaucoma,completo
2235,LAG,4113.jpg,glaucoma,0,sem_glaucoma,completo
2236,LAG,4114.jpg,glaucoma,0,sem_glaucoma,completo
2237,LAG,4115.jpg,glaucoma,0,sem_glaucoma,completo
2238,LAG,4116.jpg,glaucoma,0,sem_glaucoma,completo
2239,LAG,4118.jpg,glaucoma,0,sem_glaucoma,completo
2240,LAG,4119.jpg,glaucoma,0,sem_glaucoma,completo
2241,LAG,4120.jpg,glaucoma,0,sem_glaucoma,completo
2242,LAG,4121.jpg,glaucoma,0,sem_glaucoma,completo
2243,LAG,4124.jpg,glaucoma,0,sem_glaucoma,completo
2244,LAG,4125.jpg,glaucoma,0,sem_glaucoma,completo
2245,LAG,4130.jpg,glaucoma,0,sem_glaucoma,completo
2246,LAG,4133.jpg,glaucoma,0,sem_glaucoma,completo
2247,LAG,4138.jpg,glaucoma,0,sem_glaucoma,completo
2248,LAG,4140.jpg,glaucoma,0,sem_glaucoma,completo
2249,LAG,4141.jpg,glaucoma,0,sem_glaucoma,completo
2250,LAG,4142.jpg,glaucoma,0,sem_glaucoma,completo
2251,LAG,4149.jpg,glaucoma,0,sem_glaucoma,completo
2252,LAG,4151.jpg,glaucoma,0,sem_glaucoma,completo
2253,LAG,4153.jpg,glaucoma,0,sem_glaucoma,completo
2254,LAG,4157.jpg,glaucoma,0,sem_glaucoma,completo
2255,LAG,4159.jpg,glaucoma,0,sem_glaucoma,completo
2256,LAG,4162.jpg,glaucoma,0,sem_glaucoma,completo
2257,LAG,4165.jpg,glaucoma,0,sem_glaucoma,completo
2258,LAG,4166.jpg,glaucoma,0,sem_glaucoma,completo
2259,LAG,4167.jpg,glaucoma,0,sem_glaucoma,completo
2260,LAG,4168.jpg,glaucoma,0,sem_glaucoma,completo
2261,LAG,4170.jpg,glaucoma,0,sem_glaucoma,completo
2262,LAG,4171.jpg,glaucoma,0,sem_glaucoma,completo
2263,LAG,4173.jpg,glaucoma,0,sem_glaucoma,completo
2264,LAG,4175.jpg,glaucoma,0,sem_glaucoma,completo
2265,LAG,4176.jpg,glaucoma,0,sem_glaucoma,completo
2266,LAG,4177.jpg,glaucoma,0,sem_glaucoma,completo
2267,LAG,4179.jpg,glaucoma,0,sem_glaucoma,completo
2268,LAG,4181.jpg,glaucoma,0,sem_glaucoma,completo
2269,LAG,4182.jpg,glaucoma,0,sem_glaucoma,completo
2270,LAG,4183.jpg,glaucoma,0,sem_glaucoma,completo
2271,LAG,4185.jpg,glaucoma,0,sem_glaucoma,completo
2272,LAG,4186.jpg,glaucoma,0,sem_glaucoma,completo
2273,LAG,4187.jpg,glaucoma,0,sem_glaucoma,completo
2274,LAG,4188.jpg,glaucoma,0,sem_glaucoma,completo
2275,LAG,4189.jpg,glaucoma,0,sem_glaucoma,completo
2276,LAG,4190.jpg,glaucoma,0,sem_glaucoma,completo
2277,LAG,4192.jpg,glaucoma,0,sem_glaucoma,completo
2278,LAG,4193.jpg,glaucoma,0,sem_glaucoma,completo
2279,LAG,4194.jpg,glaucoma,0,sem_glaucoma,completo
2280,LAG,4195.jpg,glaucoma,0,sem_glaucoma,completo
2281,LAG,4197.jpg,glaucoma,0,sem_glaucoma,completo
2282,LAG,4200.jpg,glaucoma,0,sem_glaucoma,completo
2283,LAG,4201.jpg,glaucoma,0,sem_glaucoma,completo
2284,LAG,4202.jpg,glaucoma,0,sem_glaucoma,completo
2285,LAG,4205.jpg,glaucoma,0,sem_glaucoma,completo
2286,LAG,4208.jpg,glaucoma,0,sem_glaucoma,completo
2287,LAG,4211.jpg,glaucoma,0,sem_glaucoma,completo
2288,LAG,4212.jpg,glaucoma,0,sem_glaucoma,completo
2289,LAG,4213.jpg,glaucoma,0,sem_glaucoma,completo
2290,LAG,4215.jpg,glaucoma,0,sem_glaucoma,completo
2291,LAG,4217.jpg,glaucoma,0,sem_glaucoma,completo
2292,LAG,4219.jpg,glaucoma,0,sem_glaucoma,completo
2293,LAG,4220.jpg,glaucoma,0,sem_glaucoma,completo
2294,LAG,4222.jpg,glaucoma,0,sem_glaucoma,completo
2295,LAG,4226.jpg,glaucoma,0,sem_glaucoma,completo
2296,LAG,4227.jpg,glaucoma,0,sem_glaucoma,completo
2297,LAG,4230.jpg,glaucoma,0,sem_glaucoma,completo
2298,LAG,4232.jpg,glaucoma,0,sem_glaucoma,completo
2299,LAG,4233.jpg,glaucoma,0,sem_glaucoma,completo
2300,LAG,4236.jpg,glaucoma,0,sem_glaucoma,completo
2301,LAG,4237.jpg,glaucoma,0,sem_glaucoma,completo
2302,LAG,4239.jpg,glaucoma,0,sem_glaucoma,completo
2303,LAG,4241.jpg,glaucoma,0,sem_glaucoma,completo
2304,LAG,4242.jpg,glaucoma,0,sem_glaucoma,completo
2305,LAG,4243.jpg,glaucoma,0,sem_glaucoma,completo
2306,LAG,4245.jpg,glaucoma,0,sem_glaucoma,completo
2307,LAG,4246.jpg,glaucoma,0,sem_glaucoma,completo
2308,LAG,4247.jpg,glaucoma,0,sem_glaucoma,completo
2309,LAG,4250.jpg,glaucoma,0,sem_glaucoma,completo
2310,LAG,4251.jpg,glaucoma,0,sem_glaucoma,completo
2311,LAG,4252.jpg,glaucoma,0,sem_glaucoma,completo
2312,LAG,4254.jpg,glaucoma,0,sem_glaucoma,completo
2313,LAG,4255.jpg,glaucoma,0,sem_glaucoma,completo
2314,LAG,4256.jpg,glaucoma,0,sem_glaucoma,completo
2315,LAG,4260.jpg,glaucoma,0,sem_glaucoma,completo
2316,LAG,4261.jpg,glaucoma,0,sem_glaucoma,completo
2317,LAG,4264.jpg,glaucoma,0,sem_glaucoma,completo
2318,LAG,4267.jpg,glaucoma,0,sem_glaucoma,completo
2319,LAG,4269.jpg,glaucoma,0,sem_glaucoma,completo
2320,LAG,4271.jpg,glaucoma,0,sem_glaucoma,completo
2321,LAG,4272.jpg,glaucoma,0,sem_glaucoma,completo
2322,LAG,4273.jpg,glaucoma,0,sem_glaucoma,completo
2323,LAG,4274.jpg,glaucoma,0,sem_glaucoma,completo
2324,LAG,4278.jpg,glaucoma,0,sem_glaucoma,completo
2325,LAG,4279.jpg,glaucoma,0,sem_glaucoma,completo
2326,LAG,4282.jpg,glaucoma,0,sem_glaucoma,completo
2327,LAG,4286.jpg,glaucoma,0,sem_glaucoma,completo
2328,LAG,4288.jpg,glaucoma,0,sem_glaucoma,completo
2329,LAG,4289.jpg,glaucoma,0,sem_glaucoma,completo
2330,LAG,4290.jpg,glaucoma,0,sem_glaucoma,completo
2331,LAG,4291.jpg,glaucoma,0,sem_glaucoma,completo
2332,LAG,4293.jpg,glaucoma,0,sem_glaucoma,completo
2333,LAG,4294.jpg,glaucoma,0,sem_glaucoma,completo
2334,LAG,4295.jpg,glaucoma,0,sem_glaucoma,completo
2335,LAG,4297.jpg,glaucoma,0,sem_glaucoma,completo
2336,LAG,4298.jpg,glaucoma,0,sem_glaucoma,completo
2337,LAG,4299.jpg,glaucoma,0,sem_glaucoma,completo
2338,LAG,4300.jpg,glaucoma,0,sem_glaucoma,completo
2339,LAG,4301.jpg,glaucoma,0,sem_glaucoma,completo
2340,LAG,4304.jpg,glaucoma,0,sem_glaucoma,completo
2341,LAG,4306.jpg,glaucoma,0,sem_glaucoma,completo
2342,LAG,4308.jpg,glaucoma,0,sem_glaucoma,completo
2343,LAG,4309.jpg,glaucoma,0,sem_glaucoma,completo
2344,LAG,4311.jpg,glaucoma,0,sem_glaucoma,completo
2345,LAG,4312.jpg,glaucoma,0,sem_glaucoma,completo
2346,LAG,4315.jpg,glaucoma,0,sem_glaucoma,completo
2347,LAG,4317.jpg,glaucoma,0,sem_glaucoma,completo
2348,LAG,4318.jpg,glaucoma,0,sem_glaucoma,completo
2349,LAG,4324.jpg,glaucoma,0,sem_glaucoma,completo
2350,LAG,4326.jpg,glaucoma,0,sem_glaucoma,completo
2351,LAG,4328.jpg,glaucoma,0,sem_glaucoma,completo
2352,LAG,4329.jpg,glaucoma,0,sem_glaucoma,completo
2353,LAG,4330.jpg,glaucoma,0,sem_glaucoma,completo
2354,LAG,4334.jpg,glaucoma,0,sem_glaucoma,completo
2355,LAG,4335.jpg,glaucoma,0,sem_glaucoma,completo
2356,LAG,4337.jpg,glaucoma,0,sem_glaucoma,completo
2357,LAG,4342.jpg,glaucoma,0,sem_glaucoma,completo
2358,LAG,4344.jpg,glaucoma,0,sem_glaucoma,completo
2359,LAG,4346.jpg,glaucoma,0,sem_glaucoma,completo
2360,LAG,4347.jpg,glaucoma,0,sem_glaucoma,completo
2361,LAG,4349.jpg,glaucoma,0,sem_glaucoma,completo
2362,LAG,4352.jpg,glaucoma,0,sem_glaucoma,completo
2363,LAG,4354.jpg,glaucoma,0,sem_glaucoma,completo
2364,LAG,4355.jpg,glaucoma,0,sem_glaucoma,completo
2365,LAG,4356.jpg,glaucoma,0,sem_glaucoma,completo
2366,LAG,4357.jpg,glaucoma,0,sem_glaucoma,completo
2367,LAG,4358.jpg,glaucoma,0,sem_glaucoma,completo
2368,LAG,4359.jpg,glaucoma,0,sem_glaucoma,completo
2369,LAG,4361.jpg,glaucoma,0,sem_glaucoma,completo
2370,LAG,4362.jpg,glaucoma,0,sem_glaucoma,completo
2371,LAG,4363.jpg,glaucoma,0,sem_glaucoma,completo
2372,LAG,4375.jpg,glaucoma,0,sem_glaucoma,completo
2373,LAG,4378.jpg,glaucoma,0,sem_glaucoma,completo
2374,LAG,4379.jpg,glaucoma,0,sem_glaucoma,completo
2375,LAG,4381.jpg,glaucoma,0,sem_glaucoma,completo
2376,LAG,4382.jpg,glaucoma,0,sem_glaucoma,completo
2377,LAG,4385.jpg,glaucoma,0,sem_glaucoma,completo
2378,LAG,4386.jpg,glaucoma,0,sem_glaucoma,completo
2379,LAG,4387.jpg,glaucoma,0,sem_glaucoma,completo
2380,LAG,4388.jpg,glaucoma,0,sem_glaucoma,completo
2381,LAG,4389.jpg,glaucoma,0,sem_glaucoma,completo
2382,LAG,4390.jpg,glaucoma,0,sem_glaucoma,completo
2383,LAG,4392.jpg,glaucoma,0,sem_glaucoma,completo
2384,LAG,4393.jpg,glaucoma,0,sem_glaucoma,completo
2385,LAG,4395.jpg,glaucoma,0,sem_glaucoma,completo
2386,LAG,4398.jpg,glaucoma,0,sem_glaucoma,completo
2387,LAG,4399.jpg,glaucoma,0,sem_glaucoma,completo
2388,LAG,4402.jpg,glaucoma,0,sem_glaucoma,completo
2389,LAG,4403.jpg,glaucoma,0,sem_glaucoma,completo
2390,LAG,4404.jpg,glaucoma,0,sem_glaucoma,completo
2391,LAG,4406.jpg,glaucoma,0,sem_glaucoma,completo
2392,LAG,4407.jpg,glaucoma,0,sem_glaucoma,completo
2393,LAG,4409.jpg,glaucoma,0,sem_glaucoma,completo
2394,LAG,4411.jpg,glaucoma,0,sem_glaucoma,completo
2395,LAG,4416.jpg,glaucoma,0,sem_glaucoma,completo
2396,LAG,4417.jpg,glaucoma,0,sem_glaucoma,completo
2397,LAG,4418.jpg,glaucoma,0,sem_glaucoma,completo
2398,LAG,4419.jpg,glaucoma,0,sem_glaucoma,completo
2399,LAG,4420.jpg,glaucoma,0,sem_glaucoma,completo
2400,LAG,4423.jpg,glaucoma,0,sem_glaucoma,completo
2401,LAG,4424.jpg,glaucoma,0,sem_glaucoma,completo
2402,LAG,4425.jpg,glaucoma,0,sem_glaucoma,completo
2403,LAG,4426.jpg,glaucoma,0,sem_glaucoma,completo
2404,LAG,4427.jpg,glaucoma,0,sem_glaucoma,completo
2405,LAG,4430.jpg,glaucoma,0,sem_glaucoma,completo
2406,LAG,4431.jpg,glaucoma,0,sem_glaucoma,completo
2407,LAG,4432.jpg,glaucoma,0,sem_glaucoma,completo
2408,LAG,4433.jpg,glaucoma,0,sem_glaucoma,completo
2409,LAG,4435.jpg,glaucoma,0,sem_glaucoma,completo
2410,LAG,4438.jpg,glaucoma,0,sem_glaucoma,completo
2411,LAG,4440.jpg,glaucoma,0,sem_glaucoma,completo
2412,LAG,4441.jpg,glaucoma,0,sem_glaucoma,completo
2413,LAG,4442.jpg,glaucoma,0,sem_glaucoma,completo
2414,LAG,4443.jpg,glaucoma,0,sem_glaucoma,completo
2415,LAG,4444.jpg,glaucoma,0,sem_glaucoma,completo
2416,LAG,4446.jpg,glaucoma,0,sem_glaucoma,completo
2417,LAG,4451.jpg,glaucoma,0,sem_glaucoma,completo
2418,LAG,4452.jpg,glaucoma,0,sem_glaucoma,completo
2419,LAG,4454.jpg,glaucoma,0,sem_glaucoma,completo
2420,LAG,4455.jpg,glaucoma,0,sem_glaucoma,completo
2421,LAG,4456.jpg,glaucoma,0,sem_glaucoma,completo
2422,LAG,4458.jpg,glaucoma,0,sem_glaucoma,completo
2423,LAG,4462.jpg,glaucoma,0,sem_glaucoma,completo
2424,LAG,4463.jpg,glaucoma,0,sem_glaucoma,completo
2425,LAG,4466.jpg,glaucoma,0,sem_glaucoma,completo
2426,LAG,4468.jpg,glaucoma,0,sem_glaucoma,completo
2427,LAG,4469.jpg,glaucoma,0,sem_glaucoma,completo
2428,LAG,4470.jpg,glaucoma,0,sem_glaucoma,completo
2429,LAG,4472.jpg,glaucoma,0,sem_glaucoma,completo
2430,LAG,4476.jpg,glaucoma,0,sem_glaucoma,completo
2431,LAG,4477.jpg,glaucoma,0,sem_glaucoma,completo
2432,LAG,4479.jpg,glaucoma,0,sem_glaucoma,completo
2433,LAG,4480.jpg,glaucoma,0,sem_glaucoma,completo
2434,LAG,4481.jpg,glaucoma,0,sem_glaucoma,completo
2435,LAG,4482.jpg,glaucoma,0,sem_glaucoma,completo
2436,LAG,4483.jpg,glaucoma,0,sem_glaucoma,completo
2437,LAG,4484.jpg,glaucoma,0,sem_glaucoma,completo
2438,LAG,4487.jpg,glaucoma,0,sem_glaucoma,completo
2439,LAG,4491.jpg,glaucoma,0,sem_glaucoma,completo
2440,LAG,4492.jpg,glaucoma,0,sem_glaucoma,completo
2441,LAG,4495.jpg,glaucoma,0,sem_glaucoma,completo
2442,LAG,4497.jpg,glaucoma,0,sem_glaucoma,completo
2443,LAG,4498.jpg,glaucoma,0,sem_glaucoma,completo
2444,LAG,4499.jpg,glaucoma,0,sem_glaucoma,completo
2445,LAG,4502.jpg,glaucoma,0,sem_glaucoma,completo
2446,LAG,4503.jpg,glaucoma,0,sem_glaucoma,completo
2447,LAG,4504.jpg,glaucoma,0,sem_glaucoma,completo
2448,LAG,4505.jpg,glaucoma,0,sem_glaucoma,completo
2449,LAG,4508.jpg,glaucoma,0,sem_glaucoma,completo
2450,LAG,4509.jpg,glaucoma,0,sem_glaucoma,completo
2451,LAG,4514.jpg,glaucoma,0,sem_glaucoma,completo
2452,LAG,4515.jpg,glaucoma,0,sem_glaucoma,completo
2453,LAG,4516.jpg,glaucoma,0,sem_glaucoma,completo
2454,LAG,4517.jpg,glaucoma,0,sem_glaucoma,completo
2455,LAG,4520.jpg,glaucoma,0,sem_glaucoma,completo
2456,LAG,4523.jpg,glaucoma,0,sem_glaucoma,completo
2457,LAG,4524.jpg,glaucoma,0,sem_glaucoma,completo
2458,LAG,4525.jpg,glaucoma,0,sem_glaucoma,completo
2459,LAG,4526.jpg,glaucoma,0,sem_glaucoma,completo
2460,LAG,4530.jpg,glaucoma,0,sem_glaucoma,completo
2461,LAG,4531.jpg,glaucoma,0,sem_glaucoma,completo
2462,LAG,4533.jpg,glaucoma,0,sem_glaucoma,completo
2463,LAG,4534.jpg,glaucoma,0,sem_glaucoma,completo
2464,LAG,4535.jpg,glaucoma,0,sem_glaucoma,completo
2465,LAG,4536.jpg,glaucoma,0,sem_glaucoma,completo
2466,LAG,4537.jpg,glaucoma,0,sem_glaucoma,completo
2467,LAG,4538.jpg,glaucoma,0,sem_glaucoma,completo
2468,LAG,4539.jpg,glaucoma,0,sem_glaucoma,completo
2469,LAG,4540.jpg,glaucoma,0,sem_glaucoma,completo
2470,LAG,4541.jpg,glaucoma,0,sem_glaucoma,completo
2471,LAG,4542.jpg,glaucoma,0,sem_glaucoma,completo
2472,LAG,4543.jpg,glaucoma,0,sem_glaucoma,completo
2473,LAG,4545.jpg,glaucoma,0,sem_glaucoma,completo
2474,LAG,4554.jpg,glaucoma,0,sem_glaucoma,completo
2475,LAG,4557.jpg,glaucoma,0,sem_glaucoma,completo
2476,LAG,4558.jpg,glaucoma,0,sem_glaucoma,completo
2477,LAG,4559.jpg,glaucoma,0,sem_glaucoma,completo
2478,LAG,4560.jpg,glaucoma,0,sem_glaucoma,completo
2479,LAG,4561.jpg,glaucoma,0,sem_glaucoma,completo
2480,LAG,4562.jpg,glaucoma,0,sem_glaucoma,completo
2481,LAG,4565.jpg,glaucoma,0,sem_glaucoma,completo
2482,LAG,4567.jpg,glaucoma,0,sem_glaucoma,completo
2483,LAG,4568.jpg,glaucoma,0,sem_glaucoma,completo
2484,LAG,4576.jpg,glaucoma,0,sem_glaucoma,completo
2485,LAG,4578.jpg,glaucoma,0,sem_glaucoma,completo
2486,LAG,4580.jpg,glaucoma,0,sem_glaucoma,completo
2487,LAG,4581.jpg,glaucoma,0,sem_glaucoma,completo
2488,LAG,4585.jpg,glaucoma,0,sem_glaucoma,completo
2489,LAG,4586.jpg,glaucoma,0,sem_glaucoma,completo
2490,LAG,4588.jpg,glaucoma,0,sem_glaucoma,completo
2491,LAG,4589.jpg,glaucoma,0,sem_glaucoma,completo
2492,LAG,4590.jpg,glaucoma,0,sem_glaucoma,completo
2493,LAG,4591.jpg,glaucoma,0,sem_glaucoma,completo
2494,LAG,4593.jpg,glaucoma,0,sem_glaucoma,completo
2495,LAG,4594.jpg,glaucoma,0,sem_glaucoma,completo
2496,LAG,4595.jpg,glaucoma,0,sem_glaucoma,completo
2497,LAG,4600.jpg,glaucoma,0,sem_glaucoma,completo
2498,LAG,4601.jpg,glaucoma,0,sem_glaucoma,completo
2499,LAG,4603.jpg,glaucoma,0,sem_glaucoma,completo
2500,LAG,4604.jpg,glaucoma,0,sem_glaucoma,completo
2501,LAG,4605.jpg,glaucoma,0,sem_glaucoma,completo
2502,LAG,4606.jpg,glaucoma,0,sem_glaucoma,completo
2503,LAG,4607.jpg,glaucoma,0,sem_glaucoma,completo
2504,LAG,4609.jpg,glaucoma,0,sem_glaucoma,completo
2505,LAG,4611.jpg,glaucoma,0,sem_glaucoma,completo
2506,LAG,4614.jpg,glaucoma,0,sem_glaucoma,completo
2507,LAG,4616.jpg,glaucoma,0,sem_glaucoma,completo
2508,LAG,4618.jpg,glaucoma,0,sem_glaucoma,completo
2509,LAG,4622.jpg,glaucoma,0,sem_glaucoma,completo
2510,LAG,4625.jpg,glaucoma,0,sem_glaucoma,completo
2511,LAG,4626.jpg,glaucoma,0,sem_glaucoma,completo
2512,LAG,4629.jpg,glaucoma,0,sem_glaucoma,completo
2513,LAG,4632.jpg,glaucoma,0,sem_glaucoma,completo
2514,LAG,4633.jpg,glaucoma,0,sem_glaucoma,completo
2515,LAG,4635.jpg,glaucoma,0,sem_glaucoma,completo
2516,LAG,4640.jpg,glaucoma,0,sem_glaucoma,completo
2517,LAG,4645.jpg,glaucoma,0,sem_glaucoma,completo
2518,LAG,4652.jpg,glaucoma,0,sem_glaucoma,completo
2519,LAG,4655.jpg,glaucoma,0,sem_glaucoma,completo
2520,LAG,4662.jpg,glaucoma,0,sem_glaucoma,completo
2521,LAG,4665.jpg,glaucoma,0,sem_glaucoma,completo
2522,LAG,4666.jpg,glaucoma,0,sem_glaucoma,completo
2523,LAG,4667.jpg,glaucoma,0,sem_glaucoma,completo
2524,LAG,4670.jpg,glaucoma,0,sem_glaucoma,completo
2525,LAG,4672.jpg,glaucoma,0,sem_glaucoma,completo
2526,LAG,4673.jpg,glaucoma,0,sem_glaucoma,completo
2527,LAG,4675.jpg,glaucoma,0,sem_glaucoma,completo
2528,LAG,4676.jpg,glaucoma,0,sem_glaucoma,completo
2529,LAG,4678.jpg,glaucoma,0,sem_glaucoma,completo
2530,LAG,4684.jpg,glaucoma,0,sem_glaucoma,completo
2531,LAG,4685.jpg,glaucoma,0,sem_glaucoma,completo
2532,LAG,4686.jpg,glaucoma,0,sem_glaucoma,completo
2533,LAG,4687.jpg,glaucoma,0,sem_glaucoma,completo
2534,LAG,4688.jpg,glaucoma,0,sem_glaucoma,completo
2535,LAG,4689.jpg,glaucoma,0,sem_glaucoma,completo
2536,LAG,4690.jpg,glaucoma,0,sem_glaucoma,completo
2537,LAG,4691.jpg,glaucoma,0,sem_glaucoma,completo
2538,LAG,4695.jpg,glaucoma,0,sem_glaucoma,completo
2539,LAG,4696.jpg,glaucoma,0,sem_glaucoma,completo
2540,LAG,4698.jpg,glaucoma,0,sem_glaucoma,completo
2541,LAG,4700.jpg,glaucoma,0,sem_glaucoma,completo
2542,LAG,4701.jpg,glaucoma,0,sem_glaucoma,completo
2543,LAG,4703.jpg,glaucoma,0,sem_glaucoma,completo
2544,LAG,4704.jpg,glaucoma,0,sem_glaucoma,completo
2545,LAG,4705.jpg,glaucoma,0,sem_glaucoma,completo
2546,LAG,4707.jpg,glaucoma,0,sem_glaucoma,completo
2547,LAG,4711.jpg,glaucoma,0,sem_glaucoma,completo
2548,LAG,4713.jpg,glaucoma,0,sem_glaucoma,completo
2549,LAG,4715.jpg,glaucoma,0,sem_glaucoma,completo
2550,LAG,4716.jpg,glaucoma,0,sem_glaucoma,completo
2551,LAG,4717.jpg,glaucoma,0,sem_glaucoma,completo
2552,LAG,4719.jpg,glaucoma,0,sem_glaucoma,completo
2553,LAG,4720.jpg,glaucoma,0,sem_glaucoma,completo
2554,LAG,4721.jpg,glaucoma,0,sem_glaucoma,completo
2555,LAG,4722.jpg,glaucoma,0,sem_glaucoma,completo
2556,LAG,4724.jpg,glaucoma,0,sem_glaucoma,completo
2557,LAG,4725.jpg,glaucoma,0,sem_glaucoma,completo
2558,LAG,4727.jpg,glaucoma,0,sem_glaucoma,completo
2559,LAG,4728.jpg,glaucoma,0,sem_glaucoma,completo
2560,LAG,4729.jpg,glaucoma,0,sem_glaucoma,completo
2561,LAG,4730.jpg,glaucoma,0,sem_glaucoma,completo
2562,LAG,4731.jpg,glaucoma,0,sem_glaucoma,completo
2563,LAG,4735.jpg,glaucoma,0,sem_glaucoma,completo
2564,LAG,4737.jpg,glaucoma,0,sem_glaucoma,completo
2565,LAG,4739.jpg,glaucoma,0,sem_glaucoma,completo
2566,LAG,4740.jpg,glaucoma,0,sem_glaucoma,completo
2567,LAG,4741.jpg,glaucoma,0,sem_glaucoma,completo
2568,LAG,4743.jpg,glaucoma,0,sem_glaucoma,completo
2569,LAG,4746.jpg,glaucoma,0,sem_glaucoma,completo
2570,LAG,4748.jpg,glaucoma,0,sem_glaucoma,completo
2571,LAG,4751.jpg,glaucoma,0,sem_glaucoma,completo
2572,LAG,4752.jpg,glaucoma,0,sem_glaucoma,completo
2573,LAG,4754.jpg,glaucoma,0,sem_glaucoma,completo
2574,LAG,4755.jpg,glaucoma,0,sem_glaucoma,completo
2575,LAG,4758.jpg,glaucoma,0,sem_glaucoma,completo
2576,LAG,4760.jpg,glaucoma,0,sem_glaucoma,completo
2577,LAG,4762.jpg,glaucoma,0,sem_glaucoma,completo
2578,LAG,4764.jpg,glaucoma,0,sem_glaucoma,completo
2579,LAG,4765.jpg,glaucoma,0,sem_glaucoma,completo
2580,LAG,4766.jpg,glaucoma,0,sem_glaucoma,completo
2581,LAG,4767.jpg,glaucoma,0,sem_glaucoma,completo
2582,LAG,4768.jpg,glaucoma,0,sem_glaucoma,completo
2583,LAG,4772.jpg,glaucoma,0,sem_glaucoma,completo
2584,LAG,4789.jpg,glaucoma,0,sem_glaucoma,completo
2585,LAG,4791.jpg,glaucoma,0,sem_glaucoma,completo
2586,LAG,4793.jpg,glaucoma,0,sem_glaucoma,completo
2587,LAG,4794.jpg,glaucoma,0,sem_glaucoma,completo
2588,LAG,4795.jpg,glaucoma,0,sem_glaucoma,completo
2589,LAG,4799.jpg,glaucoma,0,sem_glaucoma,completo
2590,LAG,4800.jpg,glaucoma,0,sem_glaucoma,completo
2591,LAG,4801.jpg,glaucoma,0,sem_glaucoma,completo
2592,LAG,4805.jpg,glaucoma,0,sem_glaucoma,completo
2593,LAG,4806.jpg,glaucoma,0,sem_glaucoma,completo
2594,LAG,4807.jpg,glaucoma,0,sem_glaucoma,completo
2595,LAG,4809.jpg,glaucoma,0,sem_glaucoma,completo
2596,LAG,4810.jpg,glaucoma,0,sem_glaucoma,completo
2597,LAG,4811.jpg,glaucoma,0,sem_glaucoma,completo
2598,LAG,4813.jpg,glaucoma,0,sem_glaucoma,completo
2599,LAG,4815.jpg,glaucoma,0,sem_glaucoma,completo
2600,LAG,4819.jpg,glaucoma,0,sem_glaucoma,completo
2601,LAG,4822.jpg,glaucoma,0,sem_glaucoma,completo
2602,LAG,4823.jpg,glaucoma,0,sem_glaucoma,completo
2603,LAG,4826.jpg,glaucoma,0,sem_glaucoma,completo
2604,LAG,4827.jpg,glaucoma,0,sem_glaucoma,completo
2605,LAG,4830.jpg,glaucoma,0,sem_glaucoma,completo
2606,LAG,4831.jpg,glaucoma,0,sem_glaucoma,completo
2607,LAG,4832.jpg,glaucoma,0,sem_glaucoma,completo
2608,LAG,4834.jpg,glaucoma,0,sem_glaucoma,completo
2609,LAG,4835.jpg,glaucoma,0,sem_glaucoma,completo
2610,LAG,4840.jpg,glaucoma,0,sem_glaucoma,completo
2611,LAG,4842.jpg,glaucoma,0,sem_glaucoma,completo
2612,LAG,4843.jpg,glaucoma,0,sem_glaucoma,completo
2613,LAG,4845.jpg,glaucoma,0,sem_glaucoma,completo
2614,LAG,4847.jpg,glaucoma,0,sem_glaucoma,completo
2615,LAG,4848.jpg,glaucoma,0,sem_glaucoma,completo
2616,LAG,4851.jpg,glaucoma,0,sem_glaucoma,completo
2617,LAG,4852.jpg,glaucoma,0,sem_glaucoma,completo
2618,LAG,4854.jpg,glaucoma,0,sem_glaucoma,completo
2619,LAG,4855.jpg,glaucoma,0,sem_glaucoma,completo
2620,LAG,4857.jpg,glaucoma,0,sem_glaucoma,completo
2621,LAG,4859.jpg,glaucoma,0,sem_glaucoma,completo
2622,LAG,4863.jpg,glaucoma,0,sem_glaucoma,completo
2623,LAG,4865.jpg,glaucoma,0,sem_glaucoma,completo
2624,LAG,4867.jpg,glaucoma,0,sem_glaucoma,completo
2625,LAG,4868.jpg,glaucoma,0,sem_glaucoma,completo
2626,LAG,4870.jpg,glaucoma,0,sem_glaucoma,completo
2627,LAG,4871.jpg,glaucoma,0,sem_glaucoma,completo
2628,LAG,4875.jpg,glaucoma,0,sem_glaucoma,completo
2629,LAG,4876.jpg,glaucoma,0,sem_glaucoma,completo
2630,LAG,4878.jpg,glaucoma,0,sem_glaucoma,completo
2631,LAG,4879.jpg,glaucoma,0,sem_glaucoma,completo
2632,LAG,4880.jpg,glaucoma,0,sem_glaucoma,completo
2633,LAG,4881.jpg,glaucoma,0,sem_glaucoma,completo
2634,LAG,4882.jpg,glaucoma,0,sem_glaucoma,completo
2635,LAG,4883.jpg,glaucoma,0,sem_glaucoma,completo
2636,LAG,4885.jpg,glaucoma,0,sem_glaucoma,completo
2637,LAG,4888.jpg,glaucoma,0,sem_glaucoma,completo
2638,LAG,4890.jpg,glaucoma,0,sem_glaucoma,completo
2639,LAG,4891.jpg,glaucoma,0,sem_glaucoma,completo
2640,LAG,4892.jpg,glaucoma,0,sem_glaucoma,completo
2641,LAG,4893.jpg,glaucoma,0,sem_glaucoma,completo
2642,LAG,4894.jpg,glaucoma,0,sem_glaucoma,completo
2643,LAG,4895.jpg,glaucoma,0,sem_glaucoma,completo
2644,LAG,4896.jpg,glaucoma,0,sem_glaucoma,completo
2645,LAG,4897.jpg,glaucoma,0,sem_glaucoma,completo
2646,LAG,4898.jpg,glaucoma,0,sem_glaucoma,completo
2647,LAG,4900.jpg,glaucoma,0,sem_glaucoma,completo
2648,LAG,4901.jpg,glaucoma,0,sem_glaucoma,completo
2649,LAG,4902.jpg,glaucoma,0,sem_glaucoma,completo
2650,LAG,4903.jpg,glaucoma,0,sem_glaucoma,completo
2651,LAG,4905.jpg,glaucoma,0,sem_glaucoma,completo
2652,LAG,4907.jpg,glaucoma,0,sem_glaucoma,completo
2653,LAG,4908.jpg,glaucoma,0,sem_glaucoma,completo
2654,LAG,4909.jpg,glaucoma,0,sem_glaucoma,completo
2655,LAG,4910.jpg,glaucoma,0,sem_glaucoma,completo
2656,LAG,4917.jpg,glaucoma,0,sem_glaucoma,completo
2657,LAG,4918.jpg,glaucoma,0,sem_glaucoma,completo
2658,LAG,4921.jpg,glaucoma,0,sem_glaucoma,completo
2659,LAG,4922.jpg,glaucoma,0,sem_glaucoma,completo
2660,LAG,4923.jpg,glaucoma,0,sem_glaucoma,completo
2661,LAG,4926.jpg,glaucoma,0,sem_glaucoma,completo
2662,LAG,4930.jpg,glaucoma,0,sem_glaucoma,completo
2663,LAG,4931.jpg,glaucoma,0,sem_glaucoma,completo
2664,LAG,4934.jpg,glaucoma,0,sem_glaucoma,completo
2665,LAG,4936.jpg,glaucoma,0,sem_glaucoma,completo
2666,LAG,4937.jpg,glaucoma,0,sem_glaucoma,completo
2667,LAG,4939.jpg,glaucoma,0,sem_glaucoma,completo
2668,LAG,4941.jpg,glaucoma,0,sem_glaucoma,completo
2669,LAG,4945.jpg,glaucoma,0,sem_glaucoma,completo
2670,LAG,4946.jpg,glaucoma,0,sem_glaucoma,completo
2671,LAG,4948.jpg,glaucoma,0,sem_glaucoma,completo
2672,LAG,4949.jpg,glaucoma,0,sem_glaucoma,completo
2673,LAG,4950.jpg,glaucoma,0,sem_glaucoma,completo
2674,LAG,4951.jpg,glaucoma,0,sem_glaucoma,completo
2675,LAG,4952.jpg,glaucoma,0,sem_glaucoma,completo
2676,LAG,4953.jpg,glaucoma,0,sem_glaucoma,completo
2677,LAG,4954.jpg,glaucoma,0,sem_glaucoma,completo
2678,LAG,4956.jpg,glaucoma,0,sem_glaucoma,completo
2679,LAG,4957.jpg,glaucoma,0,sem_glaucoma,completo
2680,LAG,4958.jpg,glaucoma,0,sem_glaucoma,completo
2681,LAG,4961.jpg,glaucoma,0,sem_glaucoma,completo
2682,LAG,4963.jpg,glaucoma,0,sem_glaucoma,completo
2683,LAG,4965.jpg,glaucoma,0,sem_glaucoma,completo
2684,LAG,4968.jpg,glaucoma,0,sem_glaucoma,completo
2685,LAG,4969.jpg,glaucoma,0,sem_glaucoma,completo
2686,LAG,4972.jpg,glaucoma,0,sem_glaucoma,completo
2687,LAG,4973.jpg,glaucoma,0,sem_glaucoma,completo
2688,LAG,4974.jpg,glaucoma,0,sem_glaucoma,completo
2689,LAG,4977.jpg,glaucoma,0,sem_glaucoma,completo
2690,LAG,4978.jpg,glaucoma,0,sem_glaucoma,completo
2691,LAG,4979.jpg,glaucoma,0,sem_glaucoma,completo
2692,LAG,4981.jpg,glaucoma,0,sem_glaucoma,completo
2693,LAG,4982.jpg,glaucoma,0,sem_glaucoma,completo
2694,LAG,4983.jpg,glaucoma,0,sem_glaucoma,completo
2695,LAG,4989.jpg,glaucoma,0,sem_glaucoma,completo
2696,LAG,4990.jpg,glaucoma,0,sem_glaucoma,completo
2697,LAG,4991.jpg,glaucoma,0,sem_glaucoma,completo
2698,LAG,4992.jpg,glaucoma,0,sem_glaucoma,completo
2699,LAG,4993.jpg,glaucoma,0,sem_glaucoma,completo
2700,LAG,4994.jpg,glaucoma,0,sem_glaucoma,completo
2701,LAG,4995.jpg,glaucoma,0,sem_glaucoma,completo
2702,LAG,4998.jpg,glaucoma,0,sem_glaucoma,completo
2703,LAG,5000.jpg,glaucoma,0,sem_glaucoma,completo
2704,LAG,5001.jpg,glaucoma,0,sem_glaucoma,completo
2705,LAG,5002.jpg,glaucoma,0,sem_glaucoma,completo
2706,LAG,5006.jpg,glaucoma,0,sem_glaucoma,completo
2707,LAG,5007.jpg,glaucoma,0,sem_glaucoma,completo
2708,LAG,5009.jpg,glaucoma,0,sem_glaucoma,completo
2709,LAG,5010.jpg,glaucoma,0,sem_glaucoma,completo
2710,LAG,5014.jpg,glaucoma,0,sem_glaucoma,completo
2711,LAG,5019.jpg,glaucoma,0,sem_glaucoma,completo
2712,LAG,5020.jpg,glaucoma,0,sem_glaucoma,completo
2713,LAG,5021.jpg,glaucoma,0,sem_glaucoma,completo
2714,LAG,5022.jpg,glaucoma,0,sem_glaucoma,completo
2715,LAG,5025.jpg,glaucoma,0,sem_glaucoma,completo
2716,LAG,5026.jpg,glaucoma,0,sem_glaucoma,completo
2717,LAG,5027.jpg,glaucoma,0,sem_glaucoma,completo
2718,LAG,5028.jpg,glaucoma,0,sem_glaucoma,completo
2719,LAG,5029.jpg,glaucoma,0,sem_glaucoma,completo
2720,LAG,5030.jpg,glaucoma,0,sem_glaucoma,completo
2721,LAG,5036.jpg,glaucoma,0,sem_glaucoma,completo
2722,LAG,5037.jpg,glaucoma,0,sem_glaucoma,completo
2723,LAG,5039.jpg,glaucoma,0,sem_glaucoma,completo
2724,LAG,5040.jpg,glaucoma,0,sem_glaucoma,completo
2725,LAG,5045.jpg,glaucoma,0,sem_glaucoma,completo
2726,LAG,5046.jpg,glaucoma,0,sem_glaucoma,completo
2727,LAG,5048.jpg,glaucoma,0,sem_glaucoma,completo
2728,LAG,5049.jpg,glaucoma,0,sem_glaucoma,completo
2729,LAG,5052.jpg,glaucoma,0,sem_glaucoma,completo
2730,LAG,5054.jpg,glaucoma,0,sem_glaucoma,completo
2731,LAG,5055.jpg,glaucoma,0,sem_glaucoma,completo
2732,LAG,5056.jpg,glaucoma,0,sem_glaucoma,completo
2733,LAG,5058.jpg,glaucoma,0,sem_glaucoma,completo
2734,LAG,5061.jpg,glaucoma,0,sem_glaucoma,completo
2735,LAG,5062.jpg,glaucoma,0,sem_glaucoma,completo
2736,LAG,5063.jpg,glaucoma,0,sem_glaucoma,completo
2737,LAG,5066.jpg,glaucoma,0,sem_glaucoma,completo
2738,LAG,5068.jpg,glaucoma,0,sem_glaucoma,completo
2739,LAG,5069.jpg,glaucoma,0,sem_glaucoma,completo
2740,LAG,5071.jpg,glaucoma,0,sem_glaucoma,completo
2741,LAG,5072.jpg,glaucoma,0,sem_glaucoma,completo
2742,LAG,5073.jpg,glaucoma,0,sem_glaucoma,completo
2743,LAG,5074.jpg,glaucoma,0,sem_glaucoma,completo
2744,LAG,5076.jpg,glaucoma,0,sem_glaucoma,completo
2745,LAG,5078.jpg,glaucoma,0,sem_glaucoma,completo
2746,LAG,5079.jpg,glaucoma,0,sem_glaucoma,completo
2747,LAG,5080.jpg,glaucoma,0,sem_glaucoma,completo
2748,LAG,5081.jpg,glaucoma,0,sem_glaucoma,completo
2749,LAG,5082.jpg,glaucoma,0,sem_glaucoma,completo
2750,LAG,5083.jpg,glaucoma,0,sem_glaucoma,completo
2751,LAG,5084.jpg,glaucoma,0,sem_glaucoma,completo
2752,LAG,5087.jpg,glaucoma,0,sem_glaucoma,completo
2753,LAG,5089.jpg,glaucoma,0,sem_glaucoma,completo
2754,LAG,5090.jpg,glaucoma,0,sem_glaucoma,completo
2755,LAG,5091.jpg,glaucoma,0,sem_glaucoma,completo
2756,LAG,5092.jpg,glaucoma,0,sem_glaucoma,completo
2757,LAG,5094.jpg,glaucoma,0,sem_glaucoma,completo
2758,LAG,5095.jpg,glaucoma,0,sem_glaucoma,completo
2759,LAG,5096.jpg,glaucoma,0,sem_glaucoma,completo
2760,LAG,5097.jpg,glaucoma,0,sem_glaucoma,completo
2761,LAG,5098.jpg,glaucoma,0,sem_glaucoma,completo
2762,LAG,5099.jpg,glaucoma,0,sem_glaucoma,completo
2763,LAG,5102.jpg,glaucoma,0,sem_glaucoma,completo
2764,LAG,5106.jpg,glaucoma,0,sem_glaucoma,completo
2765,LAG,5108.jpg,glaucoma,0,sem_glaucoma,completo
2766,LAG,5109.jpg,glaucoma,0,sem_glaucoma,completo
2767,LAG,5110.jpg,glaucoma,0,sem_glaucoma,completo
2768,LAG,5112.jpg,glaucoma,0,sem_glaucoma,completo
2769,LAG,5115.jpg,glaucoma,0,sem_glaucoma,completo
2770,LAG,5116.jpg,glaucoma,0,sem_glaucoma,completo
2771,LAG,5117.jpg,glaucoma,0,sem_glaucoma,completo
2772,LAG,5118.jpg,glaucoma,0,sem_glaucoma,completo
2773,LAG,5121.jpg,glaucoma,0,sem_glaucoma,completo
2774,LAG,5126.jpg,glaucoma,0,sem_glaucoma,completo
2775,LAG,5127.jpg,glaucoma,0,sem_glaucoma,completo
2776,LAG,5132.jpg,glaucoma,0,sem_glaucoma,completo
2777,LAG,5134.jpg,glaucoma,0,sem_glaucoma,completo
2778,LAG,5135.jpg,glaucoma,0,sem_glaucoma,completo
2779,LAG,5137.jpg,glaucoma,0,sem_glaucoma,completo
2780,LAG,5138.jpg,glaucoma,0,sem_glaucoma,completo
2781,LAG,5139.jpg,glaucoma,0,sem_glaucoma,completo
2782,LAG,5142.jpg,glaucoma,0,sem_glaucoma,completo
2783,LAG,5149.jpg,glaucoma,0,sem_glaucoma,completo
2784,LAG,5157.jpg,glaucoma,0,sem_glaucoma,completo
2785,LAG,5160.jpg,glaucoma,0,sem_glaucoma,completo
2786,LAG,5161.jpg,glaucoma,0,sem_glaucoma,completo
2787,LAG,5162.jpg,glaucoma,0,sem_glaucoma,completo
2788,LAG,5163.jpg,glaucoma,0,sem_glaucoma,completo
2789,LAG,5165.jpg,glaucoma,0,sem_glaucoma,completo
2790,LAG,5169.jpg,glaucoma,0,sem_glaucoma,completo
2791,LAG,5172.jpg,glaucoma,0,sem_glaucoma,completo
2792,LAG,5173.jpg,glaucoma,0,sem_glaucoma,completo
2793,LAG,5177.jpg,glaucoma,0,sem_glaucoma,completo
2794,LAG,5178.jpg,glaucoma,0,sem_glaucoma,completo
2795,LAG,5180.jpg,glaucoma,0,sem_glaucoma,completo
2796,LAG,5185.jpg,glaucoma,0,sem_glaucoma,completo
2797,LAG,5186.jpg,glaucoma,0,sem_glaucoma,completo
2798,LAG,5188.jpg,glaucoma,0,sem_glaucoma,completo
2799,LAG,5189.jpg,glaucoma,0,sem_glaucoma,completo
2800,LAG,5193.jpg,glaucoma,0,sem_glaucoma,completo
2801,LAG,5194.jpg,glaucoma,0,sem_glaucoma,completo
2802,LAG,5195.jpg,glaucoma,0,sem_glaucoma,completo
2803,LAG,5198.jpg,glaucoma,0,sem_glaucoma,completo
2804,LAG,5201.jpg,glaucoma,0,sem_glaucoma,completo
2805,LAG,5202.jpg,glaucoma,0,sem_glaucoma,completo
2806,LAG,5203.jpg,glaucoma,0,sem_glaucoma,completo
2807,LAG,5205.jpg,glaucoma,0,sem_glaucoma,completo
2808,LAG,5206.jpg,glaucoma,0,sem_glaucoma,completo
2809,LAG,5214.jpg,glaucoma,0,sem_glaucoma,completo
2810,LAG,5215.jpg,glaucoma,0,sem_glaucoma,completo
2811,LAG,5217.jpg,glaucoma,0,sem_glaucoma,completo
2812,LAG,5218.jpg,glaucoma,0,sem_glaucoma,completo
2813,LAG,5221.jpg,glaucoma,0,sem_glaucoma,completo
2814,LAG,5223.jpg,glaucoma,0,sem_glaucoma,completo
2815,LAG,5224.jpg,glaucoma,0,sem_glaucoma,completo
2816,LAG,5226.jpg,glaucoma,0,sem_glaucoma,completo
2817,LAG,5227.jpg,glaucoma,0,sem_glaucoma,completo
2818,LAG,5228.jpg,glaucoma,0,sem_glaucoma,completo
2819,LAG,5229.jpg,glaucoma,0,sem_glaucoma,completo
2820,LAG,5233.jpg,glaucoma,0,sem_glaucoma,completo
2821,LAG,5235.jpg,glaucoma,0,sem_glaucoma,completo
2822,LAG,5236.jpg,glaucoma,0,sem_glaucoma,completo
2823,LAG,5238.jpg,glaucoma,0,sem_glaucoma,completo
2824,LAG,5240.jpg,glaucoma,0,sem_glaucoma,completo
2825,LAG,5241.jpg,glaucoma,0,sem_glaucoma,completo
2826,LAG,5247.jpg,glaucoma,0,sem_glaucoma,completo
2827,LAG,5249.jpg,glaucoma,0,sem_glaucoma,completo
2828,LAG,5250.jpg,glaucoma,0,sem_glaucoma,completo
2829,LAG,5251.jpg,glaucoma,0,sem_glaucoma,completo
2830,LAG,5252.jpg,glaucoma,0,sem_glaucoma,completo
2831,LAG,5253.jpg,glaucoma,0,sem_glaucoma,completo
2832,LAG,5256.jpg,glaucoma,0,sem_glaucoma,completo
2833,LAG,5257.jpg,glaucoma,0,sem_glaucoma,completo
2834,LAG,5261.jpg,glaucoma,0,sem_glaucoma,completo
2835,LAG,5262.jpg,glaucoma,0,sem_glaucoma,completo
2836,LAG,5266.jpg,glaucoma,0,sem_glaucoma,completo
2837,LAG,5270.jpg,glaucoma,0,sem_glaucoma,completo
2838,LAG,5271.jpg,glaucoma,0,sem_glaucoma,completo
2839,LAG,5272.jpg,glaucoma,0,sem_glaucoma,completo
2840,LAG,5273.jpg,glaucoma,0,sem_glaucoma,completo
2841,LAG,5277.jpg,glaucoma,0,sem_glaucoma,completo
2842,LAG,5279.jpg,glaucoma,0,sem_glaucoma,completo
2843,LAG,5284.jpg,glaucoma,0,sem_glaucoma,completo
2844,LAG,5285.jpg,glaucoma,0,sem_glaucoma,completo
2845,LAG,5287.jpg,glaucoma,0,sem_glaucoma,completo
2846,LAG,5289.jpg,glaucoma,0,sem_glaucoma,completo
2847,LAG,5290.jpg,glaucoma,0,sem_glaucoma,completo
2848,LAG,5291.jpg,glaucoma,0,sem_glaucoma,completo
2849,LAG,5292.jpg,glaucoma,0,sem_glaucoma,completo
2850,LAG,5294.jpg,glaucoma,0,sem_glaucoma,completo
2851,LAG,5296.jpg,glaucoma,0,sem_glaucoma,completo
2852,LAG,5298.jpg,glaucoma,0,sem_glaucoma,completo
2853,LAG,5302.jpg,glaucoma,0,sem_glaucoma,completo
2854,LAG,5303.jpg,glaucoma,0,sem_glaucoma,completo
2855,LAG,5306.jpg,glaucoma,0,sem_glaucoma,completo
2856,LAG,5308.jpg,glaucoma,0,sem_glaucoma,completo
2857,LAG,5309.jpg,glaucoma,0,sem_glaucoma,completo
2858,LAG,5311.jpg,glaucoma,0,sem_glaucoma,completo
2859,LAG,5314.jpg,glaucoma,0,sem_glaucoma,completo
2860,LAG,5319.jpg,glaucoma,0,sem_glaucoma,completo
2861,LAG,5322.jpg,glaucoma,0,sem_glaucoma,completo
2862,LAG,5323.jpg,glaucoma,0,sem_glaucoma,completo
2863,LAG,5324.jpg,glaucoma,0,sem_glaucoma,completo
2864,LAG,5325.jpg,glaucoma,0,sem_glaucoma,completo
2865,LAG,5327.jpg,glaucoma,0,sem_glaucoma,completo
2866,LAG,5330.jpg,glaucoma,0,sem_glaucoma,completo
2867,LAG,5331.jpg,glaucoma,0,sem_glaucoma,completo
2868,LAG,5334.jpg,glaucoma,0,sem_glaucoma,completo
2869,LAG,5336.jpg,glaucoma,0,sem_glaucoma,completo
2870,LAG,5339.jpg,glaucoma,0,sem_glaucoma,completo
2871,LAG,5340.jpg,glaucoma,0,sem_glaucoma,completo
2872,LAG,5342.jpg,glaucoma,0,sem_glaucoma,completo
2873,LAG,5345.jpg,glaucoma,0,sem_glaucoma,completo
2874,LAG,5348.jpg,glaucoma,0,sem_glaucoma,completo
2875,LAG,5349.jpg,glaucoma,0,sem_glaucoma,completo
2876,LAG,5350.jpg,glaucoma,0,sem_glaucoma,completo
2877,LAG,5351.jpg,glaucoma,0,sem_glaucoma,completo
2878,LAG,5352.jpg,glaucoma,0,sem_glaucoma,completo
2879,LAG,5353.jpg,glaucoma,0,sem_glaucoma,completo
2880,LAG,5355.jpg,glaucoma,0,sem_glaucoma,completo
2881,LAG,5356.jpg,glaucoma,0,sem_glaucoma,completo
2882,LAG,5357.jpg,glaucoma,0,sem_glaucoma,completo
2883,LAG,5361.jpg,glaucoma,0,sem_glaucoma,completo
2884,LAG,5362.jpg,glaucoma,0,sem_glaucoma,completo
2885,LAG,5364.jpg,glaucoma,0,sem_glaucoma,completo
2886,LAG,5365.jpg,glaucoma,0,sem_glaucoma,completo
2887,LAG,5366.jpg,glaucoma,0,sem_glaucoma,completo
2888,LAG,5367.jpg,glaucoma,0,sem_glaucoma,completo
2889,LAG,5370.jpg,glaucoma,0,sem_glaucoma,completo
2890,LAG,5372.jpg,glaucoma,0,sem_glaucoma,completo
2891,LAG,5373.jpg,glaucoma,0,sem_glaucoma,completo
2892,LAG,5374.jpg,glaucoma,0,sem_glaucoma,completo
2893,LAG,5376.jpg,glaucoma,0,sem_glaucoma,completo
2894,LAG,5377.jpg,glaucoma,0,sem_glaucoma,completo
2895,LAG,5378.jpg,glaucoma,0,sem_glaucoma,completo
2896,LAG,5379.jpg,glaucoma,0,sem_glaucoma,completo
2897,LAG,5380.jpg,glaucoma,0,sem_glaucoma,completo
2898,LAG,5381.jpg,glaucoma,0,sem_glaucoma,completo
2899,LAG,5383.jpg,glaucoma,0,sem_glaucoma,completo
2900,LAG,5384.jpg,glaucoma,0,sem_glaucoma,completo
2901,LAG,5385.jpg,glaucoma,0,sem_glaucoma,completo
2902,LAG,5387.jpg,glaucoma,0,sem_glaucoma,completo
2903,LAG,5388.jpg,glaucoma,0,sem_glaucoma,completo
2904,LAG,5389.jpg,glaucoma,0,sem_glaucoma,completo
2905,LAG,5390.jpg,glaucoma,0,sem_glaucoma,completo
2906,LAG,5391.jpg,glaucoma,0,sem_glaucoma,completo
2907,LAG,5393.jpg,glaucoma,0,sem_glaucoma,completo
2908,LAG,5394.jpg,glaucoma,0,sem_glaucoma,completo
2909,LAG,5396.jpg,glaucoma,0,sem_glaucoma,completo
2910,LAG,5399.jpg,glaucoma,0,sem_glaucoma,completo
2911,LAG,5400.jpg,glaucoma,0,sem_glaucoma,completo
2912,LAG,5402.jpg,glaucoma,0,sem_glaucoma,completo
2913,LAG,5403.jpg,glaucoma,0,sem_glaucoma,completo
2914,LAG,5407.jpg,glaucoma,0,sem_glaucoma,completo
2915,LAG,5408.jpg,glaucoma,0,sem_glaucoma,completo
2916,LAG,5414.jpg,glaucoma,0,sem_glaucoma,completo
2917,LAG,5415.jpg,glaucoma,0,sem_glaucoma,completo
2918,LAG,5416.jpg,glaucoma,0,sem_glaucoma,completo
2919,LAG,5417.jpg,glaucoma,0,sem_glaucoma,completo
2920,LAG,5418.jpg,glaucoma,0,sem_glaucoma,completo
2921,LAG,5419.jpg,glaucoma,0,sem_glaucoma,completo
2922,LAG,5420.jpg,glaucoma,0,sem_glaucoma,completo
2923,LAG,5422.jpg,glaucoma,0,sem_glaucoma,completo
2924,LAG,5423.jpg,glaucoma,0,sem_glaucoma,completo
2925,LAG,5424.jpg,glaucoma,0,sem_glaucoma,completo
2926,LAG,5425.jpg,glaucoma,0,sem_glaucoma,completo
2927,LAG,5427.jpg,glaucoma,0,sem_glaucoma,completo
2928,LAG,5428.jpg,glaucoma,0,sem_glaucoma,completo
2929,LAG,5429.jpg,glaucoma,0,sem_glaucoma,completo
2930,LAG,5430.jpg,glaucoma,0,sem_glaucoma,completo
2931,LAG,5431.jpg,glaucoma,0,sem_glaucoma,completo
2932,LAG,5432.jpg,glaucoma,0,sem_glaucoma,completo
2933,LAG,5434.jpg,glaucoma,0,sem_glaucoma,completo
2934,LAG,5435.jpg,glaucoma,0,sem_glaucoma,completo
2935,LAG,5438.jpg,glaucoma,0,sem_glaucoma,completo
2936,LAG,5439.jpg,glaucoma,0,sem_glaucoma,completo
2937,LAG,5443.jpg,glaucoma,0,sem_glaucoma,completo
2938,LAG,5444.jpg,glaucoma,0,sem_glaucoma,completo
2939,LAG,5447.jpg,glaucoma,0,sem_glaucoma,completo
2940,LAG,5448.jpg,glaucoma,0,sem_glaucoma,completo
2941,LAG,5449.jpg,glaucoma,0,sem_glaucoma,completo
2942,LAG,5451.jpg,glaucoma,0,sem_glaucoma,completo
2943,LAG,5454.jpg,glaucoma,0,sem_glaucoma,completo
2944,LAG,5456.jpg,glaucoma,0,sem_glaucoma,completo
2945,LAG,5457.jpg,glaucoma,0,sem_glaucoma,completo
2946,LAG,5459.jpg,glaucoma,0,sem_glaucoma,completo
2947,LAG,5462.jpg,glaucoma,0,sem_glaucoma,completo
2948,LAG,5468.jpg,glaucoma,0,sem_glaucoma,completo
2949,LAG,5470.jpg,glaucoma,0,sem_glaucoma,completo
2950,LAG,5471.jpg,glaucoma,0,sem_glaucoma,completo
2951,LAG,5473.jpg,glaucoma,0,sem_glaucoma,completo
2952,LAG,5474.jpg,glaucoma,0,sem_glaucoma,completo
2953,LAG,5475.jpg,glaucoma,0,sem_glaucoma,completo
2954,LAG,5476.jpg,glaucoma,0,sem_glaucoma,completo
2955,LAG,5477.jpg,glaucoma,0,sem_glaucoma,completo
2956,LAG,5478.jpg,glaucoma,0,sem_glaucoma,completo
2957,LAG,5481.jpg,glaucoma,0,sem_glaucoma,completo
2958,LAG,5482.jpg,glaucoma,0,sem_glaucoma,completo
2959,LAG,5484.jpg,glaucoma,0,sem_glaucoma,completo
2960,LAG,5487.jpg,glaucoma,0,sem_glaucoma,completo
2961,LAG,5489.jpg,glaucoma,0,sem_glaucoma,completo
2962,LAG,5492.jpg,glaucoma,0,sem_glaucoma,completo
2963,LAG,5495.jpg,glaucoma,0,sem_glaucoma,completo
2964,LAG,5496.jpg,glaucoma,0,sem_glaucoma,completo
2965,LAG,5497.jpg,glaucoma,0,sem_glaucoma,completo
2966,LAG,5501.jpg,glaucoma,0,sem_glaucoma,completo
2967,LAG,5505.jpg,glaucoma,0,sem_glaucoma,completo
2968,LAG,5506.jpg,glaucoma,0,sem_glaucoma,completo
2969,LAG,5508.jpg,glaucoma,0,sem_glaucoma,completo
2970,LAG,5509.jpg,glaucoma,0,sem_glaucoma,completo
2971,LAG,5512.jpg,glaucoma,0,sem_glaucoma,completo
2972,LAG,5515.jpg,glaucoma,0,sem_glaucoma,completo
2973,LAG,5516.jpg,glaucoma,0,sem_glaucoma,completo
2974,LAG,5519.jpg,glaucoma,0,sem_glaucoma,completo
2975,LAG,5521.jpg,glaucoma,0,sem_glaucoma,completo
2976,LAG,5522.jpg,glaucoma,0,sem_glaucoma,completo
2977,LAG,5524.jpg,glaucoma,0,sem_glaucoma,completo
2978,LAG,5528.jpg,glaucoma,0,sem_glaucoma,completo
2979,LAG,5531.jpg,glaucoma,0,sem_glaucoma,completo
2980,LAG,5532.jpg,glaucoma,0,sem_glaucoma,completo
2981,LAG,5534.jpg,glaucoma,0,sem_glaucoma,completo
2982,LAG,5535.jpg,glaucoma,0,sem_glaucoma,completo
2983,LAG,5536.jpg,glaucoma,0,sem_glaucoma,completo
2984,LAG,5537.jpg,glaucoma,0,sem_glaucoma,completo
2985,LAG,5540.jpg,glaucoma,0,sem_glaucoma,completo
2986,LAG,5543.jpg,glaucoma,0,sem_glaucoma,completo
2987,LAG,5544.jpg,glaucoma,0,sem_glaucoma,completo
2988,LAG,5545.jpg,glaucoma,0,sem_glaucoma,completo
2989,LAG,5547.jpg,glaucoma,0,sem_glaucoma,completo
2990,LAG,5549.jpg,glaucoma,0,sem_glaucoma,completo
2991,LAG,5550.jpg,glaucoma,0,sem_glaucoma,completo
2992,LAG,5551.jpg,glaucoma,0,sem_glaucoma,completo
2993,LAG,5553.jpg,glaucoma,0,sem_glaucoma,completo
2994,LAG,5556.jpg,glaucoma,0,sem_glaucoma,completo
2995,LAG,5558.jpg,glaucoma,0,sem_glaucoma,completo
2996,LAG,5559.jpg,glaucoma,0,sem_glaucoma,completo
2997,LAG,5561.jpg,glaucoma,0,sem_glaucoma,completo
2998,LAG,5564.jpg,glaucoma,0,sem_glaucoma,completo
2999,LAG,5567.jpg,glaucoma,0,sem_glaucoma,completo
3000,LAG,5569.jpg,glaucoma,0,sem_glaucoma,completo
3001,LAG,5570.jpg,glaucoma,0,sem_glaucoma,completo
3002,LAG,5571.jpg,glaucoma,0,sem_glaucoma,completo
3003,LAG,5572.jpg,glaucoma,0,sem_glaucoma,completo
3004,LAG,5582.jpg,glaucoma,0,sem_glaucoma,completo
3005,LAG,5584.jpg,glaucoma,0,sem_glaucoma,completo
3006,LAG,5585.jpg,glaucoma,0,sem_glaucoma,completo
3007,LAG,5586.jpg,glaucoma,0,sem_glaucoma,completo
3008,LAG,5588.jpg,glaucoma,0,sem_glaucoma,completo
3009,LAG,5589.jpg,glaucoma,0,sem_glaucoma,completo
3010,LAG,5593.jpg,glaucoma,0,sem_glaucoma,completo
3011,LAG,5595.jpg,glaucoma,0,sem_glaucoma,completo
3012,LAG,5596.jpg,glaucoma,0,sem_glaucoma,completo
3013,LAG,5597.jpg,glaucoma,0,sem_glaucoma,completo
3014,LAG,5598.jpg,glaucoma,0,sem_glaucoma,completo
3015,LAG,5599.jpg,glaucoma,0,sem_glaucoma,completo
3016,LAG,5600.jpg,glaucoma,0,sem_glaucoma,completo
3017,LAG,5602.jpg,glaucoma,0,sem_glaucoma,completo
3018,LAG,5605.jpg,glaucoma,0,sem_glaucoma,completo
3019,LAG,5606.jpg,glaucoma,0,sem_glaucoma,completo
3020,LAG,5607.jpg,glaucoma,0,sem_glaucoma,completo
3021,LAG,5608.jpg,glaucoma,0,sem_glaucoma,completo
3022,LAG,5609.jpg,glaucoma,0,sem_glaucoma,completo
3023,LAG,5610.jpg,glaucoma,0,sem_glaucoma,completo
3024,LAG,5611.jpg,glaucoma,0,sem_glaucoma,completo
3025,LAG,5618.jpg,glaucoma,0,sem_glaucoma,completo
3026,LAG,5620.jpg,glaucoma,0,sem_glaucoma,completo
3027,LAG,5621.jpg,glaucoma,0,sem_glaucoma,completo
3028,LAG,5622.jpg,glaucoma,0,sem_glaucoma,completo
3029,LAG,5625.jpg,glaucoma,0,sem_glaucoma,completo
3030,LAG,5626.jpg,glaucoma,0,sem_glaucoma,completo
3031,LAG,5627.jpg,glaucoma,0,sem_glaucoma,completo
3032,LAG,5632.jpg,glaucoma,0,sem_glaucoma,completo
3033,LAG,5633.jpg,glaucoma,0,sem_glaucoma,completo
3034,LAG,5636.jpg,glaucoma,0,sem_glaucoma,completo
3035,LAG,5637.jpg,glaucoma,0,sem_glaucoma,completo
3036,LAG,5638.jpg,glaucoma,0,sem_glaucoma,completo
3037,LAG,5641.jpg,glaucoma,0,sem_glaucoma,completo
3038,LAG,5643.jpg,glaucoma,0,sem_glaucoma,completo
3039,LAG,5646.jpg,glaucoma,0,sem_glaucoma,completo
3040,LAG,5649.jpg,glaucoma,0,sem_glaucoma,completo
3041,LAG,5651.jpg,glaucoma,0,sem_glaucoma,completo
3042,LAG,5652.jpg,glaucoma,0,sem_glaucoma,completo
3043,LAG,5653.jpg,glaucoma,0,sem_glaucoma,completo
3044,LAG,5659.jpg,glaucoma,0,sem_glaucoma,completo
3045,LAG,5661.jpg,glaucoma,0,sem_glaucoma,completo
3046,LAG,5662.jpg,glaucoma,0,sem_glaucoma,completo
3047,LAG,5666.jpg,glaucoma,0,sem_glaucoma,completo
3048,LAG,5667.jpg,glaucoma,0,sem_glaucoma,completo
3049,LAG,5669.jpg,glaucoma,0,sem_glaucoma,completo
3050,LAG,5674.jpg,glaucoma,0,sem_glaucoma,completo
3051,LAG,5675.jpg,glaucoma,0,sem_glaucoma,completo
3052,LAG,5678.jpg,glaucoma,0,sem_glaucoma,completo
3053,LAG,5679.jpg,glaucoma,0,sem_glaucoma,completo
3054,LAG,5681.jpg,glaucoma,0,sem_glaucoma,completo
3055,LAG,5685.jpg,glaucoma,0,sem_glaucoma,completo
3056,LAG,5686.jpg,glaucoma,0,sem_glaucoma,completo
3057,LAG,5688.jpg,glaucoma,0,sem_glaucoma,completo
3058,LAG,5690.jpg,glaucoma,0,sem_glaucoma,completo
3059,LAG,5692.jpg,glaucoma,0,sem_glaucoma,completo
3060,LAG,5693.jpg,glaucoma,0,sem_glaucoma,completo
3061,LAG,5697.jpg,glaucoma,0,sem_glaucoma,completo
3062,LAG,5699.jpg,glaucoma,0,sem_glaucoma,completo
3063,LAG,5700.jpg,glaucoma,0,sem_glaucoma,completo
3064,LAG,5703.jpg,glaucoma,0,sem_glaucoma,completo
3065,LAG,5704.jpg,glaucoma,0,sem_glaucoma,completo
3066,LAG,5706.jpg,glaucoma,0,sem_glaucoma,completo
3067,LAG,5707.jpg,glaucoma,0,sem_glaucoma,completo
3068,LAG,5709.jpg,glaucoma,0,sem_glaucoma,completo
3069,LAG,5711.jpg,glaucoma,0,sem_glaucoma,completo
3070,LAG,5712.jpg,glaucoma,0,sem_glaucoma,completo
3071,LAG,5716.jpg,glaucoma,0,sem_glaucoma,completo
3072,LAG,5717.jpg,glaucoma,0,sem_glaucoma,completo
3073,LAG,5722.jpg,glaucoma,0,sem_glaucoma,completo
3074,LAG,5724.jpg,glaucoma,0,sem_glaucoma,completo
3075,LAG,5725.jpg,glaucoma,0,sem_glaucoma,completo
3076,LAG,5726.jpg,glaucoma,0,sem_glaucoma,completo
3077,LAG,5728.jpg,glaucoma,0,sem_glaucoma,completo
3078,LAG,5729.jpg,glaucoma,0,sem_glaucoma,completo
3079,LAG,5730.jpg,glaucoma,0,sem_glaucoma,completo
3080,LAG,5731.jpg,glaucoma,0,sem_glaucoma,completo
3081,LAG,5732.jpg,glaucoma,0,sem_glaucoma,completo
3082,LAG,5733.jpg,glaucoma,0,sem_glaucoma,completo
3083,LAG,5734.jpg,glaucoma,0,sem_glaucoma,completo
3084,LAG,5735.jpg,glaucoma,0,sem_glaucoma,completo
3085,LAG,5737.jpg,glaucoma,0,sem_glaucoma,completo
3086,LAG,5738.jpg,glaucoma,0,sem_glaucoma,completo
3087,LAG,5740.jpg,glaucoma,0,sem_glaucoma,completo
3088,LAG,5744.jpg,glaucoma,0,sem_glaucoma,completo
3089,LAG,5745.jpg,glaucoma,0,sem_glaucoma,completo
3090,LAG,5746.jpg,glaucoma,0,sem_glaucoma,completo
3091,LAG,5751.jpg,glaucoma,0,sem_glaucoma,completo
3092,LAG,5752.jpg,glaucoma,0,sem_glaucoma,completo
3093,LAG,5753.jpg,glaucoma,0,sem_glaucoma,completo
3094,LAG,5754.jpg,glaucoma,0,sem_glaucoma,completo
3095,LAG,5756.jpg,glaucoma,0,sem_glaucoma,completo
3096,LAG,5760.jpg,glaucoma,0,sem_glaucoma,completo
3097,LAG,5761.jpg,glaucoma,0,sem_glaucoma,completo
3098,LAG,5762.jpg,glaucoma,0,sem_glaucoma,completo
3099,LAG,5765.jpg,glaucoma,0,sem_glaucoma,completo
3100,LAG,5767.jpg,glaucoma,0,sem_glaucoma,completo
3101,LAG,5771.jpg,glaucoma,0,sem_glaucoma,completo
3102,LAG,5774.jpg,glaucoma,0,sem_glaucoma,completo
3103,LAG,5775.jpg,glaucoma,0,sem_glaucoma,completo
3104,LAG,5776.jpg,glaucoma,0,sem_glaucoma,completo
3105,LAG,5777.jpg,glaucoma,0,sem_glaucoma,completo
3106,LAG,5781.jpg,glaucoma,0,sem_glaucoma,completo
3107,LAG,5782.jpg,glaucoma,0,sem_glaucoma,completo
3108,LAG,5784.jpg,glaucoma,0,sem_glaucoma,completo
3109,LAG,5787.jpg,glaucoma,0,sem_glaucoma,completo
3110,LAG,5790.jpg,glaucoma,0,sem_glaucoma,completo
3111,LAG,5794.jpg,glaucoma,0,sem_glaucoma,completo
3112,LAG,5795.jpg,glaucoma,0,sem_glaucoma,completo
3113,LAG,5799.jpg,glaucoma,0,sem_glaucoma,completo
3114,LAG,5801.jpg,glaucoma,0,sem_glaucoma,completo
3115,LAG,5802.jpg,glaucoma,0,sem_glaucoma,completo
3116,LAG,5803.jpg,glaucoma,0,sem_glaucoma,completo
3117,LAG,5804.jpg,glaucoma,0,sem_glaucoma,completo
3118,LAG,5806.jpg,glaucoma,0,sem_glaucoma,completo
3119,LAG,5810.jpg,glaucoma,0,sem_glaucoma,completo
3120,LAG,5813.jpg,glaucoma,0,sem_glaucoma,completo
3121,LAG,5814.jpg,glaucoma,0,sem_glaucoma,completo
3122,LAG,5817.jpg,glaucoma,0,sem_glaucoma,completo
3123,LAG,5818.jpg,glaucoma,0,sem_glaucoma,completo
3124,LAG,5819.jpg,glaucoma,0,sem_glaucoma,completo
3125,LAG,5820.jpg,glaucoma,0,sem_glaucoma,completo
3126,LAG,5822.jpg,glaucoma,0,sem_glaucoma,completo
3127,LAG,5827.jpg,glaucoma,0,sem_glaucoma,completo
3128,LAG,5828.jpg,glaucoma,0,sem_glaucoma,completo
3129,LAG,5829.jpg,glaucoma,0,sem_glaucoma,completo
3130,LAG,5831.jpg,glaucoma,0,sem_glaucoma,completo
3131,LAG,5832.jpg,glaucoma,0,sem_glaucoma,completo
3132,LAG,5833.jpg,glaucoma,0,sem_glaucoma,completo
3133,LAG,5834.jpg,glaucoma,0,sem_glaucoma,completo
3134,LAG,5836.jpg,glaucoma,0,sem_glaucoma,completo
3135,LAG,5837.jpg,glaucoma,0,sem_glaucoma,completo
3136,LAG,5838.jpg,glaucoma,0,sem_glaucoma,completo
3137,LAG,5839.jpg,glaucoma,0,sem_glaucoma,completo
3138,LAG,5840.jpg,glaucoma,0,sem_glaucoma,completo
3139,LAG,5841.jpg,glaucoma,0,sem_glaucoma,completo
3140,LAG,5842.jpg,glaucoma,0,sem_glaucoma,completo
3141,LAG,5845.jpg,glaucoma,0,sem_glaucoma,completo
3142,LAG,5846.jpg,glaucoma,0,sem_glaucoma,completo
3143,LAG,5847.jpg,glaucoma,0,sem_glaucoma,completo
3144,LAG,0005.jpg,glaucoma,1,glaucoma,completo
3145,LAG,0008.jpg,glaucoma,1,glaucoma,completo
3146,LAG,0011.jpg,glaucoma,1,glaucoma,completo
3147,LAG,0012.jpg,glaucoma,1,glaucoma,completo
3148,LAG,0018.jpg,glaucoma,1,glaucoma,completo
3149,LAG,0019.jpg,glaucoma,1,glaucoma,completo
3150,LAG,0020.jpg,glaucoma,1,glaucoma,completo
3151,LAG,0021.jpg,glaucoma,1,glaucoma,completo
3152,LAG,0024.jpg,glaucoma,1,glaucoma,completo
3153,LAG,0026.jpg,glaucoma,1,glaucoma,completo
3154,LAG,0030.jpg,glaucoma,1,glaucoma,completo
3155,LAG,0035.jpg,glaucoma,1,glaucoma,completo
3156,LAG,0039.jpg,glaucoma,1,glaucoma,completo
3157,LAG,0040.jpg,glaucoma,1,glaucoma,completo
3158,LAG,0041.jpg,glaucoma,1,glaucoma,completo
3159,LAG,0043.jpg,glaucoma,1,glaucoma,completo
3160,LAG,0045.jpg,glaucoma,1,glaucoma,completo
3161,LAG,0047.jpg,glaucoma,1,glaucoma,completo
3162,LAG,0050.jpg,glaucoma,1,glaucoma,completo
3163,LAG,0051.jpg,glaucoma,1,glaucoma,completo
3164,LAG,0052.jpg,glaucoma,1,glaucoma,completo
3165,LAG,0060.jpg,glaucoma,1,glaucoma,completo
3166,LAG,0062.jpg,glaucoma,1,glaucoma,completo
3167,LAG,0069.jpg,glaucoma,1,glaucoma,completo
3168,LAG,0082.jpg,glaucoma,1,glaucoma,completo
3169,LAG,0084.jpg,glaucoma,1,glaucoma,completo
3170,LAG,0091.jpg,glaucoma,1,glaucoma,completo
3171,LAG,0093.jpg,glaucoma,1,glaucoma,completo
3172,LAG,0097.jpg,glaucoma,1,glaucoma,completo
3173,LAG,0106.jpg,glaucoma,1,glaucoma,completo
3174,LAG,0107.jpg,glaucoma,1,glaucoma,completo
3175,LAG,0111.jpg,glaucoma,1,glaucoma,completo
3176,LAG,0113.jpg,glaucoma,1,glaucoma,completo
3177,LAG,0114.jpg,glaucoma,1,glaucoma,completo
3178,LAG,0117.jpg,glaucoma,1,glaucoma,completo
3179,LAG,0122.jpg,glaucoma,1,glaucoma,completo
3180,LAG,0125.jpg,glaucoma,1,glaucoma,completo
3181,LAG,0126.jpg,glaucoma,1,glaucoma,completo
3182,LAG,0129.jpg,glaucoma,1,glaucoma,completo
3183,LAG,0131.jpg,glaucoma,1,glaucoma,completo
3184,LAG,0133.jpg,glaucoma,1,glaucoma,completo
3185,LAG,0136.jpg,glaucoma,1,glaucoma,completo
3186,LAG,0138.jpg,glaucoma,1,glaucoma,completo
3187,LAG,0140.jpg,glaucoma,1,glaucoma,completo
3188,LAG,0143.jpg,glaucoma,1,glaucoma,completo
3189,LAG,0144.jpg,glaucoma,1,glaucoma,completo
3190,LAG,0153.jpg,glaucoma,1,glaucoma,completo
3191,LAG,0154.jpg,glaucoma,1,glaucoma,completo
3192,LAG,0156.jpg,glaucoma,1,glaucoma,completo
3193,LAG,0158.jpg,glaucoma,1,glaucoma,completo
3194,LAG,0161.jpg,glaucoma,1,glaucoma,completo
3195,LAG,0164.jpg,glaucoma,1,glaucoma,completo
3196,LAG,0169.jpg,glaucoma,1,glaucoma,completo
3197,LAG,0170.jpg,glaucoma,1,glaucoma,completo
3198,LAG,0171.jpg,glaucoma,1,glaucoma,completo
3199,LAG,0172.jpg,glaucoma,1,glaucoma,completo
3200,LAG,0173.jpg,glaucoma,1,glaucoma,completo
3201,LAG,0175.jpg,glaucoma,1,glaucoma,completo
3202,LAG,0177.jpg,glaucoma,1,glaucoma,completo
3203,LAG,0181.jpg,glaucoma,1,glaucoma,completo
3204,LAG,0185.jpg,glaucoma,1,glaucoma,completo
3205,LAG,0187.jpg,glaucoma,1,glaucoma,completo
3206,LAG,0191.jpg,glaucoma,1,glaucoma,completo
3207,LAG,0192.jpg,glaucoma,1,glaucoma,completo
3208,LAG,0194.jpg,glaucoma,1,glaucoma,completo
3209,LAG,0198.jpg,glaucoma,1,glaucoma,completo
3210,LAG,0200.jpg,glaucoma,1,glaucoma,completo
3211,LAG,0205.jpg,glaucoma,1,glaucoma,completo
3212,LAG,0211.jpg,glaucoma,1,glaucoma,completo
3213,LAG,0212.jpg,glaucoma,1,glaucoma,completo
3214,LAG,0214.jpg,glaucoma,1,glaucoma,completo
3215,LAG,0215.jpg,glaucoma,1,glaucoma,completo
3216,LAG,0232.jpg,glaucoma,1,glaucoma,completo
3217,LAG,0233.jpg,glaucoma,1,glaucoma,completo
3218,LAG,0246.jpg,glaucoma,1,glaucoma,completo
3219,LAG,0256.jpg,glaucoma,1,glaucoma,completo
3220,LAG,0257.jpg,glaucoma,1,glaucoma,completo
3221,LAG,0262.jpg,glaucoma,1,glaucoma,completo
3222,LAG,0263.jpg,glaucoma,1,glaucoma,completo
3223,LAG,0267.jpg,glaucoma,1,glaucoma,completo
3224,LAG,0268.jpg,glaucoma,1,glaucoma,completo
3225,LAG,0270.jpg,glaucoma,1,glaucoma,completo
3226,LAG,0274.jpg,glaucoma,1,glaucoma,completo
3227,LAG,0275.jpg,glaucoma,1,glaucoma,completo
3228,LAG,0276.jpg,glaucoma,1,glaucoma,completo
3229,LAG,0285.jpg,glaucoma,1,glaucoma,completo
3230,LAG,0291.jpg,glaucoma,1,glaucoma,completo
3231,LAG,0294.jpg,glaucoma,1,glaucoma,completo
3232,LAG,0296.jpg,glaucoma,1,glaucoma,completo
3233,LAG,0298.jpg,glaucoma,1,glaucoma,completo
3234,LAG,0299.jpg,glaucoma,1,glaucoma,completo
3235,LAG,0304.jpg,glaucoma,1,glaucoma,completo
3236,LAG,0308.jpg,glaucoma,1,glaucoma,completo
3237,LAG,0309.jpg,glaucoma,1,glaucoma,completo
3238,LAG,0317.jpg,glaucoma,1,glaucoma,completo
3239,LAG,0324.jpg,glaucoma,1,glaucoma,completo
3240,LAG,0326.jpg,glaucoma,1,glaucoma,completo
3241,LAG,0327.jpg,glaucoma,1,glaucoma,completo
3242,LAG,0332.jpg,glaucoma,1,glaucoma,completo
3243,LAG,0342.jpg,glaucoma,1,glaucoma,completo
3244,LAG,0347.jpg,glaucoma,1,glaucoma,completo
3245,LAG,0349.jpg,glaucoma,1,glaucoma,completo
3246,LAG,0351.jpg,glaucoma,1,glaucoma,completo
3247,LAG,0352.jpg,glaucoma,1,glaucoma,completo
3248,LAG,0366.jpg,glaucoma,1,glaucoma,completo
3249,LAG,0367.jpg,glaucoma,1,glaucoma,completo
3250,LAG,0374.jpg,glaucoma,1,glaucoma,completo
3251,LAG,0377.jpg,glaucoma,1,glaucoma,completo
3252,LAG,0379.jpg,glaucoma,1,glaucoma,completo
3253,LAG,0380.jpg,glaucoma,1,glaucoma,completo
3254,LAG,0381.jpg,glaucoma,1,glaucoma,completo
3255,LAG,0383.jpg,glaucoma,1,glaucoma,completo
3256,LAG,0384.jpg,glaucoma,1,glaucoma,completo
3257,LAG,0388.jpg,glaucoma,1,glaucoma,completo
3258,LAG,0392.jpg,glaucoma,1,glaucoma,completo
3259,LAG,0400.jpg,glaucoma,1,glaucoma,completo
3260,LAG,0409.jpg,glaucoma,1,glaucoma,completo
3261,LAG,0421.jpg,glaucoma,1,glaucoma,completo
3262,LAG,0429.jpg,glaucoma,1,glaucoma,completo
3263,LAG,0440.jpg,glaucoma,1,glaucoma,completo
3264,LAG,0450.jpg,glaucoma,1,glaucoma,completo
3265,LAG,0453.jpg,glaucoma,1,glaucoma,completo
3266,LAG,0457.jpg,glaucoma,1,glaucoma,completo
3267,LAG,0460.jpg,glaucoma,1,glaucoma,completo
3268,LAG,0463.jpg,glaucoma,1,glaucoma,completo
3269,LAG,0465.jpg,glaucoma,1,glaucoma,completo
3270,LAG,0473.jpg,glaucoma,1,glaucoma,completo
3271,LAG,0477.jpg,glaucoma,1,glaucoma,completo
3272,LAG,0485.jpg,glaucoma,1,glaucoma,completo
3273,LAG,0494.jpg,glaucoma,1,glaucoma,completo
3274,LAG,0496.jpg,glaucoma,1,glaucoma,completo
3275,LAG,0502.jpg,glaucoma,1,glaucoma,completo
3276,LAG,0505.jpg,glaucoma,1,glaucoma,completo
3277,LAG,0507.jpg,glaucoma,1,glaucoma,completo
3278,LAG,0508.jpg,glaucoma,1,glaucoma,completo
3279,LAG,0517.jpg,glaucoma,1,glaucoma,completo
3280,LAG,0518.jpg,glaucoma,1,glaucoma,completo
3281,LAG,0527.jpg,glaucoma,1,glaucoma,completo
3282,LAG,0532.jpg,glaucoma,1,glaucoma,completo
3283,LAG,0538.jpg,glaucoma,1,glaucoma,completo
3284,LAG,0544.jpg,glaucoma,1,glaucoma,completo
3285,LAG,0545.jpg,glaucoma,1,glaucoma,completo
3286,LAG,0548.jpg,glaucoma,1,glaucoma,completo
3287,LAG,0551.jpg,glaucoma,1,glaucoma,completo
3288,LAG,0554.jpg,glaucoma,1,glaucoma,completo
3289,LAG,0557.jpg,glaucoma,1,glaucoma,completo
3290,LAG,0558.jpg,glaucoma,1,glaucoma,completo
3291,LAG,0559.jpg,glaucoma,1,glaucoma,completo
3292,LAG,0560.jpg,glaucoma,1,glaucoma,completo
3293,LAG,0564.jpg,glaucoma,1,glaucoma,completo
3294,LAG,0578.jpg,glaucoma,1,glaucoma,completo
3295,LAG,0585.jpg,glaucoma,1,glaucoma,completo
3296,LAG,0586.jpg,glaucoma,1,glaucoma,completo
3297,LAG,0589.jpg,glaucoma,1,glaucoma,completo
3298,LAG,0595.jpg,glaucoma,1,glaucoma,completo
3299,LAG,0600.jpg,glaucoma,1,glaucoma,completo
3300,LAG,0601.jpg,glaucoma,1,glaucoma,completo
3301,LAG,0604.jpg,glaucoma,1,glaucoma,completo
3302,LAG,0612.jpg,glaucoma,1,glaucoma,completo
3303,LAG,0613.jpg,glaucoma,1,glaucoma,completo
3304,LAG,0614.jpg,glaucoma,1,glaucoma,completo
3305,LAG,0628.jpg,glaucoma,1,glaucoma,completo
3306,LAG,0633.jpg,glaucoma,1,glaucoma,completo
3307,LAG,0635.jpg,glaucoma,1,glaucoma,completo
3308,LAG,0645.jpg,glaucoma,1,glaucoma,completo
3309,LAG,0649.jpg,glaucoma,1,glaucoma,completo
3310,LAG,0650.jpg,glaucoma,1,glaucoma,completo
3311,LAG,0651.jpg,glaucoma,1,glaucoma,completo
3312,LAG,0659.jpg,glaucoma,1,glaucoma,completo
3313,LAG,0661.jpg,glaucoma,1,glaucoma,completo
3314,LAG,0664.jpg,glaucoma,1,glaucoma,completo
3315,LAG,0666.jpg,glaucoma,1,glaucoma,completo
3316,LAG,0671.jpg,glaucoma,1,glaucoma,completo
3317,LAG,0673.jpg,glaucoma,1,glaucoma,completo
3318,LAG,0677.jpg,glaucoma,1,glaucoma,completo
3319,LAG,0678.jpg,glaucoma,1,glaucoma,completo
3320,LAG,0683.jpg,glaucoma,1,glaucoma,completo
3321,LAG,0684.jpg,glaucoma,1,glaucoma,completo
3322,LAG,0698.jpg,glaucoma,1,glaucoma,completo
3323,LAG,0702.jpg,glaucoma,1,glaucoma,completo
3324,LAG,0707.jpg,glaucoma,1,glaucoma,completo
3325,LAG,0708.jpg,glaucoma,1,glaucoma,completo
3326,LAG,0713.jpg,glaucoma,1,glaucoma,completo
3327,LAG,0719.jpg,glaucoma,1,glaucoma,completo
3328,LAG,0721.jpg,glaucoma,1,glaucoma,completo
3329,LAG,0724.jpg,glaucoma,1,glaucoma,completo
3330,LAG,0726.jpg,glaucoma,1,glaucoma,completo
3331,LAG,0734.jpg,glaucoma,1,glaucoma,completo
3332,LAG,0735.jpg,glaucoma,1,glaucoma,completo
3333,LAG,0736.jpg,glaucoma,1,glaucoma,completo
3334,LAG,0742.jpg,glaucoma,1,glaucoma,completo
3335,LAG,0745.jpg,glaucoma,1,glaucoma,completo
3336,LAG,0751.jpg,glaucoma,1,glaucoma,completo
3337,LAG,0754.jpg,glaucoma,1,glaucoma,completo
3338,LAG,0757.jpg,glaucoma,1,glaucoma,completo
3339,LAG,0761.jpg,glaucoma,1,glaucoma,completo
3340,LAG,0763.jpg,glaucoma,1,glaucoma,completo
3341,LAG,0770.jpg,glaucoma,1,glaucoma,completo
3342,LAG,0773.jpg,glaucoma,1,glaucoma,completo
3343,LAG,0784.jpg,glaucoma,1,glaucoma,completo
3344,LAG,0789.jpg,glaucoma,1,glaucoma,completo
3345,LAG,0790.jpg,glaucoma,1,glaucoma,completo
3346,LAG,0791.jpg,glaucoma,1,glaucoma,completo
3347,LAG,0798.jpg,glaucoma,1,glaucoma,completo
3348,LAG,0803.jpg,glaucoma,1,glaucoma,completo
3349,LAG,0814.jpg,glaucoma,1,glaucoma,completo
3350,LAG,0816.jpg,glaucoma,1,glaucoma,completo
3351,LAG,0819.jpg,glaucoma,1,glaucoma,completo
3352,LAG,0820.jpg,glaucoma,1,glaucoma,completo
3353,LAG,0824.jpg,glaucoma,1,glaucoma,completo
3354,LAG,0825.jpg,glaucoma,1,glaucoma,completo
3355,LAG,0829.jpg,glaucoma,1,glaucoma,completo
3356,LAG,0830.jpg,glaucoma,1,glaucoma,completo
3357,LAG,0833.jpg,glaucoma,1,glaucoma,completo
3358,LAG,0843.jpg,glaucoma,1,glaucoma,completo
3359,LAG,0854.jpg,glaucoma,1,glaucoma,completo
3360,LAG,0858.jpg,glaucoma,1,glaucoma,completo
3361,LAG,0866.jpg,glaucoma,1,glaucoma,completo
3362,LAG,0875.jpg,glaucoma,1,glaucoma,completo
3363,LAG,0879.jpg,glaucoma,1,glaucoma,completo
3364,LAG,0881.jpg,glaucoma,1,glaucoma,completo
3365,LAG,0888.jpg,glaucoma,1,glaucoma,completo
3366,LAG,0890.jpg,glaucoma,1,glaucoma,completo
3367,LAG,0895.jpg,glaucoma,1,glaucoma,completo
3368,LAG,0900.jpg,glaucoma,1,glaucoma,completo
3369,LAG,0903.jpg,glaucoma,1,glaucoma,completo
3370,LAG,0905.jpg,glaucoma,1,glaucoma,completo
3371,LAG,0909.jpg,glaucoma,1,glaucoma,completo
3372,LAG,0913.jpg,glaucoma,1,glaucoma,completo
3373,LAG,0916.jpg,glaucoma,1,glaucoma,completo
3374,LAG,0922.jpg,glaucoma,1,glaucoma,completo
3375,LAG,0923.jpg,glaucoma,1,glaucoma,completo
3376,LAG,0938.jpg,glaucoma,1,glaucoma,completo
3377,LAG,0939.jpg,glaucoma,1,glaucoma,completo
3378,LAG,0947.jpg,glaucoma,1,glaucoma,completo
3379,LAG,0949.jpg,glaucoma,1,glaucoma,completo
3380,LAG,0954.jpg,glaucoma,1,glaucoma,completo
3381,LAG,0968.jpg,glaucoma,1,glaucoma,completo
3382,LAG,0982.jpg,glaucoma,1,glaucoma,completo
3383,LAG,0988.jpg,glaucoma,1,glaucoma,completo
3384,LAG,0989.jpg,glaucoma,1,glaucoma,completo
3385,LAG,0994.jpg,glaucoma,1,glaucoma,completo
3386,LAG,0996.jpg,glaucoma,1,glaucoma,completo
3387,LAG,0997.jpg,glaucoma,1,glaucoma,completo
3388,LAG,1002.jpg,glaucoma,1,glaucoma,completo
3389,LAG,1003.jpg,glaucoma,1,glaucoma,completo
3390,LAG,1007.jpg,glaucoma,1,glaucoma,completo
3391,LAG,1011.jpg,glaucoma,1,glaucoma,completo
3392,LAG,1013.jpg,glaucoma,1,glaucoma,completo
3393,LAG,1014.jpg,glaucoma,1,glaucoma,completo
3394,LAG,1016.jpg,glaucoma,1,glaucoma,completo
3395,LAG,1018.jpg,glaucoma,1,glaucoma,completo
3396,LAG,1029.jpg,glaucoma,1,glaucoma,completo
3397,LAG,1030.jpg,glaucoma,1,glaucoma,completo
3398,LAG,1031.jpg,glaucoma,1,glaucoma,completo
3399,LAG,1038.jpg,glaucoma,1,glaucoma,completo
3400,LAG,1041.jpg,glaucoma,1,glaucoma,completo
3401,LAG,1052.jpg,glaucoma,1,glaucoma,completo
3402,LAG,1057.jpg,glaucoma,1,glaucoma,completo
3403,LAG,1058.jpg,glaucoma,1,glaucoma,completo
3404,LAG,1061.jpg,glaucoma,1,glaucoma,completo
3405,LAG,1067.jpg,glaucoma,1,glaucoma,completo
3406,LAG,1069.jpg,glaucoma,1,glaucoma,completo
3407,LAG,1074.jpg,glaucoma,1,glaucoma,completo
3408,LAG,1077.jpg,glaucoma,1,glaucoma,completo
3409,LAG,1078.jpg,glaucoma,1,glaucoma,completo
3410,LAG,1088.jpg,glaucoma,1,glaucoma,completo
3411,LAG,1097.jpg,glaucoma,1,glaucoma,completo
3412,LAG,1100.jpg,glaucoma,1,glaucoma,completo
3413,LAG,1105.jpg,glaucoma,1,glaucoma,completo
3414,LAG,1106.jpg,glaucoma,1,glaucoma,completo
3415,LAG,1108.jpg,glaucoma,1,glaucoma,completo
3416,LAG,1117.jpg,glaucoma,1,glaucoma,completo
3417,LAG,1126.jpg,glaucoma,1,glaucoma,completo
3418,LAG,1132.jpg,glaucoma,1,glaucoma,completo
3419,LAG,1133.jpg,glaucoma,1,glaucoma,completo
3420,LAG,1138.jpg,glaucoma,1,glaucoma,completo
3421,LAG,1148.jpg,glaucoma,1,glaucoma,completo
3422,LAG,1150.jpg,glaucoma,1,glaucoma,completo
3423,LAG,1153.jpg,glaucoma,1,glaucoma,completo
3424,LAG,1157.jpg,glaucoma,1,glaucoma,completo
3425,LAG,1159.jpg,glaucoma,1,glaucoma,completo
3426,LAG,1160.jpg,glaucoma,1,glaucoma,completo
3427,LAG,1162.jpg,glaucoma,1,glaucoma,completo
3428,LAG,1163.jpg,glaucoma,1,glaucoma,completo
3429,LAG,1169.jpg,glaucoma,1,glaucoma,completo
3430,LAG,1174.jpg,glaucoma,1,glaucoma,completo
3431,LAG,1175.jpg,glaucoma,1,glaucoma,completo
3432,LAG,1176.jpg,glaucoma,1,glaucoma,completo
3433,LAG,1177.jpg,glaucoma,1,glaucoma,completo
3434,LAG,1178.jpg,glaucoma,1,glaucoma,completo
3435,LAG,1180.jpg,glaucoma,1,glaucoma,completo
3436,LAG,1181.jpg,glaucoma,1,glaucoma,completo
3437,LAG,1182.jpg,glaucoma,1,glaucoma,completo
3438,LAG,1185.jpg,glaucoma,1,glaucoma,completo
3439,LAG,1198.jpg,glaucoma,1,glaucoma,completo
3440,LAG,1200.jpg,glaucoma,1,glaucoma,completo
3441,LAG,1202.jpg,glaucoma,1,glaucoma,completo
3442,LAG,1203.jpg,glaucoma,1,glaucoma,completo
3443,LAG,1210.jpg,glaucoma,1,glaucoma,completo
3444,LAG,1213.jpg,glaucoma,1,glaucoma,completo
3445,LAG,1214.jpg,glaucoma,1,glaucoma,completo
3446,LAG,1219.jpg,glaucoma,1,glaucoma,completo
3447,LAG,1221.jpg,glaucoma,1,glaucoma,completo
3448,LAG,1225.jpg,glaucoma,1,glaucoma,completo
3449,LAG,1227.jpg,glaucoma,1,glaucoma,completo
3450,LAG,1229.jpg,glaucoma,1,glaucoma,completo
3451,LAG,1233.jpg,glaucoma,1,glaucoma,completo
3452,LAG,1237.jpg,glaucoma,1,glaucoma,completo
3453,LAG,1240.jpg,glaucoma,1,glaucoma,completo
3454,LAG,1244.jpg,glaucoma,1,glaucoma,completo
3455,LAG,1246.jpg,glaucoma,1,glaucoma,completo
3456,LAG,1247.jpg,glaucoma,1,glaucoma,completo
3457,LAG,1249.jpg,glaucoma,1,glaucoma,completo
3458,LAG,1252.jpg,glaucoma,1,glaucoma,completo
3459,LAG,1253.jpg,glaucoma,1,glaucoma,completo
3460,LAG,1254.jpg,glaucoma,1,glaucoma,completo
3461,LAG,1256.jpg,glaucoma,1,glaucoma,completo
3462,LAG,1268.jpg,glaucoma,1,glaucoma,completo
3463,LAG,1276.jpg,glaucoma,1,glaucoma,completo
3464,LAG,1280.jpg,glaucoma,1,glaucoma,completo
3465,LAG,1283.jpg,glaucoma,1,glaucoma,completo
3466,LAG,1288.jpg,glaucoma,1,glaucoma,completo
3467,LAG,1290.jpg,glaucoma,1,glaucoma,completo
3468,LAG,1291.jpg,glaucoma,1,glaucoma,completo
3469,LAG,1293.jpg,glaucoma,1,glaucoma,completo
3470,LAG,1300.jpg,glaucoma,1,glaucoma,completo
3471,LAG,1307.jpg,glaucoma,1,glaucoma,completo
3472,LAG,1308.jpg,glaucoma,1,glaucoma,completo
3473,LAG,1309.jpg,glaucoma,1,glaucoma,completo
3474,LAG,1310.jpg,glaucoma,1,glaucoma,completo
3475,LAG,1311.jpg,glaucoma,1,glaucoma,completo
3476,LAG,1314.jpg,glaucoma,1,glaucoma,completo
3477,LAG,1317.jpg,glaucoma,1,glaucoma,completo
3478,LAG,1318.jpg,glaucoma,1,glaucoma,completo
3479,LAG,1320.jpg,glaucoma,1,glaucoma,completo
3480,LAG,1324.jpg,glaucoma,1,glaucoma,completo
3481,LAG,1326.jpg,glaucoma,1,glaucoma,completo
3482,LAG,1334.jpg,glaucoma,1,glaucoma,completo
3483,LAG,1335.jpg,glaucoma,1,glaucoma,completo
3484,LAG,1339.jpg,glaucoma,1,glaucoma,completo
3485,LAG,1341.jpg,glaucoma,1,glaucoma,completo
3486,LAG,1346.jpg,glaucoma,1,glaucoma,completo
3487,LAG,1347.jpg,glaucoma,1,glaucoma,completo
3488,LAG,1352.jpg,glaucoma,1,glaucoma,completo
3489,LAG,1355.jpg,glaucoma,1,glaucoma,completo
3490,LAG,1363.jpg,glaucoma,1,glaucoma,completo
3491,LAG,1371.jpg,glaucoma,1,glaucoma,completo
3492,LAG,1375.jpg,glaucoma,1,glaucoma,completo
3493,LAG,1380.jpg,glaucoma,1,glaucoma,completo
3494,LAG,1381.jpg,glaucoma,1,glaucoma,completo
3495,LAG,1383.jpg,glaucoma,1,glaucoma,completo
3496,LAG,1385.jpg,glaucoma,1,glaucoma,completo
3497,LAG,1386.jpg,glaucoma,1,glaucoma,completo
3498,LAG,1388.jpg,glaucoma,1,glaucoma,completo
3499,LAG,1389.jpg,glaucoma,1,glaucoma,completo
3500,LAG,1396.jpg,glaucoma,1,glaucoma,completo
3501,LAG,1398.jpg,glaucoma,1,glaucoma,completo
3502,LAG,1402.jpg,glaucoma,1,glaucoma,completo
3503,LAG,1403.jpg,glaucoma,1,glaucoma,completo
3504,LAG,1405.jpg,glaucoma,1,glaucoma,completo
3505,LAG,1407.jpg,glaucoma,1,glaucoma,completo
3506,LAG,1408.jpg,glaucoma,1,glaucoma,completo
3507,LAG,1409.jpg,glaucoma,1,glaucoma,completo
3508,LAG,1415.jpg,glaucoma,1,glaucoma,completo
3509,LAG,1416.jpg,glaucoma,1,glaucoma,completo
3510,LAG,1417.jpg,glaucoma,1,glaucoma,completo
3511,LAG,1420.jpg,glaucoma,1,glaucoma,completo
3512,LAG,1424.jpg,glaucoma,1,glaucoma,completo
3513,LAG,1425.jpg,glaucoma,1,glaucoma,completo
3514,LAG,1426.jpg,glaucoma,1,glaucoma,completo
3515,LAG,1427.jpg,glaucoma,1,glaucoma,completo
3516,LAG,1428.jpg,glaucoma,1,glaucoma,completo
3517,LAG,1430.jpg,glaucoma,1,glaucoma,completo
3518,LAG,1433.jpg,glaucoma,1,glaucoma,completo
3519,LAG,1437.jpg,glaucoma,1,glaucoma,completo
3520,LAG,1438.jpg,glaucoma,1,glaucoma,completo
3521,LAG,1439.jpg,glaucoma,1,glaucoma,completo
3522,LAG,1447.jpg,glaucoma,1,glaucoma,completo
3523,LAG,1450.jpg,glaucoma,1,glaucoma,completo
3524,LAG,1451.jpg,glaucoma,1,glaucoma,completo
3525,LAG,1452.jpg,glaucoma,1,glaucoma,completo
3526,LAG,1453.jpg,glaucoma,1,glaucoma,completo
3527,LAG,1454.jpg,glaucoma,1,glaucoma,completo
3528,LAG,1456.jpg,glaucoma,1,glaucoma,completo
3529,LAG,1458.jpg,glaucoma,1,glaucoma,completo
3530,LAG,1465.jpg,glaucoma,1,glaucoma,completo
3531,LAG,1469.jpg,glaucoma,1,glaucoma,completo
3532,LAG,1473.jpg,glaucoma,1,glaucoma,completo
3533,LAG,1480.jpg,glaucoma,1,glaucoma,completo
3534,LAG,1481.jpg,glaucoma,1,glaucoma,completo
3535,LAG,1485.jpg,glaucoma,1,glaucoma,completo
3536,LAG,1487.jpg,glaucoma,1,glaucoma,completo
3537,LAG,1490.jpg,glaucoma,1,glaucoma,completo
3538,LAG,1493.jpg,glaucoma,1,glaucoma,completo
3539,LAG,1495.jpg,glaucoma,1,glaucoma,completo
3540,LAG,1502.jpg,glaucoma,1,glaucoma,completo
3541,LAG,1506.jpg,glaucoma,1,glaucoma,completo
3542,LAG,1507.jpg,glaucoma,1,glaucoma,completo
3543,LAG,1508.jpg,glaucoma,1,glaucoma,completo
3544,LAG,1511.jpg,glaucoma,1,glaucoma,completo
3545,LAG,1517.jpg,glaucoma,1,glaucoma,completo
3546,LAG,1518.jpg,glaucoma,1,glaucoma,completo
3547,LAG,1524.jpg,glaucoma,1,glaucoma,completo
3548,LAG,1528.jpg,glaucoma,1,glaucoma,completo
3549,LAG,1529.jpg,glaucoma,1,glaucoma,completo
3550,LAG,1531.jpg,glaucoma,1,glaucoma,completo
3551,LAG,1532.jpg,glaucoma,1,glaucoma,completo
3552,LAG,1534.jpg,glaucoma,1,glaucoma,completo
3553,LAG,1536.jpg,glaucoma,1,glaucoma,completo
3554,LAG,1539.jpg,glaucoma,1,glaucoma,completo
3555,LAG,1544.jpg,glaucoma,1,glaucoma,completo
3556,LAG,1546.jpg,glaucoma,1,glaucoma,completo
3557,LAG,1548.jpg,glaucoma,1,glaucoma,completo
3558,LAG,1551.jpg,glaucoma,1,glaucoma,completo
3559,LAG,1552.jpg,glaucoma,1,glaucoma,completo
3560,LAG,1554.jpg,glaucoma,1,glaucoma,completo
3561,LAG,1556.jpg,glaucoma,1,glaucoma,completo
3562,LAG,1558.jpg,glaucoma,1,glaucoma,completo
3563,LAG,1560.jpg,glaucoma,1,glaucoma,completo
3564,LAG,1561.jpg,glaucoma,1,glaucoma,completo
3565,LAG,1563.jpg,glaucoma,1,glaucoma,completo
3566,LAG,1564.jpg,glaucoma,1,glaucoma,completo
3567,LAG,1569.jpg,glaucoma,1,glaucoma,completo
3568,LAG,1572.jpg,glaucoma,1,glaucoma,completo
3569,LAG,1577.jpg,glaucoma,1,glaucoma,completo
3570,LAG,1584.jpg,glaucoma,1,glaucoma,completo
3571,LAG,1585.jpg,glaucoma,1,glaucoma,completo
3572,LAG,1590.jpg,glaucoma,1,glaucoma,completo
3573,LAG,1592.jpg,glaucoma,1,glaucoma,completo
3574,LAG,1595.jpg,glaucoma,1,glaucoma,completo
3575,LAG,1597.jpg,glaucoma,1,glaucoma,completo
3576,LAG,1598.jpg,glaucoma,1,glaucoma,completo
3577,LAG,1605.jpg,glaucoma,1,glaucoma,completo
3578,LAG,1619.jpg,glaucoma,1,glaucoma,completo
3579,LAG,1631.jpg,glaucoma,1,glaucoma,completo
3580,LAG,1634.jpg,glaucoma,1,glaucoma,completo
3581,LAG,1636.jpg,glaucoma,1,glaucoma,completo
3582,LAG,1644.jpg,glaucoma,1,glaucoma,completo
3583,LAG,1651.jpg,glaucoma,1,glaucoma,completo
3584,LAG,1652.jpg,glaucoma,1,glaucoma,completo
3585,LAG,1654.jpg,glaucoma,1,glaucoma,completo
3586,LAG,1658.jpg,glaucoma,1,glaucoma,completo
3587,LAG,1659.jpg,glaucoma,1,glaucoma,completo
3588,LAG,1662.jpg,glaucoma,1,glaucoma,completo
3589,LAG,1668.jpg,glaucoma,1,glaucoma,completo
3590,LAG,1670.jpg,glaucoma,1,glaucoma,completo
3591,LAG,1671.jpg,glaucoma,1,glaucoma,completo
3592,LAG,1672.jpg,glaucoma,1,glaucoma,completo
3593,LAG,1674.jpg,glaucoma,1,glaucoma,completo
3594,LAG,1677.jpg,glaucoma,1,glaucoma,completo
3595,LAG,1680.jpg,glaucoma,1,glaucoma,completo
3596,LAG,1681.jpg,glaucoma,1,glaucoma,completo
3597,LAG,1689.jpg,glaucoma,1,glaucoma,completo
3598,LAG,1691.jpg,glaucoma,1,glaucoma,completo
3599,LAG,1692.jpg,glaucoma,1,glaucoma,completo
3600,LAG,1694.jpg,glaucoma,1,glaucoma,completo
3601,LAG,1697.jpg,glaucoma,1,glaucoma,completo
3602,LAG,1700.jpg,glaucoma,1,glaucoma,completo
3603,LAG,1702.jpg,glaucoma,1,glaucoma,completo
3604,LAG,1703.jpg,glaucoma,1,glaucoma,completo
3605,LAG,1704.jpg,glaucoma,1,glaucoma,completo
3606,LAG,1706.jpg,glaucoma,1,glaucoma,completo
3607,LAG,1711.jpg,glaucoma,1,glaucoma,completo
3608,LAG,1713.jpg,glaucoma,1,glaucoma,completo
3609,LAG,1718.jpg,glaucoma,1,glaucoma,completo
3610,LAG,1720.jpg,glaucoma,1,glaucoma,completo
3611,LAG,1721.jpg,glaucoma,1,glaucoma,completo
3612,LAG,1728.jpg,glaucoma,1,glaucoma,completo
3613,LAG,1729.jpg,glaucoma,1,glaucoma,completo
3614,LAG,1730.jpg,glaucoma,1,glaucoma,completo
3615,LAG,1733.jpg,glaucoma,1,glaucoma,completo
3616,LAG,1735.jpg,glaucoma,1,glaucoma,completo
3617,LAG,1738.jpg,glaucoma,1,glaucoma,completo
3618,LAG,1743.jpg,glaucoma,1,glaucoma,completo
3619,LAG,1753.jpg,glaucoma,1,glaucoma,completo
3620,LAG,1757.jpg,glaucoma,1,glaucoma,completo
3621,LAG,1759.jpg,glaucoma,1,glaucoma,completo
3622,LAG,1760.jpg,glaucoma,1,glaucoma,completo
3623,LAG,1766.jpg,glaucoma,1,glaucoma,completo
3624,LAG,1775.jpg,glaucoma,1,glaucoma,completo
3625,LAG,1778.jpg,glaucoma,1,glaucoma,completo
3626,LAG,1781.jpg,glaucoma,1,glaucoma,completo
3627,LAG,1787.jpg,glaucoma,1,glaucoma,completo
3628,LAG,1790.jpg,glaucoma,1,glaucoma,completo
3629,LAG,1791.jpg,glaucoma,1,glaucoma,completo
3630,LAG,1798.jpg,glaucoma,1,glaucoma,completo
3631,LAG,1801.jpg,glaucoma,1,glaucoma,completo
3632,LAG,1802.jpg,glaucoma,1,glaucoma,completo
3633,LAG,1804.jpg,glaucoma,1,glaucoma,completo
3634,LAG,1807.jpg,glaucoma,1,glaucoma,completo
3635,LAG,1813.jpg,glaucoma,1,glaucoma,completo
3636,LAG,1814.jpg,glaucoma,1,glaucoma,completo
3637,LAG,1826.jpg,glaucoma,1,glaucoma,completo
3638,LAG,1841.jpg,glaucoma,1,glaucoma,completo
3639,LAG,1849.jpg,glaucoma,1,glaucoma,completo
3640,LAG,1853.jpg,glaucoma,1,glaucoma,completo
3641,LAG,1854.jpg,glaucoma,1,glaucoma,completo
3642,LAG,1855.jpg,glaucoma,1,glaucoma,completo
3643,LAG,1861.jpg,glaucoma,1,glaucoma,completo
3644,LAG,1866.jpg,glaucoma,1,glaucoma,completo
3645,LAG,1869.jpg,glaucoma,1,glaucoma,completo
3646,LAG,1875.jpg,glaucoma,1,glaucoma,completo
3647,LAG,1878.jpg,glaucoma,1,glaucoma,completo
3648,LAG,1879.jpg,glaucoma,1,glaucoma,completo
3649,LAG,1891.jpg,glaucoma,1,glaucoma,completo
3650,LAG,1892.jpg,glaucoma,1,glaucoma,completo
3651,LAG,1896.jpg,glaucoma,1,glaucoma,completo
3652,LAG,1897.jpg,glaucoma,1,glaucoma,completo
3653,LAG,1898.jpg,glaucoma,1,glaucoma,completo
3654,LAG,1899.jpg,glaucoma,1,glaucoma,completo
3655,LAG,1906.jpg,glaucoma,1,glaucoma,completo
3656,LAG,1910.jpg,glaucoma,1,glaucoma,completo
3657,LAG,1912.jpg,glaucoma,1,glaucoma,completo
3658,LAG,1913.jpg,glaucoma,1,glaucoma,completo
3659,LAG,1916.jpg,glaucoma,1,glaucoma,completo
3660,LAG,1917.jpg,glaucoma,1,glaucoma,completo
3661,LAG,1923.jpg,glaucoma,1,glaucoma,completo
3662,LAG,1926.jpg,glaucoma,1,glaucoma,completo
3663,LAG,1928.jpg,glaucoma,1,glaucoma,completo
3664,LAG,1933.jpg,glaucoma,1,glaucoma,completo
3665,LAG,1935.jpg,glaucoma,1,glaucoma,completo
3666,LAG,1943.jpg,glaucoma,1,glaucoma,completo
3667,LAG,1945.jpg,glaucoma,1,glaucoma,completo
3668,LAG,1947.jpg,glaucoma,1,glaucoma,completo
3669,LAG,1952.jpg,glaucoma,1,glaucoma,completo
3670,LAG,1954.jpg,glaucoma,1,glaucoma,completo
3671,LAG,1960.jpg,glaucoma,1,glaucoma,completo
3672,LAG,1965.jpg,glaucoma,1,glaucoma,completo
3673,LAG,1966.jpg,glaucoma,1,glaucoma,completo
3674,LAG,1971.jpg,glaucoma,1,glaucoma,completo
3675,LAG,1973.jpg,glaucoma,1,glaucoma,completo
3676,LAG,1975.jpg,glaucoma,1,glaucoma,completo
3677,LAG,1976.jpg,glaucoma,1,glaucoma,completo
3678,LAG,1977.jpg,glaucoma,1,glaucoma,completo
3679,LAG,1978.jpg,glaucoma,1,glaucoma,completo
3680,LAG,1980.jpg,glaucoma,1,glaucoma,completo
3681,LAG,1982.jpg,glaucoma,1,glaucoma,completo
3682,LAG,1988.jpg,glaucoma,1,glaucoma,completo
3683,LAG,1989.jpg,glaucoma,1,glaucoma,completo
3684,LAG,1995.jpg,glaucoma,1,glaucoma,completo
3685,LAG,1997.jpg,glaucoma,1,glaucoma,completo
3686,LAG,2007.jpg,glaucoma,1,glaucoma,completo
3687,LAG,2008.jpg,glaucoma,1,glaucoma,completo
3688,LAG,2009.jpg,glaucoma,1,glaucoma,completo
3689,LAG,2014.jpg,glaucoma,1,glaucoma,completo
3690,LAG,2015.jpg,glaucoma,1,glaucoma,completo
3691,LAG,2017.jpg,glaucoma,1,glaucoma,completo
3692,LAG,2020.jpg,glaucoma,1,glaucoma,completo
3693,LAG,2021.jpg,glaucoma,1,glaucoma,completo
3694,LAG,2022.jpg,glaucoma,1,glaucoma,completo
3695,LAG,2024.jpg,glaucoma,1,glaucoma,completo
3696,LAG,2026.jpg,glaucoma,1,glaucoma,completo
3697,LAG,2028.jpg,glaucoma,1,glaucoma,completo
3698,LAG,2032.jpg,glaucoma,1,glaucoma,completo
3699,LAG,2036.jpg,glaucoma,1,glaucoma,completo
3700,LAG,2040.jpg,glaucoma,1,glaucoma,completo
3701,LAG,2045.jpg,glaucoma,1,glaucoma,completo
3702,LAG,2049.jpg,glaucoma,1,glaucoma,completo
3703,LAG,2051.jpg,glaucoma,1,glaucoma,completo
3704,LAG,2054.jpg,glaucoma,1,glaucoma,completo
3705,LAG,2057.jpg,glaucoma,1,glaucoma,completo
3706,LAG,2059.jpg,glaucoma,1,glaucoma,completo
3707,LAG,2064.jpg,glaucoma,1,glaucoma,completo
3708,LAG,2065.jpg,glaucoma,1,glaucoma,completo
3709,LAG,2070.jpg,glaucoma,1,glaucoma,completo
3710,LAG,2072.jpg,glaucoma,1,glaucoma,completo
3711,LAG,2075.jpg,glaucoma,1,glaucoma,completo
3712,LAG,2087.jpg,glaucoma,1,glaucoma,completo
3713,LAG,2091.jpg,glaucoma,1,glaucoma,completo
3714,LAG,2093.jpg,glaucoma,1,glaucoma,completo
3715,LAG,2094.jpg,glaucoma,1,glaucoma,completo
3716,LAG,2100.jpg,glaucoma,1,glaucoma,completo
3717,LAG,2102.jpg,glaucoma,1,glaucoma,completo
3718,LAG,2104.jpg,glaucoma,1,glaucoma,completo
3719,LAG,2107.jpg,glaucoma,1,glaucoma,completo
3720,LAG,2108.jpg,glaucoma,1,glaucoma,completo
3721,LAG,2115.jpg,glaucoma,1,glaucoma,completo
3722,LAG,2116.jpg,glaucoma,1,glaucoma,completo
3723,LAG,2117.jpg,glaucoma,1,glaucoma,completo
3724,LAG,2119.jpg,glaucoma,1,glaucoma,completo
3725,LAG,2122.jpg,glaucoma,1,glaucoma,completo
3726,LAG,2124.jpg,glaucoma,1,glaucoma,completo
3727,LAG,2126.jpg,glaucoma,1,glaucoma,completo
3728,LAG,2127.jpg,glaucoma,1,glaucoma,completo
3729,LAG,2128.jpg,glaucoma,1,glaucoma,completo
3730,LAG,2130.jpg,glaucoma,1,glaucoma,completo
3731,LAG,2134.jpg,glaucoma,1,glaucoma,completo
3732,LAG,2135.jpg,glaucoma,1,glaucoma,completo
3733,LAG,2137.jpg,glaucoma,1,glaucoma,completo
3734,LAG,2140.jpg,glaucoma,1,glaucoma,completo
3735,LAG,2141.jpg,glaucoma,1,glaucoma,completo
3736,LAG,2142.jpg,glaucoma,1,glaucoma,completo
3737,LAG,2147.jpg,glaucoma,1,glaucoma,completo
3738,LAG,2150.jpg,glaucoma,1,glaucoma,completo
3739,LAG,2153.jpg,glaucoma,1,glaucoma,completo
3740,LAG,2154.jpg,glaucoma,1,glaucoma,completo
3741,LAG,2156.jpg,glaucoma,1,glaucoma,completo
3742,LAG,2158.jpg,glaucoma,1,glaucoma,completo
3743,LAG,2176.jpg,glaucoma,1,glaucoma,completo
3744,LAG,2181.jpg,glaucoma,1,glaucoma,completo
3745,LAG,2184.jpg,glaucoma,1,glaucoma,completo
3746,LAG,2187.jpg,glaucoma,1,glaucoma,completo
3747,LAG,2190.jpg,glaucoma,1,glaucoma,completo
3748,LAG,2194.jpg,glaucoma,1,glaucoma,completo
3749,LAG,2205.jpg,glaucoma,1,glaucoma,completo
3750,LAG,2207.jpg,glaucoma,1,glaucoma,completo
3751,LAG,2213.jpg,glaucoma,1,glaucoma,completo
3752,LAG,2214.jpg,glaucoma,1,glaucoma,completo
3753,LAG,2216.jpg,glaucoma,1,glaucoma,completo
3754,LAG,2221.jpg,glaucoma,1,glaucoma,completo
3755,LAG,2225.jpg,glaucoma,1,glaucoma,completo
3756,LAG,2227.jpg,glaucoma,1,glaucoma,completo
3757,LAG,2228.jpg,glaucoma,1,glaucoma,completo
3758,LAG,2234.jpg,glaucoma,1,glaucoma,completo
3759,LAG,2237.jpg,glaucoma,1,glaucoma,completo
3760,LAG,2243.jpg,glaucoma,1,glaucoma,completo
3761,LAG,2254.jpg,glaucoma,1,glaucoma,completo
3762,LAG,2255.jpg,glaucoma,1,glaucoma,completo
3763,LAG,2258.jpg,glaucoma,1,glaucoma,completo
3764,LAG,2262.jpg,glaucoma,1,glaucoma,completo
3765,LAG,2272.jpg,glaucoma,1,glaucoma,completo
3766,LAG,2275.jpg,glaucoma,1,glaucoma,completo
3767,LAG,2280.jpg,glaucoma,1,glaucoma,completo
3768,LAG,2283.jpg,glaucoma,1,glaucoma,completo
3769,LAG,2284.jpg,glaucoma,1,glaucoma,completo
3770,LAG,2285.jpg,glaucoma,1,glaucoma,completo
3771,LAG,2288.jpg,glaucoma,1,glaucoma,completo
3772,LAG,2296.jpg,glaucoma,1,glaucoma,completo
3773,LAG,2300.jpg,glaucoma,1,glaucoma,completo
3774,LAG,2303.jpg,glaucoma,1,glaucoma,completo
3775,LAG,2310.jpg,glaucoma,1,glaucoma,completo
3776,LAG,2316.jpg,glaucoma,1,glaucoma,completo
3777,LAG,2321.jpg,glaucoma,1,glaucoma,completo
3778,LAG,2324.jpg,glaucoma,1,glaucoma,completo
3779,LAG,2325.jpg,glaucoma,1,glaucoma,completo
3780,LAG,2328.jpg,glaucoma,1,glaucoma,completo
3781,LAG,2335.jpg,glaucoma,1,glaucoma,completo
3782,LAG,2336.jpg,glaucoma,1,glaucoma,completo
3783,LAG,2341.jpg,glaucoma,1,glaucoma,completo
3784,LAG,2342.jpg,glaucoma,1,glaucoma,completo
3785,LAG,2343.jpg,glaucoma,1,glaucoma,completo
3786,LAG,2345.jpg,glaucoma,1,glaucoma,completo
3787,LAG,2346.jpg,glaucoma,1,glaucoma,completo
3788,LAG,2348.jpg,glaucoma,1,glaucoma,completo
3789,LAG,2349.jpg,glaucoma,1,glaucoma,completo
3790,LAG,2350.jpg,glaucoma,1,glaucoma,completo
3791,LAG,2351.jpg,glaucoma,1,glaucoma,completo
3792,LAG,2352.jpg,glaucoma,1,glaucoma,completo
3793,LAG,2355.jpg,glaucoma,1,glaucoma,completo
3794,LAG,2356.jpg,glaucoma,1,glaucoma,completo
3795,LAG,2360.jpg,glaucoma,1,glaucoma,completo
3796,LAG,2362.jpg,glaucoma,1,glaucoma,completo
3797,LAG,2363.jpg,glaucoma,1,glaucoma,completo
3798,LAG,2366.jpg,glaucoma,1,glaucoma,completo
3799,LAG,2367.jpg,glaucoma,1,glaucoma,completo
3800,LAG,2369.jpg,glaucoma,1,glaucoma,completo
3801,LAG,2371.jpg,glaucoma,1,glaucoma,completo
3802,LAG,2373.jpg,glaucoma,1,glaucoma,completo
3803,LAG,2376.jpg,glaucoma,1,glaucoma,completo
3804,LAG,2377.jpg,glaucoma,1,glaucoma,completo
3805,LAG,2378.jpg,glaucoma,1,glaucoma,completo
3806,LAG,2383.jpg,glaucoma,1,glaucoma,completo
3807,LAG,2395.jpg,glaucoma,1,glaucoma,completo
3808,LAG,2397.jpg,glaucoma,1,glaucoma,completo
3809,LAG,2400.jpg,glaucoma,1,glaucoma,completo
3810,LAG,2403.jpg,glaucoma,1,glaucoma,completo
3811,LAG,2405.jpg,glaucoma,1,glaucoma,completo
3812,LAG,2408.jpg,glaucoma,1,glaucoma,completo
3813,LAG,2413.jpg,glaucoma,1,glaucoma,completo
3814,LAG,2424.jpg,glaucoma,1,glaucoma,completo
3815,LAG,2425.jpg,glaucoma,1,glaucoma,completo
3816,LAG,2428.jpg,glaucoma,1,glaucoma,completo
3817,LAG,2429.jpg,glaucoma,1,glaucoma,completo
3818,LAG,2430.jpg,glaucoma,1,glaucoma,completo
3819,LAG,2431.jpg,glaucoma,1,glaucoma,completo
3820,LAG,2438.jpg,glaucoma,1,glaucoma,completo
3821,LAG,2442.jpg,glaucoma,1,glaucoma,completo
3822,LAG,2443.jpg,glaucoma,1,glaucoma,completo
3823,LAG,2445.jpg,glaucoma,1,glaucoma,completo
3824,LAG,2447.jpg,glaucoma,1,glaucoma,completo
3825,LAG,2460.jpg,glaucoma,1,glaucoma,completo
3826,LAG,2473.jpg,glaucoma,1,glaucoma,completo
3827,LAG,2484.jpg,glaucoma,1,glaucoma,completo
3828,LAG,2486.jpg,glaucoma,1,glaucoma,completo
3829,LAG,2487.jpg,glaucoma,1,glaucoma,completo
3830,LAG,2489.jpg,glaucoma,1,glaucoma,completo
3831,LAG,2494.jpg,glaucoma,1,glaucoma,completo
3832,LAG,2495.jpg,glaucoma,1,glaucoma,completo
3833,LAG,2499.jpg,glaucoma,1,glaucoma,completo
3834,LAG,2500.jpg,glaucoma,1,glaucoma,completo
3835,LAG,2503.jpg,glaucoma,1,glaucoma,completo
3836,LAG,2504.jpg,glaucoma,1,glaucoma,completo
3837,LAG,2506.jpg,glaucoma,1,glaucoma,completo
3838,LAG,2507.jpg,glaucoma,1,glaucoma,completo
3839,LAG,2508.jpg,glaucoma,1,glaucoma,completo
3840,LAG,2509.jpg,glaucoma,1,glaucoma,completo
3841,LAG,2515.jpg,glaucoma,1,glaucoma,completo
3842,LAG,2517.jpg,glaucoma,1,glaucoma,completo
3843,LAG,2518.jpg,glaucoma,1,glaucoma,completo
3844,LAG,2520.jpg,glaucoma,1,glaucoma,completo
3845,LAG,2521.jpg,glaucoma,1,glaucoma,completo
3846,LAG,2523.jpg,glaucoma,1,glaucoma,completo
3847,LAG,2524.jpg,glaucoma,1,glaucoma,completo
3848,LAG,2525.jpg,glaucoma,1,glaucoma,completo
3849,LAG,2528.jpg,glaucoma,1,glaucoma,completo
3850,LAG,2531.jpg,glaucoma,1,glaucoma,completo
3851,LAG,2535.jpg,glaucoma,1,glaucoma,completo
3852,LAG,2539.jpg,glaucoma,1,glaucoma,completo
3853,LAG,2542.jpg,glaucoma,1,glaucoma,completo
3854,LAG,2553.jpg,glaucoma,1,glaucoma,completo
3855,LAG,2559.jpg,glaucoma,1,glaucoma,completo
3856,LAG,2560.jpg,glaucoma,1,glaucoma,completo
3857,LAG,2562.jpg,glaucoma,1,glaucoma,completo
3858,LAG,2568.jpg,glaucoma,1,glaucoma,completo
3859,LAG,2571.jpg,glaucoma,1,glaucoma,completo
3860,LAG,2579.jpg,glaucoma,1,glaucoma,completo
3861,LAG,2582.jpg,glaucoma,1,glaucoma,completo
3862,LAG,2588.jpg,glaucoma,1,glaucoma,completo
3863,LAG,2589.jpg,glaucoma,1,glaucoma,completo
3864,LAG,2596.jpg,glaucoma,1,glaucoma,completo
3865,LAG,2597.jpg,glaucoma,1,glaucoma,completo
3866,LAG,2598.jpg,glaucoma,1,glaucoma,completo
3867,LAG,2599.jpg,glaucoma,1,glaucoma,completo
3868,LAG,2605.jpg,glaucoma,1,glaucoma,completo
3869,LAG,2608.jpg,glaucoma,1,glaucoma,completo
3870,LAG,2612.jpg,glaucoma,1,glaucoma,completo
3871,LAG,2614.jpg,glaucoma,1,glaucoma,completo
3872,LAG,2616.jpg,glaucoma,1,glaucoma,completo
3873,LAG,2620.jpg,glaucoma,1,glaucoma,completo
3874,LAG,2621.jpg,glaucoma,1,glaucoma,completo
3875,LAG,2624.jpg,glaucoma,1,glaucoma,completo
3876,LAG,2626.jpg,glaucoma,1,glaucoma,completo
3877,LAG,2628.jpg,glaucoma,1,glaucoma,completo
3878,LAG,2638.jpg,glaucoma,1,glaucoma,completo
3879,LAG,2639.jpg,glaucoma,1,glaucoma,completo
3880,LAG,2643.jpg,glaucoma,1,glaucoma,completo
3881,LAG,2651.jpg,glaucoma,1,glaucoma,completo
3882,LAG,2657.jpg,glaucoma,1,glaucoma,completo
3883,LAG,2659.jpg,glaucoma,1,glaucoma,completo
3884,LAG,2671.jpg,glaucoma,1,glaucoma,completo
3885,LAG,2674.jpg,glaucoma,1,glaucoma,completo
3886,LAG,2683.jpg,glaucoma,1,glaucoma,completo
3887,LAG,2684.jpg,glaucoma,1,glaucoma,completo
3888,LAG,2686.jpg,glaucoma,1,glaucoma,completo
3889,LAG,2687.jpg,glaucoma,1,glaucoma,completo
3890,LAG,2693.jpg,glaucoma,1,glaucoma,completo
3891,LAG,2695.jpg,glaucoma,1,glaucoma,completo
3892,LAG,2709.jpg,glaucoma,1,glaucoma,completo
3893,LAG,2713.jpg,glaucoma,1,glaucoma,completo
3894,LAG,2715.jpg,glaucoma,1,glaucoma,completo
3895,LAG,2716.jpg,glaucoma,1,glaucoma,completo
3896,LAG,2719.jpg,glaucoma,1,glaucoma,completo
3897,LAG,2722.jpg,glaucoma,1,glaucoma,completo
3898,LAG,2726.jpg,glaucoma,1,glaucoma,completo
3899,LAG,2729.jpg,glaucoma,1,glaucoma,completo
3900,LAG,2735.jpg,glaucoma,1,glaucoma,completo
3901,LAG,2736.jpg,glaucoma,1,glaucoma,completo
3902,LAG,2742.jpg,glaucoma,1,glaucoma,completo
3903,LAG,2745.jpg,glaucoma,1,glaucoma,completo
3904,LAG,2747.jpg,glaucoma,1,glaucoma,completo
3905,LAG,2750.jpg,glaucoma,1,glaucoma,completo
3906,LAG,2754.jpg,glaucoma,1,glaucoma,completo
3907,LAG,2762.jpg,glaucoma,1,glaucoma,completo
3908,LAG,2768.jpg,glaucoma,1,glaucoma,completo
3909,LAG,2771.jpg,glaucoma,1,glaucoma,completo
3910,LAG,2774.jpg,glaucoma,1,glaucoma,completo
3911,LAG,2783.jpg,glaucoma,1,glaucoma,completo
3912,LAG,2784.jpg,glaucoma,1,glaucoma,completo
3913,LAG,2788.jpg,glaucoma,1,glaucoma,completo
3914,LAG,2790.jpg,glaucoma,1,glaucoma,completo
3915,LAG,2791.jpg,glaucoma,1,glaucoma,completo
3916,LAG,2795.jpg,glaucoma,1,glaucoma,completo
3917,LAG,2796.jpg,glaucoma,1,glaucoma,completo
3918,LAG,2798.jpg,glaucoma,1,glaucoma,completo
3919,LAG,2804.jpg,glaucoma,1,glaucoma,completo
3920,LAG,2818.jpg,glaucoma,1,glaucoma,completo
3921,LAG,2820.jpg,glaucoma,1,glaucoma,completo
3922,LAG,2823.jpg,glaucoma,1,glaucoma,completo
3923,LAG,2824.jpg,glaucoma,1,glaucoma,completo
3924,LAG,2826.jpg,glaucoma,1,glaucoma,completo
3925,LAG,2831.jpg,glaucoma,1,glaucoma,completo
3926,LAG,2835.jpg,glaucoma,1,glaucoma,completo
3927,LAG,2836.jpg,glaucoma,1,glaucoma,completo
3928,LAG,2837.jpg,glaucoma,1,glaucoma,completo
3929,LAG,2839.jpg,glaucoma,1,glaucoma,completo
3930,LAG,2840.jpg,glaucoma,1,glaucoma,completo
3931,LAG,2843.jpg,glaucoma,1,glaucoma,completo
3932,LAG,2844.jpg,glaucoma,1,glaucoma,completo
3933,LAG,2848.jpg,glaucoma,1,glaucoma,completo
3934,LAG,2851.jpg,glaucoma,1,glaucoma,completo
3935,LAG,2852.jpg,glaucoma,1,glaucoma,completo
3936,LAG,2853.jpg,glaucoma,1,glaucoma,completo
3937,LAG,2854.jpg,glaucoma,1,glaucoma,completo
3938,LAG,2855.jpg,glaucoma,1,glaucoma,completo
3939,LAG,2862.jpg,glaucoma,1,glaucoma,completo
3940,LAG,2866.jpg,glaucoma,1,glaucoma,completo
3941,LAG,2869.jpg,glaucoma,1,glaucoma,completo
3942,LAG,2879.jpg,glaucoma,1,glaucoma,completo
3943,LAG,2881.jpg,glaucoma,1,glaucoma,completo
3944,LAG,2882.jpg,glaucoma,1,glaucoma,completo
3945,LAG,2890.jpg,glaucoma,1,glaucoma,completo
3946,LAG,2902.jpg,glaucoma,1,glaucoma,completo
3947,LAG,2903.jpg,glaucoma,1,glaucoma,completo
3948,LAG,2908.jpg,glaucoma,1,glaucoma,completo
3949,LAG,2918.jpg,glaucoma,1,glaucoma,completo
3950,LAG,2924.jpg,glaucoma,1,glaucoma,completo
3951,LAG,2930.jpg,glaucoma,1,glaucoma,completo
3952,LAG,2931.jpg,glaucoma,1,glaucoma,completo
3953,LAG,2938.jpg,glaucoma,1,glaucoma,completo
3954,LAG,2940.jpg,glaucoma,1,glaucoma,completo
3955,LAG,2942.jpg,glaucoma,1,glaucoma,completo
3956,LAG,2947.jpg,glaucoma,1,glaucoma,completo
3957,LAG,2949.jpg,glaucoma,1,glaucoma,completo
3958,LAG,2950.jpg,glaucoma,1,glaucoma,completo
3959,LAG,2951.jpg,glaucoma,1,glaucoma,completo
3960,LAG,2953.jpg,glaucoma,1,glaucoma,completo
3961,LAG,2959.jpg,glaucoma,1,glaucoma,completo
3962,LAG,2961.jpg,glaucoma,1,glaucoma,completo
3963,LAG,2965.jpg,glaucoma,1,glaucoma,completo
3964,LAG,2973.jpg,glaucoma,1,glaucoma,completo
3965,LAG,2974.jpg,glaucoma,1,glaucoma,completo
3966,LAG,2977.jpg,glaucoma,1,glaucoma,completo
3967,LAG,2979.jpg,glaucoma,1,glaucoma,completo
3968,LAG,2981.jpg,glaucoma,1,glaucoma,completo
3969,LAG,2984.jpg,glaucoma,1,glaucoma,completo
3970,LAG,2986.jpg,glaucoma,1,glaucoma,completo
3971,LAG,2987.jpg,glaucoma,1,glaucoma,completo
3972,LAG,2988.jpg,glaucoma,1,glaucoma,completo
3973,LAG,2989.jpg,glaucoma,1,glaucoma,completo
3974,LAG,2990.jpg,glaucoma,1,glaucoma,completo
3975,LAG,2993.jpg,glaucoma,1,glaucoma,completo
3976,LAG,3003.jpg,glaucoma,1,glaucoma,completo
3977,LAG,3004.jpg,glaucoma,1,glaucoma,completo
3978,LAG,3008.jpg,glaucoma,1,glaucoma,completo
3979,LAG,3009.jpg,glaucoma,1,glaucoma,completo
3980,LAG,3010.jpg,glaucoma,1,glaucoma,completo
3981,LAG,3017.jpg,glaucoma,1,glaucoma,completo
3982,LAG,3023.jpg,glaucoma,1,glaucoma,completo
3983,LAG,3028.jpg,glaucoma,1,glaucoma,completo
3984,LAG,3030.jpg,glaucoma,1,glaucoma,completo
3985,LAG,3032.jpg,glaucoma,1,glaucoma,completo
3986,LAG,3034.jpg,glaucoma,1,glaucoma,completo
3987,LAG,3035.jpg,glaucoma,1,glaucoma,completo
3988,LAG,3044.jpg,glaucoma,1,glaucoma,completo
3989,LAG,3045.jpg,glaucoma,1,glaucoma,completo
3990,LAG,3046.jpg,glaucoma,1,glaucoma,completo
3991,LAG,3048.jpg,glaucoma,1,glaucoma,completo
3992,LAG,3050.jpg,glaucoma,1,glaucoma,completo
3993,LAG,3051.jpg,glaucoma,1,glaucoma,completo
3994,LAG,3056.jpg,glaucoma,1,glaucoma,completo
3995,LAG,3059.jpg,glaucoma,1,glaucoma,completo
3996,LAG,3063.jpg,glaucoma,1,glaucoma,completo
3997,LAG,3064.jpg,glaucoma,1,glaucoma,completo
3998,LAG,3065.jpg,glaucoma,1,glaucoma,completo
3999,LAG,3075.jpg,glaucoma,1,glaucoma,completo
4000,LAG,3076.jpg,glaucoma,1,glaucoma,completo
4001,LAG,3079.jpg,glaucoma,1,glaucoma,completo
4002,LAG,3083.jpg,glaucoma,1,glaucoma,completo
4003,LAG,3087.jpg,glaucoma,1,glaucoma,completo
4004,LAG,3089.jpg,glaucoma,1,glaucoma,completo
4005,LAG,3090.jpg,glaucoma,1,glaucoma,completo
4006,LAG,3092.jpg,glaucoma,1,glaucoma,completo
4007,LAG,3095.jpg,glaucoma,1,glaucoma,completo
4008,LAG,3096.jpg,glaucoma,1,glaucoma,completo
4009,LAG,3098.jpg,glaucoma,1,glaucoma,completo
4010,LAG,3099.jpg,glaucoma,1,glaucoma,completo
4011,LAG,3101.jpg,glaucoma,1,glaucoma,completo
4012,LAG,3105.jpg,glaucoma,1,glaucoma,completo
4013,LAG,3108.jpg,glaucoma,1,glaucoma,completo
4014,LAG,3113.jpg,glaucoma,1,glaucoma,completo
4015,LAG,3114.jpg,glaucoma,1,glaucoma,completo
4016,LAG,3119.jpg,glaucoma,1,glaucoma,completo
4017,LAG,3123.jpg,glaucoma,1,glaucoma,completo
4018,LAG,3124.jpg,glaucoma,1,glaucoma,completo
4019,LAG,3128.jpg,glaucoma,1,glaucoma,completo
4020,LAG,3129.jpg,glaucoma,1,glaucoma,completo
4021,LAG,3134.jpg,glaucoma,1,glaucoma,completo
4022,LAG,3136.jpg,glaucoma,1,glaucoma,completo
4023,LAG,3139.jpg,glaucoma,1,glaucoma,completo
4024,LAG,3143.jpg,glaucoma,1,glaucoma,completo
4025,LAG,3144.jpg,glaucoma,1,glaucoma,completo
4026,LAG,3148.jpg,glaucoma,1,glaucoma,completo
4027,LAG,3150.jpg,glaucoma,1,glaucoma,completo
4028,LAG,3157.jpg,glaucoma,1,glaucoma,completo
4029,LAG,3161.jpg,glaucoma,1,glaucoma,completo
4030,LAG,3163.jpg,glaucoma,1,glaucoma,completo
4031,LAG,3168.jpg,glaucoma,1,glaucoma,completo
4032,LAG,3174.jpg,glaucoma,1,glaucoma,completo
4033,LAG,3178.jpg,glaucoma,1,glaucoma,completo
4034,LAG,3179.jpg,glaucoma,1,glaucoma,completo
4035,LAG,3180.jpg,glaucoma,1,glaucoma,completo
4036,LAG,3191.jpg,glaucoma,1,glaucoma,completo
4037,LAG,3193.jpg,glaucoma,1,glaucoma,completo
4038,LAG,3195.jpg,glaucoma,1,glaucoma,completo
4039,LAG,3199.jpg,glaucoma,1,glaucoma,completo
4040,LAG,3201.jpg,glaucoma,1,glaucoma,completo
4041,LAG,3204.jpg,glaucoma,1,glaucoma,completo
4042,LAG,3205.jpg,glaucoma,1,glaucoma,completo
4043,LAG,3206.jpg,glaucoma,1,glaucoma,completo
4044,LAG,3207.jpg,glaucoma,1,glaucoma,completo
4045,LAG,3214.jpg,glaucoma,1,glaucoma,completo
4046,LAG,3222.jpg,glaucoma,1,glaucoma,completo
4047,LAG,3234.jpg,glaucoma,1,glaucoma,completo
4048,LAG,3236.jpg,glaucoma,1,glaucoma,completo
4049,LAG,3237.jpg,glaucoma,1,glaucoma,completo
4050,LAG,3238.jpg,glaucoma,1,glaucoma,completo
4051,LAG,3242.jpg,glaucoma,1,glaucoma,completo
4052,LAG,3243.jpg,glaucoma,1,glaucoma,completo
4053,LAG,3244.jpg,glaucoma,1,glaucoma,completo
4054,LAG,3245.jpg,glaucoma,1,glaucoma,completo
4055,LAG,3248.jpg,glaucoma,1,glaucoma,completo
4056,LAG,3249.jpg,glaucoma,1,glaucoma,completo
4057,LAG,3254.jpg,glaucoma,1,glaucoma,completo
4058,LAG,3258.jpg,glaucoma,1,glaucoma,completo
4059,LAG,3263.jpg,glaucoma,1,glaucoma,completo
4060,LAG,3265.jpg,glaucoma,1,glaucoma,completo
4061,LAG,3266.jpg,glaucoma,1,glaucoma,completo
4062,LAG,3271.jpg,glaucoma,1,glaucoma,completo
4063,LAG,3272.jpg,glaucoma,1,glaucoma,completo
4064,LAG,3274.jpg,glaucoma,1,glaucoma,completo
4065,LAG,3276.jpg,glaucoma,1,glaucoma,completo
4066,LAG,3280.jpg,glaucoma,1,glaucoma,completo
4067,LAG,3286.jpg,glaucoma,1,glaucoma,completo
4068,LAG,3290.jpg,glaucoma,1,glaucoma,completo
4069,LAG,3291.jpg,glaucoma,1,glaucoma,completo
4070,LAG,3293.jpg,glaucoma,1,glaucoma,completo
4071,LAG,3295.jpg,glaucoma,1,glaucoma,completo
4072,LAG,3302.jpg,glaucoma,1,glaucoma,completo
4073,LAG,3306.jpg,glaucoma,1,glaucoma,completo
4074,LAG,3309.jpg,glaucoma,1,glaucoma,completo
4075,LAG,3310.jpg,glaucoma,1,glaucoma,completo
4076,LAG,3312.jpg,glaucoma,1,glaucoma,completo
4077,LAG,3313.jpg,glaucoma,1,glaucoma,completo
4078,LAG,3322.jpg,glaucoma,1,glaucoma,completo
4079,LAG,3324.jpg,glaucoma,1,glaucoma,completo
4080,LAG,3326.jpg,glaucoma,1,glaucoma,completo
4081,LAG,3331.jpg,glaucoma,1,glaucoma,completo
4082,LAG,3334.jpg,glaucoma,1,glaucoma,completo
4083,LAG,3344.jpg,glaucoma,1,glaucoma,completo
4084,LAG,3350.jpg,glaucoma,1,glaucoma,completo
4085,LAG,3353.jpg,glaucoma,1,glaucoma,completo
4086,LAG,3354.jpg,glaucoma,1,glaucoma,completo
4087,LAG,3358.jpg,glaucoma,1,glaucoma,completo
4088,LAG,3362.jpg,glaucoma,1,glaucoma,completo
4089,LAG,3364.jpg,glaucoma,1,glaucoma,completo
4090,LAG,3365.jpg,glaucoma,1,glaucoma,completo
4091,LAG,3369.jpg,glaucoma,1,glaucoma,completo
4092,LAG,3370.jpg,glaucoma,1,glaucoma,completo
4093,LAG,3372.jpg,glaucoma,1,glaucoma,completo
4094,LAG,3377.jpg,glaucoma,1,glaucoma,completo
4095,LAG,3379.jpg,glaucoma,1,glaucoma,completo
4096,LAG,3380.jpg,glaucoma,1,glaucoma,completo
4097,LAG,3382.jpg,glaucoma,1,glaucoma,completo
4098,LAG,3383.jpg,glaucoma,1,glaucoma,completo
4099,LAG,3385.jpg,glaucoma,1,glaucoma,completo
4100,LAG,3395.jpg,glaucoma,1,glaucoma,completo
4101,LAG,3398.jpg,glaucoma,1,glaucoma,completo
4102,LAG,3400.jpg,glaucoma,1,glaucoma,completo
4103,LAG,3402.jpg,glaucoma,1,glaucoma,completo
4104,LAG,3406.jpg,glaucoma,1,glaucoma,completo
4105,LAG,3410.jpg,glaucoma,1,glaucoma,completo
4106,LAG,3411.jpg,glaucoma,1,glaucoma,completo
4107,LAG,3414.jpg,glaucoma,1,glaucoma,completo
4108,LAG,3417.jpg,glaucoma,1,glaucoma,completo
4109,LAG,3420.jpg,glaucoma,1,glaucoma,completo
4110,LAG,3421.jpg,glaucoma,1,glaucoma,completo
4111,LAG,3424.jpg,glaucoma,1,glaucoma,completo
4112,LAG,3425.jpg,glaucoma,1,glaucoma,completo
4113,LAG,3426.jpg,glaucoma,1,glaucoma,completo
4114,LAG,3428.jpg,glaucoma,1,glaucoma,completo
4115,LAG,3429.jpg,glaucoma,1,glaucoma,completo
4116,LAG,3430.jpg,glaucoma,1,glaucoma,completo
4117,LAG,3436.jpg,glaucoma,1,glaucoma,completo
4118,LAG,3447.jpg,glaucoma,1,glaucoma,completo
4119,LAG,3452.jpg,glaucoma,1,glaucoma,completo
4120,LAG,3453.jpg,glaucoma,1,glaucoma,completo
4121,LAG,3455.jpg,glaucoma,1,glaucoma,completo
4122,LAG,3457.jpg,glaucoma,1,glaucoma,completo
4123,LAG,3463.jpg,glaucoma,1,glaucoma,completo
4124,LAG,3464.jpg,glaucoma,1,glaucoma,completo
4125,LAG,3468.jpg,glaucoma,1,glaucoma,completo
4126,LAG,3471.jpg,glaucoma,1,glaucoma,completo
4127,LAG,3476.jpg,glaucoma,1,glaucoma,completo
4128,LAG,3478.jpg,glaucoma,1,glaucoma,completo
4129,LAG,3482.jpg,glaucoma,1,glaucoma,completo
4130,LAG,3487.jpg,glaucoma,1,glaucoma,completo
4131,LAG,3490.jpg,glaucoma,1,glaucoma,completo
4132,LAG,3494.jpg,glaucoma,1,glaucoma,completo
4133,LAG,3495.jpg,glaucoma,1,glaucoma,completo
4134,LAG,3500.jpg,glaucoma,1,glaucoma,completo
4135,LAG,3501.jpg,glaucoma,1,glaucoma,completo
4136,LAG,3506.jpg,glaucoma,1,glaucoma,completo
4137,LAG,3511.jpg,glaucoma,1,glaucoma,completo
4138,LAG,3512.jpg,glaucoma,1,glaucoma,completo
4139,LAG,3513.jpg,glaucoma,1,glaucoma,completo
4140,LAG,3517.jpg,glaucoma,1,glaucoma,completo
4141,LAG,3518.jpg,glaucoma,1,glaucoma,completo
4142,LAG,3523.jpg,glaucoma,1,glaucoma,completo
4143,LAG,3524.jpg,glaucoma,1,glaucoma,completo
4144,LAG,3528.jpg,glaucoma,1,glaucoma,completo
4145,LAG,3529.jpg,glaucoma,1,glaucoma,completo
4146,LAG,3530.jpg,glaucoma,1,glaucoma,completo
4147,LAG,3532.jpg,glaucoma,1,glaucoma,completo
4148,LAG,3535.jpg,glaucoma,1,glaucoma,completo
4149,LAG,3545.jpg,glaucoma,1,glaucoma,completo
4150,LAG,3551.jpg,glaucoma,1,glaucoma,completo
4151,LAG,3556.jpg,glaucoma,1,glaucoma,completo
4152,LAG,3566.jpg,glaucoma,1,glaucoma,completo
4153,LAG,3569.jpg,glaucoma,1,glaucoma,completo
4154,LAG,3570.jpg,glaucoma,1,glaucoma,completo
4155,LAG,3572.jpg,glaucoma,1,glaucoma,completo
4156,LAG,3574.jpg,glaucoma,1,glaucoma,completo
4157,LAG,3578.jpg,glaucoma,1,glaucoma,completo
4158,LAG,3579.jpg,glaucoma,1,glaucoma,completo
4159,LAG,3581.jpg,glaucoma,1,glaucoma,completo
4160,LAG,3583.jpg,glaucoma,1,glaucoma,completo
4161,LAG,3584.jpg,glaucoma,1,glaucoma,completo
4162,LAG,3586.jpg,glaucoma,1,glaucoma,completo
4163,LAG,3591.jpg,glaucoma,1,glaucoma,completo
4164,LAG,3599.jpg,glaucoma,1,glaucoma,completo
4165,LAG,3607.jpg,glaucoma,1,glaucoma,completo
4166,LAG,3611.jpg,glaucoma,1,glaucoma,completo
4167,LAG,3613.jpg,glaucoma,1,glaucoma,completo
4168,LAG,3618.jpg,glaucoma,1,glaucoma,completo
4169,LAG,3622.jpg,glaucoma,1,glaucoma,completo
4170,LAG,3624.jpg,glaucoma,1,glaucoma,completo
4171,LAG,3627.jpg,glaucoma,1,glaucoma,completo
4172,LAG,3630.jpg,glaucoma,1,glaucoma,completo
4173,LAG,3635.jpg,glaucoma,1,glaucoma,completo
4174,LAG,3638.jpg,glaucoma,1,glaucoma,completo
4175,LAG,3640.jpg,glaucoma,1,glaucoma,completo
4176,LAG,3642.jpg,glaucoma,1,glaucoma,completo
4177,LAG,3647.jpg,glaucoma,1,glaucoma,completo
4178,LAG,3650.jpg,glaucoma,1,glaucoma,completo
4179,LAG,3656.jpg,glaucoma,1,glaucoma,completo
4180,LAG,3662.jpg,glaucoma,1,glaucoma,completo
4181,LAG,3664.jpg,glaucoma,1,glaucoma,completo
4182,LAG,3666.jpg,glaucoma,1,glaucoma,completo
4183,LAG,3674.jpg,glaucoma,1,glaucoma,completo
4184,LAG,3675.jpg,glaucoma,1,glaucoma,completo
4185,LAG,3682.jpg,glaucoma,1,glaucoma,completo
4186,LAG,3686.jpg,glaucoma,1,glaucoma,completo
4187,LAG,3687.jpg,glaucoma,1,glaucoma,completo
4188,LAG,3691.jpg,glaucoma,1,glaucoma,completo
4189,LAG,3695.jpg,glaucoma,1,glaucoma,completo
4190,LAG,3696.jpg,glaucoma,1,glaucoma,completo
4191,LAG,3698.jpg,glaucoma,1,glaucoma,completo
4192,LAG,3701.jpg,glaucoma,1,glaucoma,completo
4193,LAG,3707.jpg,glaucoma,1,glaucoma,completo
4194,LAG,3709.jpg,glaucoma,1,glaucoma,completo
4195,LAG,3710.jpg,glaucoma,1,glaucoma,completo
4196,LAG,3712.jpg,glaucoma,1,glaucoma,completo
4197,LAG,3714.jpg,glaucoma,1,glaucoma,completo
4198,LAG,3717.jpg,glaucoma,1,glaucoma,completo
4199,LAG,3718.jpg,glaucoma,1,glaucoma,completo
4200,LAG,3721.jpg,glaucoma,1,glaucoma,completo
4201,LAG,3725.jpg,glaucoma,1,glaucoma,completo
4202,LAG,3730.jpg,glaucoma,1,glaucoma,completo
4203,LAG,3731.jpg,glaucoma,1,glaucoma,completo
4204,LAG,3732.jpg,glaucoma,1,glaucoma,completo
4205,LAG,3733.jpg,glaucoma,1,glaucoma,completo
4206,LAG,3736.jpg,glaucoma,1,glaucoma,completo
4207,LAG,3737.jpg,glaucoma,1,glaucoma,completo
4208,LAG,3738.jpg,glaucoma,1,glaucoma,completo
4209,LAG,3741.jpg,glaucoma,1,glaucoma,completo
4210,LAG,3744.jpg,glaucoma,1,glaucoma,completo
4211,LAG,3748.jpg,glaucoma,1,glaucoma,completo
4212,LAG,3751.jpg,glaucoma,1,glaucoma,completo
4213,LAG,3755.jpg,glaucoma,1,glaucoma,completo
4214,LAG,3756.jpg,glaucoma,1,glaucoma,completo
4215,LAG,3759.jpg,glaucoma,1,glaucoma,completo
4216,LAG,3761.jpg,glaucoma,1,glaucoma,completo
4217,LAG,3762.jpg,glaucoma,1,glaucoma,completo
4218,LAG,3764.jpg,glaucoma,1,glaucoma,completo
4219,LAG,3769.jpg,glaucoma,1,glaucoma,completo
4220,LAG,3774.jpg,glaucoma,1,glaucoma,completo
4221,LAG,3775.jpg,glaucoma,1,glaucoma,completo
4222,LAG,3782.jpg,glaucoma,1,glaucoma,completo
4223,LAG,3786.jpg,glaucoma,1,glaucoma,completo
4224,LAG,3787.jpg,glaucoma,1,glaucoma,completo
4225,LAG,3791.jpg,glaucoma,1,glaucoma,completo
4226,LAG,3797.jpg,glaucoma,1,glaucoma,completo
4227,LAG,3801.jpg,glaucoma,1,glaucoma,completo
4228,LAG,3805.jpg,glaucoma,1,glaucoma,completo
4229,LAG,3806.jpg,glaucoma,1,glaucoma,completo
4230,LAG,3809.jpg,glaucoma,1,glaucoma,completo
4231,LAG,3816.jpg,glaucoma,1,glaucoma,completo
4232,LAG,3818.jpg,glaucoma,1,glaucoma,completo
4233,LAG,3825.jpg,glaucoma,1,glaucoma,completo
4234,LAG,3826.jpg,glaucoma,1,glaucoma,completo
4235,LAG,3836.jpg,glaucoma,1,glaucoma,completo
4236,LAG,3839.jpg,glaucoma,1,glaucoma,completo
4237,LAG,3842.jpg,glaucoma,1,glaucoma,completo
4238,LAG,3843.jpg,glaucoma,1,glaucoma,completo
4239,LAG,3851.jpg,glaucoma,1,glaucoma,completo
4240,LAG,3854.jpg,glaucoma,1,glaucoma,completo
4241,LAG,3855.jpg,glaucoma,1,glaucoma,completo
4242,LAG,3863.jpg,glaucoma,1,glaucoma,completo
4243,LAG,3868.jpg,glaucoma,1,glaucoma,completo
4244,LAG,3874.jpg,glaucoma,1,glaucoma,completo
4245,LAG,3876.jpg,glaucoma,1,glaucoma,completo
4246,LAG,3878.jpg,glaucoma,1,glaucoma,completo
4247,LAG,3879.jpg,glaucoma,1,glaucoma,completo
4248,LAG,3882.jpg,glaucoma,1,glaucoma,completo
4249,LAG,3883.jpg,glaucoma,1,glaucoma,completo
4250,LAG,3886.jpg,glaucoma,1,glaucoma,completo
4251,LAG,3887.jpg,glaucoma,1,glaucoma,completo
4252,LAG,3889.jpg,glaucoma,1,glaucoma,completo
4253,LAG,3890.jpg,glaucoma,1,glaucoma,completo
4254,LAG,3897.jpg,glaucoma,1,glaucoma,completo
4255,LAG,3899.jpg,glaucoma,1,glaucoma,completo
4256,LAG,3903.jpg,glaucoma,1,glaucoma,completo
4257,LAG,3915.jpg,glaucoma,1,glaucoma,completo
4258,LAG,3916.jpg,glaucoma,1,glaucoma,completo
4259,LAG,3922.jpg,glaucoma,1,glaucoma,completo
4260,LAG,3924.jpg,glaucoma,1,glaucoma,completo
4261,LAG,3926.jpg,glaucoma,1,glaucoma,completo
4262,LAG,3927.jpg,glaucoma,1,glaucoma,completo
4263,LAG,3930.jpg,glaucoma,1,glaucoma,completo
4264,LAG,3931.jpg,glaucoma,1,glaucoma,completo
4265,LAG,3932.jpg,glaucoma,1,glaucoma,completo
4266,LAG,3934.jpg,glaucoma,1,glaucoma,completo
4267,LAG,3937.jpg,glaucoma,1,glaucoma,completo
4268,LAG,3939.jpg,glaucoma,1,glaucoma,completo
4269,LAG,3941.jpg,glaucoma,1,glaucoma,completo
4270,LAG,3946.jpg,glaucoma,1,glaucoma,completo
4271,LAG,3947.jpg,glaucoma,1,glaucoma,completo
4272,LAG,3949.jpg,glaucoma,1,glaucoma,completo
4273,LAG,3950.jpg,glaucoma,1,glaucoma,completo
4274,LAG,3951.jpg,glaucoma,1,glaucoma,completo
4275,LAG,3952.jpg,glaucoma,1,glaucoma,completo
4276,LAG,3953.jpg,glaucoma,1,glaucoma,completo
4277,LAG,3958.jpg,glaucoma,1,glaucoma,completo
4278,LAG,3959.jpg,glaucoma,1,glaucoma,completo
4279,LAG,3961.jpg,glaucoma,1,glaucoma,completo
4280,LAG,3964.jpg,glaucoma,1,glaucoma,completo
4281,LAG,3971.jpg,glaucoma,1,glaucoma,completo
4282,LAG,3974.jpg,glaucoma,1,glaucoma,completo
4283,LAG,3977.jpg,glaucoma,1,glaucoma,completo
4284,LAG,3979.jpg,glaucoma,1,glaucoma,completo
4285,LAG,3980.jpg,glaucoma,1,glaucoma,completo
4286,LAG,3991.jpg,glaucoma,1,glaucoma,completo
4287,LAG,3997.jpg,glaucoma,1,glaucoma,completo
4288,LAG,3998.jpg,glaucoma,1,glaucoma,completo
4289,LAG,4001.jpg,glaucoma,1,glaucoma,completo
4290,LAG,4005.jpg,glaucoma,1,glaucoma,completo
4291,LAG,4009.jpg,glaucoma,1,glaucoma,completo
4292,LAG,4014.jpg,glaucoma,1,glaucoma,completo
4293,LAG,4015.jpg,glaucoma,1,glaucoma,completo
4294,LAG,4017.jpg,glaucoma,1,glaucoma,completo
4295,LAG,4019.jpg,glaucoma,1,glaucoma,completo
4296,LAG,4020.jpg,glaucoma,1,glaucoma,completo
4297,LAG,4021.jpg,glaucoma,1,glaucoma,completo
4298,LAG,4022.jpg,glaucoma,1,glaucoma,completo
4299,LAG,4025.jpg,glaucoma,1,glaucoma,completo
4300,LAG,4028.jpg,glaucoma,1,glaucoma,completo
4301,LAG,4029.jpg,glaucoma,1,glaucoma,completo
4302,LAG,4031.jpg,glaucoma,1,glaucoma,completo
4303,LAG,4032.jpg,glaucoma,1,glaucoma,completo
4304,LAG,4037.jpg,glaucoma,1,glaucoma,completo
4305,LAG,4040.jpg,glaucoma,1,glaucoma,completo
4306,LAG,4043.jpg,glaucoma,1,glaucoma,completo
4307,LAG,4044.jpg,glaucoma,1,glaucoma,completo
4308,LAG,4045.jpg,glaucoma,1,glaucoma,completo
4309,LAG,4048.jpg,glaucoma,1,glaucoma,completo
4310,LAG,4057.jpg,glaucoma,1,glaucoma,completo
4311,LAG,4058.jpg,glaucoma,1,glaucoma,completo
4312,LAG,4063.jpg,glaucoma,1,glaucoma,completo
4313,LAG,4066.jpg,glaucoma,1,glaucoma,completo
4314,LAG,4072.jpg,glaucoma,1,glaucoma,completo
4315,LAG,4075.jpg,glaucoma,1,glaucoma,completo
4316,LAG,4076.jpg,glaucoma,1,glaucoma,completo
4317,LAG,4081.jpg,glaucoma,1,glaucoma,completo
4318,LAG,4082.jpg,glaucoma,1,glaucoma,completo
4319,LAG,4083.jpg,glaucoma,1,glaucoma,completo
4320,LAG,4084.jpg,glaucoma,1,glaucoma,completo
4321,LAG,4093.jpg,glaucoma,1,glaucoma,completo
4322,LAG,4095.jpg,glaucoma,1,glaucoma,completo
4323,LAG,4103.jpg,glaucoma,1,glaucoma,completo
4324,LAG,4105.jpg,glaucoma,1,glaucoma,completo
4325,LAG,4108.jpg,glaucoma,1,glaucoma,completo
4326,LAG,4117.jpg,glaucoma,1,glaucoma,completo
4327,LAG,4122.jpg,glaucoma,1,glaucoma,completo
4328,LAG,4123.jpg,glaucoma,1,glaucoma,completo
4329,LAG,4126.jpg,glaucoma,1,glaucoma,completo
4330,LAG,4129.jpg,glaucoma,1,glaucoma,completo
4331,LAG,4132.jpg,glaucoma,1,glaucoma,completo
4332,LAG,4135.jpg,glaucoma,1,glaucoma,completo
4333,LAG,4137.jpg,glaucoma,1,glaucoma,completo
4334,LAG,4139.jpg,glaucoma,1,glaucoma,completo
4335,LAG,4144.jpg,glaucoma,1,glaucoma,completo
4336,LAG,4145.jpg,glaucoma,1,glaucoma,completo
4337,LAG,4147.jpg,glaucoma,1,glaucoma,completo
4338,LAG,4150.jpg,glaucoma,1,glaucoma,completo
4339,LAG,4155.jpg,glaucoma,1,glaucoma,completo
4340,LAG,4160.jpg,glaucoma,1,glaucoma,completo
4341,LAG,4161.jpg,glaucoma,1,glaucoma,completo
4342,LAG,4169.jpg,glaucoma,1,glaucoma,completo
4343,LAG,4180.jpg,glaucoma,1,glaucoma,completo
4344,LAG,4184.jpg,glaucoma,1,glaucoma,completo
4345,LAG,4196.jpg,glaucoma,1,glaucoma,completo
4346,LAG,4199.jpg,glaucoma,1,glaucoma,completo
4347,LAG,4204.jpg,glaucoma,1,glaucoma,completo
4348,LAG,4214.jpg,glaucoma,1,glaucoma,completo
4349,LAG,4221.jpg,glaucoma,1,glaucoma,completo
4350,LAG,4223.jpg,glaucoma,1,glaucoma,completo
4351,LAG,4224.jpg,glaucoma,1,glaucoma,completo
4352,LAG,4229.jpg,glaucoma,1,glaucoma,completo
4353,LAG,4231.jpg,glaucoma,1,glaucoma,completo
4354,LAG,4234.jpg,glaucoma,1,glaucoma,completo
4355,LAG,4235.jpg,glaucoma,1,glaucoma,completo
4356,LAG,4240.jpg,glaucoma,1,glaucoma,completo
4357,LAG,4244.jpg,glaucoma,1,glaucoma,completo
4358,LAG,4248.jpg,glaucoma,1,glaucoma,completo
4359,LAG,4249.jpg,glaucoma,1,glaucoma,completo
4360,LAG,4253.jpg,glaucoma,1,glaucoma,completo
4361,LAG,4257.jpg,glaucoma,1,glaucoma,completo
4362,LAG,4258.jpg,glaucoma,1,glaucoma,completo
4363,LAG,4259.jpg,glaucoma,1,glaucoma,completo
4364,LAG,4262.jpg,glaucoma,1,glaucoma,completo
4365,LAG,4265.jpg,glaucoma,1,glaucoma,completo
4366,LAG,4266.jpg,glaucoma,1,glaucoma,completo
4367,LAG,4268.jpg,glaucoma,1,glaucoma,completo
4368,LAG,4275.jpg,glaucoma,1,glaucoma,completo
4369,LAG,4280.jpg,glaucoma,1,glaucoma,completo
4370,LAG,4281.jpg,glaucoma,1,glaucoma,completo
4371,LAG,4283.jpg,glaucoma,1,glaucoma,completo
4372,LAG,4284.jpg,glaucoma,1,glaucoma,completo
4373,LAG,4287.jpg,glaucoma,1,glaucoma,completo
4374,LAG,4292.jpg,glaucoma,1,glaucoma,completo
4375,LAG,4302.jpg,glaucoma,1,glaucoma,completo
4376,LAG,4303.jpg,glaucoma,1,glaucoma,completo
4377,LAG,4305.jpg,glaucoma,1,glaucoma,completo
4378,LAG,4310.jpg,glaucoma,1,glaucoma,completo
4379,LAG,4313.jpg,glaucoma,1,glaucoma,completo
4380,LAG,4314.jpg,glaucoma,1,glaucoma,completo
4381,LAG,4319.jpg,glaucoma,1,glaucoma,completo
4382,LAG,4321.jpg,glaucoma,1,glaucoma,completo
4383,LAG,4323.jpg,glaucoma,1,glaucoma,completo
4384,LAG,4327.jpg,glaucoma,1,glaucoma,completo
4385,LAG,4332.jpg,glaucoma,1,glaucoma,completo
4386,LAG,4339.jpg,glaucoma,1,glaucoma,completo
4387,LAG,4340.jpg,glaucoma,1,glaucoma,completo
4388,LAG,4341.jpg,glaucoma,1,glaucoma,completo
4389,LAG,4343.jpg,glaucoma,1,glaucoma,completo
4390,LAG,4345.jpg,glaucoma,1,glaucoma,completo
4391,LAG,4348.jpg,glaucoma,1,glaucoma,completo
4392,LAG,4351.jpg,glaucoma,1,glaucoma,completo
4393,LAG,4353.jpg,glaucoma,1,glaucoma,completo
4394,LAG,4365.jpg,glaucoma,1,glaucoma,completo
4395,LAG,4366.jpg,glaucoma,1,glaucoma,completo
4396,LAG,4367.jpg,glaucoma,1,glaucoma,completo
4397,LAG,4369.jpg,glaucoma,1,glaucoma,completo
4398,LAG,4374.jpg,glaucoma,1,glaucoma,completo
4399,LAG,4376.jpg,glaucoma,1,glaucoma,completo
4400,LAG,4383.jpg,glaucoma,1,glaucoma,completo
4401,LAG,4384.jpg,glaucoma,1,glaucoma,completo
4402,LAG,4391.jpg,glaucoma,1,glaucoma,completo
4403,LAG,4396.jpg,glaucoma,1,glaucoma,completo
4404,LAG,4397.jpg,glaucoma,1,glaucoma,completo
4405,LAG,4400.jpg,glaucoma,1,glaucoma,completo
4406,LAG,4408.jpg,glaucoma,1,glaucoma,completo
4407,LAG,4413.jpg,glaucoma,1,glaucoma,completo
4408,LAG,4414.jpg,glaucoma,1,glaucoma,completo
4409,LAG,4415.jpg,glaucoma,1,glaucoma,completo
4410,LAG,4428.jpg,glaucoma,1,glaucoma,completo
4411,LAG,4429.jpg,glaucoma,1,glaucoma,completo
4412,LAG,4434.jpg,glaucoma,1,glaucoma,completo
4413,LAG,4437.jpg,glaucoma,1,glaucoma,completo
4414,LAG,4439.jpg,glaucoma,1,glaucoma,completo
4415,LAG,4445.jpg,glaucoma,1,glaucoma,completo
4416,LAG,4448.jpg,glaucoma,1,glaucoma,completo
4417,LAG,4449.jpg,glaucoma,1,glaucoma,completo
4418,LAG,4453.jpg,glaucoma,1,glaucoma,completo
4419,LAG,4457.jpg,glaucoma,1,glaucoma,completo
4420,LAG,4459.jpg,glaucoma,1,glaucoma,completo
4421,LAG,4460.jpg,glaucoma,1,glaucoma,completo
4422,LAG,4461.jpg,glaucoma,1,glaucoma,completo
4423,LAG,4467.jpg,glaucoma,1,glaucoma,completo
4424,LAG,4471.jpg,glaucoma,1,glaucoma,completo
4425,LAG,4473.jpg,glaucoma,1,glaucoma,completo
4426,LAG,4474.jpg,glaucoma,1,glaucoma,completo
4427,LAG,4475.jpg,glaucoma,1,glaucoma,completo
4428,LAG,4478.jpg,glaucoma,1,glaucoma,completo
4429,LAG,4485.jpg,glaucoma,1,glaucoma,completo
4430,LAG,4488.jpg,glaucoma,1,glaucoma,completo
4431,LAG,4489.jpg,glaucoma,1,glaucoma,completo
4432,LAG,4490.jpg,glaucoma,1,glaucoma,completo
4433,LAG,4493.jpg,glaucoma,1,glaucoma,completo
4434,LAG,4494.jpg,glaucoma,1,glaucoma,completo
4435,LAG,4496.jpg,glaucoma,1,glaucoma,completo
4436,LAG,4501.jpg,glaucoma,1,glaucoma,completo
4437,LAG,4506.jpg,glaucoma,1,glaucoma,completo
4438,LAG,4510.jpg,glaucoma,1,glaucoma,completo
4439,LAG,4511.jpg,glaucoma,1,glaucoma,completo
4440,LAG,4512.jpg,glaucoma,1,glaucoma,completo
4441,LAG,4513.jpg,glaucoma,1,glaucoma,completo
4442,LAG,4518.jpg,glaucoma,1,glaucoma,completo
4443,LAG,4519.jpg,glaucoma,1,glaucoma,completo
4444,LAG,4521.jpg,glaucoma,1,glaucoma,completo
4445,LAG,4522.jpg,glaucoma,1,glaucoma,completo
4446,LAG,4527.jpg,glaucoma,1,glaucoma,completo
4447,LAG,4528.jpg,glaucoma,1,glaucoma,completo
4448,LAG,4529.jpg,glaucoma,1,glaucoma,completo
4449,LAG,4546.jpg,glaucoma,1,glaucoma,completo
4450,LAG,4549.jpg,glaucoma,1,glaucoma,completo
4451,LAG,4551.jpg,glaucoma,1,glaucoma,completo
4452,LAG,4552.jpg,glaucoma,1,glaucoma,completo
4453,LAG,4553.jpg,glaucoma,1,glaucoma,completo
4454,LAG,4556.jpg,glaucoma,1,glaucoma,completo
4455,LAG,4563.jpg,glaucoma,1,glaucoma,completo
4456,LAG,4564.jpg,glaucoma,1,glaucoma,completo
4457,LAG,4569.jpg,glaucoma,1,glaucoma,completo
4458,LAG,4570.jpg,glaucoma,1,glaucoma,completo
4459,LAG,4572.jpg,glaucoma,1,glaucoma,completo
4460,LAG,4577.jpg,glaucoma,1,glaucoma,completo
4461,LAG,4582.jpg,glaucoma,1,glaucoma,completo
4462,LAG,4584.jpg,glaucoma,1,glaucoma,completo
4463,LAG,4587.jpg,glaucoma,1,glaucoma,completo
4464,LAG,4592.jpg,glaucoma,1,glaucoma,completo
4465,LAG,4596.jpg,glaucoma,1,glaucoma,completo
4466,LAG,4598.jpg,glaucoma,1,glaucoma,completo
4467,LAG,4599.jpg,glaucoma,1,glaucoma,completo
4468,LAG,4602.jpg,glaucoma,1,glaucoma,completo
4469,LAG,4608.jpg,glaucoma,1,glaucoma,completo
4470,LAG,4610.jpg,glaucoma,1,glaucoma,completo
4471,LAG,4615.jpg,glaucoma,1,glaucoma,completo
4472,LAG,4617.jpg,glaucoma,1,glaucoma,completo
4473,LAG,4620.jpg,glaucoma,1,glaucoma,completo
4474,LAG,4621.jpg,glaucoma,1,glaucoma,completo
4475,LAG,4624.jpg,glaucoma,1,glaucoma,completo
4476,LAG,4627.jpg,glaucoma,1,glaucoma,completo
4477,LAG,4630.jpg,glaucoma,1,glaucoma,completo
4478,LAG,4631.jpg,glaucoma,1,glaucoma,completo
4479,LAG,4634.jpg,glaucoma,1,glaucoma,completo
4480,LAG,4636.jpg,glaucoma,1,glaucoma,completo
4481,LAG,4637.jpg,glaucoma,1,glaucoma,completo
4482,LAG,4638.jpg,glaucoma,1,glaucoma,completo
4483,LAG,4639.jpg,glaucoma,1,glaucoma,completo
4484,LAG,4646.jpg,glaucoma,1,glaucoma,completo
4485,LAG,4647.jpg,glaucoma,1,glaucoma,completo
4486,LAG,4651.jpg,glaucoma,1,glaucoma,completo
4487,LAG,4653.jpg,glaucoma,1,glaucoma,completo
4488,LAG,4656.jpg,glaucoma,1,glaucoma,completo
4489,LAG,4657.jpg,glaucoma,1,glaucoma,completo
4490,LAG,4661.jpg,glaucoma,1,glaucoma,completo
4491,LAG,4668.jpg,glaucoma,1,glaucoma,completo
4492,LAG,4669.jpg,glaucoma,1,glaucoma,completo
4493,LAG,4671.jpg,glaucoma,1,glaucoma,completo
4494,LAG,4677.jpg,glaucoma,1,glaucoma,completo
4495,LAG,4679.jpg,glaucoma,1,glaucoma,completo
4496,LAG,4680.jpg,glaucoma,1,glaucoma,completo
4497,LAG,4681.jpg,glaucoma,1,glaucoma,completo
4498,LAG,4683.jpg,glaucoma,1,glaucoma,completo
4499,LAG,4692.jpg,glaucoma,1,glaucoma,completo
4500,LAG,4693.jpg,glaucoma,1,glaucoma,completo
4501,LAG,4702.jpg,glaucoma,1,glaucoma,completo
4502,LAG,4706.jpg,glaucoma,1,glaucoma,completo
4503,LAG,4709.jpg,glaucoma,1,glaucoma,completo
4504,LAG,4710.jpg,glaucoma,1,glaucoma,completo
4505,LAG,4714.jpg,glaucoma,1,glaucoma,completo
4506,LAG,4723.jpg,glaucoma,1,glaucoma,completo
4507,LAG,4726.jpg,glaucoma,1,glaucoma,completo
4508,LAG,4732.jpg,glaucoma,1,glaucoma,completo
4509,LAG,4733.jpg,glaucoma,1,glaucoma,completo
4510,LAG,4738.jpg,glaucoma,1,glaucoma,completo
4511,LAG,4742.jpg,glaucoma,1,glaucoma,completo
4512,LAG,4744.jpg,glaucoma,1,glaucoma,completo
4513,LAG,4745.jpg,glaucoma,1,glaucoma,completo
4514,LAG,4747.jpg,glaucoma,1,glaucoma,completo
4515,LAG,4749.jpg,glaucoma,1,glaucoma,completo
4516,LAG,4750.jpg,glaucoma,1,glaucoma,completo
4517,LAG,4756.jpg,glaucoma,1,glaucoma,completo
4518,LAG,4757.jpg,glaucoma,1,glaucoma,completo
4519,LAG,4759.jpg,glaucoma,1,glaucoma,completo
4520,LAG,4763.jpg,glaucoma,1,glaucoma,completo
4521,LAG,4770.jpg,glaucoma,1,glaucoma,completo
4522,LAG,4771.jpg,glaucoma,1,glaucoma,completo
4523,LAG,4774.jpg,glaucoma,1,glaucoma,completo
4524,LAG,4775.jpg,glaucoma,1,glaucoma,completo
4525,LAG,4777.jpg,glaucoma,1,glaucoma,completo
4526,LAG,4778.jpg,glaucoma,1,glaucoma,completo
4527,LAG,4779.jpg,glaucoma,1,glaucoma,completo
4528,LAG,4780.jpg,glaucoma,1,glaucoma,completo
4529,LAG,4781.jpg,glaucoma,1,glaucoma,completo
4530,LAG,4783.jpg,glaucoma,1,glaucoma,completo
4531,LAG,4785.jpg,glaucoma,1,glaucoma,completo
4532,LAG,4786.jpg,glaucoma,1,glaucoma,completo
4533,LAG,4787.jpg,glaucoma,1,glaucoma,completo
4534,LAG,4788.jpg,glaucoma,1,glaucoma,completo
4535,LAG,4790.jpg,glaucoma,1,glaucoma,completo
4536,LAG,4796.jpg,glaucoma,1,glaucoma,completo
4537,LAG,4797.jpg,glaucoma,1,glaucoma,completo
4538,LAG,4798.jpg,glaucoma,1,glaucoma,completo
4539,LAG,4803.jpg,glaucoma,1,glaucoma,completo
4540,LAG,4804.jpg,glaucoma,1,glaucoma,completo
4541,LAG,4808.jpg,glaucoma,1,glaucoma,completo
4542,LAG,4814.jpg,glaucoma,1,glaucoma,completo
4543,LAG,4816.jpg,glaucoma,1,glaucoma,completo
4544,LAG,4818.jpg,glaucoma,1,glaucoma,completo
4545,LAG,4820.jpg,glaucoma,1,glaucoma,completo
4546,LAG,4825.jpg,glaucoma,1,glaucoma,completo
4547,LAG,4833.jpg,glaucoma,1,glaucoma,completo
4548,LAG,4837.jpg,glaucoma,1,glaucoma,completo
4549,LAG,4838.jpg,glaucoma,1,glaucoma,completo
4550,LAG,4839.jpg,glaucoma,1,glaucoma,completo
4551,LAG,4841.jpg,glaucoma,1,glaucoma,completo
4552,LAG,4844.jpg,glaucoma,1,glaucoma,completo
4553,LAG,4846.jpg,glaucoma,1,glaucoma,completo
4554,LAG,4849.jpg,glaucoma,1,glaucoma,completo
4555,LAG,4853.jpg,glaucoma,1,glaucoma,completo
4556,LAG,4856.jpg,glaucoma,1,glaucoma,completo
4557,LAG,4858.jpg,glaucoma,1,glaucoma,completo
4558,LAG,4861.jpg,glaucoma,1,glaucoma,completo
4559,LAG,4864.jpg,glaucoma,1,glaucoma,completo
4560,LAG,4866.jpg,glaucoma,1,glaucoma,completo
4561,LAG,4872.jpg,glaucoma,1,glaucoma,completo
4562,LAG,4874.jpg,glaucoma,1,glaucoma,completo
4563,LAG,4877.jpg,glaucoma,1,glaucoma,completo
4564,LAG,4886.jpg,glaucoma,1,glaucoma,completo
4565,LAG,4889.jpg,glaucoma,1,glaucoma,completo
4566,LAG,4904.jpg,glaucoma,1,glaucoma,completo
4567,LAG,4906.jpg,glaucoma,1,glaucoma,completo
4568,LAG,4912.jpg,glaucoma,1,glaucoma,completo
4569,LAG,4914.jpg,glaucoma,1,glaucoma,completo
4570,LAG,4915.jpg,glaucoma,1,glaucoma,completo
4571,LAG,4920.jpg,glaucoma,1,glaucoma,completo
4572,LAG,4925.jpg,glaucoma,1,glaucoma,completo
4573,LAG,4929.jpg,glaucoma,1,glaucoma,completo
4574,LAG,4933.jpg,glaucoma,1,glaucoma,completo
4575,LAG,4935.jpg,glaucoma,1,glaucoma,completo
4576,LAG,4940.jpg,glaucoma,1,glaucoma,completo
4577,LAG,4943.jpg,glaucoma,1,glaucoma,completo
4578,LAG,4944.jpg,glaucoma,1,glaucoma,completo
4579,LAG,4947.jpg,glaucoma,1,glaucoma,completo
4580,LAG,4959.jpg,glaucoma,1,glaucoma,completo
4581,LAG,4960.jpg,glaucoma,1,glaucoma,completo
4582,LAG,4970.jpg,glaucoma,1,glaucoma,completo
4583,LAG,4975.jpg,glaucoma,1,glaucoma,completo
4584,LAG,4980.jpg,glaucoma,1,glaucoma,completo
4585,LAG,4984.jpg,glaucoma,1,glaucoma,completo
4586,LAG,4985.jpg,glaucoma,1,glaucoma,completo
4587,LAG,4986.jpg,glaucoma,1,glaucoma,completo
4588,LAG,4996.jpg,glaucoma,1,glaucoma,completo
4589,LAG,4999.jpg,glaucoma,1,glaucoma,completo
4590,LAG,5003.jpg,glaucoma,1,glaucoma,completo
4591,LAG,5004.jpg,glaucoma,1,glaucoma,completo
4592,LAG,5008.jpg,glaucoma,1,glaucoma,completo
4593,LAG,5012.jpg,glaucoma,1,glaucoma,completo
4594,LAG,5013.jpg,glaucoma,1,glaucoma,completo
4595,LAG,5016.jpg,glaucoma,1,glaucoma,completo
4596,LAG,5017.jpg,glaucoma,1,glaucoma,completo
4597,LAG,5023.jpg,glaucoma,1,glaucoma,completo
4598,LAG,5024.jpg,glaucoma,1,glaucoma,completo
4599,LAG,5032.jpg,glaucoma,1,glaucoma,completo
4600,LAG,5033.jpg,glaucoma,1,glaucoma,completo
4601,LAG,5034.jpg,glaucoma,1,glaucoma,completo
4602,LAG,5038.jpg,glaucoma,1,glaucoma,completo
4603,LAG,5044.jpg,glaucoma,1,glaucoma,completo
4604,LAG,5050.jpg,glaucoma,1,glaucoma,completo
4605,LAG,5051.jpg,glaucoma,1,glaucoma,completo
4606,LAG,5053.jpg,glaucoma,1,glaucoma,completo
4607,LAG,5057.jpg,glaucoma,1,glaucoma,completo
4608,LAG,5059.jpg,glaucoma,1,glaucoma,completo
4609,LAG,5060.jpg,glaucoma,1,glaucoma,completo
4610,LAG,5065.jpg,glaucoma,1,glaucoma,completo
4611,LAG,5067.jpg,glaucoma,1,glaucoma,completo
4612,LAG,5070.jpg,glaucoma,1,glaucoma,completo
4613,LAG,5075.jpg,glaucoma,1,glaucoma,completo
4614,LAG,5077.jpg,glaucoma,1,glaucoma,completo
4615,LAG,5085.jpg,glaucoma,1,glaucoma,completo
4616,LAG,5086.jpg,glaucoma,1,glaucoma,completo
4617,LAG,5100.jpg,glaucoma,1,glaucoma,completo
4618,LAG,5103.jpg,glaucoma,1,glaucoma,completo
4619,LAG,5104.jpg,glaucoma,1,glaucoma,completo
4620,LAG,5105.jpg,glaucoma,1,glaucoma,completo
4621,LAG,5107.jpg,glaucoma,1,glaucoma,completo
4622,LAG,5113.jpg,glaucoma,1,glaucoma,completo
4623,LAG,5119.jpg,glaucoma,1,glaucoma,completo
4624,LAG,5120.jpg,glaucoma,1,glaucoma,completo
4625,LAG,5124.jpg,glaucoma,1,glaucoma,completo
4626,LAG,5129.jpg,glaucoma,1,glaucoma,completo
4627,LAG,5130.jpg,glaucoma,1,glaucoma,completo
4628,LAG,5133.jpg,glaucoma,1,glaucoma,completo
4629,LAG,5136.jpg,glaucoma,1,glaucoma,completo
4630,LAG,5141.jpg,glaucoma,1,glaucoma,completo
4631,LAG,5143.jpg,glaucoma,1,glaucoma,completo
4632,LAG,5144.jpg,glaucoma,1,glaucoma,completo
4633,LAG,5145.jpg,glaucoma,1,glaucoma,completo
4634,LAG,5153.jpg,glaucoma,1,glaucoma,completo
4635,LAG,5156.jpg,glaucoma,1,glaucoma,completo
4636,LAG,5158.jpg,glaucoma,1,glaucoma,completo
4637,LAG,5164.jpg,glaucoma,1,glaucoma,completo
4638,LAG,5166.jpg,glaucoma,1,glaucoma,completo
4639,LAG,5167.jpg,glaucoma,1,glaucoma,completo
4640,LAG,5170.jpg,glaucoma,1,glaucoma,completo
4641,LAG,5171.jpg,glaucoma,1,glaucoma,completo
4642,LAG,5175.jpg,glaucoma,1,glaucoma,completo
4643,LAG,5176.jpg,glaucoma,1,glaucoma,completo
4644,LAG,5182.jpg,glaucoma,1,glaucoma,completo
4645,LAG,5183.jpg,glaucoma,1,glaucoma,completo
4646,LAG,5184.jpg,glaucoma,1,glaucoma,completo
4647,LAG,5190.jpg,glaucoma,1,glaucoma,completo
4648,LAG,5192.jpg,glaucoma,1,glaucoma,completo
4649,LAG,5196.jpg,glaucoma,1,glaucoma,completo
4650,LAG,5200.jpg,glaucoma,1,glaucoma,completo
4651,LAG,5204.jpg,glaucoma,1,glaucoma,completo
4652,LAG,5207.jpg,glaucoma,1,glaucoma,completo
4653,LAG,5209.jpg,glaucoma,1,glaucoma,completo
4654,LAG,5210.jpg,glaucoma,1,glaucoma,completo
4655,LAG,5211.jpg,glaucoma,1,glaucoma,completo
4656,LAG,5213.jpg,glaucoma,1,glaucoma,completo
4657,LAG,5220.jpg,glaucoma,1,glaucoma,completo
4658,LAG,5225.jpg,glaucoma,1,glaucoma,completo
4659,LAG,5231.jpg,glaucoma,1,glaucoma,completo
4660,LAG,5232.jpg,glaucoma,1,glaucoma,completo
4661,LAG,5234.jpg,glaucoma,1,glaucoma,completo
4662,LAG,5237.jpg,glaucoma,1,glaucoma,completo
4663,LAG,5243.jpg,glaucoma,1,glaucoma,completo
4664,LAG,5244.jpg,glaucoma,1,glaucoma,completo
4665,LAG,5245.jpg,glaucoma,1,glaucoma,completo
4666,LAG,5246.jpg,glaucoma,1,glaucoma,completo
4667,LAG,5248.jpg,glaucoma,1,glaucoma,completo
4668,LAG,5254.jpg,glaucoma,1,glaucoma,completo
4669,LAG,5255.jpg,glaucoma,1,glaucoma,completo
4670,LAG,5259.jpg,glaucoma,1,glaucoma,completo
4671,LAG,5260.jpg,glaucoma,1,glaucoma,completo
4672,LAG,5263.jpg,glaucoma,1,glaucoma,completo
4673,LAG,5264.jpg,glaucoma,1,glaucoma,completo
4674,LAG,5267.jpg,glaucoma,1,glaucoma,completo
4675,LAG,5268.jpg,glaucoma,1,glaucoma,completo
4676,LAG,5269.jpg,glaucoma,1,glaucoma,completo
4677,LAG,5274.jpg,glaucoma,1,glaucoma,completo
4678,LAG,5276.jpg,glaucoma,1,glaucoma,completo
4679,LAG,5278.jpg,glaucoma,1,glaucoma,completo
4680,LAG,5281.jpg,glaucoma,1,glaucoma,completo
4681,LAG,5282.jpg,glaucoma,1,glaucoma,completo
4682,LAG,5283.jpg,glaucoma,1,glaucoma,completo
4683,LAG,5286.jpg,glaucoma,1,glaucoma,completo
4684,LAG,5293.jpg,glaucoma,1,glaucoma,completo
4685,LAG,5295.jpg,glaucoma,1,glaucoma,completo
4686,LAG,5297.jpg,glaucoma,1,glaucoma,completo
4687,LAG,5300.jpg,glaucoma,1,glaucoma,completo
4688,LAG,5301.jpg,glaucoma,1,glaucoma,completo
4689,LAG,5304.jpg,glaucoma,1,glaucoma,completo
4690,LAG,5307.jpg,glaucoma,1,glaucoma,completo
4691,LAG,5310.jpg,glaucoma,1,glaucoma,completo
4692,LAG,5312.jpg,glaucoma,1,glaucoma,completo
4693,LAG,5313.jpg,glaucoma,1,glaucoma,completo
4694,LAG,5315.jpg,glaucoma,1,glaucoma,completo
4695,LAG,5317.jpg,glaucoma,1,glaucoma,completo
4696,LAG,5318.jpg,glaucoma,1,glaucoma,completo
4697,LAG,5320.jpg,glaucoma,1,glaucoma,completo
4698,LAG,5321.jpg,glaucoma,1,glaucoma,completo
4699,LAG,5326.jpg,glaucoma,1,glaucoma,completo
4700,LAG,5328.jpg,glaucoma,1,glaucoma,completo
4701,LAG,5333.jpg,glaucoma,1,glaucoma,completo
4702,LAG,5335.jpg,glaucoma,1,glaucoma,completo
4703,LAG,5337.jpg,glaucoma,1,glaucoma,completo
4704,LAG,5341.jpg,glaucoma,1,glaucoma,completo
4705,LAG,5344.jpg,glaucoma,1,glaucoma,completo
4706,LAG,5346.jpg,glaucoma,1,glaucoma,completo
4707,LAG,5347.jpg,glaucoma,1,glaucoma,completo
4708,LAG,5358.jpg,glaucoma,1,glaucoma,completo
4709,LAG,5363.jpg,glaucoma,1,glaucoma,completo
4710,LAG,5368.jpg,glaucoma,1,glaucoma,completo
4711,LAG,5375.jpg,glaucoma,1,glaucoma,completo
4712,LAG,5382.jpg,glaucoma,1,glaucoma,completo
4713,LAG,5386.jpg,glaucoma,1,glaucoma,completo
4714,LAG,5395.jpg,glaucoma,1,glaucoma,completo
4715,LAG,5397.jpg,glaucoma,1,glaucoma,completo
4716,LAG,5404.jpg,glaucoma,1,glaucoma,completo
4717,LAG,5405.jpg,glaucoma,1,glaucoma,completo
4718,LAG,5406.jpg,glaucoma,1,glaucoma,completo
4719,LAG,5409.jpg,glaucoma,1,glaucoma,completo
4720,LAG,5410.jpg,glaucoma,1,glaucoma,completo
4721,LAG,5412.jpg,glaucoma,1,glaucoma,completo
4722,LAG,5413.jpg,glaucoma,1,glaucoma,completo
4723,LAG,5421.jpg,glaucoma,1,glaucoma,completo
4724,LAG,5433.jpg,glaucoma,1,glaucoma,completo
4725,LAG,5437.jpg,glaucoma,1,glaucoma,completo
4726,LAG,5441.jpg,glaucoma,1,glaucoma,completo
4727,LAG,5452.jpg,glaucoma,1,glaucoma,completo
4728,LAG,5458.jpg,glaucoma,1,glaucoma,completo
4729,LAG,5460.jpg,glaucoma,1,glaucoma,completo
4730,LAG,5464.jpg,glaucoma,1,glaucoma,completo
4731,LAG,5467.jpg,glaucoma,1,glaucoma,completo
4732,LAG,5479.jpg,glaucoma,1,glaucoma,completo
4733,LAG,5483.jpg,glaucoma,1,glaucoma,completo
4734,LAG,5485.jpg,glaucoma,1,glaucoma,completo
4735,LAG,5486.jpg,glaucoma,1,glaucoma,completo
4736,LAG,5488.jpg,glaucoma,1,glaucoma,completo
4737,LAG,5491.jpg,glaucoma,1,glaucoma,completo
4738,LAG,5493.jpg,glaucoma,1,glaucoma,completo
4739,LAG,5494.jpg,glaucoma,1,glaucoma,completo
4740,LAG,5498.jpg,glaucoma,1,glaucoma,completo
4741,LAG,5499.jpg,glaucoma,1,glaucoma,completo
4742,LAG,5500.jpg,glaucoma,1,glaucoma,completo
4743,LAG,5502.jpg,glaucoma,1,glaucoma,completo
4744,LAG,5504.jpg,glaucoma,1,glaucoma,completo
4745,LAG,5511.jpg,glaucoma,1,glaucoma,completo
4746,LAG,5514.jpg,glaucoma,1,glaucoma,completo
4747,LAG,5517.jpg,glaucoma,1,glaucoma,completo
4748,LAG,5520.jpg,glaucoma,1,glaucoma,completo
4749,LAG,5525.jpg,glaucoma,1,glaucoma,completo
4750,LAG,5527.jpg,glaucoma,1,glaucoma,completo
4751,LAG,5529.jpg,glaucoma,1,glaucoma,completo
4752,LAG,5533.jpg,glaucoma,1,glaucoma,completo
4753,LAG,5538.jpg,glaucoma,1,glaucoma,completo
4754,LAG,5539.jpg,glaucoma,1,glaucoma,completo
4755,LAG,5541.jpg,glaucoma,1,glaucoma,completo
4756,LAG,5542.jpg,glaucoma,1,glaucoma,completo
4757,LAG,5546.jpg,glaucoma,1,glaucoma,completo
4758,LAG,5548.jpg,glaucoma,1,glaucoma,completo
4759,LAG,5552.jpg,glaucoma,1,glaucoma,completo
4760,LAG,5554.jpg,glaucoma,1,glaucoma,completo
4761,LAG,5555.jpg,glaucoma,1,glaucoma,completo
4762,LAG,5560.jpg,glaucoma,1,glaucoma,completo
4763,LAG,5562.jpg,glaucoma,1,glaucoma,completo
4764,LAG,5563.jpg,glaucoma,1,glaucoma,completo
4765,LAG,5565.jpg,glaucoma,1,glaucoma,completo
4766,LAG,5568.jpg,glaucoma,1,glaucoma,completo
4767,LAG,5573.jpg,glaucoma,1,glaucoma,completo
4768,LAG,5575.jpg,glaucoma,1,glaucoma,completo
4769,LAG,5576.jpg,glaucoma,1,glaucoma,completo
4770,LAG,5577.jpg,glaucoma,1,glaucoma,completo
4771,LAG,5578.jpg,glaucoma,1,glaucoma,completo
4772,LAG,5579.jpg,glaucoma,1,glaucoma,completo
4773,LAG,5580.jpg,glaucoma,1,glaucoma,completo
4774,LAG,5581.jpg,glaucoma,1,glaucoma,completo
4775,LAG,5583.jpg,glaucoma,1,glaucoma,completo
4776,LAG,5587.jpg,glaucoma,1,glaucoma,completo
4777,LAG,5590.jpg,glaucoma,1,glaucoma,completo
4778,LAG,5592.jpg,glaucoma,1,glaucoma,completo
4779,LAG,5594.jpg,glaucoma,1,glaucoma,completo
4780,LAG,5601.jpg,glaucoma,1,glaucoma,completo
4781,LAG,5612.jpg,glaucoma,1,glaucoma,completo
4782,LAG,5614.jpg,glaucoma,1,glaucoma,completo
4783,LAG,5616.jpg,glaucoma,1,glaucoma,completo
4784,LAG,5628.jpg,glaucoma,1,glaucoma,completo
4785,LAG,5629.jpg,glaucoma,1,glaucoma,completo
4786,LAG,5634.jpg,glaucoma,1,glaucoma,completo
4787,LAG,5635.jpg,glaucoma,1,glaucoma,completo
4788,LAG,5639.jpg,glaucoma,1,glaucoma,completo
4789,LAG,5642.jpg,glaucoma,1,glaucoma,completo
4790,LAG,5645.jpg,glaucoma,1,glaucoma,completo
4791,LAG,5647.jpg,glaucoma,1,glaucoma,completo
4792,LAG,5656.jpg,glaucoma,1,glaucoma,completo
4793,LAG,5657.jpg,glaucoma,1,glaucoma,completo
4794,LAG,5658.jpg,glaucoma,1,glaucoma,completo
4795,LAG,5660.jpg,glaucoma,1,glaucoma,completo
4796,LAG,5663.jpg,glaucoma,1,glaucoma,completo
4797,LAG,5664.jpg,glaucoma,1,glaucoma,completo
4798,LAG,5665.jpg,glaucoma,1,glaucoma,completo
4799,LAG,5670.jpg,glaucoma,1,glaucoma,completo
4800,LAG,5671.jpg,glaucoma,1,glaucoma,completo
4801,LAG,5672.jpg,glaucoma,1,glaucoma,completo
4802,LAG,5676.jpg,glaucoma,1,glaucoma,completo
4803,LAG,5682.jpg,glaucoma,1,glaucoma,completo
4804,LAG,5683.jpg,glaucoma,1,glaucoma,completo
4805,LAG,5684.jpg,glaucoma,1,glaucoma,completo
4806,LAG,5689.jpg,glaucoma,1,glaucoma,completo
4807,LAG,5694.jpg,glaucoma,1,glaucoma,completo
4808,LAG,5695.jpg,glaucoma,1,glaucoma,completo
4809,LAG,5696.jpg,glaucoma,1,glaucoma,completo
4810,LAG,5701.jpg,glaucoma,1,glaucoma,completo
4811,LAG,5702.jpg,glaucoma,1,glaucoma,completo
4812,LAG,5705.jpg,glaucoma,1,glaucoma,completo
4813,LAG,5713.jpg,glaucoma,1,glaucoma,completo
4814,LAG,5714.jpg,glaucoma,1,glaucoma,completo
4815,LAG,5718.jpg,glaucoma,1,glaucoma,completo
4816,LAG,5721.jpg,glaucoma,1,glaucoma,completo
4817,LAG,5723.jpg,glaucoma,1,glaucoma,completo
4818,LAG,5727.jpg,glaucoma,1,glaucoma,completo
4819,LAG,5736.jpg,glaucoma,1,glaucoma,completo
4820,LAG,5743.jpg,glaucoma,1,glaucoma,completo
4821,LAG,5747.jpg,glaucoma,1,glaucoma,completo
4822,LAG,5748.jpg,glaucoma,1,glaucoma,completo
4823,LAG,5749.jpg,glaucoma,1,glaucoma,completo
4824,LAG,5750.jpg,glaucoma,1,glaucoma,completo
4825,LAG,5757.jpg,glaucoma,1,glaucoma,completo
4826,LAG,5758.jpg,glaucoma,1,glaucoma,completo
4827,LAG,5763.jpg,glaucoma,1,glaucoma,completo
4828,LAG,5764.jpg,glaucoma,1,glaucoma,completo
4829,LAG,5766.jpg,glaucoma,1,glaucoma,completo
4830,LAG,5768.jpg,glaucoma,1,glaucoma,completo
4831,LAG,5769.jpg,glaucoma,1,glaucoma,completo
4832,LAG,5772.jpg,glaucoma,1,glaucoma,completo
4833,LAG,5773.jpg,glaucoma,1,glaucoma,completo
4834,LAG,5780.jpg,glaucoma,1,glaucoma,completo
4835,LAG,5785.jpg,glaucoma,1,glaucoma,completo
4836,LAG,5786.jpg,glaucoma,1,glaucoma,completo
4837,LAG,5788.jpg,glaucoma,1,glaucoma,completo
4838,LAG,5796.jpg,glaucoma,1,glaucoma,completo
4839,LAG,5797.jpg,glaucoma,1,glaucoma,completo
4840,LAG,5798.jpg,glaucoma,1,glaucoma,completo
4841,LAG,5800.jpg,glaucoma,1,glaucoma,completo
4842,LAG,5805.jpg,glaucoma,1,glaucoma,completo
4843,LAG,5807.jpg,glaucoma,1,glaucoma,completo
4844,LAG,5808.jpg,glaucoma,1,glaucoma,completo
4845,LAG,5809.jpg,glaucoma,1,glaucoma,completo
4846,LAG,5811.jpg,glaucoma,1,glaucoma,completo
4847,LAG,5812.jpg,glaucoma,1,glaucoma,completo
4848,LAG,5815.jpg,glaucoma,1,glaucoma,completo
4849,LAG,5825.jpg,glaucoma,1,glaucoma,completo
4850,LAG,5826.jpg,glaucoma,1,glaucoma,completo
4851,LAG,5835.jpg,glaucoma,1,glaucoma,completo
4852,LAG,5843.jpg,glaucoma,1,glaucoma,completo
4853,LAG,5848.jpg,glaucoma,1,glaucoma,completo
4854,LAG,5849.jpg,glaucoma,1,glaucoma,completo
