id_imagem,dataset,arquivo,doenca,codigo_diagnostico,diagnostico,risco_edema_macular,avaliavel,conjunto
1,MESSIDOR-2,20051020_43808_0100_PP.png,retinopatia_diabetica,0.0,sem_retinopatia_diabetica,0.0,1,unico
2,MESSIDOR-2,20051020_43832_0100_PP.png,retinopatia_diabetica,1.0,retinopatia_diabetica_leve,0.0,1,unico
3,MESSIDOR-2,20051020_43882_0100_PP.png,retinopatia_diabetica,1.0,retinopatia_diabetica_leve,0.0,1,unico
4,MESSIDOR-2,20051020_43906_0100_PP.png,retinopatia_diabetica,2.0,retinopatia_diabetica_moderada,1.0,1,unico
5,MESSIDOR-2,20051020_44261_0100_PP.png,retinopatia_diabetica,0.0,sem_retinopatia_diabetica,0.0,1,unico
6,MESSIDOR-2,20051020_44284_0100_PP.png,retinopatia_diabetica,0.0,sem_retinopatia_diabetica,0.0,1,unico
7,MESSIDOR-2,20051020_44338_0100_PP.png,retinopatia_diabetica,0.0,sem_retinopatia_diabetica,0.0,1,unico
8,MESSIDOR-2,20051020_44349_0100_PP.png,retinopatia_diabetica,2.0,retinopatia_diabetica_moderada,0.0,1,unico
9,MESSIDOR-2,20051020_44400_0100_PP.png,retinopatia_diabetica,0.0,sem_retinopatia_diabetica,0.0,1,unico
10,MESSIDOR-2,20051020_44431_0100_PP.png,retinopatia_diabetica,0.0,sem_retinopatia_diabetica,0.0,1,unico
11,MESSIDOR-2,20051020_44598_0100_PP.png,retinopatia_diabetica,2.0,retinopatia_diabetica_moderada,0.0,1,unico
12,MESSIDOR-2,20051020_44636_0100_PP.png,retinopatia_diabetica,2.0,retinopatia_diabetica_moderada,0.0,1,unico
13,MESSIDOR-2,20051020_44692_0100_PP.png,retinopatia_diabetica,0.0,sem_retinopatia_diabetica,0.0,1,unico
14,MESSIDOR-2,20051020_44714_0100_PP.png,retinopatia_diabetica,0.0,sem_retinopatia_diabetica,0.0,1,unico
15,MESSIDOR-2,20051020_44762_0100_PP.png,retinopatia_diabetica,1.0,retinopatia_diabetica_leve,0.0,1,unico
16,MESSIDOR-2,20051020_44782_0100_PP.png,retinopatia_diabetica,1.0,retinopatia_diabetica_leve,0.0,1,unico
17,MESSIDOR-2,20051020_44901_0100_PP.png,retinopatia_diabetica,2.0,retinopatia_diabetica_moderada,1.0,1,unico
18,MESSIDOR-2,20051020_44923_0100_PP.png,retinopatia_diabetica,2.0,retinopatia_diabetica_moderada,0.0,1,unico
19,MESSIDOR-2,20051020_44982_0100_PP.png,retinopatia_diabetica,0.0,sem_retinopatia_diabetica,0.0,1,unico
20,MESSIDOR-2,20051020_45004_0100_PP.png,retinopatia_diabetica,1.0,retinopatia_diabetica_leve,0.0,1,unico
21,MESSIDOR-2,20051020_45050_0100_PP.png,retinopatia_diabetica,3.0,retinopatia_diabetica_grave,1.0,1,unico
22,MESSIDOR-2,20051020_45068_0100_PP.png,retinopatia_diabetica,3.0,retinopatia_diabetica_grave,1.0,1,unico
23,MESSIDOR-2,20051020_45110_0100_PP.png,retinopatia_diabetica,4.0,retinopatia_diabetica_proliferativa,1.0,1,unico
24,MESSIDOR-2,20051020_45137_0100_PP.png,retinopatia_diabetica,4.0,retinopatia_diabetica_proliferativa,1.0,1,unico
25,MESSIDOR-2,20051020_53062_0100_PP.png,retinopatia_diabetica,3.0,retinopatia_diabetica_grave,1.0,1,unico
26,MESSIDOR-2,20051020_53178_0100_PP.png,retinopatia_diabetica,3.0,retinopatia_diabetica_grave,1.0,1,unico
27,MESSIDOR-2,20051020_54209_0100_PP.png,retinopatia_diabetica,3.0,retinopatia_diabetica_grave,1.0,1,unico
28,MESSIDOR-2,20051020_55346_0100_PP.png,retinopatia_diabetica,3.0,retinopatia_diabetica_grave,1.0,1,unico
29,MESSIDOR-2,20051020_55701_0100_PP.png,retinopatia_diabetica,1.0,retinopatia_diabetica_leve,0.0,1,unico
30,MESSIDOR-2,20051020_56592_0100_PP.png,retinopatia_diabetica,1.0,retinopatia_diabetica_leve,0.0,1,unico
31,MESSIDOR-2,20051020_56791_0100_PP.png,retinopatia_diabetica,0.0,sem_retinopatia_diabetica,0.0,1,unico
32,MESSIDOR-2,20051020_57157_0100_PP.png,retinopatia_diabetica,0.0,sem_retinopatia_diabetica,0.0,1,unico
33,MESSIDOR-2,20051020_57566_0100_PP.png,retinopatia_diabetica,2.0,retinopatia_diabetica_moderada,1.0,1,unico
34,MESSIDOR-2,20051020_57622_0100_PP.png,retinopatia_diabetica,2.0,retinopatia_diabetica_moderada,1.0,1,unico
35,MESSIDOR-2,20051020_57761_0100_PP.png,retinopatia_diabetica,3.0,retinopatia_diabetica_grave,0.0,1,unico
36,MESSIDOR-2,20051020_57844_0100_PP.png,retinopatia_diabetica,2.0,retinopatia_diabetica_moderada,0.0,1,unico
37,MESSIDOR-2,20051020_57967_0100_PP.png,retinopatia_diabetica,0.0,sem_retinopatia_diabetica,0.0,1,unico
38,MESSIDOR-2,20051020_58065_0100_PP.png,retinopatia_diabetica,0.0,sem_retinopatia_diabetica,0.0,1,unico
39,MESSIDOR-2,20051020_58214_0100_PP.png,retinopatia_diabetica,2.0,retinopatia_diabetica_moderada,0.0,1,unico
40,MESSIDOR-2,20051020_58276_0100_PP.png,retinopatia_diabetica,2.0,retinopatia_diabetica_moderada,1.0,1,unico
41,MESSIDOR-2,20051020_61757_0100_PP.png,retinopatia_diabetica,0.0,sem_retinopatia_diabetica,0.0,1,unico
42,MESSIDOR-2,20051020_61804_0100_PP.png,retinopatia_diabetica,1.0,retinopatia_diabetica_leve,0.0,1,unico
43,MESSIDOR-2,20051020_61998_0100_PP.png,retinopatia_diabetica,4.0,retinopatia_diabetica_proliferativa,0.0,1,unico
44,MESSIDOR-2,20051020_62014_0100_PP.png,retinopatia_diabetica,2.0,retinopatia_diabetica_moderada,1.0,1,unico
45,MESSIDOR-2,20051020_62337_0100_PP.png,retinopatia_diabetica,2.0,retinopatia_diabetica_moderada,1.0,1,unico
46,MESSIDOR-2,20051020_62385_0100_PP.png,retinopatia_diabetica,3.0,retinopatia_diabetica_grave,1.0,1,unico
47,MESSIDOR-2,20051020_62461_0100_PP.png,retinopatia_diabetica,0.0,sem_retinopatia_diabetica,0.0,1,unico
48,MESSIDOR-2,20051020_62510_0100_PP.png,retinopatia_diabetica,0.0,sem_retinopatia_diabetica,0.0,1,unico
49,MESSIDOR-2,20051020_62577_0100_PP.png,retinopatia_diabetica,0.0,sem_retinopatia_diabetica,0.0,1,unico
50,MESSIDOR-2,20051020_62615_0100_PP.png,retinopatia_diabetica,0.0,sem_retinopatia_diabetica,0.0,1,unico
51,MESSIDOR-2,20051020_62709_0100_PP.png,retinopatia_diabetica,4.0,retinopatia_diabetica_proliferativa,0.0,1,unico
52,MESSIDOR-2,20051020_62802_0100_PP.png,retinopatia_diabetica,4.0,retinopatia_diabetica_proliferativa,0.0,1,unico
53,MESSIDOR-2,20051020_62878_0100_PP.png,retinopatia_diabetica,2.0,retinopatia_diabetica_moderada,0.0,1,unico
54,MESSIDOR-2,20051020_63045_0100_PP.png,retinopatia_diabetica,1.0,retinopatia_diabetica_leve,0.0,1,unico
55,MESSIDOR-2,20051020_63269_0100_PP.png,retinopatia_diabetica,0.0,sem_retinopatia_diabetica,0.0,1,unico
56,MESSIDOR-2,20051020_63337_0100_PP.png,retinopatia_diabetica,0.0,sem_retinopatia_diabetica,0.0,1,unico
57,MESSIDOR-2,20051020_63711_0100_PP.png,retinopatia_diabetica,2.0,retinopatia_diabetica_moderada,0.0,1,unico
58,MESSIDOR-2,20051020_63829_0100_PP.png,retinopatia_diabetica,1.0,retinopatia_diabetica_leve,0.0,1,unico
59,MESSIDOR-2,20051020_63936_0100_PP.png,retinopatia_diabetica,1.0,retinopatia_diabetica_leve,1.0,1,unico
60,MESSIDOR-2,20051020_64007_0100_PP.png,retinopatia_diabetica,3.0,retinopatia_diabetica_grave,1.0,1,unico
61,MESSIDOR-2,20051020_64249_0100_PP.png,retinopatia_diabetica,0.0,sem_retinopatia_diabetica,0.0,1,unico
62,MESSIDOR-2,20051020_64388_0100_PP.png,retinopatia_diabetica,0.0,sem_retinopatia_diabetica,0.0,1,unico
63,MESSIDOR-2,20051020_64518_0100_PP.png,retinopatia_diabetica,2.0,retinopatia_diabetica_moderada,1.0,1,unico
64,MESSIDOR-2,20051020_64570_0100_PP.png,retinopatia_diabetica,2.0,retinopatia_diabetica_moderada,1.0,1,unico
65,MESSIDOR-2,20051020_64653_0100_PP.png,retinopatia_diabetica,0.0,sem_retinopatia_diabetica,0.0,1,unico
66,MESSIDOR-2,20051020_64703_0100_PP.png,retinopatia_diabetica,1.0,retinopatia_diabetica_leve,0.0,1,unico
67,MESSIDOR-2,20051020_64775_0100_PP.png,retinopatia_diabetica,0.0,sem_retinopatia_diabetica,0.0,1,unico
68,MESSIDOR-2,20051020_64836_0100_PP.png,retinopatia_diabetica,0.0,sem_retinopatia_diabetica,0.0,1,unico
69,MESSIDOR-2,20051020_64945_0100_PP.png,retinopatia_diabetica,1.0,retinopatia_diabetica_leve,0.0,1,unico
70,MESSIDOR-2,20051020_64993_0100_PP.png,retinopatia_diabetica,1.0,retinopatia_diabetica_leve,0.0,1,unico
71,MESSIDOR-2,20051020_65166_0100_PP.png,retinopatia_diabetica,2.0,retinopatia_diabetica_moderada,1.0,1,unico
72,MESSIDOR-2,20051020_65230_0100_PP.png,retinopatia_diabetica,2.0,retinopatia_diabetica_moderada,0.0,1,unico
73,MESSIDOR-2,20051021_36097_0100_PP.png,retinopatia_diabetica,2.0,retinopatia_diabetica_moderada,1.0,1,unico
74,MESSIDOR-2,20051021_36208_0100_PP.png,retinopatia_diabetica,3.0,retinopatia_diabetica_grave,0.0,1,unico
75,MESSIDOR-2,20051021_36380_0100_PP.png,retinopatia_diabetica,0.0,sem_retinopatia_diabetica,0.0,1,unico
76,MESSIDOR-2,20051021_36476_0100_PP.png,retinopatia_diabetica,0.0,sem_retinopatia_diabetica,0.0,1,unico
77,MESSIDOR-2,20051021_39222_0100_PP.png,retinopatia_diabetica,2.0,retinopatia_diabetica_moderada,1.0,1,unico
78,MESSIDOR-2,20051021_39314_0100_PP.png,retinopatia_diabetica,2.0,retinopatia_diabetica_moderada,1.0,1,unico
79,MESSIDOR-2,20051021_39482_0100_PP.png,retinopatia_diabetica,1.0,retinopatia_diabetica_leve,0.0,1,unico
80,MESSIDOR-2,20051021_39552_0100_PP.png,retinopatia_diabetica,2.0,retinopatia_diabetica_moderada,0.0,1,unico
81,MESSIDOR-2,20051021_39661_0100_PP.png,retinopatia_diabetica,2.0,retinopatia_diabetica_moderada,0.0,1,unico
82,MESSIDOR-2,20051021_39719_0100_PP.png,retinopatia_diabetica,2.0,retinopatia_diabetica_moderada,1.0,1,unico
83,MESSIDOR-2,20051021_39845_0100_PP.png,retinopatia_diabetica,0.0,sem_retinopatia_diabetica,0.0,1,unico
84,MESSIDOR-2,20051021_39914_0100_PP.png,retinopatia_diabetica,0.0,sem_retinopatia_diabetica,0.0,1,unico
85,MESSIDOR-2,20051021_40018_0100_PP.png,retinopatia_diabetica,1.0,retinopatia_diabetica_leve,0.0,1,unico
86,MESSIDOR-2,20051021_40074_0100_PP.png,retinopatia_diabetica,2.0,retinopatia_diabetica_moderada,0.0,1,unico
87,MESSIDOR-2,20051021_40180_0100_PP.png,retinopatia_diabetica,2.0,retinopatia_diabetica_moderada,0.0,1,unico
88,MESSIDOR-2,20051021_40248_0100_PP.png,retinopatia_diabetica,2.0,retinopatia_diabetica_moderada,0.0,1,unico
89,MESSIDOR-2,20051021_40377_0100_PP.png,retinopatia_diabetica,4.0,retinopatia_diabetica_proliferativa,1.0,1,unico
90,MESSIDOR-2,20051021_40450_0100_PP.png,retinopatia_diabetica,4.0,retinopatia_diabetica_proliferativa,1.0,1,unico
91,MESSIDOR-2,20051021_51418_0100_PP.png,retinopatia_diabetica,0.0,sem_retinopatia_diabetica,0.0,1,unico
92,MESSIDOR-2,20051021_51476_0100_PP.png,retinopatia_diabetica,0.0,sem_retinopatia_diabetica,0.0,1,unico
93,MESSIDOR-2,20051021_51561_0100_PP.png,retinopatia_diabetica,2.0,retinopatia_diabetica_moderada,0.0,1,unico
94,MESSIDOR-2,20051021_51625_0100_PP.png,retinopatia_diabetica,2.0,retinopatia_diabetica_moderada,0.0,1,unico
95,MESSIDOR-2,20051021_51748_0100_PP.png,retinopatia_diabetica,2.0,retinopatia_diabetica_moderada,0.0,1,unico
96,MESSIDOR-2,20051021_51804_0100_PP.png,retinopatia_diabetica,3.0,retinopatia_diabetica_grave,0.0,1,unico
97,MESSIDOR-2,20051021_51936_0100_PP.png,retinopatia_diabetica,0.0,sem_retinopatia_diabetica,0.0,1,unico
98,MESSIDOR-2,20051021_51994_0100_PP.png,retinopatia_diabetica,0.0,sem_retinopatia_diabetica,0.0,1,unico
99,MESSIDOR-2,20051021_52075_0100_PP.png,retinopatia_diabetica,3.0,retinopatia_diabetica_grave,0.0,1,unico
100,MESSIDOR-2,20051021_52127_0100_PP.png,retinopatia_diabetica,4.0,retinopatia_diabetica_proliferativa,0.0,1,unico
101,MESSIDOR-2,20051021_57798_0100_PP.png,retinopatia_diabetica,0.0,sem_retinopatia_diabetica,0.0,1,unico
102,MESSIDOR-2,20051021_57862_0100_PP.png,retinopatia_diabetica,0.0,sem_retinopatia_diabetica,0.0,1,unico
103,MESSIDOR-2,20051021_57975_0100_PP.png,retinopatia_diabetica,0.0,sem_retinopatia_diabetica,0.0,1,unico
104,MESSIDOR-2,20051021_58035_0100_PP.png,retinopatia_diabetica,0.0,sem_retinopatia_diabetica,0.0,1,unico
105,MESSIDOR-2,20051021_58178_0100_PP.png,retinopatia_diabetica,2.0,retinopatia_diabetica_moderada,0.0,1,unico
106,MESSIDOR-2,20051021_58316_0100_PP.png,retinopatia_diabetica,1.0,retinopatia_diabetica_leve,0.0,1,unico
107,MESSIDOR-2,20051021_58388_0100_PP.png,retinopatia_diabetica,0.0,sem_retinopatia_diabetica,0.0,1,unico
108,MESSIDOR-2,20051021_58522_0100_PP.png,retinopatia_diabetica,0.0,sem_retinopatia_diabetica,0.0,1,unico
109,MESSIDOR-2,20051021_58683_0100_PP.png,retinopatia_diabetica,3.0,retinopatia_diabetica_grave,1.0,1,unico
110,MESSIDOR-2,20051021_58802_0100_PP.png,retinopatia_diabetica,2.0,retinopatia_diabetica_moderada,1.0,1,unico
111,MESSIDOR-2,20051021_59136_0100_PP.png,retinopatia_diabetica,2.0,retinopatia_diabetica_moderada,1.0,1,unico
112,MESSIDOR-2,20051021_59243_0100_PP.png,retinopatia_diabetica,3.0,retinopatia_diabetica_grave,1.0,1,unico
113,MESSIDOR-2,20051021_59459_0100_PP.png,retinopatia_diabetica,4.0,retinopatia_diabetica_proliferativa,1.0,1,unico
114,MESSIDOR-2,20051021_59504_0100_PP.png,retinopatia_diabetica,4.0,retinopatia_diabetica_proliferativa,1.0,1,unico
115,MESSIDOR-2,20051109_57451_0400_PP.png,retinopatia_diabetica,1.0,retinopatia_diabetica_leve,0.0,1,unico
116,MESSIDOR-2,20051109_57843_0400_PP.png,retinopatia_diabetica,0.0,sem_retinopatia_diabetica,0.0,1,unico
117,MESSIDOR-2,20051109_59751_0400_PP.png,retinopatia_diabetica,1.0,retinopatia_diabetica_leve,0.0,1,unico
118,MESSIDOR-2,20051109_59864_0400_PP.png,retinopatia_diabetica,1.0,retinopatia_diabetica_leve,0.0,1,unico
119,MESSIDOR-2,20051109_59969_0400_PP.png,retinopatia_diabetica,0.0,sem_retinopatia_diabetica,0.0,1,unico
120,MESSIDOR-2,20051109_60031_0400_PP.png,retinopatia_diabetica,0.0,sem_retinopatia_diabetica,0.0,1,unico
121,MESSIDOR-2,20051109_60136_0400_PP.png,retinopatia_diabetica,0.0,sem_retinopatia_diabetica,0.0,1,unico
122,MESSIDOR-2,20051110_33960_0400_PP.png,retinopatia_diabetica,0.0,sem_retinopatia_diabetica,0.0,1,unico
123,MESSIDOR-2,20051110_34013_0400_PP.png,retinopatia_diabetica,0.0,sem_retinopatia_diabetica,0.0,1,unico
124,MESSIDOR-2,20051110_34071_0400_PP.png,retinopatia_diabetica,1.0,retinopatia_diabetica_leve,0.0,1,unico
125,MESSIDOR-2,20051110_35239_0400_PP.png,retinopatia_diabetica,0.0,sem_retinopatia_diabetica,0.0,1,unico
126,MESSIDOR-2,20051110_35279_0400_PP.png,retinopatia_diabetica,0.0,sem_retinopatia_diabetica,0.0,1,unico
127,MESSIDOR-2,20051110_35332_0400_PP.png,retinopatia_diabetica,0.0,sem_retinopatia_diabetica,0.0,1,unico
128,MESSIDOR-2,20051110_35926_0400_PP.png,retinopatia_diabetica,1.0,retinopatia_diabetica_leve,0.0,1,unico
129,MESSIDOR-2,20051110_37992_0400_PP.png,retinopatia_diabetica,0.0,sem_retinopatia_diabetica,0.0,1,unico
130,MESSIDOR-2,20051110_38111_0400_PP.png,retinopatia_diabetica,0.0,sem_retinopatia_diabetica,0.0,1,unico
131,MESSIDOR-2,20051110_38156_0400_PP.png,retinopatia_diabetica,0.0,sem_retinopatia_diabetica,0.0,1,unico
132,MESSIDOR-2,20051110_38194_0400_PP.png,retinopatia_diabetica,1.0,retinopatia_diabetica_leve,0.0,1,unico
133,MESSIDOR-2,20051110_38239_0400_PP.png,retinopatia_diabetica,1.0,retinopatia_diabetica_leve,0.0,1,unico
134,MESSIDOR-2,20051110_38280_0400_PP.png,retinopatia_diabetica,0.0,sem_retinopatia_diabetica,0.0,1,unico
135,MESSIDOR-2,20051110_38313_0400_PP.png,retinopatia_diabetica,0.0,sem_retinopatia_diabetica,0.0,1,unico
136,MESSIDOR-2,20051110_38352_0400_PP.png,retinopatia_diabetica,0.0,sem_retinopatia_diabetica,0.0,1,unico
137,MESSIDOR-2,20051110_38472_0400_PP.png,retinopatia_diabetica,0.0,sem_retinopatia_diabetica,0.0,1,unico
138,MESSIDOR-2,20051110_38507_0400_PP.png,retinopatia_diabetica,0.0,sem_retinopatia_diabetica,0.0,1,unico
139,MESSIDOR-2,20051116_43388_0400_PP.png,retinopatia_diabetica,0.0,sem_retinopatia_diabetica,0.0,1,unico
140,MESSIDOR-2,20051116_43585_0400_PP.png,retinopatia_diabetica,0.0,sem_retinopatia_diabetica,0.0,1,unico
141,MESSIDOR-2,20051116_43710_0400_PP.png,retinopatia_diabetica,0.0,sem_retinopatia_diabetica,0.0,1,unico
142,MESSIDOR-2,20051116_43721_0400_PP.png,retinopatia_diabetica,0.0,sem_retinopatia_diabetica,0.0,1,unico
143,MESSIDOR-2,20051116_43785_0400_PP.png,retinopatia_diabetica,0.0,sem_retinopatia_diabetica,0.0,1,unico
144,MESSIDOR-2,20051116_43801_0400_PP.png,retinopatia_diabetica,0.0,sem_retinopatia_diabetica,0.0,1,unico
145,MESSIDOR-2,20051116_43954_0400_PP.png,retinopatia_diabetica,1.0,retinopatia_diabetica_leve,0.0,1,unico
146,MESSIDOR-2,20051116_43995_0400_PP.png,retinopatia_diabetica,1.0,retinopatia_diabetica_leve,0.0,1,unico
147,MESSIDOR-2,20051116_44615_0400_PP.png,retinopatia_diabetica,1.0,retinopatia_diabetica_leve,0.0,1,unico
148,MESSIDOR-2,20051116_44648_0400_PP.png,retinopatia_diabetica,0.0,sem_retinopatia_diabetica,0.0,1,unico
149,MESSIDOR-2,20051116_44718_0400_PP.png,retinopatia_diabetica,1.0,retinopatia_diabetica_leve,0.0,1,unico
150,MESSIDOR-2,20051116_44750_0400_PP.png,retinopatia_diabetica,1.0,retinopatia_diabetica_leve,0.0,1,unico
151,MESSIDOR-2,20051116_44804_0400_PP.png,retinopatia_diabetica,1.0,retinopatia_diabetica_leve,0.0,1,unico
152,MESSIDOR-2,20051116_44816_0400_PP.png,retinopatia_diabetica,1.0,retinopatia_diabetica_leve,0.0,1,unico
153,MESSIDOR-2,20051116_54429_0400_PP.png,retinopatia_diabetica,2.0,retinopatia_diabetica_moderada,0.0,1,unico
154,MESSIDOR-2,20051116_54454_0400_PP.png,retinopatia_diabetica,2.0,retinopatia_diabetica_moderada,0.0,1,unico
155,MESSIDOR-2,20051116_54484_0400_PP.png,retinopatia_diabetica,1.0,retinopatia_diabetica_leve,0.0,1,unico
156,MESSIDOR-2,20051116_54587_0400_PP.png,retinopatia_diabetica,1.0,retinopatia_diabetica_leve,0.0,1,unico
157,MESSIDOR-2,20051116_54642_0400_PP.png,retinopatia_diabetica,1.0,retinopatia_diabetica_leve,0.0,1,unico
158,MESSIDOR-2,20051116_54663_0400_PP.png,retinopatia_diabetica,1.0,retinopatia_diabetica_leve,0.0,1,unico
159,MESSIDOR-2,20051116_54692_0400_PP.png,retinopatia_diabetica,1.0,retinopatia_diabetica_leve,0.0,1,unico
160,MESSIDOR-2,20051116_54825_0400_PP.png,retinopatia_diabetica,2.0,retinopatia_diabetica_moderada,0.0,1,unico
161,MESSIDOR-2,20051116_54832_0400_PP.png,retinopatia_diabetica,2.0,retinopatia_diabetica_moderada,0.0,1,unico
162,MESSIDOR-2,20051116_54839_0400_PP.png,retinopatia_diabetica,2.0,retinopatia_diabetica_moderada,0.0,1,unico
163,MESSIDOR-2,20051116_55649_0400_PP.png,retinopatia_diabetica,2.0,retinopatia_diabetica_moderada,0.0,1,unico
164,MESSIDOR-2,20051116_55656_0400_PP.png,retinopatia_diabetica,2.0,retinopatia_diabetica_moderada,0.0,1,unico
165,MESSIDOR-2,20051116_58804_0400_PP.png,retinopatia_diabetica,2.0,retinopatia_diabetica_moderada,0.0,1,unico
166,MESSIDOR-2,20051116_58816_0400_PP.png,retinopatia_diabetica,2.0,retinopatia_diabetica_moderada,0.0,1,unico
167,MESSIDOR-2,20051116_58828_0400_PP.png,retinopatia_diabetica,2.0,retinopatia_diabetica_moderada,0.0,1,unico
168,MESSIDOR-2,20051116_58835_0400_PP.png,retinopatia_diabetica,2.0,retinopatia_diabetica_moderada,0.0,1,unico
169,MESSIDOR-2,20051116_58864_0400_PP.png,retinopatia_diabetica,2.0,retinopatia_diabetica_moderada,0.0,1,unico
170,MESSIDOR-2,20051116_58872_0400_PP.png,retinopatia_diabetica,2.0,retinopatia_diabetica_moderada,0.0,1,unico
171,MESSIDOR-2,20051116_59150_0400_PP.png,retinopatia_diabetica,2.0,retinopatia_diabetica_moderada,0.0,1,unico
172,MESSIDOR-2,20051116_59168_0400_PP.png,retinopatia_diabetica,2.0,retinopatia_diabetica_moderada,0.0,1,unico
173,MESSIDOR-2,20051117_37042_0400_PP.png,retinopatia_diabetica,0.0,sem_retinopatia_diabetica,0.0,1,unico
174,MESSIDOR-2,20051117_37051_0400_PP.png,retinopatia_diabetica,0.0,sem_retinopatia_diabetica,0.0,1,unico
175,MESSIDOR-2,20051117_37078_0400_PP.png,retinopatia_diabetica,0.0,sem_retinopatia_diabetica,0.0,1,unico
176,MESSIDOR-2,20051117_37100_0400_PP.png,retinopatia_diabetica,0.0,sem_retinopatia_diabetica,0.0,1,unico
177,MESSIDOR-2,20051117_37130_0400_PP.png,retinopatia_diabetica,0.0,sem_retinopatia_diabetica,0.0,1,unico
178,MESSIDOR-2,20051117_37155_0400_PP.png,retinopatia_diabetica,0.0,sem_retinopatia_diabetica,0.0,1,unico
179,MESSIDOR-2,20051117_37185_0400_PP.png,retinopatia_diabetica,0.0,sem_retinopatia_diabetica,0.0,1,unico
180,MESSIDOR-2,20051117_37213_0400_PP.png,retinopatia_diabetica,1.0,retinopatia_diabetica_leve,0.0,1,unico
181,MESSIDOR-2,20051117_37321_0400_PP.png,retinopatia_diabetica,0.0,sem_retinopatia_diabetica,0.0,1,unico
182,MESSIDOR-2,20051130_53586_0400_PP.png,retinopatia_diabetica,0.0,sem_retinopatia_diabetica,0.0,1,unico
183,MESSIDOR-2,20051130_53623_0400_PP.png,retinopatia_diabetica,0.0,sem_retinopatia_diabetica,0.0,1,unico
184,MESSIDOR-2,20051130_53663_0400_PP.png,retinopatia_diabetica,0.0,sem_retinopatia_diabetica,0.0,1,unico
185,MESSIDOR-2,20051130_53991_0400_PP.png,retinopatia_diabetica,0.0,sem_retinopatia_diabetica,0.0,1,unico
186,MESSIDOR-2,20051130_54030_0400_PP.png,retinopatia_diabetica,0.0,sem_retinopatia_diabetica,0.0,1,unico
187,MESSIDOR-2,20051130_54077_0400_PP.png,retinopatia_diabetica,0.0,sem_retinopatia_diabetica,0.0,1,unico
188,MESSIDOR-2,20051130_54121_0400_PP.png,retinopatia_diabetica,0.0,sem_retinopatia_diabetica,0.0,1,unico
189,MESSIDOR-2,20051130_54257_0400_PP.png,retinopatia_diabetica,0.0,sem_retinopatia_diabetica,0.0,1,unico
190,MESSIDOR-2,20051130_54301_0400_PP.png,retinopatia_diabetica,0.0,sem_retinopatia_diabetica,0.0,1,unico
191,MESSIDOR-2,20051130_54323_0400_PP.png,retinopatia_diabetica,0.0,sem_retinopatia_diabetica,0.0,1,unico
192,MESSIDOR-2,20051130_54333_0400_PP.png,retinopatia_diabetica,1.0,retinopatia_diabetica_leve,0.0,1,unico
193,MESSIDOR-2,20051130_54476_0400_PP.png,retinopatia_diabetica,0.0,sem_retinopatia_diabetica,0.0,1,unico
194,MESSIDOR-2,20051130_54498_0400_PP.png,retinopatia_diabetica,0.0,sem_retinopatia_diabetica,0.0,1,unico
195,MESSIDOR-2,20051130_54595_0400_PP.png,retinopatia_diabetica,0.0,sem_retinopatia_diabetica,0.0,1,unico
196,MESSIDOR-2,20051130_54616_0400_PP.png,retinopatia_diabetica,1.0,retinopatia_diabetica_leve,0.0,1,unico
197,MESSIDOR-2,20051130_54802_0400_PP.png,retinopatia_diabetica,0.0,sem_retinopatia_diabetica,0.0,1,unico
198,MESSIDOR-2,20051130_54846_0400_PP.png,retinopatia_diabetica,0.0,sem_retinopatia_diabetica,0.0,1,unico
199,MESSIDOR-2,20051130_54943_0400_PP.png,retinopatia_diabetica,0.0,sem_retinopatia_diabetica,0.0,1,unico
200,MESSIDOR-2,20051130_54956_0400_PP.png,retinopatia_diabetica,0.0,sem_retinopatia_diabetica,0.0,1,unico
201,MESSIDOR-2,20051130_55004_0400_PP.png,retinopatia_diabetica,0.0,sem_retinopatia_diabetica,0.0,1,unico
202,MESSIDOR-2,20051130_55012_0400_PP.png,retinopatia_diabetica,0.0,sem_retinopatia_diabetica,0.0,1,unico
203,MESSIDOR-2,20051130_55037_0400_PP.png,retinopatia_diabetica,0.0,sem_retinopatia_diabetica,0.0,1,unico
204,MESSIDOR-2,20051130_55048_0400_PP.png,retinopatia_diabetica,0.0,sem_retinopatia_diabetica,0.0,1,unico
205,MESSIDOR-2,20051130_55074_0400_PP.png,retinopatia_diabetica,0.0,sem_retinopatia_diabetica,0.0,1,unico
206,MESSIDOR-2,20051130_55086_0400_PP.png,retinopatia_diabetica,0.0,sem_retinopatia_diabetica,0.0,1,unico
207,MESSIDOR-2,20051130_55107_0400_PP.png,retinopatia_diabetica,0.0,sem_retinopatia_diabetica,0.0,1,unico
208,MESSIDOR-2,20051130_55124_0400_PP.png,retinopatia_diabetica,1.0,retinopatia_diabetica_leve,0.0,1,unico
209,MESSIDOR-2,20051130_55160_0400_PP.png,retinopatia_diabetica,0.0,sem_retinopatia_diabetica,0.0,1,unico
210,MESSIDOR-2,20051130_55269_0400_PP.png,retinopatia_diabetica,0.0,sem_retinopatia_diabetica,0.0,1,unico
211,MESSIDOR-2,20051130_55311_0400_PP.png,retinopatia_diabetica,0.0,sem_retinopatia_diabetica,0.0,1,unico
212,MESSIDOR-2,20051130_55323_0400_PP.png,retinopatia_diabetica,0.0,sem_retinopatia_diabetica,0.0,1,unico
213,MESSIDOR-2,20051130_55381_0400_PP.png,retinopatia_diabetica,0.0,sem_retinopatia_diabetica,0.0,1,unico
214,MESSIDOR-2,20051130_55393_0400_PP.png,retinopatia_diabetica,0.0,sem_retinopatia_diabetica,0.0,1,unico
215,MESSIDOR-2,20051130_58716_0400_PP.png,retinopatia_diabetica,0.0,sem_retinopatia_diabetica,0.0,1,unico
216,MESSIDOR-2,20051130_58824_0400_PP.png,retinopatia_diabetica,0.0,sem_retinopatia_diabetica,0.0,1,unico
217,MESSIDOR-2,20051130_58874_0400_PP.png,retinopatia_diabetica,0.0,sem_retinopatia_diabetica,0.0,1,unico
218,MESSIDOR-2,20051130_58888_0400_PP.png,retinopatia_diabetica,0.0,sem_retinopatia_diabetica,0.0,1,unico
219,MESSIDOR-2,20051130_58921_0400_PP.png,retinopatia_diabetica,1.0,retinopatia_diabetica_leve,0.0,1,unico
220,MESSIDOR-2,20051130_58962_0400_PP.png,retinopatia_diabetica,0.0,sem_retinopatia_diabetica,0.0,1,unico
221,MESSIDOR-2,20051130_58998_0400_PP.png,retinopatia_diabetica,0.0,sem_retinopatia_diabetica,0.0,1,unico
222,MESSIDOR-2,20051130_59029_0400_PP.png,retinopatia_diabetica,0.0,sem_retinopatia_diabetica,0.0,1,unico
223,MESSIDOR-2,20051130_59186_0400_PP.png,retinopatia_diabetica,0.0,sem_retinopatia_diabetica,0.0,1,unico
224,MESSIDOR-2,20051130_59284_0400_PP.png,retinopatia_diabetica,0.0,sem_retinopatia_diabetica,0.0,1,unico
225,MESSIDOR-2,20051130_59374_0400_PP.png,retinopatia_diabetica,0.0,sem_retinopatia_diabetica,0.0,1,unico
226,MESSIDOR-2,20051130_59404_0400_PP.png,retinopatia_diabetica,0.0,sem_retinopatia_diabetica,0.0,1,unico
227,MESSIDOR-2,20051130_59457_0400_PP.png,retinopatia_diabetica,0.0,sem_retinopatia_diabetica,0.0,1,unico
228,MESSIDOR-2,20051130_59464_0400_PP.png,retinopatia_diabetica,0.0,sem_retinopatia_diabetica,0.0,1,unico
229,MESSIDOR-2,20051130_59749_0400_PP.png,retinopatia_diabetica,0.0,sem_retinopatia_diabetica,0.0,1,unico
230,MESSIDOR-2,20051130_59775_0400_PP.png,retinopatia_diabetica,0.0,sem_retinopatia_diabetica,0.0,1,unico
231,MESSIDOR-2,20051130_59793_0400_PP.png,retinopatia_diabetica,0.0,sem_retinopatia_diabetica,0.0,1,unico
232,MESSIDOR-2,20051130_59802_0400_PP.png,retinopatia_diabetica,0.0,sem_retinopatia_diabetica,0.0,1,unico
233,MESSIDOR-2,20051130_59850_0400_PP.png,retinopatia_diabetica,0.0,sem_retinopatia_diabetica,0.0,1,unico
234,MESSIDOR-2,20051130_59869_0400_PP.png,retinopatia_diabetica,0.0,sem_retinopatia_diabetica,0.0,1,unico
235,MESSIDOR-2,20051130_59916_0400_PP.png,retinopatia_diabetica,1.0,retinopatia_diabetica_leve,0.0,1,unico
236,MESSIDOR-2,20051130_59930_0400_PP.png,retinopatia_diabetica,1.0,retinopatia_diabetica_leve,0.0,1,unico
237,MESSIDOR-2,20051130_59964_0400_PP.png,retinopatia_diabetica,0.0,sem_retinopatia_diabetica,0.0,1,unico
238,MESSIDOR-2,20051130_59993_0400_PP.png,retinopatia_diabetica,0.0,sem_retinopatia_diabetica,0.0,1,unico
239,MESSIDOR-2,20051130_60040_0400_PP.png,retinopatia_diabetica,0.0,sem_retinopatia_diabetica,0.0,1,unico
240,MESSIDOR-2,20051130_60066_0400_PP.png,retinopatia_diabetica,0.0,sem_retinopatia_diabetica,0.0,1,unico
241,MESSIDOR-2,20051130_60186_0400_PP.png,retinopatia_diabetica,0.0,sem_retinopatia_diabetica,0.0,1,unico
242,MESSIDOR-2,20051130_60234_0400_PP.png,retinopatia_diabetica,0.0,sem_retinopatia_diabetica,0.0,1,unico
243,MESSIDOR-2,20051130_60448_0400_PP.png,retinopatia_diabetica,0.0,sem_retinopatia_diabetica,0.0,1,unico
244,MESSIDOR-2,20051130_60490_0400_PP.png,retinopatia_diabetica,0.0,sem_retinopatia_diabetica,0.0,1,unico
245,MESSIDOR-2,20051130_60532_0400_PP.png,retinopatia_diabetica,0.0,sem_retinopatia_diabetica,0.0,1,unico
246,MESSIDOR-2,20051130_60562_0400_PP.png,retinopatia_diabetica,0.0,sem_retinopatia_diabetica,0.0,1,unico
247,MESSIDOR-2,20051130_60601_0400_PP.png,retinopatia_diabetica,0.0,sem_retinopatia_diabetica,0.0,1,unico
248,MESSIDOR-2,20051130_60630_0400_PP.png,retinopatia_diabetica,0.0,sem_retinopatia_diabetica,0.0,1,unico
249,MESSIDOR-2,20051130_60691_0400_PP.png,retinopatia_diabetica,0.0,sem_retinopatia_diabetica,0.0,1,unico
250,MESSIDOR-2,20051130_60715_0400_PP.png,retinopatia_diabetica,0.0,sem_retinopatia_diabetica,0.0,1,unico
251,MESSIDOR-2,20051130_60740_0400_PP.png,retinopatia_diabetica,0.0,sem_retinopatia_diabetica,0.0,1,unico
252,MESSIDOR-2,20051130_60760_0400_PP.png,retinopatia_diabetica,1.0,retinopatia_diabetica_leve,0.0,1,unico
253,MESSIDOR-2,20051130_60794_0400_PP.png,retinopatia_diabetica,0.0,sem_retinopatia_diabetica,0.0,1,unico
254,MESSIDOR-2,20051130_60822_0400_PP.png,retinopatia_diabetica,0.0,sem_retinopatia_diabetica,0.0,1,unico
255,MESSIDOR-2,20051201_37312_0400_PP.png,retinopatia_diabetica,0.0,sem_retinopatia_diabetica,0.0,1,unico
256,MESSIDOR-2,20051201_37337_0400_PP.png,retinopatia_diabetica,0.0,sem_retinopatia_diabetica,0.0,1,unico
257,MESSIDOR-2,20051201_37382_0400_PP.png,retinopatia_diabetica,0.0,sem_retinopatia_diabetica,0.0,1,unico
258,MESSIDOR-2,20051201_37390_0400_PP.png,retinopatia_diabetica,0.0,sem_retinopatia_diabetica,0.0,1,unico
259,MESSIDOR-2,20051201_37409_0400_PP.png,retinopatia_diabetica,0.0,sem_retinopatia_diabetica,0.0,1,unico
260,MESSIDOR-2,20051201_37462_0400_PP.png,retinopatia_diabetica,0.0,sem_retinopatia_diabetica,0.0,1,unico
261,MESSIDOR-2,20051201_37534_0400_PP.png,retinopatia_diabetica,0.0,sem_retinopatia_diabetica,0.0,1,unico
262,MESSIDOR-2,20051201_37557_0400_PP.png,retinopatia_diabetica,0.0,sem_retinopatia_diabetica,0.0,1,unico
263,MESSIDOR-2,20051201_38041_0400_PP.png,retinopatia_diabetica,0.0,sem_retinopatia_diabetica,0.0,1,unico
264,MESSIDOR-2,20051201_38081_0400_PP.png,retinopatia_diabetica,0.0,sem_retinopatia_diabetica,0.0,1,unico
265,MESSIDOR-2,20051201_38103_0400_PP.png,retinopatia_diabetica,0.0,sem_retinopatia_diabetica,0.0,1,unico
266,MESSIDOR-2,20051201_38137_0400_PP.png,retinopatia_diabetica,0.0,sem_retinopatia_diabetica,0.0,1,unico
267,MESSIDOR-2,20051201_38155_0400_PP.png,retinopatia_diabetica,0.0,sem_retinopatia_diabetica,0.0,1,unico
268,MESSIDOR-2,20051201_38164_0400_PP.png,retinopatia_diabetica,0.0,sem_retinopatia_diabetica,0.0,1,unico
269,MESSIDOR-2,20051201_38199_0400_PP.png,retinopatia_diabetica,0.0,sem_retinopatia_diabetica,0.0,1,unico
270,MESSIDOR-2,20051201_38211_0400_PP.png,retinopatia_diabetica,0.0,sem_retinopatia_diabetica,0.0,1,unico
271,MESSIDOR-2,20051201_38246_0400_PP.png,retinopatia_diabetica,0.0,sem_retinopatia_diabetica,0.0,1,unico
272,MESSIDOR-2,20051201_38262_0400_PP.png,retinopatia_diabetica,0.0,sem_retinopatia_diabetica,0.0,1,unico
273,MESSIDOR-2,20051201_38280_0400_PP.png,retinopatia_diabetica,0.0,sem_retinopatia_diabetica,0.0,1,unico
274,MESSIDOR-2,20051201_38291_0400_PP.png,retinopatia_diabetica,0.0,sem_retinopatia_diabetica,0.0,1,unico
275,MESSIDOR-2,20051201_38321_0400_PP.png,retinopatia_diabetica,0.0,sem_retinopatia_diabetica,0.0,1,unico
276,MESSIDOR-2,20051201_38349_0400_PP.png,retinopatia_diabetica,0.0,sem_retinopatia_diabetica,0.0,1,unico
277,MESSIDOR-2,20051201_38466_0400_PP.png,retinopatia_diabetica,0.0,sem_retinopatia_diabetica,0.0,1,unico
278,MESSIDOR-2,20051201_38475_0400_PP.png,retinopatia_diabetica,0.0,sem_retinopatia_diabetica,0.0,1,unico
279,MESSIDOR-2,20051201_38537_0400_PP.png,retinopatia_diabetica,1.0,retinopatia_diabetica_leve,0.0,1,unico
280,MESSIDOR-2,20051202_36970_0400_PP.png,retinopatia_diabetica,1.0,retinopatia_diabetica_leve,0.0,1,unico
281,MESSIDOR-2,20051202_37162_0400_PP.png,retinopatia_diabetica,0.0,sem_retinopatia_diabetica,0.0,1,unico
282,MESSIDOR-2,20051202_37199_0400_PP.png,retinopatia_diabetica,1.0,retinopatia_diabetica_leve,0.0,1,unico
283,MESSIDOR-2,20051202_39630_0400_PP.png,retinopatia_diabetica,1.0,retinopatia_diabetica_leve,0.0,1,unico
284,MESSIDOR-2,20051202_39708_0400_PP.png,retinopatia_diabetica,1.0,retinopatia_diabetica_leve,0.0,1,unico
285,MESSIDOR-2,20051202_41260_0400_PP.png,retinopatia_diabetica,1.0,retinopatia_diabetica_leve,0.0,1,unico
286,MESSIDOR-2,20051202_48232_0400_PP.png,retinopatia_diabetica,2.0,retinopatia_diabetica_moderada,0.0,1,unico
287,MESSIDOR-2,20051202_48393_0400_PP.png,retinopatia_diabetica,1.0,retinopatia_diabetica_leve,0.0,1,unico
288,MESSIDOR-2,20051202_48421_0400_PP.png,retinopatia_diabetica,1.0,retinopatia_diabetica_leve,0.0,1,unico
289,MESSIDOR-2,20051202_51518_0400_PP.png,retinopatia_diabetica,2.0,retinopatia_diabetica_moderada,0.0,1,unico
290,MESSIDOR-2,20051202_51574_0400_PP.png,retinopatia_diabetica,1.0,retinopatia_diabetica_leve,0.0,1,unico
291,MESSIDOR-2,20051202_51599_0400_PP.png,retinopatia_diabetica,0.0,sem_retinopatia_diabetica,0.0,1,unico
292,MESSIDOR-2,20051202_51616_0400_PP.png,retinopatia_diabetica,0.0,sem_retinopatia_diabetica,0.0,1,unico
293,MESSIDOR-2,20051202_54197_0400_PP.png,retinopatia_diabetica,2.0,retinopatia_diabetica_moderada,0.0,1,unico
294,MESSIDOR-2,20051202_54208_0400_PP.png,retinopatia_diabetica,2.0,retinopatia_diabetica_moderada,0.0,1,unico
295,MESSIDOR-2,20051202_54547_0400_PP.png,retinopatia_diabetica,1.0,retinopatia_diabetica_leve,0.0,1,unico
296,MESSIDOR-2,20051202_54555_0400_PP.png,retinopatia_diabetica,1.0,retinopatia_diabetica_leve,0.0,1,unico
297,MESSIDOR-2,20051202_54611_0400_PP.png,retinopatia_diabetica,2.0,retinopatia_diabetica_moderada,1.0,1,unico
298,MESSIDOR-2,20051202_54744_0400_PP.png,retinopatia_diabetica,2.0,retinopatia_diabetica_moderada,0.0,1,unico
299,MESSIDOR-2,20051202_55484_0400_PP.png,retinopatia_diabetica,1.0,retinopatia_diabetica_leve,0.0,1,unico
300,MESSIDOR-2,20051202_55498_0400_PP.png,retinopatia_diabetica,1.0,retinopatia_diabetica_leve,0.0,1,unico
301,MESSIDOR-2,20051202_55562_0400_PP.png,retinopatia_diabetica,2.0,retinopatia_diabetica_moderada,1.0,1,unico
302,MESSIDOR-2,20051202_55582_0400_PP.png,retinopatia_diabetica,2.0,retinopatia_diabetica_moderada,0.0,1,unico
303,MESSIDOR-2,20051202_55607_0400_PP.png,retinopatia_diabetica,2.0,retinopatia_diabetica_moderada,0.0,1,unico
304,MESSIDOR-2,20051202_55626_0400_PP.png,retinopatia_diabetica,2.0,retinopatia_diabetica_moderada,0.0,1,unico
305,MESSIDOR-2,20051202_55650_0400_PP.png,retinopatia_diabetica,2.0,retinopatia_diabetica_moderada,0.0,1,unico
306,MESSIDOR-2,20051202_55669_0400_PP.png,retinopatia_diabetica,2.0,retinopatia_diabetica_moderada,0.0,1,unico
307,MESSIDOR-2,20051202_55735_0400_PP.png,retinopatia_diabetica,2.0,retinopatia_diabetica_moderada,0.0,1,unico
308,MESSIDOR-2,20051202_55742_0400_PP.png,retinopatia_diabetica,2.0,retinopatia_diabetica_moderada,0.0,1,unico
309,MESSIDOR-2,20051202_55797_0400_PP.png,retinopatia_diabetica,2.0,retinopatia_diabetica_moderada,0.0,1,unico
310,MESSIDOR-2,20051202_55816_0400_PP.png,retinopatia_diabetica,2.0,retinopatia_diabetica_moderada,0.0,1,unico
311,MESSIDOR-2,20051202_55834_0400_PP.png,retinopatia_diabetica,2.0,retinopatia_diabetica_moderada,0.0,1,unico
312,MESSIDOR-2,20051202_55846_0400_PP.png,retinopatia_diabetica,2.0,retinopatia_diabetica_moderada,1.0,1,unico
313,MESSIDOR-2,20051202_55921_0400_PP.png,retinopatia_diabetica,2.0,retinopatia_diabetica_moderada,1.0,1,unico
314,MESSIDOR-2,20051202_55944_0400_PP.png,retinopatia_diabetica,2.0,retinopatia_diabetica_moderada,0.0,1,unico
315,MESSIDOR-2,20051202_56000_0400_PP.png,retinopatia_diabetica,2.0,retinopatia_diabetica_moderada,0.0,1,unico
316,MESSIDOR-2,20051202_56012_0400_PP.png,retinopatia_diabetica,2.0,retinopatia_diabetica_moderada,0.0,1,unico
317,MESSIDOR-2,20051202_56028_0400_PP.png,retinopatia_diabetica,2.0,retinopatia_diabetica_moderada,0.0,1,unico
318,MESSIDOR-2,20051202_56050_0400_PP.png,retinopatia_diabetica,2.0,retinopatia_diabetica_moderada,0.0,1,unico
319,MESSIDOR-2,20051205_31949_0400_PP.png,retinopatia_diabetica,2.0,retinopatia_diabetica_moderada,0.0,1,unico
320,MESSIDOR-2,20051205_31994_0400_PP.png,retinopatia_diabetica,2.0,retinopatia_diabetica_moderada,0.0,1,unico
321,MESSIDOR-2,20051205_33006_0400_PP.png,retinopatia_diabetica,2.0,retinopatia_diabetica_moderada,0.0,1,unico
322,MESSIDOR-2,20051205_33012_0400_PP.png,retinopatia_diabetica,2.0,retinopatia_diabetica_moderada,0.0,1,unico
323,MESSIDOR-2,20051205_35142_0400_PP.png,retinopatia_diabetica,2.0,retinopatia_diabetica_moderada,1.0,1,unico
324,MESSIDOR-2,20051205_35162_0400_PP.png,retinopatia_diabetica,2.0,retinopatia_diabetica_moderada,0.0,1,unico
325,MESSIDOR-2,20051205_35276_0400_PP.png,retinopatia_diabetica,3.0,retinopatia_diabetica_grave,0.0,1,unico
326,MESSIDOR-2,20051205_35305_0400_PP.png,retinopatia_diabetica,2.0,retinopatia_diabetica_moderada,0.0,1,unico
327,MESSIDOR-2,20051205_35408_0400_PP.png,retinopatia_diabetica,2.0,retinopatia_diabetica_moderada,0.0,1,unico
328,MESSIDOR-2,20051205_35417_0400_PP.png,retinopatia_diabetica,2.0,retinopatia_diabetica_moderada,0.0,1,unico
329,MESSIDOR-2,20051205_57651_0400_PP.png,retinopatia_diabetica,0.0,sem_retinopatia_diabetica,0.0,1,unico
330,MESSIDOR-2,20051205_57704_0400_PP.png,retinopatia_diabetica,0.0,sem_retinopatia_diabetica,0.0,1,unico
331,MESSIDOR-2,20051205_57757_0400_PP.png,retinopatia_diabetica,0.0,sem_retinopatia_diabetica,0.0,1,unico
332,MESSIDOR-2,20051205_57780_0400_PP.png,retinopatia_diabetica,0.0,sem_retinopatia_diabetica,0.0,1,unico
333,MESSIDOR-2,20051205_57799_0400_PP.png,retinopatia_diabetica,0.0,sem_retinopatia_diabetica,0.0,1,unico
334,MESSIDOR-2,20051205_57809_0400_PP.png,retinopatia_diabetica,0.0,sem_retinopatia_diabetica,0.0,1,unico
335,MESSIDOR-2,20051205_57838_0400_PP.png,retinopatia_diabetica,0.0,sem_retinopatia_diabetica,0.0,1,unico
336,MESSIDOR-2,20051205_57879_0400_PP.png,retinopatia_diabetica,0.0,sem_retinopatia_diabetica,0.0,1,unico
337,MESSIDOR-2,20051205_57942_0400_PP.png,retinopatia_diabetica,0.0,sem_retinopatia_diabetica,0.0,1,unico
338,MESSIDOR-2,20051205_57988_0400_PP.png,retinopatia_diabetica,0.0,sem_retinopatia_diabetica,0.0,1,unico
339,MESSIDOR-2,20051205_58037_0400_PP.png,retinopatia_diabetica,0.0,sem_retinopatia_diabetica,0.0,1,unico
340,MESSIDOR-2,20051205_58060_0400_PP.png,retinopatia_diabetica,0.0,sem_retinopatia_diabetica,0.0,1,unico
341,MESSIDOR-2,20051205_58080_0400_PP.png,retinopatia_diabetica,0.0,sem_retinopatia_diabetica,0.0,1,unico
342,MESSIDOR-2,20051205_58091_0400_PP.png,retinopatia_diabetica,0.0,sem_retinopatia_diabetica,0.0,1,unico
343,MESSIDOR-2,20051205_58109_0400_PP.png,retinopatia_diabetica,0.0,sem_retinopatia_diabetica,0.0,1,unico
344,MESSIDOR-2,20051205_58125_0400_PP.png,retinopatia_diabetica,0.0,sem_retinopatia_diabetica,0.0,1,unico
345,MESSIDOR-2,20051205_58150_0400_PP.png,retinopatia_diabetica,0.0,sem_retinopatia_diabetica,0.0,1,unico
346,MESSIDOR-2,20051205_58177_0400_PP.png,retinopatia_diabetica,0.0,sem_retinopatia_diabetica,0.0,1,unico
347,MESSIDOR-2,20051205_58354_0400_PP.png,retinopatia_diabetica,0.0,sem_retinopatia_diabetica,0.0,1,unico
348,MESSIDOR-2,20051205_58373_0400_PP.png,retinopatia_diabetica,0.0,sem_retinopatia_diabetica,0.0,1,unico
349,MESSIDOR-2,20051205_58409_0400_PP.png,retinopatia_diabetica,0.0,sem_retinopatia_diabetica,0.0,1,unico
350,MESSIDOR-2,20051205_58431_0400_PP.png,retinopatia_diabetica,0.0,sem_retinopatia_diabetica,0.0,1,unico
351,MESSIDOR-2,20051205_58458_0400_PP.png,retinopatia_diabetica,0.0,sem_retinopatia_diabetica,0.0,1,unico
352,MESSIDOR-2,20051205_58502_0400_PP.png,retinopatia_diabetica,0.0,sem_retinopatia_diabetica,0.0,1,unico
353,MESSIDOR-2,20051205_58577_0400_PP.png,retinopatia_diabetica,1.0,retinopatia_diabetica_leve,0.0,1,unico
354,MESSIDOR-2,20051205_58613_0400_PP.png,retinopatia_diabetica,0.0,sem_retinopatia_diabetica,0.0,1,unico
355,MESSIDOR-2,20051205_59240_0400_PP.png,retinopatia_diabetica,0.0,sem_retinopatia_diabetica,0.0,1,unico
356,MESSIDOR-2,20051205_59300_0400_PP.png,retinopatia_diabetica,1.0,retinopatia_diabetica_leve,0.0,1,unico
357,MESSIDOR-2,20051205_59337_0400_PP.png,retinopatia_diabetica,0.0,sem_retinopatia_diabetica,0.0,1,unico
358,MESSIDOR-2,20051205_59351_0400_PP.png,retinopatia_diabetica,0.0,sem_retinopatia_diabetica,0.0,1,unico
359,MESSIDOR-2,20051205_59367_0400_PP.png,retinopatia_diabetica,0.0,sem_retinopatia_diabetica,0.0,1,unico
360,MESSIDOR-2,20051205_59379_0400_PP.png,retinopatia_diabetica,0.0,sem_retinopatia_diabetica,0.0,1,unico
361,MESSIDOR-2,20051205_59510_0400_PP.png,retinopatia_diabetica,0.0,sem_retinopatia_diabetica,0.0,1,unico
362,MESSIDOR-2,20051205_59538_0400_PP.png,retinopatia_diabetica,0.0,sem_retinopatia_diabetica,0.0,1,unico
363,MESSIDOR-2,20051205_59617_0400_PP.png,retinopatia_diabetica,0.0,sem_retinopatia_diabetica,0.0,1,unico
364,MESSIDOR-2,20051205_59651_0400_PP.png,retinopatia_diabetica,0.0,sem_retinopatia_diabetica,0.0,1,unico
365,MESSIDOR-2,20051205_59702_0400_PP.png,retinopatia_diabetica,1.0,retinopatia_diabetica_leve,0.0,1,unico
366,MESSIDOR-2,20051205_59715_0400_PP.png,retinopatia_diabetica,1.0,retinopatia_diabetica_leve,0.0,1,unico
367,MESSIDOR-2,20051205_59738_0400_PP.png,retinopatia_diabetica,0.0,sem_retinopatia_diabetica,0.0,1,unico
368,MESSIDOR-2,20051205_59754_0400_PP.png,retinopatia_diabetica,0.0,sem_retinopatia_diabetica,0.0,1,unico
369,MESSIDOR-2,20051205_59833_0400_PP.png,retinopatia_diabetica,0.0,sem_retinopatia_diabetica,0.0,1,unico
370,MESSIDOR-2,20051205_59858_0400_PP.png,retinopatia_diabetica,0.0,sem_retinopatia_diabetica,0.0,1,unico
371,MESSIDOR-2,20051205_59901_0400_PP.png,retinopatia_diabetica,0.0,sem_retinopatia_diabetica,0.0,1,unico
372,MESSIDOR-2,20051205_59923_0400_PP.png,retinopatia_diabetica,0.0,sem_retinopatia_diabetica,0.0,1,unico
373,MESSIDOR-2,20051205_60093_0400_PP.png,retinopatia_diabetica,0.0,sem_retinopatia_diabetica,0.0,1,unico
374,MESSIDOR-2,20051205_60119_0400_PP.png,retinopatia_diabetica,0.0,sem_retinopatia_diabetica,0.0,1,unico
375,MESSIDOR-2,20051207_54614_0400_PP.png,retinopatia_diabetica,1.0,retinopatia_diabetica_leve,0.0,1,unico
376,MESSIDOR-2,20051207_55266_0400_PP.png,retinopatia_diabetica,2.0,retinopatia_diabetica_moderada,0.0,1,unico
377,MESSIDOR-2,20051207_56219_0400_PP.png,retinopatia_diabetica,2.0,retinopatia_diabetica_moderada,0.0,1,unico
378,MESSIDOR-2,20051207_56227_0400_PP.png,retinopatia_diabetica,2.0,retinopatia_diabetica_moderada,1.0,1,unico
379,MESSIDOR-2,20051207_62252_0400_PP.png,retinopatia_diabetica,1.0,retinopatia_diabetica_leve,0.0,1,unico
380,MESSIDOR-2,20051207_62275_0400_PP.png,retinopatia_diabetica,1.0,retinopatia_diabetica_leve,0.0,1,unico
381,MESSIDOR-2,20051207_62320_0400_PP.png,retinopatia_diabetica,1.0,retinopatia_diabetica_leve,0.0,1,unico
382,MESSIDOR-2,20051208_39297_0400_PP.png,retinopatia_diabetica,2.0,retinopatia_diabetica_moderada,0.0,1,unico
383,MESSIDOR-2,20051208_39438_0400_PP.png,retinopatia_diabetica,2.0,retinopatia_diabetica_moderada,0.0,1,unico
384,MESSIDOR-2,20051208_39462_0400_PP.png,retinopatia_diabetica,2.0,retinopatia_diabetica_moderada,0.0,1,unico
385,MESSIDOR-2,20051208_39524_0400_PP.png,retinopatia_diabetica,2.0,retinopatia_diabetica_moderada,0.0,1,unico
386,MESSIDOR-2,20051208_39532_0400_PP.png,retinopatia_diabetica,2.0,retinopatia_diabetica_moderada,0.0,1,unico
387,MESSIDOR-2,20051208_39546_0400_PP.png,retinopatia_diabetica,2.0,retinopatia_diabetica_moderada,0.0,1,unico
388,MESSIDOR-2,20051208_41318_0400_PP.png,retinopatia_diabetica,4.0,retinopatia_diabetica_proliferativa,1.0,1,unico
389,MESSIDOR-2,20051208_41373_0400_PP.png,retinopatia_diabetica,2.0,retinopatia_diabetica_moderada,0.0,1,unico
390,MESSIDOR-2,20051208_42314_0400_PP.png,retinopatia_diabetica,4.0,retinopatia_diabetica_proliferativa,0.0,1,unico
391,MESSIDOR-2,20051208_42322_0400_PP.png,retinopatia_diabetica,3.0,retinopatia_diabetica_grave,0.0,1,unico
392,MESSIDOR-2,20051208_42546_0400_PP.png,retinopatia_diabetica,2.0,retinopatia_diabetica_moderada,0.0,1,unico
393,MESSIDOR-2,20051212_36525_0400_PP.png,retinopatia_diabetica,2.0,retinopatia_diabetica_moderada,0.0,1,unico
394,MESSIDOR-2,20051212_36548_0400_PP.png,retinopatia_diabetica,1.0,retinopatia_diabetica_leve,0.0,1,unico
395,MESSIDOR-2,20051212_36640_0400_PP.png,retinopatia_diabetica,2.0,retinopatia_diabetica_moderada,0.0,1,unico
396,MESSIDOR-2,20051212_37442_0400_PP.png,retinopatia_diabetica,2.0,retinopatia_diabetica_moderada,0.0,1,unico
397,MESSIDOR-2,20051212_38000_0400_PP.png,retinopatia_diabetica,2.0,retinopatia_diabetica_moderada,0.0,1,unico
398,MESSIDOR-2,20051212_38043_0400_PP.png,retinopatia_diabetica,2.0,retinopatia_diabetica_moderada,0.0,1,unico
399,MESSIDOR-2,20051212_38076_0400_PP.png,retinopatia_diabetica,1.0,retinopatia_diabetica_leve,0.0,1,unico
400,MESSIDOR-2,20051212_38106_0400_PP.png,retinopatia_diabetica,2.0,retinopatia_diabetica_moderada,0.0,1,unico
401,MESSIDOR-2,20051212_41144_0400_PP.png,retinopatia_diabetica,3.0,retinopatia_diabetica_grave,0.0,1,unico
402,MESSIDOR-2,20051212_41169_0400_PP.png,retinopatia_diabetica,3.0,retinopatia_diabetica_grave,0.0,1,unico
403,MESSIDOR-2,20051213_61406_0100_PP.png,retinopatia_diabetica,0.0,sem_retinopatia_diabetica,0.0,1,unico
404,MESSIDOR-2,20051213_61802_0100_PP.png,retinopatia_diabetica,0.0,sem_retinopatia_diabetica,0.0,1,unico
405,MESSIDOR-2,20051213_61892_0100_PP.png,retinopatia_diabetica,0.0,sem_retinopatia_diabetica,0.0,1,unico
406,MESSIDOR-2,20051213_61951_0100_PP.png,retinopatia_diabetica,0.0,sem_retinopatia_diabetica,0.0,1,unico
407,MESSIDOR-2,20051213_62046_0100_PP.png,retinopatia_diabetica,1.0,retinopatia_diabetica_leve,0.0,1,unico
408,MESSIDOR-2,20051213_62188_0100_PP.png,retinopatia_diabetica,1.0,retinopatia_diabetica_leve,0.0,1,unico
409,MESSIDOR-2,20051213_62251_0100_PP.png,retinopatia_diabetica,0.0,sem_retinopatia_diabetica,0.0,1,unico
410,MESSIDOR-2,20051213_62314_0100_PP.png,retinopatia_diabetica,0.0,sem_retinopatia_diabetica,0.0,1,unico
411,MESSIDOR-2,20051213_62383_0100_PP.png,retinopatia_diabetica,3.0,retinopatia_diabetica_grave,1.0,1,unico
412,MESSIDOR-2,20051213_62437_0100_PP.png,retinopatia_diabetica,2.0,retinopatia_diabetica_moderada,1.0,1,unico
413,MESSIDOR-2,20051213_62518_0100_PP.png,retinopatia_diabetica,0.0,sem_retinopatia_diabetica,0.0,1,unico
414,MESSIDOR-2,20051213_62572_0100_PP.png,retinopatia_diabetica,0.0,sem_retinopatia_diabetica,0.0,1,unico
415,MESSIDOR-2,20051213_62648_0100_PP.png,retinopatia_diabetica,4.0,retinopatia_diabetica_proliferativa,0.0,1,unico
416,MESSIDOR-2,20051213_62705_0100_PP.png,retinopatia_diabetica,4.0,retinopatia_diabetica_proliferativa,0.0,1,unico
417,MESSIDOR-2,20051214_40361_0100_PP.png,retinopatia_diabetica,1.0,retinopatia_diabetica_leve,0.0,1,unico
418,MESSIDOR-2,20051214_40456_0100_PP.png,retinopatia_diabetica,1.0,retinopatia_diabetica_leve,0.0,1,unico
419,MESSIDOR-2,20051214_40529_0100_PP.png,retinopatia_diabetica,0.0,sem_retinopatia_diabetica,0.0,1,unico
420,MESSIDOR-2,20051214_40596_0100_PP.png,retinopatia_diabetica,2.0,retinopatia_diabetica_moderada,0.0,1,unico
421,MESSIDOR-2,20051214_40719_0100_PP.png,retinopatia_diabetica,1.0,retinopatia_diabetica_leve,0.0,1,unico
422,MESSIDOR-2,20051214_40767_0100_PP.png,retinopatia_diabetica,0.0,sem_retinopatia_diabetica,0.0,1,unico
423,MESSIDOR-2,20051214_40849_0100_PP.png,retinopatia_diabetica,4.0,retinopatia_diabetica_proliferativa,0.0,1,unico
424,MESSIDOR-2,20051214_40912_0100_PP.png,retinopatia_diabetica,4.0,retinopatia_diabetica_proliferativa,0.0,1,unico
425,MESSIDOR-2,20051214_40994_0100_PP.png,retinopatia_diabetica,0.0,sem_retinopatia_diabetica,0.0,1,unico
426,MESSIDOR-2,20051214_41055_0100_PP.png,retinopatia_diabetica,0.0,sem_retinopatia_diabetica,0.0,1,unico
427,MESSIDOR-2,20051214_41289_0100_PP.png,retinopatia_diabetica,2.0,retinopatia_diabetica_moderada,0.0,1,unico
428,MESSIDOR-2,20051214_41358_0100_PP.png,retinopatia_diabetica,2.0,retinopatia_diabetica_moderada,0.0,1,unico
429,MESSIDOR-2,20051214_41429_0100_PP.png,retinopatia_diabetica,2.0,retinopatia_diabetica_moderada,0.0,1,unico
430,MESSIDOR-2,20051214_41490_0100_PP.png,retinopatia_diabetica,2.0,retinopatia_diabetica_moderada,0.0,1,unico
431,MESSIDOR-2,20051214_41582_0100_PP.png,retinopatia_diabetica,2.0,retinopatia_diabetica_moderada,1.0,1,unico
432,MESSIDOR-2,20051214_41949_0100_PP.png,retinopatia_diabetica,2.0,retinopatia_diabetica_moderada,0.0,1,unico
433,MESSIDOR-2,20051214_42133_0100_PP.png,retinopatia_diabetica,0.0,sem_retinopatia_diabetica,0.0,1,unico
434,MESSIDOR-2,20051214_42197_0100_PP.png,retinopatia_diabetica,0.0,sem_retinopatia_diabetica,0.0,1,unico
435,MESSIDOR-2,20051214_42323_0100_PP.png,retinopatia_diabetica,0.0,sem_retinopatia_diabetica,0.0,1,unico
436,MESSIDOR-2,20051214_42363_0100_PP.png,retinopatia_diabetica,0.0,sem_retinopatia_diabetica,0.0,1,unico
437,MESSIDOR-2,20051214_50895_0100_PP.png,retinopatia_diabetica,2.0,retinopatia_diabetica_moderada,0.0,1,unico
438,MESSIDOR-2,20051214_50933_0100_PP.png,retinopatia_diabetica,1.0,retinopatia_diabetica_leve,0.0,1,unico
439,MESSIDOR-2,20051214_51039_0100_PP.png,retinopatia_diabetica,2.0,retinopatia_diabetica_moderada,0.0,1,unico
440,MESSIDOR-2,20051214_51071_0100_PP.png,retinopatia_diabetica,2.0,retinopatia_diabetica_moderada,0.0,1,unico
441,MESSIDOR-2,20051214_51178_0100_PP.png,retinopatia_diabetica,0.0,sem_retinopatia_diabetica,0.0,1,unico
442,MESSIDOR-2,20051214_51211_0100_PP.png,retinopatia_diabetica,0.0,sem_retinopatia_diabetica,0.0,1,unico
443,MESSIDOR-2,20051214_51308_0100_PP.png,retinopatia_diabetica,0.0,sem_retinopatia_diabetica,0.0,1,unico
444,MESSIDOR-2,20051214_51342_0100_PP.png,retinopatia_diabetica,0.0,sem_retinopatia_diabetica,0.0,1,unico
445,MESSIDOR-2,20051214_51442_0100_PP.png,retinopatia_diabetica,0.0,sem_retinopatia_diabetica,0.0,1,unico
446,MESSIDOR-2,20051214_51469_0100_PP.png,retinopatia_diabetica,0.0,sem_retinopatia_diabetica,0.0,1,unico
447,MESSIDOR-2,20051214_51569_0100_PP.png,retinopatia_diabetica,3.0,retinopatia_diabetica_grave,1.0,1,unico
448,MESSIDOR-2,20051214_51609_0100_PP.png,retinopatia_diabetica,3.0,retinopatia_diabetica_grave,1.0,1,unico
449,MESSIDOR-2,20051214_51701_0100_PP.png,retinopatia_diabetica,3.0,retinopatia_diabetica_grave,1.0,1,unico
450,MESSIDOR-2,20051214_51733_0100_PP.png,retinopatia_diabetica,3.0,retinopatia_diabetica_grave,1.0,1,unico
451,MESSIDOR-2,20051214_51811_0100_PP.png,retinopatia_diabetica,2.0,retinopatia_diabetica_moderada,0.0,1,unico
452,MESSIDOR-2,20051214_51840_0100_PP.png,retinopatia_diabetica,2.0,retinopatia_diabetica_moderada,0.0,1,unico
453,MESSIDOR-2,20051214_51921_0100_PP.png,retinopatia_diabetica,2.0,retinopatia_diabetica_moderada,1.0,1,unico
454,MESSIDOR-2,20051214_51953_0100_PP.png,retinopatia_diabetica,3.0,retinopatia_diabetica_grave,1.0,1,unico
455,MESSIDOR-2,20051214_52204_0100_PP.png,retinopatia_diabetica,3.0,retinopatia_diabetica_grave,0.0,1,unico
456,MESSIDOR-2,20051214_52242_0100_PP.png,retinopatia_diabetica,3.0,retinopatia_diabetica_grave,0.0,1,unico
457,MESSIDOR-2,20051214_52695_0100_PP.png,retinopatia_diabetica,1.0,retinopatia_diabetica_leve,0.0,1,unico
458,MESSIDOR-2,20051214_52707_0100_PP.png,retinopatia_diabetica,2.0,retinopatia_diabetica_moderada,1.0,1,unico
459,MESSIDOR-2,20051214_56242_0100_PP.png,retinopatia_diabetica,0.0,sem_retinopatia_diabetica,0.0,1,unico
460,MESSIDOR-2,20051214_56269_0100_PP.png,retinopatia_diabetica,2.0,retinopatia_diabetica_moderada,0.0,1,unico
461,MESSIDOR-2,20051214_56392_0100_PP.png,retinopatia_diabetica,0.0,sem_retinopatia_diabetica,0.0,1,unico
462,MESSIDOR-2,20051214_56438_0100_PP.png,retinopatia_diabetica,0.0,sem_retinopatia_diabetica,0.0,1,unico
463,MESSIDOR-2,20051214_56534_0100_PP.png,retinopatia_diabetica,2.0,retinopatia_diabetica_moderada,0.0,1,unico
464,MESSIDOR-2,20051214_56565_0100_PP.png,retinopatia_diabetica,2.0,retinopatia_diabetica_moderada,0.0,1,unico
465,MESSIDOR-2,20051214_56636_0100_PP.png,retinopatia_diabetica,0.0,sem_retinopatia_diabetica,0.0,1,unico
466,MESSIDOR-2,20051214_56688_0100_PP.png,retinopatia_diabetica,0.0,sem_retinopatia_diabetica,0.0,1,unico
467,MESSIDOR-2,20051214_56778_0100_PP.png,retinopatia_diabetica,3.0,retinopatia_diabetica_grave,1.0,1,unico
468,MESSIDOR-2,20051214_56821_0100_PP.png,retinopatia_diabetica,4.0,retinopatia_diabetica_proliferativa,1.0,1,unico
469,MESSIDOR-2,20051214_56944_0100_PP.png,retinopatia_diabetica,4.0,retinopatia_diabetica_proliferativa,1.0,1,unico
470,MESSIDOR-2,20051214_56971_0100_PP.png,retinopatia_diabetica,4.0,retinopatia_diabetica_proliferativa,1.0,1,unico
471,MESSIDOR-2,20051214_57125_0100_PP.png,retinopatia_diabetica,3.0,retinopatia_diabetica_grave,1.0,1,unico
472,MESSIDOR-2,20051214_57154_0100_PP.png,retinopatia_diabetica,3.0,retinopatia_diabetica_grave,1.0,1,unico
473,MESSIDOR-2,20051214_57230_0100_PP.png,retinopatia_diabetica,2.0,retinopatia_diabetica_moderada,0.0,1,unico
474,MESSIDOR-2,20051214_57260_0100_PP.png,retinopatia_diabetica,2.0,retinopatia_diabetica_moderada,0.0,1,unico
475,MESSIDOR-2,20051214_57377_0100_PP.png,retinopatia_diabetica,2.0,retinopatia_diabetica_moderada,1.0,1,unico
476,MESSIDOR-2,20051214_57404_0100_PP.png,retinopatia_diabetica,2.0,retinopatia_diabetica_moderada,1.0,1,unico
477,MESSIDOR-2,20051214_57761_0100_PP.png,retinopatia_diabetica,0.0,sem_retinopatia_diabetica,0.0,1,unico
478,MESSIDOR-2,20051214_57817_0100_PP.png,retinopatia_diabetica,0.0,sem_retinopatia_diabetica,0.0,1,unico
479,MESSIDOR-2,20051216_43814_0200_PP.png,retinopatia_diabetica,1.0,retinopatia_diabetica_leve,0.0,1,unico
480,MESSIDOR-2,20051216_43913_0200_PP.png,retinopatia_diabetica,0.0,sem_retinopatia_diabetica,0.0,1,unico
481,MESSIDOR-2,20051216_44066_0200_PP.png,retinopatia_diabetica,0.0,sem_retinopatia_diabetica,0.0,1,unico
482,MESSIDOR-2,20051216_44092_0200_PP.png,retinopatia_diabetica,0.0,sem_retinopatia_diabetica,0.0,1,unico
483,MESSIDOR-2,20051216_44221_0200_PP.png,retinopatia_diabetica,0.0,sem_retinopatia_diabetica,0.0,1,unico
484,MESSIDOR-2,20051216_44252_0200_PP.png,retinopatia_diabetica,0.0,sem_retinopatia_diabetica,0.0,1,unico
485,MESSIDOR-2,20051216_44398_0200_PP.png,retinopatia_diabetica,0.0,sem_retinopatia_diabetica,0.0,1,unico
486,MESSIDOR-2,20051216_44420_0200_PP.png,retinopatia_diabetica,0.0,sem_retinopatia_diabetica,0.0,1,unico
487,MESSIDOR-2,20051216_44635_0200_PP.png,retinopatia_diabetica,0.0,sem_retinopatia_diabetica,0.0,1,unico
488,MESSIDOR-2,20051216_44660_0200_PP.png,retinopatia_diabetica,0.0,sem_retinopatia_diabetica,0.0,1,unico
489,MESSIDOR-2,20051216_44811_0200_PP.png,retinopatia_diabetica,0.0,sem_retinopatia_diabetica,0.0,1,unico
490,MESSIDOR-2,20051216_44832_0200_PP.png,retinopatia_diabetica,0.0,sem_retinopatia_diabetica,0.0,1,unico
491,MESSIDOR-2,20051216_44939_0200_PP.png,retinopatia_diabetica,2.0,retinopatia_diabetica_moderada,0.0,1,unico
492,MESSIDOR-2,20051216_44961_0200_PP.png,retinopatia_diabetica,2.0,retinopatia_diabetica_moderada,0.0,1,unico
493,MESSIDOR-2,20051216_45076_0200_PP.png,retinopatia_diabetica,0.0,sem_retinopatia_diabetica,0.0,1,unico
494,MESSIDOR-2,20051216_45100_0200_PP.png,retinopatia_diabetica,1.0,retinopatia_diabetica_leve,0.0,1,unico
495,MESSIDOR-2,20051216_45226_0200_PP.png,retinopatia_diabetica,3.0,retinopatia_diabetica_grave,1.0,1,unico
496,MESSIDOR-2,20051216_45245_0200_PP.png,retinopatia_diabetica,3.0,retinopatia_diabetica_grave,1.0,1,unico
497,MESSIDOR-2,20051216_45351_0200_PP.png,retinopatia_diabetica,2.0,retinopatia_diabetica_moderada,1.0,1,unico
498,MESSIDOR-2,20051216_45375_0200_PP.png,retinopatia_diabetica,1.0,retinopatia_diabetica_leve,0.0,1,unico
499,MESSIDOR-2,20051216_45478_0200_PP.png,retinopatia_diabetica,1.0,retinopatia_diabetica_leve,0.0,1,unico
500,MESSIDOR-2,20051216_45499_0200_PP.png,retinopatia_diabetica,0.0,sem_retinopatia_diabetica,0.0,1,unico
501,MESSIDOR-2,20051216_45595_0200_PP.png,retinopatia_diabetica,1.0,retinopatia_diabetica_leve,0.0,1,unico
502,MESSIDOR-2,20051216_45619_0200_PP.png,retinopatia_diabetica,1.0,retinopatia_diabetica_leve,0.0,1,unico
503,MESSIDOR-2,20051216_45757_0200_PP.png,retinopatia_diabetica,1.0,retinopatia_diabetica_leve,0.0,1,unico
504,MESSIDOR-2,20051216_45781_0200_PP.png,retinopatia_diabetica,0.0,sem_retinopatia_diabetica,0.0,1,unico
505,MESSIDOR-2,20051216_45873_0200_PP.png,retinopatia_diabetica,0.0,sem_retinopatia_diabetica,0.0,1,unico
506,MESSIDOR-2,20051216_45899_0200_PP.png,retinopatia_diabetica,1.0,retinopatia_diabetica_leve,0.0,1,unico
507,MESSIDOR-2,20051216_45992_0200_PP.png,retinopatia_diabetica,0.0,sem_retinopatia_diabetica,0.0,1,unico
508,MESSIDOR-2,20051216_46018_0200_PP.png,retinopatia_diabetica,0.0,sem_retinopatia_diabetica,0.0,1,unico
509,MESSIDOR-2,20051216_46156_0200_PP.png,retinopatia_diabetica,1.0,retinopatia_diabetica_leve,0.0,1,unico
510,MESSIDOR-2,20051216_46183_0200_PP.png,retinopatia_diabetica,0.0,sem_retinopatia_diabetica,0.0,1,unico
511,MESSIDOR-2,20051216_46624_0200_PP.png,retinopatia_diabetica,2.0,retinopatia_diabetica_moderada,0.0,1,unico
512,MESSIDOR-2,20051216_46660_0200_PP.png,retinopatia_diabetica,3.0,retinopatia_diabetica_grave,0.0,1,unico
513,MESSIDOR-2,20051216_46827_0200_PP.png,retinopatia_diabetica,3.0,retinopatia_diabetica_grave,1.0,1,unico
514,MESSIDOR-2,20051216_46847_0200_PP.png,retinopatia_diabetica,3.0,retinopatia_diabetica_grave,1.0,1,unico
515,MESSIDOR-2,20051216_47000_0200_PP.png,retinopatia_diabetica,3.0,retinopatia_diabetica_grave,1.0,1,unico
516,MESSIDOR-2,20051216_47024_0200_PP.png,retinopatia_diabetica,3.0,retinopatia_diabetica_grave,1.0,1,unico
517,MESSIDOR-2,20051216_47383_0200_PP.png,retinopatia_diabetica,2.0,retinopatia_diabetica_moderada,0.0,1,unico
518,MESSIDOR-2,20051216_47420_0200_PP.png,retinopatia_diabetica,1.0,retinopatia_diabetica_leve,0.0,1,unico
519,MESSIDOR-2,20051216_47514_0200_PP.png,retinopatia_diabetica,0.0,sem_retinopatia_diabetica,0.0,1,unico
520,MESSIDOR-2,20051216_47536_0200_PP.png,retinopatia_diabetica,0.0,sem_retinopatia_diabetica,0.0,1,unico
521,MESSIDOR-2,20051216_47668_0200_PP.png,retinopatia_diabetica,2.0,retinopatia_diabetica_moderada,1.0,1,unico
522,MESSIDOR-2,20051216_47703_0200_PP.png,retinopatia_diabetica,2.0,retinopatia_diabetica_moderada,1.0,1,unico
523,MESSIDOR-2,20060407_38711_0200_PP.png,retinopatia_diabetica,0.0,sem_retinopatia_diabetica,0.0,1,unico
524,MESSIDOR-2,20060407_38970_0200_PP.png,retinopatia_diabetica,0.0,sem_retinopatia_diabetica,0.0,1,unico
525,MESSIDOR-2,20060407_39155_0200_PP.png,retinopatia_diabetica,0.0,sem_retinopatia_diabetica,0.0,1,unico
526,MESSIDOR-2,20060407_39184_0200_PP.png,retinopatia_diabetica,0.0,sem_retinopatia_diabetica,0.0,1,unico
527,MESSIDOR-2,20060407_39306_0200_PP.png,retinopatia_diabetica,0.0,sem_retinopatia_diabetica,0.0,1,unico
528,MESSIDOR-2,20060407_39328_0200_PP.png,retinopatia_diabetica,0.0,sem_retinopatia_diabetica,0.0,1,unico
529,MESSIDOR-2,20060407_39402_0200_PP.png,retinopatia_diabetica,1.0,retinopatia_diabetica_leve,0.0,1,unico
530,MESSIDOR-2,20060407_39435_0200_PP.png,retinopatia_diabetica,0.0,sem_retinopatia_diabetica,0.0,1,unico
531,MESSIDOR-2,20060407_39546_0200_PP.png,retinopatia_diabetica,0.0,sem_retinopatia_diabetica,0.0,1,unico
532,MESSIDOR-2,20060407_39567_0200_PP.png,retinopatia_diabetica,0.0,sem_retinopatia_diabetica,0.0,1,unico
533,MESSIDOR-2,20060407_39667_0200_PP.png,retinopatia_diabetica,1.0,retinopatia_diabetica_leve,0.0,1,unico
534,MESSIDOR-2,20060407_39687_0200_PP.png,retinopatia_diabetica,0.0,sem_retinopatia_diabetica,0.0,1,unico
535,MESSIDOR-2,20060407_39761_0200_PP.png,retinopatia_diabetica,0.0,sem_retinopatia_diabetica,0.0,1,unico
536,MESSIDOR-2,20060407_39780_0200_PP.png,retinopatia_diabetica,0.0,sem_retinopatia_diabetica,0.0,1,unico
537,MESSIDOR-2,20060407_40582_0200_PP.png,retinopatia_diabetica,2.0,retinopatia_diabetica_moderada,0.0,1,unico
538,MESSIDOR-2,20060407_40624_0200_PP.png,retinopatia_diabetica,2.0,retinopatia_diabetica_moderada,0.0,1,unico
539,MESSIDOR-2,20060407_40740_0200_PP.png,retinopatia_diabetica,0.0,sem_retinopatia_diabetica,0.0,1,unico
540,MESSIDOR-2,20060407_40761_0200_PP.png,retinopatia_diabetica,0.0,sem_retinopatia_diabetica,0.0,1,unico
541,MESSIDOR-2,20060407_40937_0200_PP.png,retinopatia_diabetica,1.0,retinopatia_diabetica_leve,0.0,1,unico
542,MESSIDOR-2,20060407_40957_0200_PP.png,retinopatia_diabetica,1.0,retinopatia_diabetica_leve,0.0,1,unico
543,MESSIDOR-2,20060407_41149_0200_PP.png,retinopatia_diabetica,0.0,sem_retinopatia_diabetica,0.0,1,unico
544,MESSIDOR-2,20060407_41177_0200_PP.png,retinopatia_diabetica,0.0,sem_retinopatia_diabetica,0.0,1,unico
545,MESSIDOR-2,20060407_41312_0200_PP.png,retinopatia_diabetica,0.0,sem_retinopatia_diabetica,0.0,1,unico
546,MESSIDOR-2,20060407_41330_0200_PP.png,retinopatia_diabetica,1.0,retinopatia_diabetica_leve,0.0,1,unico
547,MESSIDOR-2,20060407_41809_0200_PP.png,retinopatia_diabetica,2.0,retinopatia_diabetica_moderada,0.0,1,unico
548,MESSIDOR-2,20060407_41831_0200_PP.png,retinopatia_diabetica,2.0,retinopatia_diabetica_moderada,0.0,1,unico
549,MESSIDOR-2,20060407_41937_0200_PP.png,retinopatia_diabetica,2.0,retinopatia_diabetica_moderada,0.0,1,unico
550,MESSIDOR-2,20060407_41980_0200_PP.png,retinopatia_diabetica,0.0,sem_retinopatia_diabetica,0.0,1,unico
551,MESSIDOR-2,20060407_42099_0200_PP.png,retinopatia_diabetica,0.0,sem_retinopatia_diabetica,0.0,1,unico
552,MESSIDOR-2,20060407_42133_0200_PP.png,retinopatia_diabetica,0.0,sem_retinopatia_diabetica,0.0,1,unico
553,MESSIDOR-2,20060407_42290_0200_PP.png,retinopatia_diabetica,0.0,sem_retinopatia_diabetica,0.0,1,unico
554,MESSIDOR-2,20060407_42308_0200_PP.png,retinopatia_diabetica,0.0,sem_retinopatia_diabetica,0.0,1,unico
555,MESSIDOR-2,20060407_43223_0200_PP.png,retinopatia_diabetica,0.0,sem_retinopatia_diabetica,0.0,1,unico
556,MESSIDOR-2,20060407_43258_0200_PP.png,retinopatia_diabetica,0.0,sem_retinopatia_diabetica,0.0,1,unico
557,MESSIDOR-2,20060407_43436_0200_PP.png,retinopatia_diabetica,2.0,retinopatia_diabetica_moderada,0.0,1,unico
558,MESSIDOR-2,20060407_43460_0200_PP.png,retinopatia_diabetica,2.0,retinopatia_diabetica_moderada,0.0,1,unico
559,MESSIDOR-2,20060407_43594_0200_PP.png,retinopatia_diabetica,0.0,sem_retinopatia_diabetica,0.0,1,unico
560,MESSIDOR-2,20060407_43618_0200_PP.png,retinopatia_diabetica,0.0,sem_retinopatia_diabetica,0.0,1,unico
561,MESSIDOR-2,20060407_43726_0200_PP.png,retinopatia_diabetica,0.0,sem_retinopatia_diabetica,0.0,1,unico
562,MESSIDOR-2,20060407_43746_0200_PP.png,retinopatia_diabetica,0.0,sem_retinopatia_diabetica,0.0,1,unico
563,MESSIDOR-2,20060407_43834_0200_PP.png,retinopatia_diabetica,0.0,sem_retinopatia_diabetica,0.0,1,unico
564,MESSIDOR-2,20060407_43856_0200_PP.png,retinopatia_diabetica,0.0,sem_retinopatia_diabetica,0.0,1,unico
565,MESSIDOR-2,20060407_44042_0200_PP.png,retinopatia_diabetica,0.0,sem_retinopatia_diabetica,0.0,1,unico
566,MESSIDOR-2,20060407_44061_0200_PP.png,retinopatia_diabetica,0.0,sem_retinopatia_diabetica,0.0,1,unico
567,MESSIDOR-2,20060407_44173_0200_PP.png,retinopatia_diabetica,1.0,retinopatia_diabetica_leve,0.0,1,unico
568,MESSIDOR-2,20060407_44192_0200_PP.png,retinopatia_diabetica,1.0,retinopatia_diabetica_leve,0.0,1,unico
569,MESSIDOR-2,20060407_44285_0200_PP.png,retinopatia_diabetica,2.0,retinopatia_diabetica_moderada,0.0,1,unico
570,MESSIDOR-2,20060407_44304_0200_PP.png,retinopatia_diabetica,2.0,retinopatia_diabetica_moderada,1.0,1,unico
571,MESSIDOR-2,20060407_44400_0200_PP.png,retinopatia_diabetica,0.0,sem_retinopatia_diabetica,0.0,1,unico
572,MESSIDOR-2,20060407_44422_0200_PP.png,retinopatia_diabetica,0.0,sem_retinopatia_diabetica,0.0,1,unico
573,MESSIDOR-2,20060407_44510_0200_PP.png,retinopatia_diabetica,0.0,sem_retinopatia_diabetica,0.0,1,unico
574,MESSIDOR-2,20060407_44529_0200_PP.png,retinopatia_diabetica,0.0,sem_retinopatia_diabetica,0.0,1,unico
575,MESSIDOR-2,20060407_44617_0200_PP.png,retinopatia_diabetica,2.0,retinopatia_diabetica_moderada,1.0,1,unico
576,MESSIDOR-2,20060407_44636_0200_PP.png,retinopatia_diabetica,2.0,retinopatia_diabetica_moderada,1.0,1,unico
577,MESSIDOR-2,20060407_44743_0200_PP.png,retinopatia_diabetica,0.0,sem_retinopatia_diabetica,0.0,1,unico
578,MESSIDOR-2,20060407_44766_0200_PP.png,retinopatia_diabetica,0.0,sem_retinopatia_diabetica,0.0,1,unico
579,MESSIDOR-2,20060407_44866_0200_PP.png,retinopatia_diabetica,0.0,sem_retinopatia_diabetica,0.0,1,unico
580,MESSIDOR-2,20060407_44889_0200_PP.png,retinopatia_diabetica,0.0,sem_retinopatia_diabetica,0.0,1,unico
581,MESSIDOR-2,20060407_45087_0200_PP.png,retinopatia_diabetica,1.0,retinopatia_diabetica_leve,0.0,1,unico
582,MESSIDOR-2,20060407_45107_0200_PP.png,retinopatia_diabetica,0.0,sem_retinopatia_diabetica,0.0,1,unico
583,MESSIDOR-2,20060407_45230_0200_PP.png,retinopatia_diabetica,0.0,sem_retinopatia_diabetica,0.0,1,unico
584,MESSIDOR-2,20060407_45247_0200_PP.png,retinopatia_diabetica,0.0,sem_retinopatia_diabetica,0.0,1,unico
585,MESSIDOR-2,20060407_45362_0200_PP.png,retinopatia_diabetica,1.0,retinopatia_diabetica_leve,0.0,1,unico
586,MESSIDOR-2,20060407_45379_0200_PP.png,retinopatia_diabetica,1.0,retinopatia_diabetica_leve,0.0,1,unico
587,MESSIDOR-2,20060407_45477_0200_PP.png,retinopatia_diabetica,2.0,retinopatia_diabetica_moderada,0.0,1,unico
588,MESSIDOR-2,20060407_45494_0200_PP.png,retinopatia_diabetica,2.0,retinopatia_diabetica_moderada,0.0,1,unico
589,MESSIDOR-2,20060407_45592_0200_PP.png,retinopatia_diabetica,1.0,retinopatia_diabetica_leve,0.0,1,unico
590,MESSIDOR-2,20060407_45611_0200_PP.png,retinopatia_diabetica,2.0,retinopatia_diabetica_moderada,0.0,1,unico
591,MESSIDOR-2,20060407_45718_0200_PP.png,retinopatia_diabetica,0.0,sem_retinopatia_diabetica,0.0,1,unico
592,MESSIDOR-2,20060407_45737_0200_PP.png,retinopatia_diabetica,0.0,sem_retinopatia_diabetica,0.0,1,unico
593,MESSIDOR-2,20060407_45834_0200_PP.png,retinopatia_diabetica,0.0,sem_retinopatia_diabetica,0.0,1,unico
594,MESSIDOR-2,20060407_45852_0200_PP.png,retinopatia_diabetica,0.0,sem_retinopatia_diabetica,0.0,1,unico
595,MESSIDOR-2,20060407_45932_0200_PP.png,retinopatia_diabetica,1.0,retinopatia_diabetica_leve,0.0,1,unico
596,MESSIDOR-2,20060407_45949_0200_PP.png,retinopatia_diabetica,0.0,sem_retinopatia_diabetica,0.0,1,unico
597,MESSIDOR-2,20060407_46050_0200_PP.png,retinopatia_diabetica,1.0,retinopatia_diabetica_leve,0.0,1,unico
598,MESSIDOR-2,20060407_46070_0200_PP.png,retinopatia_diabetica,0.0,sem_retinopatia_diabetica,0.0,1,unico
599,MESSIDOR-2,20060407_46235_0200_PP.png,retinopatia_diabetica,0.0,sem_retinopatia_diabetica,0.0,1,unico
600,MESSIDOR-2,20060407_46257_0200_PP.png,retinopatia_diabetica,0.0,sem_retinopatia_diabetica,0.0,1,unico
601,MESSIDOR-2,20060407_46394_0200_PP.png,retinopatia_diabetica,2.0,retinopatia_diabetica_moderada,0.0,1,unico
602,MESSIDOR-2,20060407_46422_0200_PP.png,retinopatia_diabetica,2.0,retinopatia_diabetica_moderada,0.0,1,unico
603,MESSIDOR-2,20060410_39047_0200_PP.png,retinopatia_diabetica,0.0,sem_retinopatia_diabetica,0.0,1,unico
604,MESSIDOR-2,20060410_39075_0200_PP.png,retinopatia_diabetica,0.0,sem_retinopatia_diabetica,0.0,1,unico
605,MESSIDOR-2,20060410_39203_0200_PP.png,retinopatia_diabetica,1.0,retinopatia_diabetica_leve,0.0,1,unico
606,MESSIDOR-2,20060410_39229_0200_PP.png,retinopatia_diabetica,0.0,sem_retinopatia_diabetica,0.0,1,unico
607,MESSIDOR-2,20060410_39334_0200_PP.png,retinopatia_diabetica,1.0,retinopatia_diabetica_leve,0.0,1,unico
608,MESSIDOR-2,20060410_39355_0200_PP.png,retinopatia_diabetica,1.0,retinopatia_diabetica_leve,0.0,1,unico
609,MESSIDOR-2,20060410_39476_0200_PP.png,retinopatia_diabetica,0.0,sem_retinopatia_diabetica,0.0,1,unico
610,MESSIDOR-2,20060410_39500_0200_PP.png,retinopatia_diabetica,0.0,sem_retinopatia_diabetica,0.0,1,unico
611,MESSIDOR-2,20060410_39586_0200_PP.png,retinopatia_diabetica,0.0,sem_retinopatia_diabetica,0.0,1,unico
612,MESSIDOR-2,20060410_39606_0200_PP.png,retinopatia_diabetica,0.0,sem_retinopatia_diabetica,0.0,1,unico
613,MESSIDOR-2,20060410_39695_0200_PP.png,retinopatia_diabetica,0.0,sem_retinopatia_diabetica,0.0,1,unico
614,MESSIDOR-2,20060410_39726_0200_PP.png,retinopatia_diabetica,1.0,retinopatia_diabetica_leve,0.0,1,unico
615,MESSIDOR-2,20060410_39859_0200_PP.png,retinopatia_diabetica,0.0,sem_retinopatia_diabetica,0.0,1,unico
616,MESSIDOR-2,20060410_39879_0200_PP.png,retinopatia_diabetica,0.0,sem_retinopatia_diabetica,0.0,1,unico
617,MESSIDOR-2,20060410_39976_0200_PP.png,retinopatia_diabetica,1.0,retinopatia_diabetica_leve,0.0,1,unico
618,MESSIDOR-2,20060410_39994_0200_PP.png,retinopatia_diabetica,0.0,sem_retinopatia_diabetica,0.0,1,unico
619,MESSIDOR-2,20060410_40146_0200_PP.png,retinopatia_diabetica,2.0,retinopatia_diabetica_moderada,0.0,1,unico
620,MESSIDOR-2,20060410_40165_0200_PP.png,retinopatia_diabetica,2.0,retinopatia_diabetica_moderada,1.0,1,unico
621,MESSIDOR-2,20060410_40254_0200_PP.png,retinopatia_diabetica,1.0,retinopatia_diabetica_leve,0.0,1,unico
622,MESSIDOR-2,20060410_40274_0200_PP.png,retinopatia_diabetica,2.0,retinopatia_diabetica_moderada,0.0,1,unico
623,MESSIDOR-2,20060410_40381_0200_PP.png,retinopatia_diabetica,1.0,retinopatia_diabetica_leve,0.0,1,unico
624,MESSIDOR-2,20060410_40403_0200_PP.png,retinopatia_diabetica,0.0,sem_retinopatia_diabetica,0.0,1,unico
625,MESSIDOR-2,20060410_40481_0200_PP.png,retinopatia_diabetica,1.0,retinopatia_diabetica_leve,0.0,1,unico
626,MESSIDOR-2,20060410_40499_0200_PP.png,retinopatia_diabetica,0.0,sem_retinopatia_diabetica,0.0,1,unico
627,MESSIDOR-2,20060410_40605_0200_PP.png,retinopatia_diabetica,1.0,retinopatia_diabetica_leve,0.0,1,unico
628,MESSIDOR-2,20060410_40633_0200_PP.png,retinopatia_diabetica,0.0,sem_retinopatia_diabetica,0.0,1,unico
629,MESSIDOR-2,20060410_40830_0200_PP.png,retinopatia_diabetica,1.0,retinopatia_diabetica_leve,0.0,1,unico
630,MESSIDOR-2,20060410_40846_0200_PP.png,retinopatia_diabetica,0.0,sem_retinopatia_diabetica,0.0,1,unico
631,MESSIDOR-2,20060410_40953_0200_PP.png,retinopatia_diabetica,0.0,sem_retinopatia_diabetica,0.0,1,unico
632,MESSIDOR-2,20060410_40979_0200_PP.png,retinopatia_diabetica,0.0,sem_retinopatia_diabetica,0.0,1,unico
633,MESSIDOR-2,20060410_41077_0200_PP.png,retinopatia_diabetica,1.0,retinopatia_diabetica_leve,0.0,1,unico
634,MESSIDOR-2,20060410_41098_0200_PP.png,retinopatia_diabetica,0.0,sem_retinopatia_diabetica,0.0,1,unico
635,MESSIDOR-2,20060410_41191_0200_PP.png,retinopatia_diabetica,0.0,sem_retinopatia_diabetica,0.0,1,unico
636,MESSIDOR-2,20060410_41209_0200_PP.png,retinopatia_diabetica,0.0,sem_retinopatia_diabetica,0.0,1,unico
637,MESSIDOR-2,20060410_41330_0200_PP.png,retinopatia_diabetica,1.0,retinopatia_diabetica_leve,0.0,1,unico
638,MESSIDOR-2,20060410_41356_0200_PP.png,retinopatia_diabetica,1.0,retinopatia_diabetica_leve,0.0,1,unico
639,MESSIDOR-2,20060410_41603_0200_PP.png,retinopatia_diabetica,0.0,sem_retinopatia_diabetica,0.0,1,unico
640,MESSIDOR-2,20060410_41626_0200_PP.png,retinopatia_diabetica,1.0,retinopatia_diabetica_leve,0.0,1,unico
641,MESSIDOR-2,20060410_41747_0200_PP.png,retinopatia_diabetica,1.0,retinopatia_diabetica_leve,1.0,1,unico
642,MESSIDOR-2,20060410_41767_0200_PP.png,retinopatia_diabetica,2.0,retinopatia_diabetica_moderada,0.0,1,unico
643,MESSIDOR-2,20060410_41880_0200_PP.png,retinopatia_diabetica,0.0,sem_retinopatia_diabetica,0.0,1,unico
644,MESSIDOR-2,20060410_41901_0200_PP.png,retinopatia_diabetica,0.0,sem_retinopatia_diabetica,0.0,1,unico
645,MESSIDOR-2,20060410_43675_0200_PP.png,retinopatia_diabetica,1.0,retinopatia_diabetica_leve,1.0,1,unico
646,MESSIDOR-2,20060410_43698_0200_PP.png,retinopatia_diabetica,3.0,retinopatia_diabetica_grave,0.0,1,unico
647,MESSIDOR-2,20060410_43847_0200_PP.png,retinopatia_diabetica,0.0,sem_retinopatia_diabetica,0.0,1,unico
648,MESSIDOR-2,20060410_43868_0200_PP.png,retinopatia_diabetica,0.0,sem_retinopatia_diabetica,0.0,1,unico
649,MESSIDOR-2,20060410_43959_0200_PP.png,retinopatia_diabetica,1.0,retinopatia_diabetica_leve,0.0,1,unico
650,MESSIDOR-2,20060410_43979_0200_PP.png,retinopatia_diabetica,0.0,sem_retinopatia_diabetica,0.0,1,unico
651,MESSIDOR-2,20060410_44106_0200_PP.png,retinopatia_diabetica,2.0,retinopatia_diabetica_moderada,0.0,1,unico
652,MESSIDOR-2,20060410_44124_0200_PP.png,retinopatia_diabetica,2.0,retinopatia_diabetica_moderada,0.0,1,unico
653,MESSIDOR-2,20060410_44224_0200_PP.png,retinopatia_diabetica,2.0,retinopatia_diabetica_moderada,0.0,1,unico
654,MESSIDOR-2,20060410_44248_0200_PP.png,retinopatia_diabetica,2.0,retinopatia_diabetica_moderada,1.0,1,unico
655,MESSIDOR-2,20060410_44345_0200_PP.png,retinopatia_diabetica,0.0,sem_retinopatia_diabetica,0.0,1,unico
656,MESSIDOR-2,20060410_44364_0200_PP.png,retinopatia_diabetica,0.0,sem_retinopatia_diabetica,0.0,1,unico
657,MESSIDOR-2,20060410_44464_0200_PP.png,retinopatia_diabetica,0.0,sem_retinopatia_diabetica,0.0,1,unico
658,MESSIDOR-2,20060410_44504_0200_PP.png,retinopatia_diabetica,0.0,sem_retinopatia_diabetica,0.0,1,unico
659,MESSIDOR-2,20060410_44601_0200_PP.png,retinopatia_diabetica,0.0,sem_retinopatia_diabetica,0.0,1,unico
660,MESSIDOR-2,20060410_44623_0200_PP.png,retinopatia_diabetica,1.0,retinopatia_diabetica_leve,0.0,1,unico
661,MESSIDOR-2,20060410_44770_0200_PP.png,retinopatia_diabetica,0.0,sem_retinopatia_diabetica,0.0,1,unico
662,MESSIDOR-2,20060410_44802_0200_PP.png,retinopatia_diabetica,0.0,sem_retinopatia_diabetica,0.0,1,unico
663,MESSIDOR-2,20060410_44934_0200_PP.png,retinopatia_diabetica,0.0,sem_retinopatia_diabetica,0.0,1,unico
664,MESSIDOR-2,20060410_44953_0200_PP.png,retinopatia_diabetica,1.0,retinopatia_diabetica_leve,0.0,1,unico
665,MESSIDOR-2,20060410_45167_0200_PP.png,retinopatia_diabetica,0.0,sem_retinopatia_diabetica,0.0,1,unico
666,MESSIDOR-2,20060410_45188_0200_PP.png,retinopatia_diabetica,0.0,sem_retinopatia_diabetica,0.0,1,unico
667,MESSIDOR-2,20060410_46874_0200_PP.png,retinopatia_diabetica,1.0,retinopatia_diabetica_leve,0.0,1,unico
668,MESSIDOR-2,20060410_46893_0200_PP.png,retinopatia_diabetica,1.0,retinopatia_diabetica_leve,0.0,1,unico
669,MESSIDOR-2,20060410_47016_0200_PP.png,retinopatia_diabetica,1.0,retinopatia_diabetica_leve,0.0,1,unico
670,MESSIDOR-2,20060410_47042_0200_PP.png,retinopatia_diabetica,2.0,retinopatia_diabetica_moderada,0.0,1,unico
671,MESSIDOR-2,20060410_47166_0200_PP.png,retinopatia_diabetica,1.0,retinopatia_diabetica_leve,0.0,1,unico
672,MESSIDOR-2,20060410_47186_0200_PP.png,retinopatia_diabetica,0.0,sem_retinopatia_diabetica,0.0,1,unico
673,MESSIDOR-2,20060410_47331_0200_PP.png,retinopatia_diabetica,1.0,retinopatia_diabetica_leve,0.0,1,unico
674,MESSIDOR-2,20060410_47351_0200_PP.png,retinopatia_diabetica,2.0,retinopatia_diabetica_moderada,0.0,1,unico
675,MESSIDOR-2,20060411_51958_0200_PP.png,retinopatia_diabetica,2.0,retinopatia_diabetica_moderada,0.0,1,unico
676,MESSIDOR-2,20060411_51985_0200_PP.png,retinopatia_diabetica,2.0,retinopatia_diabetica_moderada,0.0,1,unico
677,MESSIDOR-2,20060411_57853_0200_PP.png,retinopatia_diabetica,2.0,retinopatia_diabetica_moderada,1.0,1,unico
678,MESSIDOR-2,20060411_57879_0200_PP.png,retinopatia_diabetica,3.0,retinopatia_diabetica_grave,1.0,1,unico
679,MESSIDOR-2,20060411_57962_0200_PP.png,retinopatia_diabetica,1.0,retinopatia_diabetica_leve,0.0,1,unico
680,MESSIDOR-2,20060411_57986_0200_PP.png,retinopatia_diabetica,1.0,retinopatia_diabetica_leve,0.0,1,unico
681,MESSIDOR-2,20060411_58051_0200_PP.png,retinopatia_diabetica,1.0,retinopatia_diabetica_leve,0.0,1,unico
682,MESSIDOR-2,20060411_58071_0200_PP.png,retinopatia_diabetica,0.0,sem_retinopatia_diabetica,0.0,1,unico
683,MESSIDOR-2,20060411_58134_0200_PP.png,retinopatia_diabetica,2.0,retinopatia_diabetica_moderada,0.0,1,unico
684,MESSIDOR-2,20060411_58155_0200_PP.png,retinopatia_diabetica,1.0,retinopatia_diabetica_leve,0.0,1,unico
685,MESSIDOR-2,20060411_58221_0200_PP.png,retinopatia_diabetica,2.0,retinopatia_diabetica_moderada,0.0,1,unico
686,MESSIDOR-2,20060411_58238_0200_PP.png,retinopatia_diabetica,2.0,retinopatia_diabetica_moderada,0.0,1,unico
687,MESSIDOR-2,20060411_58303_0200_PP.png,retinopatia_diabetica,2.0,retinopatia_diabetica_moderada,0.0,1,unico
688,MESSIDOR-2,20060411_58328_0200_PP.png,retinopatia_diabetica,2.0,retinopatia_diabetica_moderada,0.0,1,unico
689,MESSIDOR-2,20060411_58392_0200_PP.png,retinopatia_diabetica,0.0,sem_retinopatia_diabetica,0.0,1,unico
690,MESSIDOR-2,20060411_58413_0200_PP.png,retinopatia_diabetica,0.0,sem_retinopatia_diabetica,0.0,1,unico
691,MESSIDOR-2,20060411_58469_0200_PP.png,retinopatia_diabetica,0.0,sem_retinopatia_diabetica,0.0,1,unico
692,MESSIDOR-2,20060411_58494_0200_PP.png,retinopatia_diabetica,0.0,sem_retinopatia_diabetica,0.0,1,unico
693,MESSIDOR-2,20060411_58550_0200_PP.png,retinopatia_diabetica,,nao_avaliavel,,0,unico
694,MESSIDOR-2,20060411_58571_0200_PP.png,retinopatia_diabetica,0.0,sem_retinopatia_diabetica,0.0,1,unico
695,MESSIDOR-2,20060411_58624_0200_PP.png,retinopatia_diabetica,2.0,retinopatia_diabetica_moderada,0.0,1,unico
696,MESSIDOR-2,20060411_58644_0200_PP.png,retinopatia_diabetica,0.0,sem_retinopatia_diabetica,0.0,1,unico
697,MESSIDOR-2,20060411_58718_0200_PP.png,retinopatia_diabetica,1.0,retinopatia_diabetica_leve,0.0,1,unico
698,MESSIDOR-2,20060411_58736_0200_PP.png,retinopatia_diabetica,1.0,retinopatia_diabetica_leve,0.0,1,unico
699,MESSIDOR-2,20060411_58808_0200_PP.png,retinopatia_diabetica,0.0,sem_retinopatia_diabetica,0.0,1,unico
700,MESSIDOR-2,20060411_58829_0200_PP.png,retinopatia_diabetica,0.0,sem_retinopatia_diabetica,0.0,1,unico
701,MESSIDOR-2,20060411_58891_0200_PP.png,retinopatia_diabetica,0.0,sem_retinopatia_diabetica,0.0,1,unico
702,MESSIDOR-2,20060411_58913_0200_PP.png,retinopatia_diabetica,0.0,sem_retinopatia_diabetica,0.0,1,unico
703,MESSIDOR-2,20060411_58971_0200_PP.png,retinopatia_diabetica,1.0,retinopatia_diabetica_leve,0.0,1,unico
704,MESSIDOR-2,20060411_58993_0200_PP.png,retinopatia_diabetica,1.0,retinopatia_diabetica_leve,0.0,1,unico
705,MESSIDOR-2,20060411_59062_0200_PP.png,retinopatia_diabetica,2.0,retinopatia_diabetica_moderada,0.0,1,unico
706,MESSIDOR-2,20060411_59087_0200_PP.png,retinopatia_diabetica,2.0,retinopatia_diabetica_moderada,0.0,1,unico
707,MESSIDOR-2,20060411_59176_0200_PP.png,retinopatia_diabetica,2.0,retinopatia_diabetica_moderada,1.0,1,unico
708,MESSIDOR-2,20060411_59190_0200_PP.png,retinopatia_diabetica,2.0,retinopatia_diabetica_moderada,1.0,1,unico
709,MESSIDOR-2,20060411_59549_0200_PP.png,retinopatia_diabetica,2.0,retinopatia_diabetica_moderada,0.0,1,unico
710,MESSIDOR-2,20060411_59587_0200_PP.png,retinopatia_diabetica,1.0,retinopatia_diabetica_leve,0.0,1,unico
711,MESSIDOR-2,20060411_59638_0200_PP.png,retinopatia_diabetica,2.0,retinopatia_diabetica_moderada,0.0,1,unico
712,MESSIDOR-2,20060411_59657_0200_PP.png,retinopatia_diabetica,1.0,retinopatia_diabetica_leve,0.0,1,unico
713,MESSIDOR-2,20060411_59728_0200_PP.png,retinopatia_diabetica,2.0,retinopatia_diabetica_moderada,1.0,1,unico
714,MESSIDOR-2,20060411_59747_0200_PP.png,retinopatia_diabetica,2.0,retinopatia_diabetica_moderada,0.0,1,unico
715,MESSIDOR-2,20060411_59812_0200_PP.png,retinopatia_diabetica,2.0,retinopatia_diabetica_moderada,1.0,1,unico
716,MESSIDOR-2,20060411_59859_0200_PP.png,retinopatia_diabetica,2.0,retinopatia_diabetica_moderada,0.0,1,unico
717,MESSIDOR-2,20060411_59919_0200_PP.png,retinopatia_diabetica,2.0,retinopatia_diabetica_moderada,0.0,1,unico
718,MESSIDOR-2,20060411_59941_0200_PP.png,retinopatia_diabetica,1.0,retinopatia_diabetica_leve,0.0,1,unico
719,MESSIDOR-2,20060411_60009_0200_PP.png,retinopatia_diabetica,2.0,retinopatia_diabetica_moderada,0.0,1,unico
720,MESSIDOR-2,20060411_60028_0200_PP.png,retinopatia_diabetica,1.0,retinopatia_diabetica_leve,0.0,1,unico
721,MESSIDOR-2,20060411_60263_0200_PP.png,retinopatia_diabetica,2.0,retinopatia_diabetica_moderada,1.0,1,unico
722,MESSIDOR-2,20060411_60283_0200_PP.png,retinopatia_diabetica,2.0,retinopatia_diabetica_moderada,0.0,1,unico
723,MESSIDOR-2,20060411_60347_0200_PP.png,retinopatia_diabetica,1.0,retinopatia_diabetica_leve,0.0,1,unico
724,MESSIDOR-2,20060411_60368_0200_PP.png,retinopatia_diabetica,1.0,retinopatia_diabetica_leve,0.0,1,unico
725,MESSIDOR-2,20060411_60426_0200_PP.png,retinopatia_diabetica,2.0,retinopatia_diabetica_moderada,0.0,1,unico
726,MESSIDOR-2,20060411_60446_0200_PP.png,retinopatia_diabetica,1.0,retinopatia_diabetica_leve,0.0,1,unico
727,MESSIDOR-2,20060411_60511_0200_PP.png,retinopatia_diabetica,0.0,sem_retinopatia_diabetica,0.0,1,unico
728,MESSIDOR-2,20060411_60533_0200_PP.png,retinopatia_diabetica,1.0,retinopatia_diabetica_leve,0.0,1,unico
729,MESSIDOR-2,20060411_61029_0200_PP.png,retinopatia_diabetica,1.0,retinopatia_diabetica_leve,0.0,1,unico
730,MESSIDOR-2,20060411_61060_0200_PP.png,retinopatia_diabetica,1.0,retinopatia_diabetica_leve,0.0,1,unico
731,MESSIDOR-2,20060411_61196_0200_PP.png,retinopatia_diabetica,2.0,retinopatia_diabetica_moderada,1.0,1,unico
732,MESSIDOR-2,20060411_61214_0200_PP.png,retinopatia_diabetica,2.0,retinopatia_diabetica_moderada,1.0,1,unico
733,MESSIDOR-2,20060411_61402_0200_PP.png,retinopatia_diabetica,2.0,retinopatia_diabetica_moderada,0.0,1,unico
734,MESSIDOR-2,20060411_61419_0200_PP.png,retinopatia_diabetica,2.0,retinopatia_diabetica_moderada,0.0,1,unico
735,MESSIDOR-2,20060411_61478_0200_PP.png,retinopatia_diabetica,3.0,retinopatia_diabetica_grave,0.0,1,unico
736,MESSIDOR-2,20060411_61494_0200_PP.png,retinopatia_diabetica,2.0,retinopatia_diabetica_moderada,0.0,1,unico
737,MESSIDOR-2,20060411_61548_0200_PP.png,retinopatia_diabetica,1.0,retinopatia_diabetica_leve,0.0,1,unico
738,MESSIDOR-2,20060411_61564_0200_PP.png,retinopatia_diabetica,1.0,retinopatia_diabetica_leve,0.0,1,unico
739,MESSIDOR-2,20060411_61624_0200_PP.png,retinopatia_diabetica,3.0,retinopatia_diabetica_grave,1.0,1,unico
740,MESSIDOR-2,20060411_61641_0200_PP.png,retinopatia_diabetica,2.0,retinopatia_diabetica_moderada,1.0,1,unico
741,MESSIDOR-2,20060411_61687_0200_PP.png,retinopatia_diabetica,0.0,sem_retinopatia_diabetica,0.0,1,unico
742,MESSIDOR-2,20060411_61702_0200_PP.png,retinopatia_diabetica,0.0,sem_retinopatia_diabetica,0.0,1,unico
743,MESSIDOR-2,20060411_61781_0200_PP.png,retinopatia_diabetica,2.0,retinopatia_diabetica_moderada,0.0,1,unico
744,MESSIDOR-2,20060411_61808_0200_PP.png,retinopatia_diabetica,2.0,retinopatia_diabetica_moderada,0.0,1,unico
745,MESSIDOR-2,20060411_61869_0200_PP.png,retinopatia_diabetica,0.0,sem_retinopatia_diabetica,0.0,1,unico
746,MESSIDOR-2,20060411_61901_0200_PP.png,retinopatia_diabetica,0.0,sem_retinopatia_diabetica,0.0,1,unico
747,MESSIDOR-2,20060411_61952_0200_PP.png,retinopatia_diabetica,1.0,retinopatia_diabetica_leve,0.0,1,unico
748,MESSIDOR-2,20060411_61979_0200_PP.png,retinopatia_diabetica,1.0,retinopatia_diabetica_leve,0.0,1,unico
749,MESSIDOR-2,20060411_62036_0200_PP.png,retinopatia_diabetica,0.0,sem_retinopatia_diabetica,0.0,1,unico
750,MESSIDOR-2,20060411_62058_0200_PP.png,retinopatia_diabetica,0.0,sem_retinopatia_diabetica,0.0,1,unico
751,MESSIDOR-2,20060411_62142_0200_PP.png,retinopatia_diabetica,1.0,retinopatia_diabetica_leve,0.0,1,unico
752,MESSIDOR-2,20060411_62162_0200_PP.png,retinopatia_diabetica,0.0,sem_retinopatia_diabetica,0.0,1,unico
753,MESSIDOR-2,20060411_62228_0200_PP.png,retinopatia_diabetica,1.0,retinopatia_diabetica_leve,0.0,1,unico
754,MESSIDOR-2,20060411_62250_0200_PP.png,retinopatia_diabetica,1.0,retinopatia_diabetica_leve,0.0,1,unico
755,MESSIDOR-2,20060411_62298_0200_PP.png,retinopatia_diabetica,2.0,retinopatia_diabetica_moderada,1.0,1,unico
756,MESSIDOR-2,20060411_62319_0200_PP.png,retinopatia_diabetica,2.0,retinopatia_diabetica_moderada,0.0,1,unico
757,MESSIDOR-2,20060411_62373_0200_PP.png,retinopatia_diabetica,3.0,retinopatia_diabetica_grave,0.0,1,unico
758,MESSIDOR-2,20060411_62390_0200_PP.png,retinopatia_diabetica,3.0,retinopatia_diabetica_grave,0.0,1,unico
759,MESSIDOR-2,20060412_51656_0200_PP.png,retinopatia_diabetica,1.0,retinopatia_diabetica_leve,1.0,1,unico
760,MESSIDOR-2,20060412_51677_0200_PP.png,retinopatia_diabetica,2.0,retinopatia_diabetica_moderada,1.0,1,unico
761,MESSIDOR-2,20060412_51746_0200_PP.png,retinopatia_diabetica,2.0,retinopatia_diabetica_moderada,0.0,1,unico
762,MESSIDOR-2,20060412_51775_0200_PP.png,retinopatia_diabetica,1.0,retinopatia_diabetica_leve,0.0,1,unico
763,MESSIDOR-2,20060412_51835_0200_PP.png,retinopatia_diabetica,0.0,sem_retinopatia_diabetica,0.0,1,unico
764,MESSIDOR-2,20060412_51860_0200_PP.png,retinopatia_diabetica,0.0,sem_retinopatia_diabetica,0.0,1,unico
765,MESSIDOR-2,20060412_51932_0200_PP.png,retinopatia_diabetica,2.0,retinopatia_diabetica_moderada,0.0,1,unico
766,MESSIDOR-2,20060412_51952_0200_PP.png,retinopatia_diabetica,3.0,retinopatia_diabetica_grave,1.0,1,unico
767,MESSIDOR-2,20060412_52020_0200_PP.png,retinopatia_diabetica,1.0,retinopatia_diabetica_leve,1.0,1,unico
768,MESSIDOR-2,20060412_52038_0200_PP.png,retinopatia_diabetica,2.0,retinopatia_diabetica_moderada,0.0,1,unico
769,MESSIDOR-2,20060412_52098_0200_PP.png,retinopatia_diabetica,0.0,sem_retinopatia_diabetica,0.0,1,unico
770,MESSIDOR-2,20060412_52122_0200_PP.png,retinopatia_diabetica,2.0,retinopatia_diabetica_moderada,0.0,1,unico
771,MESSIDOR-2,20060412_52174_0200_PP.png,retinopatia_diabetica,2.0,retinopatia_diabetica_moderada,0.0,1,unico
772,MESSIDOR-2,20060412_52194_0200_PP.png,retinopatia_diabetica,2.0,retinopatia_diabetica_moderada,0.0,1,unico
773,MESSIDOR-2,20060412_52245_0200_PP.png,retinopatia_diabetica,2.0,retinopatia_diabetica_moderada,0.0,1,unico
774,MESSIDOR-2,20060412_52271_0200_PP.png,retinopatia_diabetica,2.0,retinopatia_diabetica_moderada,0.0,1,unico
775,MESSIDOR-2,20060412_52351_0200_PP.png,retinopatia_diabetica,0.0,sem_retinopatia_diabetica,0.0,1,unico
776,MESSIDOR-2,20060412_52371_0200_PP.png,retinopatia_diabetica,0.0,sem_retinopatia_diabetica,0.0,1,unico
777,MESSIDOR-2,20060412_52425_0200_PP.png,retinopatia_diabetica,0.0,sem_retinopatia_diabetica,0.0,1,unico
778,MESSIDOR-2,20060412_52446_0200_PP.png,retinopatia_diabetica,0.0,sem_retinopatia_diabetica,0.0,1,unico
779,MESSIDOR-2,20060412_52497_0200_PP.png,retinopatia_diabetica,3.0,retinopatia_diabetica_grave,0.0,1,unico
780,MESSIDOR-2,20060412_52520_0200_PP.png,retinopatia_diabetica,3.0,retinopatia_diabetica_grave,0.0,1,unico
781,MESSIDOR-2,20060412_52587_0200_PP.png,retinopatia_diabetica,1.0,retinopatia_diabetica_leve,0.0,1,unico
782,MESSIDOR-2,20060412_52606_0200_PP.png,retinopatia_diabetica,0.0,sem_retinopatia_diabetica,0.0,1,unico
783,MESSIDOR-2,20060412_52668_0200_PP.png,retinopatia_diabetica,3.0,retinopatia_diabetica_grave,0.0,1,unico
784,MESSIDOR-2,20060412_52685_0200_PP.png,retinopatia_diabetica,2.0,retinopatia_diabetica_moderada,1.0,1,unico
785,MESSIDOR-2,20060412_52758_0200_PP.png,retinopatia_diabetica,1.0,retinopatia_diabetica_leve,0.0,1,unico
786,MESSIDOR-2,20060412_52777_0200_PP.png,retinopatia_diabetica,2.0,retinopatia_diabetica_moderada,0.0,1,unico
787,MESSIDOR-2,20060412_52840_0200_PP.png,retinopatia_diabetica,0.0,sem_retinopatia_diabetica,0.0,1,unico
788,MESSIDOR-2,20060412_52860_0200_PP.png,retinopatia_diabetica,2.0,retinopatia_diabetica_moderada,1.0,1,unico
789,MESSIDOR-2,20060412_52910_0200_PP.png,retinopatia_diabetica,3.0,retinopatia_diabetica_grave,1.0,1,unico
790,MESSIDOR-2,20060412_52931_0200_PP.png,retinopatia_diabetica,3.0,retinopatia_diabetica_grave,1.0,1,unico
791,MESSIDOR-2,20060412_52978_0200_PP.png,retinopatia_diabetica,1.0,retinopatia_diabetica_leve,0.0,1,unico
792,MESSIDOR-2,20060412_52997_0200_PP.png,retinopatia_diabetica,1.0,retinopatia_diabetica_leve,0.0,1,unico
793,MESSIDOR-2,20060412_57650_0200_PP.png,retinopatia_diabetica,2.0,retinopatia_diabetica_moderada,0.0,1,unico
794,MESSIDOR-2,20060412_57680_0200_PP.png,retinopatia_diabetica,2.0,retinopatia_diabetica_moderada,0.0,1,unico
795,MESSIDOR-2,20060412_57846_0200_PP.png,retinopatia_diabetica,1.0,retinopatia_diabetica_leve,0.0,1,unico
796,MESSIDOR-2,20060412_57874_0200_PP.png,retinopatia_diabetica,0.0,sem_retinopatia_diabetica,0.0,1,unico
797,MESSIDOR-2,20060412_57952_0200_PP.png,retinopatia_diabetica,0.0,sem_retinopatia_diabetica,0.0,1,unico
798,MESSIDOR-2,20060412_57974_0200_PP.png,retinopatia_diabetica,0.0,sem_retinopatia_diabetica,0.0,1,unico
799,MESSIDOR-2,20060412_58032_0200_PP.png,retinopatia_diabetica,0.0,sem_retinopatia_diabetica,0.0,1,unico
800,MESSIDOR-2,20060412_58054_0200_PP.png,retinopatia_diabetica,0.0,sem_retinopatia_diabetica,0.0,1,unico
801,MESSIDOR-2,20060412_58137_0200_PP.png,retinopatia_diabetica,0.0,sem_retinopatia_diabetica,0.0,1,unico
802,MESSIDOR-2,20060412_58171_0200_PP.png,retinopatia_diabetica,1.0,retinopatia_diabetica_leve,0.0,1,unico
803,MESSIDOR-2,20060412_58287_0200_PP.png,retinopatia_diabetica,2.0,retinopatia_diabetica_moderada,0.0,1,unico
804,MESSIDOR-2,20060412_58314_0200_PP.png,retinopatia_diabetica,2.0,retinopatia_diabetica_moderada,0.0,1,unico
805,MESSIDOR-2,20060412_58368_0200_PP.png,retinopatia_diabetica,1.0,retinopatia_diabetica_leve,0.0,1,unico
806,MESSIDOR-2,20060412_58387_0200_PP.png,retinopatia_diabetica,1.0,retinopatia_diabetica_leve,0.0,1,unico
807,MESSIDOR-2,20060412_58471_0200_PP.png,retinopatia_diabetica,2.0,retinopatia_diabetica_moderada,0.0,1,unico
808,MESSIDOR-2,20060412_58497_0200_PP.png,retinopatia_diabetica,2.0,retinopatia_diabetica_moderada,1.0,1,unico
809,MESSIDOR-2,20060412_58548_0200_PP.png,retinopatia_diabetica,2.0,retinopatia_diabetica_moderada,0.0,1,unico
810,MESSIDOR-2,20060412_58563_0200_PP.png,retinopatia_diabetica,2.0,retinopatia_diabetica_moderada,1.0,1,unico
811,MESSIDOR-2,20060412_58638_0200_PP.png,retinopatia_diabetica,2.0,retinopatia_diabetica_moderada,0.0,1,unico
812,MESSIDOR-2,20060412_58668_0200_PP.png,retinopatia_diabetica,1.0,retinopatia_diabetica_leve,0.0,1,unico
813,MESSIDOR-2,20060412_58723_0200_PP.png,retinopatia_diabetica,0.0,sem_retinopatia_diabetica,0.0,1,unico
814,MESSIDOR-2,20060412_58747_0200_PP.png,retinopatia_diabetica,2.0,retinopatia_diabetica_moderada,0.0,1,unico
815,MESSIDOR-2,20060412_58802_0200_PP.png,retinopatia_diabetica,0.0,sem_retinopatia_diabetica,0.0,1,unico
816,MESSIDOR-2,20060412_58819_0200_PP.png,retinopatia_diabetica,0.0,sem_retinopatia_diabetica,0.0,1,unico
817,MESSIDOR-2,20060412_58869_0200_PP.png,retinopatia_diabetica,2.0,retinopatia_diabetica_moderada,0.0,1,unico
818,MESSIDOR-2,20060412_58889_0200_PP.png,retinopatia_diabetica,2.0,retinopatia_diabetica_moderada,0.0,1,unico
819,MESSIDOR-2,20060412_58945_0200_PP.png,retinopatia_diabetica,1.0,retinopatia_diabetica_leve,0.0,1,unico
820,MESSIDOR-2,20060412_58965_0200_PP.png,retinopatia_diabetica,1.0,retinopatia_diabetica_leve,0.0,1,unico
821,MESSIDOR-2,20060412_59012_0200_PP.png,retinopatia_diabetica,1.0,retinopatia_diabetica_leve,0.0,1,unico
822,MESSIDOR-2,20060412_59037_0200_PP.png,retinopatia_diabetica,1.0,retinopatia_diabetica_leve,0.0,1,unico
823,MESSIDOR-2,20060412_59100_0200_PP.png,retinopatia_diabetica,1.0,retinopatia_diabetica_leve,0.0,1,unico
824,MESSIDOR-2,20060412_59124_0200_PP.png,retinopatia_diabetica,1.0,retinopatia_diabetica_leve,0.0,1,unico
825,MESSIDOR-2,20060412_59175_0200_PP.png,retinopatia_diabetica,0.0,sem_retinopatia_diabetica,0.0,1,unico
826,MESSIDOR-2,20060412_59196_0200_PP.png,retinopatia_diabetica,0.0,sem_retinopatia_diabetica,0.0,1,unico
827,MESSIDOR-2,20060412_59242_0200_PP.png,retinopatia_diabetica,2.0,retinopatia_diabetica_moderada,0.0,1,unico
828,MESSIDOR-2,20060412_59259_0200_PP.png,retinopatia_diabetica,0.0,sem_retinopatia_diabetica,0.0,1,unico
829,MESSIDOR-2,20060412_59338_0200_PP.png,retinopatia_diabetica,0.0,sem_retinopatia_diabetica,0.0,1,unico
830,MESSIDOR-2,20060412_59355_0200_PP.png,retinopatia_diabetica,0.0,sem_retinopatia_diabetica,0.0,1,unico
831,MESSIDOR-2,20060412_59400_0200_PP.png,retinopatia_diabetica,1.0,retinopatia_diabetica_leve,0.0,1,unico
832,MESSIDOR-2,20060412_59423_0200_PP.png,retinopatia_diabetica,1.0,retinopatia_diabetica_leve,0.0,1,unico
833,MESSIDOR-2,20060412_59636_0200_PP.png,retinopatia_diabetica,1.0,retinopatia_diabetica_leve,0.0,1,unico
834,MESSIDOR-2,20060412_59658_0200_PP.png,retinopatia_diabetica,1.0,retinopatia_diabetica_leve,0.0,1,unico
835,MESSIDOR-2,20060412_59717_0200_PP.png,retinopatia_diabetica,2.0,retinopatia_diabetica_moderada,0.0,1,unico
836,MESSIDOR-2,20060412_59735_0200_PP.png,retinopatia_diabetica,2.0,retinopatia_diabetica_moderada,0.0,1,unico
837,MESSIDOR-2,20060412_60337_0200_PP.png,retinopatia_diabetica,1.0,retinopatia_diabetica_leve,0.0,1,unico
838,MESSIDOR-2,20060412_60396_0200_PP.png,retinopatia_diabetica,1.0,retinopatia_diabetica_leve,0.0,1,unico
839,MESSIDOR-2,20060412_60454_0200_PP.png,retinopatia_diabetica,2.0,retinopatia_diabetica_moderada,0.0,1,unico
840,MESSIDOR-2,20060412_60475_0200_PP.png,retinopatia_diabetica,1.0,retinopatia_diabetica_leve,0.0,1,unico
841,MESSIDOR-2,20060412_60545_0200_PP.png,retinopatia_diabetica,2.0,retinopatia_diabetica_moderada,1.0,1,unico
842,MESSIDOR-2,20060412_60573_0200_PP.png,retinopatia_diabetica,1.0,retinopatia_diabetica_leve,0.0,1,unico
843,MESSIDOR-2,20060412_60751_0200_PP.png,retinopatia_diabetica,0.0,sem_retinopatia_diabetica,0.0,1,unico
844,MESSIDOR-2,20060412_60773_0200_PP.png,retinopatia_diabetica,0.0,sem_retinopatia_diabetica,0.0,1,unico
845,MESSIDOR-2,20060412_60825_0200_PP.png,retinopatia_diabetica,1.0,retinopatia_diabetica_leve,0.0,1,unico
846,MESSIDOR-2,20060412_60845_0200_PP.png,retinopatia_diabetica,1.0,retinopatia_diabetica_leve,0.0,1,unico
847,MESSIDOR-2,20060412_60895_0200_PP.png,retinopatia_diabetica,2.0,retinopatia_diabetica_moderada,1.0,1,unico
848,MESSIDOR-2,20060412_60913_0200_PP.png,retinopatia_diabetica,2.0,retinopatia_diabetica_moderada,0.0,1,unico
849,MESSIDOR-2,20060412_60978_0200_PP.png,retinopatia_diabetica,2.0,retinopatia_diabetica_moderada,0.0,1,unico
850,MESSIDOR-2,20060412_61000_0200_PP.png,retinopatia_diabetica,2.0,retinopatia_diabetica_moderada,0.0,1,unico
851,MESSIDOR-2,20060412_61064_0200_PP.png,retinopatia_diabetica,0.0,sem_retinopatia_diabetica,0.0,1,unico
852,MESSIDOR-2,20060412_61081_0200_PP.png,retinopatia_diabetica,2.0,retinopatia_diabetica_moderada,0.0,1,unico
853,MESSIDOR-2,20060412_61151_0200_PP.png,retinopatia_diabetica,2.0,retinopatia_diabetica_moderada,0.0,1,unico
854,MESSIDOR-2,20060412_61169_0200_PP.png,retinopatia_diabetica,2.0,retinopatia_diabetica_moderada,1.0,1,unico
855,MESSIDOR-2,20060412_61222_0200_PP.png,retinopatia_diabetica,2.0,retinopatia_diabetica_moderada,0.0,1,unico
856,MESSIDOR-2,20060412_61251_0200_PP.png,retinopatia_diabetica,2.0,retinopatia_diabetica_moderada,1.0,1,unico
857,MESSIDOR-2,20060412_61299_0200_PP.png,retinopatia_diabetica,1.0,retinopatia_diabetica_leve,0.0,1,unico
858,MESSIDOR-2,20060412_61316_0200_PP.png,retinopatia_diabetica,1.0,retinopatia_diabetica_leve,0.0,1,unico
859,MESSIDOR-2,20060412_61365_0200_PP.png,retinopatia_diabetica,0.0,sem_retinopatia_diabetica,0.0,1,unico
860,MESSIDOR-2,20060412_61383_0200_PP.png,retinopatia_diabetica,0.0,sem_retinopatia_diabetica,0.0,1,unico
861,MESSIDOR-2,20060412_61433_0200_PP.png,retinopatia_diabetica,0.0,sem_retinopatia_diabetica,0.0,1,unico
862,MESSIDOR-2,20060412_61450_0200_PP.png,retinopatia_diabetica,0.0,sem_retinopatia_diabetica,0.0,1,unico
863,MESSIDOR-2,20060412_61501_0200_PP.png,retinopatia_diabetica,2.0,retinopatia_diabetica_moderada,0.0,1,unico
864,MESSIDOR-2,20060412_61525_0200_PP.png,retinopatia_diabetica,0.0,sem_retinopatia_diabetica,0.0,1,unico
865,MESSIDOR-2,20060412_61593_0200_PP.png,retinopatia_diabetica,1.0,retinopatia_diabetica_leve,0.0,1,unico
866,MESSIDOR-2,20060412_61615_0200_PP.png,retinopatia_diabetica,1.0,retinopatia_diabetica_leve,0.0,1,unico
867,MESSIDOR-2,20060412_61665_0200_PP.png,retinopatia_diabetica,0.0,sem_retinopatia_diabetica,0.0,1,unico
868,MESSIDOR-2,20060412_61681_0200_PP.png,retinopatia_diabetica,1.0,retinopatia_diabetica_leve,0.0,1,unico
869,MESSIDOR-2,20060412_61790_0200_PP.png,retinopatia_diabetica,0.0,sem_retinopatia_diabetica,0.0,1,unico
870,MESSIDOR-2,20060412_61808_0200_PP.png,retinopatia_diabetica,2.0,retinopatia_diabetica_moderada,0.0,1,unico
871,MESSIDOR-2,20060412_62936_0200_PP.png,retinopatia_diabetica,3.0,retinopatia_diabetica_grave,0.0,1,unico
872,MESSIDOR-2,20060412_62960_0200_PP.png,retinopatia_diabetica,3.0,retinopatia_diabetica_grave,1.0,1,unico
873,MESSIDOR-2,20060412_63009_0200_PP.png,retinopatia_diabetica,1.0,retinopatia_diabetica_leve,0.0,1,unico
874,MESSIDOR-2,20060412_63032_0200_PP.png,retinopatia_diabetica,1.0,retinopatia_diabetica_leve,0.0,1,unico
875,MESSIDOR-2,20060412_63088_0200_PP.png,retinopatia_diabetica,1.0,retinopatia_diabetica_leve,0.0,1,unico
876,MESSIDOR-2,20060412_63104_0200_PP.png,retinopatia_diabetica,1.0,retinopatia_diabetica_leve,0.0,1,unico
877,MESSIDOR-2,20060522_43758_0100_PP.png,retinopatia_diabetica,0.0,sem_retinopatia_diabetica,0.0,1,unico
878,MESSIDOR-2,20060522_45069_0100_PP.png,retinopatia_diabetica,1.0,retinopatia_diabetica_leve,0.0,1,unico
879,MESSIDOR-2,20060522_45212_0100_PP.png,retinopatia_diabetica,2.0,retinopatia_diabetica_moderada,1.0,1,unico
880,MESSIDOR-2,20060522_45248_0100_PP.png,retinopatia_diabetica,2.0,retinopatia_diabetica_moderada,1.0,1,unico
881,MESSIDOR-2,20060522_45402_0100_PP.png,retinopatia_diabetica,1.0,retinopatia_diabetica_leve,0.0,1,unico
882,MESSIDOR-2,20060522_45455_0100_PP.png,retinopatia_diabetica,2.0,retinopatia_diabetica_moderada,1.0,1,unico
883,MESSIDOR-2,20060522_45541_0100_PP.png,retinopatia_diabetica,4.0,retinopatia_diabetica_proliferativa,1.0,1,unico
884,MESSIDOR-2,20060522_45583_0100_PP.png,retinopatia_diabetica,4.0,retinopatia_diabetica_proliferativa,1.0,1,unico
885,MESSIDOR-2,20060522_45691_0100_PP.png,retinopatia_diabetica,2.0,retinopatia_diabetica_moderada,1.0,1,unico
886,MESSIDOR-2,20060522_45718_0100_PP.png,retinopatia_diabetica,2.0,retinopatia_diabetica_moderada,1.0,1,unico
887,MESSIDOR-2,20060522_45777_0100_PP.png,retinopatia_diabetica,0.0,sem_retinopatia_diabetica,0.0,1,unico
888,MESSIDOR-2,20060522_45796_0100_PP.png,retinopatia_diabetica,0.0,sem_retinopatia_diabetica,0.0,1,unico
889,MESSIDOR-2,20060522_45853_0100_PP.png,retinopatia_diabetica,0.0,sem_retinopatia_diabetica,0.0,1,unico
890,MESSIDOR-2,20060522_45873_0100_PP.png,retinopatia_diabetica,0.0,sem_retinopatia_diabetica,0.0,1,unico
891,MESSIDOR-2,20060522_45935_0100_PP.png,retinopatia_diabetica,1.0,retinopatia_diabetica_leve,0.0,1,unico
892,MESSIDOR-2,20060522_45967_0100_PP.png,retinopatia_diabetica,1.0,retinopatia_diabetica_leve,0.0,1,unico
893,MESSIDOR-2,20060522_46104_0100_PP.png,retinopatia_diabetica,0.0,sem_retinopatia_diabetica,0.0,1,unico
894,MESSIDOR-2,20060522_46149_0100_PP.png,retinopatia_diabetica,0.0,sem_retinopatia_diabetica,0.0,1,unico
895,MESSIDOR-2,20060522_46379_0100_PP.png,retinopatia_diabetica,0.0,sem_retinopatia_diabetica,0.0,1,unico
896,MESSIDOR-2,20060522_46400_0100_PP.png,retinopatia_diabetica,0.0,sem_retinopatia_diabetica,0.0,1,unico
897,MESSIDOR-2,20060522_46454_0100_PP.png,retinopatia_diabetica,1.0,retinopatia_diabetica_leve,0.0,1,unico
898,MESSIDOR-2,20060523_42953_0100_PP.png,retinopatia_diabetica,0.0,sem_retinopatia_diabetica,0.0,1,unico
899,MESSIDOR-2,20060523_43016_0100_PP.png,retinopatia_diabetica,2.0,retinopatia_diabetica_moderada,0.0,1,unico
900,MESSIDOR-2,20060523_43038_0100_PP.png,retinopatia_diabetica,2.0,retinopatia_diabetica_moderada,0.0,1,unico
901,MESSIDOR-2,20060523_43105_0100_PP.png,retinopatia_diabetica,0.0,sem_retinopatia_diabetica,0.0,1,unico
902,MESSIDOR-2,20060523_43123_0100_PP.png,retinopatia_diabetica,0.0,sem_retinopatia_diabetica,0.0,1,unico
903,MESSIDOR-2,20060523_43174_0100_PP.png,retinopatia_diabetica,2.0,retinopatia_diabetica_moderada,0.0,1,unico
904,MESSIDOR-2,20060523_43196_0100_PP.png,retinopatia_diabetica,3.0,retinopatia_diabetica_grave,0.0,1,unico
905,MESSIDOR-2,20060523_43248_0100_PP.png,retinopatia_diabetica,0.0,sem_retinopatia_diabetica,0.0,1,unico
906,MESSIDOR-2,20060523_43267_0100_PP.png,retinopatia_diabetica,1.0,retinopatia_diabetica_leve,1.0,1,unico
907,MESSIDOR-2,20060523_43333_0100_PP.png,retinopatia_diabetica,0.0,sem_retinopatia_diabetica,0.0,1,unico
908,MESSIDOR-2,20060523_43354_0100_PP.png,retinopatia_diabetica,0.0,sem_retinopatia_diabetica,0.0,1,unico
909,MESSIDOR-2,20060523_45216_0100_PP.png,retinopatia_diabetica,2.0,retinopatia_diabetica_moderada,0.0,1,unico
910,MESSIDOR-2,20060523_45235_0100_PP.png,retinopatia_diabetica,2.0,retinopatia_diabetica_moderada,0.0,1,unico
911,MESSIDOR-2,20060523_45300_0100_PP.png,retinopatia_diabetica,0.0,sem_retinopatia_diabetica,0.0,1,unico
912,MESSIDOR-2,20060523_45316_0100_PP.png,retinopatia_diabetica,0.0,sem_retinopatia_diabetica,0.0,1,unico
913,MESSIDOR-2,20060523_45369_0100_PP.png,retinopatia_diabetica,2.0,retinopatia_diabetica_moderada,0.0,1,unico
914,MESSIDOR-2,20060523_45389_0100_PP.png,retinopatia_diabetica,2.0,retinopatia_diabetica_moderada,1.0,1,unico
915,MESSIDOR-2,20060523_45449_0100_PP.png,retinopatia_diabetica,0.0,sem_retinopatia_diabetica,0.0,1,unico
916,MESSIDOR-2,20060523_45467_0100_PP.png,retinopatia_diabetica,0.0,sem_retinopatia_diabetica,0.0,1,unico
917,MESSIDOR-2,20060523_45524_0100_PP.png,retinopatia_diabetica,0.0,sem_retinopatia_diabetica,0.0,1,unico
918,MESSIDOR-2,20060523_45548_0100_PP.png,retinopatia_diabetica,0.0,sem_retinopatia_diabetica,0.0,1,unico
919,MESSIDOR-2,20060523_45662_0100_PP.png,retinopatia_diabetica,2.0,retinopatia_diabetica_moderada,1.0,1,unico
920,MESSIDOR-2,20060523_45697_0100_PP.png,retinopatia_diabetica,2.0,retinopatia_diabetica_moderada,1.0,1,unico
921,MESSIDOR-2,20060523_45787_0100_PP.png,retinopatia_diabetica,2.0,retinopatia_diabetica_moderada,0.0,1,unico
922,MESSIDOR-2,20060523_45812_0100_PP.png,retinopatia_diabetica,2.0,retinopatia_diabetica_moderada,0.0,1,unico
923,MESSIDOR-2,20060523_47987_0100_PP.png,retinopatia_diabetica,0.0,sem_retinopatia_diabetica,0.0,1,unico
924,MESSIDOR-2,20060523_48005_0100_PP.png,retinopatia_diabetica,0.0,sem_retinopatia_diabetica,0.0,1,unico
925,MESSIDOR-2,20060523_48028_0100_PP.png,retinopatia_diabetica,2.0,retinopatia_diabetica_moderada,1.0,1,unico
926,MESSIDOR-2,20060523_48102_0100_PP.png,retinopatia_diabetica,2.0,retinopatia_diabetica_moderada,1.0,1,unico
927,MESSIDOR-2,20060523_48136_0100_PP.png,retinopatia_diabetica,0.0,sem_retinopatia_diabetica,0.0,1,unico
928,MESSIDOR-2,20060523_48161_0100_PP.png,retinopatia_diabetica,0.0,sem_retinopatia_diabetica,0.0,1,unico
929,MESSIDOR-2,20060523_48182_0100_PP.png,retinopatia_diabetica,3.0,retinopatia_diabetica_grave,1.0,1,unico
930,MESSIDOR-2,20060523_48199_0100_PP.png,retinopatia_diabetica,3.0,retinopatia_diabetica_grave,1.0,1,unico
931,MESSIDOR-2,20060523_48406_0100_PP.png,retinopatia_diabetica,0.0,sem_retinopatia_diabetica,0.0,1,unico
932,MESSIDOR-2,20060523_48425_0100_PP.png,retinopatia_diabetica,1.0,retinopatia_diabetica_leve,0.0,1,unico
933,MESSIDOR-2,20060523_48477_0100_PP.png,retinopatia_diabetica,2.0,retinopatia_diabetica_moderada,0.0,1,unico
934,MESSIDOR-2,20060523_48499_0100_PP.png,retinopatia_diabetica,3.0,retinopatia_diabetica_grave,0.0,1,unico
935,MESSIDOR-2,20060523_48572_0100_PP.png,retinopatia_diabetica,2.0,retinopatia_diabetica_moderada,1.0,1,unico
936,MESSIDOR-2,20060523_48591_0100_PP.png,retinopatia_diabetica,0.0,sem_retinopatia_diabetica,0.0,1,unico
937,MESSIDOR-2,20060523_48643_0100_PP.png,retinopatia_diabetica,1.0,retinopatia_diabetica_leve,0.0,1,unico
938,MESSIDOR-2,20060523_48659_0100_PP.png,retinopatia_diabetica,1.0,retinopatia_diabetica_leve,0.0,1,unico
939,MESSIDOR-2,20060523_48709_0100_PP.png,retinopatia_diabetica,0.0,sem_retinopatia_diabetica,0.0,1,unico
940,MESSIDOR-2,20060523_48728_0100_PP.png,retinopatia_diabetica,0.0,sem_retinopatia_diabetica,0.0,1,unico
941,MESSIDOR-2,20060523_48787_0100_PP.png,retinopatia_diabetica,2.0,retinopatia_diabetica_moderada,0.0,1,unico
942,MESSIDOR-2,20060523_48816_0100_PP.png,retinopatia_diabetica,1.0,retinopatia_diabetica_leve,0.0,1,unico
943,MESSIDOR-2,20060523_48890_0100_PP.png,retinopatia_diabetica,0.0,sem_retinopatia_diabetica,0.0,1,unico
944,MESSIDOR-2,20060523_48931_0100_PP.png,retinopatia_diabetica,0.0,sem_retinopatia_diabetica,0.0,1,unico
945,MESSIDOR-2,20060523_48990_0100_PP.png,retinopatia_diabetica,2.0,retinopatia_diabetica_moderada,0.0,1,unico
946,MESSIDOR-2,20060523_49010_0100_PP.png,retinopatia_diabetica,2.0,retinopatia_diabetica_moderada,1.0,1,unico
947,MESSIDOR-2,20060523_49100_0100_PP.png,retinopatia_diabetica,0.0,sem_retinopatia_diabetica,0.0,1,unico
948,MESSIDOR-2,20060523_49120_0100_PP.png,retinopatia_diabetica,0.0,sem_retinopatia_diabetica,0.0,1,unico
949,MESSIDOR-2,20060523_49176_0100_PP.png,retinopatia_diabetica,0.0,sem_retinopatia_diabetica,0.0,1,unico
950,MESSIDOR-2,20060523_49191_0100_PP.png,retinopatia_diabetica,0.0,sem_retinopatia_diabetica,0.0,1,unico
951,MESSIDOR-2,20060523_49269_0100_PP.png,retinopatia_diabetica,1.0,retinopatia_diabetica_leve,0.0,1,unico
952,MESSIDOR-2,20060523_49288_0100_PP.png,retinopatia_diabetica,1.0,retinopatia_diabetica_leve,0.0,1,unico
953,MESSIDOR-2,20060523_49449_0100_PP.png,retinopatia_diabetica,1.0,retinopatia_diabetica_leve,0.0,1,unico
954,MESSIDOR-2,20060523_49515_0100_PP.png,retinopatia_diabetica,0.0,sem_retinopatia_diabetica,0.0,1,unico
955,MESSIDOR-2,20060523_49573_0100_PP.png,retinopatia_diabetica,0.0,sem_retinopatia_diabetica,0.0,1,unico
956,MESSIDOR-2,20060523_49591_0100_PP.png,retinopatia_diabetica,1.0,retinopatia_diabetica_leve,0.0,1,unico
957,MESSIDOR-2,20060523_49663_0100_PP.png,retinopatia_diabetica,0.0,sem_retinopatia_diabetica,0.0,1,unico
958,MESSIDOR-2,20060523_49681_0100_PP.png,retinopatia_diabetica,0.0,sem_retinopatia_diabetica,0.0,1,unico
959,MESSIDOR-2,20060523_49726_0100_PP.png,retinopatia_diabetica,0.0,sem_retinopatia_diabetica,0.0,1,unico
960,MESSIDOR-2,20060523_49745_0100_PP.png,retinopatia_diabetica,0.0,sem_retinopatia_diabetica,0.0,1,unico
961,MESSIDOR-2,20060523_49791_0100_PP.png,retinopatia_diabetica,2.0,retinopatia_diabetica_moderada,1.0,1,unico
962,MESSIDOR-2,20060523_49809_0100_PP.png,retinopatia_diabetica,3.0,retinopatia_diabetica_grave,1.0,1,unico
963,MESSIDOR-2,20060523_49859_0100_PP.png,retinopatia_diabetica,2.0,retinopatia_diabetica_moderada,0.0,1,unico
964,MESSIDOR-2,20060523_49875_0100_PP.png,retinopatia_diabetica,3.0,retinopatia_diabetica_grave,0.0,1,unico
965,MESSIDOR-2,20060523_49928_0100_PP.png,retinopatia_diabetica,2.0,retinopatia_diabetica_moderada,1.0,1,unico
966,MESSIDOR-2,20060523_49942_0100_PP.png,retinopatia_diabetica,2.0,retinopatia_diabetica_moderada,1.0,1,unico
967,MESSIDOR-2,20060523_50003_0100_PP.png,retinopatia_diabetica,3.0,retinopatia_diabetica_grave,0.0,1,unico
968,MESSIDOR-2,20060523_50019_0100_PP.png,retinopatia_diabetica,2.0,retinopatia_diabetica_moderada,1.0,1,unico
969,MESSIDOR-2,20060523_50135_0100_PP.png,retinopatia_diabetica,2.0,retinopatia_diabetica_moderada,0.0,1,unico
970,MESSIDOR-2,20060523_50153_0100_PP.png,retinopatia_diabetica,0.0,sem_retinopatia_diabetica,0.0,1,unico
971,MESSIDOR-2,20060523_50234_0100_PP.png,retinopatia_diabetica,2.0,retinopatia_diabetica_moderada,0.0,1,unico
972,MESSIDOR-2,20060523_50262_0100_PP.png,retinopatia_diabetica,2.0,retinopatia_diabetica_moderada,1.0,1,unico
973,MESSIDOR-2,20060523_50325_0100_PP.png,retinopatia_diabetica,0.0,sem_retinopatia_diabetica,0.0,1,unico
974,MESSIDOR-2,20060523_50342_0100_PP.png,retinopatia_diabetica,0.0,sem_retinopatia_diabetica,0.0,1,unico
975,MESSIDOR-2,20060523_50392_0100_PP.png,retinopatia_diabetica,2.0,retinopatia_diabetica_moderada,1.0,1,unico
976,MESSIDOR-2,20060523_50408_0100_PP.png,retinopatia_diabetica,1.0,retinopatia_diabetica_leve,0.0,1,unico
977,MESSIDOR-2,20060523_50469_0100_PP.png,retinopatia_diabetica,3.0,retinopatia_diabetica_grave,0.0,1,unico
978,MESSIDOR-2,20060523_50489_0100_PP.png,retinopatia_diabetica,3.0,retinopatia_diabetica_grave,0.0,1,unico
979,MESSIDOR-2,20060523_50539_0100_PP.png,retinopatia_diabetica,3.0,retinopatia_diabetica_grave,1.0,1,unico
980,MESSIDOR-2,20060523_50556_0100_PP.png,retinopatia_diabetica,3.0,retinopatia_diabetica_grave,1.0,1,unico
981,MESSIDOR-2,20060523_50616_0100_PP.png,retinopatia_diabetica,0.0,sem_retinopatia_diabetica,0.0,1,unico
982,MESSIDOR-2,20060523_50631_0100_PP.png,retinopatia_diabetica,0.0,sem_retinopatia_diabetica,0.0,1,unico
983,MESSIDOR-2,20060523_50707_0100_PP.png,retinopatia_diabetica,2.0,retinopatia_diabetica_moderada,0.0,1,unico
984,MESSIDOR-2,20060523_50730_0100_PP.png,retinopatia_diabetica,1.0,retinopatia_diabetica_leve,0.0,1,unico
985,MESSIDOR-2,20060523_50790_0100_PP.png,retinopatia_diabetica,3.0,retinopatia_diabetica_grave,1.0,1,unico
986,MESSIDOR-2,20060523_50806_0100_PP.png,retinopatia_diabetica,3.0,retinopatia_diabetica_grave,0.0,1,unico
987,MESSIDOR-2,20060529_56013_0100_PP.png,retinopatia_diabetica,0.0,sem_retinopatia_diabetica,0.0,1,unico
988,MESSIDOR-2,20060529_56039_0100_PP.png,retinopatia_diabetica,0.0,sem_retinopatia_diabetica,0.0,1,unico
989,MESSIDOR-2,20060529_56255_0100_PP.png,retinopatia_diabetica,2.0,retinopatia_diabetica_moderada,0.0,1,unico
990,MESSIDOR-2,20060529_56338_0100_PP.png,retinopatia_diabetica,2.0,retinopatia_diabetica_moderada,0.0,1,unico
991,MESSIDOR-2,20060529_56420_0100_PP.png,retinopatia_diabetica,0.0,sem_retinopatia_diabetica,0.0,1,unico
992,MESSIDOR-2,20060529_56442_0100_PP.png,retinopatia_diabetica,0.0,sem_retinopatia_diabetica,0.0,1,unico
993,MESSIDOR-2,20060529_56563_0100_PP.png,retinopatia_diabetica,0.0,sem_retinopatia_diabetica,0.0,1,unico
994,MESSIDOR-2,20060529_56592_0100_PP.png,retinopatia_diabetica,0.0,sem_retinopatia_diabetica,0.0,1,unico
995,MESSIDOR-2,20060529_56700_0100_PP.png,retinopatia_diabetica,2.0,retinopatia_diabetica_moderada,0.0,1,unico
996,MESSIDOR-2,20060529_56730_0100_PP.png,retinopatia_diabetica,2.0,retinopatia_diabetica_moderada,0.0,1,unico
997,MESSIDOR-2,20060529_56834_0100_PP.png,retinopatia_diabetica,2.0,retinopatia_diabetica_moderada,1.0,1,unico
998,MESSIDOR-2,20060529_56853_0100_PP.png,retinopatia_diabetica,1.0,retinopatia_diabetica_leve,1.0,1,unico
999,MESSIDOR-2,20060529_56948_0100_PP.png,retinopatia_diabetica,0.0,sem_retinopatia_diabetica,0.0,1,unico
1000,MESSIDOR-2,20060529_56968_0100_PP.png,retinopatia_diabetica,0.0,sem_retinopatia_diabetica,0.0,1,unico
1001,MESSIDOR-2,20060529_57030_0100_PP.png,retinopatia_diabetica,3.0,retinopatia_diabetica_grave,1.0,1,unico
1002,MESSIDOR-2,20060529_57063_0100_PP.png,retinopatia_diabetica,3.0,retinopatia_diabetica_grave,1.0,1,unico
1003,MESSIDOR-2,20060529_57156_0100_PP.png,retinopatia_diabetica,2.0,retinopatia_diabetica_moderada,0.0,1,unico
1004,MESSIDOR-2,20060529_57174_0100_PP.png,retinopatia_diabetica,1.0,retinopatia_diabetica_leve,0.0,1,unico
1005,MESSIDOR-2,20060529_57261_0100_PP.png,retinopatia_diabetica,0.0,sem_retinopatia_diabetica,0.0,1,unico
1006,MESSIDOR-2,20060529_57287_0100_PP.png,retinopatia_diabetica,0.0,sem_retinopatia_diabetica,0.0,1,unico
1007,MESSIDOR-2,20060529_57351_0100_PP.png,retinopatia_diabetica,0.0,sem_retinopatia_diabetica,0.0,1,unico
1008,MESSIDOR-2,20060529_57372_0100_PP.png,retinopatia_diabetica,0.0,sem_retinopatia_diabetica,0.0,1,unico
1009,MESSIDOR-2,20060529_57430_0100_PP.png,retinopatia_diabetica,3.0,retinopatia_diabetica_grave,1.0,1,unico
1010,MESSIDOR-2,20060529_57447_0100_PP.png,retinopatia_diabetica,2.0,retinopatia_diabetica_moderada,1.0,1,unico
1011,MESSIDOR-2,20060530_36860_0100_PP.png,retinopatia_diabetica,2.0,retinopatia_diabetica_moderada,1.0,1,unico
1012,MESSIDOR-2,20060530_36895_0100_PP.png,retinopatia_diabetica,2.0,retinopatia_diabetica_moderada,0.0,1,unico
1013,MESSIDOR-2,20060530_51254_0100_PP.png,retinopatia_diabetica,0.0,sem_retinopatia_diabetica,0.0,1,unico
1014,MESSIDOR-2,20060530_51279_0100_PP.png,retinopatia_diabetica,0.0,sem_retinopatia_diabetica,0.0,1,unico
1015,MESSIDOR-2,20060530_51377_0100_PP.png,retinopatia_diabetica,2.0,retinopatia_diabetica_moderada,0.0,1,unico
1016,MESSIDOR-2,20060530_51399_0100_PP.png,retinopatia_diabetica,2.0,retinopatia_diabetica_moderada,1.0,1,unico
1017,MESSIDOR-2,20060530_53042_0100_PP.png,retinopatia_diabetica,0.0,sem_retinopatia_diabetica,0.0,1,unico
1018,MESSIDOR-2,20060530_53062_0100_PP.png,retinopatia_diabetica,0.0,sem_retinopatia_diabetica,0.0,1,unico
1019,MESSIDOR-2,20060530_53132_0100_PP.png,retinopatia_diabetica,0.0,sem_retinopatia_diabetica,0.0,1,unico
1020,MESSIDOR-2,20060530_53152_0100_PP.png,retinopatia_diabetica,0.0,sem_retinopatia_diabetica,0.0,1,unico
1021,MESSIDOR-2,20060530_53233_0100_PP.png,retinopatia_diabetica,2.0,retinopatia_diabetica_moderada,0.0,1,unico
1022,MESSIDOR-2,20060530_53271_0100_PP.png,retinopatia_diabetica,3.0,retinopatia_diabetica_grave,0.0,1,unico
1023,MESSIDOR-2,20060530_53421_0100_PP.png,retinopatia_diabetica,3.0,retinopatia_diabetica_grave,1.0,1,unico
1024,MESSIDOR-2,20060530_53455_0100_PP.png,retinopatia_diabetica,2.0,retinopatia_diabetica_moderada,1.0,1,unico
1025,MESSIDOR-2,20060530_53522_0100_PP.png,retinopatia_diabetica,2.0,retinopatia_diabetica_moderada,0.0,1,unico
1026,MESSIDOR-2,20060530_53540_0100_PP.png,retinopatia_diabetica,2.0,retinopatia_diabetica_moderada,1.0,1,unico
1027,MESSIDOR-2,20060530_53597_0100_PP.png,retinopatia_diabetica,0.0,sem_retinopatia_diabetica,0.0,1,unico
1028,MESSIDOR-2,20060530_53617_0100_PP.png,retinopatia_diabetica,1.0,retinopatia_diabetica_leve,0.0,1,unico
1029,MESSIDOR-2,20060530_53742_0100_PP.png,retinopatia_diabetica,0.0,sem_retinopatia_diabetica,0.0,1,unico
1030,MESSIDOR-2,20060530_53761_0100_PP.png,retinopatia_diabetica,0.0,sem_retinopatia_diabetica,0.0,1,unico
1031,MESSIDOR-2,20060530_53816_0100_PP.png,retinopatia_diabetica,0.0,sem_retinopatia_diabetica,0.0,1,unico
1032,MESSIDOR-2,20060530_53836_0100_PP.png,retinopatia_diabetica,0.0,sem_retinopatia_diabetica,0.0,1,unico
1033,MESSIDOR-2,20060530_53928_0100_PP.png,retinopatia_diabetica,0.0,sem_retinopatia_diabetica,0.0,1,unico
1034,MESSIDOR-2,20060530_53954_0100_PP.png,retinopatia_diabetica,0.0,sem_retinopatia_diabetica,0.0,1,unico
1035,MESSIDOR-2,20060530_54011_0100_PP.png,retinopatia_diabetica,2.0,retinopatia_diabetica_moderada,0.0,1,unico
1036,MESSIDOR-2,20060530_54030_0100_PP.png,retinopatia_diabetica,2.0,retinopatia_diabetica_moderada,0.0,1,unico
1037,MESSIDOR-2,20060530_54107_0100_PP.png,retinopatia_diabetica,2.0,retinopatia_diabetica_moderada,0.0,1,unico
1038,MESSIDOR-2,20060530_54117_0100_PP.png,retinopatia_diabetica,2.0,retinopatia_diabetica_moderada,0.0,1,unico
1039,MESSIDOR-2,20060530_54223_0100_PP.png,retinopatia_diabetica,2.0,retinopatia_diabetica_moderada,0.0,1,unico
1040,MESSIDOR-2,20060530_54242_0100_PP.png,retinopatia_diabetica,3.0,retinopatia_diabetica_grave,0.0,1,unico
1041,MESSIDOR-2,20060530_54312_0100_PP.png,retinopatia_diabetica,2.0,retinopatia_diabetica_moderada,1.0,1,unico
1042,MESSIDOR-2,20060530_54332_0100_PP.png,retinopatia_diabetica,2.0,retinopatia_diabetica_moderada,1.0,1,unico
1043,MESSIDOR-2,20060530_54529_0100_PP.png,retinopatia_diabetica,2.0,retinopatia_diabetica_moderada,1.0,1,unico
1044,MESSIDOR-2,20060530_54556_0100_PP.png,retinopatia_diabetica,2.0,retinopatia_diabetica_moderada,0.0,1,unico
1045,MESSIDOR-2,20060530_54632_0100_PP.png,retinopatia_diabetica,2.0,retinopatia_diabetica_moderada,0.0,1,unico
1046,MESSIDOR-2,20060530_54653_0100_PP.png,retinopatia_diabetica,2.0,retinopatia_diabetica_moderada,0.0,1,unico
1047,MESSIDOR-2,20060530_55180_0100_PP.png,retinopatia_diabetica,0.0,sem_retinopatia_diabetica,0.0,1,unico
1048,MESSIDOR-2,20060530_55203_0100_PP.png,retinopatia_diabetica,1.0,retinopatia_diabetica_leve,0.0,1,unico
1049,MESSIDOR-2,20060530_55370_0100_PP.png,retinopatia_diabetica,1.0,retinopatia_diabetica_leve,0.0,1,unico
1050,MESSIDOR-2,20060530_55390_0100_PP.png,retinopatia_diabetica,1.0,retinopatia_diabetica_leve,0.0,1,unico
1051,MESSIDOR-2,20060530_55451_0100_PP.png,retinopatia_diabetica,1.0,retinopatia_diabetica_leve,0.0,1,unico
1052,MESSIDOR-2,20060530_55468_0100_PP.png,retinopatia_diabetica,2.0,retinopatia_diabetica_moderada,0.0,1,unico
1053,MESSIDOR-2,20060530_55607_0100_PP.png,retinopatia_diabetica,0.0,sem_retinopatia_diabetica,0.0,1,unico
1054,MESSIDOR-2,20060530_55628_0100_PP.png,retinopatia_diabetica,1.0,retinopatia_diabetica_leve,0.0,1,unico
1055,MESSIDOR-2,20060530_55724_0100_PP.png,retinopatia_diabetica,3.0,retinopatia_diabetica_grave,0.0,1,unico
1056,MESSIDOR-2,20060530_55746_0100_PP.png,retinopatia_diabetica,3.0,retinopatia_diabetica_grave,0.0,1,unico
1057,MESSIDOR-2,20060530_55816_0100_PP.png,retinopatia_diabetica,2.0,retinopatia_diabetica_moderada,1.0,1,unico
1058,MESSIDOR-2,20060530_55837_0100_PP.png,retinopatia_diabetica,2.0,retinopatia_diabetica_moderada,1.0,1,unico
1059,MESSIDOR-2,IM000012.jpg,retinopatia_diabetica,2.0,retinopatia_diabetica_moderada,0.0,1,unico
1060,MESSIDOR-2,IM000013.jpg,retinopatia_diabetica,1.0,retinopatia_diabetica_leve,0.0,1,unico
1061,MESSIDOR-2,IM000056.jpg,retinopatia_diabetica,0.0,sem_retinopatia_diabetica,0.0,1,unico
1062,MESSIDOR-2,IM000057.jpg,retinopatia_diabetica,0.0,sem_retinopatia_diabetica,0.0,1,unico
1063,MESSIDOR-2,IM000065.jpg,retinopatia_diabetica,1.0,retinopatia_diabetica_leve,0.0,1,unico
1064,MESSIDOR-2,IM000066.jpg,retinopatia_diabetica,1.0,retinopatia_diabetica_leve,0.0,1,unico
1065,MESSIDOR-2,IM000072.jpg,retinopatia_diabetica,0.0,sem_retinopatia_diabetica,0.0,1,unico
1066,MESSIDOR-2,IM000073.jpg,retinopatia_diabetica,0.0,sem_retinopatia_diabetica,0.0,1,unico
1067,MESSIDOR-2,IM000079.jpg,retinopatia_diabetica,1.0,retinopatia_diabetica_leve,0.0,1,unico
1068,MESSIDOR-2,IM000080.jpg,retinopatia_diabetica,0.0,sem_retinopatia_diabetica,0.0,1,unico
1069,MESSIDOR-2,IM000086.jpg,retinopatia_diabetica,0.0,sem_retinopatia_diabetica,0.0,1,unico
1070,MESSIDOR-2,IM000087.jpg,retinopatia_diabetica,0.0,sem_retinopatia_diabetica,0.0,1,unico
1071,MESSIDOR-2,IM000093.jpg,retinopatia_diabetica,2.0,retinopatia_diabetica_moderada,0.0,1,unico
1072,MESSIDOR-2,IM000094.jpg,retinopatia_diabetica,2.0,retinopatia_diabetica_moderada,0.0,1,unico
1073,MESSIDOR-2,IM000100.jpg,retinopatia_diabetica,0.0,sem_retinopatia_diabetica,0.0,1,unico
1074,MESSIDOR-2,IM000101.jpg,retinopatia_diabetica,0.0,sem_retinopatia_diabetica,0.0,1,unico
1075,MESSIDOR-2,IM000107.jpg,retinopatia_diabetica,0.0,sem_retinopatia_diabetica,0.0,1,unico
1076,MESSIDOR-2,IM000108.jpg,retinopatia_diabetica,0.0,sem_retinopatia_diabetica,0.0,1,unico
1077,MESSIDOR-2,IM000114.jpg,retinopatia_diabetica,0.0,sem_retinopatia_diabetica,0.0,1,unico
1078,MESSIDOR-2,IM000115.jpg,retinopatia_diabetica,0.0,sem_retinopatia_diabetica,0.0,1,unico
1079,MESSIDOR-2,IM000122.jpg,retinopatia_diabetica,0.0,sem_retinopatia_diabetica,0.0,1,unico
1080,MESSIDOR-2,IM000123.jpg,retinopatia_diabetica,0.0,sem_retinopatia_diabetica,0.0,1,unico
1081,MESSIDOR-2,IM000131.jpg,retinopatia_diabetica,0.0,sem_retinopatia_diabetica,0.0,1,unico
1082,MESSIDOR-2,IM000132.jpg,retinopatia_diabetica,0.0,sem_retinopatia_diabetica,0.0,1,unico
1083,MESSIDOR-2,IM000138.jpg,retinopatia_diabetica,1.0,retinopatia_diabetica_leve,0.0,1,unico
1084,MESSIDOR-2,IM000139.jpg,retinopatia_diabetica,0.0,sem_retinopatia_diabetica,0.0,1,unico
1085,MESSIDOR-2,IM000145.jpg,retinopatia_diabetica,1.0,retinopatia_diabetica_leve,0.0,1,unico
1086,MESSIDOR-2,IM000146.jpg,retinopatia_diabetica,0.0,sem_retinopatia_diabetica,0.0,1,unico
1087,MESSIDOR-2,IM000160.jpg,retinopatia_diabetica,0.0,sem_retinopatia_diabetica,0.0,1,unico
1088,MESSIDOR-2,IM000161.jpg,retinopatia_diabetica,0.0,sem_retinopatia_diabetica,0.0,1,unico
1089,MESSIDOR-2,IM000167.jpg,retinopatia_diabetica,0.0,sem_retinopatia_diabetica,0.0,1,unico
1090,MESSIDOR-2,IM000168.jpg,retinopatia_diabetica,0.0,sem_retinopatia_diabetica,0.0,1,unico
1091,MESSIDOR-2,IM000190.jpg,retinopatia_diabetica,0.0,sem_retinopatia_diabetica,0.0,1,unico
1092,MESSIDOR-2,IM000191.jpg,retinopatia_diabetica,0.0,sem_retinopatia_diabetica,0.0,1,unico
1093,MESSIDOR-2,IM000197.jpg,retinopatia_diabetica,0.0,sem_retinopatia_diabetica,0.0,1,unico
1094,MESSIDOR-2,IM000198.jpg,retinopatia_diabetica,0.0,sem_retinopatia_diabetica,0.0,1,unico
1095,MESSIDOR-2,IM000205.jpg,retinopatia_diabetica,0.0,sem_retinopatia_diabetica,0.0,1,unico
1096,MESSIDOR-2,IM000206.jpg,retinopatia_diabetica,0.0,sem_retinopatia_diabetica,0.0,1,unico
1097,MESSIDOR-2,IM000212.jpg,retinopatia_diabetica,0.0,sem_retinopatia_diabetica,0.0,1,unico
1098,MESSIDOR-2,IM000213.jpg,retinopatia_diabetica,0.0,sem_retinopatia_diabetica,0.0,1,unico
1099,MESSIDOR-2,IM000219.jpg,retinopatia_diabetica,0.0,sem_retinopatia_diabetica,0.0,1,unico
1100,MESSIDOR-2,IM000220.jpg,retinopatia_diabetica,0.0,sem_retinopatia_diabetica,0.0,1,unico
1101,MESSIDOR-2,IM000241.jpg,retinopatia_diabetica,0.0,sem_retinopatia_diabetica,0.0,1,unico
1102,MESSIDOR-2,IM000242.jpg,retinopatia_diabetica,0.0,sem_retinopatia_diabetica,0.0,1,unico
1103,MESSIDOR-2,IM000248.jpg,retinopatia_diabetica,2.0,retinopatia_diabetica_moderada,0.0,1,unico
1104,MESSIDOR-2,IM000249.jpg,retinopatia_diabetica,2.0,retinopatia_diabetica_moderada,0.0,1,unico
1105,MESSIDOR-2,IM000263.jpg,retinopatia_diabetica,0.0,sem_retinopatia_diabetica,0.0,1,unico
1106,MESSIDOR-2,IM000264.jpg,retinopatia_diabetica,0.0,sem_retinopatia_diabetica,0.0,1,unico
1107,MESSIDOR-2,IM000291.jpg,retinopatia_diabetica,0.0,sem_retinopatia_diabetica,0.0,1,unico
1108,MESSIDOR-2,IM000292.jpg,retinopatia_diabetica,0.0,sem_retinopatia_diabetica,0.0,1,unico
1109,MESSIDOR-2,IM000298.jpg,retinopatia_diabetica,0.0,sem_retinopatia_diabetica,0.0,1,unico
1110,MESSIDOR-2,IM000299.jpg,retinopatia_diabetica,0.0,sem_retinopatia_diabetica,0.0,1,unico
1111,MESSIDOR-2,IM000305.jpg,retinopatia_diabetica,0.0,sem_retinopatia_diabetica,0.0,1,unico
1112,MESSIDOR-2,IM000306.jpg,retinopatia_diabetica,0.0,sem_retinopatia_diabetica,0.0,1,unico
1113,MESSIDOR-2,IM000312.jpg,retinopatia_diabetica,0.0,sem_retinopatia_diabetica,0.0,1,unico
1114,MESSIDOR-2,IM000313.jpg,retinopatia_diabetica,0.0,sem_retinopatia_diabetica,0.0,1,unico
1115,MESSIDOR-2,IM000319.jpg,retinopatia_diabetica,0.0,sem_retinopatia_diabetica,0.0,1,unico
1116,MESSIDOR-2,IM000320.jpg,retinopatia_diabetica,1.0,retinopatia_diabetica_leve,0.0,1,unico
1117,MESSIDOR-2,IM000326.jpg,retinopatia_diabetica,0.0,sem_retinopatia_diabetica,0.0,1,unico
1118,MESSIDOR-2,IM000327.jpg,retinopatia_diabetica,0.0,sem_retinopatia_diabetica,0.0,1,unico
1119,MESSIDOR-2,IM000349.jpg,retinopatia_diabetica,0.0,sem_retinopatia_diabetica,0.0,1,unico
1120,MESSIDOR-2,IM000350.jpg,retinopatia_diabetica,0.0,sem_retinopatia_diabetica,0.0,1,unico
1121,MESSIDOR-2,IM000356.jpg,retinopatia_diabetica,0.0,sem_retinopatia_diabetica,0.0,1,unico
1122,MESSIDOR-2,IM000357.jpg,retinopatia_diabetica,0.0,sem_retinopatia_diabetica,0.0,1,unico
1123,MESSIDOR-2,IM000371.jpg,retinopatia_diabetica,0.0,sem_retinopatia_diabetica,0.0,1,unico
1124,MESSIDOR-2,IM000372.jpg,retinopatia_diabetica,0.0,sem_retinopatia_diabetica,0.0,1,unico
1125,MESSIDOR-2,IM000378.jpg,retinopatia_diabetica,0.0,sem_retinopatia_diabetica,0.0,1,unico
1126,MESSIDOR-2,IM000379.jpg,retinopatia_diabetica,0.0,sem_retinopatia_diabetica,0.0,1,unico
1127,MESSIDOR-2,IM000405.jpg,retinopatia_diabetica,1.0,retinopatia_diabetica_leve,0.0,1,unico
1128,MESSIDOR-2,IM000406.jpg,retinopatia_diabetica,1.0,retinopatia_diabetica_leve,0.0,1,unico
1129,MESSIDOR-2,IM000412.jpg,retinopatia_diabetica,0.0,sem_retinopatia_diabetica,0.0,1,unico
1130,MESSIDOR-2,IM000413.jpg,retinopatia_diabetica,1.0,retinopatia_diabetica_leve,0.0,1,unico
1131,MESSIDOR-2,IM000425.jpg,retinopatia_diabetica,0.0,sem_retinopatia_diabetica,0.0,1,unico
1132,MESSIDOR-2,IM000426.jpg,retinopatia_diabetica,0.0,sem_retinopatia_diabetica,0.0,1,unico
1133,MESSIDOR-2,IM000449.jpg,retinopatia_diabetica,0.0,sem_retinopatia_diabetica,0.0,1,unico
1134,MESSIDOR-2,IM000450.jpg,retinopatia_diabetica,0.0,sem_retinopatia_diabetica,0.0,1,unico
1135,MESSIDOR-2,IM000472.jpg,retinopatia_diabetica,2.0,retinopatia_diabetica_moderada,0.0,1,unico
1136,MESSIDOR-2,IM000473.jpg,retinopatia_diabetica,2.0,retinopatia_diabetica_moderada,0.0,1,unico
1137,MESSIDOR-2,IM000479.jpg,retinopatia_diabetica,0.0,sem_retinopatia_diabetica,0.0,1,unico
1138,MESSIDOR-2,IM000480.jpg,retinopatia_diabetica,0.0,sem_retinopatia_diabetica,0.0,1,unico
1139,MESSIDOR-2,IM000500.jpg,retinopatia_diabetica,1.0,retinopatia_diabetica_leve,0.0,1,unico
1140,MESSIDOR-2,IM000501.jpg,retinopatia_diabetica,0.0,sem_retinopatia_diabetica,0.0,1,unico
1141,MESSIDOR-2,IM000515.jpg,retinopatia_diabetica,0.0,sem_retinopatia_diabetica,0.0,1,unico
1142,MESSIDOR-2,IM000516.jpg,retinopatia_diabetica,0.0,sem_retinopatia_diabetica,0.0,1,unico
1143,MESSIDOR-2,IM000530.jpg,retinopatia_diabetica,1.0,retinopatia_diabetica_leve,0.0,1,unico
1144,MESSIDOR-2,IM000531.jpg,retinopatia_diabetica,0.0,sem_retinopatia_diabetica,0.0,1,unico
1145,MESSIDOR-2,IM000537.jpg,retinopatia_diabetica,0.0,sem_retinopatia_diabetica,0.0,1,unico
1146,MESSIDOR-2,IM000538.jpg,retinopatia_diabetica,0.0,sem_retinopatia_diabetica,0.0,1,unico
1147,MESSIDOR-2,IM000546.jpg,retinopatia_diabetica,2.0,retinopatia_diabetica_moderada,0.0,1,unico
1148,MESSIDOR-2,IM000547.jpg,retinopatia_diabetica,2.0,retinopatia_diabetica_moderada,0.0,1,unico
1149,MESSIDOR-2,IM000553.jpg,retinopatia_diabetica,0.0,sem_retinopatia_diabetica,0.0,1,unico
1150,MESSIDOR-2,IM000554.jpg,retinopatia_diabetica,0.0,sem_retinopatia_diabetica,0.0,1,unico
1151,MESSIDOR-2,IM000560.jpg,retinopatia_diabetica,0.0,sem_retinopatia_diabetica,0.0,1,unico
1152,MESSIDOR-2,IM000561.jpg,retinopatia_diabetica,0.0,sem_retinopatia_diabetica,0.0,1,unico
1153,MESSIDOR-2,IM000567.jpg,retinopatia_diabetica,0.0,sem_retinopatia_diabetica,0.0,1,unico
1154,MESSIDOR-2,IM000568.jpg,retinopatia_diabetica,0.0,sem_retinopatia_diabetica,0.0,1,unico
1155,MESSIDOR-2,IM000579.jpg,retinopatia_diabetica,0.0,sem_retinopatia_diabetica,0.0,1,unico
1156,MESSIDOR-2,IM000580.jpg,retinopatia_diabetica,0.0,sem_retinopatia_diabetica,0.0,1,unico
1157,MESSIDOR-2,IM000586.jpg,retinopatia_diabetica,0.0,sem_retinopatia_diabetica,0.0,1,unico
1158,MESSIDOR-2,IM000587.jpg,retinopatia_diabetica,0.0,sem_retinopatia_diabetica,0.0,1,unico
1159,MESSIDOR-2,IM000594.jpg,retinopatia_diabetica,0.0,sem_retinopatia_diabetica,0.0,1,unico
1160,MESSIDOR-2,IM000595.jpg,retinopatia_diabetica,0.0,sem_retinopatia_diabetica,0.0,1,unico
1161,MESSIDOR-2,IM000601.jpg,retinopatia_diabetica,0.0,sem_retinopatia_diabetica,0.0,1,unico
1162,MESSIDOR-2,IM000602.jpg,retinopatia_diabetica,0.0,sem_retinopatia_diabetica,0.0,1,unico
1163,MESSIDOR-2,IM000653.jpg,retinopatia_diabetica,0.0,sem_retinopatia_diabetica,0.0,1,unico
1164,MESSIDOR-2,IM000654.jpg,retinopatia_diabetica,1.0,retinopatia_diabetica_leve,0.0,1,unico
1165,MESSIDOR-2,IM000667.jpg,retinopatia_diabetica,0.0,sem_retinopatia_diabetica,0.0,1,unico
1166,MESSIDOR-2,IM000668.jpg,retinopatia_diabetica,0.0,sem_retinopatia_diabetica,0.0,1,unico
1167,MESSIDOR-2,IM000674.jpg,retinopatia_diabetica,0.0,sem_retinopatia_diabetica,0.0,1,unico
1168,MESSIDOR-2,IM000675.jpg,retinopatia_diabetica,0.0,sem_retinopatia_diabetica,0.0,1,unico
1169,MESSIDOR-2,IM000682.jpg,retinopatia_diabetica,0.0,sem_retinopatia_diabetica,0.0,1,unico
1170,MESSIDOR-2,IM000683.jpg,retinopatia_diabetica,0.0,sem_retinopatia_diabetica,0.0,1,unico
1171,MESSIDOR-2,IM000689.jpg,retinopatia_diabetica,0.0,sem_retinopatia_diabetica,0.0,1,unico
1172,MESSIDOR-2,IM000690.jpg,retinopatia_diabetica,0.0,sem_retinopatia_diabetica,0.0,1,unico
1173,MESSIDOR-2,IM000696.jpg,retinopatia_diabetica,0.0,sem_retinopatia_diabetica,0.0,1,unico
1174,MESSIDOR-2,IM000697.jpg,retinopatia_diabetica,0.0,sem_retinopatia_diabetica,0.0,1,unico
1175,MESSIDOR-2,IM000703.jpg,retinopatia_diabetica,0.0,sem_retinopatia_diabetica,0.0,1,unico
1176,MESSIDOR-2,IM000704.jpg,retinopatia_diabetica,0.0,sem_retinopatia_diabetica,0.0,1,unico
1177,MESSIDOR-2,IM000711.jpg,retinopatia_diabetica,0.0,sem_retinopatia_diabetica,0.0,1,unico
1178,MESSIDOR-2,IM000712.jpg,retinopatia_diabetica,0.0,sem_retinopatia_diabetica,0.0,1,unico
1179,MESSIDOR-2,IM000725.jpg,retinopatia_diabetica,1.0,retinopatia_diabetica_leve,0.0,1,unico
1180,MESSIDOR-2,IM000726.jpg,retinopatia_diabetica,2.0,retinopatia_diabetica_moderada,0.0,1,unico
1181,MESSIDOR-2,IM000732.jpg,retinopatia_diabetica,1.0,retinopatia_diabetica_leve,0.0,1,unico
1182,MESSIDOR-2,IM000733.jpg,retinopatia_diabetica,0.0,sem_retinopatia_diabetica,0.0,1,unico
1183,MESSIDOR-2,IM000761.jpg,retinopatia_diabetica,0.0,sem_retinopatia_diabetica,0.0,1,unico
1184,MESSIDOR-2,IM000762.jpg,retinopatia_diabetica,0.0,sem_retinopatia_diabetica,0.0,1,unico
1185,MESSIDOR-2,IM000768.jpg,retinopatia_diabetica,1.0,retinopatia_diabetica_leve,0.0,1,unico
1186,MESSIDOR-2,IM000769.jpg,retinopatia_diabetica,1.0,retinopatia_diabetica_leve,0.0,1,unico
1187,MESSIDOR-2,IM000776.jpg,retinopatia_diabetica,0.0,sem_retinopatia_diabetica,0.0,1,unico
1188,MESSIDOR-2,IM000777.jpg,retinopatia_diabetica,0.0,sem_retinopatia_diabetica,0.0,1,unico
1189,MESSIDOR-2,IM000805.jpg,retinopatia_diabetica,0.0,sem_retinopatia_diabetica,0.0,1,unico
1190,MESSIDOR-2,IM000806.jpg,retinopatia_diabetica,0.0,sem_retinopatia_diabetica,0.0,1,unico
1191,MESSIDOR-2,IM000812.jpg,retinopatia_diabetica,0.0,sem_retinopatia_diabetica,0.0,1,unico
1192,MESSIDOR-2,IM000813.jpg,retinopatia_diabetica,0.0,sem_retinopatia_diabetica,0.0,1,unico
1193,MESSIDOR-2,IM000826.jpg,retinopatia_diabetica,1.0,retinopatia_diabetica_leve,0.0,1,unico
1194,MESSIDOR-2,IM000827.jpg,retinopatia_diabetica,0.0,sem_retinopatia_diabetica,0.0,1,unico
1195,MESSIDOR-2,IM000833.jpg,retinopatia_diabetica,0.0,sem_retinopatia_diabetica,0.0,1,unico
1196,MESSIDOR-2,IM000834.jpg,retinopatia_diabetica,1.0,retinopatia_diabetica_leve,0.0,1,unico
1197,MESSIDOR-2,IM000840.jpg,retinopatia_diabetica,0.0,sem_retinopatia_diabetica,0.0,1,unico
1198,MESSIDOR-2,IM000848.jpg,retinopatia_diabetica,1.0,retinopatia_diabetica_leve,0.0,1,unico
1199,MESSIDOR-2,IM000850.jpg,retinopatia_diabetica,0.0,sem_retinopatia_diabetica,0.0,1,unico
1200,MESSIDOR-2,IM000851.jpg,retinopatia_diabetica,0.0,sem_retinopatia_diabetica,0.0,1,unico
1201,MESSIDOR-2,IM000859.jpg,retinopatia_diabetica,0.0,sem_retinopatia_diabetica,0.0,1,unico
1202,MESSIDOR-2,IM000860.jpg,retinopatia_diabetica,0.0,sem_retinopatia_diabetica,0.0,1,unico
1203,MESSIDOR-2,IM000880.jpg,retinopatia_diabetica,1.0,retinopatia_diabetica_leve,0.0,1,unico
1204,MESSIDOR-2,IM000881.jpg,retinopatia_diabetica,0.0,sem_retinopatia_diabetica,0.0,1,unico
1205,MESSIDOR-2,IM000887.jpg,retinopatia_diabetica,0.0,sem_retinopatia_diabetica,0.0,1,unico
1206,MESSIDOR-2,IM000888.jpg,retinopatia_diabetica,0.0,sem_retinopatia_diabetica,0.0,1,unico
1207,MESSIDOR-2,IM000895.jpg,retinopatia_diabetica,2.0,retinopatia_diabetica_moderada,0.0,1,unico
1208,MESSIDOR-2,IM000896.jpg,retinopatia_diabetica,2.0,retinopatia_diabetica_moderada,0.0,1,unico
1209,MESSIDOR-2,IM000916.jpg,retinopatia_diabetica,0.0,sem_retinopatia_diabetica,0.0,1,unico
1210,MESSIDOR-2,IM000917.jpg,retinopatia_diabetica,0.0,sem_retinopatia_diabetica,0.0,1,unico
1211,MESSIDOR-2,IM000923.jpg,retinopatia_diabetica,0.0,sem_retinopatia_diabetica,0.0,1,unico
1212,MESSIDOR-2,IM000924.jpg,retinopatia_diabetica,0.0,sem_retinopatia_diabetica,0.0,1,unico
1213,MESSIDOR-2,IM000937.jpg,retinopatia_diabetica,0.0,sem_retinopatia_diabetica,0.0,1,unico
1214,MESSIDOR-2,IM000938.jpg,retinopatia_diabetica,0.0,sem_retinopatia_diabetica,0.0,1,unico
1215,MESSIDOR-2,IM000984.jpg,retinopatia_diabetica,1.0,retinopatia_diabetica_leve,0.0,1,unico
1216,MESSIDOR-2,IM000985.jpg,retinopatia_diabetica,2.0,retinopatia_diabetica_moderada,0.0,1,unico
1217,MESSIDOR-2,IM000991.jpg,retinopatia_diabetica,0.0,sem_retinopatia_diabetica,0.0,1,unico
1218,MESSIDOR-2,IM000992.jpg,retinopatia_diabetica,0.0,sem_retinopatia_diabetica,0.0,1,unico
1219,MESSIDOR-2,IM000998.jpg,retinopatia_diabetica,0.0,sem_retinopatia_diabetica,0.0,1,unico
1220,MESSIDOR-2,IM000999.jpg,retinopatia_diabetica,0.0,sem_retinopatia_diabetica,0.0,1,unico
1221,MESSIDOR-2,IM001007.jpg,retinopatia_diabetica,0.0,sem_retinopatia_diabetica,0.0,1,unico
1222,MESSIDOR-2,IM001008.jpg,retinopatia_diabetica,0.0,sem_retinopatia_diabetica,0.0,1,unico
1223,MESSIDOR-2,IM001026.jpg,retinopatia_diabetica,0.0,sem_retinopatia_diabetica,0.0,1,unico
1224,MESSIDOR-2,IM001027.jpg,retinopatia_diabetica,0.0,sem_retinopatia_diabetica,0.0,1,unico
1225,MESSIDOR-2,IM001033.jpg,retinopatia_diabetica,1.0,retinopatia_diabetica_leve,0.0,1,unico
1226,MESSIDOR-2,IM001034.jpg,retinopatia_diabetica,0.0,sem_retinopatia_diabetica,0.0,1,unico
1227,MESSIDOR-2,IM001088.jpg,retinopatia_diabetica,2.0,retinopatia_diabetica_moderada,0.0,1,unico
1228,MESSIDOR-2,IM001089.jpg,retinopatia_diabetica,0.0,sem_retinopatia_diabetica,0.0,1,unico
1229,MESSIDOR-2,IM001095.jpg,retinopatia_diabetica,0.0,sem_retinopatia_diabetica,0.0,1,unico
1230,MESSIDOR-2,IM001096.jpg,retinopatia_diabetica,0.0,sem_retinopatia_diabetica,0.0,1,unico
1231,MESSIDOR-2,IM001102.jpg,retinopatia_diabetica,0.0,sem_retinopatia_diabetica,0.0,1,unico
1232,MESSIDOR-2,IM001103.jpg,retinopatia_diabetica,0.0,sem_retinopatia_diabetica,0.0,1,unico
1233,MESSIDOR-2,IM001109.jpg,retinopatia_diabetica,0.0,sem_retinopatia_diabetica,0.0,1,unico
1234,MESSIDOR-2,IM001110.jpg,retinopatia_diabetica,1.0,retinopatia_diabetica_leve,0.0,1,unico
1235,MESSIDOR-2,IM001116.jpg,retinopatia_diabetica,0.0,sem_retinopatia_diabetica,0.0,1,unico
1236,MESSIDOR-2,IM001117.jpg,retinopatia_diabetica,0.0,sem_retinopatia_diabetica,0.0,1,unico
1237,MESSIDOR-2,IM001123.jpg,retinopatia_diabetica,0.0,sem_retinopatia_diabetica,0.0,1,unico
1238,MESSIDOR-2,IM001124.jpg,retinopatia_diabetica,0.0,sem_retinopatia_diabetica,0.0,1,unico
1239,MESSIDOR-2,IM001138.jpg,retinopatia_diabetica,0.0,sem_retinopatia_diabetica,0.0,1,unico
1240,MESSIDOR-2,IM001139.jpg,retinopatia_diabetica,0.0,sem_retinopatia_diabetica,0.0,1,unico
1241,MESSIDOR-2,IM001145.jpg,retinopatia_diabetica,0.0,sem_retinopatia_diabetica,0.0,1,unico
1242,MESSIDOR-2,IM001146.jpg,retinopatia_diabetica,1.0,retinopatia_diabetica_leve,0.0,1,unico
1243,MESSIDOR-2,IM001152.jpg,retinopatia_diabetica,0.0,sem_retinopatia_diabetica,0.0,1,unico
1244,MESSIDOR-2,IM001153.jpg,retinopatia_diabetica,0.0,sem_retinopatia_diabetica,0.0,1,unico
1245,MESSIDOR-2,IM001160.jpg,retinopatia_diabetica,0.0,sem_retinopatia_diabetica,0.0,1,unico
1246,MESSIDOR-2,IM001161.jpg,retinopatia_diabetica,0.0,sem_retinopatia_diabetica,0.0,1,unico
1247,MESSIDOR-2,IM001167.jpg,retinopatia_diabetica,0.0,sem_retinopatia_diabetica,0.0,1,unico
1248,MESSIDOR-2,IM001168.jpg,retinopatia_diabetica,0.0,sem_retinopatia_diabetica,0.0,1,unico
1249,MESSIDOR-2,IM001174.jpg,retinopatia_diabetica,0.0,sem_retinopatia_diabetica,0.0,1,unico
1250,MESSIDOR-2,IM001175.jpg,retinopatia_diabetica,0.0,sem_retinopatia_diabetica,0.0,1,unico
1251,MESSIDOR-2,IM001181.jpg,retinopatia_diabetica,0.0,sem_retinopatia_diabetica,0.0,1,unico
1252,MESSIDOR-2,IM001185.jpg,retinopatia_diabetica,0.0,sem_retinopatia_diabetica,0.0,1,unico
1253,MESSIDOR-2,IM001199.jpg,retinopatia_diabetica,0.0,sem_retinopatia_diabetica,0.0,1,unico
1254,MESSIDOR-2,IM001200.jpg,retinopatia_diabetica,1.0,retinopatia_diabetica_leve,0.0,1,unico
1255,MESSIDOR-2,IM001210.jpg,retinopatia_diabetica,0.0,sem_retinopatia_diabetica,0.0,1,unico
1256,MESSIDOR-2,IM001211.jpg,retinopatia_diabetica,0.0,sem_retinopatia_diabetica,0.0,1,unico
1257,MESSIDOR-2,IM001217.jpg,retinopatia_diabetica,0.0,sem_retinopatia_diabetica,0.0,1,unico
1258,MESSIDOR-2,IM001218.jpg,retinopatia_diabetica,1.0,retinopatia_diabetica_leve,0.0,1,unico
1259,MESSIDOR-2,IM001224.jpg,retinopatia_diabetica,0.0,sem_retinopatia_diabetica,0.0,1,unico
1260,MESSIDOR-2,IM001227.jpg,retinopatia_diabetica,0.0,sem_retinopatia_diabetica,0.0,1,unico
1261,MESSIDOR-2,IM001231.jpg,retinopatia_diabetica,2.0,retinopatia_diabetica_moderada,0.0,1,unico
1262,MESSIDOR-2,IM001232.jpg,retinopatia_diabetica,2.0,retinopatia_diabetica_moderada,1.0,1,unico
1263,MESSIDOR-2,IM001245.jpg,retinopatia_diabetica,2.0,retinopatia_diabetica_moderada,0.0,1,unico
1264,MESSIDOR-2,IM001246.jpg,retinopatia_diabetica,0.0,sem_retinopatia_diabetica,0.0,1,unico
1265,MESSIDOR-2,IM001252.jpg,retinopatia_diabetica,0.0,sem_retinopatia_diabetica,0.0,1,unico
1266,MESSIDOR-2,IM001253.jpg,retinopatia_diabetica,2.0,retinopatia_diabetica_moderada,0.0,1,unico
1267,MESSIDOR-2,IM001272.jpg,retinopatia_diabetica,0.0,sem_retinopatia_diabetica,0.0,1,unico
1268,MESSIDOR-2,IM001273.jpg,retinopatia_diabetica,0.0,sem_retinopatia_diabetica,0.0,1,unico
1269,MESSIDOR-2,IM001293.jpg,retinopatia_diabetica,0.0,sem_retinopatia_diabetica,0.0,1,unico
1270,MESSIDOR-2,IM001294.jpg,retinopatia_diabetica,0.0,sem_retinopatia_diabetica,0.0,1,unico
1271,MESSIDOR-2,IM001300.jpg,retinopatia_diabetica,0.0,sem_retinopatia_diabetica,0.0,1,unico
1272,MESSIDOR-2,IM001301.jpg,retinopatia_diabetica,1.0,retinopatia_diabetica_leve,0.0,1,unico
1273,MESSIDOR-2,IM001307.jpg,retinopatia_diabetica,1.0,retinopatia_diabetica_leve,0.0,1,unico
1274,MESSIDOR-2,IM001308.jpg,retinopatia_diabetica,0.0,sem_retinopatia_diabetica,0.0,1,unico
1275,MESSIDOR-2,IM001321.jpg,retinopatia_diabetica,0.0,sem_retinopatia_diabetica,0.0,1,unico
1276,MESSIDOR-2,IM001322.jpg,retinopatia_diabetica,0.0,sem_retinopatia_diabetica,0.0,1,unico
1277,MESSIDOR-2,IM001328.jpg,retinopatia_diabetica,1.0,retinopatia_diabetica_leve,0.0,1,unico
1278,MESSIDOR-2,IM001329.jpg,retinopatia_diabetica,0.0,sem_retinopatia_diabetica,0.0,1,unico
1279,MESSIDOR-2,IM001335.jpg,retinopatia_diabetica,0.0,sem_retinopatia_diabetica,0.0,1,unico
1280,MESSIDOR-2,IM001336.jpg,retinopatia_diabetica,0.0,sem_retinopatia_diabetica,0.0,1,unico
1281,MESSIDOR-2,IM001357.jpg,retinopatia_diabetica,0.0,sem_retinopatia_diabetica,0.0,1,unico
1282,MESSIDOR-2,IM001358.jpg,retinopatia_diabetica,1.0,retinopatia_diabetica_leve,0.0,1,unico
1283,MESSIDOR-2,IM001371.jpg,retinopatia_diabetica,3.0,retinopatia_diabetica_grave,0.0,1,unico
1284,MESSIDOR-2,IM001372.jpg,retinopatia_diabetica,3.0,retinopatia_diabetica_grave,0.0,1,unico
1285,MESSIDOR-2,IM001386.jpg,retinopatia_diabetica,0.0,sem_retinopatia_diabetica,0.0,1,unico
1286,MESSIDOR-2,IM001387.jpg,retinopatia_diabetica,0.0,sem_retinopatia_diabetica,0.0,1,unico
1287,MESSIDOR-2,IM001401.jpg,retinopatia_diabetica,0.0,sem_retinopatia_diabetica,0.0,1,unico
1288,MESSIDOR-2,IM001402.jpg,retinopatia_diabetica,0.0,sem_retinopatia_diabetica,0.0,1,unico
1289,MESSIDOR-2,IM001415.jpg,retinopatia_diabetica,0.0,sem_retinopatia_diabetica,0.0,1,unico
1290,MESSIDOR-2,IM001416.jpg,retinopatia_diabetica,0.0,sem_retinopatia_diabetica,0.0,1,unico
1291,MESSIDOR-2,IM001422.jpg,retinopatia_diabetica,0.0,sem_retinopatia_diabetica,0.0,1,unico
1292,MESSIDOR-2,IM001423.jpg,retinopatia_diabetica,0.0,sem_retinopatia_diabetica,0.0,1,unico
1293,MESSIDOR-2,IM001439.jpg,retinopatia_diabetica,1.0,retinopatia_diabetica_leve,0.0,1,unico
1294,MESSIDOR-2,IM001440.jpg,retinopatia_diabetica,0.0,sem_retinopatia_diabetica,0.0,1,unico
1295,MESSIDOR-2,IM001453.jpg,retinopatia_diabetica,0.0,sem_retinopatia_diabetica,0.0,1,unico
1296,MESSIDOR-2,IM001454.jpg,retinopatia_diabetica,0.0,sem_retinopatia_diabetica,0.0,1,unico
1297,MESSIDOR-2,IM001460.jpg,retinopatia_diabetica,0.0,sem_retinopatia_diabetica,0.0,1,unico
1298,MESSIDOR-2,IM001461.jpg,retinopatia_diabetica,0.0,sem_retinopatia_diabetica,0.0,1,unico
1299,MESSIDOR-2,IM001467.jpg,retinopatia_diabetica,0.0,sem_retinopatia_diabetica,0.0,1,unico
1300,MESSIDOR-2,IM001468.jpg,retinopatia_diabetica,0.0,sem_retinopatia_diabetica,0.0,1,unico
1301,MESSIDOR-2,IM001476.jpg,retinopatia_diabetica,2.0,retinopatia_diabetica_moderada,0.0,1,unico
1302,MESSIDOR-2,IM001477.jpg,retinopatia_diabetica,2.0,retinopatia_diabetica_moderada,0.0,1,unico
1303,MESSIDOR-2,IM001483.jpg,retinopatia_diabetica,0.0,sem_retinopatia_diabetica,0.0,1,unico
1304,MESSIDOR-2,IM001484.jpg,retinopatia_diabetica,0.0,sem_retinopatia_diabetica,0.0,1,unico
1305,MESSIDOR-2,IM001490.jpg,retinopatia_diabetica,0.0,sem_retinopatia_diabetica,0.0,1,unico
1306,MESSIDOR-2,IM001492.jpg,retinopatia_diabetica,0.0,sem_retinopatia_diabetica,0.0,1,unico
1307,MESSIDOR-2,IM001513.jpg,retinopatia_diabetica,0.0,sem_retinopatia_diabetica,0.0,1,unico
1308,MESSIDOR-2,IM001514.jpg,retinopatia_diabetica,0.0,sem_retinopatia_diabetica,0.0,1,unico
1309,MESSIDOR-2,IM001539.jpg,retinopatia_diabetica,0.0,sem_retinopatia_diabetica,0.0,1,unico
1310,MESSIDOR-2,IM001540.jpg,retinopatia_diabetica,0.0,sem_retinopatia_diabetica,0.0,1,unico
1311,MESSIDOR-2,IM001559.jpg,retinopatia_diabetica,0.0,sem_retinopatia_diabetica,0.0,1,unico
1312,MESSIDOR-2,IM001560.jpg,retinopatia_diabetica,0.0,sem_retinopatia_diabetica,0.0,1,unico
1313,MESSIDOR-2,IM001581.jpg,retinopatia_diabetica,0.0,sem_retinopatia_diabetica,0.0,1,unico
1314,MESSIDOR-2,IM001582.jpg,retinopatia_diabetica,0.0,sem_retinopatia_diabetica,0.0,1,unico
1315,MESSIDOR-2,IM001596.jpg,retinopatia_diabetica,0.0,sem_retinopatia_diabetica,0.0,1,unico
1316,MESSIDOR-2,IM001597.jpg,retinopatia_diabetica,0.0,sem_retinopatia_diabetica,0.0,1,unico
1317,MESSIDOR-2,IM001617.jpg,retinopatia_diabetica,2.0,retinopatia_diabetica_moderada,0.0,1,unico
1318,MESSIDOR-2,IM001618.jpg,retinopatia_diabetica,2.0,retinopatia_diabetica_moderada,0.0,1,unico
1319,MESSIDOR-2,IM001629.jpg,retinopatia_diabetica,0.0,sem_retinopatia_diabetica,0.0,1,unico
1320,MESSIDOR-2,IM001630.jpg,retinopatia_diabetica,0.0,sem_retinopatia_diabetica,0.0,1,unico
1321,MESSIDOR-2,IM001636.jpg,retinopatia_diabetica,0.0,sem_retinopatia_diabetica,0.0,1,unico
1322,MESSIDOR-2,IM001637.jpg,retinopatia_diabetica,0.0,sem_retinopatia_diabetica,0.0,1,unico
1323,MESSIDOR-2,IM001643.jpg,retinopatia_diabetica,1.0,retinopatia_diabetica_leve,0.0,1,unico
1324,MESSIDOR-2,IM001644.jpg,retinopatia_diabetica,2.0,retinopatia_diabetica_moderada,0.0,1,unico
1325,MESSIDOR-2,IM001666.jpg,retinopatia_diabetica,0.0,sem_retinopatia_diabetica,0.0,1,unico
1326,MESSIDOR-2,IM001667.jpg,retinopatia_diabetica,0.0,sem_retinopatia_diabetica,0.0,1,unico
1327,MESSIDOR-2,IM001673.jpg,retinopatia_diabetica,0.0,sem_retinopatia_diabetica,0.0,1,unico
1328,MESSIDOR-2,IM001674.jpg,retinopatia_diabetica,0.0,sem_retinopatia_diabetica,0.0,1,unico
1329,MESSIDOR-2,IM001680.jpg,retinopatia_diabetica,2.0,retinopatia_diabetica_moderada,0.0,1,unico
1330,MESSIDOR-2,IM001681.jpg,retinopatia_diabetica,1.0,retinopatia_diabetica_leve,0.0,1,unico
1331,MESSIDOR-2,IM001687.jpg,retinopatia_diabetica,0.0,sem_retinopatia_diabetica,0.0,1,unico
1332,MESSIDOR-2,IM001688.jpg,retinopatia_diabetica,0.0,sem_retinopatia_diabetica,0.0,1,unico
1333,MESSIDOR-2,IM001701.jpg,retinopatia_diabetica,0.0,sem_retinopatia_diabetica,0.0,1,unico
1334,MESSIDOR-2,IM001702.jpg,retinopatia_diabetica,0.0,sem_retinopatia_diabetica,0.0,1,unico
1335,MESSIDOR-2,IM001737.jpg,retinopatia_diabetica,0.0,sem_retinopatia_diabetica,0.0,1,unico
1336,MESSIDOR-2,IM001738.jpg,retinopatia_diabetica,0.0,sem_retinopatia_diabetica,0.0,1,unico
1337,MESSIDOR-2,IM001744.jpg,retinopatia_diabetica,0.0,sem_retinopatia_diabetica,0.0,1,unico
1338,MESSIDOR-2,IM001745.jpg,retinopatia_diabetica,0.0,sem_retinopatia_diabetica,0.0,1,unico
1339,MESSIDOR-2,IM001751.jpg,retinopatia_diabetica,4.0,retinopatia_diabetica_proliferativa,0.0,1,unico
1340,MESSIDOR-2,IM001752.jpg,retinopatia_diabetica,4.0,retinopatia_diabetica_proliferativa,1.0,1,unico
1341,MESSIDOR-2,IM001758.jpg,retinopatia_diabetica,0.0,sem_retinopatia_diabetica,0.0,1,unico
1342,MESSIDOR-2,IM001759.jpg,retinopatia_diabetica,0.0,sem_retinopatia_diabetica,0.0,1,unico
1343,MESSIDOR-2,IM001765.jpg,retinopatia_diabetica,0.0,sem_retinopatia_diabetica,0.0,1,unico
1344,MESSIDOR-2,IM001766.jpg,retinopatia_diabetica,0.0,sem_retinopatia_diabetica,0.0,1,unico
1345,MESSIDOR-2,IM001797.jpg,retinopatia_diabetica,0.0,sem_retinopatia_diabetica,0.0,1,unico
1346,MESSIDOR-2,IM001798.jpg,retinopatia_diabetica,0.0,sem_retinopatia_diabetica,0.0,1,unico
1347,MESSIDOR-2,IM001804.jpg,retinopatia_diabetica,0.0,sem_retinopatia_diabetica,0.0,1,unico
1348,MESSIDOR-2,IM001805.jpg,retinopatia_diabetica,1.0,retinopatia_diabetica_leve,0.0,1,unico
1349,MESSIDOR-2,IM001831.jpg,retinopatia_diabetica,0.0,sem_retinopatia_diabetica,0.0,1,unico
1350,MESSIDOR-2,IM001832.jpg,retinopatia_diabetica,0.0,sem_retinopatia_diabetica,0.0,1,unico
1351,MESSIDOR-2,IM001845.jpg,retinopatia_diabetica,0.0,sem_retinopatia_diabetica,0.0,1,unico
1352,MESSIDOR-2,IM001846.jpg,retinopatia_diabetica,0.0,sem_retinopatia_diabetica,0.0,1,unico
1353,MESSIDOR-2,IM001853.jpg,retinopatia_diabetica,0.0,sem_retinopatia_diabetica,0.0,1,unico
1354,MESSIDOR-2,IM001854.jpg,retinopatia_diabetica,0.0,sem_retinopatia_diabetica,0.0,1,unico
1355,MESSIDOR-2,IM001866.jpg,retinopatia_diabetica,2.0,retinopatia_diabetica_moderada,0.0,1,unico
1356,MESSIDOR-2,IM001867.jpg,retinopatia_diabetica,2.0,retinopatia_diabetica_moderada,0.0,1,unico
1357,MESSIDOR-2,IM001880.jpg,retinopatia_diabetica,1.0,retinopatia_diabetica_leve,0.0,1,unico
1358,MESSIDOR-2,IM001881.jpg,retinopatia_diabetica,2.0,retinopatia_diabetica_moderada,0.0,1,unico
1359,MESSIDOR-2,IM001911.jpg,retinopatia_diabetica,0.0,sem_retinopatia_diabetica,0.0,1,unico
1360,MESSIDOR-2,IM001912.jpg,retinopatia_diabetica,0.0,sem_retinopatia_diabetica,0.0,1,unico
1361,MESSIDOR-2,IM001926.jpg,retinopatia_diabetica,1.0,retinopatia_diabetica_leve,0.0,1,unico
1362,MESSIDOR-2,IM001927.jpg,retinopatia_diabetica,1.0,retinopatia_diabetica_leve,0.0,1,unico
1363,MESSIDOR-2,IM001941.jpg,retinopatia_diabetica,4.0,retinopatia_diabetica_proliferativa,0.0,1,unico
1364,MESSIDOR-2,IM001942.jpg,retinopatia_diabetica,4.0,retinopatia_diabetica_proliferativa,0.0,1,unico
1365,MESSIDOR-2,IM001948.jpg,retinopatia_diabetica,0.0,sem_retinopatia_diabetica,0.0,1,unico
1366,MESSIDOR-2,IM001950.jpg,retinopatia_diabetica,0.0,sem_retinopatia_diabetica,0.0,1,unico
1367,MESSIDOR-2,IM001964.jpg,retinopatia_diabetica,1.0,retinopatia_diabetica_leve,0.0,1,unico
1368,MESSIDOR-2,IM001965.jpg,retinopatia_diabetica,0.0,sem_retinopatia_diabetica,0.0,1,unico
1369,MESSIDOR-2,IM001984.jpg,retinopatia_diabetica,0.0,sem_retinopatia_diabetica,0.0,1,unico
1370,MESSIDOR-2,IM001985.jpg,retinopatia_diabetica,0.0,sem_retinopatia_diabetica,0.0,1,unico
1371,MESSIDOR-2,IM002003.jpg,retinopatia_diabetica,0.0,sem_retinopatia_diabetica,0.0,1,unico
1372,MESSIDOR-2,IM002004.jpg,retinopatia_diabetica,0.0,sem_retinopatia_diabetica,0.0,1,unico
1373,MESSIDOR-2,IM002019.jpg,retinopatia_diabetica,0.0,sem_retinopatia_diabetica,0.0,1,unico
1374,MESSIDOR-2,IM002020.jpg,retinopatia_diabetica,0.0,sem_retinopatia_diabetica,0.0,1,unico
1375,MESSIDOR-2,IM002026.jpg,retinopatia_diabetica,0.0,sem_retinopatia_diabetica,0.0,1,unico
1376,MESSIDOR-2,IM002027.jpg,retinopatia_diabetica,0.0,sem_retinopatia_diabetica,0.0,1,unico
1377,MESSIDOR-2,IM002033.jpg,retinopatia_diabetica,1.0,retinopatia_diabetica_leve,0.0,1,unico
1378,MESSIDOR-2,IM002034.jpg,retinopatia_diabetica,0.0,sem_retinopatia_diabetica,0.0,1,unico
1379,MESSIDOR-2,IM002052.jpg,retinopatia_diabetica,0.0,sem_retinopatia_diabetica,0.0,1,unico
1380,MESSIDOR-2,IM002053.jpg,retinopatia_diabetica,0.0,sem_retinopatia_diabetica,0.0,1,unico
1381,MESSIDOR-2,IM002070.jpg,retinopatia_diabetica,0.0,sem_retinopatia_diabetica,0.0,1,unico
1382,MESSIDOR-2,IM002071.jpg,retinopatia_diabetica,0.0,sem_retinopatia_diabetica,0.0,1,unico
1383,MESSIDOR-2,IM002134.jpg,retinopatia_diabetica,0.0,sem_retinopatia_diabetica,0.0,1,unico
1384,MESSIDOR-2,IM002135.jpg,retinopatia_diabetica,0.0,sem_retinopatia_diabetica,0.0,1,unico
1385,MESSIDOR-2,IM002148.jpg,retinopatia_diabetica,1.0,retinopatia_diabetica_leve,0.0,1,unico
1386,MESSIDOR-2,IM002149.jpg,retinopatia_diabetica,0.0,sem_retinopatia_diabetica,0.0,1,unico
1387,MESSIDOR-2,IM002156.jpg,retinopatia_diabetica,0.0,sem_retinopatia_diabetica,0.0,1,unico
1388,MESSIDOR-2,IM002157.jpg,retinopatia_diabetica,0.0,sem_retinopatia_diabetica,0.0,1,unico
1389,MESSIDOR-2,IM002201.jpg,retinopatia_diabetica,0.0,sem_retinopatia_diabetica,0.0,1,unico
1390,MESSIDOR-2,IM002202.jpg,retinopatia_diabetica,0.0,sem_retinopatia_diabetica,0.0,1,unico
1391,MESSIDOR-2,IM002208.jpg,retinopatia_diabetica,0.0,sem_retinopatia_diabetica,0.0,1,unico
1392,MESSIDOR-2,IM002209.jpg,retinopatia_diabetica,0.0,sem_retinopatia_diabetica,0.0,1,unico
1393,MESSIDOR-2,IM002215.jpg,retinopatia_diabetica,0.0,sem_retinopatia_diabetica,0.0,1,unico
1394,MESSIDOR-2,IM002216.jpg,retinopatia_diabetica,0.0,sem_retinopatia_diabetica,0.0,1,unico
1395,MESSIDOR-2,IM002222.jpg,retinopatia_diabetica,0.0,sem_retinopatia_diabetica,0.0,1,unico
1396,MESSIDOR-2,IM002223.jpg,retinopatia_diabetica,0.0,sem_retinopatia_diabetica,0.0,1,unico
1397,MESSIDOR-2,IM002251.jpg,retinopatia_diabetica,0.0,sem_retinopatia_diabetica,0.0,1,unico
1398,MESSIDOR-2,IM002252.jpg,retinopatia_diabetica,1.0,retinopatia_diabetica_leve,0.0,1,unico
1399,MESSIDOR-2,IM002268.jpg,retinopatia_diabetica,2.0,retinopatia_diabetica_moderada,0.0,1,unico
1400,MESSIDOR-2,IM002269.jpg,retinopatia_diabetica,3.0,retinopatia_diabetica_grave,1.0,1,unico
1401,MESSIDOR-2,IM002275.jpg,retinopatia_diabetica,0.0,sem_retinopatia_diabetica,0.0,1,unico
1402,MESSIDOR-2,IM002276.jpg,retinopatia_diabetica,0.0,sem_retinopatia_diabetica,0.0,1,unico
1403,MESSIDOR-2,IM002284.jpg,retinopatia_diabetica,0.0,sem_retinopatia_diabetica,0.0,1,unico
1404,MESSIDOR-2,IM002285.jpg,retinopatia_diabetica,0.0,sem_retinopatia_diabetica,0.0,1,unico
1405,MESSIDOR-2,IM002300.jpg,retinopatia_diabetica,0.0,sem_retinopatia_diabetica,0.0,1,unico
1406,MESSIDOR-2,IM002301.jpg,retinopatia_diabetica,0.0,sem_retinopatia_diabetica,0.0,1,unico
1407,MESSIDOR-2,IM002321.jpg,retinopatia_diabetica,0.0,sem_retinopatia_diabetica,0.0,1,unico
1408,MESSIDOR-2,IM002322.jpg,retinopatia_diabetica,0.0,sem_retinopatia_diabetica,0.0,1,unico
1409,MESSIDOR-2,IM002335.jpg,retinopatia_diabetica,0.0,sem_retinopatia_diabetica,0.0,1,unico
1410,MESSIDOR-2,IM002336.jpg,retinopatia_diabetica,0.0,sem_retinopatia_diabetica,0.0,1,unico
1411,MESSIDOR-2,IM002356.jpg,retinopatia_diabetica,0.0,sem_retinopatia_diabetica,0.0,1,unico
1412,MESSIDOR-2,IM002357.jpg,retinopatia_diabetica,0.0,sem_retinopatia_diabetica,0.0,1,unico
1413,MESSIDOR-2,IM002384.jpg,retinopatia_diabetica,0.0,sem_retinopatia_diabetica,0.0,1,unico
1414,MESSIDOR-2,IM002385.jpg,retinopatia_diabetica,,nao_avaliavel,,0,unico
1415,MESSIDOR-2,IM002399.jpg,retinopatia_diabetica,0.0,sem_retinopatia_diabetica,0.0,1,unico
1416,MESSIDOR-2,IM002400.jpg,retinopatia_diabetica,0.0,sem_retinopatia_diabetica,0.0,1,unico
1417,MESSIDOR-2,IM002414.jpg,retinopatia_diabetica,0.0,sem_retinopatia_diabetica,0.0,1,unico
1418,MESSIDOR-2,IM002415.jpg,retinopatia_diabetica,0.0,sem_retinopatia_diabetica,0.0,1,unico
1419,MESSIDOR-2,IM002441.jpg,retinopatia_diabetica,0.0,sem_retinopatia_diabetica,0.0,1,unico
1420,MESSIDOR-2,IM002442.jpg,retinopatia_diabetica,0.0,sem_retinopatia_diabetica,0.0,1,unico
1421,MESSIDOR-2,IM002448.jpg,retinopatia_diabetica,0.0,sem_retinopatia_diabetica,0.0,1,unico
1422,MESSIDOR-2,IM002449.jpg,retinopatia_diabetica,0.0,sem_retinopatia_diabetica,0.0,1,unico
1423,MESSIDOR-2,IM002455.jpg,retinopatia_diabetica,1.0,retinopatia_diabetica_leve,0.0,1,unico
1424,MESSIDOR-2,IM002456.jpg,retinopatia_diabetica,0.0,sem_retinopatia_diabetica,0.0,1,unico
1425,MESSIDOR-2,IM002465.jpg,retinopatia_diabetica,0.0,sem_retinopatia_diabetica,0.0,1,unico
1426,MESSIDOR-2,IM002466.jpg,retinopatia_diabetica,0.0,sem_retinopatia_diabetica,0.0,1,unico
1427,MESSIDOR-2,IM002472.jpg,retinopatia_diabetica,0.0,sem_retinopatia_diabetica,0.0,1,unico
1428,MESSIDOR-2,IM002473.jpg,retinopatia_diabetica,0.0,sem_retinopatia_diabetica,0.0,1,unico
1429,MESSIDOR-2,IM002481.jpg,retinopatia_diabetica,0.0,sem_retinopatia_diabetica,0.0,1,unico
1430,MESSIDOR-2,IM002482.jpg,retinopatia_diabetica,0.0,sem_retinopatia_diabetica,0.0,1,unico
1431,MESSIDOR-2,IM002486.jpg,retinopatia_diabetica,4.0,retinopatia_diabetica_proliferativa,0.0,1,unico
1432,MESSIDOR-2,IM002487.jpg,retinopatia_diabetica,4.0,retinopatia_diabetica_proliferativa,0.0,1,unico
1433,MESSIDOR-2,IM002493.jpg,retinopatia_diabetica,0.0,sem_retinopatia_diabetica,0.0,1,unico
1434,MESSIDOR-2,IM002494.jpg,retinopatia_diabetica,0.0,sem_retinopatia_diabetica,0.0,1,unico
1435,MESSIDOR-2,IM002500.jpg,retinopatia_diabetica,0.0,sem_retinopatia_diabetica,0.0,1,unico
1436,MESSIDOR-2,IM002501.jpg,retinopatia_diabetica,0.0,sem_retinopatia_diabetica,0.0,1,unico
1437,MESSIDOR-2,IM002508.jpg,retinopatia_diabetica,0.0,sem_retinopatia_diabetica,0.0,1,unico
1438,MESSIDOR-2,IM002509.jpg,retinopatia_diabetica,0.0,sem_retinopatia_diabetica,0.0,1,unico
1439,MESSIDOR-2,IM002515.jpg,retinopatia_diabetica,0.0,sem_retinopatia_diabetica,0.0,1,unico
1440,MESSIDOR-2,IM002516.jpg,retinopatia_diabetica,0.0,sem_retinopatia_diabetica,0.0,1,unico
1441,MESSIDOR-2,IM002522.jpg,retinopatia_diabetica,2.0,retinopatia_diabetica_moderada,0.0,1,unico
1442,MESSIDOR-2,IM002523.jpg,retinopatia_diabetica,2.0,retinopatia_diabetica_moderada,0.0,1,unico
1443,MESSIDOR-2,IM002529.jpg,retinopatia_diabetica,1.0,retinopatia_diabetica_leve,1.0,1,unico
1444,MESSIDOR-2,IM002530.jpg,retinopatia_diabetica,1.0,retinopatia_diabetica_leve,0.0,1,unico
1445,MESSIDOR-2,IM002543.jpg,retinopatia_diabetica,0.0,sem_retinopatia_diabetica,0.0,1,unico
1446,MESSIDOR-2,IM002544.jpg,retinopatia_diabetica,0.0,sem_retinopatia_diabetica,0.0,1,unico
1447,MESSIDOR-2,IM002577.jpg,retinopatia_diabetica,0.0,sem_retinopatia_diabetica,0.0,1,unico
1448,MESSIDOR-2,IM002578.jpg,retinopatia_diabetica,0.0,sem_retinopatia_diabetica,0.0,1,unico
1449,MESSIDOR-2,IM002584.jpg,retinopatia_diabetica,1.0,retinopatia_diabetica_leve,0.0,1,unico
1450,MESSIDOR-2,IM002585.jpg,retinopatia_diabetica,0.0,sem_retinopatia_diabetica,0.0,1,unico
1451,MESSIDOR-2,IM002614.jpg,retinopatia_diabetica,0.0,sem_retinopatia_diabetica,0.0,1,unico
1452,MESSIDOR-2,IM002615.jpg,retinopatia_diabetica,0.0,sem_retinopatia_diabetica,0.0,1,unico
1453,MESSIDOR-2,IM002621.jpg,retinopatia_diabetica,0.0,sem_retinopatia_diabetica,0.0,1,unico
1454,MESSIDOR-2,IM002622.jpg,retinopatia_diabetica,0.0,sem_retinopatia_diabetica,0.0,1,unico
1455,MESSIDOR-2,IM002635.jpg,retinopatia_diabetica,4.0,retinopatia_diabetica_proliferativa,0.0,1,unico
1456,MESSIDOR-2,IM002636.jpg,retinopatia_diabetica,4.0,retinopatia_diabetica_proliferativa,0.0,1,unico
1457,MESSIDOR-2,IM002642.jpg,retinopatia_diabetica,0.0,sem_retinopatia_diabetica,0.0,1,unico
1458,MESSIDOR-2,IM002643.jpg,retinopatia_diabetica,0.0,sem_retinopatia_diabetica,0.0,1,unico
1459,MESSIDOR-2,IM002649.jpg,retinopatia_diabetica,0.0,sem_retinopatia_diabetica,0.0,1,unico
1460,MESSIDOR-2,IM002650.jpg,retinopatia_diabetica,0.0,sem_retinopatia_diabetica,0.0,1,unico
1461,MESSIDOR-2,IM002658.jpg,retinopatia_diabetica,0.0,sem_retinopatia_diabetica,0.0,1,unico
1462,MESSIDOR-2,IM002659.jpg,retinopatia_diabetica,0.0,sem_retinopatia_diabetica,0.0,1,unico
1463,MESSIDOR-2,IM002665.jpg,retinopatia_diabetica,0.0,sem_retinopatia_diabetica,0.0,1,unico
1464,MESSIDOR-2,IM002666.jpg,retinopatia_diabetica,0.0,sem_retinopatia_diabetica,0.0,1,unico
1465,MESSIDOR-2,IM002695.jpg,retinopatia_diabetica,0.0,sem_retinopatia_diabetica,0.0,1,unico
1466,MESSIDOR-2,IM002697.jpg,retinopatia_diabetica,0.0,sem_retinopatia_diabetica,0.0,1,unico
1467,MESSIDOR-2,IM002703.jpg,retinopatia_diabetica,0.0,sem_retinopatia_diabetica,0.0,1,unico
1468,MESSIDOR-2,IM002704.jpg,retinopatia_diabetica,0.0,sem_retinopatia_diabetica,0.0,1,unico
1469,MESSIDOR-2,IM002718.jpg,retinopatia_diabetica,0.0,sem_retinopatia_diabetica,0.0,1,unico
1470,MESSIDOR-2,IM002719.jpg,retinopatia_diabetica,0.0,sem_retinopatia_diabetica,0.0,1,unico
1471,MESSIDOR-2,IM002725.jpg,retinopatia_diabetica,0.0,sem_retinopatia_diabetica,0.0,1,unico
1472,MESSIDOR-2,IM002726.jpg,retinopatia_diabetica,2.0,retinopatia_diabetica_moderada,0.0,1,unico
1473,MESSIDOR-2,IM002732.jpg,retinopatia_diabetica,0.0,sem_retinopatia_diabetica,0.0,1,unico
1474,MESSIDOR-2,IM002733.jpg,retinopatia_diabetica,0.0,sem_retinopatia_diabetica,0.0,1,unico
1475,MESSIDOR-2,IM002765.jpg,retinopatia_diabetica,1.0,retinopatia_diabetica_leve,0.0,1,unico
1476,MESSIDOR-2,IM002766.jpg,retinopatia_diabetica,1.0,retinopatia_diabetica_leve,0.0,1,unico
1477,MESSIDOR-2,IM002781.jpg,retinopatia_diabetica,0.0,sem_retinopatia_diabetica,0.0,1,unico
1478,MESSIDOR-2,IM002782.jpg,retinopatia_diabetica,0.0,sem_retinopatia_diabetica,0.0,1,unico
1479,MESSIDOR-2,IM002802.jpg,retinopatia_diabetica,0.0,sem_retinopatia_diabetica,0.0,1,unico
1480,MESSIDOR-2,IM002803.jpg,retinopatia_diabetica,0.0,sem_retinopatia_diabetica,0.0,1,unico
1481,MESSIDOR-2,IM002821.jpg,retinopatia_diabetica,0.0,sem_retinopatia_diabetica,0.0,1,unico
1482,MESSIDOR-2,IM002822.jpg,retinopatia_diabetica,0.0,sem_retinopatia_diabetica,0.0,1,unico
1483,MESSIDOR-2,IM002828.jpg,retinopatia_diabetica,0.0,sem_retinopatia_diabetica,0.0,1,unico
1484,MESSIDOR-2,IM002829.jpg,retinopatia_diabetica,0.0,sem_retinopatia_diabetica,0.0,1,unico
1485,MESSIDOR-2,IM002845.jpg,retinopatia_diabetica,0.0,sem_retinopatia_diabetica,0.0,1,unico
1486,MESSIDOR-2,IM002846.jpg,retinopatia_diabetica,0.0,sem_retinopatia_diabetica,0.0,1,unico
1487,MESSIDOR-2,IM002852.jpg,retinopatia_diabetica,0.0,sem_retinopatia_diabetica,0.0,1,unico
1488,MESSIDOR-2,IM002853.jpg,retinopatia_diabetica,0.0,sem_retinopatia_diabetica,0.0,1,unico
1489,MESSIDOR-2,IM002860.jpg,retinopatia_diabetica,0.0,sem_retinopatia_diabetica,0.0,1,unico
1490,MESSIDOR-2,IM002861.jpg,retinopatia_diabetica,0.0,sem_retinopatia_diabetica,0.0,1,unico
1491,MESSIDOR-2,IM002894.jpg,retinopatia_diabetica,0.0,sem_retinopatia_diabetica,0.0,1,unico
1492,MESSIDOR-2,IM002895.jpg,retinopatia_diabetica,0.0,sem_retinopatia_diabetica,0.0,1,unico
1493,MESSIDOR-2,IM002901.jpg,retinopatia_diabetica,1.0,retinopatia_diabetica_leve,0.0,1,unico
1494,MESSIDOR-2,IM002902.jpg,retinopatia_diabetica,0.0,sem_retinopatia_diabetica,0.0,1,unico
1495,MESSIDOR-2,IM002908.jpg,retinopatia_diabetica,0.0,sem_retinopatia_diabetica,0.0,1,unico
1496,MESSIDOR-2,IM002909.jpg,retinopatia_diabetica,0.0,sem_retinopatia_diabetica,0.0,1,unico
1497,MESSIDOR-2,IM002921.jpg,retinopatia_diabetica,0.0,sem_retinopatia_diabetica,0.0,1,unico
1498,MESSIDOR-2,IM002922.jpg,retinopatia_diabetica,2.0,retinopatia_diabetica_moderada,0.0,1,unico
1499,MESSIDOR-2,IM002938.jpg,retinopatia_diabetica,2.0,retinopatia_diabetica_moderada,0.0,1,unico
1500,MESSIDOR-2,IM002939.jpg,retinopatia_diabetica,0.0,sem_retinopatia_diabetica,0.0,1,unico
1501,MESSIDOR-2,IM002945.jpg,retinopatia_diabetica,2.0,retinopatia_diabetica_moderada,0.0,1,unico
1502,MESSIDOR-2,IM002946.jpg,retinopatia_diabetica,0.0,sem_retinopatia_diabetica,0.0,1,unico
1503,MESSIDOR-2,IM002952.jpg,retinopatia_diabetica,2.0,retinopatia_diabetica_moderada,0.0,1,unico
1504,MESSIDOR-2,IM002953.jpg,retinopatia_diabetica,2.0,retinopatia_diabetica_moderada,0.0,1,unico
1505,MESSIDOR-2,IM002973.jpg,retinopatia_diabetica,0.0,sem_retinopatia_diabetica,0.0,1,unico
1506,MESSIDOR-2,IM002975.jpg,retinopatia_diabetica,0.0,sem_retinopatia_diabetica,0.0,1,unico
1507,MESSIDOR-2,IM002982.jpg,retinopatia_diabetica,2.0,retinopatia_diabetica_moderada,0.0,1,unico
1508,MESSIDOR-2,IM002983.jpg,retinopatia_diabetica,2.0,retinopatia_diabetica_moderada,0.0,1,unico
1509,MESSIDOR-2,IM002990.jpg,retinopatia_diabetica,2.0,retinopatia_diabetica_moderada,0.0,1,unico
1510,MESSIDOR-2,IM002991.jpg,retinopatia_diabetica,1.0,retinopatia_diabetica_leve,0.0,1,unico
1511,MESSIDOR-2,IM002997.jpg,retinopatia_diabetica,0.0,sem_retinopatia_diabetica,0.0,1,unico
1512,MESSIDOR-2,IM002998.jpg,retinopatia_diabetica,0.0,sem_retinopatia_diabetica,0.0,1,unico
1513,MESSIDOR-2,IM003011.jpg,retinopatia_diabetica,0.0,sem_retinopatia_diabetica,0.0,1,unico
1514,MESSIDOR-2,IM003012.jpg,retinopatia_diabetica,0.0,sem_retinopatia_diabetica,0.0,1,unico
1515,MESSIDOR-2,IM003019.jpg,retinopatia_diabetica,0.0,sem_retinopatia_diabetica,0.0,1,unico
1516,MESSIDOR-2,IM003020.jpg,retinopatia_diabetica,2.0,retinopatia_diabetica_moderada,0.0,1,unico
1517,MESSIDOR-2,IM003034.jpg,retinopatia_diabetica,0.0,sem_retinopatia_diabetica,0.0,1,unico
1518,MESSIDOR-2,IM003035.jpg,retinopatia_diabetica,0.0,sem_retinopatia_diabetica,0.0,1,unico
1519,MESSIDOR-2,IM003057.jpg,retinopatia_diabetica,0.0,sem_retinopatia_diabetica,0.0,1,unico
1520,MESSIDOR-2,IM003058.jpg,retinopatia_diabetica,0.0,sem_retinopatia_diabetica,0.0,1,unico
1521,MESSIDOR-2,IM003070.jpg,retinopatia_diabetica,0.0,sem_retinopatia_diabetica,0.0,1,unico
1522,MESSIDOR-2,IM003071.jpg,retinopatia_diabetica,0.0,sem_retinopatia_diabetica,0.0,1,unico
1523,MESSIDOR-2,IM003108.jpg,retinopatia_diabetica,0.0,sem_retinopatia_diabetica,0.0,1,unico
1524,MESSIDOR-2,IM003110.jpg,retinopatia_diabetica,0.0,sem_retinopatia_diabetica,0.0,1,unico
1525,MESSIDOR-2,IM003124.jpg,retinopatia_diabetica,0.0,sem_retinopatia_diabetica,0.0,1,unico
1526,MESSIDOR-2,IM003125.jpg,retinopatia_diabetica,0.0,sem_retinopatia_diabetica,0.0,1,unico
1527,MESSIDOR-2,IM003146.jpg,retinopatia_diabetica,1.0,retinopatia_diabetica_leve,0.0,1,unico
1528,MESSIDOR-2,IM003147.jpg,retinopatia_diabetica,0.0,sem_retinopatia_diabetica,0.0,1,unico
1529,MESSIDOR-2,IM003160.jpg,retinopatia_diabetica,0.0,sem_retinopatia_diabetica,0.0,1,unico
1530,MESSIDOR-2,IM003161.jpg,retinopatia_diabetica,0.0,sem_retinopatia_diabetica,0.0,1,unico
1531,MESSIDOR-2,IM003175.jpg,retinopatia_diabetica,0.0,sem_retinopatia_diabetica,0.0,1,unico
1532,MESSIDOR-2,IM003176.jpg,retinopatia_diabetica,0.0,sem_retinopatia_diabetica,0.0,1,unico
1533,MESSIDOR-2,IM003207.jpg,retinopatia_diabetica,0.0,sem_retinopatia_diabetica,0.0,1,unico
1534,MESSIDOR-2,IM003208.jpg,retinopatia_diabetica,0.0,sem_retinopatia_diabetica,0.0,1,unico
1535,MESSIDOR-2,IM003214.jpg,retinopatia_diabetica,0.0,sem_retinopatia_diabetica,0.0,1,unico
1536,MESSIDOR-2,IM003215.jpg,retinopatia_diabetica,0.0,sem_retinopatia_diabetica,0.0,1,unico
1537,MESSIDOR-2,IM003221.jpg,retinopatia_diabetica,1.0,retinopatia_diabetica_leve,0.0,1,unico
1538,MESSIDOR-2,IM003222.jpg,retinopatia_diabetica,1.0,retinopatia_diabetica_leve,0.0,1,unico
1539,MESSIDOR-2,IM003229.jpg,retinopatia_diabetica,4.0,retinopatia_diabetica_proliferativa,0.0,1,unico
1540,MESSIDOR-2,IM003230.jpg,retinopatia_diabetica,4.0,retinopatia_diabetica_proliferativa,0.0,1,unico
1541,MESSIDOR-2,IM003243.jpg,retinopatia_diabetica,0.0,sem_retinopatia_diabetica,0.0,1,unico
1542,MESSIDOR-2,IM003244.jpg,retinopatia_diabetica,0.0,sem_retinopatia_diabetica,0.0,1,unico
1543,MESSIDOR-2,IM003264.jpg,retinopatia_diabetica,0.0,sem_retinopatia_diabetica,0.0,1,unico
1544,MESSIDOR-2,IM003265.jpg,retinopatia_diabetica,0.0,sem_retinopatia_diabetica,0.0,1,unico
1545,MESSIDOR-2,IM003286.jpg,retinopatia_diabetica,0.0,sem_retinopatia_diabetica,0.0,1,unico
1546,MESSIDOR-2,IM003287.jpg,retinopatia_diabetica,0.0,sem_retinopatia_diabetica,0.0,1,unico
1547,MESSIDOR-2,IM003323.jpg,retinopatia_diabetica,0.0,sem_retinopatia_diabetica,0.0,1,unico
1548,MESSIDOR-2,IM003324.jpg,retinopatia_diabetica,0.0,sem_retinopatia_diabetica,0.0,1,unico
1549,MESSIDOR-2,IM003330.jpg,retinopatia_diabetica,1.0,retinopatia_diabetica_leve,0.0,1,unico
1550,MESSIDOR-2,IM003331.jpg,retinopatia_diabetica,0.0,sem_retinopatia_diabetica,0.0,1,unico
1551,MESSIDOR-2,IM003337.jpg,retinopatia_diabetica,0.0,sem_retinopatia_diabetica,0.0,1,unico
1552,MESSIDOR-2,IM003338.jpg,retinopatia_diabetica,0.0,sem_retinopatia_diabetica,0.0,1,unico
1553,MESSIDOR-2,IM003359.jpg,retinopatia_diabetica,4.0,retinopatia_diabetica_proliferativa,0.0,1,unico
1554,MESSIDOR-2,IM003360.jpg,retinopatia_diabetica,4.0,retinopatia_diabetica_proliferativa,0.0,1,unico
1555,MESSIDOR-2,IM003381.jpg,retinopatia_diabetica,0.0,sem_retinopatia_diabetica,0.0,1,unico
1556,MESSIDOR-2,IM003382.jpg,retinopatia_diabetica,0.0,sem_retinopatia_diabetica,0.0,1,unico
1557,MESSIDOR-2,IM003390.jpg,retinopatia_diabetica,0.0,sem_retinopatia_diabetica,0.0,1,unico
1558,MESSIDOR-2,IM003391.jpg,retinopatia_diabetica,0.0,sem_retinopatia_diabetica,0.0,1,unico
1559,MESSIDOR-2,IM003405.jpg,retinopatia_diabetica,0.0,sem_retinopatia_diabetica,0.0,1,unico
1560,MESSIDOR-2,IM003406.jpg,retinopatia_diabetica,0.0,sem_retinopatia_diabetica,0.0,1,unico
1561,MESSIDOR-2,IM003412.jpg,retinopatia_diabetica,0.0,sem_retinopatia_diabetica,0.0,1,unico
1562,MESSIDOR-2,IM003413.jpg,retinopatia_diabetica,0.0,sem_retinopatia_diabetica,0.0,1,unico
1563,MESSIDOR-2,IM003423.jpg,retinopatia_diabetica,0.0,sem_retinopatia_diabetica,0.0,1,unico
1564,MESSIDOR-2,IM003424.jpg,retinopatia_diabetica,0.0,sem_retinopatia_diabetica,0.0,1,unico
1565,MESSIDOR-2,IM003430.jpg,retinopatia_diabetica,2.0,retinopatia_diabetica_moderada,0.0,1,unico
1566,MESSIDOR-2,IM003431.jpg,retinopatia_diabetica,2.0,retinopatia_diabetica_moderada,0.0,1,unico
1567,MESSIDOR-2,IM003453.jpg,retinopatia_diabetica,0.0,sem_retinopatia_diabetica,0.0,1,unico
1568,MESSIDOR-2,IM003454.jpg,retinopatia_diabetica,0.0,sem_retinopatia_diabetica,0.0,1,unico
1569,MESSIDOR-2,IM003467.jpg,retinopatia_diabetica,0.0,sem_retinopatia_diabetica,0.0,1,unico
1570,MESSIDOR-2,IM003468.jpg,retinopatia_diabetica,0.0,sem_retinopatia_diabetica,0.0,1,unico
1571,MESSIDOR-2,IM003474.jpg,retinopatia_diabetica,0.0,sem_retinopatia_diabetica,0.0,1,unico
1572,MESSIDOR-2,IM003475.jpg,retinopatia_diabetica,1.0,retinopatia_diabetica_leve,0.0,1,unico
1573,MESSIDOR-2,IM003481.jpg,retinopatia_diabetica,3.0,retinopatia_diabetica_grave,0.0,1,unico
1574,MESSIDOR-2,IM003482.jpg,retinopatia_diabetica,2.0,retinopatia_diabetica_moderada,0.0,1,unico
1575,MESSIDOR-2,IM003519.jpg,retinopatia_diabetica,0.0,sem_retinopatia_diabetica,0.0,1,unico
1576,MESSIDOR-2,IM003520.jpg,retinopatia_diabetica,0.0,sem_retinopatia_diabetica,0.0,1,unico
1577,MESSIDOR-2,IM003563.jpg,retinopatia_diabetica,0.0,sem_retinopatia_diabetica,0.0,1,unico
1578,MESSIDOR-2,IM003564.jpg,retinopatia_diabetica,0.0,sem_retinopatia_diabetica,0.0,1,unico
1579,MESSIDOR-2,IM003570.jpg,retinopatia_diabetica,0.0,sem_retinopatia_diabetica,0.0,1,unico
1580,MESSIDOR-2,IM003571.jpg,retinopatia_diabetica,0.0,sem_retinopatia_diabetica,0.0,1,unico
1581,MESSIDOR-2,IM003577.jpg,retinopatia_diabetica,0.0,sem_retinopatia_diabetica,0.0,1,unico
1582,MESSIDOR-2,IM003580.jpg,retinopatia_diabetica,0.0,sem_retinopatia_diabetica,0.0,1,unico
1583,MESSIDOR-2,IM003595.jpg,retinopatia_diabetica,0.0,sem_retinopatia_diabetica,0.0,1,unico
1584,MESSIDOR-2,IM003596.jpg,retinopatia_diabetica,0.0,sem_retinopatia_diabetica,0.0,1,unico
1585,MESSIDOR-2,IM003602.jpg,retinopatia_diabetica,1.0,retinopatia_diabetica_leve,0.0,1,unico
1586,MESSIDOR-2,IM003603.jpg,retinopatia_diabetica,1.0,retinopatia_diabetica_leve,0.0,1,unico
1587,MESSIDOR-2,IM003625.jpg,retinopatia_diabetica,0.0,sem_retinopatia_diabetica,0.0,1,unico
1588,MESSIDOR-2,IM003626.jpg,retinopatia_diabetica,0.0,sem_retinopatia_diabetica,0.0,1,unico
1589,MESSIDOR-2,IM003632.jpg,retinopatia_diabetica,0.0,sem_retinopatia_diabetica,0.0,1,unico
1590,MESSIDOR-2,IM003633.jpg,retinopatia_diabetica,0.0,sem_retinopatia_diabetica,0.0,1,unico
1591,MESSIDOR-2,IM003640.jpg,retinopatia_diabetica,0.0,sem_retinopatia_diabetica,0.0,1,unico
1592,MESSIDOR-2,IM003641.jpg,retinopatia_diabetica,0.0,sem_retinopatia_diabetica,0.0,1,unico
1593,MESSIDOR-2,IM003687.jpg,retinopatia_diabetica,2.0,retinopatia_diabetica_moderada,0.0,1,unico
1594,MESSIDOR-2,IM003688.jpg,retinopatia_diabetica,1.0,retinopatia_diabetica_leve,0.0,1,unico
1595,MESSIDOR-2,IM003694.jpg,retinopatia_diabetica,0.0,sem_retinopatia_diabetica,0.0,1,unico
1596,MESSIDOR-2,IM003695.jpg,retinopatia_diabetica,0.0,sem_retinopatia_diabetica,0.0,1,unico
1597,MESSIDOR-2,IM003718.jpg,retinopatia_diabetica,,nao_avaliavel,,0,unico
1598,MESSIDOR-2,IM003719.jpg,retinopatia_diabetica,0.0,sem_retinopatia_diabetica,0.0,1,unico
1599,MESSIDOR-2,IM003725.jpg,retinopatia_diabetica,0.0,sem_retinopatia_diabetica,0.0,1,unico
1600,MESSIDOR-2,IM003726.jpg,retinopatia_diabetica,0.0,sem_retinopatia_diabetica,0.0,1,unico
1601,MESSIDOR-2,IM003746.jpg,retinopatia_diabetica,0.0,sem_retinopatia_diabetica,0.0,1,unico
1602,MESSIDOR-2,IM003747.jpg,retinopatia_diabetica,0.0,sem_retinopatia_diabetica,0.0,1,unico
1603,MESSIDOR-2,IM003758.jpg,retinopatia_diabetica,0.0,sem_retinopatia_diabetica,0.0,1,unico
1604,MESSIDOR-2,IM003759.jpg,retinopatia_diabetica,0.0,sem_retinopatia_diabetica,0.0,1,unico
1605,MESSIDOR-2,IM003765.jpg,retinopatia_diabetica,0.0,sem_retinopatia_diabetica,0.0,1,unico
1606,MESSIDOR-2,IM003766.jpg,retinopatia_diabetica,0.0,sem_retinopatia_diabetica,0.0,1,unico
1607,MESSIDOR-2,IM003772.jpg,retinopatia_diabetica,2.0,retinopatia_diabetica_moderada,0.0,1,unico
1608,MESSIDOR-2,IM003773.jpg,retinopatia_diabetica,1.0,retinopatia_diabetica_leve,0.0,1,unico
1609,MESSIDOR-2,IM003787.jpg,retinopatia_diabetica,0.0,sem_retinopatia_diabetica,0.0,1,unico
1610,MESSIDOR-2,IM003788.jpg,retinopatia_diabetica,0.0,sem_retinopatia_diabetica,0.0,1,unico
1611,MESSIDOR-2,IM003794.jpg,retinopatia_diabetica,0.0,sem_retinopatia_diabetica,0.0,1,unico
1612,MESSIDOR-2,IM003795.jpg,retinopatia_diabetica,0.0,sem_retinopatia_diabetica,0.0,1,unico
1613,MESSIDOR-2,IM003811.jpg,retinopatia_diabetica,2.0,retinopatia_diabetica_moderada,0.0,1,unico
1614,MESSIDOR-2,IM003812.jpg,retinopatia_diabetica,0.0,sem_retinopatia_diabetica,0.0,1,unico
1615,MESSIDOR-2,IM003826.jpg,retinopatia_diabetica,0.0,sem_retinopatia_diabetica,0.0,1,unico
1616,MESSIDOR-2,IM003827.jpg,retinopatia_diabetica,0.0,sem_retinopatia_diabetica,0.0,1,unico
1617,MESSIDOR-2,IM003840.jpg,retinopatia_diabetica,0.0,sem_retinopatia_diabetica,0.0,1,unico
1618,MESSIDOR-2,IM003841.jpg,retinopatia_diabetica,0.0,sem_retinopatia_diabetica,0.0,1,unico
1619,MESSIDOR-2,IM003856.jpg,retinopatia_diabetica,0.0,sem_retinopatia_diabetica,0.0,1,unico
1620,MESSIDOR-2,IM003857.jpg,retinopatia_diabetica,0.0,sem_retinopatia_diabetica,0.0,1,unico
1621,MESSIDOR-2,IM003878.jpg,retinopatia_diabetica,0.0,sem_retinopatia_diabetica,0.0,1,unico
1622,MESSIDOR-2,IM003879.jpg,retinopatia_diabetica,0.0,sem_retinopatia_diabetica,0.0,1,unico
1623,MESSIDOR-2,IM003893.jpg,retinopatia_diabetica,0.0,sem_retinopatia_diabetica,0.0,1,unico
1624,MESSIDOR-2,IM003894.jpg,retinopatia_diabetica,0.0,sem_retinopatia_diabetica,0.0,1,unico
1625,MESSIDOR-2,IM003909.jpg,retinopatia_diabetica,0.0,sem_retinopatia_diabetica,0.0,1,unico
1626,MESSIDOR-2,IM003910.jpg,retinopatia_diabetica,0.0,sem_retinopatia_diabetica,0.0,1,unico
1627,MESSIDOR-2,IM003924.jpg,retinopatia_diabetica,0.0,sem_retinopatia_diabetica,0.0,1,unico
1628,MESSIDOR-2,IM003925.jpg,retinopatia_diabetica,0.0,sem_retinopatia_diabetica,0.0,1,unico
1629,MESSIDOR-2,IM003949.jpg,retinopatia_diabetica,0.0,sem_retinopatia_diabetica,0.0,1,unico
1630,MESSIDOR-2,IM003950.jpg,retinopatia_diabetica,0.0,sem_retinopatia_diabetica,0.0,1,unico
1631,MESSIDOR-2,IM003968.jpg,retinopatia_diabetica,0.0,sem_retinopatia_diabetica,0.0,1,unico
1632,MESSIDOR-2,IM003969.jpg,retinopatia_diabetica,0.0,sem_retinopatia_diabetica,0.0,1,unico
1633,MESSIDOR-2,IM003982.jpg,retinopatia_diabetica,0.0,sem_retinopatia_diabetica,0.0,1,unico
1634,MESSIDOR-2,IM003983.jpg,retinopatia_diabetica,0.0,sem_retinopatia_diabetica,0.0,1,unico
1635,MESSIDOR-2,IM003989.jpg,retinopatia_diabetica,0.0,sem_retinopatia_diabetica,0.0,1,unico
1636,MESSIDOR-2,IM003990.jpg,retinopatia_diabetica,0.0,sem_retinopatia_diabetica,0.0,1,unico
1637,MESSIDOR-2,IM004005.jpg,retinopatia_diabetica,0.0,sem_retinopatia_diabetica,0.0,1,unico
1638,MESSIDOR-2,IM004006.jpg,retinopatia_diabetica,0.0,sem_retinopatia_diabetica,0.0,1,unico
1639,MESSIDOR-2,IM004012.jpg,retinopatia_diabetica,0.0,sem_retinopatia_diabetica,0.0,1,unico
1640,MESSIDOR-2,IM004013.jpg,retinopatia_diabetica,0.0,sem_retinopatia_diabetica,0.0,1,unico
1641,MESSIDOR-2,IM004027.jpg,retinopatia_diabetica,0.0,sem_retinopatia_diabetica,0.0,1,unico
1642,MESSIDOR-2,IM004028.jpg,retinopatia_diabetica,0.0,sem_retinopatia_diabetica,0.0,1,unico
1643,MESSIDOR-2,IM004035.jpg,retinopatia_diabetica,0.0,sem_retinopatia_diabetica,0.0,1,unico
1644,MESSIDOR-2,IM004036.jpg,retinopatia_diabetica,0.0,sem_retinopatia_diabetica,0.0,1,unico
1645,MESSIDOR-2,IM004052.jpg,retinopatia_diabetica,2.0,retinopatia_diabetica_moderada,0.0,1,unico
1646,MESSIDOR-2,IM004053.jpg,retinopatia_diabetica,2.0,retinopatia_diabetica_moderada,0.0,1,unico
1647,MESSIDOR-2,IM004085.jpg,retinopatia_diabetica,2.0,retinopatia_diabetica_moderada,0.0,1,unico
1648,MESSIDOR-2,IM004086.jpg,retinopatia_diabetica,1.0,retinopatia_diabetica_leve,0.0,1,unico
1649,MESSIDOR-2,IM004092.jpg,retinopatia_diabetica,0.0,sem_retinopatia_diabetica,0.0,1,unico
1650,MESSIDOR-2,IM004093.jpg,retinopatia_diabetica,0.0,sem_retinopatia_diabetica,0.0,1,unico
1651,MESSIDOR-2,IM004132.jpg,retinopatia_diabetica,2.0,retinopatia_diabetica_moderada,0.0,1,unico
1652,MESSIDOR-2,IM004133.jpg,retinopatia_diabetica,2.0,retinopatia_diabetica_moderada,0.0,1,unico
1653,MESSIDOR-2,IM004154.jpg,retinopatia_diabetica,0.0,sem_retinopatia_diabetica,0.0,1,unico
1654,MESSIDOR-2,IM004155.jpg,retinopatia_diabetica,0.0,sem_retinopatia_diabetica,0.0,1,unico
1655,MESSIDOR-2,IM004161.jpg,retinopatia_diabetica,0.0,sem_retinopatia_diabetica,0.0,1,unico
1656,MESSIDOR-2,IM004162.jpg,retinopatia_diabetica,0.0,sem_retinopatia_diabetica,0.0,1,unico
1657,MESSIDOR-2,IM004168.jpg,retinopatia_diabetica,0.0,sem_retinopatia_diabetica,0.0,1,unico
1658,MESSIDOR-2,IM004169.jpg,retinopatia_diabetica,0.0,sem_retinopatia_diabetica,0.0,1,unico
1659,MESSIDOR-2,IM004176.jpg,retinopatia_diabetica,,nao_avaliavel,,0,unico
1660,MESSIDOR-2,IM004177.jpg,retinopatia_diabetica,0.0,sem_retinopatia_diabetica,0.0,1,unico
1661,MESSIDOR-2,IM004183.jpg,retinopatia_diabetica,4.0,retinopatia_diabetica_proliferativa,1.0,1,unico
1662,MESSIDOR-2,IM004184.jpg,retinopatia_diabetica,1.0,retinopatia_diabetica_leve,0.0,1,unico
1663,MESSIDOR-2,IM004191.jpg,retinopatia_diabetica,0.0,sem_retinopatia_diabetica,0.0,1,unico
1664,MESSIDOR-2,IM004192.jpg,retinopatia_diabetica,0.0,sem_retinopatia_diabetica,0.0,1,unico
1665,MESSIDOR-2,IM004207.jpg,retinopatia_diabetica,2.0,retinopatia_diabetica_moderada,1.0,1,unico
1666,MESSIDOR-2,IM004208.jpg,retinopatia_diabetica,2.0,retinopatia_diabetica_moderada,0.0,1,unico
1667,MESSIDOR-2,IM004226.jpg,retinopatia_diabetica,0.0,sem_retinopatia_diabetica,0.0,1,unico
1668,MESSIDOR-2,IM004227.jpg,retinopatia_diabetica,0.0,sem_retinopatia_diabetica,0.0,1,unico
1669,MESSIDOR-2,IM004240.jpg,retinopatia_diabetica,0.0,sem_retinopatia_diabetica,0.0,1,unico
1670,MESSIDOR-2,IM004241.jpg,retinopatia_diabetica,0.0,sem_retinopatia_diabetica,0.0,1,unico
1671,MESSIDOR-2,IM004251.jpg,retinopatia_diabetica,0.0,sem_retinopatia_diabetica,0.0,1,unico
1672,MESSIDOR-2,IM004252.jpg,retinopatia_diabetica,0.0,sem_retinopatia_diabetica,0.0,1,unico
1673,MESSIDOR-2,IM004261.jpg,retinopatia_diabetica,0.0,sem_retinopatia_diabetica,0.0,1,unico
1674,MESSIDOR-2,IM004262.jpg,retinopatia_diabetica,0.0,sem_retinopatia_diabetica,0.0,1,unico
1675,MESSIDOR-2,IM004269.jpg,retinopatia_diabetica,0.0,sem_retinopatia_diabetica,0.0,1,unico
1676,MESSIDOR-2,IM004270.jpg,retinopatia_diabetica,0.0,sem_retinopatia_diabetica,0.0,1,unico
1677,MESSIDOR-2,IM004276.jpg,retinopatia_diabetica,0.0,sem_retinopatia_diabetica,0.0,1,unico
1678,MESSIDOR-2,IM004277.jpg,retinopatia_diabetica,0.0,sem_retinopatia_diabetica,0.0,1,unico
1679,MESSIDOR-2,IM004290.jpg,retinopatia_diabetica,0.0,sem_retinopatia_diabetica,0.0,1,unico
1680,MESSIDOR-2,IM004291.jpg,retinopatia_diabetica,0.0,sem_retinopatia_diabetica,0.0,1,unico
1681,MESSIDOR-2,IM004297.jpg,retinopatia_diabetica,0.0,sem_retinopatia_diabetica,0.0,1,unico
1682,MESSIDOR-2,IM004298.jpg,retinopatia_diabetica,0.0,sem_retinopatia_diabetica,0.0,1,unico
1683,MESSIDOR-2,IM004305.jpg,retinopatia_diabetica,0.0,sem_retinopatia_diabetica,0.0,1,unico
1684,MESSIDOR-2,IM004306.jpg,retinopatia_diabetica,0.0,sem_retinopatia_diabetica,0.0,1,unico
1685,MESSIDOR-2,IM004312.jpg,retinopatia_diabetica,0.0,sem_retinopatia_diabetica,0.0,1,unico
1686,MESSIDOR-2,IM004313.jpg,retinopatia_diabetica,0.0,sem_retinopatia_diabetica,0.0,1,unico
1687,MESSIDOR-2,IM004342.jpg,retinopatia_diabetica,0.0,sem_retinopatia_diabetica,0.0,1,unico
1688,MESSIDOR-2,IM004343.jpg,retinopatia_diabetica,0.0,sem_retinopatia_diabetica,0.0,1,unico
1689,MESSIDOR-2,IM004346.jpg,retinopatia_diabetica,4.0,retinopatia_diabetica_proliferativa,1.0,1,unico
1690,MESSIDOR-2,IM004347.jpg,retinopatia_diabetica,2.0,retinopatia_diabetica_moderada,0.0,1,unico
1691,MESSIDOR-2,IM004391.jpg,retinopatia_diabetica,0.0,sem_retinopatia_diabetica,0.0,1,unico
1692,MESSIDOR-2,IM004392.jpg,retinopatia_diabetica,0.0,sem_retinopatia_diabetica,0.0,1,unico
1693,MESSIDOR-2,IM004398.jpg,retinopatia_diabetica,0.0,sem_retinopatia_diabetica,0.0,1,unico
1694,MESSIDOR-2,IM004399.jpg,retinopatia_diabetica,0.0,sem_retinopatia_diabetica,0.0,1,unico
1695,MESSIDOR-2,IM004406.jpg,retinopatia_diabetica,0.0,sem_retinopatia_diabetica,0.0,1,unico
1696,MESSIDOR-2,IM004407.jpg,retinopatia_diabetica,0.0,sem_retinopatia_diabetica,0.0,1,unico
1697,MESSIDOR-2,IM004423.jpg,retinopatia_diabetica,0.0,sem_retinopatia_diabetica,0.0,1,unico
1698,MESSIDOR-2,IM004424.jpg,retinopatia_diabetica,0.0,sem_retinopatia_diabetica,0.0,1,unico
1699,MESSIDOR-2,IM004439.jpg,retinopatia_diabetica,0.0,sem_retinopatia_diabetica,0.0,1,unico
1700,MESSIDOR-2,IM004440.jpg,retinopatia_diabetica,0.0,sem_retinopatia_diabetica,0.0,1,unico
1701,MESSIDOR-2,IM004461.jpg,retinopatia_diabetica,0.0,sem_retinopatia_diabetica,0.0,1,unico
1702,MESSIDOR-2,IM004462.jpg,retinopatia_diabetica,0.0,sem_retinopatia_diabetica,0.0,1,unico
1703,MESSIDOR-2,IM004470.jpg,retinopatia_diabetica,0.0,sem_retinopatia_diabetica,0.0,1,unico
1704,MESSIDOR-2,IM004471.jpg,retinopatia_diabetica,0.0,sem_retinopatia_diabetica,0.0,1,unico
1705,MESSIDOR-2,IM004493.jpg,retinopatia_diabetica,0.0,sem_retinopatia_diabetica,0.0,1,unico
1706,MESSIDOR-2,IM004494.jpg,retinopatia_diabetica,0.0,sem_retinopatia_diabetica,0.0,1,unico
1707,MESSIDOR-2,IM004507.jpg,retinopatia_diabetica,2.0,retinopatia_diabetica_moderada,0.0,1,unico
1708,MESSIDOR-2,IM004508.jpg,retinopatia_diabetica,2.0,retinopatia_diabetica_moderada,0.0,1,unico
1709,MESSIDOR-2,IM004528.jpg,retinopatia_diabetica,0.0,sem_retinopatia_diabetica,0.0,1,unico
1710,MESSIDOR-2,IM004529.jpg,retinopatia_diabetica,0.0,sem_retinopatia_diabetica,0.0,1,unico
1711,MESSIDOR-2,IM004537.jpg,retinopatia_diabetica,0.0,sem_retinopatia_diabetica,0.0,1,unico
1712,MESSIDOR-2,IM004538.jpg,retinopatia_diabetica,0.0,sem_retinopatia_diabetica,0.0,1,unico
1713,MESSIDOR-2,IM004553.jpg,retinopatia_diabetica,0.0,sem_retinopatia_diabetica,0.0,1,unico
1714,MESSIDOR-2,IM004554.jpg,retinopatia_diabetica,0.0,sem_retinopatia_diabetica,0.0,1,unico
1715,MESSIDOR-2,IM004569.jpg,retinopatia_diabetica,0.0,sem_retinopatia_diabetica,0.0,1,unico
1716,MESSIDOR-2,IM004570.jpg,retinopatia_diabetica,0.0,sem_retinopatia_diabetica,0.0,1,unico
1717,MESSIDOR-2,IM004599.jpg,retinopatia_diabetica,0.0,sem_retinopatia_diabetica,0.0,1,unico
1718,MESSIDOR-2,IM004600.jpg,retinopatia_diabetica,0.0,sem_retinopatia_diabetica,0.0,1,unico
1719,MESSIDOR-2,IM004606.jpg,retinopatia_diabetica,0.0,sem_retinopatia_diabetica,0.0,1,unico
1720,MESSIDOR-2,IM004607.jpg,retinopatia_diabetica,0.0,sem_retinopatia_diabetica,0.0,1,unico
1721,MESSIDOR-2,IM004620.jpg,retinopatia_diabetica,0.0,sem_retinopatia_diabetica,0.0,1,unico
1722,MESSIDOR-2,IM004621.jpg,retinopatia_diabetica,0.0,sem_retinopatia_diabetica,0.0,1,unico
1723,MESSIDOR-2,IM004638.jpg,retinopatia_diabetica,0.0,sem_retinopatia_diabetica,0.0,1,unico
1724,MESSIDOR-2,IM004639.jpg,retinopatia_diabetica,0.0,sem_retinopatia_diabetica,0.0,1,unico
1725,MESSIDOR-2,IM004645.jpg,retinopatia_diabetica,0.0,sem_retinopatia_diabetica,0.0,1,unico
1726,MESSIDOR-2,IM004646.jpg,retinopatia_diabetica,0.0,sem_retinopatia_diabetica,0.0,1,unico
1727,MESSIDOR-2,IM004653.jpg,retinopatia_diabetica,0.0,sem_retinopatia_diabetica,0.0,1,unico
1728,MESSIDOR-2,IM004654.jpg,retinopatia_diabetica,0.0,sem_retinopatia_diabetica,0.0,1,unico
1729,MESSIDOR-2,IM004668.jpg,retinopatia_diabetica,0.0,sem_retinopatia_diabetica,0.0,1,unico
1730,MESSIDOR-2,IM004669.jpg,retinopatia_diabetica,0.0,sem_retinopatia_diabetica,0.0,1,unico
1731,MESSIDOR-2,IM004685.jpg,retinopatia_diabetica,0.0,sem_retinopatia_diabetica,0.0,1,unico
1732,MESSIDOR-2,IM004686.jpg,retinopatia_diabetica,0.0,sem_retinopatia_diabetica,0.0,1,unico
1733,MESSIDOR-2,IM004737.jpg,retinopatia_diabetica,0.0,sem_retinopatia_diabetica,0.0,1,unico
1734,MESSIDOR-2,IM004739.jpg,retinopatia_diabetica,0.0,sem_retinopatia_diabetica,0.0,1,unico
1735,MESSIDOR-2,IM004747.jpg,retinopatia_diabetica,0.0,sem_retinopatia_diabetica,0.0,1,unico
1736,MESSIDOR-2,IM004748.jpg,retinopatia_diabetica,0.0,sem_retinopatia_diabetica,0.0,1,unico
1737,MESSIDOR-2,IM004764.jpg,retinopatia_diabetica,0.0,sem_retinopatia_diabetica,0.0,1,unico
1738,MESSIDOR-2,IM004765.jpg,retinopatia_diabetica,0.0,sem_retinopatia_diabetica,0.0,1,unico
1739,MESSIDOR-2,IM004782.jpg,retinopatia_diabetica,0.0,sem_retinopatia_diabetica,0.0,1,unico
1740,MESSIDOR-2,IM004783.jpg,retinopatia_diabetica,0.0,sem_retinopatia_diabetica,0.0,1,unico
1741,MESSIDOR-2,IM004797.jpg,retinopatia_diabetica,1.0,retinopatia_diabetica_leve,0.0,1,unico
1742,MESSIDOR-2,IM004798.jpg,retinopatia_diabetica,0.0,sem_retinopatia_diabetica,0.0,1,unico
1743,MESSIDOR-2,IM004805.jpg,retinopatia_diabetica,0.0,sem_retinopatia_diabetica,0.0,1,unico
1744,MESSIDOR-2,IM004806.jpg,retinopatia_diabetica,0.0,sem_retinopatia_diabetica,0.0,1,unico
1745,MESSIDOR-2,IM004811.jpg,retinopatia_diabetica,1.0,retinopatia_diabetica_leve,0.0,1,unico
1746,MESSIDOR-2,IM004812.jpg,retinopatia_diabetica,2.0,retinopatia_diabetica_moderada,0.0,1,unico
1747,MESSIDOR-2,IM004831.jpg,retinopatia_diabetica,0.0,sem_retinopatia_diabetica,0.0,1,unico
1748,MESSIDOR-2,IM004832.jpg,retinopatia_diabetica,0.0,sem_retinopatia_diabetica,0.0,1,unico
