arquivo,erro
._V0001.jpg,cannot identify image file 'D:\\OIO+\\DATASET_RETINA\\01.Originais\\AMD (Degeneração Macular Relacionada à Idade)\\ADAM\\__MACOSX\\ADAM\\Validation\\Disc_Fovea_Illustration\\._V0001.jpg'
._V0002.jpg,cannot identify image file 'D:\\OIO+\\DATASET_RETINA\\01.Originais\\AMD (Degeneração Macular Relacionada à Idade)\\ADAM\\__MACOSX\\ADAM\\Validation\\Disc_Fovea_Illustration\\._V0002.jpg'
._V0003.jpg,cannot identify image file 'D:\\OIO+\\DATASET_RETINA\\01.Originais\\AMD (Degeneração Macular Relacionada à Idade)\\ADAM\\__MACOSX\\ADAM\\Validation\\Disc_Fovea_Illustration\\._V0003.jpg'
._V0004.jpg,cannot identify image file 'D:\\OIO+\\DATASET_RETINA\\01.Originais\\AMD (Degeneração Macular Relacionada à Idade)\\ADAM\\__MACOSX\\ADAM\\Validation\\Disc_Fovea_Illustration\\._V0004.jpg'
._V0005.jpg,cannot identify image file 'D:\\OIO+\\DATASET_RETINA\\01.Originais\\AMD (Degeneração Macular Relacionada à Idade)\\ADAM\\__MACOSX\\ADAM\\Validation\\Disc_Fovea_Illustration\\._V0005.jpg'
._V0006.jpg,cannot identify image file 'D:\\OIO+\\DATASET_RETINA\\01.Originais\\AMD (Degeneração Macular Relacionada à Idade)\\ADAM\\__MACOSX\\ADAM\\Validation\\Disc_Fovea_Illustration\\._V0006.jpg'
._V0007.jpg,cannot identify image file 'D:\\OIO+\\DATASET_RETINA\\01.Originais\\AMD (Degeneração Macular Relacionada à Idade)\\ADAM\\__MACOSX\\ADAM\\Validation\\Disc_Fovea_Illustration\\._V0007.jpg'
._V0008.jpg,cannot identify image file 'D:\\OIO+\\DATASET_RETINA\\01.Originais\\AMD (Degeneração Macular Relacionada à Idade)\\ADAM\\__MACOSX\\ADAM\\Validation\\Disc_Fovea_Illustration\\._V0008.jpg'
._V0009.jpg,cannot identify image file 'D:\\OIO+\\DATASET_RETINA\\01.Originais\\AMD (Degeneração Macular Relacionada à Idade)\\ADAM\\__MACOSX\\ADAM\\Validation\\Disc_Fovea_Illustration\\._V0009.jpg'
._V0010.jpg,cannot identify image file 'D:\\OIO+\\DATASET_RETINA\\01.Originais\\AMD (Degeneração Macular Relacionada à Idade)\\ADAM\\__MACOSX\\ADAM\\Validation\\Disc_Fovea_Illustration\\._V0010.jpg'
._V0011.jpg,cannot identify image file 'D:\\OIO+\\DATASET_RETINA\\01.Originais\\AMD (Degeneração Macular Relacionada à Idade)\\ADAM\\__MACOSX\\ADAM\\Validation\\Disc_Fovea_Illustration\\._V0011.jpg'
._V0012.jpg,cannot identify image file 'D:\\OIO+\\DATASET_RETINA\\01.Originais\\AMD (Degeneração Macular Relacionada à Idade)\\ADAM\\__MACOSX\\ADAM\\Validation\\Disc_Fovea_Illustration\\._V0012.jpg'
._V0013.jpg,cannot identify image file 'D:\\OIO+\\DATASET_RETINA\\01.Originais\\AMD (Degeneração Macular Relacionada à Idade)\\ADAM\\__MACOSX\\ADAM\\Validation\\Disc_Fovea_Illustration\\._V0013.jpg'
._V0014.jpg,cannot identify image file 'D:\\OIO+\\DATASET_RETINA\\01.Originais\\AMD (Degeneração Macular Relacionada à Idade)\\ADAM\\__MACOSX\\ADAM\\Validation\\Disc_Fovea_Illustration\\._V0014.jpg'
._V0015.jpg,cannot identify image file 'D:\\OIO+\\DATASET_RETINA\\01.Originais\\AMD (Degeneração Macular Relacionada à Idade)\\ADAM\\__MACOSX\\ADAM\\Validation\\Disc_Fovea_Illustration\\._V0015.jpg'
._V0016.jpg,cannot identify image file 'D:\\OIO+\\DATASET_RETINA\\01.Originais\\AMD (Degeneração Macular Relacionada à Idade)\\ADAM\\__MACOSX\\ADAM\\Validation\\Disc_Fovea_Illustration\\._V0016.jpg'
._V0017.jpg,cannot identify image file 'D:\\OIO+\\DATASET_RETINA\\01.Originais\\AMD (Degeneração Macular Relacionada à Idade)\\ADAM\\__MACOSX\\ADAM\\Validation\\Disc_Fovea_Illustration\\._V0017.jpg'
._V0018.jpg,cannot identify image file 'D:\\OIO+\\DATASET_RETINA\\01.Originais\\AMD (Degeneração Macular Relacionada à Idade)\\ADAM\\__MACOSX\\ADAM\\Validation\\Disc_Fovea_Illustration\\._V0018.jpg'
._V0019.jpg,cannot identify image file 'D:\\OIO+\\DATASET_RETINA\\01.Originais\\AMD (Degeneração Macular Relacionada à Idade)\\ADAM\\__MACOSX\\ADAM\\Validation\\Disc_Fovea_Illustration\\._V0019.jpg'
._V0020.jpg,cannot identify image file 'D:\\OIO+\\DATASET_RETINA\\01.Originais\\AMD (Degeneração Macular Relacionada à Idade)\\ADAM\\__MACOSX\\ADAM\\Validation\\Disc_Fovea_Illustration\\._V0020.jpg'
._V0021.jpg,cannot identify image file 'D:\\OIO+\\DATASET_RETINA\\01.Originais\\AMD (Degeneração Macular Relacionada à Idade)\\ADAM\\__MACOSX\\ADAM\\Validation\\Disc_Fovea_Illustration\\._V0021.jpg'
._V0022.jpg,cannot identify image file 'D:\\OIO+\\DATASET_RETINA\\01.Originais\\AMD (Degeneração Macular Relacionada à Idade)\\ADAM\\__MACOSX\\ADAM\\Validation\\Disc_Fovea_Illustration\\._V0022.jpg'
._V0023.jpg,cannot identify image file 'D:\\OIO+\\DATASET_RETINA\\01.Originais\\AMD (Degeneração Macular Relacionada à Idade)\\ADAM\\__MACOSX\\ADAM\\Validation\\Disc_Fovea_Illustration\\._V0023.jpg'
._V0024.jpg,cannot identify image file 'D:\\OIO+\\DATASET_RETINA\\01.Originais\\AMD (Degeneração Macular Relacionada à Idade)\\ADAM\\__MACOSX\\ADAM\\Validation\\Disc_Fovea_Illustration\\._V0024.jpg'
._V0025.jpg,cannot identify image file 'D:\\OIO+\\DATASET_RETINA\\01.Originais\\AMD (Degeneração Macular Relacionada à Idade)\\ADAM\\__MACOSX\\ADAM\\Validation\\Disc_Fovea_Illustration\\._V0025.jpg'
._V0026.jpg,cannot identify image file 'D:\\OIO+\\DATASET_RETINA\\01.Originais\\AMD (Degeneração Macular Relacionada à Idade)\\ADAM\\__MACOSX\\ADAM\\Validation\\Disc_Fovea_Illustration\\._V0026.jpg'
._V0027.jpg,cannot identify image file 'D:\\OIO+\\DATASET_RETINA\\01.Originais\\AMD (Degeneração Macular Relacionada à Idade)\\ADAM\\__MACOSX\\ADAM\\Validation\\Disc_Fovea_Illustration\\._V0027.jpg'
._V0028.jpg,cannot identify image file 'D:\\OIO+\\DATASET_RETINA\\01.Originais\\AMD (Degeneração Macular Relacionada à Idade)\\ADAM\\__MACOSX\\ADAM\\Validation\\Disc_Fovea_Illustration\\._V0028.jpg'
._V0029.jpg,cannot identify image file 'D:\\OIO+\\DATASET_RETINA\\01.Originais\\AMD (Degeneração Macular Relacionada à Idade)\\ADAM\\__MACOSX\\ADAM\\Validation\\Disc_Fovea_Illustration\\._V0029.jpg'
._V0030.jpg,cannot identify image file 'D:\\OIO+\\DATASET_RETINA\\01.Originais\\AMD (Degeneração Macular Relacionada à Idade)\\ADAM\\__MACOSX\\ADAM\\Validation\\Disc_Fovea_Illustration\\._V0030.jpg'
._V0031.jpg,cannot identify image file 'D:\\OIO+\\DATASET_RETINA\\01.Originais\\AMD (Degeneração Macular Relacionada à Idade)\\ADAM\\__MACOSX\\ADAM\\Validation\\Disc_Fovea_Illustration\\._V0031.jpg'
._V0032.jpg,cannot identify image file 'D:\\OIO+\\DATASET_RETINA\\01.Originais\\AMD (Degeneração Macular Relacionada à Idade)\\ADAM\\__MACOSX\\ADAM\\Validation\\Disc_Fovea_Illustration\\._V0032.jpg'
._V0033.jpg,cannot identify image file 'D:\\OIO+\\DATASET_RETINA\\01.Originais\\AMD (Degeneração Macular Relacionada à Idade)\\ADAM\\__MACOSX\\ADAM\\Validation\\Disc_Fovea_Illustration\\._V0033.jpg'
._V0034.jpg,cannot identify image file 'D:\\OIO+\\DATASET_RETINA\\01.Originais\\AMD (Degeneração Macular Relacionada à Idade)\\ADAM\\__MACOSX\\ADAM\\Validation\\Disc_Fovea_Illustration\\._V0034.jpg'
._V0035.jpg,cannot identify image file 'D:\\OIO+\\DATASET_RETINA\\01.Originais\\AMD (Degeneração Macular Relacionada à Idade)\\ADAM\\__MACOSX\\ADAM\\Validation\\Disc_Fovea_Illustration\\._V0035.jpg'
._V0036.jpg,cannot identify image file 'D:\\OIO+\\DATASET_RETINA\\01.Originais\\AMD (Degeneração Macular Relacionada à Idade)\\ADAM\\__MACOSX\\ADAM\\Validation\\Disc_Fovea_Illustration\\._V0036.jpg'
._V0037.jpg,cannot identify image file 'D:\\OIO+\\DATASET_RETINA\\01.Originais\\AMD (Degeneração Macular Relacionada à Idade)\\ADAM\\__MACOSX\\ADAM\\Validation\\Disc_Fovea_Illustration\\._V0037.jpg'
._V0038.jpg,cannot identify image file 'D:\\OIO+\\DATASET_RETINA\\01.Originais\\AMD (Degeneração Macular Relacionada à Idade)\\ADAM\\__MACOSX\\ADAM\\Validation\\Disc_Fovea_Illustration\\._V0038.jpg'
._V0039.jpg,cannot identify image file 'D:\\OIO+\\DATASET_RETINA\\01.Originais\\AMD (Degeneração Macular Relacionada à Idade)\\ADAM\\__MACOSX\\ADAM\\Validation\\Disc_Fovea_Illustration\\._V0039.jpg'
._V0040.jpg,cannot identify image file 'D:\\OIO+\\DATASET_RETINA\\01.Originais\\AMD (Degeneração Macular Relacionada à Idade)\\ADAM\\__MACOSX\\ADAM\\Validation\\Disc_Fovea_Illustration\\._V0040.jpg'
._V0041.jpg,cannot identify image file 'D:\\OIO+\\DATASET_RETINA\\01.Originais\\AMD (Degeneração Macular Relacionada à Idade)\\ADAM\\__MACOSX\\ADAM\\Validation\\Disc_Fovea_Illustration\\._V0041.jpg'
._V0042.jpg,cannot identify image file 'D:\\OIO+\\DATASET_RETINA\\01.Originais\\AMD (Degeneração Macular Relacionada à Idade)\\ADAM\\__MACOSX\\ADAM\\Validation\\Disc_Fovea_Illustration\\._V0042.jpg'
._V0043.jpg,cannot identify image file 'D:\\OIO+\\DATASET_RETINA\\01.Originais\\AMD (Degeneração Macular Relacionada à Idade)\\ADAM\\__MACOSX\\ADAM\\Validation\\Disc_Fovea_Illustration\\._V0043.jpg'
._V0044.jpg,cannot identify image file 'D:\\OIO+\\DATASET_RETINA\\01.Originais\\AMD (Degeneração Macular Relacionada à Idade)\\ADAM\\__MACOSX\\ADAM\\Validation\\Disc_Fovea_Illustration\\._V0044.jpg'
._V0045.jpg,cannot identify image file 'D:\\OIO+\\DATASET_RETINA\\01.Originais\\AMD (Degeneração Macular Relacionada à Idade)\\ADAM\\__MACOSX\\ADAM\\Validation\\Disc_Fovea_Illustration\\._V0045.jpg'
._V0046.jpg,cannot identify image file 'D:\\OIO+\\DATASET_RETINA\\01.Originais\\AMD (Degeneração Macular Relacionada à Idade)\\ADAM\\__MACOSX\\ADAM\\Validation\\Disc_Fovea_Illustration\\._V0046.jpg'
._V0047.jpg,cannot identify image file 'D:\\OIO+\\DATASET_RETINA\\01.Originais\\AMD (Degeneração Macular Relacionada à Idade)\\ADAM\\__MACOSX\\ADAM\\Validation\\Disc_Fovea_Illustration\\._V0047.jpg'
._V0048.jpg,cannot identify image file 'D:\\OIO+\\DATASET_RETINA\\01.Originais\\AMD (Degeneração Macular Relacionada à Idade)\\ADAM\\__MACOSX\\ADAM\\Validation\\Disc_Fovea_Illustration\\._V0048.jpg'
._V0049.jpg,cannot identify image file 'D:\\OIO+\\DATASET_RETINA\\01.Originais\\AMD (Degeneração Macular Relacionada à Idade)\\ADAM\\__MACOSX\\ADAM\\Validation\\Disc_Fovea_Illustration\\._V0049.jpg'
._V0050.jpg,cannot identify image file 'D:\\OIO+\\DATASET_RETINA\\01.Originais\\AMD (Degeneração Macular Relacionada à Idade)\\ADAM\\__MACOSX\\ADAM\\Validation\\Disc_Fovea_Illustration\\._V0050.jpg'
._V0051.jpg,cannot identify image file 'D:\\OIO+\\DATASET_RETINA\\01.Originais\\AMD (Degeneração Macular Relacionada à Idade)\\ADAM\\__MACOSX\\ADAM\\Validation\\Disc_Fovea_Illustration\\._V0051.jpg'
._V0052.jpg,cannot identify image file 'D:\\OIO+\\DATASET_RETINA\\01.Originais\\AMD (Degeneração Macular Relacionada à Idade)\\ADAM\\__MACOSX\\ADAM\\Validation\\Disc_Fovea_Illustration\\._V0052.jpg'
._V0053.jpg,cannot identify image file 'D:\\OIO+\\DATASET_RETINA\\01.Originais\\AMD (Degeneração Macular Relacionada à Idade)\\ADAM\\__MACOSX\\ADAM\\Validation\\Disc_Fovea_Illustration\\._V0053.jpg'
._V0054.jpg,cannot identify image file 'D:\\OIO+\\DATASET_RETINA\\01.Originais\\AMD (Degeneração Macular Relacionada à Idade)\\ADAM\\__MACOSX\\ADAM\\Validation\\Disc_Fovea_Illustration\\._V0054.jpg'
._V0055.jpg,cannot identify image file 'D:\\OIO+\\DATASET_RETINA\\01.Originais\\AMD (Degeneração Macular Relacionada à Idade)\\ADAM\\__MACOSX\\ADAM\\Validation\\Disc_Fovea_Illustration\\._V0055.jpg'
._V0056.jpg,cannot identify image file 'D:\\OIO+\\DATASET_RETINA\\01.Originais\\AMD (Degeneração Macular Relacionada à Idade)\\ADAM\\__MACOSX\\ADAM\\Validation\\Disc_Fovea_Illustration\\._V0056.jpg'
._V0057.jpg,cannot identify image file 'D:\\OIO+\\DATASET_RETINA\\01.Originais\\AMD (Degeneração Macular Relacionada à Idade)\\ADAM\\__MACOSX\\ADAM\\Validation\\Disc_Fovea_Illustration\\._V0057.jpg'
._V0058.jpg,cannot identify image file 'D:\\OIO+\\DATASET_RETINA\\01.Originais\\AMD (Degeneração Macular Relacionada à Idade)\\ADAM\\__MACOSX\\ADAM\\Validation\\Disc_Fovea_Illustration\\._V0058.jpg'
._V0059.jpg,cannot identify image file 'D:\\OIO+\\DATASET_RETINA\\01.Originais\\AMD (Degeneração Macular Relacionada à Idade)\\ADAM\\__MACOSX\\ADAM\\Validation\\Disc_Fovea_Illustration\\._V0059.jpg'
._V0060.jpg,cannot identify image file 'D:\\OIO+\\DATASET_RETINA\\01.Originais\\AMD (Degeneração Macular Relacionada à Idade)\\ADAM\\__MACOSX\\ADAM\\Validation\\Disc_Fovea_Illustration\\._V0060.jpg'
._V0061.jpg,cannot identify image file 'D:\\OIO+\\DATASET_RETINA\\01.Originais\\AMD (Degeneração Macular Relacionada à Idade)\\ADAM\\__MACOSX\\ADAM\\Validation\\Disc_Fovea_Illustration\\._V0061.jpg'
._V0062.jpg,cannot identify image file 'D:\\OIO+\\DATASET_RETINA\\01.Originais\\AMD (Degeneração Macular Relacionada à Idade)\\ADAM\\__MACOSX\\ADAM\\Validation\\Disc_Fovea_Illustration\\._V0062.jpg'
._V0063.jpg,cannot identify image file 'D:\\OIO+\\DATASET_RETINA\\01.Originais\\AMD (Degeneração Macular Relacionada à Idade)\\ADAM\\__MACOSX\\ADAM\\Validation\\Disc_Fovea_Illustration\\._V0063.jpg'
._V0064.jpg,cannot identify image file 'D:\\OIO+\\DATASET_RETINA\\01.Originais\\AMD (Degeneração Macular Relacionada à Idade)\\ADAM\\__MACOSX\\ADAM\\Validation\\Disc_Fovea_Illustration\\._V0064.jpg'
._V0065.jpg,cannot identify image file 'D:\\OIO+\\DATASET_RETINA\\01.Originais\\AMD (Degeneração Macular Relacionada à Idade)\\ADAM\\__MACOSX\\ADAM\\Validation\\Disc_Fovea_Illustration\\._V0065.jpg'
._V0066.jpg,cannot identify image file 'D:\\OIO+\\DATASET_RETINA\\01.Originais\\AMD (Degeneração Macular Relacionada à Idade)\\ADAM\\__MACOSX\\ADAM\\Validation\\Disc_Fovea_Illustration\\._V0066.jpg'
._V0067.jpg,cannot identify image file 'D:\\OIO+\\DATASET_RETINA\\01.Originais\\AMD (Degeneração Macular Relacionada à Idade)\\ADAM\\__MACOSX\\ADAM\\Validation\\Disc_Fovea_Illustration\\._V0067.jpg'
._V0068.jpg,cannot identify image file 'D:\\OIO+\\DATASET_RETINA\\01.Originais\\AMD (Degeneração Macular Relacionada à Idade)\\ADAM\\__MACOSX\\ADAM\\Validation\\Disc_Fovea_Illustration\\._V0068.jpg'
._V0069.jpg,cannot identify image file 'D:\\OIO+\\DATASET_RETINA\\01.Originais\\AMD (Degeneração Macular Relacionada à Idade)\\ADAM\\__MACOSX\\ADAM\\Validation\\Disc_Fovea_Illustration\\._V0069.jpg'
._V0070.jpg,cannot identify image file 'D:\\OIO+\\DATASET_RETINA\\01.Originais\\AMD (Degeneração Macular Relacionada à Idade)\\ADAM\\__MACOSX\\ADAM\\Validation\\Disc_Fovea_Illustration\\._V0070.jpg'
._V0071.jpg,cannot identify image file 'D:\\OIO+\\DATASET_RETINA\\01.Originais\\AMD (Degeneração Macular Relacionada à Idade)\\ADAM\\__MACOSX\\ADAM\\Validation\\Disc_Fovea_Illustration\\._V0071.jpg'
._V0072.jpg,cannot identify image file 'D:\\OIO+\\DATASET_RETINA\\01.Originais\\AMD (Degeneração Macular Relacionada à Idade)\\ADAM\\__MACOSX\\ADAM\\Validation\\Disc_Fovea_Illustration\\._V0072.jpg'
._V0073.jpg,cannot identify image file 'D:\\OIO+\\DATASET_RETINA\\01.Originais\\AMD (Degeneração Macular Relacionada à Idade)\\ADAM\\__MACOSX\\ADAM\\Validation\\Disc_Fovea_Illustration\\._V0073.jpg'
._V0074.jpg,cannot identify image file 'D:\\OIO+\\DATASET_RETINA\\01.Originais\\AMD (Degeneração Macular Relacionada à Idade)\\ADAM\\__MACOSX\\ADAM\\Validation\\Disc_Fovea_Illustration\\._V0074.jpg'
._V0075.jpg,cannot identify image file 'D:\\OIO+\\DATASET_RETINA\\01.Originais\\AMD (Degeneração Macular Relacionada à Idade)\\ADAM\\__MACOSX\\ADAM\\Validation\\Disc_Fovea_Illustration\\._V0075.jpg'
._V0076.jpg,cannot identify image file 'D:\\OIO+\\DATASET_RETINA\\01.Originais\\AMD (Degeneração Macular Relacionada à Idade)\\ADAM\\__MACOSX\\ADAM\\Validation\\Disc_Fovea_Illustration\\._V0076.jpg'
._V0077.jpg,cannot identify image file 'D:\\OIO+\\DATASET_RETINA\\01.Originais\\AMD (Degeneração Macular Relacionada à Idade)\\ADAM\\__MACOSX\\ADAM\\Validation\\Disc_Fovea_Illustration\\._V0077.jpg'
._V0078.jpg,cannot identify image file 'D:\\OIO+\\DATASET_RETINA\\01.Originais\\AMD (Degeneração Macular Relacionada à Idade)\\ADAM\\__MACOSX\\ADAM\\Validation\\Disc_Fovea_Illustration\\._V0078.jpg'
._V0079.jpg,cannot identify image file 'D:\\OIO+\\DATASET_RETINA\\01.Originais\\AMD (Degeneração Macular Relacionada à Idade)\\ADAM\\__MACOSX\\ADAM\\Validation\\Disc_Fovea_Illustration\\._V0079.jpg'
._V0080.jpg,cannot identify image file 'D:\\OIO+\\DATASET_RETINA\\01.Originais\\AMD (Degeneração Macular Relacionada à Idade)\\ADAM\\__MACOSX\\ADAM\\Validation\\Disc_Fovea_Illustration\\._V0080.jpg'
._V0081.jpg,cannot identify image file 'D:\\OIO+\\DATASET_RETINA\\01.Originais\\AMD (Degeneração Macular Relacionada à Idade)\\ADAM\\__MACOSX\\ADAM\\Validation\\Disc_Fovea_Illustration\\._V0081.jpg'
._V0082.jpg,cannot identify image file 'D:\\OIO+\\DATASET_RETINA\\01.Originais\\AMD (Degeneração Macular Relacionada à Idade)\\ADAM\\__MACOSX\\ADAM\\Validation\\Disc_Fovea_Illustration\\._V0082.jpg'
._V0083.jpg,cannot identify image file 'D:\\OIO+\\DATASET_RETINA\\01.Originais\\AMD (Degeneração Macular Relacionada à Idade)\\ADAM\\__MACOSX\\ADAM\\Validation\\Disc_Fovea_Illustration\\._V0083.jpg'
._V0084.jpg,cannot identify image file 'D:\\OIO+\\DATASET_RETINA\\01.Originais\\AMD (Degeneração Macular Relacionada à Idade)\\ADAM\\__MACOSX\\ADAM\\Validation\\Disc_Fovea_Illustration\\._V0084.jpg'
._V0085.jpg,cannot identify image file 'D:\\OIO+\\DATASET_RETINA\\01.Originais\\AMD (Degeneração Macular Relacionada à Idade)\\ADAM\\__MACOSX\\ADAM\\Validation\\Disc_Fovea_Illustration\\._V0085.jpg'
._V0086.jpg,cannot identify image file 'D:\\OIO+\\DATASET_RETINA\\01.Originais\\AMD (Degeneração Macular Relacionada à Idade)\\ADAM\\__MACOSX\\ADAM\\Validation\\Disc_Fovea_Illustration\\._V0086.jpg'
._V0087.jpg,cannot identify image file 'D:\\OIO+\\DATASET_RETINA\\01.Originais\\AMD (Degeneração Macular Relacionada à Idade)\\ADAM\\__MACOSX\\ADAM\\Validation\\Disc_Fovea_Illustration\\._V0087.jpg'
._V0088.jpg,cannot identify image file 'D:\\OIO+\\DATASET_RETINA\\01.Originais\\AMD (Degeneração Macular Relacionada à Idade)\\ADAM\\__MACOSX\\ADAM\\Validation\\Disc_Fovea_Illustration\\._V0088.jpg'
._V0089.jpg,cannot identify image file 'D:\\OIO+\\DATASET_RETINA\\01.Originais\\AMD (Degeneração Macular Relacionada à Idade)\\ADAM\\__MACOSX\\ADAM\\Validation\\Disc_Fovea_Illustration\\._V0089.jpg'
._V0090.jpg,cannot identify image file 'D:\\OIO+\\DATASET_RETINA\\01.Originais\\AMD (Degeneração Macular Relacionada à Idade)\\ADAM\\__MACOSX\\ADAM\\Validation\\Disc_Fovea_Illustration\\._V0090.jpg'
._V0091.jpg,cannot identify image file 'D:\\OIO+\\DATASET_RETINA\\01.Originais\\AMD (Degeneração Macular Relacionada à Idade)\\ADAM\\__MACOSX\\ADAM\\Validation\\Disc_Fovea_Illustration\\._V0091.jpg'
._V0092.jpg,cannot identify image file 'D:\\OIO+\\DATASET_RETINA\\01.Originais\\AMD (Degeneração Macular Relacionada à Idade)\\ADAM\\__MACOSX\\ADAM\\Validation\\Disc_Fovea_Illustration\\._V0092.jpg'
._V0093.jpg,cannot identify image file 'D:\\OIO+\\DATASET_RETINA\\01.Originais\\AMD (Degeneração Macular Relacionada à Idade)\\ADAM\\__MACOSX\\ADAM\\Validation\\Disc_Fovea_Illustration\\._V0093.jpg'
._V0094.jpg,cannot identify image file 'D:\\OIO+\\DATASET_RETINA\\01.Originais\\AMD (Degeneração Macular Relacionada à Idade)\\ADAM\\__MACOSX\\ADAM\\Validation\\Disc_Fovea_Illustration\\._V0094.jpg'
._V0095.jpg,cannot identify image file 'D:\\OIO+\\DATASET_RETINA\\01.Originais\\AMD (Degeneração Macular Relacionada à Idade)\\ADAM\\__MACOSX\\ADAM\\Validation\\Disc_Fovea_Illustration\\._V0095.jpg'
._V0096.jpg,cannot identify image file 'D:\\OIO+\\DATASET_RETINA\\01.Originais\\AMD (Degeneração Macular Relacionada à Idade)\\ADAM\\__MACOSX\\ADAM\\Validation\\Disc_Fovea_Illustration\\._V0096.jpg'
._V0097.jpg,cannot identify image file 'D:\\OIO+\\DATASET_RETINA\\01.Originais\\AMD (Degeneração Macular Relacionada à Idade)\\ADAM\\__MACOSX\\ADAM\\Validation\\Disc_Fovea_Illustration\\._V0097.jpg'
._V0098.jpg,cannot identify image file 'D:\\OIO+\\DATASET_RETINA\\01.Originais\\AMD (Degeneração Macular Relacionada à Idade)\\ADAM\\__MACOSX\\ADAM\\Validation\\Disc_Fovea_Illustration\\._V0098.jpg'
._V0099.jpg,cannot identify image file 'D:\\OIO+\\DATASET_RETINA\\01.Originais\\AMD (Degeneração Macular Relacionada à Idade)\\ADAM\\__MACOSX\\ADAM\\Validation\\Disc_Fovea_Illustration\\._V0099.jpg'
._V0100.jpg,cannot identify image file 'D:\\OIO+\\DATASET_RETINA\\01.Originais\\AMD (Degeneração Macular Relacionada à Idade)\\ADAM\\__MACOSX\\ADAM\\Validation\\Disc_Fovea_Illustration\\._V0100.jpg'
._V0101.jpg,cannot identify image file 'D:\\OIO+\\DATASET_RETINA\\01.Originais\\AMD (Degeneração Macular Relacionada à Idade)\\ADAM\\__MACOSX\\ADAM\\Validation\\Disc_Fovea_Illustration\\._V0101.jpg'
._V0102.jpg,cannot identify image file 'D:\\OIO+\\DATASET_RETINA\\01.Originais\\AMD (Degeneração Macular Relacionada à Idade)\\ADAM\\__MACOSX\\ADAM\\Validation\\Disc_Fovea_Illustration\\._V0102.jpg'
._V0103.jpg,cannot identify image file 'D:\\OIO+\\DATASET_RETINA\\01.Originais\\AMD (Degeneração Macular Relacionada à Idade)\\ADAM\\__MACOSX\\ADAM\\Validation\\Disc_Fovea_Illustration\\._V0103.jpg'
._V0104.jpg,cannot identify image file 'D:\\OIO+\\DATASET_RETINA\\01.Originais\\AMD (Degeneração Macular Relacionada à Idade)\\ADAM\\__MACOSX\\ADAM\\Validation\\Disc_Fovea_Illustration\\._V0104.jpg'
._V0105.jpg,cannot identify image file 'D:\\OIO+\\DATASET_RETINA\\01.Originais\\AMD (Degeneração Macular Relacionada à Idade)\\ADAM\\__MACOSX\\ADAM\\Validation\\Disc_Fovea_Illustration\\._V0105.jpg'
._V0106.jpg,cannot identify image file 'D:\\OIO+\\DATASET_RETINA\\01.Originais\\AMD (Degeneração Macular Relacionada à Idade)\\ADAM\\__MACOSX\\ADAM\\Validation\\Disc_Fovea_Illustration\\._V0106.jpg'
._V0107.jpg,cannot identify image file 'D:\\OIO+\\DATASET_RETINA\\01.Originais\\AMD (Degeneração Macular Relacionada à Idade)\\ADAM\\__MACOSX\\ADAM\\Validation\\Disc_Fovea_Illustration\\._V0107.jpg'
._V0108.jpg,cannot identify image file 'D:\\OIO+\\DATASET_RETINA\\01.Originais\\AMD (Degeneração Macular Relacionada à Idade)\\ADAM\\__MACOSX\\ADAM\\Validation\\Disc_Fovea_Illustration\\._V0108.jpg'
._V0109.jpg,cannot identify image file 'D:\\OIO+\\DATASET_RETINA\\01.Originais\\AMD (Degeneração Macular Relacionada à Idade)\\ADAM\\__MACOSX\\ADAM\\Validation\\Disc_Fovea_Illustration\\._V0109.jpg'
._V0110.jpg,cannot identify image file 'D:\\OIO+\\DATASET_RETINA\\01.Originais\\AMD (Degeneração Macular Relacionada à Idade)\\ADAM\\__MACOSX\\ADAM\\Validation\\Disc_Fovea_Illustration\\._V0110.jpg'
._V0111.jpg,cannot identify image file 'D:\\OIO+\\DATASET_RETINA\\01.Originais\\AMD (Degeneração Macular Relacionada à Idade)\\ADAM\\__MACOSX\\ADAM\\Validation\\Disc_Fovea_Illustration\\._V0111.jpg'
._V0112.jpg,cannot identify image file 'D:\\OIO+\\DATASET_RETINA\\01.Originais\\AMD (Degeneração Macular Relacionada à Idade)\\ADAM\\__MACOSX\\ADAM\\Validation\\Disc_Fovea_Illustration\\._V0112.jpg'
._V0113.jpg,cannot identify image file 'D:\\OIO+\\DATASET_RETINA\\01.Originais\\AMD (Degeneração Macular Relacionada à Idade)\\ADAM\\__MACOSX\\ADAM\\Validation\\Disc_Fovea_Illustration\\._V0113.jpg'
._V0114.jpg,cannot identify image file 'D:\\OIO+\\DATASET_RETINA\\01.Originais\\AMD (Degeneração Macular Relacionada à Idade)\\ADAM\\__MACOSX\\ADAM\\Validation\\Disc_Fovea_Illustration\\._V0114.jpg'
._V0115.jpg,cannot identify image file 'D:\\OIO+\\DATASET_RETINA\\01.Originais\\AMD (Degeneração Macular Relacionada à Idade)\\ADAM\\__MACOSX\\ADAM\\Validation\\Disc_Fovea_Illustration\\._V0115.jpg'
._V0116.jpg,cannot identify image file 'D:\\OIO+\\DATASET_RETINA\\01.Originais\\AMD (Degeneração Macular Relacionada à Idade)\\ADAM\\__MACOSX\\ADAM\\Validation\\Disc_Fovea_Illustration\\._V0116.jpg'
._V0117.jpg,cannot identify image file 'D:\\OIO+\\DATASET_RETINA\\01.Originais\\AMD (Degeneração Macular Relacionada à Idade)\\ADAM\\__MACOSX\\ADAM\\Validation\\Disc_Fovea_Illustration\\._V0117.jpg'
._V0118.jpg,cannot identify image file 'D:\\OIO+\\DATASET_RETINA\\01.Originais\\AMD (Degeneração Macular Relacionada à Idade)\\ADAM\\__MACOSX\\ADAM\\Validation\\Disc_Fovea_Illustration\\._V0118.jpg'
._V0119.jpg,cannot identify image file 'D:\\OIO+\\DATASET_RETINA\\01.Originais\\AMD (Degeneração Macular Relacionada à Idade)\\ADAM\\__MACOSX\\ADAM\\Validation\\Disc_Fovea_Illustration\\._V0119.jpg'
._V0120.jpg,cannot identify image file 'D:\\OIO+\\DATASET_RETINA\\01.Originais\\AMD (Degeneração Macular Relacionada à Idade)\\ADAM\\__MACOSX\\ADAM\\Validation\\Disc_Fovea_Illustration\\._V0120.jpg'
._V0121.jpg,cannot identify image file 'D:\\OIO+\\DATASET_RETINA\\01.Originais\\AMD (Degeneração Macular Relacionada à Idade)\\ADAM\\__MACOSX\\ADAM\\Validation\\Disc_Fovea_Illustration\\._V0121.jpg'
._V0122.jpg,cannot identify image file 'D:\\OIO+\\DATASET_RETINA\\01.Originais\\AMD (Degeneração Macular Relacionada à Idade)\\ADAM\\__MACOSX\\ADAM\\Validation\\Disc_Fovea_Illustration\\._V0122.jpg'
._V0123.jpg,cannot identify image file 'D:\\OIO+\\DATASET_RETINA\\01.Originais\\AMD (Degeneração Macular Relacionada à Idade)\\ADAM\\__MACOSX\\ADAM\\Validation\\Disc_Fovea_Illustration\\._V0123.jpg'
._V0124.jpg,cannot identify image file 'D:\\OIO+\\DATASET_RETINA\\01.Originais\\AMD (Degeneração Macular Relacionada à Idade)\\ADAM\\__MACOSX\\ADAM\\Validation\\Disc_Fovea_Illustration\\._V0124.jpg'
._V0125.jpg,cannot identify image file 'D:\\OIO+\\DATASET_RETINA\\01.Originais\\AMD (Degeneração Macular Relacionada à Idade)\\ADAM\\__MACOSX\\ADAM\\Validation\\Disc_Fovea_Illustration\\._V0125.jpg'
._V0126.jpg,cannot identify image file 'D:\\OIO+\\DATASET_RETINA\\01.Originais\\AMD (Degeneração Macular Relacionada à Idade)\\ADAM\\__MACOSX\\ADAM\\Validation\\Disc_Fovea_Illustration\\._V0126.jpg'
._V0127.jpg,cannot identify image file 'D:\\OIO+\\DATASET_RETINA\\01.Originais\\AMD (Degeneração Macular Relacionada à Idade)\\ADAM\\__MACOSX\\ADAM\\Validation\\Disc_Fovea_Illustration\\._V0127.jpg'
._V0128.jpg,cannot identify image file 'D:\\OIO+\\DATASET_RETINA\\01.Originais\\AMD (Degeneração Macular Relacionada à Idade)\\ADAM\\__MACOSX\\ADAM\\Validation\\Disc_Fovea_Illustration\\._V0128.jpg'
._V0129.jpg,cannot identify image file 'D:\\OIO+\\DATASET_RETINA\\01.Originais\\AMD (Degeneração Macular Relacionada à Idade)\\ADAM\\__MACOSX\\ADAM\\Validation\\Disc_Fovea_Illustration\\._V0129.jpg'
._V0130.jpg,cannot identify image file 'D:\\OIO+\\DATASET_RETINA\\01.Originais\\AMD (Degeneração Macular Relacionada à Idade)\\ADAM\\__MACOSX\\ADAM\\Validation\\Disc_Fovea_Illustration\\._V0130.jpg'
._V0131.jpg,cannot identify image file 'D:\\OIO+\\DATASET_RETINA\\01.Originais\\AMD (Degeneração Macular Relacionada à Idade)\\ADAM\\__MACOSX\\ADAM\\Validation\\Disc_Fovea_Illustration\\._V0131.jpg'
._V0132.jpg,cannot identify image file 'D:\\OIO+\\DATASET_RETINA\\01.Originais\\AMD (Degeneração Macular Relacionada à Idade)\\ADAM\\__MACOSX\\ADAM\\Validation\\Disc_Fovea_Illustration\\._V0132.jpg'
._V0133.jpg,cannot identify image file 'D:\\OIO+\\DATASET_RETINA\\01.Originais\\AMD (Degeneração Macular Relacionada à Idade)\\ADAM\\__MACOSX\\ADAM\\Validation\\Disc_Fovea_Illustration\\._V0133.jpg'
._V0134.jpg,cannot identify image file 'D:\\OIO+\\DATASET_RETINA\\01.Originais\\AMD (Degeneração Macular Relacionada à Idade)\\ADAM\\__MACOSX\\ADAM\\Validation\\Disc_Fovea_Illustration\\._V0134.jpg'
._V0135.jpg,cannot identify image file 'D:\\OIO+\\DATASET_RETINA\\01.Originais\\AMD (Degeneração Macular Relacionada à Idade)\\ADAM\\__MACOSX\\ADAM\\Validation\\Disc_Fovea_Illustration\\._V0135.jpg'
._V0136.jpg,cannot identify image file 'D:\\OIO+\\DATASET_RETINA\\01.Originais\\AMD (Degeneração Macular Relacionada à Idade)\\ADAM\\__MACOSX\\ADAM\\Validation\\Disc_Fovea_Illustration\\._V0136.jpg'
._V0137.jpg,cannot identify image file 'D:\\OIO+\\DATASET_RETINA\\01.Originais\\AMD (Degeneração Macular Relacionada à Idade)\\ADAM\\__MACOSX\\ADAM\\Validation\\Disc_Fovea_Illustration\\._V0137.jpg'
._V0138.jpg,cannot identify image file 'D:\\OIO+\\DATASET_RETINA\\01.Originais\\AMD (Degeneração Macular Relacionada à Idade)\\ADAM\\__MACOSX\\ADAM\\Validation\\Disc_Fovea_Illustration\\._V0138.jpg'
._V0139.jpg,cannot identify image file 'D:\\OIO+\\DATASET_RETINA\\01.Originais\\AMD (Degeneração Macular Relacionada à Idade)\\ADAM\\__MACOSX\\ADAM\\Validation\\Disc_Fovea_Illustration\\._V0139.jpg'
._V0140.jpg,cannot identify image file 'D:\\OIO+\\DATASET_RETINA\\01.Originais\\AMD (Degeneração Macular Relacionada à Idade)\\ADAM\\__MACOSX\\ADAM\\Validation\\Disc_Fovea_Illustration\\._V0140.jpg'
._V0141.jpg,cannot identify image file 'D:\\OIO+\\DATASET_RETINA\\01.Originais\\AMD (Degeneração Macular Relacionada à Idade)\\ADAM\\__MACOSX\\ADAM\\Validation\\Disc_Fovea_Illustration\\._V0141.jpg'
._V0142.jpg,cannot identify image file 'D:\\OIO+\\DATASET_RETINA\\01.Originais\\AMD (Degeneração Macular Relacionada à Idade)\\ADAM\\__MACOSX\\ADAM\\Validation\\Disc_Fovea_Illustration\\._V0142.jpg'
._V0143.jpg,cannot identify image file 'D:\\OIO+\\DATASET_RETINA\\01.Originais\\AMD (Degeneração Macular Relacionada à Idade)\\ADAM\\__MACOSX\\ADAM\\Validation\\Disc_Fovea_Illustration\\._V0143.jpg'
._V0144.jpg,cannot identify image file 'D:\\OIO+\\DATASET_RETINA\\01.Originais\\AMD (Degeneração Macular Relacionada à Idade)\\ADAM\\__MACOSX\\ADAM\\Validation\\Disc_Fovea_Illustration\\._V0144.jpg'
._V0145.jpg,cannot identify image file 'D:\\OIO+\\DATASET_RETINA\\01.Originais\\AMD (Degeneração Macular Relacionada à Idade)\\ADAM\\__MACOSX\\ADAM\\Validation\\Disc_Fovea_Illustration\\._V0145.jpg'
._V0146.jpg,cannot identify image file 'D:\\OIO+\\DATASET_RETINA\\01.Originais\\AMD (Degeneração Macular Relacionada à Idade)\\ADAM\\__MACOSX\\ADAM\\Validation\\Disc_Fovea_Illustration\\._V0146.jpg'
._V0147.jpg,cannot identify image file 'D:\\OIO+\\DATASET_RETINA\\01.Originais\\AMD (Degeneração Macular Relacionada à Idade)\\ADAM\\__MACOSX\\ADAM\\Validation\\Disc_Fovea_Illustration\\._V0147.jpg'
._V0148.jpg,cannot identify image file 'D:\\OIO+\\DATASET_RETINA\\01.Originais\\AMD (Degeneração Macular Relacionada à Idade)\\ADAM\\__MACOSX\\ADAM\\Validation\\Disc_Fovea_Illustration\\._V0148.jpg'
._V0149.jpg,cannot identify image file 'D:\\OIO+\\DATASET_RETINA\\01.Originais\\AMD (Degeneração Macular Relacionada à Idade)\\ADAM\\__MACOSX\\ADAM\\Validation\\Disc_Fovea_Illustration\\._V0149.jpg'
._V0150.jpg,cannot identify image file 'D:\\OIO+\\DATASET_RETINA\\01.Originais\\AMD (Degeneração Macular Relacionada à Idade)\\ADAM\\__MACOSX\\ADAM\\Validation\\Disc_Fovea_Illustration\\._V0150.jpg'
._V0151.jpg,cannot identify image file 'D:\\OIO+\\DATASET_RETINA\\01.Originais\\AMD (Degeneração Macular Relacionada à Idade)\\ADAM\\__MACOSX\\ADAM\\Validation\\Disc_Fovea_Illustration\\._V0151.jpg'
._V0152.jpg,cannot identify image file 'D:\\OIO+\\DATASET_RETINA\\01.Originais\\AMD (Degeneração Macular Relacionada à Idade)\\ADAM\\__MACOSX\\ADAM\\Validation\\Disc_Fovea_Illustration\\._V0152.jpg'
._V0153.jpg,cannot identify image file 'D:\\OIO+\\DATASET_RETINA\\01.Originais\\AMD (Degeneração Macular Relacionada à Idade)\\ADAM\\__MACOSX\\ADAM\\Validation\\Disc_Fovea_Illustration\\._V0153.jpg'
._V0154.jpg,cannot identify image file 'D:\\OIO+\\DATASET_RETINA\\01.Originais\\AMD (Degeneração Macular Relacionada à Idade)\\ADAM\\__MACOSX\\ADAM\\Validation\\Disc_Fovea_Illustration\\._V0154.jpg'
._V0155.jpg,cannot identify image file 'D:\\OIO+\\DATASET_RETINA\\01.Originais\\AMD (Degeneração Macular Relacionada à Idade)\\ADAM\\__MACOSX\\ADAM\\Validation\\Disc_Fovea_Illustration\\._V0155.jpg'
._V0156.jpg,cannot identify image file 'D:\\OIO+\\DATASET_RETINA\\01.Originais\\AMD (Degeneração Macular Relacionada à Idade)\\ADAM\\__MACOSX\\ADAM\\Validation\\Disc_Fovea_Illustration\\._V0156.jpg'
._V0157.jpg,cannot identify image file 'D:\\OIO+\\DATASET_RETINA\\01.Originais\\AMD (Degeneração Macular Relacionada à Idade)\\ADAM\\__MACOSX\\ADAM\\Validation\\Disc_Fovea_Illustration\\._V0157.jpg'
._V0158.jpg,cannot identify image file 'D:\\OIO+\\DATASET_RETINA\\01.Originais\\AMD (Degeneração Macular Relacionada à Idade)\\ADAM\\__MACOSX\\ADAM\\Validation\\Disc_Fovea_Illustration\\._V0158.jpg'
._V0159.jpg,cannot identify image file 'D:\\OIO+\\DATASET_RETINA\\01.Originais\\AMD (Degeneração Macular Relacionada à Idade)\\ADAM\\__MACOSX\\ADAM\\Validation\\Disc_Fovea_Illustration\\._V0159.jpg'
._V0160.jpg,cannot identify image file 'D:\\OIO+\\DATASET_RETINA\\01.Originais\\AMD (Degeneração Macular Relacionada à Idade)\\ADAM\\__MACOSX\\ADAM\\Validation\\Disc_Fovea_Illustration\\._V0160.jpg'
._V0161.jpg,cannot identify image file 'D:\\OIO+\\DATASET_RETINA\\01.Originais\\AMD (Degeneração Macular Relacionada à Idade)\\ADAM\\__MACOSX\\ADAM\\Validation\\Disc_Fovea_Illustration\\._V0161.jpg'
._V0162.jpg,cannot identify image file 'D:\\OIO+\\DATASET_RETINA\\01.Originais\\AMD (Degeneração Macular Relacionada à Idade)\\ADAM\\__MACOSX\\ADAM\\Validation\\Disc_Fovea_Illustration\\._V0162.jpg'
._V0163.jpg,cannot identify image file 'D:\\OIO+\\DATASET_RETINA\\01.Originais\\AMD (Degeneração Macular Relacionada à Idade)\\ADAM\\__MACOSX\\ADAM\\Validation\\Disc_Fovea_Illustration\\._V0163.jpg'
._V0164.jpg,cannot identify image file 'D:\\OIO+\\DATASET_RETINA\\01.Originais\\AMD (Degeneração Macular Relacionada à Idade)\\ADAM\\__MACOSX\\ADAM\\Validation\\Disc_Fovea_Illustration\\._V0164.jpg'
._V0165.jpg,cannot identify image file 'D:\\OIO+\\DATASET_RETINA\\01.Originais\\AMD (Degeneração Macular Relacionada à Idade)\\ADAM\\__MACOSX\\ADAM\\Validation\\Disc_Fovea_Illustration\\._V0165.jpg'
._V0166.jpg,cannot identify image file 'D:\\OIO+\\DATASET_RETINA\\01.Originais\\AMD (Degeneração Macular Relacionada à Idade)\\ADAM\\__MACOSX\\ADAM\\Validation\\Disc_Fovea_Illustration\\._V0166.jpg'
._V0167.jpg,cannot identify image file 'D:\\OIO+\\DATASET_RETINA\\01.Originais\\AMD (Degeneração Macular Relacionada à Idade)\\ADAM\\__MACOSX\\ADAM\\Validation\\Disc_Fovea_Illustration\\._V0167.jpg'
._V0168.jpg,cannot identify image file 'D:\\OIO+\\DATASET_RETINA\\01.Originais\\AMD (Degeneração Macular Relacionada à Idade)\\ADAM\\__MACOSX\\ADAM\\Validation\\Disc_Fovea_Illustration\\._V0168.jpg'
._V0169.jpg,cannot identify image file 'D:\\OIO+\\DATASET_RETINA\\01.Originais\\AMD (Degeneração Macular Relacionada à Idade)\\ADAM\\__MACOSX\\ADAM\\Validation\\Disc_Fovea_Illustration\\._V0169.jpg'
._V0170.jpg,cannot identify image file 'D:\\OIO+\\DATASET_RETINA\\01.Originais\\AMD (Degeneração Macular Relacionada à Idade)\\ADAM\\__MACOSX\\ADAM\\Validation\\Disc_Fovea_Illustration\\._V0170.jpg'
._V0171.jpg,cannot identify image file 'D:\\OIO+\\DATASET_RETINA\\01.Originais\\AMD (Degeneração Macular Relacionada à Idade)\\ADAM\\__MACOSX\\ADAM\\Validation\\Disc_Fovea_Illustration\\._V0171.jpg'
._V0172.jpg,cannot identify image file 'D:\\OIO+\\DATASET_RETINA\\01.Originais\\AMD (Degeneração Macular Relacionada à Idade)\\ADAM\\__MACOSX\\ADAM\\Validation\\Disc_Fovea_Illustration\\._V0172.jpg'
._V0173.jpg,cannot identify image file 'D:\\OIO+\\DATASET_RETINA\\01.Originais\\AMD (Degeneração Macular Relacionada à Idade)\\ADAM\\__MACOSX\\ADAM\\Validation\\Disc_Fovea_Illustration\\._V0173.jpg'
._V0174.jpg,cannot identify image file 'D:\\OIO+\\DATASET_RETINA\\01.Originais\\AMD (Degeneração Macular Relacionada à Idade)\\ADAM\\__MACOSX\\ADAM\\Validation\\Disc_Fovea_Illustration\\._V0174.jpg'
._V0175.jpg,cannot identify image file 'D:\\OIO+\\DATASET_RETINA\\01.Originais\\AMD (Degeneração Macular Relacionada à Idade)\\ADAM\\__MACOSX\\ADAM\\Validation\\Disc_Fovea_Illustration\\._V0175.jpg'
._V0176.jpg,cannot identify image file 'D:\\OIO+\\DATASET_RETINA\\01.Originais\\AMD (Degeneração Macular Relacionada à Idade)\\ADAM\\__MACOSX\\ADAM\\Validation\\Disc_Fovea_Illustration\\._V0176.jpg'
._V0177.jpg,cannot identify image file 'D:\\OIO+\\DATASET_RETINA\\01.Originais\\AMD (Degeneração Macular Relacionada à Idade)\\ADAM\\__MACOSX\\ADAM\\Validation\\Disc_Fovea_Illustration\\._V0177.jpg'
._V0178.jpg,cannot identify image file 'D:\\OIO+\\DATASET_RETINA\\01.Originais\\AMD (Degeneração Macular Relacionada à Idade)\\ADAM\\__MACOSX\\ADAM\\Validation\\Disc_Fovea_Illustration\\._V0178.jpg'
._V0179.jpg,cannot identify image file 'D:\\OIO+\\DATASET_RETINA\\01.Originais\\AMD (Degeneração Macular Relacionada à Idade)\\ADAM\\__MACOSX\\ADAM\\Validation\\Disc_Fovea_Illustration\\._V0179.jpg'
._V0180.jpg,cannot identify image file 'D:\\OIO+\\DATASET_RETINA\\01.Originais\\AMD (Degeneração Macular Relacionada à Idade)\\ADAM\\__MACOSX\\ADAM\\Validation\\Disc_Fovea_Illustration\\._V0180.jpg'
._V0181.jpg,cannot identify image file 'D:\\OIO+\\DATASET_RETINA\\01.Originais\\AMD (Degeneração Macular Relacionada à Idade)\\ADAM\\__MACOSX\\ADAM\\Validation\\Disc_Fovea_Illustration\\._V0181.jpg'
._V0182.jpg,cannot identify image file 'D:\\OIO+\\DATASET_RETINA\\01.Originais\\AMD (Degeneração Macular Relacionada à Idade)\\ADAM\\__MACOSX\\ADAM\\Validation\\Disc_Fovea_Illustration\\._V0182.jpg'
._V0183.jpg,cannot identify image file 'D:\\OIO+\\DATASET_RETINA\\01.Originais\\AMD (Degeneração Macular Relacionada à Idade)\\ADAM\\__MACOSX\\ADAM\\Validation\\Disc_Fovea_Illustration\\._V0183.jpg'
._V0184.jpg,cannot identify image file 'D:\\OIO+\\DATASET_RETINA\\01.Originais\\AMD (Degeneração Macular Relacionada à Idade)\\ADAM\\__MACOSX\\ADAM\\Validation\\Disc_Fovea_Illustration\\._V0184.jpg'
._V0185.jpg,cannot identify image file 'D:\\OIO+\\DATASET_RETINA\\01.Originais\\AMD (Degeneração Macular Relacionada à Idade)\\ADAM\\__MACOSX\\ADAM\\Validation\\Disc_Fovea_Illustration\\._V0185.jpg'
._V0186.jpg,cannot identify image file 'D:\\OIO+\\DATASET_RETINA\\01.Originais\\AMD (Degeneração Macular Relacionada à Idade)\\ADAM\\__MACOSX\\ADAM\\Validation\\Disc_Fovea_Illustration\\._V0186.jpg'
._V0187.jpg,cannot identify image file 'D:\\OIO+\\DATASET_RETINA\\01.Originais\\AMD (Degeneração Macular Relacionada à Idade)\\ADAM\\__MACOSX\\ADAM\\Validation\\Disc_Fovea_Illustration\\._V0187.jpg'
._V0188.jpg,cannot identify image file 'D:\\OIO+\\DATASET_RETINA\\01.Originais\\AMD (Degeneração Macular Relacionada à Idade)\\ADAM\\__MACOSX\\ADAM\\Validation\\Disc_Fovea_Illustration\\._V0188.jpg'
._V0189.jpg,cannot identify image file 'D:\\OIO+\\DATASET_RETINA\\01.Originais\\AMD (Degeneração Macular Relacionada à Idade)\\ADAM\\__MACOSX\\ADAM\\Validation\\Disc_Fovea_Illustration\\._V0189.jpg'
._V0190.jpg,cannot identify image file 'D:\\OIO+\\DATASET_RETINA\\01.Originais\\AMD (Degeneração Macular Relacionada à Idade)\\ADAM\\__MACOSX\\ADAM\\Validation\\Disc_Fovea_Illustration\\._V0190.jpg'
._V0191.jpg,cannot identify image file 'D:\\OIO+\\DATASET_RETINA\\01.Originais\\AMD (Degeneração Macular Relacionada à Idade)\\ADAM\\__MACOSX\\ADAM\\Validation\\Disc_Fovea_Illustration\\._V0191.jpg'
._V0192.jpg,cannot identify image file 'D:\\OIO+\\DATASET_RETINA\\01.Originais\\AMD (Degeneração Macular Relacionada à Idade)\\ADAM\\__MACOSX\\ADAM\\Validation\\Disc_Fovea_Illustration\\._V0192.jpg'
._V0193.jpg,cannot identify image file 'D:\\OIO+\\DATASET_RETINA\\01.Originais\\AMD (Degeneração Macular Relacionada à Idade)\\ADAM\\__MACOSX\\ADAM\\Validation\\Disc_Fovea_Illustration\\._V0193.jpg'
._V0194.jpg,cannot identify image file 'D:\\OIO+\\DATASET_RETINA\\01.Originais\\AMD (Degeneração Macular Relacionada à Idade)\\ADAM\\__MACOSX\\ADAM\\Validation\\Disc_Fovea_Illustration\\._V0194.jpg'
._V0195.jpg,cannot identify image file 'D:\\OIO+\\DATASET_RETINA\\01.Originais\\AMD (Degeneração Macular Relacionada à Idade)\\ADAM\\__MACOSX\\ADAM\\Validation\\Disc_Fovea_Illustration\\._V0195.jpg'
._V0196.jpg,cannot identify image file 'D:\\OIO+\\DATASET_RETINA\\01.Originais\\AMD (Degeneração Macular Relacionada à Idade)\\ADAM\\__MACOSX\\ADAM\\Validation\\Disc_Fovea_Illustration\\._V0196.jpg'
._V0197.jpg,cannot identify image file 'D:\\OIO+\\DATASET_RETINA\\01.Originais\\AMD (Degeneração Macular Relacionada à Idade)\\ADAM\\__MACOSX\\ADAM\\Validation\\Disc_Fovea_Illustration\\._V0197.jpg'
._V0198.jpg,cannot identify image file 'D:\\OIO+\\DATASET_RETINA\\01.Originais\\AMD (Degeneração Macular Relacionada à Idade)\\ADAM\\__MACOSX\\ADAM\\Validation\\Disc_Fovea_Illustration\\._V0198.jpg'
._V0199.jpg,cannot identify image file 'D:\\OIO+\\DATASET_RETINA\\01.Originais\\AMD (Degeneração Macular Relacionada à Idade)\\ADAM\\__MACOSX\\ADAM\\Validation\\Disc_Fovea_Illustration\\._V0199.jpg'
._V0200.jpg,cannot identify image file 'D:\\OIO+\\DATASET_RETINA\\01.Originais\\AMD (Degeneração Macular Relacionada à Idade)\\ADAM\\__MACOSX\\ADAM\\Validation\\Disc_Fovea_Illustration\\._V0200.jpg'
._V0201.jpg,cannot identify image file 'D:\\OIO+\\DATASET_RETINA\\01.Originais\\AMD (Degeneração Macular Relacionada à Idade)\\ADAM\\__MACOSX\\ADAM\\Validation\\Disc_Fovea_Illustration\\._V0201.jpg'
._V0202.jpg,cannot identify image file 'D:\\OIO+\\DATASET_RETINA\\01.Originais\\AMD (Degeneração Macular Relacionada à Idade)\\ADAM\\__MACOSX\\ADAM\\Validation\\Disc_Fovea_Illustration\\._V0202.jpg'
._V0203.jpg,cannot identify image file 'D:\\OIO+\\DATASET_RETINA\\01.Originais\\AMD (Degeneração Macular Relacionada à Idade)\\ADAM\\__MACOSX\\ADAM\\Validation\\Disc_Fovea_Illustration\\._V0203.jpg'
._V0204.jpg,cannot identify image file 'D:\\OIO+\\DATASET_RETINA\\01.Originais\\AMD (Degeneração Macular Relacionada à Idade)\\ADAM\\__MACOSX\\ADAM\\Validation\\Disc_Fovea_Illustration\\._V0204.jpg'
._V0205.jpg,cannot identify image file 'D:\\OIO+\\DATASET_RETINA\\01.Originais\\AMD (Degeneração Macular Relacionada à Idade)\\ADAM\\__MACOSX\\ADAM\\Validation\\Disc_Fovea_Illustration\\._V0205.jpg'
._V0206.jpg,cannot identify image file 'D:\\OIO+\\DATASET_RETINA\\01.Originais\\AMD (Degeneração Macular Relacionada à Idade)\\ADAM\\__MACOSX\\ADAM\\Validation\\Disc_Fovea_Illustration\\._V0206.jpg'
._V0207.jpg,cannot identify image file 'D:\\OIO+\\DATASET_RETINA\\01.Originais\\AMD (Degeneração Macular Relacionada à Idade)\\ADAM\\__MACOSX\\ADAM\\Validation\\Disc_Fovea_Illustration\\._V0207.jpg'
._V0208.jpg,cannot identify image file 'D:\\OIO+\\DATASET_RETINA\\01.Originais\\AMD (Degeneração Macular Relacionada à Idade)\\ADAM\\__MACOSX\\ADAM\\Validation\\Disc_Fovea_Illustration\\._V0208.jpg'
._V0209.jpg,cannot identify image file 'D:\\OIO+\\DATASET_RETINA\\01.Originais\\AMD (Degeneração Macular Relacionada à Idade)\\ADAM\\__MACOSX\\ADAM\\Validation\\Disc_Fovea_Illustration\\._V0209.jpg'
._V0210.jpg,cannot identify image file 'D:\\OIO+\\DATASET_RETINA\\01.Originais\\AMD (Degeneração Macular Relacionada à Idade)\\ADAM\\__MACOSX\\ADAM\\Validation\\Disc_Fovea_Illustration\\._V0210.jpg'
._V0211.jpg,cannot identify image file 'D:\\OIO+\\DATASET_RETINA\\01.Originais\\AMD (Degeneração Macular Relacionada à Idade)\\ADAM\\__MACOSX\\ADAM\\Validation\\Disc_Fovea_Illustration\\._V0211.jpg'
._V0212.jpg,cannot identify image file 'D:\\OIO+\\DATASET_RETINA\\01.Originais\\AMD (Degeneração Macular Relacionada à Idade)\\ADAM\\__MACOSX\\ADAM\\Validation\\Disc_Fovea_Illustration\\._V0212.jpg'
._V0213.jpg,cannot identify image file 'D:\\OIO+\\DATASET_RETINA\\01.Originais\\AMD (Degeneração Macular Relacionada à Idade)\\ADAM\\__MACOSX\\ADAM\\Validation\\Disc_Fovea_Illustration\\._V0213.jpg'
._V0214.jpg,cannot identify image file 'D:\\OIO+\\DATASET_RETINA\\01.Originais\\AMD (Degeneração Macular Relacionada à Idade)\\ADAM\\__MACOSX\\ADAM\\Validation\\Disc_Fovea_Illustration\\._V0214.jpg'
._V0215.jpg,cannot identify image file 'D:\\OIO+\\DATASET_RETINA\\01.Originais\\AMD (Degeneração Macular Relacionada à Idade)\\ADAM\\__MACOSX\\ADAM\\Validation\\Disc_Fovea_Illustration\\._V0215.jpg'
._V0216.jpg,cannot identify image file 'D:\\OIO+\\DATASET_RETINA\\01.Originais\\AMD (Degeneração Macular Relacionada à Idade)\\ADAM\\__MACOSX\\ADAM\\Validation\\Disc_Fovea_Illustration\\._V0216.jpg'
._V0217.jpg,cannot identify image file 'D:\\OIO+\\DATASET_RETINA\\01.Originais\\AMD (Degeneração Macular Relacionada à Idade)\\ADAM\\__MACOSX\\ADAM\\Validation\\Disc_Fovea_Illustration\\._V0217.jpg'
._V0218.jpg,cannot identify image file 'D:\\OIO+\\DATASET_RETINA\\01.Originais\\AMD (Degeneração Macular Relacionada à Idade)\\ADAM\\__MACOSX\\ADAM\\Validation\\Disc_Fovea_Illustration\\._V0218.jpg'
._V0219.jpg,cannot identify image file 'D:\\OIO+\\DATASET_RETINA\\01.Originais\\AMD (Degeneração Macular Relacionada à Idade)\\ADAM\\__MACOSX\\ADAM\\Validation\\Disc_Fovea_Illustration\\._V0219.jpg'
._V0220.jpg,cannot identify image file 'D:\\OIO+\\DATASET_RETINA\\01.Originais\\AMD (Degeneração Macular Relacionada à Idade)\\ADAM\\__MACOSX\\ADAM\\Validation\\Disc_Fovea_Illustration\\._V0220.jpg'
._V0221.jpg,cannot identify image file 'D:\\OIO+\\DATASET_RETINA\\01.Originais\\AMD (Degeneração Macular Relacionada à Idade)\\ADAM\\__MACOSX\\ADAM\\Validation\\Disc_Fovea_Illustration\\._V0221.jpg'
._V0222.jpg,cannot identify image file 'D:\\OIO+\\DATASET_RETINA\\01.Originais\\AMD (Degeneração Macular Relacionada à Idade)\\ADAM\\__MACOSX\\ADAM\\Validation\\Disc_Fovea_Illustration\\._V0222.jpg'
._V0223.jpg,cannot identify image file 'D:\\OIO+\\DATASET_RETINA\\01.Originais\\AMD (Degeneração Macular Relacionada à Idade)\\ADAM\\__MACOSX\\ADAM\\Validation\\Disc_Fovea_Illustration\\._V0223.jpg'
._V0224.jpg,cannot identify image file 'D:\\OIO+\\DATASET_RETINA\\01.Originais\\AMD (Degeneração Macular Relacionada à Idade)\\ADAM\\__MACOSX\\ADAM\\Validation\\Disc_Fovea_Illustration\\._V0224.jpg'
._V0225.jpg,cannot identify image file 'D:\\OIO+\\DATASET_RETINA\\01.Originais\\AMD (Degeneração Macular Relacionada à Idade)\\ADAM\\__MACOSX\\ADAM\\Validation\\Disc_Fovea_Illustration\\._V0225.jpg'
._V0226.jpg,cannot identify image file 'D:\\OIO+\\DATASET_RETINA\\01.Originais\\AMD (Degeneração Macular Relacionada à Idade)\\ADAM\\__MACOSX\\ADAM\\Validation\\Disc_Fovea_Illustration\\._V0226.jpg'
._V0227.jpg,cannot identify image file 'D:\\OIO+\\DATASET_RETINA\\01.Originais\\AMD (Degeneração Macular Relacionada à Idade)\\ADAM\\__MACOSX\\ADAM\\Validation\\Disc_Fovea_Illustration\\._V0227.jpg'
._V0228.jpg,cannot identify image file 'D:\\OIO+\\DATASET_RETINA\\01.Originais\\AMD (Degeneração Macular Relacionada à Idade)\\ADAM\\__MACOSX\\ADAM\\Validation\\Disc_Fovea_Illustration\\._V0228.jpg'
._V0229.jpg,cannot identify image file 'D:\\OIO+\\DATASET_RETINA\\01.Originais\\AMD (Degeneração Macular Relacionada à Idade)\\ADAM\\__MACOSX\\ADAM\\Validation\\Disc_Fovea_Illustration\\._V0229.jpg'
._V0230.jpg,cannot identify image file 'D:\\OIO+\\DATASET_RETINA\\01.Originais\\AMD (Degeneração Macular Relacionada à Idade)\\ADAM\\__MACOSX\\ADAM\\Validation\\Disc_Fovea_Illustration\\._V0230.jpg'
._V0231.jpg,cannot identify image file 'D:\\OIO+\\DATASET_RETINA\\01.Originais\\AMD (Degeneração Macular Relacionada à Idade)\\ADAM\\__MACOSX\\ADAM\\Validation\\Disc_Fovea_Illustration\\._V0231.jpg'
._V0232.jpg,cannot identify image file 'D:\\OIO+\\DATASET_RETINA\\01.Originais\\AMD (Degeneração Macular Relacionada à Idade)\\ADAM\\__MACOSX\\ADAM\\Validation\\Disc_Fovea_Illustration\\._V0232.jpg'
._V0233.jpg,cannot identify image file 'D:\\OIO+\\DATASET_RETINA\\01.Originais\\AMD (Degeneração Macular Relacionada à Idade)\\ADAM\\__MACOSX\\ADAM\\Validation\\Disc_Fovea_Illustration\\._V0233.jpg'
._V0234.jpg,cannot identify image file 'D:\\OIO+\\DATASET_RETINA\\01.Originais\\AMD (Degeneração Macular Relacionada à Idade)\\ADAM\\__MACOSX\\ADAM\\Validation\\Disc_Fovea_Illustration\\._V0234.jpg'
._V0235.jpg,cannot identify image file 'D:\\OIO+\\DATASET_RETINA\\01.Originais\\AMD (Degeneração Macular Relacionada à Idade)\\ADAM\\__MACOSX\\ADAM\\Validation\\Disc_Fovea_Illustration\\._V0235.jpg'
._V0236.jpg,cannot identify image file 'D:\\OIO+\\DATASET_RETINA\\01.Originais\\AMD (Degeneração Macular Relacionada à Idade)\\ADAM\\__MACOSX\\ADAM\\Validation\\Disc_Fovea_Illustration\\._V0236.jpg'
._V0237.jpg,cannot identify image file 'D:\\OIO+\\DATASET_RETINA\\01.Originais\\AMD (Degeneração Macular Relacionada à Idade)\\ADAM\\__MACOSX\\ADAM\\Validation\\Disc_Fovea_Illustration\\._V0237.jpg'
._V0238.jpg,cannot identify image file 'D:\\OIO+\\DATASET_RETINA\\01.Originais\\AMD (Degeneração Macular Relacionada à Idade)\\ADAM\\__MACOSX\\ADAM\\Validation\\Disc_Fovea_Illustration\\._V0238.jpg'
._V0239.jpg,cannot identify image file 'D:\\OIO+\\DATASET_RETINA\\01.Originais\\AMD (Degeneração Macular Relacionada à Idade)\\ADAM\\__MACOSX\\ADAM\\Validation\\Disc_Fovea_Illustration\\._V0239.jpg'
._V0240.jpg,cannot identify image file 'D:\\OIO+\\DATASET_RETINA\\01.Originais\\AMD (Degeneração Macular Relacionada à Idade)\\ADAM\\__MACOSX\\ADAM\\Validation\\Disc_Fovea_Illustration\\._V0240.jpg'
._V0241.jpg,cannot identify image file 'D:\\OIO+\\DATASET_RETINA\\01.Originais\\AMD (Degeneração Macular Relacionada à Idade)\\ADAM\\__MACOSX\\ADAM\\Validation\\Disc_Fovea_Illustration\\._V0241.jpg'
._V0242.jpg,cannot identify image file 'D:\\OIO+\\DATASET_RETINA\\01.Originais\\AMD (Degeneração Macular Relacionada à Idade)\\ADAM\\__MACOSX\\ADAM\\Validation\\Disc_Fovea_Illustration\\._V0242.jpg'
._V0243.jpg,cannot identify image file 'D:\\OIO+\\DATASET_RETINA\\01.Originais\\AMD (Degeneração Macular Relacionada à Idade)\\ADAM\\__MACOSX\\ADAM\\Validation\\Disc_Fovea_Illustration\\._V0243.jpg'
._V0244.jpg,cannot identify image file 'D:\\OIO+\\DATASET_RETINA\\01.Originais\\AMD (Degeneração Macular Relacionada à Idade)\\ADAM\\__MACOSX\\ADAM\\Validation\\Disc_Fovea_Illustration\\._V0244.jpg'
._V0245.jpg,cannot identify image file 'D:\\OIO+\\DATASET_RETINA\\01.Originais\\AMD (Degeneração Macular Relacionada à Idade)\\ADAM\\__MACOSX\\ADAM\\Validation\\Disc_Fovea_Illustration\\._V0245.jpg'
._V0246.jpg,cannot identify image file 'D:\\OIO+\\DATASET_RETINA\\01.Originais\\AMD (Degeneração Macular Relacionada à Idade)\\ADAM\\__MACOSX\\ADAM\\Validation\\Disc_Fovea_Illustration\\._V0246.jpg'
._V0247.jpg,cannot identify image file 'D:\\OIO+\\DATASET_RETINA\\01.Originais\\AMD (Degeneração Macular Relacionada à Idade)\\ADAM\\__MACOSX\\ADAM\\Validation\\Disc_Fovea_Illustration\\._V0247.jpg'
._V0248.jpg,cannot identify image file 'D:\\OIO+\\DATASET_RETINA\\01.Originais\\AMD (Degeneração Macular Relacionada à Idade)\\ADAM\\__MACOSX\\ADAM\\Validation\\Disc_Fovea_Illustration\\._V0248.jpg'
._V0249.jpg,cannot identify image file 'D:\\OIO+\\DATASET_RETINA\\01.Originais\\AMD (Degeneração Macular Relacionada à Idade)\\ADAM\\__MACOSX\\ADAM\\Validation\\Disc_Fovea_Illustration\\._V0249.jpg'
._V0250.jpg,cannot identify image file 'D:\\OIO+\\DATASET_RETINA\\01.Originais\\AMD (Degeneração Macular Relacionada à Idade)\\ADAM\\__MACOSX\\ADAM\\Validation\\Disc_Fovea_Illustration\\._V0250.jpg'
._V0251.jpg,cannot identify image file 'D:\\OIO+\\DATASET_RETINA\\01.Originais\\AMD (Degeneração Macular Relacionada à Idade)\\ADAM\\__MACOSX\\ADAM\\Validation\\Disc_Fovea_Illustration\\._V0251.jpg'
._V0252.jpg,cannot identify image file 'D:\\OIO+\\DATASET_RETINA\\01.Originais\\AMD (Degeneração Macular Relacionada à Idade)\\ADAM\\__MACOSX\\ADAM\\Validation\\Disc_Fovea_Illustration\\._V0252.jpg'
._V0253.jpg,cannot identify image file 'D:\\OIO+\\DATASET_RETINA\\01.Originais\\AMD (Degeneração Macular Relacionada à Idade)\\ADAM\\__MACOSX\\ADAM\\Validation\\Disc_Fovea_Illustration\\._V0253.jpg'
._V0254.jpg,cannot identify image file 'D:\\OIO+\\DATASET_RETINA\\01.Originais\\AMD (Degeneração Macular Relacionada à Idade)\\ADAM\\__MACOSX\\ADAM\\Validation\\Disc_Fovea_Illustration\\._V0254.jpg'
._V0255.jpg,cannot identify image file 'D:\\OIO+\\DATASET_RETINA\\01.Originais\\AMD (Degeneração Macular Relacionada à Idade)\\ADAM\\__MACOSX\\ADAM\\Validation\\Disc_Fovea_Illustration\\._V0255.jpg'
._V0256.jpg,cannot identify image file 'D:\\OIO+\\DATASET_RETINA\\01.Originais\\AMD (Degeneração Macular Relacionada à Idade)\\ADAM\\__MACOSX\\ADAM\\Validation\\Disc_Fovea_Illustration\\._V0256.jpg'
._V0257.jpg,cannot identify image file 'D:\\OIO+\\DATASET_RETINA\\01.Originais\\AMD (Degeneração Macular Relacionada à Idade)\\ADAM\\__MACOSX\\ADAM\\Validation\\Disc_Fovea_Illustration\\._V0257.jpg'
._V0258.jpg,cannot identify image file 'D:\\OIO+\\DATASET_RETINA\\01.Originais\\AMD (Degeneração Macular Relacionada à Idade)\\ADAM\\__MACOSX\\ADAM\\Validation\\Disc_Fovea_Illustration\\._V0258.jpg'
._V0259.jpg,cannot identify image file 'D:\\OIO+\\DATASET_RETINA\\01.Originais\\AMD (Degeneração Macular Relacionada à Idade)\\ADAM\\__MACOSX\\ADAM\\Validation\\Disc_Fovea_Illustration\\._V0259.jpg'
._V0260.jpg,cannot identify image file 'D:\\OIO+\\DATASET_RETINA\\01.Originais\\AMD (Degeneração Macular Relacionada à Idade)\\ADAM\\__MACOSX\\ADAM\\Validation\\Disc_Fovea_Illustration\\._V0260.jpg'
._V0261.jpg,cannot identify image file 'D:\\OIO+\\DATASET_RETINA\\01.Originais\\AMD (Degeneração Macular Relacionada à Idade)\\ADAM\\__MACOSX\\ADAM\\Validation\\Disc_Fovea_Illustration\\._V0261.jpg'
._V0262.jpg,cannot identify image file 'D:\\OIO+\\DATASET_RETINA\\01.Originais\\AMD (Degeneração Macular Relacionada à Idade)\\ADAM\\__MACOSX\\ADAM\\Validation\\Disc_Fovea_Illustration\\._V0262.jpg'
._V0263.jpg,cannot identify image file 'D:\\OIO+\\DATASET_RETINA\\01.Originais\\AMD (Degeneração Macular Relacionada à Idade)\\ADAM\\__MACOSX\\ADAM\\Validation\\Disc_Fovea_Illustration\\._V0263.jpg'
._V0264.jpg,cannot identify image file 'D:\\OIO+\\DATASET_RETINA\\01.Originais\\AMD (Degeneração Macular Relacionada à Idade)\\ADAM\\__MACOSX\\ADAM\\Validation\\Disc_Fovea_Illustration\\._V0264.jpg'
._V0265.jpg,cannot identify image file 'D:\\OIO+\\DATASET_RETINA\\01.Originais\\AMD (Degeneração Macular Relacionada à Idade)\\ADAM\\__MACOSX\\ADAM\\Validation\\Disc_Fovea_Illustration\\._V0265.jpg'
._V0266.jpg,cannot identify image file 'D:\\OIO+\\DATASET_RETINA\\01.Originais\\AMD (Degeneração Macular Relacionada à Idade)\\ADAM\\__MACOSX\\ADAM\\Validation\\Disc_Fovea_Illustration\\._V0266.jpg'
._V0267.jpg,cannot identify image file 'D:\\OIO+\\DATASET_RETINA\\01.Originais\\AMD (Degeneração Macular Relacionada à Idade)\\ADAM\\__MACOSX\\ADAM\\Validation\\Disc_Fovea_Illustration\\._V0267.jpg'
._V0268.jpg,cannot identify image file 'D:\\OIO+\\DATASET_RETINA\\01.Originais\\AMD (Degeneração Macular Relacionada à Idade)\\ADAM\\__MACOSX\\ADAM\\Validation\\Disc_Fovea_Illustration\\._V0268.jpg'
._V0269.jpg,cannot identify image file 'D:\\OIO+\\DATASET_RETINA\\01.Originais\\AMD (Degeneração Macular Relacionada à Idade)\\ADAM\\__MACOSX\\ADAM\\Validation\\Disc_Fovea_Illustration\\._V0269.jpg'
._V0270.jpg,cannot identify image file 'D:\\OIO+\\DATASET_RETINA\\01.Originais\\AMD (Degeneração Macular Relacionada à Idade)\\ADAM\\__MACOSX\\ADAM\\Validation\\Disc_Fovea_Illustration\\._V0270.jpg'
._V0271.jpg,cannot identify image file 'D:\\OIO+\\DATASET_RETINA\\01.Originais\\AMD (Degeneração Macular Relacionada à Idade)\\ADAM\\__MACOSX\\ADAM\\Validation\\Disc_Fovea_Illustration\\._V0271.jpg'
._V0272.jpg,cannot identify image file 'D:\\OIO+\\DATASET_RETINA\\01.Originais\\AMD (Degeneração Macular Relacionada à Idade)\\ADAM\\__MACOSX\\ADAM\\Validation\\Disc_Fovea_Illustration\\._V0272.jpg'
._V0273.jpg,cannot identify image file 'D:\\OIO+\\DATASET_RETINA\\01.Originais\\AMD (Degeneração Macular Relacionada à Idade)\\ADAM\\__MACOSX\\ADAM\\Validation\\Disc_Fovea_Illustration\\._V0273.jpg'
._V0274.jpg,cannot identify image file 'D:\\OIO+\\DATASET_RETINA\\01.Originais\\AMD (Degeneração Macular Relacionada à Idade)\\ADAM\\__MACOSX\\ADAM\\Validation\\Disc_Fovea_Illustration\\._V0274.jpg'
._V0275.jpg,cannot identify image file 'D:\\OIO+\\DATASET_RETINA\\01.Originais\\AMD (Degeneração Macular Relacionada à Idade)\\ADAM\\__MACOSX\\ADAM\\Validation\\Disc_Fovea_Illustration\\._V0275.jpg'
._V0276.jpg,cannot identify image file 'D:\\OIO+\\DATASET_RETINA\\01.Originais\\AMD (Degeneração Macular Relacionada à Idade)\\ADAM\\__MACOSX\\ADAM\\Validation\\Disc_Fovea_Illustration\\._V0276.jpg'
._V0277.jpg,cannot identify image file 'D:\\OIO+\\DATASET_RETINA\\01.Originais\\AMD (Degeneração Macular Relacionada à Idade)\\ADAM\\__MACOSX\\ADAM\\Validation\\Disc_Fovea_Illustration\\._V0277.jpg'
._V0278.jpg,cannot identify image file 'D:\\OIO+\\DATASET_RETINA\\01.Originais\\AMD (Degeneração Macular Relacionada à Idade)\\ADAM\\__MACOSX\\ADAM\\Validation\\Disc_Fovea_Illustration\\._V0278.jpg'
._V0279.jpg,cannot identify image file 'D:\\OIO+\\DATASET_RETINA\\01.Originais\\AMD (Degeneração Macular Relacionada à Idade)\\ADAM\\__MACOSX\\ADAM\\Validation\\Disc_Fovea_Illustration\\._V0279.jpg'
._V0280.jpg,cannot identify image file 'D:\\OIO+\\DATASET_RETINA\\01.Originais\\AMD (Degeneração Macular Relacionada à Idade)\\ADAM\\__MACOSX\\ADAM\\Validation\\Disc_Fovea_Illustration\\._V0280.jpg'
._V0281.jpg,cannot identify image file 'D:\\OIO+\\DATASET_RETINA\\01.Originais\\AMD (Degeneração Macular Relacionada à Idade)\\ADAM\\__MACOSX\\ADAM\\Validation\\Disc_Fovea_Illustration\\._V0281.jpg'
._V0282.jpg,cannot identify image file 'D:\\OIO+\\DATASET_RETINA\\01.Originais\\AMD (Degeneração Macular Relacionada à Idade)\\ADAM\\__MACOSX\\ADAM\\Validation\\Disc_Fovea_Illustration\\._V0282.jpg'
._V0283.jpg,cannot identify image file 'D:\\OIO+\\DATASET_RETINA\\01.Originais\\AMD (Degeneração Macular Relacionada à Idade)\\ADAM\\__MACOSX\\ADAM\\Validation\\Disc_Fovea_Illustration\\._V0283.jpg'
._V0284.jpg,cannot identify image file 'D:\\OIO+\\DATASET_RETINA\\01.Originais\\AMD (Degeneração Macular Relacionada à Idade)\\ADAM\\__MACOSX\\ADAM\\Validation\\Disc_Fovea_Illustration\\._V0284.jpg'
._V0285.jpg,cannot identify image file 'D:\\OIO+\\DATASET_RETINA\\01.Originais\\AMD (Degeneração Macular Relacionada à Idade)\\ADAM\\__MACOSX\\ADAM\\Validation\\Disc_Fovea_Illustration\\._V0285.jpg'
._V0286.jpg,cannot identify image file 'D:\\OIO+\\DATASET_RETINA\\01.Originais\\AMD (Degeneração Macular Relacionada à Idade)\\ADAM\\__MACOSX\\ADAM\\Validation\\Disc_Fovea_Illustration\\._V0286.jpg'
._V0287.jpg,cannot identify image file 'D:\\OIO+\\DATASET_RETINA\\01.Originais\\AMD (Degeneração Macular Relacionada à Idade)\\ADAM\\__MACOSX\\ADAM\\Validation\\Disc_Fovea_Illustration\\._V0287.jpg'
._V0288.jpg,cannot identify image file 'D:\\OIO+\\DATASET_RETINA\\01.Originais\\AMD (Degeneração Macular Relacionada à Idade)\\ADAM\\__MACOSX\\ADAM\\Validation\\Disc_Fovea_Illustration\\._V0288.jpg'
._V0289.jpg,cannot identify image file 'D:\\OIO+\\DATASET_RETINA\\01.Originais\\AMD (Degeneração Macular Relacionada à Idade)\\ADAM\\__MACOSX\\ADAM\\Validation\\Disc_Fovea_Illustration\\._V0289.jpg'
._V0290.jpg,cannot identify image file 'D:\\OIO+\\DATASET_RETINA\\01.Originais\\AMD (Degeneração Macular Relacionada à Idade)\\ADAM\\__MACOSX\\ADAM\\Validation\\Disc_Fovea_Illustration\\._V0290.jpg'
._V0291.jpg,cannot identify image file 'D:\\OIO+\\DATASET_RETINA\\01.Originais\\AMD (Degeneração Macular Relacionada à Idade)\\ADAM\\__MACOSX\\ADAM\\Validation\\Disc_Fovea_Illustration\\._V0291.jpg'
._V0292.jpg,cannot identify image file 'D:\\OIO+\\DATASET_RETINA\\01.Originais\\AMD (Degeneração Macular Relacionada à Idade)\\ADAM\\__MACOSX\\ADAM\\Validation\\Disc_Fovea_Illustration\\._V0292.jpg'
._V0293.jpg,cannot identify image file 'D:\\OIO+\\DATASET_RETINA\\01.Originais\\AMD (Degeneração Macular Relacionada à Idade)\\ADAM\\__MACOSX\\ADAM\\Validation\\Disc_Fovea_Illustration\\._V0293.jpg'
._V0294.jpg,cannot identify image file 'D:\\OIO+\\DATASET_RETINA\\01.Originais\\AMD (Degeneração Macular Relacionada à Idade)\\ADAM\\__MACOSX\\ADAM\\Validation\\Disc_Fovea_Illustration\\._V0294.jpg'
._V0295.jpg,cannot identify image file 'D:\\OIO+\\DATASET_RETINA\\01.Originais\\AMD (Degeneração Macular Relacionada à Idade)\\ADAM\\__MACOSX\\ADAM\\Validation\\Disc_Fovea_Illustration\\._V0295.jpg'
._V0296.jpg,cannot identify image file 'D:\\OIO+\\DATASET_RETINA\\01.Originais\\AMD (Degeneração Macular Relacionada à Idade)\\ADAM\\__MACOSX\\ADAM\\Validation\\Disc_Fovea_Illustration\\._V0296.jpg'
._V0297.jpg,cannot identify image file 'D:\\OIO+\\DATASET_RETINA\\01.Originais\\AMD (Degeneração Macular Relacionada à Idade)\\ADAM\\__MACOSX\\ADAM\\Validation\\Disc_Fovea_Illustration\\._V0297.jpg'
._V0298.jpg,cannot identify image file 'D:\\OIO+\\DATASET_RETINA\\01.Originais\\AMD (Degeneração Macular Relacionada à Idade)\\ADAM\\__MACOSX\\ADAM\\Validation\\Disc_Fovea_Illustration\\._V0298.jpg'
._V0299.jpg,cannot identify image file 'D:\\OIO+\\DATASET_RETINA\\01.Originais\\AMD (Degeneração Macular Relacionada à Idade)\\ADAM\\__MACOSX\\ADAM\\Validation\\Disc_Fovea_Illustration\\._V0299.jpg'
._V0300.jpg,cannot identify image file 'D:\\OIO+\\DATASET_RETINA\\01.Originais\\AMD (Degeneração Macular Relacionada à Idade)\\ADAM\\__MACOSX\\ADAM\\Validation\\Disc_Fovea_Illustration\\._V0300.jpg'
._V0301.jpg,cannot identify image file 'D:\\OIO+\\DATASET_RETINA\\01.Originais\\AMD (Degeneração Macular Relacionada à Idade)\\ADAM\\__MACOSX\\ADAM\\Validation\\Disc_Fovea_Illustration\\._V0301.jpg'
._V0302.jpg,cannot identify image file 'D:\\OIO+\\DATASET_RETINA\\01.Originais\\AMD (Degeneração Macular Relacionada à Idade)\\ADAM\\__MACOSX\\ADAM\\Validation\\Disc_Fovea_Illustration\\._V0302.jpg'
._V0303.jpg,cannot identify image file 'D:\\OIO+\\DATASET_RETINA\\01.Originais\\AMD (Degeneração Macular Relacionada à Idade)\\ADAM\\__MACOSX\\ADAM\\Validation\\Disc_Fovea_Illustration\\._V0303.jpg'
._V0304.jpg,cannot identify image file 'D:\\OIO+\\DATASET_RETINA\\01.Originais\\AMD (Degeneração Macular Relacionada à Idade)\\ADAM\\__MACOSX\\ADAM\\Validation\\Disc_Fovea_Illustration\\._V0304.jpg'
._V0305.jpg,cannot identify image file 'D:\\OIO+\\DATASET_RETINA\\01.Originais\\AMD (Degeneração Macular Relacionada à Idade)\\ADAM\\__MACOSX\\ADAM\\Validation\\Disc_Fovea_Illustration\\._V0305.jpg'
._V0306.jpg,cannot identify image file 'D:\\OIO+\\DATASET_RETINA\\01.Originais\\AMD (Degeneração Macular Relacionada à Idade)\\ADAM\\__MACOSX\\ADAM\\Validation\\Disc_Fovea_Illustration\\._V0306.jpg'
._V0307.jpg,cannot identify image file 'D:\\OIO+\\DATASET_RETINA\\01.Originais\\AMD (Degeneração Macular Relacionada à Idade)\\ADAM\\__MACOSX\\ADAM\\Validation\\Disc_Fovea_Illustration\\._V0307.jpg'
._V0308.jpg,cannot identify image file 'D:\\OIO+\\DATASET_RETINA\\01.Originais\\AMD (Degeneração Macular Relacionada à Idade)\\ADAM\\__MACOSX\\ADAM\\Validation\\Disc_Fovea_Illustration\\._V0308.jpg'
._V0309.jpg,cannot identify image file 'D:\\OIO+\\DATASET_RETINA\\01.Originais\\AMD (Degeneração Macular Relacionada à Idade)\\ADAM\\__MACOSX\\ADAM\\Validation\\Disc_Fovea_Illustration\\._V0309.jpg'
._V0310.jpg,cannot identify image file 'D:\\OIO+\\DATASET_RETINA\\01.Originais\\AMD (Degeneração Macular Relacionada à Idade)\\ADAM\\__MACOSX\\ADAM\\Validation\\Disc_Fovea_Illustration\\._V0310.jpg'
._V0311.jpg,cannot identify image file 'D:\\OIO+\\DATASET_RETINA\\01.Originais\\AMD (Degeneração Macular Relacionada à Idade)\\ADAM\\__MACOSX\\ADAM\\Validation\\Disc_Fovea_Illustration\\._V0311.jpg'
._V0312.jpg,cannot identify image file 'D:\\OIO+\\DATASET_RETINA\\01.Originais\\AMD (Degeneração Macular Relacionada à Idade)\\ADAM\\__MACOSX\\ADAM\\Validation\\Disc_Fovea_Illustration\\._V0312.jpg'
._V0313.jpg,cannot identify image file 'D:\\OIO+\\DATASET_RETINA\\01.Originais\\AMD (Degeneração Macular Relacionada à Idade)\\ADAM\\__MACOSX\\ADAM\\Validation\\Disc_Fovea_Illustration\\._V0313.jpg'
._V0314.jpg,cannot identify image file 'D:\\OIO+\\DATASET_RETINA\\01.Originais\\AMD (Degeneração Macular Relacionada à Idade)\\ADAM\\__MACOSX\\ADAM\\Validation\\Disc_Fovea_Illustration\\._V0314.jpg'
._V0315.jpg,cannot identify image file 'D:\\OIO+\\DATASET_RETINA\\01.Originais\\AMD (Degeneração Macular Relacionada à Idade)\\ADAM\\__MACOSX\\ADAM\\Validation\\Disc_Fovea_Illustration\\._V0315.jpg'
._V0316.jpg,cannot identify image file 'D:\\OIO+\\DATASET_RETINA\\01.Originais\\AMD (Degeneração Macular Relacionada à Idade)\\ADAM\\__MACOSX\\ADAM\\Validation\\Disc_Fovea_Illustration\\._V0316.jpg'
._V0317.jpg,cannot identify image file 'D:\\OIO+\\DATASET_RETINA\\01.Originais\\AMD (Degeneração Macular Relacionada à Idade)\\ADAM\\__MACOSX\\ADAM\\Validation\\Disc_Fovea_Illustration\\._V0317.jpg'
._V0318.jpg,cannot identify image file 'D:\\OIO+\\DATASET_RETINA\\01.Originais\\AMD (Degeneração Macular Relacionada à Idade)\\ADAM\\__MACOSX\\ADAM\\Validation\\Disc_Fovea_Illustration\\._V0318.jpg'
._V0319.jpg,cannot identify image file 'D:\\OIO+\\DATASET_RETINA\\01.Originais\\AMD (Degeneração Macular Relacionada à Idade)\\ADAM\\__MACOSX\\ADAM\\Validation\\Disc_Fovea_Illustration\\._V0319.jpg'
._V0320.jpg,cannot identify image file 'D:\\OIO+\\DATASET_RETINA\\01.Originais\\AMD (Degeneração Macular Relacionada à Idade)\\ADAM\\__MACOSX\\ADAM\\Validation\\Disc_Fovea_Illustration\\._V0320.jpg'
._V0321.jpg,cannot identify image file 'D:\\OIO+\\DATASET_RETINA\\01.Originais\\AMD (Degeneração Macular Relacionada à Idade)\\ADAM\\__MACOSX\\ADAM\\Validation\\Disc_Fovea_Illustration\\._V0321.jpg'
._V0322.jpg,cannot identify image file 'D:\\OIO+\\DATASET_RETINA\\01.Originais\\AMD (Degeneração Macular Relacionada à Idade)\\ADAM\\__MACOSX\\ADAM\\Validation\\Disc_Fovea_Illustration\\._V0322.jpg'
._V0323.jpg,cannot identify image file 'D:\\OIO+\\DATASET_RETINA\\01.Originais\\AMD (Degeneração Macular Relacionada à Idade)\\ADAM\\__MACOSX\\ADAM\\Validation\\Disc_Fovea_Illustration\\._V0323.jpg'
._V0324.jpg,cannot identify image file 'D:\\OIO+\\DATASET_RETINA\\01.Originais\\AMD (Degeneração Macular Relacionada à Idade)\\ADAM\\__MACOSX\\ADAM\\Validation\\Disc_Fovea_Illustration\\._V0324.jpg'
._V0325.jpg,cannot identify image file 'D:\\OIO+\\DATASET_RETINA\\01.Originais\\AMD (Degeneração Macular Relacionada à Idade)\\ADAM\\__MACOSX\\ADAM\\Validation\\Disc_Fovea_Illustration\\._V0325.jpg'
._V0326.jpg,cannot identify image file 'D:\\OIO+\\DATASET_RETINA\\01.Originais\\AMD (Degeneração Macular Relacionada à Idade)\\ADAM\\__MACOSX\\ADAM\\Validation\\Disc_Fovea_Illustration\\._V0326.jpg'
._V0327.jpg,cannot identify image file 'D:\\OIO+\\DATASET_RETINA\\01.Originais\\AMD (Degeneração Macular Relacionada à Idade)\\ADAM\\__MACOSX\\ADAM\\Validation\\Disc_Fovea_Illustration\\._V0327.jpg'
._V0328.jpg,cannot identify image file 'D:\\OIO+\\DATASET_RETINA\\01.Originais\\AMD (Degeneração Macular Relacionada à Idade)\\ADAM\\__MACOSX\\ADAM\\Validation\\Disc_Fovea_Illustration\\._V0328.jpg'
._V0329.jpg,cannot identify image file 'D:\\OIO+\\DATASET_RETINA\\01.Originais\\AMD (Degeneração Macular Relacionada à Idade)\\ADAM\\__MACOSX\\ADAM\\Validation\\Disc_Fovea_Illustration\\._V0329.jpg'
._V0330.jpg,cannot identify image file 'D:\\OIO+\\DATASET_RETINA\\01.Originais\\AMD (Degeneração Macular Relacionada à Idade)\\ADAM\\__MACOSX\\ADAM\\Validation\\Disc_Fovea_Illustration\\._V0330.jpg'
._V0331.jpg,cannot identify image file 'D:\\OIO+\\DATASET_RETINA\\01.Originais\\AMD (Degeneração Macular Relacionada à Idade)\\ADAM\\__MACOSX\\ADAM\\Validation\\Disc_Fovea_Illustration\\._V0331.jpg'
._V0332.jpg,cannot identify image file 'D:\\OIO+\\DATASET_RETINA\\01.Originais\\AMD (Degeneração Macular Relacionada à Idade)\\ADAM\\__MACOSX\\ADAM\\Validation\\Disc_Fovea_Illustration\\._V0332.jpg'
._V0333.jpg,cannot identify image file 'D:\\OIO+\\DATASET_RETINA\\01.Originais\\AMD (Degeneração Macular Relacionada à Idade)\\ADAM\\__MACOSX\\ADAM\\Validation\\Disc_Fovea_Illustration\\._V0333.jpg'
._V0334.jpg,cannot identify image file 'D:\\OIO+\\DATASET_RETINA\\01.Originais\\AMD (Degeneração Macular Relacionada à Idade)\\ADAM\\__MACOSX\\ADAM\\Validation\\Disc_Fovea_Illustration\\._V0334.jpg'
._V0335.jpg,cannot identify image file 'D:\\OIO+\\DATASET_RETINA\\01.Originais\\AMD (Degeneração Macular Relacionada à Idade)\\ADAM\\__MACOSX\\ADAM\\Validation\\Disc_Fovea_Illustration\\._V0335.jpg'
._V0336.jpg,cannot identify image file 'D:\\OIO+\\DATASET_RETINA\\01.Originais\\AMD (Degeneração Macular Relacionada à Idade)\\ADAM\\__MACOSX\\ADAM\\Validation\\Disc_Fovea_Illustration\\._V0336.jpg'
._V0337.jpg,cannot identify image file 'D:\\OIO+\\DATASET_RETINA\\01.Originais\\AMD (Degeneração Macular Relacionada à Idade)\\ADAM\\__MACOSX\\ADAM\\Validation\\Disc_Fovea_Illustration\\._V0337.jpg'
._V0338.jpg,cannot identify image file 'D:\\OIO+\\DATASET_RETINA\\01.Originais\\AMD (Degeneração Macular Relacionada à Idade)\\ADAM\\__MACOSX\\ADAM\\Validation\\Disc_Fovea_Illustration\\._V0338.jpg'
._V0339.jpg,cannot identify image file 'D:\\OIO+\\DATASET_RETINA\\01.Originais\\AMD (Degeneração Macular Relacionada à Idade)\\ADAM\\__MACOSX\\ADAM\\Validation\\Disc_Fovea_Illustration\\._V0339.jpg'
._V0340.jpg,cannot identify image file 'D:\\OIO+\\DATASET_RETINA\\01.Originais\\AMD (Degeneração Macular Relacionada à Idade)\\ADAM\\__MACOSX\\ADAM\\Validation\\Disc_Fovea_Illustration\\._V0340.jpg'
._V0341.jpg,cannot identify image file 'D:\\OIO+\\DATASET_RETINA\\01.Originais\\AMD (Degeneração Macular Relacionada à Idade)\\ADAM\\__MACOSX\\ADAM\\Validation\\Disc_Fovea_Illustration\\._V0341.jpg'
._V0342.jpg,cannot identify image file 'D:\\OIO+\\DATASET_RETINA\\01.Originais\\AMD (Degeneração Macular Relacionada à Idade)\\ADAM\\__MACOSX\\ADAM\\Validation\\Disc_Fovea_Illustration\\._V0342.jpg'
._V0343.jpg,cannot identify image file 'D:\\OIO+\\DATASET_RETINA\\01.Originais\\AMD (Degeneração Macular Relacionada à Idade)\\ADAM\\__MACOSX\\ADAM\\Validation\\Disc_Fovea_Illustration\\._V0343.jpg'
._V0344.jpg,cannot identify image file 'D:\\OIO+\\DATASET_RETINA\\01.Originais\\AMD (Degeneração Macular Relacionada à Idade)\\ADAM\\__MACOSX\\ADAM\\Validation\\Disc_Fovea_Illustration\\._V0344.jpg'
._V0345.jpg,cannot identify image file 'D:\\OIO+\\DATASET_RETINA\\01.Originais\\AMD (Degeneração Macular Relacionada à Idade)\\ADAM\\__MACOSX\\ADAM\\Validation\\Disc_Fovea_Illustration\\._V0345.jpg'
._V0346.jpg,cannot identify image file 'D:\\OIO+\\DATASET_RETINA\\01.Originais\\AMD (Degeneração Macular Relacionada à Idade)\\ADAM\\__MACOSX\\ADAM\\Validation\\Disc_Fovea_Illustration\\._V0346.jpg'
._V0347.jpg,cannot identify image file 'D:\\OIO+\\DATASET_RETINA\\01.Originais\\AMD (Degeneração Macular Relacionada à Idade)\\ADAM\\__MACOSX\\ADAM\\Validation\\Disc_Fovea_Illustration\\._V0347.jpg'
._V0348.jpg,cannot identify image file 'D:\\OIO+\\DATASET_RETINA\\01.Originais\\AMD (Degeneração Macular Relacionada à Idade)\\ADAM\\__MACOSX\\ADAM\\Validation\\Disc_Fovea_Illustration\\._V0348.jpg'
._V0349.jpg,cannot identify image file 'D:\\OIO+\\DATASET_RETINA\\01.Originais\\AMD (Degeneração Macular Relacionada à Idade)\\ADAM\\__MACOSX\\ADAM\\Validation\\Disc_Fovea_Illustration\\._V0349.jpg'
._V0350.jpg,cannot identify image file 'D:\\OIO+\\DATASET_RETINA\\01.Originais\\AMD (Degeneração Macular Relacionada à Idade)\\ADAM\\__MACOSX\\ADAM\\Validation\\Disc_Fovea_Illustration\\._V0350.jpg'
._V0351.jpg,cannot identify image file 'D:\\OIO+\\DATASET_RETINA\\01.Originais\\AMD (Degeneração Macular Relacionada à Idade)\\ADAM\\__MACOSX\\ADAM\\Validation\\Disc_Fovea_Illustration\\._V0351.jpg'
._V0352.jpg,cannot identify image file 'D:\\OIO+\\DATASET_RETINA\\01.Originais\\AMD (Degeneração Macular Relacionada à Idade)\\ADAM\\__MACOSX\\ADAM\\Validation\\Disc_Fovea_Illustration\\._V0352.jpg'
._V0353.jpg,cannot identify image file 'D:\\OIO+\\DATASET_RETINA\\01.Originais\\AMD (Degeneração Macular Relacionada à Idade)\\ADAM\\__MACOSX\\ADAM\\Validation\\Disc_Fovea_Illustration\\._V0353.jpg'
._V0354.jpg,cannot identify image file 'D:\\OIO+\\DATASET_RETINA\\01.Originais\\AMD (Degeneração Macular Relacionada à Idade)\\ADAM\\__MACOSX\\ADAM\\Validation\\Disc_Fovea_Illustration\\._V0354.jpg'
._V0355.jpg,cannot identify image file 'D:\\OIO+\\DATASET_RETINA\\01.Originais\\AMD (Degeneração Macular Relacionada à Idade)\\ADAM\\__MACOSX\\ADAM\\Validation\\Disc_Fovea_Illustration\\._V0355.jpg'
._V0356.jpg,cannot identify image file 'D:\\OIO+\\DATASET_RETINA\\01.Originais\\AMD (Degeneração Macular Relacionada à Idade)\\ADAM\\__MACOSX\\ADAM\\Validation\\Disc_Fovea_Illustration\\._V0356.jpg'
._V0357.jpg,cannot identify image file 'D:\\OIO+\\DATASET_RETINA\\01.Originais\\AMD (Degeneração Macular Relacionada à Idade)\\ADAM\\__MACOSX\\ADAM\\Validation\\Disc_Fovea_Illustration\\._V0357.jpg'
._V0358.jpg,cannot identify image file 'D:\\OIO+\\DATASET_RETINA\\01.Originais\\AMD (Degeneração Macular Relacionada à Idade)\\ADAM\\__MACOSX\\ADAM\\Validation\\Disc_Fovea_Illustration\\._V0358.jpg'
._V0359.jpg,cannot identify image file 'D:\\OIO+\\DATASET_RETINA\\01.Originais\\AMD (Degeneração Macular Relacionada à Idade)\\ADAM\\__MACOSX\\ADAM\\Validation\\Disc_Fovea_Illustration\\._V0359.jpg'
._V0360.jpg,cannot identify image file 'D:\\OIO+\\DATASET_RETINA\\01.Originais\\AMD (Degeneração Macular Relacionada à Idade)\\ADAM\\__MACOSX\\ADAM\\Validation\\Disc_Fovea_Illustration\\._V0360.jpg'
._V0361.jpg,cannot identify image file 'D:\\OIO+\\DATASET_RETINA\\01.Originais\\AMD (Degeneração Macular Relacionada à Idade)\\ADAM\\__MACOSX\\ADAM\\Validation\\Disc_Fovea_Illustration\\._V0361.jpg'
._V0362.jpg,cannot identify image file 'D:\\OIO+\\DATASET_RETINA\\01.Originais\\AMD (Degeneração Macular Relacionada à Idade)\\ADAM\\__MACOSX\\ADAM\\Validation\\Disc_Fovea_Illustration\\._V0362.jpg'
._V0363.jpg,cannot identify image file 'D:\\OIO+\\DATASET_RETINA\\01.Originais\\AMD (Degeneração Macular Relacionada à Idade)\\ADAM\\__MACOSX\\ADAM\\Validation\\Disc_Fovea_Illustration\\._V0363.jpg'
._V0364.jpg,cannot identify image file 'D:\\OIO+\\DATASET_RETINA\\01.Originais\\AMD (Degeneração Macular Relacionada à Idade)\\ADAM\\__MACOSX\\ADAM\\Validation\\Disc_Fovea_Illustration\\._V0364.jpg'
._V0365.jpg,cannot identify image file 'D:\\OIO+\\DATASET_RETINA\\01.Originais\\AMD (Degeneração Macular Relacionada à Idade)\\ADAM\\__MACOSX\\ADAM\\Validation\\Disc_Fovea_Illustration\\._V0365.jpg'
._V0366.jpg,cannot identify image file 'D:\\OIO+\\DATASET_RETINA\\01.Originais\\AMD (Degeneração Macular Relacionada à Idade)\\ADAM\\__MACOSX\\ADAM\\Validation\\Disc_Fovea_Illustration\\._V0366.jpg'
._V0367.jpg,cannot identify image file 'D:\\OIO+\\DATASET_RETINA\\01.Originais\\AMD (Degeneração Macular Relacionada à Idade)\\ADAM\\__MACOSX\\ADAM\\Validation\\Disc_Fovea_Illustration\\._V0367.jpg'
._V0368.jpg,cannot identify image file 'D:\\OIO+\\DATASET_RETINA\\01.Originais\\AMD (Degeneração Macular Relacionada à Idade)\\ADAM\\__MACOSX\\ADAM\\Validation\\Disc_Fovea_Illustration\\._V0368.jpg'
._V0369.jpg,cannot identify image file 'D:\\OIO+\\DATASET_RETINA\\01.Originais\\AMD (Degeneração Macular Relacionada à Idade)\\ADAM\\__MACOSX\\ADAM\\Validation\\Disc_Fovea_Illustration\\._V0369.jpg'
._V0370.jpg,cannot identify image file 'D:\\OIO+\\DATASET_RETINA\\01.Originais\\AMD (Degeneração Macular Relacionada à Idade)\\ADAM\\__MACOSX\\ADAM\\Validation\\Disc_Fovea_Illustration\\._V0370.jpg'
._V0371.jpg,cannot identify image file 'D:\\OIO+\\DATASET_RETINA\\01.Originais\\AMD (Degeneração Macular Relacionada à Idade)\\ADAM\\__MACOSX\\ADAM\\Validation\\Disc_Fovea_Illustration\\._V0371.jpg'
._V0372.jpg,cannot identify image file 'D:\\OIO+\\DATASET_RETINA\\01.Originais\\AMD (Degeneração Macular Relacionada à Idade)\\ADAM\\__MACOSX\\ADAM\\Validation\\Disc_Fovea_Illustration\\._V0372.jpg'
._V0373.jpg,cannot identify image file 'D:\\OIO+\\DATASET_RETINA\\01.Originais\\AMD (Degeneração Macular Relacionada à Idade)\\ADAM\\__MACOSX\\ADAM\\Validation\\Disc_Fovea_Illustration\\._V0373.jpg'
._V0374.jpg,cannot identify image file 'D:\\OIO+\\DATASET_RETINA\\01.Originais\\AMD (Degeneração Macular Relacionada à Idade)\\ADAM\\__MACOSX\\ADAM\\Validation\\Disc_Fovea_Illustration\\._V0374.jpg'
._V0375.jpg,cannot identify image file 'D:\\OIO+\\DATASET_RETINA\\01.Originais\\AMD (Degeneração Macular Relacionada à Idade)\\ADAM\\__MACOSX\\ADAM\\Validation\\Disc_Fovea_Illustration\\._V0375.jpg'
._V0376.jpg,cannot identify image file 'D:\\OIO+\\DATASET_RETINA\\01.Originais\\AMD (Degeneração Macular Relacionada à Idade)\\ADAM\\__MACOSX\\ADAM\\Validation\\Disc_Fovea_Illustration\\._V0376.jpg'
._V0377.jpg,cannot identify image file 'D:\\OIO+\\DATASET_RETINA\\01.Originais\\AMD (Degeneração Macular Relacionada à Idade)\\ADAM\\__MACOSX\\ADAM\\Validation\\Disc_Fovea_Illustration\\._V0377.jpg'
._V0378.jpg,cannot identify image file 'D:\\OIO+\\DATASET_RETINA\\01.Originais\\AMD (Degeneração Macular Relacionada à Idade)\\ADAM\\__MACOSX\\ADAM\\Validation\\Disc_Fovea_Illustration\\._V0378.jpg'
._V0379.jpg,cannot identify image file 'D:\\OIO+\\DATASET_RETINA\\01.Originais\\AMD (Degeneração Macular Relacionada à Idade)\\ADAM\\__MACOSX\\ADAM\\Validation\\Disc_Fovea_Illustration\\._V0379.jpg'
._V0380.jpg,cannot identify image file 'D:\\OIO+\\DATASET_RETINA\\01.Originais\\AMD (Degeneração Macular Relacionada à Idade)\\ADAM\\__MACOSX\\ADAM\\Validation\\Disc_Fovea_Illustration\\._V0380.jpg'
._V0381.jpg,cannot identify image file 'D:\\OIO+\\DATASET_RETINA\\01.Originais\\AMD (Degeneração Macular Relacionada à Idade)\\ADAM\\__MACOSX\\ADAM\\Validation\\Disc_Fovea_Illustration\\._V0381.jpg'
._V0382.jpg,cannot identify image file 'D:\\OIO+\\DATASET_RETINA\\01.Originais\\AMD (Degeneração Macular Relacionada à Idade)\\ADAM\\__MACOSX\\ADAM\\Validation\\Disc_Fovea_Illustration\\._V0382.jpg'
._V0383.jpg,cannot identify image file 'D:\\OIO+\\DATASET_RETINA\\01.Originais\\AMD (Degeneração Macular Relacionada à Idade)\\ADAM\\__MACOSX\\ADAM\\Validation\\Disc_Fovea_Illustration\\._V0383.jpg'
._V0384.jpg,cannot identify image file 'D:\\OIO+\\DATASET_RETINA\\01.Originais\\AMD (Degeneração Macular Relacionada à Idade)\\ADAM\\__MACOSX\\ADAM\\Validation\\Disc_Fovea_Illustration\\._V0384.jpg'
._V0385.jpg,cannot identify image file 'D:\\OIO+\\DATASET_RETINA\\01.Originais\\AMD (Degeneração Macular Relacionada à Idade)\\ADAM\\__MACOSX\\ADAM\\Validation\\Disc_Fovea_Illustration\\._V0385.jpg'
._V0386.jpg,cannot identify image file 'D:\\OIO+\\DATASET_RETINA\\01.Originais\\AMD (Degeneração Macular Relacionada à Idade)\\ADAM\\__MACOSX\\ADAM\\Validation\\Disc_Fovea_Illustration\\._V0386.jpg'
._V0387.jpg,cannot identify image file 'D:\\OIO+\\DATASET_RETINA\\01.Originais\\AMD (Degeneração Macular Relacionada à Idade)\\ADAM\\__MACOSX\\ADAM\\Validation\\Disc_Fovea_Illustration\\._V0387.jpg'
._V0388.jpg,cannot identify image file 'D:\\OIO+\\DATASET_RETINA\\01.Originais\\AMD (Degeneração Macular Relacionada à Idade)\\ADAM\\__MACOSX\\ADAM\\Validation\\Disc_Fovea_Illustration\\._V0388.jpg'
._V0389.jpg,cannot identify image file 'D:\\OIO+\\DATASET_RETINA\\01.Originais\\AMD (Degeneração Macular Relacionada à Idade)\\ADAM\\__MACOSX\\ADAM\\Validation\\Disc_Fovea_Illustration\\._V0389.jpg'
._V0390.jpg,cannot identify image file 'D:\\OIO+\\DATASET_RETINA\\01.Originais\\AMD (Degeneração Macular Relacionada à Idade)\\ADAM\\__MACOSX\\ADAM\\Validation\\Disc_Fovea_Illustration\\._V0390.jpg'
._V0391.jpg,cannot identify image file 'D:\\OIO+\\DATASET_RETINA\\01.Originais\\AMD (Degeneração Macular Relacionada à Idade)\\ADAM\\__MACOSX\\ADAM\\Validation\\Disc_Fovea_Illustration\\._V0391.jpg'
._V0392.jpg,cannot identify image file 'D:\\OIO+\\DATASET_RETINA\\01.Originais\\AMD (Degeneração Macular Relacionada à Idade)\\ADAM\\__MACOSX\\ADAM\\Validation\\Disc_Fovea_Illustration\\._V0392.jpg'
._V0393.jpg,cannot identify image file 'D:\\OIO+\\DATASET_RETINA\\01.Originais\\AMD (Degeneração Macular Relacionada à Idade)\\ADAM\\__MACOSX\\ADAM\\Validation\\Disc_Fovea_Illustration\\._V0393.jpg'
._V0394.jpg,cannot identify image file 'D:\\OIO+\\DATASET_RETINA\\01.Originais\\AMD (Degeneração Macular Relacionada à Idade)\\ADAM\\__MACOSX\\ADAM\\Validation\\Disc_Fovea_Illustration\\._V0394.jpg'
._V0395.jpg,cannot identify image file 'D:\\OIO+\\DATASET_RETINA\\01.Originais\\AMD (Degeneração Macular Relacionada à Idade)\\ADAM\\__MACOSX\\ADAM\\Validation\\Disc_Fovea_Illustration\\._V0395.jpg'
._V0396.jpg,cannot identify image file 'D:\\OIO+\\DATASET_RETINA\\01.Originais\\AMD (Degeneração Macular Relacionada à Idade)\\ADAM\\__MACOSX\\ADAM\\Validation\\Disc_Fovea_Illustration\\._V0396.jpg'
._V0397.jpg,cannot identify image file 'D:\\OIO+\\DATASET_RETINA\\01.Originais\\AMD (Degeneração Macular Relacionada à Idade)\\ADAM\\__MACOSX\\ADAM\\Validation\\Disc_Fovea_Illustration\\._V0397.jpg'
._V0398.jpg,cannot identify image file 'D:\\OIO+\\DATASET_RETINA\\01.Originais\\AMD (Degeneração Macular Relacionada à Idade)\\ADAM\\__MACOSX\\ADAM\\Validation\\Disc_Fovea_Illustration\\._V0398.jpg'
._V0399.jpg,cannot identify image file 'D:\\OIO+\\DATASET_RETINA\\01.Originais\\AMD (Degeneração Macular Relacionada à Idade)\\ADAM\\__MACOSX\\ADAM\\Validation\\Disc_Fovea_Illustration\\._V0399.jpg'
._V0400.jpg,cannot identify image file 'D:\\OIO+\\DATASET_RETINA\\01.Originais\\AMD (Degeneração Macular Relacionada à Idade)\\ADAM\\__MACOSX\\ADAM\\Validation\\Disc_Fovea_Illustration\\._V0400.jpg'
._V0001.bmp,cannot identify image file 'D:\\OIO+\\DATASET_RETINA\\01.Originais\\AMD (Degeneração Macular Relacionada à Idade)\\ADAM\\__MACOSX\\ADAM\\Validation\\Disc_Masks\\._V0001.bmp'
._V0002.bmp,cannot identify image file 'D:\\OIO+\\DATASET_RETINA\\01.Originais\\AMD (Degeneração Macular Relacionada à Idade)\\ADAM\\__MACOSX\\ADAM\\Validation\\Disc_Masks\\._V0002.bmp'
._V0003.bmp,cannot identify image file 'D:\\OIO+\\DATASET_RETINA\\01.Originais\\AMD (Degeneração Macular Relacionada à Idade)\\ADAM\\__MACOSX\\ADAM\\Validation\\Disc_Masks\\._V0003.bmp'
._V0004.bmp,cannot identify image file 'D:\\OIO+\\DATASET_RETINA\\01.Originais\\AMD (Degeneração Macular Relacionada à Idade)\\ADAM\\__MACOSX\\ADAM\\Validation\\Disc_Masks\\._V0004.bmp'
._V0005.bmp,cannot identify image file 'D:\\OIO+\\DATASET_RETINA\\01.Originais\\AMD (Degeneração Macular Relacionada à Idade)\\ADAM\\__MACOSX\\ADAM\\Validation\\Disc_Masks\\._V0005.bmp'
._V0006.bmp,cannot identify image file 'D:\\OIO+\\DATASET_RETINA\\01.Originais\\AMD (Degeneração Macular Relacionada à Idade)\\ADAM\\__MACOSX\\ADAM\\Validation\\Disc_Masks\\._V0006.bmp'
._V0007.bmp,cannot identify image file 'D:\\OIO+\\DATASET_RETINA\\01.Originais\\AMD (Degeneração Macular Relacionada à Idade)\\ADAM\\__MACOSX\\ADAM\\Validation\\Disc_Masks\\._V0007.bmp'
._V0008.bmp,cannot identify image file 'D:\\OIO+\\DATASET_RETINA\\01.Originais\\AMD (Degeneração Macular Relacionada à Idade)\\ADAM\\__MACOSX\\ADAM\\Validation\\Disc_Masks\\._V0008.bmp'
._V0009.bmp,cannot identify image file 'D:\\OIO+\\DATASET_RETINA\\01.Originais\\AMD (Degeneração Macular Relacionada à Idade)\\ADAM\\__MACOSX\\ADAM\\Validation\\Disc_Masks\\._V0009.bmp'
._V0010.bmp,cannot identify image file 'D:\\OIO+\\DATASET_RETINA\\01.Originais\\AMD (Degeneração Macular Relacionada à Idade)\\ADAM\\__MACOSX\\ADAM\\Validation\\Disc_Masks\\._V0010.bmp'
._V0011.bmp,cannot identify image file 'D:\\OIO+\\DATASET_RETINA\\01.Originais\\AMD (Degeneração Macular Relacionada à Idade)\\ADAM\\__MACOSX\\ADAM\\Validation\\Disc_Masks\\._V0011.bmp'
._V0012.bmp,cannot identify image file 'D:\\OIO+\\DATASET_RETINA\\01.Originais\\AMD (Degeneração Macular Relacionada à Idade)\\ADAM\\__MACOSX\\ADAM\\Validation\\Disc_Masks\\._V0012.bmp'
._V0013.bmp,cannot identify image file 'D:\\OIO+\\DATASET_RETINA\\01.Originais\\AMD (Degeneração Macular Relacionada à Idade)\\ADAM\\__MACOSX\\ADAM\\Validation\\Disc_Masks\\._V0013.bmp'
._V0014.bmp,cannot identify image file 'D:\\OIO+\\DATASET_RETINA\\01.Originais\\AMD (Degeneração Macular Relacionada à Idade)\\ADAM\\__MACOSX\\ADAM\\Validation\\Disc_Masks\\._V0014.bmp'
._V0015.bmp,cannot identify image file 'D:\\OIO+\\DATASET_RETINA\\01.Originais\\AMD (Degeneração Macular Relacionada à Idade)\\ADAM\\__MACOSX\\ADAM\\Validation\\Disc_Masks\\._V0015.bmp'
._V0016.bmp,cannot identify image file 'D:\\OIO+\\DATASET_RETINA\\01.Originais\\AMD (Degeneração Macular Relacionada à Idade)\\ADAM\\__MACOSX\\ADAM\\Validation\\Disc_Masks\\._V0016.bmp'
._V0017.bmp,cannot identify image file 'D:\\OIO+\\DATASET_RETINA\\01.Originais\\AMD (Degeneração Macular Relacionada à Idade)\\ADAM\\__MACOSX\\ADAM\\Validation\\Disc_Masks\\._V0017.bmp'
._V0018.bmp,cannot identify image file 'D:\\OIO+\\DATASET_RETINA\\01.Originais\\AMD (Degeneração Macular Relacionada à Idade)\\ADAM\\__MACOSX\\ADAM\\Validation\\Disc_Masks\\._V0018.bmp'
._V0019.bmp,cannot identify image file 'D:\\OIO+\\DATASET_RETINA\\01.Originais\\AMD (Degeneração Macular Relacionada à Idade)\\ADAM\\__MACOSX\\ADAM\\Validation\\Disc_Masks\\._V0019.bmp'
._V0020.bmp,cannot identify image file 'D:\\OIO+\\DATASET_RETINA\\01.Originais\\AMD (Degeneração Macular Relacionada à Idade)\\ADAM\\__MACOSX\\ADAM\\Validation\\Disc_Masks\\._V0020.bmp'
._V0021.bmp,cannot identify image file 'D:\\OIO+\\DATASET_RETINA\\01.Originais\\AMD (Degeneração Macular Relacionada à Idade)\\ADAM\\__MACOSX\\ADAM\\Validation\\Disc_Masks\\._V0021.bmp'
._V0022.bmp,cannot identify image file 'D:\\OIO+\\DATASET_RETINA\\01.Originais\\AMD (Degeneração Macular Relacionada à Idade)\\ADAM\\__MACOSX\\ADAM\\Validation\\Disc_Masks\\._V0022.bmp'
._V0023.bmp,cannot identify image file 'D:\\OIO+\\DATASET_RETINA\\01.Originais\\AMD (Degeneração Macular Relacionada à Idade)\\ADAM\\__MACOSX\\ADAM\\Validation\\Disc_Masks\\._V0023.bmp'
._V0024.bmp,cannot identify image file 'D:\\OIO+\\DATASET_RETINA\\01.Originais\\AMD (Degeneração Macular Relacionada à Idade)\\ADAM\\__MACOSX\\ADAM\\Validation\\Disc_Masks\\._V0024.bmp'
._V0025.bmp,cannot identify image file 'D:\\OIO+\\DATASET_RETINA\\01.Originais\\AMD (Degeneração Macular Relacionada à Idade)\\ADAM\\__MACOSX\\ADAM\\Validation\\Disc_Masks\\._V0025.bmp'
._V0026.bmp,cannot identify image file 'D:\\OIO+\\DATASET_RETINA\\01.Originais\\AMD (Degeneração Macular Relacionada à Idade)\\ADAM\\__MACOSX\\ADAM\\Validation\\Disc_Masks\\._V0026.bmp'
._V0027.bmp,cannot identify image file 'D:\\OIO+\\DATASET_RETINA\\01.Originais\\AMD (Degeneração Macular Relacionada à Idade)\\ADAM\\__MACOSX\\ADAM\\Validation\\Disc_Masks\\._V0027.bmp'
._V0028.bmp,cannot identify image file 'D:\\OIO+\\DATASET_RETINA\\01.Originais\\AMD (Degeneração Macular Relacionada à Idade)\\ADAM\\__MACOSX\\ADAM\\Validation\\Disc_Masks\\._V0028.bmp'
._V0029.bmp,cannot identify image file 'D:\\OIO+\\DATASET_RETINA\\01.Originais\\AMD (Degeneração Macular Relacionada à Idade)\\ADAM\\__MACOSX\\ADAM\\Validation\\Disc_Masks\\._V0029.bmp'
._V0030.bmp,cannot identify image file 'D:\\OIO+\\DATASET_RETINA\\01.Originais\\AMD (Degeneração Macular Relacionada à Idade)\\ADAM\\__MACOSX\\ADAM\\Validation\\Disc_Masks\\._V0030.bmp'
._V0031.bmp,cannot identify image file 'D:\\OIO+\\DATASET_RETINA\\01.Originais\\AMD (Degeneração Macular Relacionada à Idade)\\ADAM\\__MACOSX\\ADAM\\Validation\\Disc_Masks\\._V0031.bmp'
._V0032.bmp,cannot identify image file 'D:\\OIO+\\DATASET_RETINA\\01.Originais\\AMD (Degeneração Macular Relacionada à Idade)\\ADAM\\__MACOSX\\ADAM\\Validation\\Disc_Masks\\._V0032.bmp'
._V0033.bmp,cannot identify image file 'D:\\OIO+\\DATASET_RETINA\\01.Originais\\AMD (Degeneração Macular Relacionada à Idade)\\ADAM\\__MACOSX\\ADAM\\Validation\\Disc_Masks\\._V0033.bmp'
._V0034.bmp,cannot identify image file 'D:\\OIO+\\DATASET_RETINA\\01.Originais\\AMD (Degeneração Macular Relacionada à Idade)\\ADAM\\__MACOSX\\ADAM\\Validation\\Disc_Masks\\._V0034.bmp'
._V0035.bmp,cannot identify image file 'D:\\OIO+\\DATASET_RETINA\\01.Originais\\AMD (Degeneração Macular Relacionada à Idade)\\ADAM\\__MACOSX\\ADAM\\Validation\\Disc_Masks\\._V0035.bmp'
._V0036.bmp,cannot identify image file 'D:\\OIO+\\DATASET_RETINA\\01.Originais\\AMD (Degeneração Macular Relacionada à Idade)\\ADAM\\__MACOSX\\ADAM\\Validation\\Disc_Masks\\._V0036.bmp'
._V0037.bmp,cannot identify image file 'D:\\OIO+\\DATASET_RETINA\\01.Originais\\AMD (Degeneração Macular Relacionada à Idade)\\ADAM\\__MACOSX\\ADAM\\Validation\\Disc_Masks\\._V0037.bmp'
._V0038.bmp,cannot identify image file 'D:\\OIO+\\DATASET_RETINA\\01.Originais\\AMD (Degeneração Macular Relacionada à Idade)\\ADAM\\__MACOSX\\ADAM\\Validation\\Disc_Masks\\._V0038.bmp'
._V0039.bmp,cannot identify image file 'D:\\OIO+\\DATASET_RETINA\\01.Originais\\AMD (Degeneração Macular Relacionada à Idade)\\ADAM\\__MACOSX\\ADAM\\Validation\\Disc_Masks\\._V0039.bmp'
._V0040.bmp,cannot identify image file 'D:\\OIO+\\DATASET_RETINA\\01.Originais\\AMD (Degeneração Macular Relacionada à Idade)\\ADAM\\__MACOSX\\ADAM\\Validation\\Disc_Masks\\._V0040.bmp'
._V0041.bmp,cannot identify image file 'D:\\OIO+\\DATASET_RETINA\\01.Originais\\AMD (Degeneração Macular Relacionada à Idade)\\ADAM\\__MACOSX\\ADAM\\Validation\\Disc_Masks\\._V0041.bmp'
._V0042.bmp,cannot identify image file 'D:\\OIO+\\DATASET_RETINA\\01.Originais\\AMD (Degeneração Macular Relacionada à Idade)\\ADAM\\__MACOSX\\ADAM\\Validation\\Disc_Masks\\._V0042.bmp'
._V0043.bmp,cannot identify image file 'D:\\OIO+\\DATASET_RETINA\\01.Originais\\AMD (Degeneração Macular Relacionada à Idade)\\ADAM\\__MACOSX\\ADAM\\Validation\\Disc_Masks\\._V0043.bmp'
._V0044.bmp,cannot identify image file 'D:\\OIO+\\DATASET_RETINA\\01.Originais\\AMD (Degeneração Macular Relacionada à Idade)\\ADAM\\__MACOSX\\ADAM\\Validation\\Disc_Masks\\._V0044.bmp'
._V0045.bmp,cannot identify image file 'D:\\OIO+\\DATASET_RETINA\\01.Originais\\AMD (Degeneração Macular Relacionada à Idade)\\ADAM\\__MACOSX\\ADAM\\Validation\\Disc_Masks\\._V0045.bmp'
._V0046.bmp,cannot identify image file 'D:\\OIO+\\DATASET_RETINA\\01.Originais\\AMD (Degeneração Macular Relacionada à Idade)\\ADAM\\__MACOSX\\ADAM\\Validation\\Disc_Masks\\._V0046.bmp'
._V0047.bmp,cannot identify image file 'D:\\OIO+\\DATASET_RETINA\\01.Originais\\AMD (Degeneração Macular Relacionada à Idade)\\ADAM\\__MACOSX\\ADAM\\Validation\\Disc_Masks\\._V0047.bmp'
._V0048.bmp,cannot identify image file 'D:\\OIO+\\DATASET_RETINA\\01.Originais\\AMD (Degeneração Macular Relacionada à Idade)\\ADAM\\__MACOSX\\ADAM\\Validation\\Disc_Masks\\._V0048.bmp'
._V0049.bmp,cannot identify image file 'D:\\OIO+\\DATASET_RETINA\\01.Originais\\AMD (Degeneração Macular Relacionada à Idade)\\ADAM\\__MACOSX\\ADAM\\Validation\\Disc_Masks\\._V0049.bmp'
._V0050.bmp,cannot identify image file 'D:\\OIO+\\DATASET_RETINA\\01.Originais\\AMD (Degeneração Macular Relacionada à Idade)\\ADAM\\__MACOSX\\ADAM\\Validation\\Disc_Masks\\._V0050.bmp'
._V0051.bmp,cannot identify image file 'D:\\OIO+\\DATASET_RETINA\\01.Originais\\AMD (Degeneração Macular Relacionada à Idade)\\ADAM\\__MACOSX\\ADAM\\Validation\\Disc_Masks\\._V0051.bmp'
._V0052.bmp,cannot identify image file 'D:\\OIO+\\DATASET_RETINA\\01.Originais\\AMD (Degeneração Macular Relacionada à Idade)\\ADAM\\__MACOSX\\ADAM\\Validation\\Disc_Masks\\._V0052.bmp'
._V0053.bmp,cannot identify image file 'D:\\OIO+\\DATASET_RETINA\\01.Originais\\AMD (Degeneração Macular Relacionada à Idade)\\ADAM\\__MACOSX\\ADAM\\Validation\\Disc_Masks\\._V0053.bmp'
._V0054.bmp,cannot identify image file 'D:\\OIO+\\DATASET_RETINA\\01.Originais\\AMD (Degeneração Macular Relacionada à Idade)\\ADAM\\__MACOSX\\ADAM\\Validation\\Disc_Masks\\._V0054.bmp'
._V0055.bmp,cannot identify image file 'D:\\OIO+\\DATASET_RETINA\\01.Originais\\AMD (Degeneração Macular Relacionada à Idade)\\ADAM\\__MACOSX\\ADAM\\Validation\\Disc_Masks\\._V0055.bmp'
._V0056.bmp,cannot identify image file 'D:\\OIO+\\DATASET_RETINA\\01.Originais\\AMD (Degeneração Macular Relacionada à Idade)\\ADAM\\__MACOSX\\ADAM\\Validation\\Disc_Masks\\._V0056.bmp'
._V0057.bmp,cannot identify image file 'D:\\OIO+\\DATASET_RETINA\\01.Originais\\AMD (Degeneração Macular Relacionada à Idade)\\ADAM\\__MACOSX\\ADAM\\Validation\\Disc_Masks\\._V0057.bmp'
._V0058.bmp,cannot identify image file 'D:\\OIO+\\DATASET_RETINA\\01.Originais\\AMD (Degeneração Macular Relacionada à Idade)\\ADAM\\__MACOSX\\ADAM\\Validation\\Disc_Masks\\._V0058.bmp'
._V0059.bmp,cannot identify image file 'D:\\OIO+\\DATASET_RETINA\\01.Originais\\AMD (Degeneração Macular Relacionada à Idade)\\ADAM\\__MACOSX\\ADAM\\Validation\\Disc_Masks\\._V0059.bmp'
._V0060.bmp,cannot identify image file 'D:\\OIO+\\DATASET_RETINA\\01.Originais\\AMD (Degeneração Macular Relacionada à Idade)\\ADAM\\__MACOSX\\ADAM\\Validation\\Disc_Masks\\._V0060.bmp'
._V0061.bmp,cannot identify image file 'D:\\OIO+\\DATASET_RETINA\\01.Originais\\AMD (Degeneração Macular Relacionada à Idade)\\ADAM\\__MACOSX\\ADAM\\Validation\\Disc_Masks\\._V0061.bmp'
._V0062.bmp,cannot identify image file 'D:\\OIO+\\DATASET_RETINA\\01.Originais\\AMD (Degeneração Macular Relacionada à Idade)\\ADAM\\__MACOSX\\ADAM\\Validation\\Disc_Masks\\._V0062.bmp'
._V0063.bmp,cannot identify image file 'D:\\OIO+\\DATASET_RETINA\\01.Originais\\AMD (Degeneração Macular Relacionada à Idade)\\ADAM\\__MACOSX\\ADAM\\Validation\\Disc_Masks\\._V0063.bmp'
._V0064.bmp,cannot identify image file 'D:\\OIO+\\DATASET_RETINA\\01.Originais\\AMD (Degeneração Macular Relacionada à Idade)\\ADAM\\__MACOSX\\ADAM\\Validation\\Disc_Masks\\._V0064.bmp'
._V0065.bmp,cannot identify image file 'D:\\OIO+\\DATASET_RETINA\\01.Originais\\AMD (Degeneração Macular Relacionada à Idade)\\ADAM\\__MACOSX\\ADAM\\Validation\\Disc_Masks\\._V0065.bmp'
._V0066.bmp,cannot identify image file 'D:\\OIO+\\DATASET_RETINA\\01.Originais\\AMD (Degeneração Macular Relacionada à Idade)\\ADAM\\__MACOSX\\ADAM\\Validation\\Disc_Masks\\._V0066.bmp'
._V0067.bmp,cannot identify image file 'D:\\OIO+\\DATASET_RETINA\\01.Originais\\AMD (Degeneração Macular Relacionada à Idade)\\ADAM\\__MACOSX\\ADAM\\Validation\\Disc_Masks\\._V0067.bmp'
._V0068.bmp,cannot identify image file 'D:\\OIO+\\DATASET_RETINA\\01.Originais\\AMD (Degeneração Macular Relacionada à Idade)\\ADAM\\__MACOSX\\ADAM\\Validation\\Disc_Masks\\._V0068.bmp'
._V0069.bmp,cannot identify image file 'D:\\OIO+\\DATASET_RETINA\\01.Originais\\AMD (Degeneração Macular Relacionada à Idade)\\ADAM\\__MACOSX\\ADAM\\Validation\\Disc_Masks\\._V0069.bmp'
._V0070.bmp,cannot identify image file 'D:\\OIO+\\DATASET_RETINA\\01.Originais\\AMD (Degeneração Macular Relacionada à Idade)\\ADAM\\__MACOSX\\ADAM\\Validation\\Disc_Masks\\._V0070.bmp'
._V0071.bmp,cannot identify image file 'D:\\OIO+\\DATASET_RETINA\\01.Originais\\AMD (Degeneração Macular Relacionada à Idade)\\ADAM\\__MACOSX\\ADAM\\Validation\\Disc_Masks\\._V0071.bmp'
._V0072.bmp,cannot identify image file 'D:\\OIO+\\DATASET_RETINA\\01.Originais\\AMD (Degeneração Macular Relacionada à Idade)\\ADAM\\__MACOSX\\ADAM\\Validation\\Disc_Masks\\._V0072.bmp'
._V0073.bmp,cannot identify image file 'D:\\OIO+\\DATASET_RETINA\\01.Originais\\AMD (Degeneração Macular Relacionada à Idade)\\ADAM\\__MACOSX\\ADAM\\Validation\\Disc_Masks\\._V0073.bmp'
._V0074.bmp,cannot identify image file 'D:\\OIO+\\DATASET_RETINA\\01.Originais\\AMD (Degeneração Macular Relacionada à Idade)\\ADAM\\__MACOSX\\ADAM\\Validation\\Disc_Masks\\._V0074.bmp'
._V0075.bmp,cannot identify image file 'D:\\OIO+\\DATASET_RETINA\\01.Originais\\AMD (Degeneração Macular Relacionada à Idade)\\ADAM\\__MACOSX\\ADAM\\Validation\\Disc_Masks\\._V0075.bmp'
._V0076.bmp,cannot identify image file 'D:\\OIO+\\DATASET_RETINA\\01.Originais\\AMD (Degeneração Macular Relacionada à Idade)\\ADAM\\__MACOSX\\ADAM\\Validation\\Disc_Masks\\._V0076.bmp'
._V0077.bmp,cannot identify image file 'D:\\OIO+\\DATASET_RETINA\\01.Originais\\AMD (Degeneração Macular Relacionada à Idade)\\ADAM\\__MACOSX\\ADAM\\Validation\\Disc_Masks\\._V0077.bmp'
._V0078.bmp,cannot identify image file 'D:\\OIO+\\DATASET_RETINA\\01.Originais\\AMD (Degeneração Macular Relacionada à Idade)\\ADAM\\__MACOSX\\ADAM\\Validation\\Disc_Masks\\._V0078.bmp'
._V0079.bmp,cannot identify image file 'D:\\OIO+\\DATASET_RETINA\\01.Originais\\AMD (Degeneração Macular Relacionada à Idade)\\ADAM\\__MACOSX\\ADAM\\Validation\\Disc_Masks\\._V0079.bmp'
._V0080.bmp,cannot identify image file 'D:\\OIO+\\DATASET_RETINA\\01.Originais\\AMD (Degeneração Macular Relacionada à Idade)\\ADAM\\__MACOSX\\ADAM\\Validation\\Disc_Masks\\._V0080.bmp'
._V0081.bmp,cannot identify image file 'D:\\OIO+\\DATASET_RETINA\\01.Originais\\AMD (Degeneração Macular Relacionada à Idade)\\ADAM\\__MACOSX\\ADAM\\Validation\\Disc_Masks\\._V0081.bmp'
._V0082.bmp,cannot identify image file 'D:\\OIO+\\DATASET_RETINA\\01.Originais\\AMD (Degeneração Macular Relacionada à Idade)\\ADAM\\__MACOSX\\ADAM\\Validation\\Disc_Masks\\._V0082.bmp'
._V0083.bmp,cannot identify image file 'D:\\OIO+\\DATASET_RETINA\\01.Originais\\AMD (Degeneração Macular Relacionada à Idade)\\ADAM\\__MACOSX\\ADAM\\Validation\\Disc_Masks\\._V0083.bmp'
._V0084.bmp,cannot identify image file 'D:\\OIO+\\DATASET_RETINA\\01.Originais\\AMD (Degeneração Macular Relacionada à Idade)\\ADAM\\__MACOSX\\ADAM\\Validation\\Disc_Masks\\._V0084.bmp'
._V0085.bmp,cannot identify image file 'D:\\OIO+\\DATASET_RETINA\\01.Originais\\AMD (Degeneração Macular Relacionada à Idade)\\ADAM\\__MACOSX\\ADAM\\Validation\\Disc_Masks\\._V0085.bmp'
._V0086.bmp,cannot identify image file 'D:\\OIO+\\DATASET_RETINA\\01.Originais\\AMD (Degeneração Macular Relacionada à Idade)\\ADAM\\__MACOSX\\ADAM\\Validation\\Disc_Masks\\._V0086.bmp'
._V0087.bmp,cannot identify image file 'D:\\OIO+\\DATASET_RETINA\\01.Originais\\AMD (Degeneração Macular Relacionada à Idade)\\ADAM\\__MACOSX\\ADAM\\Validation\\Disc_Masks\\._V0087.bmp'
._V0088.bmp,cannot identify image file 'D:\\OIO+\\DATASET_RETINA\\01.Originais\\AMD (Degeneração Macular Relacionada à Idade)\\ADAM\\__MACOSX\\ADAM\\Validation\\Disc_Masks\\._V0088.bmp'
._V0089.bmp,cannot identify image file 'D:\\OIO+\\DATASET_RETINA\\01.Originais\\AMD (Degeneração Macular Relacionada à Idade)\\ADAM\\__MACOSX\\ADAM\\Validation\\Disc_Masks\\._V0089.bmp'
._V0090.bmp,cannot identify image file 'D:\\OIO+\\DATASET_RETINA\\01.Originais\\AMD (Degeneração Macular Relacionada à Idade)\\ADAM\\__MACOSX\\ADAM\\Validation\\Disc_Masks\\._V0090.bmp'
._V0091.bmp,cannot identify image file 'D:\\OIO+\\DATASET_RETINA\\01.Originais\\AMD (Degeneração Macular Relacionada à Idade)\\ADAM\\__MACOSX\\ADAM\\Validation\\Disc_Masks\\._V0091.bmp'
._V0092.bmp,cannot identify image file 'D:\\OIO+\\DATASET_RETINA\\01.Originais\\AMD (Degeneração Macular Relacionada à Idade)\\ADAM\\__MACOSX\\ADAM\\Validation\\Disc_Masks\\._V0092.bmp'
._V0093.bmp,cannot identify image file 'D:\\OIO+\\DATASET_RETINA\\01.Originais\\AMD (Degeneração Macular Relacionada à Idade)\\ADAM\\__MACOSX\\ADAM\\Validation\\Disc_Masks\\._V0093.bmp'
._V0094.bmp,cannot identify image file 'D:\\OIO+\\DATASET_RETINA\\01.Originais\\AMD (Degeneração Macular Relacionada à Idade)\\ADAM\\__MACOSX\\ADAM\\Validation\\Disc_Masks\\._V0094.bmp'
._V0095.bmp,cannot identify image file 'D:\\OIO+\\DATASET_RETINA\\01.Originais\\AMD (Degeneração Macular Relacionada à Idade)\\ADAM\\__MACOSX\\ADAM\\Validation\\Disc_Masks\\._V0095.bmp'
._V0096.bmp,cannot identify image file 'D:\\OIO+\\DATASET_RETINA\\01.Originais\\AMD (Degeneração Macular Relacionada à Idade)\\ADAM\\__MACOSX\\ADAM\\Validation\\Disc_Masks\\._V0096.bmp'
._V0097.bmp,cannot identify image file 'D:\\OIO+\\DATASET_RETINA\\01.Originais\\AMD (Degeneração Macular Relacionada à Idade)\\ADAM\\__MACOSX\\ADAM\\Validation\\Disc_Masks\\._V0097.bmp'
._V0098.bmp,cannot identify image file 'D:\\OIO+\\DATASET_RETINA\\01.Originais\\AMD (Degeneração Macular Relacionada à Idade)\\ADAM\\__MACOSX\\ADAM\\Validation\\Disc_Masks\\._V0098.bmp'
._V0099.bmp,cannot identify image file 'D:\\OIO+\\DATASET_RETINA\\01.Originais\\AMD (Degeneração Macular Relacionada à Idade)\\ADAM\\__MACOSX\\ADAM\\Validation\\Disc_Masks\\._V0099.bmp'
._V0100.bmp,cannot identify image file 'D:\\OIO+\\DATASET_RETINA\\01.Originais\\AMD (Degeneração Macular Relacionada à Idade)\\ADAM\\__MACOSX\\ADAM\\Validation\\Disc_Masks\\._V0100.bmp'
._V0101.bmp,cannot identify image file 'D:\\OIO+\\DATASET_RETINA\\01.Originais\\AMD (Degeneração Macular Relacionada à Idade)\\ADAM\\__MACOSX\\ADAM\\Validation\\Disc_Masks\\._V0101.bmp'
._V0102.bmp,cannot identify image file 'D:\\OIO+\\DATASET_RETINA\\01.Originais\\AMD (Degeneração Macular Relacionada à Idade)\\ADAM\\__MACOSX\\ADAM\\Validation\\Disc_Masks\\._V0102.bmp'
._V0103.bmp,cannot identify image file 'D:\\OIO+\\DATASET_RETINA\\01.Originais\\AMD (Degeneração Macular Relacionada à Idade)\\ADAM\\__MACOSX\\ADAM\\Validation\\Disc_Masks\\._V0103.bmp'
._V0104.bmp,cannot identify image file 'D:\\OIO+\\DATASET_RETINA\\01.Originais\\AMD (Degeneração Macular Relacionada à Idade)\\ADAM\\__MACOSX\\ADAM\\Validation\\Disc_Masks\\._V0104.bmp'
._V0105.bmp,cannot identify image file 'D:\\OIO+\\DATASET_RETINA\\01.Originais\\AMD (Degeneração Macular Relacionada à Idade)\\ADAM\\__MACOSX\\ADAM\\Validation\\Disc_Masks\\._V0105.bmp'
._V0106.bmp,cannot identify image file 'D:\\OIO+\\DATASET_RETINA\\01.Originais\\AMD (Degeneração Macular Relacionada à Idade)\\ADAM\\__MACOSX\\ADAM\\Validation\\Disc_Masks\\._V0106.bmp'
._V0107.bmp,cannot identify image file 'D:\\OIO+\\DATASET_RETINA\\01.Originais\\AMD (Degeneração Macular Relacionada à Idade)\\ADAM\\__MACOSX\\ADAM\\Validation\\Disc_Masks\\._V0107.bmp'
._V0108.bmp,cannot identify image file 'D:\\OIO+\\DATASET_RETINA\\01.Originais\\AMD (Degeneração Macular Relacionada à Idade)\\ADAM\\__MACOSX\\ADAM\\Validation\\Disc_Masks\\._V0108.bmp'
._V0109.bmp,cannot identify image file 'D:\\OIO+\\DATASET_RETINA\\01.Originais\\AMD (Degeneração Macular Relacionada à Idade)\\ADAM\\__MACOSX\\ADAM\\Validation\\Disc_Masks\\._V0109.bmp'
._V0110.bmp,cannot identify image file 'D:\\OIO+\\DATASET_RETINA\\01.Originais\\AMD (Degeneração Macular Relacionada à Idade)\\ADAM\\__MACOSX\\ADAM\\Validation\\Disc_Masks\\._V0110.bmp'
._V0111.bmp,cannot identify image file 'D:\\OIO+\\DATASET_RETINA\\01.Originais\\AMD (Degeneração Macular Relacionada à Idade)\\ADAM\\__MACOSX\\ADAM\\Validation\\Disc_Masks\\._V0111.bmp'
._V0112.bmp,cannot identify image file 'D:\\OIO+\\DATASET_RETINA\\01.Originais\\AMD (Degeneração Macular Relacionada à Idade)\\ADAM\\__MACOSX\\ADAM\\Validation\\Disc_Masks\\._V0112.bmp'
._V0113.bmp,cannot identify image file 'D:\\OIO+\\DATASET_RETINA\\01.Originais\\AMD (Degeneração Macular Relacionada à Idade)\\ADAM\\__MACOSX\\ADAM\\Validation\\Disc_Masks\\._V0113.bmp'
._V0114.bmp,cannot identify image file 'D:\\OIO+\\DATASET_RETINA\\01.Originais\\AMD (Degeneração Macular Relacionada à Idade)\\ADAM\\__MACOSX\\ADAM\\Validation\\Disc_Masks\\._V0114.bmp'
._V0115.bmp,cannot identify image file 'D:\\OIO+\\DATASET_RETINA\\01.Originais\\AMD (Degeneração Macular Relacionada à Idade)\\ADAM\\__MACOSX\\ADAM\\Validation\\Disc_Masks\\._V0115.bmp'
._V0116.bmp,cannot identify image file 'D:\\OIO+\\DATASET_RETINA\\01.Originais\\AMD (Degeneração Macular Relacionada à Idade)\\ADAM\\__MACOSX\\ADAM\\Validation\\Disc_Masks\\._V0116.bmp'
._V0117.bmp,cannot identify image file 'D:\\OIO+\\DATASET_RETINA\\01.Originais\\AMD (Degeneração Macular Relacionada à Idade)\\ADAM\\__MACOSX\\ADAM\\Validation\\Disc_Masks\\._V0117.bmp'
._V0118.bmp,cannot identify image file 'D:\\OIO+\\DATASET_RETINA\\01.Originais\\AMD (Degeneração Macular Relacionada à Idade)\\ADAM\\__MACOSX\\ADAM\\Validation\\Disc_Masks\\._V0118.bmp'
._V0119.bmp,cannot identify image file 'D:\\OIO+\\DATASET_RETINA\\01.Originais\\AMD (Degeneração Macular Relacionada à Idade)\\ADAM\\__MACOSX\\ADAM\\Validation\\Disc_Masks\\._V0119.bmp'
._V0120.bmp,cannot identify image file 'D:\\OIO+\\DATASET_RETINA\\01.Originais\\AMD (Degeneração Macular Relacionada à Idade)\\ADAM\\__MACOSX\\ADAM\\Validation\\Disc_Masks\\._V0120.bmp'
._V0121.bmp,cannot identify image file 'D:\\OIO+\\DATASET_RETINA\\01.Originais\\AMD (Degeneração Macular Relacionada à Idade)\\ADAM\\__MACOSX\\ADAM\\Validation\\Disc_Masks\\._V0121.bmp'
._V0122.bmp,cannot identify image file 'D:\\OIO+\\DATASET_RETINA\\01.Originais\\AMD (Degeneração Macular Relacionada à Idade)\\ADAM\\__MACOSX\\ADAM\\Validation\\Disc_Masks\\._V0122.bmp'
._V0123.bmp,cannot identify image file 'D:\\OIO+\\DATASET_RETINA\\01.Originais\\AMD (Degeneração Macular Relacionada à Idade)\\ADAM\\__MACOSX\\ADAM\\Validation\\Disc_Masks\\._V0123.bmp'
._V0124.bmp,cannot identify image file 'D:\\OIO+\\DATASET_RETINA\\01.Originais\\AMD (Degeneração Macular Relacionada à Idade)\\ADAM\\__MACOSX\\ADAM\\Validation\\Disc_Masks\\._V0124.bmp'
._V0125.bmp,cannot identify image file 'D:\\OIO+\\DATASET_RETINA\\01.Originais\\AMD (Degeneração Macular Relacionada à Idade)\\ADAM\\__MACOSX\\ADAM\\Validation\\Disc_Masks\\._V0125.bmp'
._V0126.bmp,cannot identify image file 'D:\\OIO+\\DATASET_RETINA\\01.Originais\\AMD (Degeneração Macular Relacionada à Idade)\\ADAM\\__MACOSX\\ADAM\\Validation\\Disc_Masks\\._V0126.bmp'
._V0127.bmp,cannot identify image file 'D:\\OIO+\\DATASET_RETINA\\01.Originais\\AMD (Degeneração Macular Relacionada à Idade)\\ADAM\\__MACOSX\\ADAM\\Validation\\Disc_Masks\\._V0127.bmp'
._V0128.bmp,cannot identify image file 'D:\\OIO+\\DATASET_RETINA\\01.Originais\\AMD (Degeneração Macular Relacionada à Idade)\\ADAM\\__MACOSX\\ADAM\\Validation\\Disc_Masks\\._V0128.bmp'
._V0129.bmp,cannot identify image file 'D:\\OIO+\\DATASET_RETINA\\01.Originais\\AMD (Degeneração Macular Relacionada à Idade)\\ADAM\\__MACOSX\\ADAM\\Validation\\Disc_Masks\\._V0129.bmp'
._V0130.bmp,cannot identify image file 'D:\\OIO+\\DATASET_RETINA\\01.Originais\\AMD (Degeneração Macular Relacionada à Idade)\\ADAM\\__MACOSX\\ADAM\\Validation\\Disc_Masks\\._V0130.bmp'
._V0131.bmp,cannot identify image file 'D:\\OIO+\\DATASET_RETINA\\01.Originais\\AMD (Degeneração Macular Relacionada à Idade)\\ADAM\\__MACOSX\\ADAM\\Validation\\Disc_Masks\\._V0131.bmp'
._V0132.bmp,cannot identify image file 'D:\\OIO+\\DATASET_RETINA\\01.Originais\\AMD (Degeneração Macular Relacionada à Idade)\\ADAM\\__MACOSX\\ADAM\\Validation\\Disc_Masks\\._V0132.bmp'
._V0133.bmp,cannot identify image file 'D:\\OIO+\\DATASET_RETINA\\01.Originais\\AMD (Degeneração Macular Relacionada à Idade)\\ADAM\\__MACOSX\\ADAM\\Validation\\Disc_Masks\\._V0133.bmp'
._V0134.bmp,cannot identify image file 'D:\\OIO+\\DATASET_RETINA\\01.Originais\\AMD (Degeneração Macular Relacionada à Idade)\\ADAM\\__MACOSX\\ADAM\\Validation\\Disc_Masks\\._V0134.bmp'
._V0135.bmp,cannot identify image file 'D:\\OIO+\\DATASET_RETINA\\01.Originais\\AMD (Degeneração Macular Relacionada à Idade)\\ADAM\\__MACOSX\\ADAM\\Validation\\Disc_Masks\\._V0135.bmp'
._V0136.bmp,cannot identify image file 'D:\\OIO+\\DATASET_RETINA\\01.Originais\\AMD (Degeneração Macular Relacionada à Idade)\\ADAM\\__MACOSX\\ADAM\\Validation\\Disc_Masks\\._V0136.bmp'
._V0137.bmp,cannot identify image file 'D:\\OIO+\\DATASET_RETINA\\01.Originais\\AMD (Degeneração Macular Relacionada à Idade)\\ADAM\\__MACOSX\\ADAM\\Validation\\Disc_Masks\\._V0137.bmp'
._V0138.bmp,cannot identify image file 'D:\\OIO+\\DATASET_RETINA\\01.Originais\\AMD (Degeneração Macular Relacionada à Idade)\\ADAM\\__MACOSX\\ADAM\\Validation\\Disc_Masks\\._V0138.bmp'
._V0139.bmp,cannot identify image file 'D:\\OIO+\\DATASET_RETINA\\01.Originais\\AMD (Degeneração Macular Relacionada à Idade)\\ADAM\\__MACOSX\\ADAM\\Validation\\Disc_Masks\\._V0139.bmp'
._V0140.bmp,cannot identify image file 'D:\\OIO+\\DATASET_RETINA\\01.Originais\\AMD (Degeneração Macular Relacionada à Idade)\\ADAM\\__MACOSX\\ADAM\\Validation\\Disc_Masks\\._V0140.bmp'
._V0141.bmp,cannot identify image file 'D:\\OIO+\\DATASET_RETINA\\01.Originais\\AMD (Degeneração Macular Relacionada à Idade)\\ADAM\\__MACOSX\\ADAM\\Validation\\Disc_Masks\\._V0141.bmp'
._V0142.bmp,cannot identify image file 'D:\\OIO+\\DATASET_RETINA\\01.Originais\\AMD (Degeneração Macular Relacionada à Idade)\\ADAM\\__MACOSX\\ADAM\\Validation\\Disc_Masks\\._V0142.bmp'
._V0143.bmp,cannot identify image file 'D:\\OIO+\\DATASET_RETINA\\01.Originais\\AMD (Degeneração Macular Relacionada à Idade)\\ADAM\\__MACOSX\\ADAM\\Validation\\Disc_Masks\\._V0143.bmp'
._V0144.bmp,cannot identify image file 'D:\\OIO+\\DATASET_RETINA\\01.Originais\\AMD (Degeneração Macular Relacionada à Idade)\\ADAM\\__MACOSX\\ADAM\\Validation\\Disc_Masks\\._V0144.bmp'
._V0145.bmp,cannot identify image file 'D:\\OIO+\\DATASET_RETINA\\01.Originais\\AMD (Degeneração Macular Relacionada à Idade)\\ADAM\\__MACOSX\\ADAM\\Validation\\Disc_Masks\\._V0145.bmp'
._V0146.bmp,cannot identify image file 'D:\\OIO+\\DATASET_RETINA\\01.Originais\\AMD (Degeneração Macular Relacionada à Idade)\\ADAM\\__MACOSX\\ADAM\\Validation\\Disc_Masks\\._V0146.bmp'
._V0147.bmp,cannot identify image file 'D:\\OIO+\\DATASET_RETINA\\01.Originais\\AMD (Degeneração Macular Relacionada à Idade)\\ADAM\\__MACOSX\\ADAM\\Validation\\Disc_Masks\\._V0147.bmp'
._V0148.bmp,cannot identify image file 'D:\\OIO+\\DATASET_RETINA\\01.Originais\\AMD (Degeneração Macular Relacionada à Idade)\\ADAM\\__MACOSX\\ADAM\\Validation\\Disc_Masks\\._V0148.bmp'
._V0149.bmp,cannot identify image file 'D:\\OIO+\\DATASET_RETINA\\01.Originais\\AMD (Degeneração Macular Relacionada à Idade)\\ADAM\\__MACOSX\\ADAM\\Validation\\Disc_Masks\\._V0149.bmp'
._V0150.bmp,cannot identify image file 'D:\\OIO+\\DATASET_RETINA\\01.Originais\\AMD (Degeneração Macular Relacionada à Idade)\\ADAM\\__MACOSX\\ADAM\\Validation\\Disc_Masks\\._V0150.bmp'
._V0151.bmp,cannot identify image file 'D:\\OIO+\\DATASET_RETINA\\01.Originais\\AMD (Degeneração Macular Relacionada à Idade)\\ADAM\\__MACOSX\\ADAM\\Validation\\Disc_Masks\\._V0151.bmp'
._V0152.bmp,cannot identify image file 'D:\\OIO+\\DATASET_RETINA\\01.Originais\\AMD (Degeneração Macular Relacionada à Idade)\\ADAM\\__MACOSX\\ADAM\\Validation\\Disc_Masks\\._V0152.bmp'
._V0153.bmp,cannot identify image file 'D:\\OIO+\\DATASET_RETINA\\01.Originais\\AMD (Degeneração Macular Relacionada à Idade)\\ADAM\\__MACOSX\\ADAM\\Validation\\Disc_Masks\\._V0153.bmp'
._V0154.bmp,cannot identify image file 'D:\\OIO+\\DATASET_RETINA\\01.Originais\\AMD (Degeneração Macular Relacionada à Idade)\\ADAM\\__MACOSX\\ADAM\\Validation\\Disc_Masks\\._V0154.bmp'
._V0155.bmp,cannot identify image file 'D:\\OIO+\\DATASET_RETINA\\01.Originais\\AMD (Degeneração Macular Relacionada à Idade)\\ADAM\\__MACOSX\\ADAM\\Validation\\Disc_Masks\\._V0155.bmp'
._V0156.bmp,cannot identify image file 'D:\\OIO+\\DATASET_RETINA\\01.Originais\\AMD (Degeneração Macular Relacionada à Idade)\\ADAM\\__MACOSX\\ADAM\\Validation\\Disc_Masks\\._V0156.bmp'
._V0157.bmp,cannot identify image file 'D:\\OIO+\\DATASET_RETINA\\01.Originais\\AMD (Degeneração Macular Relacionada à Idade)\\ADAM\\__MACOSX\\ADAM\\Validation\\Disc_Masks\\._V0157.bmp'
._V0158.bmp,cannot identify image file 'D:\\OIO+\\DATASET_RETINA\\01.Originais\\AMD (Degeneração Macular Relacionada à Idade)\\ADAM\\__MACOSX\\ADAM\\Validation\\Disc_Masks\\._V0158.bmp'
._V0159.bmp,cannot identify image file 'D:\\OIO+\\DATASET_RETINA\\01.Originais\\AMD (Degeneração Macular Relacionada à Idade)\\ADAM\\__MACOSX\\ADAM\\Validation\\Disc_Masks\\._V0159.bmp'
._V0160.bmp,cannot identify image file 'D:\\OIO+\\DATASET_RETINA\\01.Originais\\AMD (Degeneração Macular Relacionada à Idade)\\ADAM\\__MACOSX\\ADAM\\Validation\\Disc_Masks\\._V0160.bmp'
._V0161.bmp,cannot identify image file 'D:\\OIO+\\DATASET_RETINA\\01.Originais\\AMD (Degeneração Macular Relacionada à Idade)\\ADAM\\__MACOSX\\ADAM\\Validation\\Disc_Masks\\._V0161.bmp'
._V0162.bmp,cannot identify image file 'D:\\OIO+\\DATASET_RETINA\\01.Originais\\AMD (Degeneração Macular Relacionada à Idade)\\ADAM\\__MACOSX\\ADAM\\Validation\\Disc_Masks\\._V0162.bmp'
._V0163.bmp,cannot identify image file 'D:\\OIO+\\DATASET_RETINA\\01.Originais\\AMD (Degeneração Macular Relacionada à Idade)\\ADAM\\__MACOSX\\ADAM\\Validation\\Disc_Masks\\._V0163.bmp'
._V0164.bmp,cannot identify image file 'D:\\OIO+\\DATASET_RETINA\\01.Originais\\AMD (Degeneração Macular Relacionada à Idade)\\ADAM\\__MACOSX\\ADAM\\Validation\\Disc_Masks\\._V0164.bmp'
._V0165.bmp,cannot identify image file 'D:\\OIO+\\DATASET_RETINA\\01.Originais\\AMD (Degeneração Macular Relacionada à Idade)\\ADAM\\__MACOSX\\ADAM\\Validation\\Disc_Masks\\._V0165.bmp'
._V0166.bmp,cannot identify image file 'D:\\OIO+\\DATASET_RETINA\\01.Originais\\AMD (Degeneração Macular Relacionada à Idade)\\ADAM\\__MACOSX\\ADAM\\Validation\\Disc_Masks\\._V0166.bmp'
._V0167.bmp,cannot identify image file 'D:\\OIO+\\DATASET_RETINA\\01.Originais\\AMD (Degeneração Macular Relacionada à Idade)\\ADAM\\__MACOSX\\ADAM\\Validation\\Disc_Masks\\._V0167.bmp'
._V0168.bmp,cannot identify image file 'D:\\OIO+\\DATASET_RETINA\\01.Originais\\AMD (Degeneração Macular Relacionada à Idade)\\ADAM\\__MACOSX\\ADAM\\Validation\\Disc_Masks\\._V0168.bmp'
._V0169.bmp,cannot identify image file 'D:\\OIO+\\DATASET_RETINA\\01.Originais\\AMD (Degeneração Macular Relacionada à Idade)\\ADAM\\__MACOSX\\ADAM\\Validation\\Disc_Masks\\._V0169.bmp'
._V0170.bmp,cannot identify image file 'D:\\OIO+\\DATASET_RETINA\\01.Originais\\AMD (Degeneração Macular Relacionada à Idade)\\ADAM\\__MACOSX\\ADAM\\Validation\\Disc_Masks\\._V0170.bmp'
._V0171.bmp,cannot identify image file 'D:\\OIO+\\DATASET_RETINA\\01.Originais\\AMD (Degeneração Macular Relacionada à Idade)\\ADAM\\__MACOSX\\ADAM\\Validation\\Disc_Masks\\._V0171.bmp'
._V0172.bmp,cannot identify image file 'D:\\OIO+\\DATASET_RETINA\\01.Originais\\AMD (Degeneração Macular Relacionada à Idade)\\ADAM\\__MACOSX\\ADAM\\Validation\\Disc_Masks\\._V0172.bmp'
._V0173.bmp,cannot identify image file 'D:\\OIO+\\DATASET_RETINA\\01.Originais\\AMD (Degeneração Macular Relacionada à Idade)\\ADAM\\__MACOSX\\ADAM\\Validation\\Disc_Masks\\._V0173.bmp'
._V0174.bmp,cannot identify image file 'D:\\OIO+\\DATASET_RETINA\\01.Originais\\AMD (Degeneração Macular Relacionada à Idade)\\ADAM\\__MACOSX\\ADAM\\Validation\\Disc_Masks\\._V0174.bmp'
._V0175.bmp,cannot identify image file 'D:\\OIO+\\DATASET_RETINA\\01.Originais\\AMD (Degeneração Macular Relacionada à Idade)\\ADAM\\__MACOSX\\ADAM\\Validation\\Disc_Masks\\._V0175.bmp'
._V0176.bmp,cannot identify image file 'D:\\OIO+\\DATASET_RETINA\\01.Originais\\AMD (Degeneração Macular Relacionada à Idade)\\ADAM\\__MACOSX\\ADAM\\Validation\\Disc_Masks\\._V0176.bmp'
._V0177.bmp,cannot identify image file 'D:\\OIO+\\DATASET_RETINA\\01.Originais\\AMD (Degeneração Macular Relacionada à Idade)\\ADAM\\__MACOSX\\ADAM\\Validation\\Disc_Masks\\._V0177.bmp'
._V0178.bmp,cannot identify image file 'D:\\OIO+\\DATASET_RETINA\\01.Originais\\AMD (Degeneração Macular Relacionada à Idade)\\ADAM\\__MACOSX\\ADAM\\Validation\\Disc_Masks\\._V0178.bmp'
._V0179.bmp,cannot identify image file 'D:\\OIO+\\DATASET_RETINA\\01.Originais\\AMD (Degeneração Macular Relacionada à Idade)\\ADAM\\__MACOSX\\ADAM\\Validation\\Disc_Masks\\._V0179.bmp'
._V0180.bmp,cannot identify image file 'D:\\OIO+\\DATASET_RETINA\\01.Originais\\AMD (Degeneração Macular Relacionada à Idade)\\ADAM\\__MACOSX\\ADAM\\Validation\\Disc_Masks\\._V0180.bmp'
._V0181.bmp,cannot identify image file 'D:\\OIO+\\DATASET_RETINA\\01.Originais\\AMD (Degeneração Macular Relacionada à Idade)\\ADAM\\__MACOSX\\ADAM\\Validation\\Disc_Masks\\._V0181.bmp'
._V0182.bmp,cannot identify image file 'D:\\OIO+\\DATASET_RETINA\\01.Originais\\AMD (Degeneração Macular Relacionada à Idade)\\ADAM\\__MACOSX\\ADAM\\Validation\\Disc_Masks\\._V0182.bmp'
._V0183.bmp,cannot identify image file 'D:\\OIO+\\DATASET_RETINA\\01.Originais\\AMD (Degeneração Macular Relacionada à Idade)\\ADAM\\__MACOSX\\ADAM\\Validation\\Disc_Masks\\._V0183.bmp'
._V0184.bmp,cannot identify image file 'D:\\OIO+\\DATASET_RETINA\\01.Originais\\AMD (Degeneração Macular Relacionada à Idade)\\ADAM\\__MACOSX\\ADAM\\Validation\\Disc_Masks\\._V0184.bmp'
._V0185.bmp,cannot identify image file 'D:\\OIO+\\DATASET_RETINA\\01.Originais\\AMD (Degeneração Macular Relacionada à Idade)\\ADAM\\__MACOSX\\ADAM\\Validation\\Disc_Masks\\._V0185.bmp'
._V0186.bmp,cannot identify image file 'D:\\OIO+\\DATASET_RETINA\\01.Originais\\AMD (Degeneração Macular Relacionada à Idade)\\ADAM\\__MACOSX\\ADAM\\Validation\\Disc_Masks\\._V0186.bmp'
._V0187.bmp,cannot identify image file 'D:\\OIO+\\DATASET_RETINA\\01.Originais\\AMD (Degeneração Macular Relacionada à Idade)\\ADAM\\__MACOSX\\ADAM\\Validation\\Disc_Masks\\._V0187.bmp'
._V0188.bmp,cannot identify image file 'D:\\OIO+\\DATASET_RETINA\\01.Originais\\AMD (Degeneração Macular Relacionada à Idade)\\ADAM\\__MACOSX\\ADAM\\Validation\\Disc_Masks\\._V0188.bmp'
._V0189.bmp,cannot identify image file 'D:\\OIO+\\DATASET_RETINA\\01.Originais\\AMD (Degeneração Macular Relacionada à Idade)\\ADAM\\__MACOSX\\ADAM\\Validation\\Disc_Masks\\._V0189.bmp'
._V0190.bmp,cannot identify image file 'D:\\OIO+\\DATASET_RETINA\\01.Originais\\AMD (Degeneração Macular Relacionada à Idade)\\ADAM\\__MACOSX\\ADAM\\Validation\\Disc_Masks\\._V0190.bmp'
._V0191.bmp,cannot identify image file 'D:\\OIO+\\DATASET_RETINA\\01.Originais\\AMD (Degeneração Macular Relacionada à Idade)\\ADAM\\__MACOSX\\ADAM\\Validation\\Disc_Masks\\._V0191.bmp'
._V0192.bmp,cannot identify image file 'D:\\OIO+\\DATASET_RETINA\\01.Originais\\AMD (Degeneração Macular Relacionada à Idade)\\ADAM\\__MACOSX\\ADAM\\Validation\\Disc_Masks\\._V0192.bmp'
._V0193.bmp,cannot identify image file 'D:\\OIO+\\DATASET_RETINA\\01.Originais\\AMD (Degeneração Macular Relacionada à Idade)\\ADAM\\__MACOSX\\ADAM\\Validation\\Disc_Masks\\._V0193.bmp'
._V0194.bmp,cannot identify image file 'D:\\OIO+\\DATASET_RETINA\\01.Originais\\AMD (Degeneração Macular Relacionada à Idade)\\ADAM\\__MACOSX\\ADAM\\Validation\\Disc_Masks\\._V0194.bmp'
._V0195.bmp,cannot identify image file 'D:\\OIO+\\DATASET_RETINA\\01.Originais\\AMD (Degeneração Macular Relacionada à Idade)\\ADAM\\__MACOSX\\ADAM\\Validation\\Disc_Masks\\._V0195.bmp'
._V0196.bmp,cannot identify image file 'D:\\OIO+\\DATASET_RETINA\\01.Originais\\AMD (Degeneração Macular Relacionada à Idade)\\ADAM\\__MACOSX\\ADAM\\Validation\\Disc_Masks\\._V0196.bmp'
._V0197.bmp,cannot identify image file 'D:\\OIO+\\DATASET_RETINA\\01.Originais\\AMD (Degeneração Macular Relacionada à Idade)\\ADAM\\__MACOSX\\ADAM\\Validation\\Disc_Masks\\._V0197.bmp'
._V0198.bmp,cannot identify image file 'D:\\OIO+\\DATASET_RETINA\\01.Originais\\AMD (Degeneração Macular Relacionada à Idade)\\ADAM\\__MACOSX\\ADAM\\Validation\\Disc_Masks\\._V0198.bmp'
._V0199.bmp,cannot identify image file 'D:\\OIO+\\DATASET_RETINA\\01.Originais\\AMD (Degeneração Macular Relacionada à Idade)\\ADAM\\__MACOSX\\ADAM\\Validation\\Disc_Masks\\._V0199.bmp'
._V0200.bmp,cannot identify image file 'D:\\OIO+\\DATASET_RETINA\\01.Originais\\AMD (Degeneração Macular Relacionada à Idade)\\ADAM\\__MACOSX\\ADAM\\Validation\\Disc_Masks\\._V0200.bmp'
._V0201.bmp,cannot identify image file 'D:\\OIO+\\DATASET_RETINA\\01.Originais\\AMD (Degeneração Macular Relacionada à Idade)\\ADAM\\__MACOSX\\ADAM\\Validation\\Disc_Masks\\._V0201.bmp'
._V0202.bmp,cannot identify image file 'D:\\OIO+\\DATASET_RETINA\\01.Originais\\AMD (Degeneração Macular Relacionada à Idade)\\ADAM\\__MACOSX\\ADAM\\Validation\\Disc_Masks\\._V0202.bmp'
._V0203.bmp,cannot identify image file 'D:\\OIO+\\DATASET_RETINA\\01.Originais\\AMD (Degeneração Macular Relacionada à Idade)\\ADAM\\__MACOSX\\ADAM\\Validation\\Disc_Masks\\._V0203.bmp'
._V0204.bmp,cannot identify image file 'D:\\OIO+\\DATASET_RETINA\\01.Originais\\AMD (Degeneração Macular Relacionada à Idade)\\ADAM\\__MACOSX\\ADAM\\Validation\\Disc_Masks\\._V0204.bmp'
._V0205.bmp,cannot identify image file 'D:\\OIO+\\DATASET_RETINA\\01.Originais\\AMD (Degeneração Macular Relacionada à Idade)\\ADAM\\__MACOSX\\ADAM\\Validation\\Disc_Masks\\._V0205.bmp'
._V0206.bmp,cannot identify image file 'D:\\OIO+\\DATASET_RETINA\\01.Originais\\AMD (Degeneração Macular Relacionada à Idade)\\ADAM\\__MACOSX\\ADAM\\Validation\\Disc_Masks\\._V0206.bmp'
._V0207.bmp,cannot identify image file 'D:\\OIO+\\DATASET_RETINA\\01.Originais\\AMD (Degeneração Macular Relacionada à Idade)\\ADAM\\__MACOSX\\ADAM\\Validation\\Disc_Masks\\._V0207.bmp'
._V0208.bmp,cannot identify image file 'D:\\OIO+\\DATASET_RETINA\\01.Originais\\AMD (Degeneração Macular Relacionada à Idade)\\ADAM\\__MACOSX\\ADAM\\Validation\\Disc_Masks\\._V0208.bmp'
._V0209.bmp,cannot identify image file 'D:\\OIO+\\DATASET_RETINA\\01.Originais\\AMD (Degeneração Macular Relacionada à Idade)\\ADAM\\__MACOSX\\ADAM\\Validation\\Disc_Masks\\._V0209.bmp'
._V0210.bmp,cannot identify image file 'D:\\OIO+\\DATASET_RETINA\\01.Originais\\AMD (Degeneração Macular Relacionada à Idade)\\ADAM\\__MACOSX\\ADAM\\Validation\\Disc_Masks\\._V0210.bmp'
._V0211.bmp,cannot identify image file 'D:\\OIO+\\DATASET_RETINA\\01.Originais\\AMD (Degeneração Macular Relacionada à Idade)\\ADAM\\__MACOSX\\ADAM\\Validation\\Disc_Masks\\._V0211.bmp'
._V0212.bmp,cannot identify image file 'D:\\OIO+\\DATASET_RETINA\\01.Originais\\AMD (Degeneração Macular Relacionada à Idade)\\ADAM\\__MACOSX\\ADAM\\Validation\\Disc_Masks\\._V0212.bmp'
._V0213.bmp,cannot identify image file 'D:\\OIO+\\DATASET_RETINA\\01.Originais\\AMD (Degeneração Macular Relacionada à Idade)\\ADAM\\__MACOSX\\ADAM\\Validation\\Disc_Masks\\._V0213.bmp'
._V0214.bmp,cannot identify image file 'D:\\OIO+\\DATASET_RETINA\\01.Originais\\AMD (Degeneração Macular Relacionada à Idade)\\ADAM\\__MACOSX\\ADAM\\Validation\\Disc_Masks\\._V0214.bmp'
._V0215.bmp,cannot identify image file 'D:\\OIO+\\DATASET_RETINA\\01.Originais\\AMD (Degeneração Macular Relacionada à Idade)\\ADAM\\__MACOSX\\ADAM\\Validation\\Disc_Masks\\._V0215.bmp'
._V0216.bmp,cannot identify image file 'D:\\OIO+\\DATASET_RETINA\\01.Originais\\AMD (Degeneração Macular Relacionada à Idade)\\ADAM\\__MACOSX\\ADAM\\Validation\\Disc_Masks\\._V0216.bmp'
._V0217.bmp,cannot identify image file 'D:\\OIO+\\DATASET_RETINA\\01.Originais\\AMD (Degeneração Macular Relacionada à Idade)\\ADAM\\__MACOSX\\ADAM\\Validation\\Disc_Masks\\._V0217.bmp'
._V0218.bmp,cannot identify image file 'D:\\OIO+\\DATASET_RETINA\\01.Originais\\AMD (Degeneração Macular Relacionada à Idade)\\ADAM\\__MACOSX\\ADAM\\Validation\\Disc_Masks\\._V0218.bmp'
._V0219.bmp,cannot identify image file 'D:\\OIO+\\DATASET_RETINA\\01.Originais\\AMD (Degeneração Macular Relacionada à Idade)\\ADAM\\__MACOSX\\ADAM\\Validation\\Disc_Masks\\._V0219.bmp'
._V0220.bmp,cannot identify image file 'D:\\OIO+\\DATASET_RETINA\\01.Originais\\AMD (Degeneração Macular Relacionada à Idade)\\ADAM\\__MACOSX\\ADAM\\Validation\\Disc_Masks\\._V0220.bmp'
._V0221.bmp,cannot identify image file 'D:\\OIO+\\DATASET_RETINA\\01.Originais\\AMD (Degeneração Macular Relacionada à Idade)\\ADAM\\__MACOSX\\ADAM\\Validation\\Disc_Masks\\._V0221.bmp'
._V0222.bmp,cannot identify image file 'D:\\OIO+\\DATASET_RETINA\\01.Originais\\AMD (Degeneração Macular Relacionada à Idade)\\ADAM\\__MACOSX\\ADAM\\Validation\\Disc_Masks\\._V0222.bmp'
._V0223.bmp,cannot identify image file 'D:\\OIO+\\DATASET_RETINA\\01.Originais\\AMD (Degeneração Macular Relacionada à Idade)\\ADAM\\__MACOSX\\ADAM\\Validation\\Disc_Masks\\._V0223.bmp'
._V0224.bmp,cannot identify image file 'D:\\OIO+\\DATASET_RETINA\\01.Originais\\AMD (Degeneração Macular Relacionada à Idade)\\ADAM\\__MACOSX\\ADAM\\Validation\\Disc_Masks\\._V0224.bmp'
._V0225.bmp,cannot identify image file 'D:\\OIO+\\DATASET_RETINA\\01.Originais\\AMD (Degeneração Macular Relacionada à Idade)\\ADAM\\__MACOSX\\ADAM\\Validation\\Disc_Masks\\._V0225.bmp'
._V0226.bmp,cannot identify image file 'D:\\OIO+\\DATASET_RETINA\\01.Originais\\AMD (Degeneração Macular Relacionada à Idade)\\ADAM\\__MACOSX\\ADAM\\Validation\\Disc_Masks\\._V0226.bmp'
._V0227.bmp,cannot identify image file 'D:\\OIO+\\DATASET_RETINA\\01.Originais\\AMD (Degeneração Macular Relacionada à Idade)\\ADAM\\__MACOSX\\ADAM\\Validation\\Disc_Masks\\._V0227.bmp'
._V0228.bmp,cannot identify image file 'D:\\OIO+\\DATASET_RETINA\\01.Originais\\AMD (Degeneração Macular Relacionada à Idade)\\ADAM\\__MACOSX\\ADAM\\Validation\\Disc_Masks\\._V0228.bmp'
._V0229.bmp,cannot identify image file 'D:\\OIO+\\DATASET_RETINA\\01.Originais\\AMD (Degeneração Macular Relacionada à Idade)\\ADAM\\__MACOSX\\ADAM\\Validation\\Disc_Masks\\._V0229.bmp'
._V0230.bmp,cannot identify image file 'D:\\OIO+\\DATASET_RETINA\\01.Originais\\AMD (Degeneração Macular Relacionada à Idade)\\ADAM\\__MACOSX\\ADAM\\Validation\\Disc_Masks\\._V0230.bmp'
._V0231.bmp,cannot identify image file 'D:\\OIO+\\DATASET_RETINA\\01.Originais\\AMD (Degeneração Macular Relacionada à Idade)\\ADAM\\__MACOSX\\ADAM\\Validation\\Disc_Masks\\._V0231.bmp'
._V0232.bmp,cannot identify image file 'D:\\OIO+\\DATASET_RETINA\\01.Originais\\AMD (Degeneração Macular Relacionada à Idade)\\ADAM\\__MACOSX\\ADAM\\Validation\\Disc_Masks\\._V0232.bmp'
._V0233.bmp,cannot identify image file 'D:\\OIO+\\DATASET_RETINA\\01.Originais\\AMD (Degeneração Macular Relacionada à Idade)\\ADAM\\__MACOSX\\ADAM\\Validation\\Disc_Masks\\._V0233.bmp'
._V0234.bmp,cannot identify image file 'D:\\OIO+\\DATASET_RETINA\\01.Originais\\AMD (Degeneração Macular Relacionada à Idade)\\ADAM\\__MACOSX\\ADAM\\Validation\\Disc_Masks\\._V0234.bmp'
._V0235.bmp,cannot identify image file 'D:\\OIO+\\DATASET_RETINA\\01.Originais\\AMD (Degeneração Macular Relacionada à Idade)\\ADAM\\__MACOSX\\ADAM\\Validation\\Disc_Masks\\._V0235.bmp'
._V0236.bmp,cannot identify image file 'D:\\OIO+\\DATASET_RETINA\\01.Originais\\AMD (Degeneração Macular Relacionada à Idade)\\ADAM\\__MACOSX\\ADAM\\Validation\\Disc_Masks\\._V0236.bmp'
._V0237.bmp,cannot identify image file 'D:\\OIO+\\DATASET_RETINA\\01.Originais\\AMD (Degeneração Macular Relacionada à Idade)\\ADAM\\__MACOSX\\ADAM\\Validation\\Disc_Masks\\._V0237.bmp'
._V0238.bmp,cannot identify image file 'D:\\OIO+\\DATASET_RETINA\\01.Originais\\AMD (Degeneração Macular Relacionada à Idade)\\ADAM\\__MACOSX\\ADAM\\Validation\\Disc_Masks\\._V0238.bmp'
._V0239.bmp,cannot identify image file 'D:\\OIO+\\DATASET_RETINA\\01.Originais\\AMD (Degeneração Macular Relacionada à Idade)\\ADAM\\__MACOSX\\ADAM\\Validation\\Disc_Masks\\._V0239.bmp'
._V0240.bmp,cannot identify image file 'D:\\OIO+\\DATASET_RETINA\\01.Originais\\AMD (Degeneração Macular Relacionada à Idade)\\ADAM\\__MACOSX\\ADAM\\Validation\\Disc_Masks\\._V0240.bmp'
._V0241.bmp,cannot identify image file 'D:\\OIO+\\DATASET_RETINA\\01.Originais\\AMD (Degeneração Macular Relacionada à Idade)\\ADAM\\__MACOSX\\ADAM\\Validation\\Disc_Masks\\._V0241.bmp'
._V0242.bmp,cannot identify image file 'D:\\OIO+\\DATASET_RETINA\\01.Originais\\AMD (Degeneração Macular Relacionada à Idade)\\ADAM\\__MACOSX\\ADAM\\Validation\\Disc_Masks\\._V0242.bmp'
._V0243.bmp,cannot identify image file 'D:\\OIO+\\DATASET_RETINA\\01.Originais\\AMD (Degeneração Macular Relacionada à Idade)\\ADAM\\__MACOSX\\ADAM\\Validation\\Disc_Masks\\._V0243.bmp'
._V0244.bmp,cannot identify image file 'D:\\OIO+\\DATASET_RETINA\\01.Originais\\AMD (Degeneração Macular Relacionada à Idade)\\ADAM\\__MACOSX\\ADAM\\Validation\\Disc_Masks\\._V0244.bmp'
._V0245.bmp,cannot identify image file 'D:\\OIO+\\DATASET_RETINA\\01.Originais\\AMD (Degeneração Macular Relacionada à Idade)\\ADAM\\__MACOSX\\ADAM\\Validation\\Disc_Masks\\._V0245.bmp'
._V0246.bmp,cannot identify image file 'D:\\OIO+\\DATASET_RETINA\\01.Originais\\AMD (Degeneração Macular Relacionada à Idade)\\ADAM\\__MACOSX\\ADAM\\Validation\\Disc_Masks\\._V0246.bmp'
._V0247.bmp,cannot identify image file 'D:\\OIO+\\DATASET_RETINA\\01.Originais\\AMD (Degeneração Macular Relacionada à Idade)\\ADAM\\__MACOSX\\ADAM\\Validation\\Disc_Masks\\._V0247.bmp'
._V0248.bmp,cannot identify image file 'D:\\OIO+\\DATASET_RETINA\\01.Originais\\AMD (Degeneração Macular Relacionada à Idade)\\ADAM\\__MACOSX\\ADAM\\Validation\\Disc_Masks\\._V0248.bmp'
._V0249.bmp,cannot identify image file 'D:\\OIO+\\DATASET_RETINA\\01.Originais\\AMD (Degeneração Macular Relacionada à Idade)\\ADAM\\__MACOSX\\ADAM\\Validation\\Disc_Masks\\._V0249.bmp'
._V0250.bmp,cannot identify image file 'D:\\OIO+\\DATASET_RETINA\\01.Originais\\AMD (Degeneração Macular Relacionada à Idade)\\ADAM\\__MACOSX\\ADAM\\Validation\\Disc_Masks\\._V0250.bmp'
._V0251.bmp,cannot identify image file 'D:\\OIO+\\DATASET_RETINA\\01.Originais\\AMD (Degeneração Macular Relacionada à Idade)\\ADAM\\__MACOSX\\ADAM\\Validation\\Disc_Masks\\._V0251.bmp'
._V0252.bmp,cannot identify image file 'D:\\OIO+\\DATASET_RETINA\\01.Originais\\AMD (Degeneração Macular Relacionada à Idade)\\ADAM\\__MACOSX\\ADAM\\Validation\\Disc_Masks\\._V0252.bmp'
._V0253.bmp,cannot identify image file 'D:\\OIO+\\DATASET_RETINA\\01.Originais\\AMD (Degeneração Macular Relacionada à Idade)\\ADAM\\__MACOSX\\ADAM\\Validation\\Disc_Masks\\._V0253.bmp'
._V0254.bmp,cannot identify image file 'D:\\OIO+\\DATASET_RETINA\\01.Originais\\AMD (Degeneração Macular Relacionada à Idade)\\ADAM\\__MACOSX\\ADAM\\Validation\\Disc_Masks\\._V0254.bmp'
._V0255.bmp,cannot identify image file 'D:\\OIO+\\DATASET_RETINA\\01.Originais\\AMD (Degeneração Macular Relacionada à Idade)\\ADAM\\__MACOSX\\ADAM\\Validation\\Disc_Masks\\._V0255.bmp'
._V0256.bmp,cannot identify image file 'D:\\OIO+\\DATASET_RETINA\\01.Originais\\AMD (Degeneração Macular Relacionada à Idade)\\ADAM\\__MACOSX\\ADAM\\Validation\\Disc_Masks\\._V0256.bmp'
._V0257.bmp,cannot identify image file 'D:\\OIO+\\DATASET_RETINA\\01.Originais\\AMD (Degeneração Macular Relacionada à Idade)\\ADAM\\__MACOSX\\ADAM\\Validation\\Disc_Masks\\._V0257.bmp'
._V0258.bmp,cannot identify image file 'D:\\OIO+\\DATASET_RETINA\\01.Originais\\AMD (Degeneração Macular Relacionada à Idade)\\ADAM\\__MACOSX\\ADAM\\Validation\\Disc_Masks\\._V0258.bmp'
._V0259.bmp,cannot identify image file 'D:\\OIO+\\DATASET_RETINA\\01.Originais\\AMD (Degeneração Macular Relacionada à Idade)\\ADAM\\__MACOSX\\ADAM\\Validation\\Disc_Masks\\._V0259.bmp'
._V0260.bmp,cannot identify image file 'D:\\OIO+\\DATASET_RETINA\\01.Originais\\AMD (Degeneração Macular Relacionada à Idade)\\ADAM\\__MACOSX\\ADAM\\Validation\\Disc_Masks\\._V0260.bmp'
._V0261.bmp,cannot identify image file 'D:\\OIO+\\DATASET_RETINA\\01.Originais\\AMD (Degeneração Macular Relacionada à Idade)\\ADAM\\__MACOSX\\ADAM\\Validation\\Disc_Masks\\._V0261.bmp'
._V0262.bmp,cannot identify image file 'D:\\OIO+\\DATASET_RETINA\\01.Originais\\AMD (Degeneração Macular Relacionada à Idade)\\ADAM\\__MACOSX\\ADAM\\Validation\\Disc_Masks\\._V0262.bmp'
._V0263.bmp,cannot identify image file 'D:\\OIO+\\DATASET_RETINA\\01.Originais\\AMD (Degeneração Macular Relacionada à Idade)\\ADAM\\__MACOSX\\ADAM\\Validation\\Disc_Masks\\._V0263.bmp'
._V0264.bmp,cannot identify image file 'D:\\OIO+\\DATASET_RETINA\\01.Originais\\AMD (Degeneração Macular Relacionada à Idade)\\ADAM\\__MACOSX\\ADAM\\Validation\\Disc_Masks\\._V0264.bmp'
._V0265.bmp,cannot identify image file 'D:\\OIO+\\DATASET_RETINA\\01.Originais\\AMD (Degeneração Macular Relacionada à Idade)\\ADAM\\__MACOSX\\ADAM\\Validation\\Disc_Masks\\._V0265.bmp'
._V0266.bmp,cannot identify image file 'D:\\OIO+\\DATASET_RETINA\\01.Originais\\AMD (Degeneração Macular Relacionada à Idade)\\ADAM\\__MACOSX\\ADAM\\Validation\\Disc_Masks\\._V0266.bmp'
._V0267.bmp,cannot identify image file 'D:\\OIO+\\DATASET_RETINA\\01.Originais\\AMD (Degeneração Macular Relacionada à Idade)\\ADAM\\__MACOSX\\ADAM\\Validation\\Disc_Masks\\._V0267.bmp'
._V0268.bmp,cannot identify image file 'D:\\OIO+\\DATASET_RETINA\\01.Originais\\AMD (Degeneração Macular Relacionada à Idade)\\ADAM\\__MACOSX\\ADAM\\Validation\\Disc_Masks\\._V0268.bmp'
._V0269.bmp,cannot identify image file 'D:\\OIO+\\DATASET_RETINA\\01.Originais\\AMD (Degeneração Macular Relacionada à Idade)\\ADAM\\__MACOSX\\ADAM\\Validation\\Disc_Masks\\._V0269.bmp'
._V0270.bmp,cannot identify image file 'D:\\OIO+\\DATASET_RETINA\\01.Originais\\AMD (Degeneração Macular Relacionada à Idade)\\ADAM\\__MACOSX\\ADAM\\Validation\\Disc_Masks\\._V0270.bmp'
._V0271.bmp,cannot identify image file 'D:\\OIO+\\DATASET_RETINA\\01.Originais\\AMD (Degeneração Macular Relacionada à Idade)\\ADAM\\__MACOSX\\ADAM\\Validation\\Disc_Masks\\._V0271.bmp'
._V0272.bmp,cannot identify image file 'D:\\OIO+\\DATASET_RETINA\\01.Originais\\AMD (Degeneração Macular Relacionada à Idade)\\ADAM\\__MACOSX\\ADAM\\Validation\\Disc_Masks\\._V0272.bmp'
._V0273.bmp,cannot identify image file 'D:\\OIO+\\DATASET_RETINA\\01.Originais\\AMD (Degeneração Macular Relacionada à Idade)\\ADAM\\__MACOSX\\ADAM\\Validation\\Disc_Masks\\._V0273.bmp'
._V0274.bmp,cannot identify image file 'D:\\OIO+\\DATASET_RETINA\\01.Originais\\AMD (Degeneração Macular Relacionada à Idade)\\ADAM\\__MACOSX\\ADAM\\Validation\\Disc_Masks\\._V0274.bmp'
._V0275.bmp,cannot identify image file 'D:\\OIO+\\DATASET_RETINA\\01.Originais\\AMD (Degeneração Macular Relacionada à Idade)\\ADAM\\__MACOSX\\ADAM\\Validation\\Disc_Masks\\._V0275.bmp'
._V0276.bmp,cannot identify image file 'D:\\OIO+\\DATASET_RETINA\\01.Originais\\AMD (Degeneração Macular Relacionada à Idade)\\ADAM\\__MACOSX\\ADAM\\Validation\\Disc_Masks\\._V0276.bmp'
._V0277.bmp,cannot identify image file 'D:\\OIO+\\DATASET_RETINA\\01.Originais\\AMD (Degeneração Macular Relacionada à Idade)\\ADAM\\__MACOSX\\ADAM\\Validation\\Disc_Masks\\._V0277.bmp'
._V0278.bmp,cannot identify image file 'D:\\OIO+\\DATASET_RETINA\\01.Originais\\AMD (Degeneração Macular Relacionada à Idade)\\ADAM\\__MACOSX\\ADAM\\Validation\\Disc_Masks\\._V0278.bmp'
._V0279.bmp,cannot identify image file 'D:\\OIO+\\DATASET_RETINA\\01.Originais\\AMD (Degeneração Macular Relacionada à Idade)\\ADAM\\__MACOSX\\ADAM\\Validation\\Disc_Masks\\._V0279.bmp'
._V0280.bmp,cannot identify image file 'D:\\OIO+\\DATASET_RETINA\\01.Originais\\AMD (Degeneração Macular Relacionada à Idade)\\ADAM\\__MACOSX\\ADAM\\Validation\\Disc_Masks\\._V0280.bmp'
._V0281.bmp,cannot identify image file 'D:\\OIO+\\DATASET_RETINA\\01.Originais\\AMD (Degeneração Macular Relacionada à Idade)\\ADAM\\__MACOSX\\ADAM\\Validation\\Disc_Masks\\._V0281.bmp'
._V0282.bmp,cannot identify image file 'D:\\OIO+\\DATASET_RETINA\\01.Originais\\AMD (Degeneração Macular Relacionada à Idade)\\ADAM\\__MACOSX\\ADAM\\Validation\\Disc_Masks\\._V0282.bmp'
._V0283.bmp,cannot identify image file 'D:\\OIO+\\DATASET_RETINA\\01.Originais\\AMD (Degeneração Macular Relacionada à Idade)\\ADAM\\__MACOSX\\ADAM\\Validation\\Disc_Masks\\._V0283.bmp'
._V0284.bmp,cannot identify image file 'D:\\OIO+\\DATASET_RETINA\\01.Originais\\AMD (Degeneração Macular Relacionada à Idade)\\ADAM\\__MACOSX\\ADAM\\Validation\\Disc_Masks\\._V0284.bmp'
._V0285.bmp,cannot identify image file 'D:\\OIO+\\DATASET_RETINA\\01.Originais\\AMD (Degeneração Macular Relacionada à Idade)\\ADAM\\__MACOSX\\ADAM\\Validation\\Disc_Masks\\._V0285.bmp'
._V0286.bmp,cannot identify image file 'D:\\OIO+\\DATASET_RETINA\\01.Originais\\AMD (Degeneração Macular Relacionada à Idade)\\ADAM\\__MACOSX\\ADAM\\Validation\\Disc_Masks\\._V0286.bmp'
._V0287.bmp,cannot identify image file 'D:\\OIO+\\DATASET_RETINA\\01.Originais\\AMD (Degeneração Macular Relacionada à Idade)\\ADAM\\__MACOSX\\ADAM\\Validation\\Disc_Masks\\._V0287.bmp'
._V0288.bmp,cannot identify image file 'D:\\OIO+\\DATASET_RETINA\\01.Originais\\AMD (Degeneração Macular Relacionada à Idade)\\ADAM\\__MACOSX\\ADAM\\Validation\\Disc_Masks\\._V0288.bmp'
._V0289.bmp,cannot identify image file 'D:\\OIO+\\DATASET_RETINA\\01.Originais\\AMD (Degeneração Macular Relacionada à Idade)\\ADAM\\__MACOSX\\ADAM\\Validation\\Disc_Masks\\._V0289.bmp'
._V0290.bmp,cannot identify image file 'D:\\OIO+\\DATASET_RETINA\\01.Originais\\AMD (Degeneração Macular Relacionada à Idade)\\ADAM\\__MACOSX\\ADAM\\Validation\\Disc_Masks\\._V0290.bmp'
._V0291.bmp,cannot identify image file 'D:\\OIO+\\DATASET_RETINA\\01.Originais\\AMD (Degeneração Macular Relacionada à Idade)\\ADAM\\__MACOSX\\ADAM\\Validation\\Disc_Masks\\._V0291.bmp'
._V0292.bmp,cannot identify image file 'D:\\OIO+\\DATASET_RETINA\\01.Originais\\AMD (Degeneração Macular Relacionada à Idade)\\ADAM\\__MACOSX\\ADAM\\Validation\\Disc_Masks\\._V0292.bmp'
._V0293.bmp,cannot identify image file 'D:\\OIO+\\DATASET_RETINA\\01.Originais\\AMD (Degeneração Macular Relacionada à Idade)\\ADAM\\__MACOSX\\ADAM\\Validation\\Disc_Masks\\._V0293.bmp'
._V0294.bmp,cannot identify image file 'D:\\OIO+\\DATASET_RETINA\\01.Originais\\AMD (Degeneração Macular Relacionada à Idade)\\ADAM\\__MACOSX\\ADAM\\Validation\\Disc_Masks\\._V0294.bmp'
._V0295.bmp,cannot identify image file 'D:\\OIO+\\DATASET_RETINA\\01.Originais\\AMD (Degeneração Macular Relacionada à Idade)\\ADAM\\__MACOSX\\ADAM\\Validation\\Disc_Masks\\._V0295.bmp'
._V0296.bmp,cannot identify image file 'D:\\OIO+\\DATASET_RETINA\\01.Originais\\AMD (Degeneração Macular Relacionada à Idade)\\ADAM\\__MACOSX\\ADAM\\Validation\\Disc_Masks\\._V0296.bmp'
._V0297.bmp,cannot identify image file 'D:\\OIO+\\DATASET_RETINA\\01.Originais\\AMD (Degeneração Macular Relacionada à Idade)\\ADAM\\__MACOSX\\ADAM\\Validation\\Disc_Masks\\._V0297.bmp'
._V0298.bmp,cannot identify image file 'D:\\OIO+\\DATASET_RETINA\\01.Originais\\AMD (Degeneração Macular Relacionada à Idade)\\ADAM\\__MACOSX\\ADAM\\Validation\\Disc_Masks\\._V0298.bmp'
._V0299.bmp,cannot identify image file 'D:\\OIO+\\DATASET_RETINA\\01.Originais\\AMD (Degeneração Macular Relacionada à Idade)\\ADAM\\__MACOSX\\ADAM\\Validation\\Disc_Masks\\._V0299.bmp'
._V0300.bmp,cannot identify image file 'D:\\OIO+\\DATASET_RETINA\\01.Originais\\AMD (Degeneração Macular Relacionada à Idade)\\ADAM\\__MACOSX\\ADAM\\Validation\\Disc_Masks\\._V0300.bmp'
._V0301.bmp,cannot identify image file 'D:\\OIO+\\DATASET_RETINA\\01.Originais\\AMD (Degeneração Macular Relacionada à Idade)\\ADAM\\__MACOSX\\ADAM\\Validation\\Disc_Masks\\._V0301.bmp'
._V0302.bmp,cannot identify image file 'D:\\OIO+\\DATASET_RETINA\\01.Originais\\AMD (Degeneração Macular Relacionada à Idade)\\ADAM\\__MACOSX\\ADAM\\Validation\\Disc_Masks\\._V0302.bmp'
._V0303.bmp,cannot identify image file 'D:\\OIO+\\DATASET_RETINA\\01.Originais\\AMD (Degeneração Macular Relacionada à Idade)\\ADAM\\__MACOSX\\ADAM\\Validation\\Disc_Masks\\._V0303.bmp'
._V0304.bmp,cannot identify image file 'D:\\OIO+\\DATASET_RETINA\\01.Originais\\AMD (Degeneração Macular Relacionada à Idade)\\ADAM\\__MACOSX\\ADAM\\Validation\\Disc_Masks\\._V0304.bmp'
._V0305.bmp,cannot identify image file 'D:\\OIO+\\DATASET_RETINA\\01.Originais\\AMD (Degeneração Macular Relacionada à Idade)\\ADAM\\__MACOSX\\ADAM\\Validation\\Disc_Masks\\._V0305.bmp'
._V0306.bmp,cannot identify image file 'D:\\OIO+\\DATASET_RETINA\\01.Originais\\AMD (Degeneração Macular Relacionada à Idade)\\ADAM\\__MACOSX\\ADAM\\Validation\\Disc_Masks\\._V0306.bmp'
._V0307.bmp,cannot identify image file 'D:\\OIO+\\DATASET_RETINA\\01.Originais\\AMD (Degeneração Macular Relacionada à Idade)\\ADAM\\__MACOSX\\ADAM\\Validation\\Disc_Masks\\._V0307.bmp'
._V0308.bmp,cannot identify image file 'D:\\OIO+\\DATASET_RETINA\\01.Originais\\AMD (Degeneração Macular Relacionada à Idade)\\ADAM\\__MACOSX\\ADAM\\Validation\\Disc_Masks\\._V0308.bmp'
._V0309.bmp,cannot identify image file 'D:\\OIO+\\DATASET_RETINA\\01.Originais\\AMD (Degeneração Macular Relacionada à Idade)\\ADAM\\__MACOSX\\ADAM\\Validation\\Disc_Masks\\._V0309.bmp'
._V0310.bmp,cannot identify image file 'D:\\OIO+\\DATASET_RETINA\\01.Originais\\AMD (Degeneração Macular Relacionada à Idade)\\ADAM\\__MACOSX\\ADAM\\Validation\\Disc_Masks\\._V0310.bmp'
._V0311.bmp,cannot identify image file 'D:\\OIO+\\DATASET_RETINA\\01.Originais\\AMD (Degeneração Macular Relacionada à Idade)\\ADAM\\__MACOSX\\ADAM\\Validation\\Disc_Masks\\._V0311.bmp'
._V0312.bmp,cannot identify image file 'D:\\OIO+\\DATASET_RETINA\\01.Originais\\AMD (Degeneração Macular Relacionada à Idade)\\ADAM\\__MACOSX\\ADAM\\Validation\\Disc_Masks\\._V0312.bmp'
._V0313.bmp,cannot identify image file 'D:\\OIO+\\DATASET_RETINA\\01.Originais\\AMD (Degeneração Macular Relacionada à Idade)\\ADAM\\__MACOSX\\ADAM\\Validation\\Disc_Masks\\._V0313.bmp'
._V0314.bmp,cannot identify image file 'D:\\OIO+\\DATASET_RETINA\\01.Originais\\AMD (Degeneração Macular Relacionada à Idade)\\ADAM\\__MACOSX\\ADAM\\Validation\\Disc_Masks\\._V0314.bmp'
._V0315.bmp,cannot identify image file 'D:\\OIO+\\DATASET_RETINA\\01.Originais\\AMD (Degeneração Macular Relacionada à Idade)\\ADAM\\__MACOSX\\ADAM\\Validation\\Disc_Masks\\._V0315.bmp'
._V0316.bmp,cannot identify image file 'D:\\OIO+\\DATASET_RETINA\\01.Originais\\AMD (Degeneração Macular Relacionada à Idade)\\ADAM\\__MACOSX\\ADAM\\Validation\\Disc_Masks\\._V0316.bmp'
._V0317.bmp,cannot identify image file 'D:\\OIO+\\DATASET_RETINA\\01.Originais\\AMD (Degeneração Macular Relacionada à Idade)\\ADAM\\__MACOSX\\ADAM\\Validation\\Disc_Masks\\._V0317.bmp'
._V0318.bmp,cannot identify image file 'D:\\OIO+\\DATASET_RETINA\\01.Originais\\AMD (Degeneração Macular Relacionada à Idade)\\ADAM\\__MACOSX\\ADAM\\Validation\\Disc_Masks\\._V0318.bmp'
._V0319.bmp,cannot identify image file 'D:\\OIO+\\DATASET_RETINA\\01.Originais\\AMD (Degeneração Macular Relacionada à Idade)\\ADAM\\__MACOSX\\ADAM\\Validation\\Disc_Masks\\._V0319.bmp'
._V0320.bmp,cannot identify image file 'D:\\OIO+\\DATASET_RETINA\\01.Originais\\AMD (Degeneração Macular Relacionada à Idade)\\ADAM\\__MACOSX\\ADAM\\Validation\\Disc_Masks\\._V0320.bmp'
._V0321.bmp,cannot identify image file 'D:\\OIO+\\DATASET_RETINA\\01.Originais\\AMD (Degeneração Macular Relacionada à Idade)\\ADAM\\__MACOSX\\ADAM\\Validation\\Disc_Masks\\._V0321.bmp'
._V0322.bmp,cannot identify image file 'D:\\OIO+\\DATASET_RETINA\\01.Originais\\AMD (Degeneração Macular Relacionada à Idade)\\ADAM\\__MACOSX\\ADAM\\Validation\\Disc_Masks\\._V0322.bmp'
._V0323.bmp,cannot identify image file 'D:\\OIO+\\DATASET_RETINA\\01.Originais\\AMD (Degeneração Macular Relacionada à Idade)\\ADAM\\__MACOSX\\ADAM\\Validation\\Disc_Masks\\._V0323.bmp'
._V0324.bmp,cannot identify image file 'D:\\OIO+\\DATASET_RETINA\\01.Originais\\AMD (Degeneração Macular Relacionada à Idade)\\ADAM\\__MACOSX\\ADAM\\Validation\\Disc_Masks\\._V0324.bmp'
._V0325.bmp,cannot identify image file 'D:\\OIO+\\DATASET_RETINA\\01.Originais\\AMD (Degeneração Macular Relacionada à Idade)\\ADAM\\__MACOSX\\ADAM\\Validation\\Disc_Masks\\._V0325.bmp'
._V0326.bmp,cannot identify image file 'D:\\OIO+\\DATASET_RETINA\\01.Originais\\AMD (Degeneração Macular Relacionada à Idade)\\ADAM\\__MACOSX\\ADAM\\Validation\\Disc_Masks\\._V0326.bmp'
._V0327.bmp,cannot identify image file 'D:\\OIO+\\DATASET_RETINA\\01.Originais\\AMD (Degeneração Macular Relacionada à Idade)\\ADAM\\__MACOSX\\ADAM\\Validation\\Disc_Masks\\._V0327.bmp'
._V0328.bmp,cannot identify image file 'D:\\OIO+\\DATASET_RETINA\\01.Originais\\AMD (Degeneração Macular Relacionada à Idade)\\ADAM\\__MACOSX\\ADAM\\Validation\\Disc_Masks\\._V0328.bmp'
._V0329.bmp,cannot identify image file 'D:\\OIO+\\DATASET_RETINA\\01.Originais\\AMD (Degeneração Macular Relacionada à Idade)\\ADAM\\__MACOSX\\ADAM\\Validation\\Disc_Masks\\._V0329.bmp'
._V0330.bmp,cannot identify image file 'D:\\OIO+\\DATASET_RETINA\\01.Originais\\AMD (Degeneração Macular Relacionada à Idade)\\ADAM\\__MACOSX\\ADAM\\Validation\\Disc_Masks\\._V0330.bmp'
._V0331.bmp,cannot identify image file 'D:\\OIO+\\DATASET_RETINA\\01.Originais\\AMD (Degeneração Macular Relacionada à Idade)\\ADAM\\__MACOSX\\ADAM\\Validation\\Disc_Masks\\._V0331.bmp'
._V0332.bmp,cannot identify image file 'D:\\OIO+\\DATASET_RETINA\\01.Originais\\AMD (Degeneração Macular Relacionada à Idade)\\ADAM\\__MACOSX\\ADAM\\Validation\\Disc_Masks\\._V0332.bmp'
._V0333.bmp,cannot identify image file 'D:\\OIO+\\DATASET_RETINA\\01.Originais\\AMD (Degeneração Macular Relacionada à Idade)\\ADAM\\__MACOSX\\ADAM\\Validation\\Disc_Masks\\._V0333.bmp'
._V0334.bmp,cannot identify image file 'D:\\OIO+\\DATASET_RETINA\\01.Originais\\AMD (Degeneração Macular Relacionada à Idade)\\ADAM\\__MACOSX\\ADAM\\Validation\\Disc_Masks\\._V0334.bmp'
._V0335.bmp,cannot identify image file 'D:\\OIO+\\DATASET_RETINA\\01.Originais\\AMD (Degeneração Macular Relacionada à Idade)\\ADAM\\__MACOSX\\ADAM\\Validation\\Disc_Masks\\._V0335.bmp'
._V0336.bmp,cannot identify image file 'D:\\OIO+\\DATASET_RETINA\\01.Originais\\AMD (Degeneração Macular Relacionada à Idade)\\ADAM\\__MACOSX\\ADAM\\Validation\\Disc_Masks\\._V0336.bmp'
._V0337.bmp,cannot identify image file 'D:\\OIO+\\DATASET_RETINA\\01.Originais\\AMD (Degeneração Macular Relacionada à Idade)\\ADAM\\__MACOSX\\ADAM\\Validation\\Disc_Masks\\._V0337.bmp'
._V0338.bmp,cannot identify image file 'D:\\OIO+\\DATASET_RETINA\\01.Originais\\AMD (Degeneração Macular Relacionada à Idade)\\ADAM\\__MACOSX\\ADAM\\Validation\\Disc_Masks\\._V0338.bmp'
._V0339.bmp,cannot identify image file 'D:\\OIO+\\DATASET_RETINA\\01.Originais\\AMD (Degeneração Macular Relacionada à Idade)\\ADAM\\__MACOSX\\ADAM\\Validation\\Disc_Masks\\._V0339.bmp'
._V0340.bmp,cannot identify image file 'D:\\OIO+\\DATASET_RETINA\\01.Originais\\AMD (Degeneração Macular Relacionada à Idade)\\ADAM\\__MACOSX\\ADAM\\Validation\\Disc_Masks\\._V0340.bmp'
._V0341.bmp,cannot identify image file 'D:\\OIO+\\DATASET_RETINA\\01.Originais\\AMD (Degeneração Macular Relacionada à Idade)\\ADAM\\__MACOSX\\ADAM\\Validation\\Disc_Masks\\._V0341.bmp'
._V0342.bmp,cannot identify image file 'D:\\OIO+\\DATASET_RETINA\\01.Originais\\AMD (Degeneração Macular Relacionada à Idade)\\ADAM\\__MACOSX\\ADAM\\Validation\\Disc_Masks\\._V0342.bmp'
._V0343.bmp,cannot identify image file 'D:\\OIO+\\DATASET_RETINA\\01.Originais\\AMD (Degeneração Macular Relacionada à Idade)\\ADAM\\__MACOSX\\ADAM\\Validation\\Disc_Masks\\._V0343.bmp'
._V0344.bmp,cannot identify image file 'D:\\OIO+\\DATASET_RETINA\\01.Originais\\AMD (Degeneração Macular Relacionada à Idade)\\ADAM\\__MACOSX\\ADAM\\Validation\\Disc_Masks\\._V0344.bmp'
._V0345.bmp,cannot identify image file 'D:\\OIO+\\DATASET_RETINA\\01.Originais\\AMD (Degeneração Macular Relacionada à Idade)\\ADAM\\__MACOSX\\ADAM\\Validation\\Disc_Masks\\._V0345.bmp'
._V0346.bmp,cannot identify image file 'D:\\OIO+\\DATASET_RETINA\\01.Originais\\AMD (Degeneração Macular Relacionada à Idade)\\ADAM\\__MACOSX\\ADAM\\Validation\\Disc_Masks\\._V0346.bmp'
._V0347.bmp,cannot identify image file 'D:\\OIO+\\DATASET_RETINA\\01.Originais\\AMD (Degeneração Macular Relacionada à Idade)\\ADAM\\__MACOSX\\ADAM\\Validation\\Disc_Masks\\._V0347.bmp'
._V0348.bmp,cannot identify image file 'D:\\OIO+\\DATASET_RETINA\\01.Originais\\AMD (Degeneração Macular Relacionada à Idade)\\ADAM\\__MACOSX\\ADAM\\Validation\\Disc_Masks\\._V0348.bmp'
._V0349.bmp,cannot identify image file 'D:\\OIO+\\DATASET_RETINA\\01.Originais\\AMD (Degeneração Macular Relacionada à Idade)\\ADAM\\__MACOSX\\ADAM\\Validation\\Disc_Masks\\._V0349.bmp'
._V0350.bmp,cannot identify image file 'D:\\OIO+\\DATASET_RETINA\\01.Originais\\AMD (Degeneração Macular Relacionada à Idade)\\ADAM\\__MACOSX\\ADAM\\Validation\\Disc_Masks\\._V0350.bmp'
._V0351.bmp,cannot identify image file 'D:\\OIO+\\DATASET_RETINA\\01.Originais\\AMD (Degeneração Macular Relacionada à Idade)\\ADAM\\__MACOSX\\ADAM\\Validation\\Disc_Masks\\._V0351.bmp'
._V0352.bmp,cannot identify image file 'D:\\OIO+\\DATASET_RETINA\\01.Originais\\AMD (Degeneração Macular Relacionada à Idade)\\ADAM\\__MACOSX\\ADAM\\Validation\\Disc_Masks\\._V0352.bmp'
._V0353.bmp,cannot identify image file 'D:\\OIO+\\DATASET_RETINA\\01.Originais\\AMD (Degeneração Macular Relacionada à Idade)\\ADAM\\__MACOSX\\ADAM\\Validation\\Disc_Masks\\._V0353.bmp'
._V0354.bmp,cannot identify image file 'D:\\OIO+\\DATASET_RETINA\\01.Originais\\AMD (Degeneração Macular Relacionada à Idade)\\ADAM\\__MACOSX\\ADAM\\Validation\\Disc_Masks\\._V0354.bmp'
._V0355.bmp,cannot identify image file 'D:\\OIO+\\DATASET_RETINA\\01.Originais\\AMD (Degeneração Macular Relacionada à Idade)\\ADAM\\__MACOSX\\ADAM\\Validation\\Disc_Masks\\._V0355.bmp'
._V0356.bmp,cannot identify image file 'D:\\OIO+\\DATASET_RETINA\\01.Originais\\AMD (Degeneração Macular Relacionada à Idade)\\ADAM\\__MACOSX\\ADAM\\Validation\\Disc_Masks\\._V0356.bmp'
._V0357.bmp,cannot identify image file 'D:\\OIO+\\DATASET_RETINA\\01.Originais\\AMD (Degeneração Macular Relacionada à Idade)\\ADAM\\__MACOSX\\ADAM\\Validation\\Disc_Masks\\._V0357.bmp'
._V0358.bmp,cannot identify image file 'D:\\OIO+\\DATASET_RETINA\\01.Originais\\AMD (Degeneração Macular Relacionada à Idade)\\ADAM\\__MACOSX\\ADAM\\Validation\\Disc_Masks\\._V0358.bmp'
._V0359.bmp,cannot identify image file 'D:\\OIO+\\DATASET_RETINA\\01.Originais\\AMD (Degeneração Macular Relacionada à Idade)\\ADAM\\__MACOSX\\ADAM\\Validation\\Disc_Masks\\._V0359.bmp'
._V0360.bmp,cannot identify image file 'D:\\OIO+\\DATASET_RETINA\\01.Originais\\AMD (Degeneração Macular Relacionada à Idade)\\ADAM\\__MACOSX\\ADAM\\Validation\\Disc_Masks\\._V0360.bmp'
._V0361.bmp,cannot identify image file 'D:\\OIO+\\DATASET_RETINA\\01.Originais\\AMD (Degeneração Macular Relacionada à Idade)\\ADAM\\__MACOSX\\ADAM\\Validation\\Disc_Masks\\._V0361.bmp'
._V0362.bmp,cannot identify image file 'D:\\OIO+\\DATASET_RETINA\\01.Originais\\AMD (Degeneração Macular Relacionada à Idade)\\ADAM\\__MACOSX\\ADAM\\Validation\\Disc_Masks\\._V0362.bmp'
._V0363.bmp,cannot identify image file 'D:\\OIO+\\DATASET_RETINA\\01.Originais\\AMD (Degeneração Macular Relacionada à Idade)\\ADAM\\__MACOSX\\ADAM\\Validation\\Disc_Masks\\._V0363.bmp'
._V0364.bmp,cannot identify image file 'D:\\OIO+\\DATASET_RETINA\\01.Originais\\AMD (Degeneração Macular Relacionada à Idade)\\ADAM\\__MACOSX\\ADAM\\Validation\\Disc_Masks\\._V0364.bmp'
._V0365.bmp,cannot identify image file 'D:\\OIO+\\DATASET_RETINA\\01.Originais\\AMD (Degeneração Macular Relacionada à Idade)\\ADAM\\__MACOSX\\ADAM\\Validation\\Disc_Masks\\._V0365.bmp'
._V0366.bmp,cannot identify image file 'D:\\OIO+\\DATASET_RETINA\\01.Originais\\AMD (Degeneração Macular Relacionada à Idade)\\ADAM\\__MACOSX\\ADAM\\Validation\\Disc_Masks\\._V0366.bmp'
._V0367.bmp,cannot identify image file 'D:\\OIO+\\DATASET_RETINA\\01.Originais\\AMD (Degeneração Macular Relacionada à Idade)\\ADAM\\__MACOSX\\ADAM\\Validation\\Disc_Masks\\._V0367.bmp'
._V0368.bmp,cannot identify image file 'D:\\OIO+\\DATASET_RETINA\\01.Originais\\AMD (Degeneração Macular Relacionada à Idade)\\ADAM\\__MACOSX\\ADAM\\Validation\\Disc_Masks\\._V0368.bmp'
._V0369.bmp,cannot identify image file 'D:\\OIO+\\DATASET_RETINA\\01.Originais\\AMD (Degeneração Macular Relacionada à Idade)\\ADAM\\__MACOSX\\ADAM\\Validation\\Disc_Masks\\._V0369.bmp'
._V0370.bmp,cannot identify image file 'D:\\OIO+\\DATASET_RETINA\\01.Originais\\AMD (Degeneração Macular Relacionada à Idade)\\ADAM\\__MACOSX\\ADAM\\Validation\\Disc_Masks\\._V0370.bmp'
._V0371.bmp,cannot identify image file 'D:\\OIO+\\DATASET_RETINA\\01.Originais\\AMD (Degeneração Macular Relacionada à Idade)\\ADAM\\__MACOSX\\ADAM\\Validation\\Disc_Masks\\._V0371.bmp'
._V0372.bmp,cannot identify image file 'D:\\OIO+\\DATASET_RETINA\\01.Originais\\AMD (Degeneração Macular Relacionada à Idade)\\ADAM\\__MACOSX\\ADAM\\Validation\\Disc_Masks\\._V0372.bmp'
._V0373.bmp,cannot identify image file 'D:\\OIO+\\DATASET_RETINA\\01.Originais\\AMD (Degeneração Macular Relacionada à Idade)\\ADAM\\__MACOSX\\ADAM\\Validation\\Disc_Masks\\._V0373.bmp'
._V0374.bmp,cannot identify image file 'D:\\OIO+\\DATASET_RETINA\\01.Originais\\AMD (Degeneração Macular Relacionada à Idade)\\ADAM\\__MACOSX\\ADAM\\Validation\\Disc_Masks\\._V0374.bmp'
._V0375.bmp,cannot identify image file 'D:\\OIO+\\DATASET_RETINA\\01.Originais\\AMD (Degeneração Macular Relacionada à Idade)\\ADAM\\__MACOSX\\ADAM\\Validation\\Disc_Masks\\._V0375.bmp'
._V0376.bmp,cannot identify image file 'D:\\OIO+\\DATASET_RETINA\\01.Originais\\AMD (Degeneração Macular Relacionada à Idade)\\ADAM\\__MACOSX\\ADAM\\Validation\\Disc_Masks\\._V0376.bmp'
._V0377.bmp,cannot identify image file 'D:\\OIO+\\DATASET_RETINA\\01.Originais\\AMD (Degeneração Macular Relacionada à Idade)\\ADAM\\__MACOSX\\ADAM\\Validation\\Disc_Masks\\._V0377.bmp'
._V0378.bmp,cannot identify image file 'D:\\OIO+\\DATASET_RETINA\\01.Originais\\AMD (Degeneração Macular Relacionada à Idade)\\ADAM\\__MACOSX\\ADAM\\Validation\\Disc_Masks\\._V0378.bmp'
._V0379.bmp,cannot identify image file 'D:\\OIO+\\DATASET_RETINA\\01.Originais\\AMD (Degeneração Macular Relacionada à Idade)\\ADAM\\__MACOSX\\ADAM\\Validation\\Disc_Masks\\._V0379.bmp'
._V0380.bmp,cannot identify image file 'D:\\OIO+\\DATASET_RETINA\\01.Originais\\AMD (Degeneração Macular Relacionada à Idade)\\ADAM\\__MACOSX\\ADAM\\Validation\\Disc_Masks\\._V0380.bmp'
._V0381.bmp,cannot identify image file 'D:\\OIO+\\DATASET_RETINA\\01.Originais\\AMD (Degeneração Macular Relacionada à Idade)\\ADAM\\__MACOSX\\ADAM\\Validation\\Disc_Masks\\._V0381.bmp'
._V0382.bmp,cannot identify image file 'D:\\OIO+\\DATASET_RETINA\\01.Originais\\AMD (Degeneração Macular Relacionada à Idade)\\ADAM\\__MACOSX\\ADAM\\Validation\\Disc_Masks\\._V0382.bmp'
._V0383.bmp,cannot identify image file 'D:\\OIO+\\DATASET_RETINA\\01.Originais\\AMD (Degeneração Macular Relacionada à Idade)\\ADAM\\__MACOSX\\ADAM\\Validation\\Disc_Masks\\._V0383.bmp'
._V0384.bmp,cannot identify image file 'D:\\OIO+\\DATASET_RETINA\\01.Originais\\AMD (Degeneração Macular Relacionada à Idade)\\ADAM\\__MACOSX\\ADAM\\Validation\\Disc_Masks\\._V0384.bmp'
._V0385.bmp,cannot identify image file 'D:\\OIO+\\DATASET_RETINA\\01.Originais\\AMD (Degeneração Macular Relacionada à Idade)\\ADAM\\__MACOSX\\ADAM\\Validation\\Disc_Masks\\._V0385.bmp'
._V0386.bmp,cannot identify image file 'D:\\OIO+\\DATASET_RETINA\\01.Originais\\AMD (Degeneração Macular Relacionada à Idade)\\ADAM\\__MACOSX\\ADAM\\Validation\\Disc_Masks\\._V0386.bmp'
._V0387.bmp,cannot identify image file 'D:\\OIO+\\DATASET_RETINA\\01.Originais\\AMD (Degeneração Macular Relacionada à Idade)\\ADAM\\__MACOSX\\ADAM\\Validation\\Disc_Masks\\._V0387.bmp'
._V0388.bmp,cannot identify image file 'D:\\OIO+\\DATASET_RETINA\\01.Originais\\AMD (Degeneração Macular Relacionada à Idade)\\ADAM\\__MACOSX\\ADAM\\Validation\\Disc_Masks\\._V0388.bmp'
._V0389.bmp,cannot identify image file 'D:\\OIO+\\DATASET_RETINA\\01.Originais\\AMD (Degeneração Macular Relacionada à Idade)\\ADAM\\__MACOSX\\ADAM\\Validation\\Disc_Masks\\._V0389.bmp'
._V0390.bmp,cannot identify image file 'D:\\OIO+\\DATASET_RETINA\\01.Originais\\AMD (Degeneração Macular Relacionada à Idade)\\ADAM\\__MACOSX\\ADAM\\Validation\\Disc_Masks\\._V0390.bmp'
._V0391.bmp,cannot identify image file 'D:\\OIO+\\DATASET_RETINA\\01.Originais\\AMD (Degeneração Macular Relacionada à Idade)\\ADAM\\__MACOSX\\ADAM\\Validation\\Disc_Masks\\._V0391.bmp'
._V0392.bmp,cannot identify image file 'D:\\OIO+\\DATASET_RETINA\\01.Originais\\AMD (Degeneração Macular Relacionada à Idade)\\ADAM\\__MACOSX\\ADAM\\Validation\\Disc_Masks\\._V0392.bmp'
._V0393.bmp,cannot identify image file 'D:\\OIO+\\DATASET_RETINA\\01.Originais\\AMD (Degeneração Macular Relacionada à Idade)\\ADAM\\__MACOSX\\ADAM\\Validation\\Disc_Masks\\._V0393.bmp'
._V0394.bmp,cannot identify image file 'D:\\OIO+\\DATASET_RETINA\\01.Originais\\AMD (Degeneração Macular Relacionada à Idade)\\ADAM\\__MACOSX\\ADAM\\Validation\\Disc_Masks\\._V0394.bmp'
._V0395.bmp,cannot identify image file 'D:\\OIO+\\DATASET_RETINA\\01.Originais\\AMD (Degeneração Macular Relacionada à Idade)\\ADAM\\__MACOSX\\ADAM\\Validation\\Disc_Masks\\._V0395.bmp'
._V0396.bmp,cannot identify image file 'D:\\OIO+\\DATASET_RETINA\\01.Originais\\AMD (Degeneração Macular Relacionada à Idade)\\ADAM\\__MACOSX\\ADAM\\Validation\\Disc_Masks\\._V0396.bmp'
._V0397.bmp,cannot identify image file 'D:\\OIO+\\DATASET_RETINA\\01.Originais\\AMD (Degeneração Macular Relacionada à Idade)\\ADAM\\__MACOSX\\ADAM\\Validation\\Disc_Masks\\._V0397.bmp'
._V0398.bmp,cannot identify image file 'D:\\OIO+\\DATASET_RETINA\\01.Originais\\AMD (Degeneração Macular Relacionada à Idade)\\ADAM\\__MACOSX\\ADAM\\Validation\\Disc_Masks\\._V0398.bmp'
._V0399.bmp,cannot identify image file 'D:\\OIO+\\DATASET_RETINA\\01.Originais\\AMD (Degeneração Macular Relacionada à Idade)\\ADAM\\__MACOSX\\ADAM\\Validation\\Disc_Masks\\._V0399.bmp'
._V0400.bmp,cannot identify image file 'D:\\OIO+\\DATASET_RETINA\\01.Originais\\AMD (Degeneração Macular Relacionada à Idade)\\ADAM\\__MACOSX\\ADAM\\Validation\\Disc_Masks\\._V0400.bmp'
._V0001.jpg,cannot identify image file 'D:\\OIO+\\DATASET_RETINA\\01.Originais\\AMD (Degeneração Macular Relacionada à Idade)\\ADAM\\__MACOSX\\ADAM\\Validation\\image\\._V0001.jpg'
._V0002.jpg,cannot identify image file 'D:\\OIO+\\DATASET_RETINA\\01.Originais\\AMD (Degeneração Macular Relacionada à Idade)\\ADAM\\__MACOSX\\ADAM\\Validation\\image\\._V0002.jpg'
._V0003.jpg,cannot identify image file 'D:\\OIO+\\DATASET_RETINA\\01.Originais\\AMD (Degeneração Macular Relacionada à Idade)\\ADAM\\__MACOSX\\ADAM\\Validation\\image\\._V0003.jpg'
._V0004.jpg,cannot identify image file 'D:\\OIO+\\DATASET_RETINA\\01.Originais\\AMD (Degeneração Macular Relacionada à Idade)\\ADAM\\__MACOSX\\ADAM\\Validation\\image\\._V0004.jpg'
._V0005.jpg,cannot identify image file 'D:\\OIO+\\DATASET_RETINA\\01.Originais\\AMD (Degeneração Macular Relacionada à Idade)\\ADAM\\__MACOSX\\ADAM\\Validation\\image\\._V0005.jpg'
._V0006.jpg,cannot identify image file 'D:\\OIO+\\DATASET_RETINA\\01.Originais\\AMD (Degeneração Macular Relacionada à Idade)\\ADAM\\__MACOSX\\ADAM\\Validation\\image\\._V0006.jpg'
._V0007.jpg,cannot identify image file 'D:\\OIO+\\DATASET_RETINA\\01.Originais\\AMD (Degeneração Macular Relacionada à Idade)\\ADAM\\__MACOSX\\ADAM\\Validation\\image\\._V0007.jpg'
._V0008.jpg,cannot identify image file 'D:\\OIO+\\DATASET_RETINA\\01.Originais\\AMD (Degeneração Macular Relacionada à Idade)\\ADAM\\__MACOSX\\ADAM\\Validation\\image\\._V0008.jpg'
._V0009.jpg,cannot identify image file 'D:\\OIO+\\DATASET_RETINA\\01.Originais\\AMD (Degeneração Macular Relacionada à Idade)\\ADAM\\__MACOSX\\ADAM\\Validation\\image\\._V0009.jpg'
._V0010.jpg,cannot identify image file 'D:\\OIO+\\DATASET_RETINA\\01.Originais\\AMD (Degeneração Macular Relacionada à Idade)\\ADAM\\__MACOSX\\ADAM\\Validation\\image\\._V0010.jpg'
._V0011.jpg,cannot identify image file 'D:\\OIO+\\DATASET_RETINA\\01.Originais\\AMD (Degeneração Macular Relacionada à Idade)\\ADAM\\__MACOSX\\ADAM\\Validation\\image\\._V0011.jpg'
._V0012.jpg,cannot identify image file 'D:\\OIO+\\DATASET_RETINA\\01.Originais\\AMD (Degeneração Macular Relacionada à Idade)\\ADAM\\__MACOSX\\ADAM\\Validation\\image\\._V0012.jpg'
._V0013.jpg,cannot identify image file 'D:\\OIO+\\DATASET_RETINA\\01.Originais\\AMD (Degeneração Macular Relacionada à Idade)\\ADAM\\__MACOSX\\ADAM\\Validation\\image\\._V0013.jpg'
._V0014.jpg,cannot identify image file 'D:\\OIO+\\DATASET_RETINA\\01.Originais\\AMD (Degeneração Macular Relacionada à Idade)\\ADAM\\__MACOSX\\ADAM\\Validation\\image\\._V0014.jpg'
._V0015.jpg,cannot identify image file 'D:\\OIO+\\DATASET_RETINA\\01.Originais\\AMD (Degeneração Macular Relacionada à Idade)\\ADAM\\__MACOSX\\ADAM\\Validation\\image\\._V0015.jpg'
._V0016.jpg,cannot identify image file 'D:\\OIO+\\DATASET_RETINA\\01.Originais\\AMD (Degeneração Macular Relacionada à Idade)\\ADAM\\__MACOSX\\ADAM\\Validation\\image\\._V0016.jpg'
._V0017.jpg,cannot identify image file 'D:\\OIO+\\DATASET_RETINA\\01.Originais\\AMD (Degeneração Macular Relacionada à Idade)\\ADAM\\__MACOSX\\ADAM\\Validation\\image\\._V0017.jpg'
._V0018.jpg,cannot identify image file 'D:\\OIO+\\DATASET_RETINA\\01.Originais\\AMD (Degeneração Macular Relacionada à Idade)\\ADAM\\__MACOSX\\ADAM\\Validation\\image\\._V0018.jpg'
._V0019.jpg,cannot identify image file 'D:\\OIO+\\DATASET_RETINA\\01.Originais\\AMD (Degeneração Macular Relacionada à Idade)\\ADAM\\__MACOSX\\ADAM\\Validation\\image\\._V0019.jpg'
._V0020.jpg,cannot identify image file 'D:\\OIO+\\DATASET_RETINA\\01.Originais\\AMD (Degeneração Macular Relacionada à Idade)\\ADAM\\__MACOSX\\ADAM\\Validation\\image\\._V0020.jpg'
._V0021.jpg,cannot identify image file 'D:\\OIO+\\DATASET_RETINA\\01.Originais\\AMD (Degeneração Macular Relacionada à Idade)\\ADAM\\__MACOSX\\ADAM\\Validation\\image\\._V0021.jpg'
._V0022.jpg,cannot identify image file 'D:\\OIO+\\DATASET_RETINA\\01.Originais\\AMD (Degeneração Macular Relacionada à Idade)\\ADAM\\__MACOSX\\ADAM\\Validation\\image\\._V0022.jpg'
._V0023.jpg,cannot identify image file 'D:\\OIO+\\DATASET_RETINA\\01.Originais\\AMD (Degeneração Macular Relacionada à Idade)\\ADAM\\__MACOSX\\ADAM\\Validation\\image\\._V0023.jpg'
._V0024.jpg,cannot identify image file 'D:\\OIO+\\DATASET_RETINA\\01.Originais\\AMD (Degeneração Macular Relacionada à Idade)\\ADAM\\__MACOSX\\ADAM\\Validation\\image\\._V0024.jpg'
._V0025.jpg,cannot identify image file 'D:\\OIO+\\DATASET_RETINA\\01.Originais\\AMD (Degeneração Macular Relacionada à Idade)\\ADAM\\__MACOSX\\ADAM\\Validation\\image\\._V0025.jpg'
._V0026.jpg,cannot identify image file 'D:\\OIO+\\DATASET_RETINA\\01.Originais\\AMD (Degeneração Macular Relacionada à Idade)\\ADAM\\__MACOSX\\ADAM\\Validation\\image\\._V0026.jpg'
._V0027.jpg,cannot identify image file 'D:\\OIO+\\DATASET_RETINA\\01.Originais\\AMD (Degeneração Macular Relacionada à Idade)\\ADAM\\__MACOSX\\ADAM\\Validation\\image\\._V0027.jpg'
._V0028.jpg,cannot identify image file 'D:\\OIO+\\DATASET_RETINA\\01.Originais\\AMD (Degeneração Macular Relacionada à Idade)\\ADAM\\__MACOSX\\ADAM\\Validation\\image\\._V0028.jpg'
._V0029.jpg,cannot identify image file 'D:\\OIO+\\DATASET_RETINA\\01.Originais\\AMD (Degeneração Macular Relacionada à Idade)\\ADAM\\__MACOSX\\ADAM\\Validation\\image\\._V0029.jpg'
._V0030.jpg,cannot identify image file 'D:\\OIO+\\DATASET_RETINA\\01.Originais\\AMD (Degeneração Macular Relacionada à Idade)\\ADAM\\__MACOSX\\ADAM\\Validation\\image\\._V0030.jpg'
._V0031.jpg,cannot identify image file 'D:\\OIO+\\DATASET_RETINA\\01.Originais\\AMD (Degeneração Macular Relacionada à Idade)\\ADAM\\__MACOSX\\ADAM\\Validation\\image\\._V0031.jpg'
._V0032.jpg,cannot identify image file 'D:\\OIO+\\DATASET_RETINA\\01.Originais\\AMD (Degeneração Macular Relacionada à Idade)\\ADAM\\__MACOSX\\ADAM\\Validation\\image\\._V0032.jpg'
._V0033.jpg,cannot identify image file 'D:\\OIO+\\DATASET_RETINA\\01.Originais\\AMD (Degeneração Macular Relacionada à Idade)\\ADAM\\__MACOSX\\ADAM\\Validation\\image\\._V0033.jpg'
._V0034.jpg,cannot identify image file 'D:\\OIO+\\DATASET_RETINA\\01.Originais\\AMD (Degeneração Macular Relacionada à Idade)\\ADAM\\__MACOSX\\ADAM\\Validation\\image\\._V0034.jpg'
._V0035.jpg,cannot identify image file 'D:\\OIO+\\DATASET_RETINA\\01.Originais\\AMD (Degeneração Macular Relacionada à Idade)\\ADAM\\__MACOSX\\ADAM\\Validation\\image\\._V0035.jpg'
._V0036.jpg,cannot identify image file 'D:\\OIO+\\DATASET_RETINA\\01.Originais\\AMD (Degeneração Macular Relacionada à Idade)\\ADAM\\__MACOSX\\ADAM\\Validation\\image\\._V0036.jpg'
._V0037.jpg,cannot identify image file 'D:\\OIO+\\DATASET_RETINA\\01.Originais\\AMD (Degeneração Macular Relacionada à Idade)\\ADAM\\__MACOSX\\ADAM\\Validation\\image\\._V0037.jpg'
._V0038.jpg,cannot identify image file 'D:\\OIO+\\DATASET_RETINA\\01.Originais\\AMD (Degeneração Macular Relacionada à Idade)\\ADAM\\__MACOSX\\ADAM\\Validation\\image\\._V0038.jpg'
._V0039.jpg,cannot identify image file 'D:\\OIO+\\DATASET_RETINA\\01.Originais\\AMD (Degeneração Macular Relacionada à Idade)\\ADAM\\__MACOSX\\ADAM\\Validation\\image\\._V0039.jpg'
._V0040.jpg,cannot identify image file 'D:\\OIO+\\DATASET_RETINA\\01.Originais\\AMD (Degeneração Macular Relacionada à Idade)\\ADAM\\__MACOSX\\ADAM\\Validation\\image\\._V0040.jpg'
._V0041.jpg,cannot identify image file 'D:\\OIO+\\DATASET_RETINA\\01.Originais\\AMD (Degeneração Macular Relacionada à Idade)\\ADAM\\__MACOSX\\ADAM\\Validation\\image\\._V0041.jpg'
._V0042.jpg,cannot identify image file 'D:\\OIO+\\DATASET_RETINA\\01.Originais\\AMD (Degeneração Macular Relacionada à Idade)\\ADAM\\__MACOSX\\ADAM\\Validation\\image\\._V0042.jpg'
._V0043.jpg,cannot identify image file 'D:\\OIO+\\DATASET_RETINA\\01.Originais\\AMD (Degeneração Macular Relacionada à Idade)\\ADAM\\__MACOSX\\ADAM\\Validation\\image\\._V0043.jpg'
._V0044.jpg,cannot identify image file 'D:\\OIO+\\DATASET_RETINA\\01.Originais\\AMD (Degeneração Macular Relacionada à Idade)\\ADAM\\__MACOSX\\ADAM\\Validation\\image\\._V0044.jpg'
._V0045.jpg,cannot identify image file 'D:\\OIO+\\DATASET_RETINA\\01.Originais\\AMD (Degeneração Macular Relacionada à Idade)\\ADAM\\__MACOSX\\ADAM\\Validation\\image\\._V0045.jpg'
._V0046.jpg,cannot identify image file 'D:\\OIO+\\DATASET_RETINA\\01.Originais\\AMD (Degeneração Macular Relacionada à Idade)\\ADAM\\__MACOSX\\ADAM\\Validation\\image\\._V0046.jpg'
._V0047.jpg,cannot identify image file 'D:\\OIO+\\DATASET_RETINA\\01.Originais\\AMD (Degeneração Macular Relacionada à Idade)\\ADAM\\__MACOSX\\ADAM\\Validation\\image\\._V0047.jpg'
._V0048.jpg,cannot identify image file 'D:\\OIO+\\DATASET_RETINA\\01.Originais\\AMD (Degeneração Macular Relacionada à Idade)\\ADAM\\__MACOSX\\ADAM\\Validation\\image\\._V0048.jpg'
._V0049.jpg,cannot identify image file 'D:\\OIO+\\DATASET_RETINA\\01.Originais\\AMD (Degeneração Macular Relacionada à Idade)\\ADAM\\__MACOSX\\ADAM\\Validation\\image\\._V0049.jpg'
._V0050.jpg,cannot identify image file 'D:\\OIO+\\DATASET_RETINA\\01.Originais\\AMD (Degeneração Macular Relacionada à Idade)\\ADAM\\__MACOSX\\ADAM\\Validation\\image\\._V0050.jpg'
._V0051.jpg,cannot identify image file 'D:\\OIO+\\DATASET_RETINA\\01.Originais\\AMD (Degeneração Macular Relacionada à Idade)\\ADAM\\__MACOSX\\ADAM\\Validation\\image\\._V0051.jpg'
._V0052.jpg,cannot identify image file 'D:\\OIO+\\DATASET_RETINA\\01.Originais\\AMD (Degeneração Macular Relacionada à Idade)\\ADAM\\__MACOSX\\ADAM\\Validation\\image\\._V0052.jpg'
._V0053.jpg,cannot identify image file 'D:\\OIO+\\DATASET_RETINA\\01.Originais\\AMD (Degeneração Macular Relacionada à Idade)\\ADAM\\__MACOSX\\ADAM\\Validation\\image\\._V0053.jpg'
._V0054.jpg,cannot identify image file 'D:\\OIO+\\DATASET_RETINA\\01.Originais\\AMD (Degeneração Macular Relacionada à Idade)\\ADAM\\__MACOSX\\ADAM\\Validation\\image\\._V0054.jpg'
._V0055.jpg,cannot identify image file 'D:\\OIO+\\DATASET_RETINA\\01.Originais\\AMD (Degeneração Macular Relacionada à Idade)\\ADAM\\__MACOSX\\ADAM\\Validation\\image\\._V0055.jpg'
._V0056.jpg,cannot identify image file 'D:\\OIO+\\DATASET_RETINA\\01.Originais\\AMD (Degeneração Macular Relacionada à Idade)\\ADAM\\__MACOSX\\ADAM\\Validation\\image\\._V0056.jpg'
._V0057.jpg,cannot identify image file 'D:\\OIO+\\DATASET_RETINA\\01.Originais\\AMD (Degeneração Macular Relacionada à Idade)\\ADAM\\__MACOSX\\ADAM\\Validation\\image\\._V0057.jpg'
._V0058.jpg,cannot identify image file 'D:\\OIO+\\DATASET_RETINA\\01.Originais\\AMD (Degeneração Macular Relacionada à Idade)\\ADAM\\__MACOSX\\ADAM\\Validation\\image\\._V0058.jpg'
._V0059.jpg,cannot identify image file 'D:\\OIO+\\DATASET_RETINA\\01.Originais\\AMD (Degeneração Macular Relacionada à Idade)\\ADAM\\__MACOSX\\ADAM\\Validation\\image\\._V0059.jpg'
._V0060.jpg,cannot identify image file 'D:\\OIO+\\DATASET_RETINA\\01.Originais\\AMD (Degeneração Macular Relacionada à Idade)\\ADAM\\__MACOSX\\ADAM\\Validation\\image\\._V0060.jpg'
._V0061.jpg,cannot identify image file 'D:\\OIO+\\DATASET_RETINA\\01.Originais\\AMD (Degeneração Macular Relacionada à Idade)\\ADAM\\__MACOSX\\ADAM\\Validation\\image\\._V0061.jpg'
._V0062.jpg,cannot identify image file 'D:\\OIO+\\DATASET_RETINA\\01.Originais\\AMD (Degeneração Macular Relacionada à Idade)\\ADAM\\__MACOSX\\ADAM\\Validation\\image\\._V0062.jpg'
._V0063.jpg,cannot identify image file 'D:\\OIO+\\DATASET_RETINA\\01.Originais\\AMD (Degeneração Macular Relacionada à Idade)\\ADAM\\__MACOSX\\ADAM\\Validation\\image\\._V0063.jpg'
._V0064.jpg,cannot identify image file 'D:\\OIO+\\DATASET_RETINA\\01.Originais\\AMD (Degeneração Macular Relacionada à Idade)\\ADAM\\__MACOSX\\ADAM\\Validation\\image\\._V0064.jpg'
._V0065.jpg,cannot identify image file 'D:\\OIO+\\DATASET_RETINA\\01.Originais\\AMD (Degeneração Macular Relacionada à Idade)\\ADAM\\__MACOSX\\ADAM\\Validation\\image\\._V0065.jpg'
._V0066.jpg,cannot identify image file 'D:\\OIO+\\DATASET_RETINA\\01.Originais\\AMD (Degeneração Macular Relacionada à Idade)\\ADAM\\__MACOSX\\ADAM\\Validation\\image\\._V0066.jpg'
._V0067.jpg,cannot identify image file 'D:\\OIO+\\DATASET_RETINA\\01.Originais\\AMD (Degeneração Macular Relacionada à Idade)\\ADAM\\__MACOSX\\ADAM\\Validation\\image\\._V0067.jpg'
._V0068.jpg,cannot identify image file 'D:\\OIO+\\DATASET_RETINA\\01.Originais\\AMD (Degeneração Macular Relacionada à Idade)\\ADAM\\__MACOSX\\ADAM\\Validation\\image\\._V0068.jpg'
._V0069.jpg,cannot identify image file 'D:\\OIO+\\DATASET_RETINA\\01.Originais\\AMD (Degeneração Macular Relacionada à Idade)\\ADAM\\__MACOSX\\ADAM\\Validation\\image\\._V0069.jpg'
._V0070.jpg,cannot identify image file 'D:\\OIO+\\DATASET_RETINA\\01.Originais\\AMD (Degeneração Macular Relacionada à Idade)\\ADAM\\__MACOSX\\ADAM\\Validation\\image\\._V0070.jpg'
._V0071.jpg,cannot identify image file 'D:\\OIO+\\DATASET_RETINA\\01.Originais\\AMD (Degeneração Macular Relacionada à Idade)\\ADAM\\__MACOSX\\ADAM\\Validation\\image\\._V0071.jpg'
._V0072.jpg,cannot identify image file 'D:\\OIO+\\DATASET_RETINA\\01.Originais\\AMD (Degeneração Macular Relacionada à Idade)\\ADAM\\__MACOSX\\ADAM\\Validation\\image\\._V0072.jpg'
._V0073.jpg,cannot identify image file 'D:\\OIO+\\DATASET_RETINA\\01.Originais\\AMD (Degeneração Macular Relacionada à Idade)\\ADAM\\__MACOSX\\ADAM\\Validation\\image\\._V0073.jpg'
._V0074.jpg,cannot identify image file 'D:\\OIO+\\DATASET_RETINA\\01.Originais\\AMD (Degeneração Macular Relacionada à Idade)\\ADAM\\__MACOSX\\ADAM\\Validation\\image\\._V0074.jpg'
._V0075.jpg,cannot identify image file 'D:\\OIO+\\DATASET_RETINA\\01.Originais\\AMD (Degeneração Macular Relacionada à Idade)\\ADAM\\__MACOSX\\ADAM\\Validation\\image\\._V0075.jpg'
._V0076.jpg,cannot identify image file 'D:\\OIO+\\DATASET_RETINA\\01.Originais\\AMD (Degeneração Macular Relacionada à Idade)\\ADAM\\__MACOSX\\ADAM\\Validation\\image\\._V0076.jpg'
._V0077.jpg,cannot identify image file 'D:\\OIO+\\DATASET_RETINA\\01.Originais\\AMD (Degeneração Macular Relacionada à Idade)\\ADAM\\__MACOSX\\ADAM\\Validation\\image\\._V0077.jpg'
._V0078.jpg,cannot identify image file 'D:\\OIO+\\DATASET_RETINA\\01.Originais\\AMD (Degeneração Macular Relacionada à Idade)\\ADAM\\__MACOSX\\ADAM\\Validation\\image\\._V0078.jpg'
._V0079.jpg,cannot identify image file 'D:\\OIO+\\DATASET_RETINA\\01.Originais\\AMD (Degeneração Macular Relacionada à Idade)\\ADAM\\__MACOSX\\ADAM\\Validation\\image\\._V0079.jpg'
._V0080.jpg,cannot identify image file 'D:\\OIO+\\DATASET_RETINA\\01.Originais\\AMD (Degeneração Macular Relacionada à Idade)\\ADAM\\__MACOSX\\ADAM\\Validation\\image\\._V0080.jpg'
._V0081.jpg,cannot identify image file 'D:\\OIO+\\DATASET_RETINA\\01.Originais\\AMD (Degeneração Macular Relacionada à Idade)\\ADAM\\__MACOSX\\ADAM\\Validation\\image\\._V0081.jpg'
._V0082.jpg,cannot identify image file 'D:\\OIO+\\DATASET_RETINA\\01.Originais\\AMD (Degeneração Macular Relacionada à Idade)\\ADAM\\__MACOSX\\ADAM\\Validation\\image\\._V0082.jpg'
._V0083.jpg,cannot identify image file 'D:\\OIO+\\DATASET_RETINA\\01.Originais\\AMD (Degeneração Macular Relacionada à Idade)\\ADAM\\__MACOSX\\ADAM\\Validation\\image\\._V0083.jpg'
._V0084.jpg,cannot identify image file 'D:\\OIO+\\DATASET_RETINA\\01.Originais\\AMD (Degeneração Macular Relacionada à Idade)\\ADAM\\__MACOSX\\ADAM\\Validation\\image\\._V0084.jpg'
._V0085.jpg,cannot identify image file 'D:\\OIO+\\DATASET_RETINA\\01.Originais\\AMD (Degeneração Macular Relacionada à Idade)\\ADAM\\__MACOSX\\ADAM\\Validation\\image\\._V0085.jpg'
._V0086.jpg,cannot identify image file 'D:\\OIO+\\DATASET_RETINA\\01.Originais\\AMD (Degeneração Macular Relacionada à Idade)\\ADAM\\__MACOSX\\ADAM\\Validation\\image\\._V0086.jpg'
._V0087.jpg,cannot identify image file 'D:\\OIO+\\DATASET_RETINA\\01.Originais\\AMD (Degeneração Macular Relacionada à Idade)\\ADAM\\__MACOSX\\ADAM\\Validation\\image\\._V0087.jpg'
._V0088.jpg,cannot identify image file 'D:\\OIO+\\DATASET_RETINA\\01.Originais\\AMD (Degeneração Macular Relacionada à Idade)\\ADAM\\__MACOSX\\ADAM\\Validation\\image\\._V0088.jpg'
._V0089.jpg,cannot identify image file 'D:\\OIO+\\DATASET_RETINA\\01.Originais\\AMD (Degeneração Macular Relacionada à Idade)\\ADAM\\__MACOSX\\ADAM\\Validation\\image\\._V0089.jpg'
._V0090.jpg,cannot identify image file 'D:\\OIO+\\DATASET_RETINA\\01.Originais\\AMD (Degeneração Macular Relacionada à Idade)\\ADAM\\__MACOSX\\ADAM\\Validation\\image\\._V0090.jpg'
._V0091.jpg,cannot identify image file 'D:\\OIO+\\DATASET_RETINA\\01.Originais\\AMD (Degeneração Macular Relacionada à Idade)\\ADAM\\__MACOSX\\ADAM\\Validation\\image\\._V0091.jpg'
._V0092.jpg,cannot identify image file 'D:\\OIO+\\DATASET_RETINA\\01.Originais\\AMD (Degeneração Macular Relacionada à Idade)\\ADAM\\__MACOSX\\ADAM\\Validation\\image\\._V0092.jpg'
._V0093.jpg,cannot identify image file 'D:\\OIO+\\DATASET_RETINA\\01.Originais\\AMD (Degeneração Macular Relacionada à Idade)\\ADAM\\__MACOSX\\ADAM\\Validation\\image\\._V0093.jpg'
._V0094.jpg,cannot identify image file 'D:\\OIO+\\DATASET_RETINA\\01.Originais\\AMD (Degeneração Macular Relacionada à Idade)\\ADAM\\__MACOSX\\ADAM\\Validation\\image\\._V0094.jpg'
._V0095.jpg,cannot identify image file 'D:\\OIO+\\DATASET_RETINA\\01.Originais\\AMD (Degeneração Macular Relacionada à Idade)\\ADAM\\__MACOSX\\ADAM\\Validation\\image\\._V0095.jpg'
._V0096.jpg,cannot identify image file 'D:\\OIO+\\DATASET_RETINA\\01.Originais\\AMD (Degeneração Macular Relacionada à Idade)\\ADAM\\__MACOSX\\ADAM\\Validation\\image\\._V0096.jpg'
._V0097.jpg,cannot identify image file 'D:\\OIO+\\DATASET_RETINA\\01.Originais\\AMD (Degeneração Macular Relacionada à Idade)\\ADAM\\__MACOSX\\ADAM\\Validation\\image\\._V0097.jpg'
._V0098.jpg,cannot identify image file 'D:\\OIO+\\DATASET_RETINA\\01.Originais\\AMD (Degeneração Macular Relacionada à Idade)\\ADAM\\__MACOSX\\ADAM\\Validation\\image\\._V0098.jpg'
._V0099.jpg,cannot identify image file 'D:\\OIO+\\DATASET_RETINA\\01.Originais\\AMD (Degeneração Macular Relacionada à Idade)\\ADAM\\__MACOSX\\ADAM\\Validation\\image\\._V0099.jpg'
._V0100.jpg,cannot identify image file 'D:\\OIO+\\DATASET_RETINA\\01.Originais\\AMD (Degeneração Macular Relacionada à Idade)\\ADAM\\__MACOSX\\ADAM\\Validation\\image\\._V0100.jpg'
._V0101.jpg,cannot identify image file 'D:\\OIO+\\DATASET_RETINA\\01.Originais\\AMD (Degeneração Macular Relacionada à Idade)\\ADAM\\__MACOSX\\ADAM\\Validation\\image\\._V0101.jpg'
._V0102.jpg,cannot identify image file 'D:\\OIO+\\DATASET_RETINA\\01.Originais\\AMD (Degeneração Macular Relacionada à Idade)\\ADAM\\__MACOSX\\ADAM\\Validation\\image\\._V0102.jpg'
._V0103.jpg,cannot identify image file 'D:\\OIO+\\DATASET_RETINA\\01.Originais\\AMD (Degeneração Macular Relacionada à Idade)\\ADAM\\__MACOSX\\ADAM\\Validation\\image\\._V0103.jpg'
._V0104.jpg,cannot identify image file 'D:\\OIO+\\DATASET_RETINA\\01.Originais\\AMD (Degeneração Macular Relacionada à Idade)\\ADAM\\__MACOSX\\ADAM\\Validation\\image\\._V0104.jpg'
._V0105.jpg,cannot identify image file 'D:\\OIO+\\DATASET_RETINA\\01.Originais\\AMD (Degeneração Macular Relacionada à Idade)\\ADAM\\__MACOSX\\ADAM\\Validation\\image\\._V0105.jpg'
._V0106.jpg,cannot identify image file 'D:\\OIO+\\DATASET_RETINA\\01.Originais\\AMD (Degeneração Macular Relacionada à Idade)\\ADAM\\__MACOSX\\ADAM\\Validation\\image\\._V0106.jpg'
._V0107.jpg,cannot identify image file 'D:\\OIO+\\DATASET_RETINA\\01.Originais\\AMD (Degeneração Macular Relacionada à Idade)\\ADAM\\__MACOSX\\ADAM\\Validation\\image\\._V0107.jpg'
._V0108.jpg,cannot identify image file 'D:\\OIO+\\DATASET_RETINA\\01.Originais\\AMD (Degeneração Macular Relacionada à Idade)\\ADAM\\__MACOSX\\ADAM\\Validation\\image\\._V0108.jpg'
._V0109.jpg,cannot identify image file 'D:\\OIO+\\DATASET_RETINA\\01.Originais\\AMD (Degeneração Macular Relacionada à Idade)\\ADAM\\__MACOSX\\ADAM\\Validation\\image\\._V0109.jpg'
._V0110.jpg,cannot identify image file 'D:\\OIO+\\DATASET_RETINA\\01.Originais\\AMD (Degeneração Macular Relacionada à Idade)\\ADAM\\__MACOSX\\ADAM\\Validation\\image\\._V0110.jpg'
._V0111.jpg,cannot identify image file 'D:\\OIO+\\DATASET_RETINA\\01.Originais\\AMD (Degeneração Macular Relacionada à Idade)\\ADAM\\__MACOSX\\ADAM\\Validation\\image\\._V0111.jpg'
._V0112.jpg,cannot identify image file 'D:\\OIO+\\DATASET_RETINA\\01.Originais\\AMD (Degeneração Macular Relacionada à Idade)\\ADAM\\__MACOSX\\ADAM\\Validation\\image\\._V0112.jpg'
._V0113.jpg,cannot identify image file 'D:\\OIO+\\DATASET_RETINA\\01.Originais\\AMD (Degeneração Macular Relacionada à Idade)\\ADAM\\__MACOSX\\ADAM\\Validation\\image\\._V0113.jpg'
._V0114.jpg,cannot identify image file 'D:\\OIO+\\DATASET_RETINA\\01.Originais\\AMD (Degeneração Macular Relacionada à Idade)\\ADAM\\__MACOSX\\ADAM\\Validation\\image\\._V0114.jpg'
._V0115.jpg,cannot identify image file 'D:\\OIO+\\DATASET_RETINA\\01.Originais\\AMD (Degeneração Macular Relacionada à Idade)\\ADAM\\__MACOSX\\ADAM\\Validation\\image\\._V0115.jpg'
._V0116.jpg,cannot identify image file 'D:\\OIO+\\DATASET_RETINA\\01.Originais\\AMD (Degeneração Macular Relacionada à Idade)\\ADAM\\__MACOSX\\ADAM\\Validation\\image\\._V0116.jpg'
._V0117.jpg,cannot identify image file 'D:\\OIO+\\DATASET_RETINA\\01.Originais\\AMD (Degeneração Macular Relacionada à Idade)\\ADAM\\__MACOSX\\ADAM\\Validation\\image\\._V0117.jpg'
._V0118.jpg,cannot identify image file 'D:\\OIO+\\DATASET_RETINA\\01.Originais\\AMD (Degeneração Macular Relacionada à Idade)\\ADAM\\__MACOSX\\ADAM\\Validation\\image\\._V0118.jpg'
._V0119.jpg,cannot identify image file 'D:\\OIO+\\DATASET_RETINA\\01.Originais\\AMD (Degeneração Macular Relacionada à Idade)\\ADAM\\__MACOSX\\ADAM\\Validation\\image\\._V0119.jpg'
._V0120.jpg,cannot identify image file 'D:\\OIO+\\DATASET_RETINA\\01.Originais\\AMD (Degeneração Macular Relacionada à Idade)\\ADAM\\__MACOSX\\ADAM\\Validation\\image\\._V0120.jpg'
._V0121.jpg,cannot identify image file 'D:\\OIO+\\DATASET_RETINA\\01.Originais\\AMD (Degeneração Macular Relacionada à Idade)\\ADAM\\__MACOSX\\ADAM\\Validation\\image\\._V0121.jpg'
._V0122.jpg,cannot identify image file 'D:\\OIO+\\DATASET_RETINA\\01.Originais\\AMD (Degeneração Macular Relacionada à Idade)\\ADAM\\__MACOSX\\ADAM\\Validation\\image\\._V0122.jpg'
._V0123.jpg,cannot identify image file 'D:\\OIO+\\DATASET_RETINA\\01.Originais\\AMD (Degeneração Macular Relacionada à Idade)\\ADAM\\__MACOSX\\ADAM\\Validation\\image\\._V0123.jpg'
._V0124.jpg,cannot identify image file 'D:\\OIO+\\DATASET_RETINA\\01.Originais\\AMD (Degeneração Macular Relacionada à Idade)\\ADAM\\__MACOSX\\ADAM\\Validation\\image\\._V0124.jpg'
._V0125.jpg,cannot identify image file 'D:\\OIO+\\DATASET_RETINA\\01.Originais\\AMD (Degeneração Macular Relacionada à Idade)\\ADAM\\__MACOSX\\ADAM\\Validation\\image\\._V0125.jpg'
._V0126.jpg,cannot identify image file 'D:\\OIO+\\DATASET_RETINA\\01.Originais\\AMD (Degeneração Macular Relacionada à Idade)\\ADAM\\__MACOSX\\ADAM\\Validation\\image\\._V0126.jpg'
._V0127.jpg,cannot identify image file 'D:\\OIO+\\DATASET_RETINA\\01.Originais\\AMD (Degeneração Macular Relacionada à Idade)\\ADAM\\__MACOSX\\ADAM\\Validation\\image\\._V0127.jpg'
._V0128.jpg,cannot identify image file 'D:\\OIO+\\DATASET_RETINA\\01.Originais\\AMD (Degeneração Macular Relacionada à Idade)\\ADAM\\__MACOSX\\ADAM\\Validation\\image\\._V0128.jpg'
._V0129.jpg,cannot identify image file 'D:\\OIO+\\DATASET_RETINA\\01.Originais\\AMD (Degeneração Macular Relacionada à Idade)\\ADAM\\__MACOSX\\ADAM\\Validation\\image\\._V0129.jpg'
._V0130.jpg,cannot identify image file 'D:\\OIO+\\DATASET_RETINA\\01.Originais\\AMD (Degeneração Macular Relacionada à Idade)\\ADAM\\__MACOSX\\ADAM\\Validation\\image\\._V0130.jpg'
._V0131.jpg,cannot identify image file 'D:\\OIO+\\DATASET_RETINA\\01.Originais\\AMD (Degeneração Macular Relacionada à Idade)\\ADAM\\__MACOSX\\ADAM\\Validation\\image\\._V0131.jpg'
._V0132.jpg,cannot identify image file 'D:\\OIO+\\DATASET_RETINA\\01.Originais\\AMD (Degeneração Macular Relacionada à Idade)\\ADAM\\__MACOSX\\ADAM\\Validation\\image\\._V0132.jpg'
._V0133.jpg,cannot identify image file 'D:\\OIO+\\DATASET_RETINA\\01.Originais\\AMD (Degeneração Macular Relacionada à Idade)\\ADAM\\__MACOSX\\ADAM\\Validation\\image\\._V0133.jpg'
._V0134.jpg,cannot identify image file 'D:\\OIO+\\DATASET_RETINA\\01.Originais\\AMD (Degeneração Macular Relacionada à Idade)\\ADAM\\__MACOSX\\ADAM\\Validation\\image\\._V0134.jpg'
._V0135.jpg,cannot identify image file 'D:\\OIO+\\DATASET_RETINA\\01.Originais\\AMD (Degeneração Macular Relacionada à Idade)\\ADAM\\__MACOSX\\ADAM\\Validation\\image\\._V0135.jpg'
._V0136.jpg,cannot identify image file 'D:\\OIO+\\DATASET_RETINA\\01.Originais\\AMD (Degeneração Macular Relacionada à Idade)\\ADAM\\__MACOSX\\ADAM\\Validation\\image\\._V0136.jpg'
._V0137.jpg,cannot identify image file 'D:\\OIO+\\DATASET_RETINA\\01.Originais\\AMD (Degeneração Macular Relacionada à Idade)\\ADAM\\__MACOSX\\ADAM\\Validation\\image\\._V0137.jpg'
._V0138.jpg,cannot identify image file 'D:\\OIO+\\DATASET_RETINA\\01.Originais\\AMD (Degeneração Macular Relacionada à Idade)\\ADAM\\__MACOSX\\ADAM\\Validation\\image\\._V0138.jpg'
._V0139.jpg,cannot identify image file 'D:\\OIO+\\DATASET_RETINA\\01.Originais\\AMD (Degeneração Macular Relacionada à Idade)\\ADAM\\__MACOSX\\ADAM\\Validation\\image\\._V0139.jpg'
._V0140.jpg,cannot identify image file 'D:\\OIO+\\DATASET_RETINA\\01.Originais\\AMD (Degeneração Macular Relacionada à Idade)\\ADAM\\__MACOSX\\ADAM\\Validation\\image\\._V0140.jpg'
._V0141.jpg,cannot identify image file 'D:\\OIO+\\DATASET_RETINA\\01.Originais\\AMD (Degeneração Macular Relacionada à Idade)\\ADAM\\__MACOSX\\ADAM\\Validation\\image\\._V0141.jpg'
._V0142.jpg,cannot identify image file 'D:\\OIO+\\DATASET_RETINA\\01.Originais\\AMD (Degeneração Macular Relacionada à Idade)\\ADAM\\__MACOSX\\ADAM\\Validation\\image\\._V0142.jpg'
._V0143.jpg,cannot identify image file 'D:\\OIO+\\DATASET_RETINA\\01.Originais\\AMD (Degeneração Macular Relacionada à Idade)\\ADAM\\__MACOSX\\ADAM\\Validation\\image\\._V0143.jpg'
._V0144.jpg,cannot identify image file 'D:\\OIO+\\DATASET_RETINA\\01.Originais\\AMD (Degeneração Macular Relacionada à Idade)\\ADAM\\__MACOSX\\ADAM\\Validation\\image\\._V0144.jpg'
._V0145.jpg,cannot identify image file 'D:\\OIO+\\DATASET_RETINA\\01.Originais\\AMD (Degeneração Macular Relacionada à Idade)\\ADAM\\__MACOSX\\ADAM\\Validation\\image\\._V0145.jpg'
._V0146.jpg,cannot identify image file 'D:\\OIO+\\DATASET_RETINA\\01.Originais\\AMD (Degeneração Macular Relacionada à Idade)\\ADAM\\__MACOSX\\ADAM\\Validation\\image\\._V0146.jpg'
._V0147.jpg,cannot identify image file 'D:\\OIO+\\DATASET_RETINA\\01.Originais\\AMD (Degeneração Macular Relacionada à Idade)\\ADAM\\__MACOSX\\ADAM\\Validation\\image\\._V0147.jpg'
._V0148.jpg,cannot identify image file 'D:\\OIO+\\DATASET_RETINA\\01.Originais\\AMD (Degeneração Macular Relacionada à Idade)\\ADAM\\__MACOSX\\ADAM\\Validation\\image\\._V0148.jpg'
._V0149.jpg,cannot identify image file 'D:\\OIO+\\DATASET_RETINA\\01.Originais\\AMD (Degeneração Macular Relacionada à Idade)\\ADAM\\__MACOSX\\ADAM\\Validation\\image\\._V0149.jpg'
._V0150.jpg,cannot identify image file 'D:\\OIO+\\DATASET_RETINA\\01.Originais\\AMD (Degeneração Macular Relacionada à Idade)\\ADAM\\__MACOSX\\ADAM\\Validation\\image\\._V0150.jpg'
._V0151.jpg,cannot identify image file 'D:\\OIO+\\DATASET_RETINA\\01.Originais\\AMD (Degeneração Macular Relacionada à Idade)\\ADAM\\__MACOSX\\ADAM\\Validation\\image\\._V0151.jpg'
._V0152.jpg,cannot identify image file 'D:\\OIO+\\DATASET_RETINA\\01.Originais\\AMD (Degeneração Macular Relacionada à Idade)\\ADAM\\__MACOSX\\ADAM\\Validation\\image\\._V0152.jpg'
._V0153.jpg,cannot identify image file 'D:\\OIO+\\DATASET_RETINA\\01.Originais\\AMD (Degeneração Macular Relacionada à Idade)\\ADAM\\__MACOSX\\ADAM\\Validation\\image\\._V0153.jpg'
._V0154.jpg,cannot identify image file 'D:\\OIO+\\DATASET_RETINA\\01.Originais\\AMD (Degeneração Macular Relacionada à Idade)\\ADAM\\__MACOSX\\ADAM\\Validation\\image\\._V0154.jpg'
._V0155.jpg,cannot identify image file 'D:\\OIO+\\DATASET_RETINA\\01.Originais\\AMD (Degeneração Macular Relacionada à Idade)\\ADAM\\__MACOSX\\ADAM\\Validation\\image\\._V0155.jpg'
._V0156.jpg,cannot identify image file 'D:\\OIO+\\DATASET_RETINA\\01.Originais\\AMD (Degeneração Macular Relacionada à Idade)\\ADAM\\__MACOSX\\ADAM\\Validation\\image\\._V0156.jpg'
._V0157.jpg,cannot identify image file 'D:\\OIO+\\DATASET_RETINA\\01.Originais\\AMD (Degeneração Macular Relacionada à Idade)\\ADAM\\__MACOSX\\ADAM\\Validation\\image\\._V0157.jpg'
._V0158.jpg,cannot identify image file 'D:\\OIO+\\DATASET_RETINA\\01.Originais\\AMD (Degeneração Macular Relacionada à Idade)\\ADAM\\__MACOSX\\ADAM\\Validation\\image\\._V0158.jpg'
._V0159.jpg,cannot identify image file 'D:\\OIO+\\DATASET_RETINA\\01.Originais\\AMD (Degeneração Macular Relacionada à Idade)\\ADAM\\__MACOSX\\ADAM\\Validation\\image\\._V0159.jpg'
._V0160.jpg,cannot identify image file 'D:\\OIO+\\DATASET_RETINA\\01.Originais\\AMD (Degeneração Macular Relacionada à Idade)\\ADAM\\__MACOSX\\ADAM\\Validation\\image\\._V0160.jpg'
._V0161.jpg,cannot identify image file 'D:\\OIO+\\DATASET_RETINA\\01.Originais\\AMD (Degeneração Macular Relacionada à Idade)\\ADAM\\__MACOSX\\ADAM\\Validation\\image\\._V0161.jpg'
._V0162.jpg,cannot identify image file 'D:\\OIO+\\DATASET_RETINA\\01.Originais\\AMD (Degeneração Macular Relacionada à Idade)\\ADAM\\__MACOSX\\ADAM\\Validation\\image\\._V0162.jpg'
._V0163.jpg,cannot identify image file 'D:\\OIO+\\DATASET_RETINA\\01.Originais\\AMD (Degeneração Macular Relacionada à Idade)\\ADAM\\__MACOSX\\ADAM\\Validation\\image\\._V0163.jpg'
._V0164.jpg,cannot identify image file 'D:\\OIO+\\DATASET_RETINA\\01.Originais\\AMD (Degeneração Macular Relacionada à Idade)\\ADAM\\__MACOSX\\ADAM\\Validation\\image\\._V0164.jpg'
._V0165.jpg,cannot identify image file 'D:\\OIO+\\DATASET_RETINA\\01.Originais\\AMD (Degeneração Macular Relacionada à Idade)\\ADAM\\__MACOSX\\ADAM\\Validation\\image\\._V0165.jpg'
._V0166.jpg,cannot identify image file 'D:\\OIO+\\DATASET_RETINA\\01.Originais\\AMD (Degeneração Macular Relacionada à Idade)\\ADAM\\__MACOSX\\ADAM\\Validation\\image\\._V0166.jpg'
._V0167.jpg,cannot identify image file 'D:\\OIO+\\DATASET_RETINA\\01.Originais\\AMD (Degeneração Macular Relacionada à Idade)\\ADAM\\__MACOSX\\ADAM\\Validation\\image\\._V0167.jpg'
._V0168.jpg,cannot identify image file 'D:\\OIO+\\DATASET_RETINA\\01.Originais\\AMD (Degeneração Macular Relacionada à Idade)\\ADAM\\__MACOSX\\ADAM\\Validation\\image\\._V0168.jpg'
._V0169.jpg,cannot identify image file 'D:\\OIO+\\DATASET_RETINA\\01.Originais\\AMD (Degeneração Macular Relacionada à Idade)\\ADAM\\__MACOSX\\ADAM\\Validation\\image\\._V0169.jpg'
._V0170.jpg,cannot identify image file 'D:\\OIO+\\DATASET_RETINA\\01.Originais\\AMD (Degeneração Macular Relacionada à Idade)\\ADAM\\__MACOSX\\ADAM\\Validation\\image\\._V0170.jpg'
._V0171.jpg,cannot identify image file 'D:\\OIO+\\DATASET_RETINA\\01.Originais\\AMD (Degeneração Macular Relacionada à Idade)\\ADAM\\__MACOSX\\ADAM\\Validation\\image\\._V0171.jpg'
._V0172.jpg,cannot identify image file 'D:\\OIO+\\DATASET_RETINA\\01.Originais\\AMD (Degeneração Macular Relacionada à Idade)\\ADAM\\__MACOSX\\ADAM\\Validation\\image\\._V0172.jpg'
._V0173.jpg,cannot identify image file 'D:\\OIO+\\DATASET_RETINA\\01.Originais\\AMD (Degeneração Macular Relacionada à Idade)\\ADAM\\__MACOSX\\ADAM\\Validation\\image\\._V0173.jpg'
._V0174.jpg,cannot identify image file 'D:\\OIO+\\DATASET_RETINA\\01.Originais\\AMD (Degeneração Macular Relacionada à Idade)\\ADAM\\__MACOSX\\ADAM\\Validation\\image\\._V0174.jpg'
._V0175.jpg,cannot identify image file 'D:\\OIO+\\DATASET_RETINA\\01.Originais\\AMD (Degeneração Macular Relacionada à Idade)\\ADAM\\__MACOSX\\ADAM\\Validation\\image\\._V0175.jpg'
._V0176.jpg,cannot identify image file 'D:\\OIO+\\DATASET_RETINA\\01.Originais\\AMD (Degeneração Macular Relacionada à Idade)\\ADAM\\__MACOSX\\ADAM\\Validation\\image\\._V0176.jpg'
._V0177.jpg,cannot identify image file 'D:\\OIO+\\DATASET_RETINA\\01.Originais\\AMD (Degeneração Macular Relacionada à Idade)\\ADAM\\__MACOSX\\ADAM\\Validation\\image\\._V0177.jpg'
._V0178.jpg,cannot identify image file 'D:\\OIO+\\DATASET_RETINA\\01.Originais\\AMD (Degeneração Macular Relacionada à Idade)\\ADAM\\__MACOSX\\ADAM\\Validation\\image\\._V0178.jpg'
._V0179.jpg,cannot identify image file 'D:\\OIO+\\DATASET_RETINA\\01.Originais\\AMD (Degeneração Macular Relacionada à Idade)\\ADAM\\__MACOSX\\ADAM\\Validation\\image\\._V0179.jpg'
._V0180.jpg,cannot identify image file 'D:\\OIO+\\DATASET_RETINA\\01.Originais\\AMD (Degeneração Macular Relacionada à Idade)\\ADAM\\__MACOSX\\ADAM\\Validation\\image\\._V0180.jpg'
._V0181.jpg,cannot identify image file 'D:\\OIO+\\DATASET_RETINA\\01.Originais\\AMD (Degeneração Macular Relacionada à Idade)\\ADAM\\__MACOSX\\ADAM\\Validation\\image\\._V0181.jpg'
._V0182.jpg,cannot identify image file 'D:\\OIO+\\DATASET_RETINA\\01.Originais\\AMD (Degeneração Macular Relacionada à Idade)\\ADAM\\__MACOSX\\ADAM\\Validation\\image\\._V0182.jpg'
._V0183.jpg,cannot identify image file 'D:\\OIO+\\DATASET_RETINA\\01.Originais\\AMD (Degeneração Macular Relacionada à Idade)\\ADAM\\__MACOSX\\ADAM\\Validation\\image\\._V0183.jpg'
._V0184.jpg,cannot identify image file 'D:\\OIO+\\DATASET_RETINA\\01.Originais\\AMD (Degeneração Macular Relacionada à Idade)\\ADAM\\__MACOSX\\ADAM\\Validation\\image\\._V0184.jpg'
._V0185.jpg,cannot identify image file 'D:\\OIO+\\DATASET_RETINA\\01.Originais\\AMD (Degeneração Macular Relacionada à Idade)\\ADAM\\__MACOSX\\ADAM\\Validation\\image\\._V0185.jpg'
._V0186.jpg,cannot identify image file 'D:\\OIO+\\DATASET_RETINA\\01.Originais\\AMD (Degeneração Macular Relacionada à Idade)\\ADAM\\__MACOSX\\ADAM\\Validation\\image\\._V0186.jpg'
._V0187.jpg,cannot identify image file 'D:\\OIO+\\DATASET_RETINA\\01.Originais\\AMD (Degeneração Macular Relacionada à Idade)\\ADAM\\__MACOSX\\ADAM\\Validation\\image\\._V0187.jpg'
._V0188.jpg,cannot identify image file 'D:\\OIO+\\DATASET_RETINA\\01.Originais\\AMD (Degeneração Macular Relacionada à Idade)\\ADAM\\__MACOSX\\ADAM\\Validation\\image\\._V0188.jpg'
._V0189.jpg,cannot identify image file 'D:\\OIO+\\DATASET_RETINA\\01.Originais\\AMD (Degeneração Macular Relacionada à Idade)\\ADAM\\__MACOSX\\ADAM\\Validation\\image\\._V0189.jpg'
._V0190.jpg,cannot identify image file 'D:\\OIO+\\DATASET_RETINA\\01.Originais\\AMD (Degeneração Macular Relacionada à Idade)\\ADAM\\__MACOSX\\ADAM\\Validation\\image\\._V0190.jpg'
._V0191.jpg,cannot identify image file 'D:\\OIO+\\DATASET_RETINA\\01.Originais\\AMD (Degeneração Macular Relacionada à Idade)\\ADAM\\__MACOSX\\ADAM\\Validation\\image\\._V0191.jpg'
._V0192.jpg,cannot identify image file 'D:\\OIO+\\DATASET_RETINA\\01.Originais\\AMD (Degeneração Macular Relacionada à Idade)\\ADAM\\__MACOSX\\ADAM\\Validation\\image\\._V0192.jpg'
._V0193.jpg,cannot identify image file 'D:\\OIO+\\DATASET_RETINA\\01.Originais\\AMD (Degeneração Macular Relacionada à Idade)\\ADAM\\__MACOSX\\ADAM\\Validation\\image\\._V0193.jpg'
._V0194.jpg,cannot identify image file 'D:\\OIO+\\DATASET_RETINA\\01.Originais\\AMD (Degeneração Macular Relacionada à Idade)\\ADAM\\__MACOSX\\ADAM\\Validation\\image\\._V0194.jpg'
._V0195.jpg,cannot identify image file 'D:\\OIO+\\DATASET_RETINA\\01.Originais\\AMD (Degeneração Macular Relacionada à Idade)\\ADAM\\__MACOSX\\ADAM\\Validation\\image\\._V0195.jpg'
._V0196.jpg,cannot identify image file 'D:\\OIO+\\DATASET_RETINA\\01.Originais\\AMD (Degeneração Macular Relacionada à Idade)\\ADAM\\__MACOSX\\ADAM\\Validation\\image\\._V0196.jpg'
._V0197.jpg,cannot identify image file 'D:\\OIO+\\DATASET_RETINA\\01.Originais\\AMD (Degeneração Macular Relacionada à Idade)\\ADAM\\__MACOSX\\ADAM\\Validation\\image\\._V0197.jpg'
._V0198.jpg,cannot identify image file 'D:\\OIO+\\DATASET_RETINA\\01.Originais\\AMD (Degeneração Macular Relacionada à Idade)\\ADAM\\__MACOSX\\ADAM\\Validation\\image\\._V0198.jpg'
._V0199.jpg,cannot identify image file 'D:\\OIO+\\DATASET_RETINA\\01.Originais\\AMD (Degeneração Macular Relacionada à Idade)\\ADAM\\__MACOSX\\ADAM\\Validation\\image\\._V0199.jpg'
._V0200.jpg,cannot identify image file 'D:\\OIO+\\DATASET_RETINA\\01.Originais\\AMD (Degeneração Macular Relacionada à Idade)\\ADAM\\__MACOSX\\ADAM\\Validation\\image\\._V0200.jpg'
._V0201.jpg,cannot identify image file 'D:\\OIO+\\DATASET_RETINA\\01.Originais\\AMD (Degeneração Macular Relacionada à Idade)\\ADAM\\__MACOSX\\ADAM\\Validation\\image\\._V0201.jpg'
._V0202.jpg,cannot identify image file 'D:\\OIO+\\DATASET_RETINA\\01.Originais\\AMD (Degeneração Macular Relacionada à Idade)\\ADAM\\__MACOSX\\ADAM\\Validation\\image\\._V0202.jpg'
._V0203.jpg,cannot identify image file 'D:\\OIO+\\DATASET_RETINA\\01.Originais\\AMD (Degeneração Macular Relacionada à Idade)\\ADAM\\__MACOSX\\ADAM\\Validation\\image\\._V0203.jpg'
._V0204.jpg,cannot identify image file 'D:\\OIO+\\DATASET_RETINA\\01.Originais\\AMD (Degeneração Macular Relacionada à Idade)\\ADAM\\__MACOSX\\ADAM\\Validation\\image\\._V0204.jpg'
._V0205.jpg,cannot identify image file 'D:\\OIO+\\DATASET_RETINA\\01.Originais\\AMD (Degeneração Macular Relacionada à Idade)\\ADAM\\__MACOSX\\ADAM\\Validation\\image\\._V0205.jpg'
._V0206.jpg,cannot identify image file 'D:\\OIO+\\DATASET_RETINA\\01.Originais\\AMD (Degeneração Macular Relacionada à Idade)\\ADAM\\__MACOSX\\ADAM\\Validation\\image\\._V0206.jpg'
._V0207.jpg,cannot identify image file 'D:\\OIO+\\DATASET_RETINA\\01.Originais\\AMD (Degeneração Macular Relacionada à Idade)\\ADAM\\__MACOSX\\ADAM\\Validation\\image\\._V0207.jpg'
._V0208.jpg,cannot identify image file 'D:\\OIO+\\DATASET_RETINA\\01.Originais\\AMD (Degeneração Macular Relacionada à Idade)\\ADAM\\__MACOSX\\ADAM\\Validation\\image\\._V0208.jpg'
._V0209.jpg,cannot identify image file 'D:\\OIO+\\DATASET_RETINA\\01.Originais\\AMD (Degeneração Macular Relacionada à Idade)\\ADAM\\__MACOSX\\ADAM\\Validation\\image\\._V0209.jpg'
._V0210.jpg,cannot identify image file 'D:\\OIO+\\DATASET_RETINA\\01.Originais\\AMD (Degeneração Macular Relacionada à Idade)\\ADAM\\__MACOSX\\ADAM\\Validation\\image\\._V0210.jpg'
._V0211.jpg,cannot identify image file 'D:\\OIO+\\DATASET_RETINA\\01.Originais\\AMD (Degeneração Macular Relacionada à Idade)\\ADAM\\__MACOSX\\ADAM\\Validation\\image\\._V0211.jpg'
._V0212.jpg,cannot identify image file 'D:\\OIO+\\DATASET_RETINA\\01.Originais\\AMD (Degeneração Macular Relacionada à Idade)\\ADAM\\__MACOSX\\ADAM\\Validation\\image\\._V0212.jpg'
._V0213.jpg,cannot identify image file 'D:\\OIO+\\DATASET_RETINA\\01.Originais\\AMD (Degeneração Macular Relacionada à Idade)\\ADAM\\__MACOSX\\ADAM\\Validation\\image\\._V0213.jpg'
._V0214.jpg,cannot identify image file 'D:\\OIO+\\DATASET_RETINA\\01.Originais\\AMD (Degeneração Macular Relacionada à Idade)\\ADAM\\__MACOSX\\ADAM\\Validation\\image\\._V0214.jpg'
._V0215.jpg,cannot identify image file 'D:\\OIO+\\DATASET_RETINA\\01.Originais\\AMD (Degeneração Macular Relacionada à Idade)\\ADAM\\__MACOSX\\ADAM\\Validation\\image\\._V0215.jpg'
._V0216.jpg,cannot identify image file 'D:\\OIO+\\DATASET_RETINA\\01.Originais\\AMD (Degeneração Macular Relacionada à Idade)\\ADAM\\__MACOSX\\ADAM\\Validation\\image\\._V0216.jpg'
._V0217.jpg,cannot identify image file 'D:\\OIO+\\DATASET_RETINA\\01.Originais\\AMD (Degeneração Macular Relacionada à Idade)\\ADAM\\__MACOSX\\ADAM\\Validation\\image\\._V0217.jpg'
._V0218.jpg,cannot identify image file 'D:\\OIO+\\DATASET_RETINA\\01.Originais\\AMD (Degeneração Macular Relacionada à Idade)\\ADAM\\__MACOSX\\ADAM\\Validation\\image\\._V0218.jpg'
._V0219.jpg,cannot identify image file 'D:\\OIO+\\DATASET_RETINA\\01.Originais\\AMD (Degeneração Macular Relacionada à Idade)\\ADAM\\__MACOSX\\ADAM\\Validation\\image\\._V0219.jpg'
._V0220.jpg,cannot identify image file 'D:\\OIO+\\DATASET_RETINA\\01.Originais\\AMD (Degeneração Macular Relacionada à Idade)\\ADAM\\__MACOSX\\ADAM\\Validation\\image\\._V0220.jpg'
._V0221.jpg,cannot identify image file 'D:\\OIO+\\DATASET_RETINA\\01.Originais\\AMD (Degeneração Macular Relacionada à Idade)\\ADAM\\__MACOSX\\ADAM\\Validation\\image\\._V0221.jpg'
._V0222.jpg,cannot identify image file 'D:\\OIO+\\DATASET_RETINA\\01.Originais\\AMD (Degeneração Macular Relacionada à Idade)\\ADAM\\__MACOSX\\ADAM\\Validation\\image\\._V0222.jpg'
._V0223.jpg,cannot identify image file 'D:\\OIO+\\DATASET_RETINA\\01.Originais\\AMD (Degeneração Macular Relacionada à Idade)\\ADAM\\__MACOSX\\ADAM\\Validation\\image\\._V0223.jpg'
._V0224.jpg,cannot identify image file 'D:\\OIO+\\DATASET_RETINA\\01.Originais\\AMD (Degeneração Macular Relacionada à Idade)\\ADAM\\__MACOSX\\ADAM\\Validation\\image\\._V0224.jpg'
._V0225.jpg,cannot identify image file 'D:\\OIO+\\DATASET_RETINA\\01.Originais\\AMD (Degeneração Macular Relacionada à Idade)\\ADAM\\__MACOSX\\ADAM\\Validation\\image\\._V0225.jpg'
._V0226.jpg,cannot identify image file 'D:\\OIO+\\DATASET_RETINA\\01.Originais\\AMD (Degeneração Macular Relacionada à Idade)\\ADAM\\__MACOSX\\ADAM\\Validation\\image\\._V0226.jpg'
._V0227.jpg,cannot identify image file 'D:\\OIO+\\DATASET_RETINA\\01.Originais\\AMD (Degeneração Macular Relacionada à Idade)\\ADAM\\__MACOSX\\ADAM\\Validation\\image\\._V0227.jpg'
._V0228.jpg,cannot identify image file 'D:\\OIO+\\DATASET_RETINA\\01.Originais\\AMD (Degeneração Macular Relacionada à Idade)\\ADAM\\__MACOSX\\ADAM\\Validation\\image\\._V0228.jpg'
._V0229.jpg,cannot identify image file 'D:\\OIO+\\DATASET_RETINA\\01.Originais\\AMD (Degeneração Macular Relacionada à Idade)\\ADAM\\__MACOSX\\ADAM\\Validation\\image\\._V0229.jpg'
._V0230.jpg,cannot identify image file 'D:\\OIO+\\DATASET_RETINA\\01.Originais\\AMD (Degeneração Macular Relacionada à Idade)\\ADAM\\__MACOSX\\ADAM\\Validation\\image\\._V0230.jpg'
._V0231.jpg,cannot identify image file 'D:\\OIO+\\DATASET_RETINA\\01.Originais\\AMD (Degeneração Macular Relacionada à Idade)\\ADAM\\__MACOSX\\ADAM\\Validation\\image\\._V0231.jpg'
._V0232.jpg,cannot identify image file 'D:\\OIO+\\DATASET_RETINA\\01.Originais\\AMD (Degeneração Macular Relacionada à Idade)\\ADAM\\__MACOSX\\ADAM\\Validation\\image\\._V0232.jpg'
._V0233.jpg,cannot identify image file 'D:\\OIO+\\DATASET_RETINA\\01.Originais\\AMD (Degeneração Macular Relacionada à Idade)\\ADAM\\__MACOSX\\ADAM\\Validation\\image\\._V0233.jpg'
._V0234.jpg,cannot identify image file 'D:\\OIO+\\DATASET_RETINA\\01.Originais\\AMD (Degeneração Macular Relacionada à Idade)\\ADAM\\__MACOSX\\ADAM\\Validation\\image\\._V0234.jpg'
._V0235.jpg,cannot identify image file 'D:\\OIO+\\DATASET_RETINA\\01.Originais\\AMD (Degeneração Macular Relacionada à Idade)\\ADAM\\__MACOSX\\ADAM\\Validation\\image\\._V0235.jpg'
._V0236.jpg,cannot identify image file 'D:\\OIO+\\DATASET_RETINA\\01.Originais\\AMD (Degeneração Macular Relacionada à Idade)\\ADAM\\__MACOSX\\ADAM\\Validation\\image\\._V0236.jpg'
._V0237.jpg,cannot identify image file 'D:\\OIO+\\DATASET_RETINA\\01.Originais\\AMD (Degeneração Macular Relacionada à Idade)\\ADAM\\__MACOSX\\ADAM\\Validation\\image\\._V0237.jpg'
._V0238.jpg,cannot identify image file 'D:\\OIO+\\DATASET_RETINA\\01.Originais\\AMD (Degeneração Macular Relacionada à Idade)\\ADAM\\__MACOSX\\ADAM\\Validation\\image\\._V0238.jpg'
._V0239.jpg,cannot identify image file 'D:\\OIO+\\DATASET_RETINA\\01.Originais\\AMD (Degeneração Macular Relacionada à Idade)\\ADAM\\__MACOSX\\ADAM\\Validation\\image\\._V0239.jpg'
._V0240.jpg,cannot identify image file 'D:\\OIO+\\DATASET_RETINA\\01.Originais\\AMD (Degeneração Macular Relacionada à Idade)\\ADAM\\__MACOSX\\ADAM\\Validation\\image\\._V0240.jpg'
._V0241.jpg,cannot identify image file 'D:\\OIO+\\DATASET_RETINA\\01.Originais\\AMD (Degeneração Macular Relacionada à Idade)\\ADAM\\__MACOSX\\ADAM\\Validation\\image\\._V0241.jpg'
._V0242.jpg,cannot identify image file 'D:\\OIO+\\DATASET_RETINA\\01.Originais\\AMD (Degeneração Macular Relacionada à Idade)\\ADAM\\__MACOSX\\ADAM\\Validation\\image\\._V0242.jpg'
._V0243.jpg,cannot identify image file 'D:\\OIO+\\DATASET_RETINA\\01.Originais\\AMD (Degeneração Macular Relacionada à Idade)\\ADAM\\__MACOSX\\ADAM\\Validation\\image\\._V0243.jpg'
._V0244.jpg,cannot identify image file 'D:\\OIO+\\DATASET_RETINA\\01.Originais\\AMD (Degeneração Macular Relacionada à Idade)\\ADAM\\__MACOSX\\ADAM\\Validation\\image\\._V0244.jpg'
._V0245.jpg,cannot identify image file 'D:\\OIO+\\DATASET_RETINA\\01.Originais\\AMD (Degeneração Macular Relacionada à Idade)\\ADAM\\__MACOSX\\ADAM\\Validation\\image\\._V0245.jpg'
._V0246.jpg,cannot identify image file 'D:\\OIO+\\DATASET_RETINA\\01.Originais\\AMD (Degeneração Macular Relacionada à Idade)\\ADAM\\__MACOSX\\ADAM\\Validation\\image\\._V0246.jpg'
._V0247.jpg,cannot identify image file 'D:\\OIO+\\DATASET_RETINA\\01.Originais\\AMD (Degeneração Macular Relacionada à Idade)\\ADAM\\__MACOSX\\ADAM\\Validation\\image\\._V0247.jpg'
._V0248.jpg,cannot identify image file 'D:\\OIO+\\DATASET_RETINA\\01.Originais\\AMD (Degeneração Macular Relacionada à Idade)\\ADAM\\__MACOSX\\ADAM\\Validation\\image\\._V0248.jpg'
._V0249.jpg,cannot identify image file 'D:\\OIO+\\DATASET_RETINA\\01.Originais\\AMD (Degeneração Macular Relacionada à Idade)\\ADAM\\__MACOSX\\ADAM\\Validation\\image\\._V0249.jpg'
._V0250.jpg,cannot identify image file 'D:\\OIO+\\DATASET_RETINA\\01.Originais\\AMD (Degeneração Macular Relacionada à Idade)\\ADAM\\__MACOSX\\ADAM\\Validation\\image\\._V0250.jpg'
._V0251.jpg,cannot identify image file 'D:\\OIO+\\DATASET_RETINA\\01.Originais\\AMD (Degeneração Macular Relacionada à Idade)\\ADAM\\__MACOSX\\ADAM\\Validation\\image\\._V0251.jpg'
._V0252.jpg,cannot identify image file 'D:\\OIO+\\DATASET_RETINA\\01.Originais\\AMD (Degeneração Macular Relacionada à Idade)\\ADAM\\__MACOSX\\ADAM\\Validation\\image\\._V0252.jpg'
._V0253.jpg,cannot identify image file 'D:\\OIO+\\DATASET_RETINA\\01.Originais\\AMD (Degeneração Macular Relacionada à Idade)\\ADAM\\__MACOSX\\ADAM\\Validation\\image\\._V0253.jpg'
._V0254.jpg,cannot identify image file 'D:\\OIO+\\DATASET_RETINA\\01.Originais\\AMD (Degeneração Macular Relacionada à Idade)\\ADAM\\__MACOSX\\ADAM\\Validation\\image\\._V0254.jpg'
._V0255.jpg,cannot identify image file 'D:\\OIO+\\DATASET_RETINA\\01.Originais\\AMD (Degeneração Macular Relacionada à Idade)\\ADAM\\__MACOSX\\ADAM\\Validation\\image\\._V0255.jpg'
._V0256.jpg,cannot identify image file 'D:\\OIO+\\DATASET_RETINA\\01.Originais\\AMD (Degeneração Macular Relacionada à Idade)\\ADAM\\__MACOSX\\ADAM\\Validation\\image\\._V0256.jpg'
._V0257.jpg,cannot identify image file 'D:\\OIO+\\DATASET_RETINA\\01.Originais\\AMD (Degeneração Macular Relacionada à Idade)\\ADAM\\__MACOSX\\ADAM\\Validation\\image\\._V0257.jpg'
._V0258.jpg,cannot identify image file 'D:\\OIO+\\DATASET_RETINA\\01.Originais\\AMD (Degeneração Macular Relacionada à Idade)\\ADAM\\__MACOSX\\ADAM\\Validation\\image\\._V0258.jpg'
._V0259.jpg,cannot identify image file 'D:\\OIO+\\DATASET_RETINA\\01.Originais\\AMD (Degeneração Macular Relacionada à Idade)\\ADAM\\__MACOSX\\ADAM\\Validation\\image\\._V0259.jpg'
._V0260.jpg,cannot identify image file 'D:\\OIO+\\DATASET_RETINA\\01.Originais\\AMD (Degeneração Macular Relacionada à Idade)\\ADAM\\__MACOSX\\ADAM\\Validation\\image\\._V0260.jpg'
._V0261.jpg,cannot identify image file 'D:\\OIO+\\DATASET_RETINA\\01.Originais\\AMD (Degeneração Macular Relacionada à Idade)\\ADAM\\__MACOSX\\ADAM\\Validation\\image\\._V0261.jpg'
._V0262.jpg,cannot identify image file 'D:\\OIO+\\DATASET_RETINA\\01.Originais\\AMD (Degeneração Macular Relacionada à Idade)\\ADAM\\__MACOSX\\ADAM\\Validation\\image\\._V0262.jpg'
._V0263.jpg,cannot identify image file 'D:\\OIO+\\DATASET_RETINA\\01.Originais\\AMD (Degeneração Macular Relacionada à Idade)\\ADAM\\__MACOSX\\ADAM\\Validation\\image\\._V0263.jpg'
._V0264.jpg,cannot identify image file 'D:\\OIO+\\DATASET_RETINA\\01.Originais\\AMD (Degeneração Macular Relacionada à Idade)\\ADAM\\__MACOSX\\ADAM\\Validation\\image\\._V0264.jpg'
._V0265.jpg,cannot identify image file 'D:\\OIO+\\DATASET_RETINA\\01.Originais\\AMD (Degeneração Macular Relacionada à Idade)\\ADAM\\__MACOSX\\ADAM\\Validation\\image\\._V0265.jpg'
._V0266.jpg,cannot identify image file 'D:\\OIO+\\DATASET_RETINA\\01.Originais\\AMD (Degeneração Macular Relacionada à Idade)\\ADAM\\__MACOSX\\ADAM\\Validation\\image\\._V0266.jpg'
._V0267.jpg,cannot identify image file 'D:\\OIO+\\DATASET_RETINA\\01.Originais\\AMD (Degeneração Macular Relacionada à Idade)\\ADAM\\__MACOSX\\ADAM\\Validation\\image\\._V0267.jpg'
._V0268.jpg,cannot identify image file 'D:\\OIO+\\DATASET_RETINA\\01.Originais\\AMD (Degeneração Macular Relacionada à Idade)\\ADAM\\__MACOSX\\ADAM\\Validation\\image\\._V0268.jpg'
._V0269.jpg,cannot identify image file 'D:\\OIO+\\DATASET_RETINA\\01.Originais\\AMD (Degeneração Macular Relacionada à Idade)\\ADAM\\__MACOSX\\ADAM\\Validation\\image\\._V0269.jpg'
._V0270.jpg,cannot identify image file 'D:\\OIO+\\DATASET_RETINA\\01.Originais\\AMD (Degeneração Macular Relacionada à Idade)\\ADAM\\__MACOSX\\ADAM\\Validation\\image\\._V0270.jpg'
._V0271.jpg,cannot identify image file 'D:\\OIO+\\DATASET_RETINA\\01.Originais\\AMD (Degeneração Macular Relacionada à Idade)\\ADAM\\__MACOSX\\ADAM\\Validation\\image\\._V0271.jpg'
._V0272.jpg,cannot identify image file 'D:\\OIO+\\DATASET_RETINA\\01.Originais\\AMD (Degeneração Macular Relacionada à Idade)\\ADAM\\__MACOSX\\ADAM\\Validation\\image\\._V0272.jpg'
._V0273.jpg,cannot identify image file 'D:\\OIO+\\DATASET_RETINA\\01.Originais\\AMD (Degeneração Macular Relacionada à Idade)\\ADAM\\__MACOSX\\ADAM\\Validation\\image\\._V0273.jpg'
._V0274.jpg,cannot identify image file 'D:\\OIO+\\DATASET_RETINA\\01.Originais\\AMD (Degeneração Macular Relacionada à Idade)\\ADAM\\__MACOSX\\ADAM\\Validation\\image\\._V0274.jpg'
._V0275.jpg,cannot identify image file 'D:\\OIO+\\DATASET_RETINA\\01.Originais\\AMD (Degeneração Macular Relacionada à Idade)\\ADAM\\__MACOSX\\ADAM\\Validation\\image\\._V0275.jpg'
._V0276.jpg,cannot identify image file 'D:\\OIO+\\DATASET_RETINA\\01.Originais\\AMD (Degeneração Macular Relacionada à Idade)\\ADAM\\__MACOSX\\ADAM\\Validation\\image\\._V0276.jpg'
._V0277.jpg,cannot identify image file 'D:\\OIO+\\DATASET_RETINA\\01.Originais\\AMD (Degeneração Macular Relacionada à Idade)\\ADAM\\__MACOSX\\ADAM\\Validation\\image\\._V0277.jpg'
._V0278.jpg,cannot identify image file 'D:\\OIO+\\DATASET_RETINA\\01.Originais\\AMD (Degeneração Macular Relacionada à Idade)\\ADAM\\__MACOSX\\ADAM\\Validation\\image\\._V0278.jpg'
._V0279.jpg,cannot identify image file 'D:\\OIO+\\DATASET_RETINA\\01.Originais\\AMD (Degeneração Macular Relacionada à Idade)\\ADAM\\__MACOSX\\ADAM\\Validation\\image\\._V0279.jpg'
._V0280.jpg,cannot identify image file 'D:\\OIO+\\DATASET_RETINA\\01.Originais\\AMD (Degeneração Macular Relacionada à Idade)\\ADAM\\__MACOSX\\ADAM\\Validation\\image\\._V0280.jpg'
._V0281.jpg,cannot identify image file 'D:\\OIO+\\DATASET_RETINA\\01.Originais\\AMD (Degeneração Macular Relacionada à Idade)\\ADAM\\__MACOSX\\ADAM\\Validation\\image\\._V0281.jpg'
._V0282.jpg,cannot identify image file 'D:\\OIO+\\DATASET_RETINA\\01.Originais\\AMD (Degeneração Macular Relacionada à Idade)\\ADAM\\__MACOSX\\ADAM\\Validation\\image\\._V0282.jpg'
._V0283.jpg,cannot identify image file 'D:\\OIO+\\DATASET_RETINA\\01.Originais\\AMD (Degeneração Macular Relacionada à Idade)\\ADAM\\__MACOSX\\ADAM\\Validation\\image\\._V0283.jpg'
._V0284.jpg,cannot identify image file 'D:\\OIO+\\DATASET_RETINA\\01.Originais\\AMD (Degeneração Macular Relacionada à Idade)\\ADAM\\__MACOSX\\ADAM\\Validation\\image\\._V0284.jpg'
._V0285.jpg,cannot identify image file 'D:\\OIO+\\DATASET_RETINA\\01.Originais\\AMD (Degeneração Macular Relacionada à Idade)\\ADAM\\__MACOSX\\ADAM\\Validation\\image\\._V0285.jpg'
._V0286.jpg,cannot identify image file 'D:\\OIO+\\DATASET_RETINA\\01.Originais\\AMD (Degeneração Macular Relacionada à Idade)\\ADAM\\__MACOSX\\ADAM\\Validation\\image\\._V0286.jpg'
._V0287.jpg,cannot identify image file 'D:\\OIO+\\DATASET_RETINA\\01.Originais\\AMD (Degeneração Macular Relacionada à Idade)\\ADAM\\__MACOSX\\ADAM\\Validation\\image\\._V0287.jpg'
._V0288.jpg,cannot identify image file 'D:\\OIO+\\DATASET_RETINA\\01.Originais\\AMD (Degeneração Macular Relacionada à Idade)\\ADAM\\__MACOSX\\ADAM\\Validation\\image\\._V0288.jpg'
._V0289.jpg,cannot identify image file 'D:\\OIO+\\DATASET_RETINA\\01.Originais\\AMD (Degeneração Macular Relacionada à Idade)\\ADAM\\__MACOSX\\ADAM\\Validation\\image\\._V0289.jpg'
._V0290.jpg,cannot identify image file 'D:\\OIO+\\DATASET_RETINA\\01.Originais\\AMD (Degeneração Macular Relacionada à Idade)\\ADAM\\__MACOSX\\ADAM\\Validation\\image\\._V0290.jpg'
._V0291.jpg,cannot identify image file 'D:\\OIO+\\DATASET_RETINA\\01.Originais\\AMD (Degeneração Macular Relacionada à Idade)\\ADAM\\__MACOSX\\ADAM\\Validation\\image\\._V0291.jpg'
._V0292.jpg,cannot identify image file 'D:\\OIO+\\DATASET_RETINA\\01.Originais\\AMD (Degeneração Macular Relacionada à Idade)\\ADAM\\__MACOSX\\ADAM\\Validation\\image\\._V0292.jpg'
._V0293.jpg,cannot identify image file 'D:\\OIO+\\DATASET_RETINA\\01.Originais\\AMD (Degeneração Macular Relacionada à Idade)\\ADAM\\__MACOSX\\ADAM\\Validation\\image\\._V0293.jpg'
._V0294.jpg,cannot identify image file 'D:\\OIO+\\DATASET_RETINA\\01.Originais\\AMD (Degeneração Macular Relacionada à Idade)\\ADAM\\__MACOSX\\ADAM\\Validation\\image\\._V0294.jpg'
._V0295.jpg,cannot identify image file 'D:\\OIO+\\DATASET_RETINA\\01.Originais\\AMD (Degeneração Macular Relacionada à Idade)\\ADAM\\__MACOSX\\ADAM\\Validation\\image\\._V0295.jpg'
._V0296.jpg,cannot identify image file 'D:\\OIO+\\DATASET_RETINA\\01.Originais\\AMD (Degeneração Macular Relacionada à Idade)\\ADAM\\__MACOSX\\ADAM\\Validation\\image\\._V0296.jpg'
._V0297.jpg,cannot identify image file 'D:\\OIO+\\DATASET_RETINA\\01.Originais\\AMD (Degeneração Macular Relacionada à Idade)\\ADAM\\__MACOSX\\ADAM\\Validation\\image\\._V0297.jpg'
._V0298.jpg,cannot identify image file 'D:\\OIO+\\DATASET_RETINA\\01.Originais\\AMD (Degeneração Macular Relacionada à Idade)\\ADAM\\__MACOSX\\ADAM\\Validation\\image\\._V0298.jpg'
._V0299.jpg,cannot identify image file 'D:\\OIO+\\DATASET_RETINA\\01.Originais\\AMD (Degeneração Macular Relacionada à Idade)\\ADAM\\__MACOSX\\ADAM\\Validation\\image\\._V0299.jpg'
._V0300.jpg,cannot identify image file 'D:\\OIO+\\DATASET_RETINA\\01.Originais\\AMD (Degeneração Macular Relacionada à Idade)\\ADAM\\__MACOSX\\ADAM\\Validation\\image\\._V0300.jpg'
._V0301.jpg,cannot identify image file 'D:\\OIO+\\DATASET_RETINA\\01.Originais\\AMD (Degeneração Macular Relacionada à Idade)\\ADAM\\__MACOSX\\ADAM\\Validation\\image\\._V0301.jpg'
._V0302.jpg,cannot identify image file 'D:\\OIO+\\DATASET_RETINA\\01.Originais\\AMD (Degeneração Macular Relacionada à Idade)\\ADAM\\__MACOSX\\ADAM\\Validation\\image\\._V0302.jpg'
._V0303.jpg,cannot identify image file 'D:\\OIO+\\DATASET_RETINA\\01.Originais\\AMD (Degeneração Macular Relacionada à Idade)\\ADAM\\__MACOSX\\ADAM\\Validation\\image\\._V0303.jpg'
._V0304.jpg,cannot identify image file 'D:\\OIO+\\DATASET_RETINA\\01.Originais\\AMD (Degeneração Macular Relacionada à Idade)\\ADAM\\__MACOSX\\ADAM\\Validation\\image\\._V0304.jpg'
._V0305.jpg,cannot identify image file 'D:\\OIO+\\DATASET_RETINA\\01.Originais\\AMD (Degeneração Macular Relacionada à Idade)\\ADAM\\__MACOSX\\ADAM\\Validation\\image\\._V0305.jpg'
._V0306.jpg,cannot identify image file 'D:\\OIO+\\DATASET_RETINA\\01.Originais\\AMD (Degeneração Macular Relacionada à Idade)\\ADAM\\__MACOSX\\ADAM\\Validation\\image\\._V0306.jpg'
._V0307.jpg,cannot identify image file 'D:\\OIO+\\DATASET_RETINA\\01.Originais\\AMD (Degeneração Macular Relacionada à Idade)\\ADAM\\__MACOSX\\ADAM\\Validation\\image\\._V0307.jpg'
._V0308.jpg,cannot identify image file 'D:\\OIO+\\DATASET_RETINA\\01.Originais\\AMD (Degeneração Macular Relacionada à Idade)\\ADAM\\__MACOSX\\ADAM\\Validation\\image\\._V0308.jpg'
._V0309.jpg,cannot identify image file 'D:\\OIO+\\DATASET_RETINA\\01.Originais\\AMD (Degeneração Macular Relacionada à Idade)\\ADAM\\__MACOSX\\ADAM\\Validation\\image\\._V0309.jpg'
._V0310.jpg,cannot identify image file 'D:\\OIO+\\DATASET_RETINA\\01.Originais\\AMD (Degeneração Macular Relacionada à Idade)\\ADAM\\__MACOSX\\ADAM\\Validation\\image\\._V0310.jpg'
._V0311.jpg,cannot identify image file 'D:\\OIO+\\DATASET_RETINA\\01.Originais\\AMD (Degeneração Macular Relacionada à Idade)\\ADAM\\__MACOSX\\ADAM\\Validation\\image\\._V0311.jpg'
._V0312.jpg,cannot identify image file 'D:\\OIO+\\DATASET_RETINA\\01.Originais\\AMD (Degeneração Macular Relacionada à Idade)\\ADAM\\__MACOSX\\ADAM\\Validation\\image\\._V0312.jpg'
._V0313.jpg,cannot identify image file 'D:\\OIO+\\DATASET_RETINA\\01.Originais\\AMD (Degeneração Macular Relacionada à Idade)\\ADAM\\__MACOSX\\ADAM\\Validation\\image\\._V0313.jpg'
._V0314.jpg,cannot identify image file 'D:\\OIO+\\DATASET_RETINA\\01.Originais\\AMD (Degeneração Macular Relacionada à Idade)\\ADAM\\__MACOSX\\ADAM\\Validation\\image\\._V0314.jpg'
._V0315.jpg,cannot identify image file 'D:\\OIO+\\DATASET_RETINA\\01.Originais\\AMD (Degeneração Macular Relacionada à Idade)\\ADAM\\__MACOSX\\ADAM\\Validation\\image\\._V0315.jpg'
._V0316.jpg,cannot identify image file 'D:\\OIO+\\DATASET_RETINA\\01.Originais\\AMD (Degeneração Macular Relacionada à Idade)\\ADAM\\__MACOSX\\ADAM\\Validation\\image\\._V0316.jpg'
._V0317.jpg,cannot identify image file 'D:\\OIO+\\DATASET_RETINA\\01.Originais\\AMD (Degeneração Macular Relacionada à Idade)\\ADAM\\__MACOSX\\ADAM\\Validation\\image\\._V0317.jpg'
._V0318.jpg,cannot identify image file 'D:\\OIO+\\DATASET_RETINA\\01.Originais\\AMD (Degeneração Macular Relacionada à Idade)\\ADAM\\__MACOSX\\ADAM\\Validation\\image\\._V0318.jpg'
._V0319.jpg,cannot identify image file 'D:\\OIO+\\DATASET_RETINA\\01.Originais\\AMD (Degeneração Macular Relacionada à Idade)\\ADAM\\__MACOSX\\ADAM\\Validation\\image\\._V0319.jpg'
._V0320.jpg,cannot identify image file 'D:\\OIO+\\DATASET_RETINA\\01.Originais\\AMD (Degeneração Macular Relacionada à Idade)\\ADAM\\__MACOSX\\ADAM\\Validation\\image\\._V0320.jpg'
._V0321.jpg,cannot identify image file 'D:\\OIO+\\DATASET_RETINA\\01.Originais\\AMD (Degeneração Macular Relacionada à Idade)\\ADAM\\__MACOSX\\ADAM\\Validation\\image\\._V0321.jpg'
._V0322.jpg,cannot identify image file 'D:\\OIO+\\DATASET_RETINA\\01.Originais\\AMD (Degeneração Macular Relacionada à Idade)\\ADAM\\__MACOSX\\ADAM\\Validation\\image\\._V0322.jpg'
._V0323.jpg,cannot identify image file 'D:\\OIO+\\DATASET_RETINA\\01.Originais\\AMD (Degeneração Macular Relacionada à Idade)\\ADAM\\__MACOSX\\ADAM\\Validation\\image\\._V0323.jpg'
._V0324.jpg,cannot identify image file 'D:\\OIO+\\DATASET_RETINA\\01.Originais\\AMD (Degeneração Macular Relacionada à Idade)\\ADAM\\__MACOSX\\ADAM\\Validation\\image\\._V0324.jpg'
._V0325.jpg,cannot identify image file 'D:\\OIO+\\DATASET_RETINA\\01.Originais\\AMD (Degeneração Macular Relacionada à Idade)\\ADAM\\__MACOSX\\ADAM\\Validation\\image\\._V0325.jpg'
._V0326.jpg,cannot identify image file 'D:\\OIO+\\DATASET_RETINA\\01.Originais\\AMD (Degeneração Macular Relacionada à Idade)\\ADAM\\__MACOSX\\ADAM\\Validation\\image\\._V0326.jpg'
._V0327.jpg,cannot identify image file 'D:\\OIO+\\DATASET_RETINA\\01.Originais\\AMD (Degeneração Macular Relacionada à Idade)\\ADAM\\__MACOSX\\ADAM\\Validation\\image\\._V0327.jpg'
._V0328.jpg,cannot identify image file 'D:\\OIO+\\DATASET_RETINA\\01.Originais\\AMD (Degeneração Macular Relacionada à Idade)\\ADAM\\__MACOSX\\ADAM\\Validation\\image\\._V0328.jpg'
._V0329.jpg,cannot identify image file 'D:\\OIO+\\DATASET_RETINA\\01.Originais\\AMD (Degeneração Macular Relacionada à Idade)\\ADAM\\__MACOSX\\ADAM\\Validation\\image\\._V0329.jpg'
._V0330.jpg,cannot identify image file 'D:\\OIO+\\DATASET_RETINA\\01.Originais\\AMD (Degeneração Macular Relacionada à Idade)\\ADAM\\__MACOSX\\ADAM\\Validation\\image\\._V0330.jpg'
._V0331.jpg,cannot identify image file 'D:\\OIO+\\DATASET_RETINA\\01.Originais\\AMD (Degeneração Macular Relacionada à Idade)\\ADAM\\__MACOSX\\ADAM\\Validation\\image\\._V0331.jpg'
._V0332.jpg,cannot identify image file 'D:\\OIO+\\DATASET_RETINA\\01.Originais\\AMD (Degeneração Macular Relacionada à Idade)\\ADAM\\__MACOSX\\ADAM\\Validation\\image\\._V0332.jpg'
._V0333.jpg,cannot identify image file 'D:\\OIO+\\DATASET_RETINA\\01.Originais\\AMD (Degeneração Macular Relacionada à Idade)\\ADAM\\__MACOSX\\ADAM\\Validation\\image\\._V0333.jpg'
._V0334.jpg,cannot identify image file 'D:\\OIO+\\DATASET_RETINA\\01.Originais\\AMD (Degeneração Macular Relacionada à Idade)\\ADAM\\__MACOSX\\ADAM\\Validation\\image\\._V0334.jpg'
._V0335.jpg,cannot identify image file 'D:\\OIO+\\DATASET_RETINA\\01.Originais\\AMD (Degeneração Macular Relacionada à Idade)\\ADAM\\__MACOSX\\ADAM\\Validation\\image\\._V0335.jpg'
._V0336.jpg,cannot identify image file 'D:\\OIO+\\DATASET_RETINA\\01.Originais\\AMD (Degeneração Macular Relacionada à Idade)\\ADAM\\__MACOSX\\ADAM\\Validation\\image\\._V0336.jpg'
._V0337.jpg,cannot identify image file 'D:\\OIO+\\DATASET_RETINA\\01.Originais\\AMD (Degeneração Macular Relacionada à Idade)\\ADAM\\__MACOSX\\ADAM\\Validation\\image\\._V0337.jpg'
._V0338.jpg,cannot identify image file 'D:\\OIO+\\DATASET_RETINA\\01.Originais\\AMD (Degeneração Macular Relacionada à Idade)\\ADAM\\__MACOSX\\ADAM\\Validation\\image\\._V0338.jpg'
._V0339.jpg,cannot identify image file 'D:\\OIO+\\DATASET_RETINA\\01.Originais\\AMD (Degeneração Macular Relacionada à Idade)\\ADAM\\__MACOSX\\ADAM\\Validation\\image\\._V0339.jpg'
._V0340.jpg,cannot identify image file 'D:\\OIO+\\DATASET_RETINA\\01.Originais\\AMD (Degeneração Macular Relacionada à Idade)\\ADAM\\__MACOSX\\ADAM\\Validation\\image\\._V0340.jpg'
._V0341.jpg,cannot identify image file 'D:\\OIO+\\DATASET_RETINA\\01.Originais\\AMD (Degeneração Macular Relacionada à Idade)\\ADAM\\__MACOSX\\ADAM\\Validation\\image\\._V0341.jpg'
._V0342.jpg,cannot identify image file 'D:\\OIO+\\DATASET_RETINA\\01.Originais\\AMD (Degeneração Macular Relacionada à Idade)\\ADAM\\__MACOSX\\ADAM\\Validation\\image\\._V0342.jpg'
._V0343.jpg,cannot identify image file 'D:\\OIO+\\DATASET_RETINA\\01.Originais\\AMD (Degeneração Macular Relacionada à Idade)\\ADAM\\__MACOSX\\ADAM\\Validation\\image\\._V0343.jpg'
._V0344.jpg,cannot identify image file 'D:\\OIO+\\DATASET_RETINA\\01.Originais\\AMD (Degeneração Macular Relacionada à Idade)\\ADAM\\__MACOSX\\ADAM\\Validation\\image\\._V0344.jpg'
._V0345.jpg,cannot identify image file 'D:\\OIO+\\DATASET_RETINA\\01.Originais\\AMD (Degeneração Macular Relacionada à Idade)\\ADAM\\__MACOSX\\ADAM\\Validation\\image\\._V0345.jpg'
._V0346.jpg,cannot identify image file 'D:\\OIO+\\DATASET_RETINA\\01.Originais\\AMD (Degeneração Macular Relacionada à Idade)\\ADAM\\__MACOSX\\ADAM\\Validation\\image\\._V0346.jpg'
._V0347.jpg,cannot identify image file 'D:\\OIO+\\DATASET_RETINA\\01.Originais\\AMD (Degeneração Macular Relacionada à Idade)\\ADAM\\__MACOSX\\ADAM\\Validation\\image\\._V0347.jpg'
._V0348.jpg,cannot identify image file 'D:\\OIO+\\DATASET_RETINA\\01.Originais\\AMD (Degeneração Macular Relacionada à Idade)\\ADAM\\__MACOSX\\ADAM\\Validation\\image\\._V0348.jpg'
._V0349.jpg,cannot identify image file 'D:\\OIO+\\DATASET_RETINA\\01.Originais\\AMD (Degeneração Macular Relacionada à Idade)\\ADAM\\__MACOSX\\ADAM\\Validation\\image\\._V0349.jpg'
._V0350.jpg,cannot identify image file 'D:\\OIO+\\DATASET_RETINA\\01.Originais\\AMD (Degeneração Macular Relacionada à Idade)\\ADAM\\__MACOSX\\ADAM\\Validation\\image\\._V0350.jpg'
._V0351.jpg,cannot identify image file 'D:\\OIO+\\DATASET_RETINA\\01.Originais\\AMD (Degeneração Macular Relacionada à Idade)\\ADAM\\__MACOSX\\ADAM\\Validation\\image\\._V0351.jpg'
._V0352.jpg,cannot identify image file 'D:\\OIO+\\DATASET_RETINA\\01.Originais\\AMD (Degeneração Macular Relacionada à Idade)\\ADAM\\__MACOSX\\ADAM\\Validation\\image\\._V0352.jpg'
._V0353.jpg,cannot identify image file 'D:\\OIO+\\DATASET_RETINA\\01.Originais\\AMD (Degeneração Macular Relacionada à Idade)\\ADAM\\__MACOSX\\ADAM\\Validation\\image\\._V0353.jpg'
._V0354.jpg,cannot identify image file 'D:\\OIO+\\DATASET_RETINA\\01.Originais\\AMD (Degeneração Macular Relacionada à Idade)\\ADAM\\__MACOSX\\ADAM\\Validation\\image\\._V0354.jpg'
._V0355.jpg,cannot identify image file 'D:\\OIO+\\DATASET_RETINA\\01.Originais\\AMD (Degeneração Macular Relacionada à Idade)\\ADAM\\__MACOSX\\ADAM\\Validation\\image\\._V0355.jpg'
._V0356.jpg,cannot identify image file 'D:\\OIO+\\DATASET_RETINA\\01.Originais\\AMD (Degeneração Macular Relacionada à Idade)\\ADAM\\__MACOSX\\ADAM\\Validation\\image\\._V0356.jpg'
._V0357.jpg,cannot identify image file 'D:\\OIO+\\DATASET_RETINA\\01.Originais\\AMD (Degeneração Macular Relacionada à Idade)\\ADAM\\__MACOSX\\ADAM\\Validation\\image\\._V0357.jpg'
._V0358.jpg,cannot identify image file 'D:\\OIO+\\DATASET_RETINA\\01.Originais\\AMD (Degeneração Macular Relacionada à Idade)\\ADAM\\__MACOSX\\ADAM\\Validation\\image\\._V0358.jpg'
._V0359.jpg,cannot identify image file 'D:\\OIO+\\DATASET_RETINA\\01.Originais\\AMD (Degeneração Macular Relacionada à Idade)\\ADAM\\__MACOSX\\ADAM\\Validation\\image\\._V0359.jpg'
._V0360.jpg,cannot identify image file 'D:\\OIO+\\DATASET_RETINA\\01.Originais\\AMD (Degeneração Macular Relacionada à Idade)\\ADAM\\__MACOSX\\ADAM\\Validation\\image\\._V0360.jpg'
._V0361.jpg,cannot identify image file 'D:\\OIO+\\DATASET_RETINA\\01.Originais\\AMD (Degeneração Macular Relacionada à Idade)\\ADAM\\__MACOSX\\ADAM\\Validation\\image\\._V0361.jpg'
._V0362.jpg,cannot identify image file 'D:\\OIO+\\DATASET_RETINA\\01.Originais\\AMD (Degeneração Macular Relacionada à Idade)\\ADAM\\__MACOSX\\ADAM\\Validation\\image\\._V0362.jpg'
._V0363.jpg,cannot identify image file 'D:\\OIO+\\DATASET_RETINA\\01.Originais\\AMD (Degeneração Macular Relacionada à Idade)\\ADAM\\__MACOSX\\ADAM\\Validation\\image\\._V0363.jpg'
._V0364.jpg,cannot identify image file 'D:\\OIO+\\DATASET_RETINA\\01.Originais\\AMD (Degeneração Macular Relacionada à Idade)\\ADAM\\__MACOSX\\ADAM\\Validation\\image\\._V0364.jpg'
._V0365.jpg,cannot identify image file 'D:\\OIO+\\DATASET_RETINA\\01.Originais\\AMD (Degeneração Macular Relacionada à Idade)\\ADAM\\__MACOSX\\ADAM\\Validation\\image\\._V0365.jpg'
._V0366.jpg,cannot identify image file 'D:\\OIO+\\DATASET_RETINA\\01.Originais\\AMD (Degeneração Macular Relacionada à Idade)\\ADAM\\__MACOSX\\ADAM\\Validation\\image\\._V0366.jpg'
._V0367.jpg,cannot identify image file 'D:\\OIO+\\DATASET_RETINA\\01.Originais\\AMD (Degeneração Macular Relacionada à Idade)\\ADAM\\__MACOSX\\ADAM\\Validation\\image\\._V0367.jpg'
._V0368.jpg,cannot identify image file 'D:\\OIO+\\DATASET_RETINA\\01.Originais\\AMD (Degeneração Macular Relacionada à Idade)\\ADAM\\__MACOSX\\ADAM\\Validation\\image\\._V0368.jpg'
._V0369.jpg,cannot identify image file 'D:\\OIO+\\DATASET_RETINA\\01.Originais\\AMD (Degeneração Macular Relacionada à Idade)\\ADAM\\__MACOSX\\ADAM\\Validation\\image\\._V0369.jpg'
._V0370.jpg,cannot identify image file 'D:\\OIO+\\DATASET_RETINA\\01.Originais\\AMD (Degeneração Macular Relacionada à Idade)\\ADAM\\__MACOSX\\ADAM\\Validation\\image\\._V0370.jpg'
._V0371.jpg,cannot identify image file 'D:\\OIO+\\DATASET_RETINA\\01.Originais\\AMD (Degeneração Macular Relacionada à Idade)\\ADAM\\__MACOSX\\ADAM\\Validation\\image\\._V0371.jpg'
._V0372.jpg,cannot identify image file 'D:\\OIO+\\DATASET_RETINA\\01.Originais\\AMD (Degeneração Macular Relacionada à Idade)\\ADAM\\__MACOSX\\ADAM\\Validation\\image\\._V0372.jpg'
._V0373.jpg,cannot identify image file 'D:\\OIO+\\DATASET_RETINA\\01.Originais\\AMD (Degeneração Macular Relacionada à Idade)\\ADAM\\__MACOSX\\ADAM\\Validation\\image\\._V0373.jpg'
._V0374.jpg,cannot identify image file 'D:\\OIO+\\DATASET_RETINA\\01.Originais\\AMD (Degeneração Macular Relacionada à Idade)\\ADAM\\__MACOSX\\ADAM\\Validation\\image\\._V0374.jpg'
._V0375.jpg,cannot identify image file 'D:\\OIO+\\DATASET_RETINA\\01.Originais\\AMD (Degeneração Macular Relacionada à Idade)\\ADAM\\__MACOSX\\ADAM\\Validation\\image\\._V0375.jpg'
._V0376.jpg,cannot identify image file 'D:\\OIO+\\DATASET_RETINA\\01.Originais\\AMD (Degeneração Macular Relacionada à Idade)\\ADAM\\__MACOSX\\ADAM\\Validation\\image\\._V0376.jpg'
._V0377.jpg,cannot identify image file 'D:\\OIO+\\DATASET_RETINA\\01.Originais\\AMD (Degeneração Macular Relacionada à Idade)\\ADAM\\__MACOSX\\ADAM\\Validation\\image\\._V0377.jpg'
._V0378.jpg,cannot identify image file 'D:\\OIO+\\DATASET_RETINA\\01.Originais\\AMD (Degeneração Macular Relacionada à Idade)\\ADAM\\__MACOSX\\ADAM\\Validation\\image\\._V0378.jpg'
._V0379.jpg,cannot identify image file 'D:\\OIO+\\DATASET_RETINA\\01.Originais\\AMD (Degeneração Macular Relacionada à Idade)\\ADAM\\__MACOSX\\ADAM\\Validation\\image\\._V0379.jpg'
._V0380.jpg,cannot identify image file 'D:\\OIO+\\DATASET_RETINA\\01.Originais\\AMD (Degeneração Macular Relacionada à Idade)\\ADAM\\__MACOSX\\ADAM\\Validation\\image\\._V0380.jpg'
._V0381.jpg,cannot identify image file 'D:\\OIO+\\DATASET_RETINA\\01.Originais\\AMD (Degeneração Macular Relacionada à Idade)\\ADAM\\__MACOSX\\ADAM\\Validation\\image\\._V0381.jpg'
._V0382.jpg,cannot identify image file 'D:\\OIO+\\DATASET_RETINA\\01.Originais\\AMD (Degeneração Macular Relacionada à Idade)\\ADAM\\__MACOSX\\ADAM\\Validation\\image\\._V0382.jpg'
._V0383.jpg,cannot identify image file 'D:\\OIO+\\DATASET_RETINA\\01.Originais\\AMD (Degeneração Macular Relacionada à Idade)\\ADAM\\__MACOSX\\ADAM\\Validation\\image\\._V0383.jpg'
._V0384.jpg,cannot identify image file 'D:\\OIO+\\DATASET_RETINA\\01.Originais\\AMD (Degeneração Macular Relacionada à Idade)\\ADAM\\__MACOSX\\ADAM\\Validation\\image\\._V0384.jpg'
._V0385.jpg,cannot identify image file 'D:\\OIO+\\DATASET_RETINA\\01.Originais\\AMD (Degeneração Macular Relacionada à Idade)\\ADAM\\__MACOSX\\ADAM\\Validation\\image\\._V0385.jpg'
._V0386.jpg,cannot identify image file 'D:\\OIO+\\DATASET_RETINA\\01.Originais\\AMD (Degeneração Macular Relacionada à Idade)\\ADAM\\__MACOSX\\ADAM\\Validation\\image\\._V0386.jpg'
._V0387.jpg,cannot identify image file 'D:\\OIO+\\DATASET_RETINA\\01.Originais\\AMD (Degeneração Macular Relacionada à Idade)\\ADAM\\__MACOSX\\ADAM\\Validation\\image\\._V0387.jpg'
._V0388.jpg,cannot identify image file 'D:\\OIO+\\DATASET_RETINA\\01.Originais\\AMD (Degeneração Macular Relacionada à Idade)\\ADAM\\__MACOSX\\ADAM\\Validation\\image\\._V0388.jpg'
._V0389.jpg,cannot identify image file 'D:\\OIO+\\DATASET_RETINA\\01.Originais\\AMD (Degeneração Macular Relacionada à Idade)\\ADAM\\__MACOSX\\ADAM\\Validation\\image\\._V0389.jpg'
._V0390.jpg,cannot identify image file 'D:\\OIO+\\DATASET_RETINA\\01.Originais\\AMD (Degeneração Macular Relacionada à Idade)\\ADAM\\__MACOSX\\ADAM\\Validation\\image\\._V0390.jpg'
._V0391.jpg,cannot identify image file 'D:\\OIO+\\DATASET_RETINA\\01.Originais\\AMD (Degeneração Macular Relacionada à Idade)\\ADAM\\__MACOSX\\ADAM\\Validation\\image\\._V0391.jpg'
._V0392.jpg,cannot identify image file 'D:\\OIO+\\DATASET_RETINA\\01.Originais\\AMD (Degeneração Macular Relacionada à Idade)\\ADAM\\__MACOSX\\ADAM\\Validation\\image\\._V0392.jpg'
._V0393.jpg,cannot identify image file 'D:\\OIO+\\DATASET_RETINA\\01.Originais\\AMD (Degeneração Macular Relacionada à Idade)\\ADAM\\__MACOSX\\ADAM\\Validation\\image\\._V0393.jpg'
._V0394.jpg,cannot identify image file 'D:\\OIO+\\DATASET_RETINA\\01.Originais\\AMD (Degeneração Macular Relacionada à Idade)\\ADAM\\__MACOSX\\ADAM\\Validation\\image\\._V0394.jpg'
._V0395.jpg,cannot identify image file 'D:\\OIO+\\DATASET_RETINA\\01.Originais\\AMD (Degeneração Macular Relacionada à Idade)\\ADAM\\__MACOSX\\ADAM\\Validation\\image\\._V0395.jpg'
._V0396.jpg,cannot identify image file 'D:\\OIO+\\DATASET_RETINA\\01.Originais\\AMD (Degeneração Macular Relacionada à Idade)\\ADAM\\__MACOSX\\ADAM\\Validation\\image\\._V0396.jpg'
._V0397.jpg,cannot identify image file 'D:\\OIO+\\DATASET_RETINA\\01.Originais\\AMD (Degeneração Macular Relacionada à Idade)\\ADAM\\__MACOSX\\ADAM\\Validation\\image\\._V0397.jpg'
._V0398.jpg,cannot identify image file 'D:\\OIO+\\DATASET_RETINA\\01.Originais\\AMD (Degeneração Macular Relacionada à Idade)\\ADAM\\__MACOSX\\ADAM\\Validation\\image\\._V0398.jpg'
._V0399.jpg,cannot identify image file 'D:\\OIO+\\DATASET_RETINA\\01.Originais\\AMD (Degeneração Macular Relacionada à Idade)\\ADAM\\__MACOSX\\ADAM\\Validation\\image\\._V0399.jpg'
._V0400.jpg,cannot identify image file 'D:\\OIO+\\DATASET_RETINA\\01.Originais\\AMD (Degeneração Macular Relacionada à Idade)\\ADAM\\__MACOSX\\ADAM\\Validation\\image\\._V0400.jpg'
._V0001.jpg,cannot identify image file 'D:\\OIO+\\DATASET_RETINA\\01.Originais\\AMD (Degeneração Macular Relacionada à Idade)\\ADAM\\__MACOSX\\ADAM\\Validation\\Lesion_Illustration\\._V0001.jpg'
._V0002.jpg,cannot identify image file 'D:\\OIO+\\DATASET_RETINA\\01.Originais\\AMD (Degeneração Macular Relacionada à Idade)\\ADAM\\__MACOSX\\ADAM\\Validation\\Lesion_Illustration\\._V0002.jpg'
._V0003.jpg,cannot identify image file 'D:\\OIO+\\DATASET_RETINA\\01.Originais\\AMD (Degeneração Macular Relacionada à Idade)\\ADAM\\__MACOSX\\ADAM\\Validation\\Lesion_Illustration\\._V0003.jpg'
._V0004.jpg,cannot identify image file 'D:\\OIO+\\DATASET_RETINA\\01.Originais\\AMD (Degeneração Macular Relacionada à Idade)\\ADAM\\__MACOSX\\ADAM\\Validation\\Lesion_Illustration\\._V0004.jpg'
._V0005.jpg,cannot identify image file 'D:\\OIO+\\DATASET_RETINA\\01.Originais\\AMD (Degeneração Macular Relacionada à Idade)\\ADAM\\__MACOSX\\ADAM\\Validation\\Lesion_Illustration\\._V0005.jpg'
._V0006.jpg,cannot identify image file 'D:\\OIO+\\DATASET_RETINA\\01.Originais\\AMD (Degeneração Macular Relacionada à Idade)\\ADAM\\__MACOSX\\ADAM\\Validation\\Lesion_Illustration\\._V0006.jpg'
._V0007.jpg,cannot identify image file 'D:\\OIO+\\DATASET_RETINA\\01.Originais\\AMD (Degeneração Macular Relacionada à Idade)\\ADAM\\__MACOSX\\ADAM\\Validation\\Lesion_Illustration\\._V0007.jpg'
._V0008.jpg,cannot identify image file 'D:\\OIO+\\DATASET_RETINA\\01.Originais\\AMD (Degeneração Macular Relacionada à Idade)\\ADAM\\__MACOSX\\ADAM\\Validation\\Lesion_Illustration\\._V0008.jpg'
._V0009.jpg,cannot identify image file 'D:\\OIO+\\DATASET_RETINA\\01.Originais\\AMD (Degeneração Macular Relacionada à Idade)\\ADAM\\__MACOSX\\ADAM\\Validation\\Lesion_Illustration\\._V0009.jpg'
._V0010.jpg,cannot identify image file 'D:\\OIO+\\DATASET_RETINA\\01.Originais\\AMD (Degeneração Macular Relacionada à Idade)\\ADAM\\__MACOSX\\ADAM\\Validation\\Lesion_Illustration\\._V0010.jpg'
._V0011.jpg,cannot identify image file 'D:\\OIO+\\DATASET_RETINA\\01.Originais\\AMD (Degeneração Macular Relacionada à Idade)\\ADAM\\__MACOSX\\ADAM\\Validation\\Lesion_Illustration\\._V0011.jpg'
._V0012.jpg,cannot identify image file 'D:\\OIO+\\DATASET_RETINA\\01.Originais\\AMD (Degeneração Macular Relacionada à Idade)\\ADAM\\__MACOSX\\ADAM\\Validation\\Lesion_Illustration\\._V0012.jpg'
._V0013.jpg,cannot identify image file 'D:\\OIO+\\DATASET_RETINA\\01.Originais\\AMD (Degeneração Macular Relacionada à Idade)\\ADAM\\__MACOSX\\ADAM\\Validation\\Lesion_Illustration\\._V0013.jpg'
._V0014.jpg,cannot identify image file 'D:\\OIO+\\DATASET_RETINA\\01.Originais\\AMD (Degeneração Macular Relacionada à Idade)\\ADAM\\__MACOSX\\ADAM\\Validation\\Lesion_Illustration\\._V0014.jpg'
._V0015.jpg,cannot identify image file 'D:\\OIO+\\DATASET_RETINA\\01.Originais\\AMD (Degeneração Macular Relacionada à Idade)\\ADAM\\__MACOSX\\ADAM\\Validation\\Lesion_Illustration\\._V0015.jpg'
._V0016.jpg,cannot identify image file 'D:\\OIO+\\DATASET_RETINA\\01.Originais\\AMD (Degeneração Macular Relacionada à Idade)\\ADAM\\__MACOSX\\ADAM\\Validation\\Lesion_Illustration\\._V0016.jpg'
._V0017.jpg,cannot identify image file 'D:\\OIO+\\DATASET_RETINA\\01.Originais\\AMD (Degeneração Macular Relacionada à Idade)\\ADAM\\__MACOSX\\ADAM\\Validation\\Lesion_Illustration\\._V0017.jpg'
._V0018.jpg,cannot identify image file 'D:\\OIO+\\DATASET_RETINA\\01.Originais\\AMD (Degeneração Macular Relacionada à Idade)\\ADAM\\__MACOSX\\ADAM\\Validation\\Lesion_Illustration\\._V0018.jpg'
._V0019.jpg,cannot identify image file 'D:\\OIO+\\DATASET_RETINA\\01.Originais\\AMD (Degeneração Macular Relacionada à Idade)\\ADAM\\__MACOSX\\ADAM\\Validation\\Lesion_Illustration\\._V0019.jpg'
._V0020.jpg,cannot identify image file 'D:\\OIO+\\DATASET_RETINA\\01.Originais\\AMD (Degeneração Macular Relacionada à Idade)\\ADAM\\__MACOSX\\ADAM\\Validation\\Lesion_Illustration\\._V0020.jpg'
._V0021.jpg,cannot identify image file 'D:\\OIO+\\DATASET_RETINA\\01.Originais\\AMD (Degeneração Macular Relacionada à Idade)\\ADAM\\__MACOSX\\ADAM\\Validation\\Lesion_Illustration\\._V0021.jpg'
._V0022.jpg,cannot identify image file 'D:\\OIO+\\DATASET_RETINA\\01.Originais\\AMD (Degeneração Macular Relacionada à Idade)\\ADAM\\__MACOSX\\ADAM\\Validation\\Lesion_Illustration\\._V0022.jpg'
._V0023.jpg,cannot identify image file 'D:\\OIO+\\DATASET_RETINA\\01.Originais\\AMD (Degeneração Macular Relacionada à Idade)\\ADAM\\__MACOSX\\ADAM\\Validation\\Lesion_Illustration\\._V0023.jpg'
._V0024.jpg,cannot identify image file 'D:\\OIO+\\DATASET_RETINA\\01.Originais\\AMD (Degeneração Macular Relacionada à Idade)\\ADAM\\__MACOSX\\ADAM\\Validation\\Lesion_Illustration\\._V0024.jpg'
._V0025.jpg,cannot identify image file 'D:\\OIO+\\DATASET_RETINA\\01.Originais\\AMD (Degeneração Macular Relacionada à Idade)\\ADAM\\__MACOSX\\ADAM\\Validation\\Lesion_Illustration\\._V0025.jpg'
._V0026.jpg,cannot identify image file 'D:\\OIO+\\DATASET_RETINA\\01.Originais\\AMD (Degeneração Macular Relacionada à Idade)\\ADAM\\__MACOSX\\ADAM\\Validation\\Lesion_Illustration\\._V0026.jpg'
._V0027.jpg,cannot identify image file 'D:\\OIO+\\DATASET_RETINA\\01.Originais\\AMD (Degeneração Macular Relacionada à Idade)\\ADAM\\__MACOSX\\ADAM\\Validation\\Lesion_Illustration\\._V0027.jpg'
._V0028.jpg,cannot identify image file 'D:\\OIO+\\DATASET_RETINA\\01.Originais\\AMD (Degeneração Macular Relacionada à Idade)\\ADAM\\__MACOSX\\ADAM\\Validation\\Lesion_Illustration\\._V0028.jpg'
._V0029.jpg,cannot identify image file 'D:\\OIO+\\DATASET_RETINA\\01.Originais\\AMD (Degeneração Macular Relacionada à Idade)\\ADAM\\__MACOSX\\ADAM\\Validation\\Lesion_Illustration\\._V0029.jpg'
._V0030.jpg,cannot identify image file 'D:\\OIO+\\DATASET_RETINA\\01.Originais\\AMD (Degeneração Macular Relacionada à Idade)\\ADAM\\__MACOSX\\ADAM\\Validation\\Lesion_Illustration\\._V0030.jpg'
._V0031.jpg,cannot identify image file 'D:\\OIO+\\DATASET_RETINA\\01.Originais\\AMD (Degeneração Macular Relacionada à Idade)\\ADAM\\__MACOSX\\ADAM\\Validation\\Lesion_Illustration\\._V0031.jpg'
._V0032.jpg,cannot identify image file 'D:\\OIO+\\DATASET_RETINA\\01.Originais\\AMD (Degeneração Macular Relacionada à Idade)\\ADAM\\__MACOSX\\ADAM\\Validation\\Lesion_Illustration\\._V0032.jpg'
._V0033.jpg,cannot identify image file 'D:\\OIO+\\DATASET_RETINA\\01.Originais\\AMD (Degeneração Macular Relacionada à Idade)\\ADAM\\__MACOSX\\ADAM\\Validation\\Lesion_Illustration\\._V0033.jpg'
._V0034.jpg,cannot identify image file 'D:\\OIO+\\DATASET_RETINA\\01.Originais\\AMD (Degeneração Macular Relacionada à Idade)\\ADAM\\__MACOSX\\ADAM\\Validation\\Lesion_Illustration\\._V0034.jpg'
._V0035.jpg,cannot identify image file 'D:\\OIO+\\DATASET_RETINA\\01.Originais\\AMD (Degeneração Macular Relacionada à Idade)\\ADAM\\__MACOSX\\ADAM\\Validation\\Lesion_Illustration\\._V0035.jpg'
._V0036.jpg,cannot identify image file 'D:\\OIO+\\DATASET_RETINA\\01.Originais\\AMD (Degeneração Macular Relacionada à Idade)\\ADAM\\__MACOSX\\ADAM\\Validation\\Lesion_Illustration\\._V0036.jpg'
._V0037.jpg,cannot identify image file 'D:\\OIO+\\DATASET_RETINA\\01.Originais\\AMD (Degeneração Macular Relacionada à Idade)\\ADAM\\__MACOSX\\ADAM\\Validation\\Lesion_Illustration\\._V0037.jpg'
._V0038.jpg,cannot identify image file 'D:\\OIO+\\DATASET_RETINA\\01.Originais\\AMD (Degeneração Macular Relacionada à Idade)\\ADAM\\__MACOSX\\ADAM\\Validation\\Lesion_Illustration\\._V0038.jpg'
._V0039.jpg,cannot identify image file 'D:\\OIO+\\DATASET_RETINA\\01.Originais\\AMD (Degeneração Macular Relacionada à Idade)\\ADAM\\__MACOSX\\ADAM\\Validation\\Lesion_Illustration\\._V0039.jpg'
._V0040.jpg,cannot identify image file 'D:\\OIO+\\DATASET_RETINA\\01.Originais\\AMD (Degeneração Macular Relacionada à Idade)\\ADAM\\__MACOSX\\ADAM\\Validation\\Lesion_Illustration\\._V0040.jpg'
._V0041.jpg,cannot identify image file 'D:\\OIO+\\DATASET_RETINA\\01.Originais\\AMD (Degeneração Macular Relacionada à Idade)\\ADAM\\__MACOSX\\ADAM\\Validation\\Lesion_Illustration\\._V0041.jpg'
._V0042.jpg,cannot identify image file 'D:\\OIO+\\DATASET_RETINA\\01.Originais\\AMD (Degeneração Macular Relacionada à Idade)\\ADAM\\__MACOSX\\ADAM\\Validation\\Lesion_Illustration\\._V0042.jpg'
._V0043.jpg,cannot identify image file 'D:\\OIO+\\DATASET_RETINA\\01.Originais\\AMD (Degeneração Macular Relacionada à Idade)\\ADAM\\__MACOSX\\ADAM\\Validation\\Lesion_Illustration\\._V0043.jpg'
._V0044.jpg,cannot identify image file 'D:\\OIO+\\DATASET_RETINA\\01.Originais\\AMD (Degeneração Macular Relacionada à Idade)\\ADAM\\__MACOSX\\ADAM\\Validation\\Lesion_Illustration\\._V0044.jpg'
._V0045.jpg,cannot identify image file 'D:\\OIO+\\DATASET_RETINA\\01.Originais\\AMD (Degeneração Macular Relacionada à Idade)\\ADAM\\__MACOSX\\ADAM\\Validation\\Lesion_Illustration\\._V0045.jpg'
._V0046.jpg,cannot identify image file 'D:\\OIO+\\DATASET_RETINA\\01.Originais\\AMD (Degeneração Macular Relacionada à Idade)\\ADAM\\__MACOSX\\ADAM\\Validation\\Lesion_Illustration\\._V0046.jpg'
._V0047.jpg,cannot identify image file 'D:\\OIO+\\DATASET_RETINA\\01.Originais\\AMD (Degeneração Macular Relacionada à Idade)\\ADAM\\__MACOSX\\ADAM\\Validation\\Lesion_Illustration\\._V0047.jpg'
._V0048.jpg,cannot identify image file 'D:\\OIO+\\DATASET_RETINA\\01.Originais\\AMD (Degeneração Macular Relacionada à Idade)\\ADAM\\__MACOSX\\ADAM\\Validation\\Lesion_Illustration\\._V0048.jpg'
._V0049.jpg,cannot identify image file 'D:\\OIO+\\DATASET_RETINA\\01.Originais\\AMD (Degeneração Macular Relacionada à Idade)\\ADAM\\__MACOSX\\ADAM\\Validation\\Lesion_Illustration\\._V0049.jpg'
._V0050.jpg,cannot identify image file 'D:\\OIO+\\DATASET_RETINA\\01.Originais\\AMD (Degeneração Macular Relacionada à Idade)\\ADAM\\__MACOSX\\ADAM\\Validation\\Lesion_Illustration\\._V0050.jpg'
._V0051.jpg,cannot identify image file 'D:\\OIO+\\DATASET_RETINA\\01.Originais\\AMD (Degeneração Macular Relacionada à Idade)\\ADAM\\__MACOSX\\ADAM\\Validation\\Lesion_Illustration\\._V0051.jpg'
._V0052.jpg,cannot identify image file 'D:\\OIO+\\DATASET_RETINA\\01.Originais\\AMD (Degeneração Macular Relacionada à Idade)\\ADAM\\__MACOSX\\ADAM\\Validation\\Lesion_Illustration\\._V0052.jpg'
._V0053.jpg,cannot identify image file 'D:\\OIO+\\DATASET_RETINA\\01.Originais\\AMD (Degeneração Macular Relacionada à Idade)\\ADAM\\__MACOSX\\ADAM\\Validation\\Lesion_Illustration\\._V0053.jpg'
._V0054.jpg,cannot identify image file 'D:\\OIO+\\DATASET_RETINA\\01.Originais\\AMD (Degeneração Macular Relacionada à Idade)\\ADAM\\__MACOSX\\ADAM\\Validation\\Lesion_Illustration\\._V0054.jpg'
._V0055.jpg,cannot identify image file 'D:\\OIO+\\DATASET_RETINA\\01.Originais\\AMD (Degeneração Macular Relacionada à Idade)\\ADAM\\__MACOSX\\ADAM\\Validation\\Lesion_Illustration\\._V0055.jpg'
._V0056.jpg,cannot identify image file 'D:\\OIO+\\DATASET_RETINA\\01.Originais\\AMD (Degeneração Macular Relacionada à Idade)\\ADAM\\__MACOSX\\ADAM\\Validation\\Lesion_Illustration\\._V0056.jpg'
._V0057.jpg,cannot identify image file 'D:\\OIO+\\DATASET_RETINA\\01.Originais\\AMD (Degeneração Macular Relacionada à Idade)\\ADAM\\__MACOSX\\ADAM\\Validation\\Lesion_Illustration\\._V0057.jpg'
._V0058.jpg,cannot identify image file 'D:\\OIO+\\DATASET_RETINA\\01.Originais\\AMD (Degeneração Macular Relacionada à Idade)\\ADAM\\__MACOSX\\ADAM\\Validation\\Lesion_Illustration\\._V0058.jpg'
._V0059.jpg,cannot identify image file 'D:\\OIO+\\DATASET_RETINA\\01.Originais\\AMD (Degeneração Macular Relacionada à Idade)\\ADAM\\__MACOSX\\ADAM\\Validation\\Lesion_Illustration\\._V0059.jpg'
._V0060.jpg,cannot identify image file 'D:\\OIO+\\DATASET_RETINA\\01.Originais\\AMD (Degeneração Macular Relacionada à Idade)\\ADAM\\__MACOSX\\ADAM\\Validation\\Lesion_Illustration\\._V0060.jpg'
._V0061.jpg,cannot identify image file 'D:\\OIO+\\DATASET_RETINA\\01.Originais\\AMD (Degeneração Macular Relacionada à Idade)\\ADAM\\__MACOSX\\ADAM\\Validation\\Lesion_Illustration\\._V0061.jpg'
._V0062.jpg,cannot identify image file 'D:\\OIO+\\DATASET_RETINA\\01.Originais\\AMD (Degeneração Macular Relacionada à Idade)\\ADAM\\__MACOSX\\ADAM\\Validation\\Lesion_Illustration\\._V0062.jpg'
._V0063.jpg,cannot identify image file 'D:\\OIO+\\DATASET_RETINA\\01.Originais\\AMD (Degeneração Macular Relacionada à Idade)\\ADAM\\__MACOSX\\ADAM\\Validation\\Lesion_Illustration\\._V0063.jpg'
._V0064.jpg,cannot identify image file 'D:\\OIO+\\DATASET_RETINA\\01.Originais\\AMD (Degeneração Macular Relacionada à Idade)\\ADAM\\__MACOSX\\ADAM\\Validation\\Lesion_Illustration\\._V0064.jpg'
._V0065.jpg,cannot identify image file 'D:\\OIO+\\DATASET_RETINA\\01.Originais\\AMD (Degeneração Macular Relacionada à Idade)\\ADAM\\__MACOSX\\ADAM\\Validation\\Lesion_Illustration\\._V0065.jpg'
._V0066.jpg,cannot identify image file 'D:\\OIO+\\DATASET_RETINA\\01.Originais\\AMD (Degeneração Macular Relacionada à Idade)\\ADAM\\__MACOSX\\ADAM\\Validation\\Lesion_Illustration\\._V0066.jpg'
._V0067.jpg,cannot identify image file 'D:\\OIO+\\DATASET_RETINA\\01.Originais\\AMD (Degeneração Macular Relacionada à Idade)\\ADAM\\__MACOSX\\ADAM\\Validation\\Lesion_Illustration\\._V0067.jpg'
._V0068.jpg,cannot identify image file 'D:\\OIO+\\DATASET_RETINA\\01.Originais\\AMD (Degeneração Macular Relacionada à Idade)\\ADAM\\__MACOSX\\ADAM\\Validation\\Lesion_Illustration\\._V0068.jpg'
._V0069.jpg,cannot identify image file 'D:\\OIO+\\DATASET_RETINA\\01.Originais\\AMD (Degeneração Macular Relacionada à Idade)\\ADAM\\__MACOSX\\ADAM\\Validation\\Lesion_Illustration\\._V0069.jpg'
._V0070.jpg,cannot identify image file 'D:\\OIO+\\DATASET_RETINA\\01.Originais\\AMD (Degeneração Macular Relacionada à Idade)\\ADAM\\__MACOSX\\ADAM\\Validation\\Lesion_Illustration\\._V0070.jpg'
._V0071.jpg,cannot identify image file 'D:\\OIO+\\DATASET_RETINA\\01.Originais\\AMD (Degeneração Macular Relacionada à Idade)\\ADAM\\__MACOSX\\ADAM\\Validation\\Lesion_Illustration\\._V0071.jpg'
._V0072.jpg,cannot identify image file 'D:\\OIO+\\DATASET_RETINA\\01.Originais\\AMD (Degeneração Macular Relacionada à Idade)\\ADAM\\__MACOSX\\ADAM\\Validation\\Lesion_Illustration\\._V0072.jpg'
._V0073.jpg,cannot identify image file 'D:\\OIO+\\DATASET_RETINA\\01.Originais\\AMD (Degeneração Macular Relacionada à Idade)\\ADAM\\__MACOSX\\ADAM\\Validation\\Lesion_Illustration\\._V0073.jpg'
._V0074.jpg,cannot identify image file 'D:\\OIO+\\DATASET_RETINA\\01.Originais\\AMD (Degeneração Macular Relacionada à Idade)\\ADAM\\__MACOSX\\ADAM\\Validation\\Lesion_Illustration\\._V0074.jpg'
._V0075.jpg,cannot identify image file 'D:\\OIO+\\DATASET_RETINA\\01.Originais\\AMD (Degeneração Macular Relacionada à Idade)\\ADAM\\__MACOSX\\ADAM\\Validation\\Lesion_Illustration\\._V0075.jpg'
._V0076.jpg,cannot identify image file 'D:\\OIO+\\DATASET_RETINA\\01.Originais\\AMD (Degeneração Macular Relacionada à Idade)\\ADAM\\__MACOSX\\ADAM\\Validation\\Lesion_Illustration\\._V0076.jpg'
._V0077.jpg,cannot identify image file 'D:\\OIO+\\DATASET_RETINA\\01.Originais\\AMD (Degeneração Macular Relacionada à Idade)\\ADAM\\__MACOSX\\ADAM\\Validation\\Lesion_Illustration\\._V0077.jpg'
._V0078.jpg,cannot identify image file 'D:\\OIO+\\DATASET_RETINA\\01.Originais\\AMD (Degeneração Macular Relacionada à Idade)\\ADAM\\__MACOSX\\ADAM\\Validation\\Lesion_Illustration\\._V0078.jpg'
._V0079.jpg,cannot identify image file 'D:\\OIO+\\DATASET_RETINA\\01.Originais\\AMD (Degeneração Macular Relacionada à Idade)\\ADAM\\__MACOSX\\ADAM\\Validation\\Lesion_Illustration\\._V0079.jpg'
._V0080.jpg,cannot identify image file 'D:\\OIO+\\DATASET_RETINA\\01.Originais\\AMD (Degeneração Macular Relacionada à Idade)\\ADAM\\__MACOSX\\ADAM\\Validation\\Lesion_Illustration\\._V0080.jpg'
._V0081.jpg,cannot identify image file 'D:\\OIO+\\DATASET_RETINA\\01.Originais\\AMD (Degeneração Macular Relacionada à Idade)\\ADAM\\__MACOSX\\ADAM\\Validation\\Lesion_Illustration\\._V0081.jpg'
._V0082.jpg,cannot identify image file 'D:\\OIO+\\DATASET_RETINA\\01.Originais\\AMD (Degeneração Macular Relacionada à Idade)\\ADAM\\__MACOSX\\ADAM\\Validation\\Lesion_Illustration\\._V0082.jpg'
._V0083.jpg,cannot identify image file 'D:\\OIO+\\DATASET_RETINA\\01.Originais\\AMD (Degeneração Macular Relacionada à Idade)\\ADAM\\__MACOSX\\ADAM\\Validation\\Lesion_Illustration\\._V0083.jpg'
._V0084.jpg,cannot identify image file 'D:\\OIO+\\DATASET_RETINA\\01.Originais\\AMD (Degeneração Macular Relacionada à Idade)\\ADAM\\__MACOSX\\ADAM\\Validation\\Lesion_Illustration\\._V0084.jpg'
._V0085.jpg,cannot identify image file 'D:\\OIO+\\DATASET_RETINA\\01.Originais\\AMD (Degeneração Macular Relacionada à Idade)\\ADAM\\__MACOSX\\ADAM\\Validation\\Lesion_Illustration\\._V0085.jpg'
._V0086.jpg,cannot identify image file 'D:\\OIO+\\DATASET_RETINA\\01.Originais\\AMD (Degeneração Macular Relacionada à Idade)\\ADAM\\__MACOSX\\ADAM\\Validation\\Lesion_Illustration\\._V0086.jpg'
._V0087.jpg,cannot identify image file 'D:\\OIO+\\DATASET_RETINA\\01.Originais\\AMD (Degeneração Macular Relacionada à Idade)\\ADAM\\__MACOSX\\ADAM\\Validation\\Lesion_Illustration\\._V0087.jpg'
._V0088.jpg,cannot identify image file 'D:\\OIO+\\DATASET_RETINA\\01.Originais\\AMD (Degeneração Macular Relacionada à Idade)\\ADAM\\__MACOSX\\ADAM\\Validation\\Lesion_Illustration\\._V0088.jpg'
._V0089.jpg,cannot identify image file 'D:\\OIO+\\DATASET_RETINA\\01.Originais\\AMD (Degeneração Macular Relacionada à Idade)\\ADAM\\__MACOSX\\ADAM\\Validation\\Lesion_Illustration\\._V0089.jpg'
._V0090.jpg,cannot identify image file 'D:\\OIO+\\DATASET_RETINA\\01.Originais\\AMD (Degeneração Macular Relacionada à Idade)\\ADAM\\__MACOSX\\ADAM\\Validation\\Lesion_Illustration\\._V0090.jpg'
._V0091.jpg,cannot identify image file 'D:\\OIO+\\DATASET_RETINA\\01.Originais\\AMD (Degeneração Macular Relacionada à Idade)\\ADAM\\__MACOSX\\ADAM\\Validation\\Lesion_Illustration\\._V0091.jpg'
._V0092.jpg,cannot identify image file 'D:\\OIO+\\DATASET_RETINA\\01.Originais\\AMD (Degeneração Macular Relacionada à Idade)\\ADAM\\__MACOSX\\ADAM\\Validation\\Lesion_Illustration\\._V0092.jpg'
._V0093.jpg,cannot identify image file 'D:\\OIO+\\DATASET_RETINA\\01.Originais\\AMD (Degeneração Macular Relacionada à Idade)\\ADAM\\__MACOSX\\ADAM\\Validation\\Lesion_Illustration\\._V0093.jpg'
._V0094.jpg,cannot identify image file 'D:\\OIO+\\DATASET_RETINA\\01.Originais\\AMD (Degeneração Macular Relacionada à Idade)\\ADAM\\__MACOSX\\ADAM\\Validation\\Lesion_Illustration\\._V0094.jpg'
._V0095.jpg,cannot identify image file 'D:\\OIO+\\DATASET_RETINA\\01.Originais\\AMD (Degeneração Macular Relacionada à Idade)\\ADAM\\__MACOSX\\ADAM\\Validation\\Lesion_Illustration\\._V0095.jpg'
._V0096.jpg,cannot identify image file 'D:\\OIO+\\DATASET_RETINA\\01.Originais\\AMD (Degeneração Macular Relacionada à Idade)\\ADAM\\__MACOSX\\ADAM\\Validation\\Lesion_Illustration\\._V0096.jpg'
._V0097.jpg,cannot identify image file 'D:\\OIO+\\DATASET_RETINA\\01.Originais\\AMD (Degeneração Macular Relacionada à Idade)\\ADAM\\__MACOSX\\ADAM\\Validation\\Lesion_Illustration\\._V0097.jpg'
._V0098.jpg,cannot identify image file 'D:\\OIO+\\DATASET_RETINA\\01.Originais\\AMD (Degeneração Macular Relacionada à Idade)\\ADAM\\__MACOSX\\ADAM\\Validation\\Lesion_Illustration\\._V0098.jpg'
._V0099.jpg,cannot identify image file 'D:\\OIO+\\DATASET_RETINA\\01.Originais\\AMD (Degeneração Macular Relacionada à Idade)\\ADAM\\__MACOSX\\ADAM\\Validation\\Lesion_Illustration\\._V0099.jpg'
._V0100.jpg,cannot identify image file 'D:\\OIO+\\DATASET_RETINA\\01.Originais\\AMD (Degeneração Macular Relacionada à Idade)\\ADAM\\__MACOSX\\ADAM\\Validation\\Lesion_Illustration\\._V0100.jpg'
._V0101.jpg,cannot identify image file 'D:\\OIO+\\DATASET_RETINA\\01.Originais\\AMD (Degeneração Macular Relacionada à Idade)\\ADAM\\__MACOSX\\ADAM\\Validation\\Lesion_Illustration\\._V0101.jpg'
._V0102.jpg,cannot identify image file 'D:\\OIO+\\DATASET_RETINA\\01.Originais\\AMD (Degeneração Macular Relacionada à Idade)\\ADAM\\__MACOSX\\ADAM\\Validation\\Lesion_Illustration\\._V0102.jpg'
._V0103.jpg,cannot identify image file 'D:\\OIO+\\DATASET_RETINA\\01.Originais\\AMD (Degeneração Macular Relacionada à Idade)\\ADAM\\__MACOSX\\ADAM\\Validation\\Lesion_Illustration\\._V0103.jpg'
._V0104.jpg,cannot identify image file 'D:\\OIO+\\DATASET_RETINA\\01.Originais\\AMD (Degeneração Macular Relacionada à Idade)\\ADAM\\__MACOSX\\ADAM\\Validation\\Lesion_Illustration\\._V0104.jpg'
._V0105.jpg,cannot identify image file 'D:\\OIO+\\DATASET_RETINA\\01.Originais\\AMD (Degeneração Macular Relacionada à Idade)\\ADAM\\__MACOSX\\ADAM\\Validation\\Lesion_Illustration\\._V0105.jpg'
._V0106.jpg,cannot identify image file 'D:\\OIO+\\DATASET_RETINA\\01.Originais\\AMD (Degeneração Macular Relacionada à Idade)\\ADAM\\__MACOSX\\ADAM\\Validation\\Lesion_Illustration\\._V0106.jpg'
._V0107.jpg,cannot identify image file 'D:\\OIO+\\DATASET_RETINA\\01.Originais\\AMD (Degeneração Macular Relacionada à Idade)\\ADAM\\__MACOSX\\ADAM\\Validation\\Lesion_Illustration\\._V0107.jpg'
._V0108.jpg,cannot identify image file 'D:\\OIO+\\DATASET_RETINA\\01.Originais\\AMD (Degeneração Macular Relacionada à Idade)\\ADAM\\__MACOSX\\ADAM\\Validation\\Lesion_Illustration\\._V0108.jpg'
._V0109.jpg,cannot identify image file 'D:\\OIO+\\DATASET_RETINA\\01.Originais\\AMD (Degeneração Macular Relacionada à Idade)\\ADAM\\__MACOSX\\ADAM\\Validation\\Lesion_Illustration\\._V0109.jpg'
._V0110.jpg,cannot identify image file 'D:\\OIO+\\DATASET_RETINA\\01.Originais\\AMD (Degeneração Macular Relacionada à Idade)\\ADAM\\__MACOSX\\ADAM\\Validation\\Lesion_Illustration\\._V0110.jpg'
._V0111.jpg,cannot identify image file 'D:\\OIO+\\DATASET_RETINA\\01.Originais\\AMD (Degeneração Macular Relacionada à Idade)\\ADAM\\__MACOSX\\ADAM\\Validation\\Lesion_Illustration\\._V0111.jpg'
._V0112.jpg,cannot identify image file 'D:\\OIO+\\DATASET_RETINA\\01.Originais\\AMD (Degeneração Macular Relacionada à Idade)\\ADAM\\__MACOSX\\ADAM\\Validation\\Lesion_Illustration\\._V0112.jpg'
._V0113.jpg,cannot identify image file 'D:\\OIO+\\DATASET_RETINA\\01.Originais\\AMD (Degeneração Macular Relacionada à Idade)\\ADAM\\__MACOSX\\ADAM\\Validation\\Lesion_Illustration\\._V0113.jpg'
._V0114.jpg,cannot identify image file 'D:\\OIO+\\DATASET_RETINA\\01.Originais\\AMD (Degeneração Macular Relacionada à Idade)\\ADAM\\__MACOSX\\ADAM\\Validation\\Lesion_Illustration\\._V0114.jpg'
._V0115.jpg,cannot identify image file 'D:\\OIO+\\DATASET_RETINA\\01.Originais\\AMD (Degeneração Macular Relacionada à Idade)\\ADAM\\__MACOSX\\ADAM\\Validation\\Lesion_Illustration\\._V0115.jpg'
._V0116.jpg,cannot identify image file 'D:\\OIO+\\DATASET_RETINA\\01.Originais\\AMD (Degeneração Macular Relacionada à Idade)\\ADAM\\__MACOSX\\ADAM\\Validation\\Lesion_Illustration\\._V0116.jpg'
._V0117.jpg,cannot identify image file 'D:\\OIO+\\DATASET_RETINA\\01.Originais\\AMD (Degeneração Macular Relacionada à Idade)\\ADAM\\__MACOSX\\ADAM\\Validation\\Lesion_Illustration\\._V0117.jpg'
._V0118.jpg,cannot identify image file 'D:\\OIO+\\DATASET_RETINA\\01.Originais\\AMD (Degeneração Macular Relacionada à Idade)\\ADAM\\__MACOSX\\ADAM\\Validation\\Lesion_Illustration\\._V0118.jpg'
._V0119.jpg,cannot identify image file 'D:\\OIO+\\DATASET_RETINA\\01.Originais\\AMD (Degeneração Macular Relacionada à Idade)\\ADAM\\__MACOSX\\ADAM\\Validation\\Lesion_Illustration\\._V0119.jpg'
._V0120.jpg,cannot identify image file 'D:\\OIO+\\DATASET_RETINA\\01.Originais\\AMD (Degeneração Macular Relacionada à Idade)\\ADAM\\__MACOSX\\ADAM\\Validation\\Lesion_Illustration\\._V0120.jpg'
._V0121.jpg,cannot identify image file 'D:\\OIO+\\DATASET_RETINA\\01.Originais\\AMD (Degeneração Macular Relacionada à Idade)\\ADAM\\__MACOSX\\ADAM\\Validation\\Lesion_Illustration\\._V0121.jpg'
._V0122.jpg,cannot identify image file 'D:\\OIO+\\DATASET_RETINA\\01.Originais\\AMD (Degeneração Macular Relacionada à Idade)\\ADAM\\__MACOSX\\ADAM\\Validation\\Lesion_Illustration\\._V0122.jpg'
._V0123.jpg,cannot identify image file 'D:\\OIO+\\DATASET_RETINA\\01.Originais\\AMD (Degeneração Macular Relacionada à Idade)\\ADAM\\__MACOSX\\ADAM\\Validation\\Lesion_Illustration\\._V0123.jpg'
._V0124.jpg,cannot identify image file 'D:\\OIO+\\DATASET_RETINA\\01.Originais\\AMD (Degeneração Macular Relacionada à Idade)\\ADAM\\__MACOSX\\ADAM\\Validation\\Lesion_Illustration\\._V0124.jpg'
._V0125.jpg,cannot identify image file 'D:\\OIO+\\DATASET_RETINA\\01.Originais\\AMD (Degeneração Macular Relacionada à Idade)\\ADAM\\__MACOSX\\ADAM\\Validation\\Lesion_Illustration\\._V0125.jpg'
._V0126.jpg,cannot identify image file 'D:\\OIO+\\DATASET_RETINA\\01.Originais\\AMD (Degeneração Macular Relacionada à Idade)\\ADAM\\__MACOSX\\ADAM\\Validation\\Lesion_Illustration\\._V0126.jpg'
._V0127.jpg,cannot identify image file 'D:\\OIO+\\DATASET_RETINA\\01.Originais\\AMD (Degeneração Macular Relacionada à Idade)\\ADAM\\__MACOSX\\ADAM\\Validation\\Lesion_Illustration\\._V0127.jpg'
._V0128.jpg,cannot identify image file 'D:\\OIO+\\DATASET_RETINA\\01.Originais\\AMD (Degeneração Macular Relacionada à Idade)\\ADAM\\__MACOSX\\ADAM\\Validation\\Lesion_Illustration\\._V0128.jpg'
._V0129.jpg,cannot identify image file 'D:\\OIO+\\DATASET_RETINA\\01.Originais\\AMD (Degeneração Macular Relacionada à Idade)\\ADAM\\__MACOSX\\ADAM\\Validation\\Lesion_Illustration\\._V0129.jpg'
._V0130.jpg,cannot identify image file 'D:\\OIO+\\DATASET_RETINA\\01.Originais\\AMD (Degeneração Macular Relacionada à Idade)\\ADAM\\__MACOSX\\ADAM\\Validation\\Lesion_Illustration\\._V0130.jpg'
._V0131.jpg,cannot identify image file 'D:\\OIO+\\DATASET_RETINA\\01.Originais\\AMD (Degeneração Macular Relacionada à Idade)\\ADAM\\__MACOSX\\ADAM\\Validation\\Lesion_Illustration\\._V0131.jpg'
._V0132.jpg,cannot identify image file 'D:\\OIO+\\DATASET_RETINA\\01.Originais\\AMD (Degeneração Macular Relacionada à Idade)\\ADAM\\__MACOSX\\ADAM\\Validation\\Lesion_Illustration\\._V0132.jpg'
._V0133.jpg,cannot identify image file 'D:\\OIO+\\DATASET_RETINA\\01.Originais\\AMD (Degeneração Macular Relacionada à Idade)\\ADAM\\__MACOSX\\ADAM\\Validation\\Lesion_Illustration\\._V0133.jpg'
._V0134.jpg,cannot identify image file 'D:\\OIO+\\DATASET_RETINA\\01.Originais\\AMD (Degeneração Macular Relacionada à Idade)\\ADAM\\__MACOSX\\ADAM\\Validation\\Lesion_Illustration\\._V0134.jpg'
._V0135.jpg,cannot identify image file 'D:\\OIO+\\DATASET_RETINA\\01.Originais\\AMD (Degeneração Macular Relacionada à Idade)\\ADAM\\__MACOSX\\ADAM\\Validation\\Lesion_Illustration\\._V0135.jpg'
._V0136.jpg,cannot identify image file 'D:\\OIO+\\DATASET_RETINA\\01.Originais\\AMD (Degeneração Macular Relacionada à Idade)\\ADAM\\__MACOSX\\ADAM\\Validation\\Lesion_Illustration\\._V0136.jpg'
._V0137.jpg,cannot identify image file 'D:\\OIO+\\DATASET_RETINA\\01.Originais\\AMD (Degeneração Macular Relacionada à Idade)\\ADAM\\__MACOSX\\ADAM\\Validation\\Lesion_Illustration\\._V0137.jpg'
._V0138.jpg,cannot identify image file 'D:\\OIO+\\DATASET_RETINA\\01.Originais\\AMD (Degeneração Macular Relacionada à Idade)\\ADAM\\__MACOSX\\ADAM\\Validation\\Lesion_Illustration\\._V0138.jpg'
._V0139.jpg,cannot identify image file 'D:\\OIO+\\DATASET_RETINA\\01.Originais\\AMD (Degeneração Macular Relacionada à Idade)\\ADAM\\__MACOSX\\ADAM\\Validation\\Lesion_Illustration\\._V0139.jpg'
._V0140.jpg,cannot identify image file 'D:\\OIO+\\DATASET_RETINA\\01.Originais\\AMD (Degeneração Macular Relacionada à Idade)\\ADAM\\__MACOSX\\ADAM\\Validation\\Lesion_Illustration\\._V0140.jpg'
._V0141.jpg,cannot identify image file 'D:\\OIO+\\DATASET_RETINA\\01.Originais\\AMD (Degeneração Macular Relacionada à Idade)\\ADAM\\__MACOSX\\ADAM\\Validation\\Lesion_Illustration\\._V0141.jpg'
._V0142.jpg,cannot identify image file 'D:\\OIO+\\DATASET_RETINA\\01.Originais\\AMD (Degeneração Macular Relacionada à Idade)\\ADAM\\__MACOSX\\ADAM\\Validation\\Lesion_Illustration\\._V0142.jpg'
._V0143.jpg,cannot identify image file 'D:\\OIO+\\DATASET_RETINA\\01.Originais\\AMD (Degeneração Macular Relacionada à Idade)\\ADAM\\__MACOSX\\ADAM\\Validation\\Lesion_Illustration\\._V0143.jpg'
._V0144.jpg,cannot identify image file 'D:\\OIO+\\DATASET_RETINA\\01.Originais\\AMD (Degeneração Macular Relacionada à Idade)\\ADAM\\__MACOSX\\ADAM\\Validation\\Lesion_Illustration\\._V0144.jpg'
._V0145.jpg,cannot identify image file 'D:\\OIO+\\DATASET_RETINA\\01.Originais\\AMD (Degeneração Macular Relacionada à Idade)\\ADAM\\__MACOSX\\ADAM\\Validation\\Lesion_Illustration\\._V0145.jpg'
._V0146.jpg,cannot identify image file 'D:\\OIO+\\DATASET_RETINA\\01.Originais\\AMD (Degeneração Macular Relacionada à Idade)\\ADAM\\__MACOSX\\ADAM\\Validation\\Lesion_Illustration\\._V0146.jpg'
._V0147.jpg,cannot identify image file 'D:\\OIO+\\DATASET_RETINA\\01.Originais\\AMD (Degeneração Macular Relacionada à Idade)\\ADAM\\__MACOSX\\ADAM\\Validation\\Lesion_Illustration\\._V0147.jpg'
._V0148.jpg,cannot identify image file 'D:\\OIO+\\DATASET_RETINA\\01.Originais\\AMD (Degeneração Macular Relacionada à Idade)\\ADAM\\__MACOSX\\ADAM\\Validation\\Lesion_Illustration\\._V0148.jpg'
._V0149.jpg,cannot identify image file 'D:\\OIO+\\DATASET_RETINA\\01.Originais\\AMD (Degeneração Macular Relacionada à Idade)\\ADAM\\__MACOSX\\ADAM\\Validation\\Lesion_Illustration\\._V0149.jpg'
._V0150.jpg,cannot identify image file 'D:\\OIO+\\DATASET_RETINA\\01.Originais\\AMD (Degeneração Macular Relacionada à Idade)\\ADAM\\__MACOSX\\ADAM\\Validation\\Lesion_Illustration\\._V0150.jpg'
._V0151.jpg,cannot identify image file 'D:\\OIO+\\DATASET_RETINA\\01.Originais\\AMD (Degeneração Macular Relacionada à Idade)\\ADAM\\__MACOSX\\ADAM\\Validation\\Lesion_Illustration\\._V0151.jpg'
._V0152.jpg,cannot identify image file 'D:\\OIO+\\DATASET_RETINA\\01.Originais\\AMD (Degeneração Macular Relacionada à Idade)\\ADAM\\__MACOSX\\ADAM\\Validation\\Lesion_Illustration\\._V0152.jpg'
._V0153.jpg,cannot identify image file 'D:\\OIO+\\DATASET_RETINA\\01.Originais\\AMD (Degeneração Macular Relacionada à Idade)\\ADAM\\__MACOSX\\ADAM\\Validation\\Lesion_Illustration\\._V0153.jpg'
._V0154.jpg,cannot identify image file 'D:\\OIO+\\DATASET_RETINA\\01.Originais\\AMD (Degeneração Macular Relacionada à Idade)\\ADAM\\__MACOSX\\ADAM\\Validation\\Lesion_Illustration\\._V0154.jpg'
._V0155.jpg,cannot identify image file 'D:\\OIO+\\DATASET_RETINA\\01.Originais\\AMD (Degeneração Macular Relacionada à Idade)\\ADAM\\__MACOSX\\ADAM\\Validation\\Lesion_Illustration\\._V0155.jpg'
._V0156.jpg,cannot identify image file 'D:\\OIO+\\DATASET_RETINA\\01.Originais\\AMD (Degeneração Macular Relacionada à Idade)\\ADAM\\__MACOSX\\ADAM\\Validation\\Lesion_Illustration\\._V0156.jpg'
._V0157.jpg,cannot identify image file 'D:\\OIO+\\DATASET_RETINA\\01.Originais\\AMD (Degeneração Macular Relacionada à Idade)\\ADAM\\__MACOSX\\ADAM\\Validation\\Lesion_Illustration\\._V0157.jpg'
._V0158.jpg,cannot identify image file 'D:\\OIO+\\DATASET_RETINA\\01.Originais\\AMD (Degeneração Macular Relacionada à Idade)\\ADAM\\__MACOSX\\ADAM\\Validation\\Lesion_Illustration\\._V0158.jpg'
._V0159.jpg,cannot identify image file 'D:\\OIO+\\DATASET_RETINA\\01.Originais\\AMD (Degeneração Macular Relacionada à Idade)\\ADAM\\__MACOSX\\ADAM\\Validation\\Lesion_Illustration\\._V0159.jpg'
._V0160.jpg,cannot identify image file 'D:\\OIO+\\DATASET_RETINA\\01.Originais\\AMD (Degeneração Macular Relacionada à Idade)\\ADAM\\__MACOSX\\ADAM\\Validation\\Lesion_Illustration\\._V0160.jpg'
._V0161.jpg,cannot identify image file 'D:\\OIO+\\DATASET_RETINA\\01.Originais\\AMD (Degeneração Macular Relacionada à Idade)\\ADAM\\__MACOSX\\ADAM\\Validation\\Lesion_Illustration\\._V0161.jpg'
._V0162.jpg,cannot identify image file 'D:\\OIO+\\DATASET_RETINA\\01.Originais\\AMD (Degeneração Macular Relacionada à Idade)\\ADAM\\__MACOSX\\ADAM\\Validation\\Lesion_Illustration\\._V0162.jpg'
._V0163.jpg,cannot identify image file 'D:\\OIO+\\DATASET_RETINA\\01.Originais\\AMD (Degeneração Macular Relacionada à Idade)\\ADAM\\__MACOSX\\ADAM\\Validation\\Lesion_Illustration\\._V0163.jpg'
._V0164.jpg,cannot identify image file 'D:\\OIO+\\DATASET_RETINA\\01.Originais\\AMD (Degeneração Macular Relacionada à Idade)\\ADAM\\__MACOSX\\ADAM\\Validation\\Lesion_Illustration\\._V0164.jpg'
._V0165.jpg,cannot identify image file 'D:\\OIO+\\DATASET_RETINA\\01.Originais\\AMD (Degeneração Macular Relacionada à Idade)\\ADAM\\__MACOSX\\ADAM\\Validation\\Lesion_Illustration\\._V0165.jpg'
._V0166.jpg,cannot identify image file 'D:\\OIO+\\DATASET_RETINA\\01.Originais\\AMD (Degeneração Macular Relacionada à Idade)\\ADAM\\__MACOSX\\ADAM\\Validation\\Lesion_Illustration\\._V0166.jpg'
._V0167.jpg,cannot identify image file 'D:\\OIO+\\DATASET_RETINA\\01.Originais\\AMD (Degeneração Macular Relacionada à Idade)\\ADAM\\__MACOSX\\ADAM\\Validation\\Lesion_Illustration\\._V0167.jpg'
._V0168.jpg,cannot identify image file 'D:\\OIO+\\DATASET_RETINA\\01.Originais\\AMD (Degeneração Macular Relacionada à Idade)\\ADAM\\__MACOSX\\ADAM\\Validation\\Lesion_Illustration\\._V0168.jpg'
._V0169.jpg,cannot identify image file 'D:\\OIO+\\DATASET_RETINA\\01.Originais\\AMD (Degeneração Macular Relacionada à Idade)\\ADAM\\__MACOSX\\ADAM\\Validation\\Lesion_Illustration\\._V0169.jpg'
._V0170.jpg,cannot identify image file 'D:\\OIO+\\DATASET_RETINA\\01.Originais\\AMD (Degeneração Macular Relacionada à Idade)\\ADAM\\__MACOSX\\ADAM\\Validation\\Lesion_Illustration\\._V0170.jpg'
._V0171.jpg,cannot identify image file 'D:\\OIO+\\DATASET_RETINA\\01.Originais\\AMD (Degeneração Macular Relacionada à Idade)\\ADAM\\__MACOSX\\ADAM\\Validation\\Lesion_Illustration\\._V0171.jpg'
._V0172.jpg,cannot identify image file 'D:\\OIO+\\DATASET_RETINA\\01.Originais\\AMD (Degeneração Macular Relacionada à Idade)\\ADAM\\__MACOSX\\ADAM\\Validation\\Lesion_Illustration\\._V0172.jpg'
._V0173.jpg,cannot identify image file 'D:\\OIO+\\DATASET_RETINA\\01.Originais\\AMD (Degeneração Macular Relacionada à Idade)\\ADAM\\__MACOSX\\ADAM\\Validation\\Lesion_Illustration\\._V0173.jpg'
._V0174.jpg,cannot identify image file 'D:\\OIO+\\DATASET_RETINA\\01.Originais\\AMD (Degeneração Macular Relacionada à Idade)\\ADAM\\__MACOSX\\ADAM\\Validation\\Lesion_Illustration\\._V0174.jpg'
._V0175.jpg,cannot identify image file 'D:\\OIO+\\DATASET_RETINA\\01.Originais\\AMD (Degeneração Macular Relacionada à Idade)\\ADAM\\__MACOSX\\ADAM\\Validation\\Lesion_Illustration\\._V0175.jpg'
._V0176.jpg,cannot identify image file 'D:\\OIO+\\DATASET_RETINA\\01.Originais\\AMD (Degeneração Macular Relacionada à Idade)\\ADAM\\__MACOSX\\ADAM\\Validation\\Lesion_Illustration\\._V0176.jpg'
._V0177.jpg,cannot identify image file 'D:\\OIO+\\DATASET_RETINA\\01.Originais\\AMD (Degeneração Macular Relacionada à Idade)\\ADAM\\__MACOSX\\ADAM\\Validation\\Lesion_Illustration\\._V0177.jpg'
._V0178.jpg,cannot identify image file 'D:\\OIO+\\DATASET_RETINA\\01.Originais\\AMD (Degeneração Macular Relacionada à Idade)\\ADAM\\__MACOSX\\ADAM\\Validation\\Lesion_Illustration\\._V0178.jpg'
._V0179.jpg,cannot identify image file 'D:\\OIO+\\DATASET_RETINA\\01.Originais\\AMD (Degeneração Macular Relacionada à Idade)\\ADAM\\__MACOSX\\ADAM\\Validation\\Lesion_Illustration\\._V0179.jpg'
._V0180.jpg,cannot identify image file 'D:\\OIO+\\DATASET_RETINA\\01.Originais\\AMD (Degeneração Macular Relacionada à Idade)\\ADAM\\__MACOSX\\ADAM\\Validation\\Lesion_Illustration\\._V0180.jpg'
._V0181.jpg,cannot identify image file 'D:\\OIO+\\DATASET_RETINA\\01.Originais\\AMD (Degeneração Macular Relacionada à Idade)\\ADAM\\__MACOSX\\ADAM\\Validation\\Lesion_Illustration\\._V0181.jpg'
._V0182.jpg,cannot identify image file 'D:\\OIO+\\DATASET_RETINA\\01.Originais\\AMD (Degeneração Macular Relacionada à Idade)\\ADAM\\__MACOSX\\ADAM\\Validation\\Lesion_Illustration\\._V0182.jpg'
._V0183.jpg,cannot identify image file 'D:\\OIO+\\DATASET_RETINA\\01.Originais\\AMD (Degeneração Macular Relacionada à Idade)\\ADAM\\__MACOSX\\ADAM\\Validation\\Lesion_Illustration\\._V0183.jpg'
._V0184.jpg,cannot identify image file 'D:\\OIO+\\DATASET_RETINA\\01.Originais\\AMD (Degeneração Macular Relacionada à Idade)\\ADAM\\__MACOSX\\ADAM\\Validation\\Lesion_Illustration\\._V0184.jpg'
._V0185.jpg,cannot identify image file 'D:\\OIO+\\DATASET_RETINA\\01.Originais\\AMD (Degeneração Macular Relacionada à Idade)\\ADAM\\__MACOSX\\ADAM\\Validation\\Lesion_Illustration\\._V0185.jpg'
._V0186.jpg,cannot identify image file 'D:\\OIO+\\DATASET_RETINA\\01.Originais\\AMD (Degeneração Macular Relacionada à Idade)\\ADAM\\__MACOSX\\ADAM\\Validation\\Lesion_Illustration\\._V0186.jpg'
._V0187.jpg,cannot identify image file 'D:\\OIO+\\DATASET_RETINA\\01.Originais\\AMD (Degeneração Macular Relacionada à Idade)\\ADAM\\__MACOSX\\ADAM\\Validation\\Lesion_Illustration\\._V0187.jpg'
._V0188.jpg,cannot identify image file 'D:\\OIO+\\DATASET_RETINA\\01.Originais\\AMD (Degeneração Macular Relacionada à Idade)\\ADAM\\__MACOSX\\ADAM\\Validation\\Lesion_Illustration\\._V0188.jpg'
._V0189.jpg,cannot identify image file 'D:\\OIO+\\DATASET_RETINA\\01.Originais\\AMD (Degeneração Macular Relacionada à Idade)\\ADAM\\__MACOSX\\ADAM\\Validation\\Lesion_Illustration\\._V0189.jpg'
._V0190.jpg,cannot identify image file 'D:\\OIO+\\DATASET_RETINA\\01.Originais\\AMD (Degeneração Macular Relacionada à Idade)\\ADAM\\__MACOSX\\ADAM\\Validation\\Lesion_Illustration\\._V0190.jpg'
._V0191.jpg,cannot identify image file 'D:\\OIO+\\DATASET_RETINA\\01.Originais\\AMD (Degeneração Macular Relacionada à Idade)\\ADAM\\__MACOSX\\ADAM\\Validation\\Lesion_Illustration\\._V0191.jpg'
._V0192.jpg,cannot identify image file 'D:\\OIO+\\DATASET_RETINA\\01.Originais\\AMD (Degeneração Macular Relacionada à Idade)\\ADAM\\__MACOSX\\ADAM\\Validation\\Lesion_Illustration\\._V0192.jpg'
._V0193.jpg,cannot identify image file 'D:\\OIO+\\DATASET_RETINA\\01.Originais\\AMD (Degeneração Macular Relacionada à Idade)\\ADAM\\__MACOSX\\ADAM\\Validation\\Lesion_Illustration\\._V0193.jpg'
._V0194.jpg,cannot identify image file 'D:\\OIO+\\DATASET_RETINA\\01.Originais\\AMD (Degeneração Macular Relacionada à Idade)\\ADAM\\__MACOSX\\ADAM\\Validation\\Lesion_Illustration\\._V0194.jpg'
._V0195.jpg,cannot identify image file 'D:\\OIO+\\DATASET_RETINA\\01.Originais\\AMD (Degeneração Macular Relacionada à Idade)\\ADAM\\__MACOSX\\ADAM\\Validation\\Lesion_Illustration\\._V0195.jpg'
._V0196.jpg,cannot identify image file 'D:\\OIO+\\DATASET_RETINA\\01.Originais\\AMD (Degeneração Macular Relacionada à Idade)\\ADAM\\__MACOSX\\ADAM\\Validation\\Lesion_Illustration\\._V0196.jpg'
._V0197.jpg,cannot identify image file 'D:\\OIO+\\DATASET_RETINA\\01.Originais\\AMD (Degeneração Macular Relacionada à Idade)\\ADAM\\__MACOSX\\ADAM\\Validation\\Lesion_Illustration\\._V0197.jpg'
._V0198.jpg,cannot identify image file 'D:\\OIO+\\DATASET_RETINA\\01.Originais\\AMD (Degeneração Macular Relacionada à Idade)\\ADAM\\__MACOSX\\ADAM\\Validation\\Lesion_Illustration\\._V0198.jpg'
._V0199.jpg,cannot identify image file 'D:\\OIO+\\DATASET_RETINA\\01.Originais\\AMD (Degeneração Macular Relacionada à Idade)\\ADAM\\__MACOSX\\ADAM\\Validation\\Lesion_Illustration\\._V0199.jpg'
._V0200.jpg,cannot identify image file 'D:\\OIO+\\DATASET_RETINA\\01.Originais\\AMD (Degeneração Macular Relacionada à Idade)\\ADAM\\__MACOSX\\ADAM\\Validation\\Lesion_Illustration\\._V0200.jpg'
._V0201.jpg,cannot identify image file 'D:\\OIO+\\DATASET_RETINA\\01.Originais\\AMD (Degeneração Macular Relacionada à Idade)\\ADAM\\__MACOSX\\ADAM\\Validation\\Lesion_Illustration\\._V0201.jpg'
._V0202.jpg,cannot identify image file 'D:\\OIO+\\DATASET_RETINA\\01.Originais\\AMD (Degeneração Macular Relacionada à Idade)\\ADAM\\__MACOSX\\ADAM\\Validation\\Lesion_Illustration\\._V0202.jpg'
._V0203.jpg,cannot identify image file 'D:\\OIO+\\DATASET_RETINA\\01.Originais\\AMD (Degeneração Macular Relacionada à Idade)\\ADAM\\__MACOSX\\ADAM\\Validation\\Lesion_Illustration\\._V0203.jpg'
._V0204.jpg,cannot identify image file 'D:\\OIO+\\DATASET_RETINA\\01.Originais\\AMD (Degeneração Macular Relacionada à Idade)\\ADAM\\__MACOSX\\ADAM\\Validation\\Lesion_Illustration\\._V0204.jpg'
._V0205.jpg,cannot identify image file 'D:\\OIO+\\DATASET_RETINA\\01.Originais\\AMD (Degeneração Macular Relacionada à Idade)\\ADAM\\__MACOSX\\ADAM\\Validation\\Lesion_Illustration\\._V0205.jpg'
._V0206.jpg,cannot identify image file 'D:\\OIO+\\DATASET_RETINA\\01.Originais\\AMD (Degeneração Macular Relacionada à Idade)\\ADAM\\__MACOSX\\ADAM\\Validation\\Lesion_Illustration\\._V0206.jpg'
._V0207.jpg,cannot identify image file 'D:\\OIO+\\DATASET_RETINA\\01.Originais\\AMD (Degeneração Macular Relacionada à Idade)\\ADAM\\__MACOSX\\ADAM\\Validation\\Lesion_Illustration\\._V0207.jpg'
._V0208.jpg,cannot identify image file 'D:\\OIO+\\DATASET_RETINA\\01.Originais\\AMD (Degeneração Macular Relacionada à Idade)\\ADAM\\__MACOSX\\ADAM\\Validation\\Lesion_Illustration\\._V0208.jpg'
._V0209.jpg,cannot identify image file 'D:\\OIO+\\DATASET_RETINA\\01.Originais\\AMD (Degeneração Macular Relacionada à Idade)\\ADAM\\__MACOSX\\ADAM\\Validation\\Lesion_Illustration\\._V0209.jpg'
._V0210.jpg,cannot identify image file 'D:\\OIO+\\DATASET_RETINA\\01.Originais\\AMD (Degeneração Macular Relacionada à Idade)\\ADAM\\__MACOSX\\ADAM\\Validation\\Lesion_Illustration\\._V0210.jpg'
._V0211.jpg,cannot identify image file 'D:\\OIO+\\DATASET_RETINA\\01.Originais\\AMD (Degeneração Macular Relacionada à Idade)\\ADAM\\__MACOSX\\ADAM\\Validation\\Lesion_Illustration\\._V0211.jpg'
._V0212.jpg,cannot identify image file 'D:\\OIO+\\DATASET_RETINA\\01.Originais\\AMD (Degeneração Macular Relacionada à Idade)\\ADAM\\__MACOSX\\ADAM\\Validation\\Lesion_Illustration\\._V0212.jpg'
._V0213.jpg,cannot identify image file 'D:\\OIO+\\DATASET_RETINA\\01.Originais\\AMD (Degeneração Macular Relacionada à Idade)\\ADAM\\__MACOSX\\ADAM\\Validation\\Lesion_Illustration\\._V0213.jpg'
._V0214.jpg,cannot identify image file 'D:\\OIO+\\DATASET_RETINA\\01.Originais\\AMD (Degeneração Macular Relacionada à Idade)\\ADAM\\__MACOSX\\ADAM\\Validation\\Lesion_Illustration\\._V0214.jpg'
._V0215.jpg,cannot identify image file 'D:\\OIO+\\DATASET_RETINA\\01.Originais\\AMD (Degeneração Macular Relacionada à Idade)\\ADAM\\__MACOSX\\ADAM\\Validation\\Lesion_Illustration\\._V0215.jpg'
._V0216.jpg,cannot identify image file 'D:\\OIO+\\DATASET_RETINA\\01.Originais\\AMD (Degeneração Macular Relacionada à Idade)\\ADAM\\__MACOSX\\ADAM\\Validation\\Lesion_Illustration\\._V0216.jpg'
._V0217.jpg,cannot identify image file 'D:\\OIO+\\DATASET_RETINA\\01.Originais\\AMD (Degeneração Macular Relacionada à Idade)\\ADAM\\__MACOSX\\ADAM\\Validation\\Lesion_Illustration\\._V0217.jpg'
._V0218.jpg,cannot identify image file 'D:\\OIO+\\DATASET_RETINA\\01.Originais\\AMD (Degeneração Macular Relacionada à Idade)\\ADAM\\__MACOSX\\ADAM\\Validation\\Lesion_Illustration\\._V0218.jpg'
._V0219.jpg,cannot identify image file 'D:\\OIO+\\DATASET_RETINA\\01.Originais\\AMD (Degeneração Macular Relacionada à Idade)\\ADAM\\__MACOSX\\ADAM\\Validation\\Lesion_Illustration\\._V0219.jpg'
._V0220.jpg,cannot identify image file 'D:\\OIO+\\DATASET_RETINA\\01.Originais\\AMD (Degeneração Macular Relacionada à Idade)\\ADAM\\__MACOSX\\ADAM\\Validation\\Lesion_Illustration\\._V0220.jpg'
._V0221.jpg,cannot identify image file 'D:\\OIO+\\DATASET_RETINA\\01.Originais\\AMD (Degeneração Macular Relacionada à Idade)\\ADAM\\__MACOSX\\ADAM\\Validation\\Lesion_Illustration\\._V0221.jpg'
._V0222.jpg,cannot identify image file 'D:\\OIO+\\DATASET_RETINA\\01.Originais\\AMD (Degeneração Macular Relacionada à Idade)\\ADAM\\__MACOSX\\ADAM\\Validation\\Lesion_Illustration\\._V0222.jpg'
._V0223.jpg,cannot identify image file 'D:\\OIO+\\DATASET_RETINA\\01.Originais\\AMD (Degeneração Macular Relacionada à Idade)\\ADAM\\__MACOSX\\ADAM\\Validation\\Lesion_Illustration\\._V0223.jpg'
._V0224.jpg,cannot identify image file 'D:\\OIO+\\DATASET_RETINA\\01.Originais\\AMD (Degeneração Macular Relacionada à Idade)\\ADAM\\__MACOSX\\ADAM\\Validation\\Lesion_Illustration\\._V0224.jpg'
._V0225.jpg,cannot identify image file 'D:\\OIO+\\DATASET_RETINA\\01.Originais\\AMD (Degeneração Macular Relacionada à Idade)\\ADAM\\__MACOSX\\ADAM\\Validation\\Lesion_Illustration\\._V0225.jpg'
._V0226.jpg,cannot identify image file 'D:\\OIO+\\DATASET_RETINA\\01.Originais\\AMD (Degeneração Macular Relacionada à Idade)\\ADAM\\__MACOSX\\ADAM\\Validation\\Lesion_Illustration\\._V0226.jpg'
._V0227.jpg,cannot identify image file 'D:\\OIO+\\DATASET_RETINA\\01.Originais\\AMD (Degeneração Macular Relacionada à Idade)\\ADAM\\__MACOSX\\ADAM\\Validation\\Lesion_Illustration\\._V0227.jpg'
._V0228.jpg,cannot identify image file 'D:\\OIO+\\DATASET_RETINA\\01.Originais\\AMD (Degeneração Macular Relacionada à Idade)\\ADAM\\__MACOSX\\ADAM\\Validation\\Lesion_Illustration\\._V0228.jpg'
._V0229.jpg,cannot identify image file 'D:\\OIO+\\DATASET_RETINA\\01.Originais\\AMD (Degeneração Macular Relacionada à Idade)\\ADAM\\__MACOSX\\ADAM\\Validation\\Lesion_Illustration\\._V0229.jpg'
._V0230.jpg,cannot identify image file 'D:\\OIO+\\DATASET_RETINA\\01.Originais\\AMD (Degeneração Macular Relacionada à Idade)\\ADAM\\__MACOSX\\ADAM\\Validation\\Lesion_Illustration\\._V0230.jpg'
._V0231.jpg,cannot identify image file 'D:\\OIO+\\DATASET_RETINA\\01.Originais\\AMD (Degeneração Macular Relacionada à Idade)\\ADAM\\__MACOSX\\ADAM\\Validation\\Lesion_Illustration\\._V0231.jpg'
._V0232.jpg,cannot identify image file 'D:\\OIO+\\DATASET_RETINA\\01.Originais\\AMD (Degeneração Macular Relacionada à Idade)\\ADAM\\__MACOSX\\ADAM\\Validation\\Lesion_Illustration\\._V0232.jpg'
._V0233.jpg,cannot identify image file 'D:\\OIO+\\DATASET_RETINA\\01.Originais\\AMD (Degeneração Macular Relacionada à Idade)\\ADAM\\__MACOSX\\ADAM\\Validation\\Lesion_Illustration\\._V0233.jpg'
._V0234.jpg,cannot identify image file 'D:\\OIO+\\DATASET_RETINA\\01.Originais\\AMD (Degeneração Macular Relacionada à Idade)\\ADAM\\__MACOSX\\ADAM\\Validation\\Lesion_Illustration\\._V0234.jpg'
._V0235.jpg,cannot identify image file 'D:\\OIO+\\DATASET_RETINA\\01.Originais\\AMD (Degeneração Macular Relacionada à Idade)\\ADAM\\__MACOSX\\ADAM\\Validation\\Lesion_Illustration\\._V0235.jpg'
._V0236.jpg,cannot identify image file 'D:\\OIO+\\DATASET_RETINA\\01.Originais\\AMD (Degeneração Macular Relacionada à Idade)\\ADAM\\__MACOSX\\ADAM\\Validation\\Lesion_Illustration\\._V0236.jpg'
._V0237.jpg,cannot identify image file 'D:\\OIO+\\DATASET_RETINA\\01.Originais\\AMD (Degeneração Macular Relacionada à Idade)\\ADAM\\__MACOSX\\ADAM\\Validation\\Lesion_Illustration\\._V0237.jpg'
._V0238.jpg,cannot identify image file 'D:\\OIO+\\DATASET_RETINA\\01.Originais\\AMD (Degeneração Macular Relacionada à Idade)\\ADAM\\__MACOSX\\ADAM\\Validation\\Lesion_Illustration\\._V0238.jpg'
._V0239.jpg,cannot identify image file 'D:\\OIO+\\DATASET_RETINA\\01.Originais\\AMD (Degeneração Macular Relacionada à Idade)\\ADAM\\__MACOSX\\ADAM\\Validation\\Lesion_Illustration\\._V0239.jpg'
._V0240.jpg,cannot identify image file 'D:\\OIO+\\DATASET_RETINA\\01.Originais\\AMD (Degeneração Macular Relacionada à Idade)\\ADAM\\__MACOSX\\ADAM\\Validation\\Lesion_Illustration\\._V0240.jpg'
._V0241.jpg,cannot identify image file 'D:\\OIO+\\DATASET_RETINA\\01.Originais\\AMD (Degeneração Macular Relacionada à Idade)\\ADAM\\__MACOSX\\ADAM\\Validation\\Lesion_Illustration\\._V0241.jpg'
._V0242.jpg,cannot identify image file 'D:\\OIO+\\DATASET_RETINA\\01.Originais\\AMD (Degeneração Macular Relacionada à Idade)\\ADAM\\__MACOSX\\ADAM\\Validation\\Lesion_Illustration\\._V0242.jpg'
._V0243.jpg,cannot identify image file 'D:\\OIO+\\DATASET_RETINA\\01.Originais\\AMD (Degeneração Macular Relacionada à Idade)\\ADAM\\__MACOSX\\ADAM\\Validation\\Lesion_Illustration\\._V0243.jpg'
._V0244.jpg,cannot identify image file 'D:\\OIO+\\DATASET_RETINA\\01.Originais\\AMD (Degeneração Macular Relacionada à Idade)\\ADAM\\__MACOSX\\ADAM\\Validation\\Lesion_Illustration\\._V0244.jpg'
._V0245.jpg,cannot identify image file 'D:\\OIO+\\DATASET_RETINA\\01.Originais\\AMD (Degeneração Macular Relacionada à Idade)\\ADAM\\__MACOSX\\ADAM\\Validation\\Lesion_Illustration\\._V0245.jpg'
._V0246.jpg,cannot identify image file 'D:\\OIO+\\DATASET_RETINA\\01.Originais\\AMD (Degeneração Macular Relacionada à Idade)\\ADAM\\__MACOSX\\ADAM\\Validation\\Lesion_Illustration\\._V0246.jpg'
._V0247.jpg,cannot identify image file 'D:\\OIO+\\DATASET_RETINA\\01.Originais\\AMD (Degeneração Macular Relacionada à Idade)\\ADAM\\__MACOSX\\ADAM\\Validation\\Lesion_Illustration\\._V0247.jpg'
._V0248.jpg,cannot identify image file 'D:\\OIO+\\DATASET_RETINA\\01.Originais\\AMD (Degeneração Macular Relacionada à Idade)\\ADAM\\__MACOSX\\ADAM\\Validation\\Lesion_Illustration\\._V0248.jpg'
._V0249.jpg,cannot identify image file 'D:\\OIO+\\DATASET_RETINA\\01.Originais\\AMD (Degeneração Macular Relacionada à Idade)\\ADAM\\__MACOSX\\ADAM\\Validation\\Lesion_Illustration\\._V0249.jpg'
._V0250.jpg,cannot identify image file 'D:\\OIO+\\DATASET_RETINA\\01.Originais\\AMD (Degeneração Macular Relacionada à Idade)\\ADAM\\__MACOSX\\ADAM\\Validation\\Lesion_Illustration\\._V0250.jpg'
._V0251.jpg,cannot identify image file 'D:\\OIO+\\DATASET_RETINA\\01.Originais\\AMD (Degeneração Macular Relacionada à Idade)\\ADAM\\__MACOSX\\ADAM\\Validation\\Lesion_Illustration\\._V0251.jpg'
._V0252.jpg,cannot identify image file 'D:\\OIO+\\DATASET_RETINA\\01.Originais\\AMD (Degeneração Macular Relacionada à Idade)\\ADAM\\__MACOSX\\ADAM\\Validation\\Lesion_Illustration\\._V0252.jpg'
._V0253.jpg,cannot identify image file 'D:\\OIO+\\DATASET_RETINA\\01.Originais\\AMD (Degeneração Macular Relacionada à Idade)\\ADAM\\__MACOSX\\ADAM\\Validation\\Lesion_Illustration\\._V0253.jpg'
._V0254.jpg,cannot identify image file 'D:\\OIO+\\DATASET_RETINA\\01.Originais\\AMD (Degeneração Macular Relacionada à Idade)\\ADAM\\__MACOSX\\ADAM\\Validation\\Lesion_Illustration\\._V0254.jpg'
._V0255.jpg,cannot identify image file 'D:\\OIO+\\DATASET_RETINA\\01.Originais\\AMD (Degeneração Macular Relacionada à Idade)\\ADAM\\__MACOSX\\ADAM\\Validation\\Lesion_Illustration\\._V0255.jpg'
._V0256.jpg,cannot identify image file 'D:\\OIO+\\DATASET_RETINA\\01.Originais\\AMD (Degeneração Macular Relacionada à Idade)\\ADAM\\__MACOSX\\ADAM\\Validation\\Lesion_Illustration\\._V0256.jpg'
._V0257.jpg,cannot identify image file 'D:\\OIO+\\DATASET_RETINA\\01.Originais\\AMD (Degeneração Macular Relacionada à Idade)\\ADAM\\__MACOSX\\ADAM\\Validation\\Lesion_Illustration\\._V0257.jpg'
._V0258.jpg,cannot identify image file 'D:\\OIO+\\DATASET_RETINA\\01.Originais\\AMD (Degeneração Macular Relacionada à Idade)\\ADAM\\__MACOSX\\ADAM\\Validation\\Lesion_Illustration\\._V0258.jpg'
._V0259.jpg,cannot identify image file 'D:\\OIO+\\DATASET_RETINA\\01.Originais\\AMD (Degeneração Macular Relacionada à Idade)\\ADAM\\__MACOSX\\ADAM\\Validation\\Lesion_Illustration\\._V0259.jpg'
._V0260.jpg,cannot identify image file 'D:\\OIO+\\DATASET_RETINA\\01.Originais\\AMD (Degeneração Macular Relacionada à Idade)\\ADAM\\__MACOSX\\ADAM\\Validation\\Lesion_Illustration\\._V0260.jpg'
._V0261.jpg,cannot identify image file 'D:\\OIO+\\DATASET_RETINA\\01.Originais\\AMD (Degeneração Macular Relacionada à Idade)\\ADAM\\__MACOSX\\ADAM\\Validation\\Lesion_Illustration\\._V0261.jpg'
._V0262.jpg,cannot identify image file 'D:\\OIO+\\DATASET_RETINA\\01.Originais\\AMD (Degeneração Macular Relacionada à Idade)\\ADAM\\__MACOSX\\ADAM\\Validation\\Lesion_Illustration\\._V0262.jpg'
._V0263.jpg,cannot identify image file 'D:\\OIO+\\DATASET_RETINA\\01.Originais\\AMD (Degeneração Macular Relacionada à Idade)\\ADAM\\__MACOSX\\ADAM\\Validation\\Lesion_Illustration\\._V0263.jpg'
._V0264.jpg,cannot identify image file 'D:\\OIO+\\DATASET_RETINA\\01.Originais\\AMD (Degeneração Macular Relacionada à Idade)\\ADAM\\__MACOSX\\ADAM\\Validation\\Lesion_Illustration\\._V0264.jpg'
._V0265.jpg,cannot identify image file 'D:\\OIO+\\DATASET_RETINA\\01.Originais\\AMD (Degeneração Macular Relacionada à Idade)\\ADAM\\__MACOSX\\ADAM\\Validation\\Lesion_Illustration\\._V0265.jpg'
._V0266.jpg,cannot identify image file 'D:\\OIO+\\DATASET_RETINA\\01.Originais\\AMD (Degeneração Macular Relacionada à Idade)\\ADAM\\__MACOSX\\ADAM\\Validation\\Lesion_Illustration\\._V0266.jpg'
._V0267.jpg,cannot identify image file 'D:\\OIO+\\DATASET_RETINA\\01.Originais\\AMD (Degeneração Macular Relacionada à Idade)\\ADAM\\__MACOSX\\ADAM\\Validation\\Lesion_Illustration\\._V0267.jpg'
._V0268.jpg,cannot identify image file 'D:\\OIO+\\DATASET_RETINA\\01.Originais\\AMD (Degeneração Macular Relacionada à Idade)\\ADAM\\__MACOSX\\ADAM\\Validation\\Lesion_Illustration\\._V0268.jpg'
._V0269.jpg,cannot identify image file 'D:\\OIO+\\DATASET_RETINA\\01.Originais\\AMD (Degeneração Macular Relacionada à Idade)\\ADAM\\__MACOSX\\ADAM\\Validation\\Lesion_Illustration\\._V0269.jpg'
._V0270.jpg,cannot identify image file 'D:\\OIO+\\DATASET_RETINA\\01.Originais\\AMD (Degeneração Macular Relacionada à Idade)\\ADAM\\__MACOSX\\ADAM\\Validation\\Lesion_Illustration\\._V0270.jpg'
._V0271.jpg,cannot identify image file 'D:\\OIO+\\DATASET_RETINA\\01.Originais\\AMD (Degeneração Macular Relacionada à Idade)\\ADAM\\__MACOSX\\ADAM\\Validation\\Lesion_Illustration\\._V0271.jpg'
._V0272.jpg,cannot identify image file 'D:\\OIO+\\DATASET_RETINA\\01.Originais\\AMD (Degeneração Macular Relacionada à Idade)\\ADAM\\__MACOSX\\ADAM\\Validation\\Lesion_Illustration\\._V0272.jpg'
._V0273.jpg,cannot identify image file 'D:\\OIO+\\DATASET_RETINA\\01.Originais\\AMD (Degeneração Macular Relacionada à Idade)\\ADAM\\__MACOSX\\ADAM\\Validation\\Lesion_Illustration\\._V0273.jpg'
._V0274.jpg,cannot identify image file 'D:\\OIO+\\DATASET_RETINA\\01.Originais\\AMD (Degeneração Macular Relacionada à Idade)\\ADAM\\__MACOSX\\ADAM\\Validation\\Lesion_Illustration\\._V0274.jpg'
._V0275.jpg,cannot identify image file 'D:\\OIO+\\DATASET_RETINA\\01.Originais\\AMD (Degeneração Macular Relacionada à Idade)\\ADAM\\__MACOSX\\ADAM\\Validation\\Lesion_Illustration\\._V0275.jpg'
._V0276.jpg,cannot identify image file 'D:\\OIO+\\DATASET_RETINA\\01.Originais\\AMD (Degeneração Macular Relacionada à Idade)\\ADAM\\__MACOSX\\ADAM\\Validation\\Lesion_Illustration\\._V0276.jpg'
._V0277.jpg,cannot identify image file 'D:\\OIO+\\DATASET_RETINA\\01.Originais\\AMD (Degeneração Macular Relacionada à Idade)\\ADAM\\__MACOSX\\ADAM\\Validation\\Lesion_Illustration\\._V0277.jpg'
._V0278.jpg,cannot identify image file 'D:\\OIO+\\DATASET_RETINA\\01.Originais\\AMD (Degeneração Macular Relacionada à Idade)\\ADAM\\__MACOSX\\ADAM\\Validation\\Lesion_Illustration\\._V0278.jpg'
._V0279.jpg,cannot identify image file 'D:\\OIO+\\DATASET_RETINA\\01.Originais\\AMD (Degeneração Macular Relacionada à Idade)\\ADAM\\__MACOSX\\ADAM\\Validation\\Lesion_Illustration\\._V0279.jpg'
._V0280.jpg,cannot identify image file 'D:\\OIO+\\DATASET_RETINA\\01.Originais\\AMD (Degeneração Macular Relacionada à Idade)\\ADAM\\__MACOSX\\ADAM\\Validation\\Lesion_Illustration\\._V0280.jpg'
._V0281.jpg,cannot identify image file 'D:\\OIO+\\DATASET_RETINA\\01.Originais\\AMD (Degeneração Macular Relacionada à Idade)\\ADAM\\__MACOSX\\ADAM\\Validation\\Lesion_Illustration\\._V0281.jpg'
._V0282.jpg,cannot identify image file 'D:\\OIO+\\DATASET_RETINA\\01.Originais\\AMD (Degeneração Macular Relacionada à Idade)\\ADAM\\__MACOSX\\ADAM\\Validation\\Lesion_Illustration\\._V0282.jpg'
._V0283.jpg,cannot identify image file 'D:\\OIO+\\DATASET_RETINA\\01.Originais\\AMD (Degeneração Macular Relacionada à Idade)\\ADAM\\__MACOSX\\ADAM\\Validation\\Lesion_Illustration\\._V0283.jpg'
._V0284.jpg,cannot identify image file 'D:\\OIO+\\DATASET_RETINA\\01.Originais\\AMD (Degeneração Macular Relacionada à Idade)\\ADAM\\__MACOSX\\ADAM\\Validation\\Lesion_Illustration\\._V0284.jpg'
._V0285.jpg,cannot identify image file 'D:\\OIO+\\DATASET_RETINA\\01.Originais\\AMD (Degeneração Macular Relacionada à Idade)\\ADAM\\__MACOSX\\ADAM\\Validation\\Lesion_Illustration\\._V0285.jpg'
._V0286.jpg,cannot identify image file 'D:\\OIO+\\DATASET_RETINA\\01.Originais\\AMD (Degeneração Macular Relacionada à Idade)\\ADAM\\__MACOSX\\ADAM\\Validation\\Lesion_Illustration\\._V0286.jpg'
._V0287.jpg,cannot identify image file 'D:\\OIO+\\DATASET_RETINA\\01.Originais\\AMD (Degeneração Macular Relacionada à Idade)\\ADAM\\__MACOSX\\ADAM\\Validation\\Lesion_Illustration\\._V0287.jpg'
._V0288.jpg,cannot identify image file 'D:\\OIO+\\DATASET_RETINA\\01.Originais\\AMD (Degeneração Macular Relacionada à Idade)\\ADAM\\__MACOSX\\ADAM\\Validation\\Lesion_Illustration\\._V0288.jpg'
._V0289.jpg,cannot identify image file 'D:\\OIO+\\DATASET_RETINA\\01.Originais\\AMD (Degeneração Macular Relacionada à Idade)\\ADAM\\__MACOSX\\ADAM\\Validation\\Lesion_Illustration\\._V0289.jpg'
._V0290.jpg,cannot identify image file 'D:\\OIO+\\DATASET_RETINA\\01.Originais\\AMD (Degeneração Macular Relacionada à Idade)\\ADAM\\__MACOSX\\ADAM\\Validation\\Lesion_Illustration\\._V0290.jpg'
._V0291.jpg,cannot identify image file 'D:\\OIO+\\DATASET_RETINA\\01.Originais\\AMD (Degeneração Macular Relacionada à Idade)\\ADAM\\__MACOSX\\ADAM\\Validation\\Lesion_Illustration\\._V0291.jpg'
._V0292.jpg,cannot identify image file 'D:\\OIO+\\DATASET_RETINA\\01.Originais\\AMD (Degeneração Macular Relacionada à Idade)\\ADAM\\__MACOSX\\ADAM\\Validation\\Lesion_Illustration\\._V0292.jpg'
._V0293.jpg,cannot identify image file 'D:\\OIO+\\DATASET_RETINA\\01.Originais\\AMD (Degeneração Macular Relacionada à Idade)\\ADAM\\__MACOSX\\ADAM\\Validation\\Lesion_Illustration\\._V0293.jpg'
._V0294.jpg,cannot identify image file 'D:\\OIO+\\DATASET_RETINA\\01.Originais\\AMD (Degeneração Macular Relacionada à Idade)\\ADAM\\__MACOSX\\ADAM\\Validation\\Lesion_Illustration\\._V0294.jpg'
._V0295.jpg,cannot identify image file 'D:\\OIO+\\DATASET_RETINA\\01.Originais\\AMD (Degeneração Macular Relacionada à Idade)\\ADAM\\__MACOSX\\ADAM\\Validation\\Lesion_Illustration\\._V0295.jpg'
._V0296.jpg,cannot identify image file 'D:\\OIO+\\DATASET_RETINA\\01.Originais\\AMD (Degeneração Macular Relacionada à Idade)\\ADAM\\__MACOSX\\ADAM\\Validation\\Lesion_Illustration\\._V0296.jpg'
._V0297.jpg,cannot identify image file 'D:\\OIO+\\DATASET_RETINA\\01.Originais\\AMD (Degeneração Macular Relacionada à Idade)\\ADAM\\__MACOSX\\ADAM\\Validation\\Lesion_Illustration\\._V0297.jpg'
._V0298.jpg,cannot identify image file 'D:\\OIO+\\DATASET_RETINA\\01.Originais\\AMD (Degeneração Macular Relacionada à Idade)\\ADAM\\__MACOSX\\ADAM\\Validation\\Lesion_Illustration\\._V0298.jpg'
._V0299.jpg,cannot identify image file 'D:\\OIO+\\DATASET_RETINA\\01.Originais\\AMD (Degeneração Macular Relacionada à Idade)\\ADAM\\__MACOSX\\ADAM\\Validation\\Lesion_Illustration\\._V0299.jpg'
._V0300.jpg,cannot identify image file 'D:\\OIO+\\DATASET_RETINA\\01.Originais\\AMD (Degeneração Macular Relacionada à Idade)\\ADAM\\__MACOSX\\ADAM\\Validation\\Lesion_Illustration\\._V0300.jpg'
._V0301.jpg,cannot identify image file 'D:\\OIO+\\DATASET_RETINA\\01.Originais\\AMD (Degeneração Macular Relacionada à Idade)\\ADAM\\__MACOSX\\ADAM\\Validation\\Lesion_Illustration\\._V0301.jpg'
._V0302.jpg,cannot identify image file 'D:\\OIO+\\DATASET_RETINA\\01.Originais\\AMD (Degeneração Macular Relacionada à Idade)\\ADAM\\__MACOSX\\ADAM\\Validation\\Lesion_Illustration\\._V0302.jpg'
._V0303.jpg,cannot identify image file 'D:\\OIO+\\DATASET_RETINA\\01.Originais\\AMD (Degeneração Macular Relacionada à Idade)\\ADAM\\__MACOSX\\ADAM\\Validation\\Lesion_Illustration\\._V0303.jpg'
._V0304.jpg,cannot identify image file 'D:\\OIO+\\DATASET_RETINA\\01.Originais\\AMD (Degeneração Macular Relacionada à Idade)\\ADAM\\__MACOSX\\ADAM\\Validation\\Lesion_Illustration\\._V0304.jpg'
._V0305.jpg,cannot identify image file 'D:\\OIO+\\DATASET_RETINA\\01.Originais\\AMD (Degeneração Macular Relacionada à Idade)\\ADAM\\__MACOSX\\ADAM\\Validation\\Lesion_Illustration\\._V0305.jpg'
._V0306.jpg,cannot identify image file 'D:\\OIO+\\DATASET_RETINA\\01.Originais\\AMD (Degeneração Macular Relacionada à Idade)\\ADAM\\__MACOSX\\ADAM\\Validation\\Lesion_Illustration\\._V0306.jpg'
._V0307.jpg,cannot identify image file 'D:\\OIO+\\DATASET_RETINA\\01.Originais\\AMD (Degeneração Macular Relacionada à Idade)\\ADAM\\__MACOSX\\ADAM\\Validation\\Lesion_Illustration\\._V0307.jpg'
._V0308.jpg,cannot identify image file 'D:\\OIO+\\DATASET_RETINA\\01.Originais\\AMD (Degeneração Macular Relacionada à Idade)\\ADAM\\__MACOSX\\ADAM\\Validation\\Lesion_Illustration\\._V0308.jpg'
._V0309.jpg,cannot identify image file 'D:\\OIO+\\DATASET_RETINA\\01.Originais\\AMD (Degeneração Macular Relacionada à Idade)\\ADAM\\__MACOSX\\ADAM\\Validation\\Lesion_Illustration\\._V0309.jpg'
._V0310.jpg,cannot identify image file 'D:\\OIO+\\DATASET_RETINA\\01.Originais\\AMD (Degeneração Macular Relacionada à Idade)\\ADAM\\__MACOSX\\ADAM\\Validation\\Lesion_Illustration\\._V0310.jpg'
._V0311.jpg,cannot identify image file 'D:\\OIO+\\DATASET_RETINA\\01.Originais\\AMD (Degeneração Macular Relacionada à Idade)\\ADAM\\__MACOSX\\ADAM\\Validation\\Lesion_Illustration\\._V0311.jpg'
._V0312.jpg,cannot identify image file 'D:\\OIO+\\DATASET_RETINA\\01.Originais\\AMD (Degeneração Macular Relacionada à Idade)\\ADAM\\__MACOSX\\ADAM\\Validation\\Lesion_Illustration\\._V0312.jpg'
._V0313.jpg,cannot identify image file 'D:\\OIO+\\DATASET_RETINA\\01.Originais\\AMD (Degeneração Macular Relacionada à Idade)\\ADAM\\__MACOSX\\ADAM\\Validation\\Lesion_Illustration\\._V0313.jpg'
._V0314.jpg,cannot identify image file 'D:\\OIO+\\DATASET_RETINA\\01.Originais\\AMD (Degeneração Macular Relacionada à Idade)\\ADAM\\__MACOSX\\ADAM\\Validation\\Lesion_Illustration\\._V0314.jpg'
._V0315.jpg,cannot identify image file 'D:\\OIO+\\DATASET_RETINA\\01.Originais\\AMD (Degeneração Macular Relacionada à Idade)\\ADAM\\__MACOSX\\ADAM\\Validation\\Lesion_Illustration\\._V0315.jpg'
._V0316.jpg,cannot identify image file 'D:\\OIO+\\DATASET_RETINA\\01.Originais\\AMD (Degeneração Macular Relacionada à Idade)\\ADAM\\__MACOSX\\ADAM\\Validation\\Lesion_Illustration\\._V0316.jpg'
._V0317.jpg,cannot identify image file 'D:\\OIO+\\DATASET_RETINA\\01.Originais\\AMD (Degeneração Macular Relacionada à Idade)\\ADAM\\__MACOSX\\ADAM\\Validation\\Lesion_Illustration\\._V0317.jpg'
._V0318.jpg,cannot identify image file 'D:\\OIO+\\DATASET_RETINA\\01.Originais\\AMD (Degeneração Macular Relacionada à Idade)\\ADAM\\__MACOSX\\ADAM\\Validation\\Lesion_Illustration\\._V0318.jpg'
._V0319.jpg,cannot identify image file 'D:\\OIO+\\DATASET_RETINA\\01.Originais\\AMD (Degeneração Macular Relacionada à Idade)\\ADAM\\__MACOSX\\ADAM\\Validation\\Lesion_Illustration\\._V0319.jpg'
._V0320.jpg,cannot identify image file 'D:\\OIO+\\DATASET_RETINA\\01.Originais\\AMD (Degeneração Macular Relacionada à Idade)\\ADAM\\__MACOSX\\ADAM\\Validation\\Lesion_Illustration\\._V0320.jpg'
._V0321.jpg,cannot identify image file 'D:\\OIO+\\DATASET_RETINA\\01.Originais\\AMD (Degeneração Macular Relacionada à Idade)\\ADAM\\__MACOSX\\ADAM\\Validation\\Lesion_Illustration\\._V0321.jpg'
._V0322.jpg,cannot identify image file 'D:\\OIO+\\DATASET_RETINA\\01.Originais\\AMD (Degeneração Macular Relacionada à Idade)\\ADAM\\__MACOSX\\ADAM\\Validation\\Lesion_Illustration\\._V0322.jpg'
._V0323.jpg,cannot identify image file 'D:\\OIO+\\DATASET_RETINA\\01.Originais\\AMD (Degeneração Macular Relacionada à Idade)\\ADAM\\__MACOSX\\ADAM\\Validation\\Lesion_Illustration\\._V0323.jpg'
._V0324.jpg,cannot identify image file 'D:\\OIO+\\DATASET_RETINA\\01.Originais\\AMD (Degeneração Macular Relacionada à Idade)\\ADAM\\__MACOSX\\ADAM\\Validation\\Lesion_Illustration\\._V0324.jpg'
._V0325.jpg,cannot identify image file 'D:\\OIO+\\DATASET_RETINA\\01.Originais\\AMD (Degeneração Macular Relacionada à Idade)\\ADAM\\__MACOSX\\ADAM\\Validation\\Lesion_Illustration\\._V0325.jpg'
._V0326.jpg,cannot identify image file 'D:\\OIO+\\DATASET_RETINA\\01.Originais\\AMD (Degeneração Macular Relacionada à Idade)\\ADAM\\__MACOSX\\ADAM\\Validation\\Lesion_Illustration\\._V0326.jpg'
._V0327.jpg,cannot identify image file 'D:\\OIO+\\DATASET_RETINA\\01.Originais\\AMD (Degeneração Macular Relacionada à Idade)\\ADAM\\__MACOSX\\ADAM\\Validation\\Lesion_Illustration\\._V0327.jpg'
._V0328.jpg,cannot identify image file 'D:\\OIO+\\DATASET_RETINA\\01.Originais\\AMD (Degeneração Macular Relacionada à Idade)\\ADAM\\__MACOSX\\ADAM\\Validation\\Lesion_Illustration\\._V0328.jpg'
._V0329.jpg,cannot identify image file 'D:\\OIO+\\DATASET_RETINA\\01.Originais\\AMD (Degeneração Macular Relacionada à Idade)\\ADAM\\__MACOSX\\ADAM\\Validation\\Lesion_Illustration\\._V0329.jpg'
._V0330.jpg,cannot identify image file 'D:\\OIO+\\DATASET_RETINA\\01.Originais\\AMD (Degeneração Macular Relacionada à Idade)\\ADAM\\__MACOSX\\ADAM\\Validation\\Lesion_Illustration\\._V0330.jpg'
._V0331.jpg,cannot identify image file 'D:\\OIO+\\DATASET_RETINA\\01.Originais\\AMD (Degeneração Macular Relacionada à Idade)\\ADAM\\__MACOSX\\ADAM\\Validation\\Lesion_Illustration\\._V0331.jpg'
._V0332.jpg,cannot identify image file 'D:\\OIO+\\DATASET_RETINA\\01.Originais\\AMD (Degeneração Macular Relacionada à Idade)\\ADAM\\__MACOSX\\ADAM\\Validation\\Lesion_Illustration\\._V0332.jpg'
._V0333.jpg,cannot identify image file 'D:\\OIO+\\DATASET_RETINA\\01.Originais\\AMD (Degeneração Macular Relacionada à Idade)\\ADAM\\__MACOSX\\ADAM\\Validation\\Lesion_Illustration\\._V0333.jpg'
._V0334.jpg,cannot identify image file 'D:\\OIO+\\DATASET_RETINA\\01.Originais\\AMD (Degeneração Macular Relacionada à Idade)\\ADAM\\__MACOSX\\ADAM\\Validation\\Lesion_Illustration\\._V0334.jpg'
._V0335.jpg,cannot identify image file 'D:\\OIO+\\DATASET_RETINA\\01.Originais\\AMD (Degeneração Macular Relacionada à Idade)\\ADAM\\__MACOSX\\ADAM\\Validation\\Lesion_Illustration\\._V0335.jpg'
._V0336.jpg,cannot identify image file 'D:\\OIO+\\DATASET_RETINA\\01.Originais\\AMD (Degeneração Macular Relacionada à Idade)\\ADAM\\__MACOSX\\ADAM\\Validation\\Lesion_Illustration\\._V0336.jpg'
._V0337.jpg,cannot identify image file 'D:\\OIO+\\DATASET_RETINA\\01.Originais\\AMD (Degeneração Macular Relacionada à Idade)\\ADAM\\__MACOSX\\ADAM\\Validation\\Lesion_Illustration\\._V0337.jpg'
._V0338.jpg,cannot identify image file 'D:\\OIO+\\DATASET_RETINA\\01.Originais\\AMD (Degeneração Macular Relacionada à Idade)\\ADAM\\__MACOSX\\ADAM\\Validation\\Lesion_Illustration\\._V0338.jpg'
._V0339.jpg,cannot identify image file 'D:\\OIO+\\DATASET_RETINA\\01.Originais\\AMD (Degeneração Macular Relacionada à Idade)\\ADAM\\__MACOSX\\ADAM\\Validation\\Lesion_Illustration\\._V0339.jpg'
._V0340.jpg,cannot identify image file 'D:\\OIO+\\DATASET_RETINA\\01.Originais\\AMD (Degeneração Macular Relacionada à Idade)\\ADAM\\__MACOSX\\ADAM\\Validation\\Lesion_Illustration\\._V0340.jpg'
._V0341.jpg,cannot identify image file 'D:\\OIO+\\DATASET_RETINA\\01.Originais\\AMD (Degeneração Macular Relacionada à Idade)\\ADAM\\__MACOSX\\ADAM\\Validation\\Lesion_Illustration\\._V0341.jpg'
._V0342.jpg,cannot identify image file 'D:\\OIO+\\DATASET_RETINA\\01.Originais\\AMD (Degeneração Macular Relacionada à Idade)\\ADAM\\__MACOSX\\ADAM\\Validation\\Lesion_Illustration\\._V0342.jpg'
._V0343.jpg,cannot identify image file 'D:\\OIO+\\DATASET_RETINA\\01.Originais\\AMD (Degeneração Macular Relacionada à Idade)\\ADAM\\__MACOSX\\ADAM\\Validation\\Lesion_Illustration\\._V0343.jpg'
._V0344.jpg,cannot identify image file 'D:\\OIO+\\DATASET_RETINA\\01.Originais\\AMD (Degeneração Macular Relacionada à Idade)\\ADAM\\__MACOSX\\ADAM\\Validation\\Lesion_Illustration\\._V0344.jpg'
._V0345.jpg,cannot identify image file 'D:\\OIO+\\DATASET_RETINA\\01.Originais\\AMD (Degeneração Macular Relacionada à Idade)\\ADAM\\__MACOSX\\ADAM\\Validation\\Lesion_Illustration\\._V0345.jpg'
._V0346.jpg,cannot identify image file 'D:\\OIO+\\DATASET_RETINA\\01.Originais\\AMD (Degeneração Macular Relacionada à Idade)\\ADAM\\__MACOSX\\ADAM\\Validation\\Lesion_Illustration\\._V0346.jpg'
._V0347.jpg,cannot identify image file 'D:\\OIO+\\DATASET_RETINA\\01.Originais\\AMD (Degeneração Macular Relacionada à Idade)\\ADAM\\__MACOSX\\ADAM\\Validation\\Lesion_Illustration\\._V0347.jpg'
._V0348.jpg,cannot identify image file 'D:\\OIO+\\DATASET_RETINA\\01.Originais\\AMD (Degeneração Macular Relacionada à Idade)\\ADAM\\__MACOSX\\ADAM\\Validation\\Lesion_Illustration\\._V0348.jpg'
._V0349.jpg,cannot identify image file 'D:\\OIO+\\DATASET_RETINA\\01.Originais\\AMD (Degeneração Macular Relacionada à Idade)\\ADAM\\__MACOSX\\ADAM\\Validation\\Lesion_Illustration\\._V0349.jpg'
._V0350.jpg,cannot identify image file 'D:\\OIO+\\DATASET_RETINA\\01.Originais\\AMD (Degeneração Macular Relacionada à Idade)\\ADAM\\__MACOSX\\ADAM\\Validation\\Lesion_Illustration\\._V0350.jpg'
._V0351.jpg,cannot identify image file 'D:\\OIO+\\DATASET_RETINA\\01.Originais\\AMD (Degeneração Macular Relacionada à Idade)\\ADAM\\__MACOSX\\ADAM\\Validation\\Lesion_Illustration\\._V0351.jpg'
._V0352.jpg,cannot identify image file 'D:\\OIO+\\DATASET_RETINA\\01.Originais\\AMD (Degeneração Macular Relacionada à Idade)\\ADAM\\__MACOSX\\ADAM\\Validation\\Lesion_Illustration\\._V0352.jpg'
._V0353.jpg,cannot identify image file 'D:\\OIO+\\DATASET_RETINA\\01.Originais\\AMD (Degeneração Macular Relacionada à Idade)\\ADAM\\__MACOSX\\ADAM\\Validation\\Lesion_Illustration\\._V0353.jpg'
._V0354.jpg,cannot identify image file 'D:\\OIO+\\DATASET_RETINA\\01.Originais\\AMD (Degeneração Macular Relacionada à Idade)\\ADAM\\__MACOSX\\ADAM\\Validation\\Lesion_Illustration\\._V0354.jpg'
._V0355.jpg,cannot identify image file 'D:\\OIO+\\DATASET_RETINA\\01.Originais\\AMD (Degeneração Macular Relacionada à Idade)\\ADAM\\__MACOSX\\ADAM\\Validation\\Lesion_Illustration\\._V0355.jpg'
._V0356.jpg,cannot identify image file 'D:\\OIO+\\DATASET_RETINA\\01.Originais\\AMD (Degeneração Macular Relacionada à Idade)\\ADAM\\__MACOSX\\ADAM\\Validation\\Lesion_Illustration\\._V0356.jpg'
._V0357.jpg,cannot identify image file 'D:\\OIO+\\DATASET_RETINA\\01.Originais\\AMD (Degeneração Macular Relacionada à Idade)\\ADAM\\__MACOSX\\ADAM\\Validation\\Lesion_Illustration\\._V0357.jpg'
._V0358.jpg,cannot identify image file 'D:\\OIO+\\DATASET_RETINA\\01.Originais\\AMD (Degeneração Macular Relacionada à Idade)\\ADAM\\__MACOSX\\ADAM\\Validation\\Lesion_Illustration\\._V0358.jpg'
._V0359.jpg,cannot identify image file 'D:\\OIO+\\DATASET_RETINA\\01.Originais\\AMD (Degeneração Macular Relacionada à Idade)\\ADAM\\__MACOSX\\ADAM\\Validation\\Lesion_Illustration\\._V0359.jpg'
._V0360.jpg,cannot identify image file 'D:\\OIO+\\DATASET_RETINA\\01.Originais\\AMD (Degeneração Macular Relacionada à Idade)\\ADAM\\__MACOSX\\ADAM\\Validation\\Lesion_Illustration\\._V0360.jpg'
._V0361.jpg,cannot identify image file 'D:\\OIO+\\DATASET_RETINA\\01.Originais\\AMD (Degeneração Macular Relacionada à Idade)\\ADAM\\__MACOSX\\ADAM\\Validation\\Lesion_Illustration\\._V0361.jpg'
._V0362.jpg,cannot identify image file 'D:\\OIO+\\DATASET_RETINA\\01.Originais\\AMD (Degeneração Macular Relacionada à Idade)\\ADAM\\__MACOSX\\ADAM\\Validation\\Lesion_Illustration\\._V0362.jpg'
._V0363.jpg,cannot identify image file 'D:\\OIO+\\DATASET_RETINA\\01.Originais\\AMD (Degeneração Macular Relacionada à Idade)\\ADAM\\__MACOSX\\ADAM\\Validation\\Lesion_Illustration\\._V0363.jpg'
._V0364.jpg,cannot identify image file 'D:\\OIO+\\DATASET_RETINA\\01.Originais\\AMD (Degeneração Macular Relacionada à Idade)\\ADAM\\__MACOSX\\ADAM\\Validation\\Lesion_Illustration\\._V0364.jpg'
._V0365.jpg,cannot identify image file 'D:\\OIO+\\DATASET_RETINA\\01.Originais\\AMD (Degeneração Macular Relacionada à Idade)\\ADAM\\__MACOSX\\ADAM\\Validation\\Lesion_Illustration\\._V0365.jpg'
._V0366.jpg,cannot identify image file 'D:\\OIO+\\DATASET_RETINA\\01.Originais\\AMD (Degeneração Macular Relacionada à Idade)\\ADAM\\__MACOSX\\ADAM\\Validation\\Lesion_Illustration\\._V0366.jpg'
._V0367.jpg,cannot identify image file 'D:\\OIO+\\DATASET_RETINA\\01.Originais\\AMD (Degeneração Macular Relacionada à Idade)\\ADAM\\__MACOSX\\ADAM\\Validation\\Lesion_Illustration\\._V0367.jpg'
._V0368.jpg,cannot identify image file 'D:\\OIO+\\DATASET_RETINA\\01.Originais\\AMD (Degeneração Macular Relacionada à Idade)\\ADAM\\__MACOSX\\ADAM\\Validation\\Lesion_Illustration\\._V0368.jpg'
._V0369.jpg,cannot identify image file 'D:\\OIO+\\DATASET_RETINA\\01.Originais\\AMD (Degeneração Macular Relacionada à Idade)\\ADAM\\__MACOSX\\ADAM\\Validation\\Lesion_Illustration\\._V0369.jpg'
._V0370.jpg,cannot identify image file 'D:\\OIO+\\DATASET_RETINA\\01.Originais\\AMD (Degeneração Macular Relacionada à Idade)\\ADAM\\__MACOSX\\ADAM\\Validation\\Lesion_Illustration\\._V0370.jpg'
._V0371.jpg,cannot identify image file 'D:\\OIO+\\DATASET_RETINA\\01.Originais\\AMD (Degeneração Macular Relacionada à Idade)\\ADAM\\__MACOSX\\ADAM\\Validation\\Lesion_Illustration\\._V0371.jpg'
._V0372.jpg,cannot identify image file 'D:\\OIO+\\DATASET_RETINA\\01.Originais\\AMD (Degeneração Macular Relacionada à Idade)\\ADAM\\__MACOSX\\ADAM\\Validation\\Lesion_Illustration\\._V0372.jpg'
._V0373.jpg,cannot identify image file 'D:\\OIO+\\DATASET_RETINA\\01.Originais\\AMD (Degeneração Macular Relacionada à Idade)\\ADAM\\__MACOSX\\ADAM\\Validation\\Lesion_Illustration\\._V0373.jpg'
._V0374.jpg,cannot identify image file 'D:\\OIO+\\DATASET_RETINA\\01.Originais\\AMD (Degeneração Macular Relacionada à Idade)\\ADAM\\__MACOSX\\ADAM\\Validation\\Lesion_Illustration\\._V0374.jpg'
._V0375.jpg,cannot identify image file 'D:\\OIO+\\DATASET_RETINA\\01.Originais\\AMD (Degeneração Macular Relacionada à Idade)\\ADAM\\__MACOSX\\ADAM\\Validation\\Lesion_Illustration\\._V0375.jpg'
._V0376.jpg,cannot identify image file 'D:\\OIO+\\DATASET_RETINA\\01.Originais\\AMD (Degeneração Macular Relacionada à Idade)\\ADAM\\__MACOSX\\ADAM\\Validation\\Lesion_Illustration\\._V0376.jpg'
._V0377.jpg,cannot identify image file 'D:\\OIO+\\DATASET_RETINA\\01.Originais\\AMD (Degeneração Macular Relacionada à Idade)\\ADAM\\__MACOSX\\ADAM\\Validation\\Lesion_Illustration\\._V0377.jpg'
._V0378.jpg,cannot identify image file 'D:\\OIO+\\DATASET_RETINA\\01.Originais\\AMD (Degeneração Macular Relacionada à Idade)\\ADAM\\__MACOSX\\ADAM\\Validation\\Lesion_Illustration\\._V0378.jpg'
._V0379.jpg,cannot identify image file 'D:\\OIO+\\DATASET_RETINA\\01.Originais\\AMD (Degeneração Macular Relacionada à Idade)\\ADAM\\__MACOSX\\ADAM\\Validation\\Lesion_Illustration\\._V0379.jpg'
._V0380.jpg,cannot identify image file 'D:\\OIO+\\DATASET_RETINA\\01.Originais\\AMD (Degeneração Macular Relacionada à Idade)\\ADAM\\__MACOSX\\ADAM\\Validation\\Lesion_Illustration\\._V0380.jpg'
._V0381.jpg,cannot identify image file 'D:\\OIO+\\DATASET_RETINA\\01.Originais\\AMD (Degeneração Macular Relacionada à Idade)\\ADAM\\__MACOSX\\ADAM\\Validation\\Lesion_Illustration\\._V0381.jpg'
._V0382.jpg,cannot identify image file 'D:\\OIO+\\DATASET_RETINA\\01.Originais\\AMD (Degeneração Macular Relacionada à Idade)\\ADAM\\__MACOSX\\ADAM\\Validation\\Lesion_Illustration\\._V0382.jpg'
._V0383.jpg,cannot identify image file 'D:\\OIO+\\DATASET_RETINA\\01.Originais\\AMD (Degeneração Macular Relacionada à Idade)\\ADAM\\__MACOSX\\ADAM\\Validation\\Lesion_Illustration\\._V0383.jpg'
._V0384.jpg,cannot identify image file 'D:\\OIO+\\DATASET_RETINA\\01.Originais\\AMD (Degeneração Macular Relacionada à Idade)\\ADAM\\__MACOSX\\ADAM\\Validation\\Lesion_Illustration\\._V0384.jpg'
._V0385.jpg,cannot identify image file 'D:\\OIO+\\DATASET_RETINA\\01.Originais\\AMD (Degeneração Macular Relacionada à Idade)\\ADAM\\__MACOSX\\ADAM\\Validation\\Lesion_Illustration\\._V0385.jpg'
._V0386.jpg,cannot identify image file 'D:\\OIO+\\DATASET_RETINA\\01.Originais\\AMD (Degeneração Macular Relacionada à Idade)\\ADAM\\__MACOSX\\ADAM\\Validation\\Lesion_Illustration\\._V0386.jpg'
._V0387.jpg,cannot identify image file 'D:\\OIO+\\DATASET_RETINA\\01.Originais\\AMD (Degeneração Macular Relacionada à Idade)\\ADAM\\__MACOSX\\ADAM\\Validation\\Lesion_Illustration\\._V0387.jpg'
._V0388.jpg,cannot identify image file 'D:\\OIO+\\DATASET_RETINA\\01.Originais\\AMD (Degeneração Macular Relacionada à Idade)\\ADAM\\__MACOSX\\ADAM\\Validation\\Lesion_Illustration\\._V0388.jpg'
._V0389.jpg,cannot identify image file 'D:\\OIO+\\DATASET_RETINA\\01.Originais\\AMD (Degeneração Macular Relacionada à Idade)\\ADAM\\__MACOSX\\ADAM\\Validation\\Lesion_Illustration\\._V0389.jpg'
._V0390.jpg,cannot identify image file 'D:\\OIO+\\DATASET_RETINA\\01.Originais\\AMD (Degeneração Macular Relacionada à Idade)\\ADAM\\__MACOSX\\ADAM\\Validation\\Lesion_Illustration\\._V0390.jpg'
._V0391.jpg,cannot identify image file 'D:\\OIO+\\DATASET_RETINA\\01.Originais\\AMD (Degeneração Macular Relacionada à Idade)\\ADAM\\__MACOSX\\ADAM\\Validation\\Lesion_Illustration\\._V0391.jpg'
._V0392.jpg,cannot identify image file 'D:\\OIO+\\DATASET_RETINA\\01.Originais\\AMD (Degeneração Macular Relacionada à Idade)\\ADAM\\__MACOSX\\ADAM\\Validation\\Lesion_Illustration\\._V0392.jpg'
._V0393.jpg,cannot identify image file 'D:\\OIO+\\DATASET_RETINA\\01.Originais\\AMD (Degeneração Macular Relacionada à Idade)\\ADAM\\__MACOSX\\ADAM\\Validation\\Lesion_Illustration\\._V0393.jpg'
._V0394.jpg,cannot identify image file 'D:\\OIO+\\DATASET_RETINA\\01.Originais\\AMD (Degeneração Macular Relacionada à Idade)\\ADAM\\__MACOSX\\ADAM\\Validation\\Lesion_Illustration\\._V0394.jpg'
._V0395.jpg,cannot identify image file 'D:\\OIO+\\DATASET_RETINA\\01.Originais\\AMD (Degeneração Macular Relacionada à Idade)\\ADAM\\__MACOSX\\ADAM\\Validation\\Lesion_Illustration\\._V0395.jpg'
._V0396.jpg,cannot identify image file 'D:\\OIO+\\DATASET_RETINA\\01.Originais\\AMD (Degeneração Macular Relacionada à Idade)\\ADAM\\__MACOSX\\ADAM\\Validation\\Lesion_Illustration\\._V0396.jpg'
._V0397.jpg,cannot identify image file 'D:\\OIO+\\DATASET_RETINA\\01.Originais\\AMD (Degeneração Macular Relacionada à Idade)\\ADAM\\__MACOSX\\ADAM\\Validation\\Lesion_Illustration\\._V0397.jpg'
._V0398.jpg,cannot identify image file 'D:\\OIO+\\DATASET_RETINA\\01.Originais\\AMD (Degeneração Macular Relacionada à Idade)\\ADAM\\__MACOSX\\ADAM\\Validation\\Lesion_Illustration\\._V0398.jpg'
._V0399.jpg,cannot identify image file 'D:\\OIO+\\DATASET_RETINA\\01.Originais\\AMD (Degeneração Macular Relacionada à Idade)\\ADAM\\__MACOSX\\ADAM\\Validation\\Lesion_Illustration\\._V0399.jpg'
._V0400.jpg,cannot identify image file 'D:\\OIO+\\DATASET_RETINA\\01.Originais\\AMD (Degeneração Macular Relacionada à Idade)\\ADAM\\__MACOSX\\ADAM\\Validation\\Lesion_Illustration\\._V0400.jpg'
._V0007.bmp,cannot identify image file 'D:\\OIO+\\DATASET_RETINA\\01.Originais\\AMD (Degeneração Macular Relacionada à Idade)\\ADAM\\__MACOSX\\ADAM\\Validation\\Lesion_Masks\\Drusen\\._V0007.bmp'
._V0016.bmp,cannot identify image file 'D:\\OIO+\\DATASET_RETINA\\01.Originais\\AMD (Degeneração Macular Relacionada à Idade)\\ADAM\\__MACOSX\\ADAM\\Validation\\Lesion_Masks\\Drusen\\._V0016.bmp'
._V0022.bmp,cannot identify image file 'D:\\OIO+\\DATASET_RETINA\\01.Originais\\AMD (Degeneração Macular Relacionada à Idade)\\ADAM\\__MACOSX\\ADAM\\Validation\\Lesion_Masks\\Drusen\\._V0022.bmp'
._V0027.bmp,cannot identify image file 'D:\\OIO+\\DATASET_RETINA\\01.Originais\\AMD (Degeneração Macular Relacionada à Idade)\\ADAM\\__MACOSX\\ADAM\\Validation\\Lesion_Masks\\Drusen\\._V0027.bmp'
._V0033.bmp,cannot identify image file 'D:\\OIO+\\DATASET_RETINA\\01.Originais\\AMD (Degeneração Macular Relacionada à Idade)\\ADAM\\__MACOSX\\ADAM\\Validation\\Lesion_Masks\\Drusen\\._V0033.bmp'
._V0036.bmp,cannot identify image file 'D:\\OIO+\\DATASET_RETINA\\01.Originais\\AMD (Degeneração Macular Relacionada à Idade)\\ADAM\\__MACOSX\\ADAM\\Validation\\Lesion_Masks\\Drusen\\._V0036.bmp'
._V0043.bmp,cannot identify image file 'D:\\OIO+\\DATASET_RETINA\\01.Originais\\AMD (Degeneração Macular Relacionada à Idade)\\ADAM\\__MACOSX\\ADAM\\Validation\\Lesion_Masks\\Drusen\\._V0043.bmp'
._V0080.bmp,cannot identify image file 'D:\\OIO+\\DATASET_RETINA\\01.Originais\\AMD (Degeneração Macular Relacionada à Idade)\\ADAM\\__MACOSX\\ADAM\\Validation\\Lesion_Masks\\Drusen\\._V0080.bmp'
._V0083.bmp,cannot identify image file 'D:\\OIO+\\DATASET_RETINA\\01.Originais\\AMD (Degeneração Macular Relacionada à Idade)\\ADAM\\__MACOSX\\ADAM\\Validation\\Lesion_Masks\\Drusen\\._V0083.bmp'
._V0087.bmp,cannot identify image file 'D:\\OIO+\\DATASET_RETINA\\01.Originais\\AMD (Degeneração Macular Relacionada à Idade)\\ADAM\\__MACOSX\\ADAM\\Validation\\Lesion_Masks\\Drusen\\._V0087.bmp'
._V0089.bmp,cannot identify image file 'D:\\OIO+\\DATASET_RETINA\\01.Originais\\AMD (Degeneração Macular Relacionada à Idade)\\ADAM\\__MACOSX\\ADAM\\Validation\\Lesion_Masks\\Drusen\\._V0089.bmp'
._V0097.bmp,cannot identify image file 'D:\\OIO+\\DATASET_RETINA\\01.Originais\\AMD (Degeneração Macular Relacionada à Idade)\\ADAM\\__MACOSX\\ADAM\\Validation\\Lesion_Masks\\Drusen\\._V0097.bmp'
._V0105.bmp,cannot identify image file 'D:\\OIO+\\DATASET_RETINA\\01.Originais\\AMD (Degeneração Macular Relacionada à Idade)\\ADAM\\__MACOSX\\ADAM\\Validation\\Lesion_Masks\\Drusen\\._V0105.bmp'
._V0111.bmp,cannot identify image file 'D:\\OIO+\\DATASET_RETINA\\01.Originais\\AMD (Degeneração Macular Relacionada à Idade)\\ADAM\\__MACOSX\\ADAM\\Validation\\Lesion_Masks\\Drusen\\._V0111.bmp'
._V0117.bmp,cannot identify image file 'D:\\OIO+\\DATASET_RETINA\\01.Originais\\AMD (Degeneração Macular Relacionada à Idade)\\ADAM\\__MACOSX\\ADAM\\Validation\\Lesion_Masks\\Drusen\\._V0117.bmp'
._V0125.bmp,cannot identify image file 'D:\\OIO+\\DATASET_RETINA\\01.Originais\\AMD (Degeneração Macular Relacionada à Idade)\\ADAM\\__MACOSX\\ADAM\\Validation\\Lesion_Masks\\Drusen\\._V0125.bmp'
._V0133.bmp,cannot identify image file 'D:\\OIO+\\DATASET_RETINA\\01.Originais\\AMD (Degeneração Macular Relacionada à Idade)\\ADAM\\__MACOSX\\ADAM\\Validation\\Lesion_Masks\\Drusen\\._V0133.bmp'
._V0141.bmp,cannot identify image file 'D:\\OIO+\\DATASET_RETINA\\01.Originais\\AMD (Degeneração Macular Relacionada à Idade)\\ADAM\\__MACOSX\\ADAM\\Validation\\Lesion_Masks\\Drusen\\._V0141.bmp'
._V0142.bmp,cannot identify image file 'D:\\OIO+\\DATASET_RETINA\\01.Originais\\AMD (Degeneração Macular Relacionada à Idade)\\ADAM\\__MACOSX\\ADAM\\Validation\\Lesion_Masks\\Drusen\\._V0142.bmp'
._V0151.bmp,cannot identify image file 'D:\\OIO+\\DATASET_RETINA\\01.Originais\\AMD (Degeneração Macular Relacionada à Idade)\\ADAM\\__MACOSX\\ADAM\\Validation\\Lesion_Masks\\Drusen\\._V0151.bmp'
._V0170.bmp,cannot identify image file 'D:\\OIO+\\DATASET_RETINA\\01.Originais\\AMD (Degeneração Macular Relacionada à Idade)\\ADAM\\__MACOSX\\ADAM\\Validation\\Lesion_Masks\\Drusen\\._V0170.bmp'
._V0172.bmp,cannot identify image file 'D:\\OIO+\\DATASET_RETINA\\01.Originais\\AMD (Degeneração Macular Relacionada à Idade)\\ADAM\\__MACOSX\\ADAM\\Validation\\Lesion_Masks\\Drusen\\._V0172.bmp'
._V0173.bmp,cannot identify image file 'D:\\OIO+\\DATASET_RETINA\\01.Originais\\AMD (Degeneração Macular Relacionada à Idade)\\ADAM\\__MACOSX\\ADAM\\Validation\\Lesion_Masks\\Drusen\\._V0173.bmp'
._V0176.bmp,cannot identify image file 'D:\\OIO+\\DATASET_RETINA\\01.Originais\\AMD (Degeneração Macular Relacionada à Idade)\\ADAM\\__MACOSX\\ADAM\\Validation\\Lesion_Masks\\Drusen\\._V0176.bmp'
._V0178.bmp,cannot identify image file 'D:\\OIO+\\DATASET_RETINA\\01.Originais\\AMD (Degeneração Macular Relacionada à Idade)\\ADAM\\__MACOSX\\ADAM\\Validation\\Lesion_Masks\\Drusen\\._V0178.bmp'
._V0194.bmp,cannot identify image file 'D:\\OIO+\\DATASET_RETINA\\01.Originais\\AMD (Degeneração Macular Relacionada à Idade)\\ADAM\\__MACOSX\\ADAM\\Validation\\Lesion_Masks\\Drusen\\._V0194.bmp'
._V0208.bmp,cannot identify image file 'D:\\OIO+\\DATASET_RETINA\\01.Originais\\AMD (Degeneração Macular Relacionada à Idade)\\ADAM\\__MACOSX\\ADAM\\Validation\\Lesion_Masks\\Drusen\\._V0208.bmp'
._V0222.bmp,cannot identify image file 'D:\\OIO+\\DATASET_RETINA\\01.Originais\\AMD (Degeneração Macular Relacionada à Idade)\\ADAM\\__MACOSX\\ADAM\\Validation\\Lesion_Masks\\Drusen\\._V0222.bmp'
._V0239.bmp,cannot identify image file 'D:\\OIO+\\DATASET_RETINA\\01.Originais\\AMD (Degeneração Macular Relacionada à Idade)\\ADAM\\__MACOSX\\ADAM\\Validation\\Lesion_Masks\\Drusen\\._V0239.bmp'
._V0242.bmp,cannot identify image file 'D:\\OIO+\\DATASET_RETINA\\01.Originais\\AMD (Degeneração Macular Relacionada à Idade)\\ADAM\\__MACOSX\\ADAM\\Validation\\Lesion_Masks\\Drusen\\._V0242.bmp'
._V0256.bmp,cannot identify image file 'D:\\OIO+\\DATASET_RETINA\\01.Originais\\AMD (Degeneração Macular Relacionada à Idade)\\ADAM\\__MACOSX\\ADAM\\Validation\\Lesion_Masks\\Drusen\\._V0256.bmp'
._V0268.bmp,cannot identify image file 'D:\\OIO+\\DATASET_RETINA\\01.Originais\\AMD (Degeneração Macular Relacionada à Idade)\\ADAM\\__MACOSX\\ADAM\\Validation\\Lesion_Masks\\Drusen\\._V0268.bmp'
._V0281.bmp,cannot identify image file 'D:\\OIO+\\DATASET_RETINA\\01.Originais\\AMD (Degeneração Macular Relacionada à Idade)\\ADAM\\__MACOSX\\ADAM\\Validation\\Lesion_Masks\\Drusen\\._V0281.bmp'
._V0282.bmp,cannot identify image file 'D:\\OIO+\\DATASET_RETINA\\01.Originais\\AMD (Degeneração Macular Relacionada à Idade)\\ADAM\\__MACOSX\\ADAM\\Validation\\Lesion_Masks\\Drusen\\._V0282.bmp'
._V0295.bmp,cannot identify image file 'D:\\OIO+\\DATASET_RETINA\\01.Originais\\AMD (Degeneração Macular Relacionada à Idade)\\ADAM\\__MACOSX\\ADAM\\Validation\\Lesion_Masks\\Drusen\\._V0295.bmp'
._V0297.bmp,cannot identify image file 'D:\\OIO+\\DATASET_RETINA\\01.Originais\\AMD (Degeneração Macular Relacionada à Idade)\\ADAM\\__MACOSX\\ADAM\\Validation\\Lesion_Masks\\Drusen\\._V0297.bmp'
._V0309.bmp,cannot identify image file 'D:\\OIO+\\DATASET_RETINA\\01.Originais\\AMD (Degeneração Macular Relacionada à Idade)\\ADAM\\__MACOSX\\ADAM\\Validation\\Lesion_Masks\\Drusen\\._V0309.bmp'
._V0312.bmp,cannot identify image file 'D:\\OIO+\\DATASET_RETINA\\01.Originais\\AMD (Degeneração Macular Relacionada à Idade)\\ADAM\\__MACOSX\\ADAM\\Validation\\Lesion_Masks\\Drusen\\._V0312.bmp'
._V0319.bmp,cannot identify image file 'D:\\OIO+\\DATASET_RETINA\\01.Originais\\AMD (Degeneração Macular Relacionada à Idade)\\ADAM\\__MACOSX\\ADAM\\Validation\\Lesion_Masks\\Drusen\\._V0319.bmp'
._V0327.bmp,cannot identify image file 'D:\\OIO+\\DATASET_RETINA\\01.Originais\\AMD (Degeneração Macular Relacionada à Idade)\\ADAM\\__MACOSX\\ADAM\\Validation\\Lesion_Masks\\Drusen\\._V0327.bmp'
._V0331.bmp,cannot identify image file 'D:\\OIO+\\DATASET_RETINA\\01.Originais\\AMD (Degeneração Macular Relacionada à Idade)\\ADAM\\__MACOSX\\ADAM\\Validation\\Lesion_Masks\\Drusen\\._V0331.bmp'
._V0333.bmp,cannot identify image file 'D:\\OIO+\\DATASET_RETINA\\01.Originais\\AMD (Degeneração Macular Relacionada à Idade)\\ADAM\\__MACOSX\\ADAM\\Validation\\Lesion_Masks\\Drusen\\._V0333.bmp'
._V0334.bmp,cannot identify image file 'D:\\OIO+\\DATASET_RETINA\\01.Originais\\AMD (Degeneração Macular Relacionada à Idade)\\ADAM\\__MACOSX\\ADAM\\Validation\\Lesion_Masks\\Drusen\\._V0334.bmp'
._V0350.bmp,cannot identify image file 'D:\\OIO+\\DATASET_RETINA\\01.Originais\\AMD (Degeneração Macular Relacionada à Idade)\\ADAM\\__MACOSX\\ADAM\\Validation\\Lesion_Masks\\Drusen\\._V0350.bmp'
._V0354.bmp,cannot identify image file 'D:\\OIO+\\DATASET_RETINA\\01.Originais\\AMD (Degeneração Macular Relacionada à Idade)\\ADAM\\__MACOSX\\ADAM\\Validation\\Lesion_Masks\\Drusen\\._V0354.bmp'
._V0368.bmp,cannot identify image file 'D:\\OIO+\\DATASET_RETINA\\01.Originais\\AMD (Degeneração Macular Relacionada à Idade)\\ADAM\\__MACOSX\\ADAM\\Validation\\Lesion_Masks\\Drusen\\._V0368.bmp'
._V0369.bmp,cannot identify image file 'D:\\OIO+\\DATASET_RETINA\\01.Originais\\AMD (Degeneração Macular Relacionada à Idade)\\ADAM\\__MACOSX\\ADAM\\Validation\\Lesion_Masks\\Drusen\\._V0369.bmp'
._V0397.bmp,cannot identify image file 'D:\\OIO+\\DATASET_RETINA\\01.Originais\\AMD (Degeneração Macular Relacionada à Idade)\\ADAM\\__MACOSX\\ADAM\\Validation\\Lesion_Masks\\Drusen\\._V0397.bmp'
._V0399.bmp,cannot identify image file 'D:\\OIO+\\DATASET_RETINA\\01.Originais\\AMD (Degeneração Macular Relacionada à Idade)\\ADAM\\__MACOSX\\ADAM\\Validation\\Lesion_Masks\\Drusen\\._V0399.bmp'
._V0001.bmp,cannot identify image file 'D:\\OIO+\\DATASET_RETINA\\01.Originais\\AMD (Degeneração Macular Relacionada à Idade)\\ADAM\\__MACOSX\\ADAM\\Validation\\Lesion_Masks\\Exudate\\._V0001.bmp'
._V0008.bmp,cannot identify image file 'D:\\OIO+\\DATASET_RETINA\\01.Originais\\AMD (Degeneração Macular Relacionada à Idade)\\ADAM\\__MACOSX\\ADAM\\Validation\\Lesion_Masks\\Exudate\\._V0008.bmp'
._V0013.bmp,cannot identify image file 'D:\\OIO+\\DATASET_RETINA\\01.Originais\\AMD (Degeneração Macular Relacionada à Idade)\\ADAM\\__MACOSX\\ADAM\\Validation\\Lesion_Masks\\Exudate\\._V0013.bmp'
._V0030.bmp,cannot identify image file 'D:\\OIO+\\DATASET_RETINA\\01.Originais\\AMD (Degeneração Macular Relacionada à Idade)\\ADAM\\__MACOSX\\ADAM\\Validation\\Lesion_Masks\\Exudate\\._V0030.bmp'
._V0034.bmp,cannot identify image file 'D:\\OIO+\\DATASET_RETINA\\01.Originais\\AMD (Degeneração Macular Relacionada à Idade)\\ADAM\\__MACOSX\\ADAM\\Validation\\Lesion_Masks\\Exudate\\._V0034.bmp'
._V0043.bmp,cannot identify image file 'D:\\OIO+\\DATASET_RETINA\\01.Originais\\AMD (Degeneração Macular Relacionada à Idade)\\ADAM\\__MACOSX\\ADAM\\Validation\\Lesion_Masks\\Exudate\\._V0043.bmp'
._V0048.bmp,cannot identify image file 'D:\\OIO+\\DATASET_RETINA\\01.Originais\\AMD (Degeneração Macular Relacionada à Idade)\\ADAM\\__MACOSX\\ADAM\\Validation\\Lesion_Masks\\Exudate\\._V0048.bmp'
._V0051.bmp,cannot identify image file 'D:\\OIO+\\DATASET_RETINA\\01.Originais\\AMD (Degeneração Macular Relacionada à Idade)\\ADAM\\__MACOSX\\ADAM\\Validation\\Lesion_Masks\\Exudate\\._V0051.bmp'
._V0056.bmp,cannot identify image file 'D:\\OIO+\\DATASET_RETINA\\01.Originais\\AMD (Degeneração Macular Relacionada à Idade)\\ADAM\\__MACOSX\\ADAM\\Validation\\Lesion_Masks\\Exudate\\._V0056.bmp'
._V0063.bmp,cannot identify image file 'D:\\OIO+\\DATASET_RETINA\\01.Originais\\AMD (Degeneração Macular Relacionada à Idade)\\ADAM\\__MACOSX\\ADAM\\Validation\\Lesion_Masks\\Exudate\\._V0063.bmp'
._V0085.bmp,cannot identify image file 'D:\\OIO+\\DATASET_RETINA\\01.Originais\\AMD (Degeneração Macular Relacionada à Idade)\\ADAM\\__MACOSX\\ADAM\\Validation\\Lesion_Masks\\Exudate\\._V0085.bmp'
._V0091.bmp,cannot identify image file 'D:\\OIO+\\DATASET_RETINA\\01.Originais\\AMD (Degeneração Macular Relacionada à Idade)\\ADAM\\__MACOSX\\ADAM\\Validation\\Lesion_Masks\\Exudate\\._V0091.bmp'
._V0093.bmp,cannot identify image file 'D:\\OIO+\\DATASET_RETINA\\01.Originais\\AMD (Degeneração Macular Relacionada à Idade)\\ADAM\\__MACOSX\\ADAM\\Validation\\Lesion_Masks\\Exudate\\._V0093.bmp'
._V0099.bmp,cannot identify image file 'D:\\OIO+\\DATASET_RETINA\\01.Originais\\AMD (Degeneração Macular Relacionada à Idade)\\ADAM\\__MACOSX\\ADAM\\Validation\\Lesion_Masks\\Exudate\\._V0099.bmp'
._V0106.bmp,cannot identify image file 'D:\\OIO+\\DATASET_RETINA\\01.Originais\\AMD (Degeneração Macular Relacionada à Idade)\\ADAM\\__MACOSX\\ADAM\\Validation\\Lesion_Masks\\Exudate\\._V0106.bmp'
._V0115.bmp,cannot identify image file 'D:\\OIO+\\DATASET_RETINA\\01.Originais\\AMD (Degeneração Macular Relacionada à Idade)\\ADAM\\__MACOSX\\ADAM\\Validation\\Lesion_Masks\\Exudate\\._V0115.bmp'
._V0116.bmp,cannot identify image file 'D:\\OIO+\\DATASET_RETINA\\01.Originais\\AMD (Degeneração Macular Relacionada à Idade)\\ADAM\\__MACOSX\\ADAM\\Validation\\Lesion_Masks\\Exudate\\._V0116.bmp'
._V0129.bmp,cannot identify image file 'D:\\OIO+\\DATASET_RETINA\\01.Originais\\AMD (Degeneração Macular Relacionada à Idade)\\ADAM\\__MACOSX\\ADAM\\Validation\\Lesion_Masks\\Exudate\\._V0129.bmp'
._V0146.bmp,cannot identify image file 'D:\\OIO+\\DATASET_RETINA\\01.Originais\\AMD (Degeneração Macular Relacionada à Idade)\\ADAM\\__MACOSX\\ADAM\\Validation\\Lesion_Masks\\Exudate\\._V0146.bmp'
._V0147.bmp,cannot identify image file 'D:\\OIO+\\DATASET_RETINA\\01.Originais\\AMD (Degeneração Macular Relacionada à Idade)\\ADAM\\__MACOSX\\ADAM\\Validation\\Lesion_Masks\\Exudate\\._V0147.bmp'
._V0152.bmp,cannot identify image file 'D:\\OIO+\\DATASET_RETINA\\01.Originais\\AMD (Degeneração Macular Relacionada à Idade)\\ADAM\\__MACOSX\\ADAM\\Validation\\Lesion_Masks\\Exudate\\._V0152.bmp'
._V0158.bmp,cannot identify image file 'D:\\OIO+\\DATASET_RETINA\\01.Originais\\AMD (Degeneração Macular Relacionada à Idade)\\ADAM\\__MACOSX\\ADAM\\Validation\\Lesion_Masks\\Exudate\\._V0158.bmp'
._V0159.bmp,cannot identify image file 'D:\\OIO+\\DATASET_RETINA\\01.Originais\\AMD (Degeneração Macular Relacionada à Idade)\\ADAM\\__MACOSX\\ADAM\\Validation\\Lesion_Masks\\Exudate\\._V0159.bmp'
._V0161.bmp,cannot identify image file 'D:\\OIO+\\DATASET_RETINA\\01.Originais\\AMD (Degeneração Macular Relacionada à Idade)\\ADAM\\__MACOSX\\ADAM\\Validation\\Lesion_Masks\\Exudate\\._V0161.bmp'
._V0180.bmp,cannot identify image file 'D:\\OIO+\\DATASET_RETINA\\01.Originais\\AMD (Degeneração Macular Relacionada à Idade)\\ADAM\\__MACOSX\\ADAM\\Validation\\Lesion_Masks\\Exudate\\._V0180.bmp'
._V0185.bmp,cannot identify image file 'D:\\OIO+\\DATASET_RETINA\\01.Originais\\AMD (Degeneração Macular Relacionada à Idade)\\ADAM\\__MACOSX\\ADAM\\Validation\\Lesion_Masks\\Exudate\\._V0185.bmp'
._V0187.bmp,cannot identify image file 'D:\\OIO+\\DATASET_RETINA\\01.Originais\\AMD (Degeneração Macular Relacionada à Idade)\\ADAM\\__MACOSX\\ADAM\\Validation\\Lesion_Masks\\Exudate\\._V0187.bmp'
._V0188.bmp,cannot identify image file 'D:\\OIO+\\DATASET_RETINA\\01.Originais\\AMD (Degeneração Macular Relacionada à Idade)\\ADAM\\__MACOSX\\ADAM\\Validation\\Lesion_Masks\\Exudate\\._V0188.bmp'
._V0190.bmp,cannot identify image file 'D:\\OIO+\\DATASET_RETINA\\01.Originais\\AMD (Degeneração Macular Relacionada à Idade)\\ADAM\\__MACOSX\\ADAM\\Validation\\Lesion_Masks\\Exudate\\._V0190.bmp'
._V0196.bmp,cannot identify image file 'D:\\OIO+\\DATASET_RETINA\\01.Originais\\AMD (Degeneração Macular Relacionada à Idade)\\ADAM\\__MACOSX\\ADAM\\Validation\\Lesion_Masks\\Exudate\\._V0196.bmp'
._V0209.bmp,cannot identify image file 'D:\\OIO+\\DATASET_RETINA\\01.Originais\\AMD (Degeneração Macular Relacionada à Idade)\\ADAM\\__MACOSX\\ADAM\\Validation\\Lesion_Masks\\Exudate\\._V0209.bmp'
._V0218.bmp,cannot identify image file 'D:\\OIO+\\DATASET_RETINA\\01.Originais\\AMD (Degeneração Macular Relacionada à Idade)\\ADAM\\__MACOSX\\ADAM\\Validation\\Lesion_Masks\\Exudate\\._V0218.bmp'
._V0227.bmp,cannot identify image file 'D:\\OIO+\\DATASET_RETINA\\01.Originais\\AMD (Degeneração Macular Relacionada à Idade)\\ADAM\\__MACOSX\\ADAM\\Validation\\Lesion_Masks\\Exudate\\._V0227.bmp'
._V0238.bmp,cannot identify image file 'D:\\OIO+\\DATASET_RETINA\\01.Originais\\AMD (Degeneração Macular Relacionada à Idade)\\ADAM\\__MACOSX\\ADAM\\Validation\\Lesion_Masks\\Exudate\\._V0238.bmp'
._V0243.bmp,cannot identify image file 'D:\\OIO+\\DATASET_RETINA\\01.Originais\\AMD (Degeneração Macular Relacionada à Idade)\\ADAM\\__MACOSX\\ADAM\\Validation\\Lesion_Masks\\Exudate\\._V0243.bmp'
._V0251.bmp,cannot identify image file 'D:\\OIO+\\DATASET_RETINA\\01.Originais\\AMD (Degeneração Macular Relacionada à Idade)\\ADAM\\__MACOSX\\ADAM\\Validation\\Lesion_Masks\\Exudate\\._V0251.bmp'
._V0264.bmp,cannot identify image file 'D:\\OIO+\\DATASET_RETINA\\01.Originais\\AMD (Degeneração Macular Relacionada à Idade)\\ADAM\\__MACOSX\\ADAM\\Validation\\Lesion_Masks\\Exudate\\._V0264.bmp'
._V0267.bmp,cannot identify image file 'D:\\OIO+\\DATASET_RETINA\\01.Originais\\AMD (Degeneração Macular Relacionada à Idade)\\ADAM\\__MACOSX\\ADAM\\Validation\\Lesion_Masks\\Exudate\\._V0267.bmp'
._V0284.bmp,cannot identify image file 'D:\\OIO+\\DATASET_RETINA\\01.Originais\\AMD (Degeneração Macular Relacionada à Idade)\\ADAM\\__MACOSX\\ADAM\\Validation\\Lesion_Masks\\Exudate\\._V0284.bmp'
._V0291.bmp,cannot identify image file 'D:\\OIO+\\DATASET_RETINA\\01.Originais\\AMD (Degeneração Macular Relacionada à Idade)\\ADAM\\__MACOSX\\ADAM\\Validation\\Lesion_Masks\\Exudate\\._V0291.bmp'
._V0310.bmp,cannot identify image file 'D:\\OIO+\\DATASET_RETINA\\01.Originais\\AMD (Degeneração Macular Relacionada à Idade)\\ADAM\\__MACOSX\\ADAM\\Validation\\Lesion_Masks\\Exudate\\._V0310.bmp'
._V0325.bmp,cannot identify image file 'D:\\OIO+\\DATASET_RETINA\\01.Originais\\AMD (Degeneração Macular Relacionada à Idade)\\ADAM\\__MACOSX\\ADAM\\Validation\\Lesion_Masks\\Exudate\\._V0325.bmp'
._V0328.bmp,cannot identify image file 'D:\\OIO+\\DATASET_RETINA\\01.Originais\\AMD (Degeneração Macular Relacionada à Idade)\\ADAM\\__MACOSX\\ADAM\\Validation\\Lesion_Masks\\Exudate\\._V0328.bmp'
._V0330.bmp,cannot identify image file 'D:\\OIO+\\DATASET_RETINA\\01.Originais\\AMD (Degeneração Macular Relacionada à Idade)\\ADAM\\__MACOSX\\ADAM\\Validation\\Lesion_Masks\\Exudate\\._V0330.bmp'
._V0337.bmp,cannot identify image file 'D:\\OIO+\\DATASET_RETINA\\01.Originais\\AMD (Degeneração Macular Relacionada à Idade)\\ADAM\\__MACOSX\\ADAM\\Validation\\Lesion_Masks\\Exudate\\._V0337.bmp'
._V0352.bmp,cannot identify image file 'D:\\OIO+\\DATASET_RETINA\\01.Originais\\AMD (Degeneração Macular Relacionada à Idade)\\ADAM\\__MACOSX\\ADAM\\Validation\\Lesion_Masks\\Exudate\\._V0352.bmp'
._V0354.bmp,cannot identify image file 'D:\\OIO+\\DATASET_RETINA\\01.Originais\\AMD (Degeneração Macular Relacionada à Idade)\\ADAM\\__MACOSX\\ADAM\\Validation\\Lesion_Masks\\Exudate\\._V0354.bmp'
._V0362.bmp,cannot identify image file 'D:\\OIO+\\DATASET_RETINA\\01.Originais\\AMD (Degeneração Macular Relacionada à Idade)\\ADAM\\__MACOSX\\ADAM\\Validation\\Lesion_Masks\\Exudate\\._V0362.bmp'
._V0363.bmp,cannot identify image file 'D:\\OIO+\\DATASET_RETINA\\01.Originais\\AMD (Degeneração Macular Relacionada à Idade)\\ADAM\\__MACOSX\\ADAM\\Validation\\Lesion_Masks\\Exudate\\._V0363.bmp'
._V0379.bmp,cannot identify image file 'D:\\OIO+\\DATASET_RETINA\\01.Originais\\AMD (Degeneração Macular Relacionada à Idade)\\ADAM\\__MACOSX\\ADAM\\Validation\\Lesion_Masks\\Exudate\\._V0379.bmp'
._V0380.bmp,cannot identify image file 'D:\\OIO+\\DATASET_RETINA\\01.Originais\\AMD (Degeneração Macular Relacionada à Idade)\\ADAM\\__MACOSX\\ADAM\\Validation\\Lesion_Masks\\Exudate\\._V0380.bmp'
._V0390.bmp,cannot identify image file 'D:\\OIO+\\DATASET_RETINA\\01.Originais\\AMD (Degeneração Macular Relacionada à Idade)\\ADAM\\__MACOSX\\ADAM\\Validation\\Lesion_Masks\\Exudate\\._V0390.bmp'
._V0392.bmp,cannot identify image file 'D:\\OIO+\\DATASET_RETINA\\01.Originais\\AMD (Degeneração Macular Relacionada à Idade)\\ADAM\\__MACOSX\\ADAM\\Validation\\Lesion_Masks\\Exudate\\._V0392.bmp'
._V0001.bmp,cannot identify image file 'D:\\OIO+\\DATASET_RETINA\\01.Originais\\AMD (Degeneração Macular Relacionada à Idade)\\ADAM\\__MACOSX\\ADAM\\Validation\\Lesion_Masks\\Hemorrhage\\._V0001.bmp'
._V0009.bmp,cannot identify image file 'D:\\OIO+\\DATASET_RETINA\\01.Originais\\AMD (Degeneração Macular Relacionada à Idade)\\ADAM\\__MACOSX\\ADAM\\Validation\\Lesion_Masks\\Hemorrhage\\._V0009.bmp'
._V0030.bmp,cannot identify image file 'D:\\OIO+\\DATASET_RETINA\\01.Originais\\AMD (Degeneração Macular Relacionada à Idade)\\ADAM\\__MACOSX\\ADAM\\Validation\\Lesion_Masks\\Hemorrhage\\._V0030.bmp'
._V0085.bmp,cannot identify image file 'D:\\OIO+\\DATASET_RETINA\\01.Originais\\AMD (Degeneração Macular Relacionada à Idade)\\ADAM\\__MACOSX\\ADAM\\Validation\\Lesion_Masks\\Hemorrhage\\._V0085.bmp'
._V0091.bmp,cannot identify image file 'D:\\OIO+\\DATASET_RETINA\\01.Originais\\AMD (Degeneração Macular Relacionada à Idade)\\ADAM\\__MACOSX\\ADAM\\Validation\\Lesion_Masks\\Hemorrhage\\._V0091.bmp'
._V0100.bmp,cannot identify image file 'D:\\OIO+\\DATASET_RETINA\\01.Originais\\AMD (Degeneração Macular Relacionada à Idade)\\ADAM\\__MACOSX\\ADAM\\Validation\\Lesion_Masks\\Hemorrhage\\._V0100.bmp'
._V0105.bmp,cannot identify image file 'D:\\OIO+\\DATASET_RETINA\\01.Originais\\AMD (Degeneração Macular Relacionada à Idade)\\ADAM\\__MACOSX\\ADAM\\Validation\\Lesion_Masks\\Hemorrhage\\._V0105.bmp'
._V0119.bmp,cannot identify image file 'D:\\OIO+\\DATASET_RETINA\\01.Originais\\AMD (Degeneração Macular Relacionada à Idade)\\ADAM\\__MACOSX\\ADAM\\Validation\\Lesion_Masks\\Hemorrhage\\._V0119.bmp'
._V0129.bmp,cannot identify image file 'D:\\OIO+\\DATASET_RETINA\\01.Originais\\AMD (Degeneração Macular Relacionada à Idade)\\ADAM\\__MACOSX\\ADAM\\Validation\\Lesion_Masks\\Hemorrhage\\._V0129.bmp'
._V0154.bmp,cannot identify image file 'D:\\OIO+\\DATASET_RETINA\\01.Originais\\AMD (Degeneração Macular Relacionada à Idade)\\ADAM\\__MACOSX\\ADAM\\Validation\\Lesion_Masks\\Hemorrhage\\._V0154.bmp'
._V0158.bmp,cannot identify image file 'D:\\OIO+\\DATASET_RETINA\\01.Originais\\AMD (Degeneração Macular Relacionada à Idade)\\ADAM\\__MACOSX\\ADAM\\Validation\\Lesion_Masks\\Hemorrhage\\._V0158.bmp'
._V0187.bmp,cannot identify image file 'D:\\OIO+\\DATASET_RETINA\\01.Originais\\AMD (Degeneração Macular Relacionada à Idade)\\ADAM\\__MACOSX\\ADAM\\Validation\\Lesion_Masks\\Hemorrhage\\._V0187.bmp'
._V0237.bmp,cannot identify image file 'D:\\OIO+\\DATASET_RETINA\\01.Originais\\AMD (Degeneração Macular Relacionada à Idade)\\ADAM\\__MACOSX\\ADAM\\Validation\\Lesion_Masks\\Hemorrhage\\._V0237.bmp'
._V0245.bmp,cannot identify image file 'D:\\OIO+\\DATASET_RETINA\\01.Originais\\AMD (Degeneração Macular Relacionada à Idade)\\ADAM\\__MACOSX\\ADAM\\Validation\\Lesion_Masks\\Hemorrhage\\._V0245.bmp'
._V0248.bmp,cannot identify image file 'D:\\OIO+\\DATASET_RETINA\\01.Originais\\AMD (Degeneração Macular Relacionada à Idade)\\ADAM\\__MACOSX\\ADAM\\Validation\\Lesion_Masks\\Hemorrhage\\._V0248.bmp'
._V0251.bmp,cannot identify image file 'D:\\OIO+\\DATASET_RETINA\\01.Originais\\AMD (Degeneração Macular Relacionada à Idade)\\ADAM\\__MACOSX\\ADAM\\Validation\\Lesion_Masks\\Hemorrhage\\._V0251.bmp'
._V0267.bmp,cannot identify image file 'D:\\OIO+\\DATASET_RETINA\\01.Originais\\AMD (Degeneração Macular Relacionada à Idade)\\ADAM\\__MACOSX\\ADAM\\Validation\\Lesion_Masks\\Hemorrhage\\._V0267.bmp'
._V0269.bmp,cannot identify image file 'D:\\OIO+\\DATASET_RETINA\\01.Originais\\AMD (Degeneração Macular Relacionada à Idade)\\ADAM\\__MACOSX\\ADAM\\Validation\\Lesion_Masks\\Hemorrhage\\._V0269.bmp'
._V0284.bmp,cannot identify image file 'D:\\OIO+\\DATASET_RETINA\\01.Originais\\AMD (Degeneração Macular Relacionada à Idade)\\ADAM\\__MACOSX\\ADAM\\Validation\\Lesion_Masks\\Hemorrhage\\._V0284.bmp'
._V0291.bmp,cannot identify image file 'D:\\OIO+\\DATASET_RETINA\\01.Originais\\AMD (Degeneração Macular Relacionada à Idade)\\ADAM\\__MACOSX\\ADAM\\Validation\\Lesion_Masks\\Hemorrhage\\._V0291.bmp'
._V0297.bmp,cannot identify image file 'D:\\OIO+\\DATASET_RETINA\\01.Originais\\AMD (Degeneração Macular Relacionada à Idade)\\ADAM\\__MACOSX\\ADAM\\Validation\\Lesion_Masks\\Hemorrhage\\._V0297.bmp'
._V0323.bmp,cannot identify image file 'D:\\OIO+\\DATASET_RETINA\\01.Originais\\AMD (Degeneração Macular Relacionada à Idade)\\ADAM\\__MACOSX\\ADAM\\Validation\\Lesion_Masks\\Hemorrhage\\._V0323.bmp'
._V0326.bmp,cannot identify image file 'D:\\OIO+\\DATASET_RETINA\\01.Originais\\AMD (Degeneração Macular Relacionada à Idade)\\ADAM\\__MACOSX\\ADAM\\Validation\\Lesion_Masks\\Hemorrhage\\._V0326.bmp'
._V0330.bmp,cannot identify image file 'D:\\OIO+\\DATASET_RETINA\\01.Originais\\AMD (Degeneração Macular Relacionada à Idade)\\ADAM\\__MACOSX\\ADAM\\Validation\\Lesion_Masks\\Hemorrhage\\._V0330.bmp'
._V0334.bmp,cannot identify image file 'D:\\OIO+\\DATASET_RETINA\\01.Originais\\AMD (Degeneração Macular Relacionada à Idade)\\ADAM\\__MACOSX\\ADAM\\Validation\\Lesion_Masks\\Hemorrhage\\._V0334.bmp'
._V0337.bmp,cannot identify image file 'D:\\OIO+\\DATASET_RETINA\\01.Originais\\AMD (Degeneração Macular Relacionada à Idade)\\ADAM\\__MACOSX\\ADAM\\Validation\\Lesion_Masks\\Hemorrhage\\._V0337.bmp'
._V0352.bmp,cannot identify image file 'D:\\OIO+\\DATASET_RETINA\\01.Originais\\AMD (Degeneração Macular Relacionada à Idade)\\ADAM\\__MACOSX\\ADAM\\Validation\\Lesion_Masks\\Hemorrhage\\._V0352.bmp'
._V0362.bmp,cannot identify image file 'D:\\OIO+\\DATASET_RETINA\\01.Originais\\AMD (Degeneração Macular Relacionada à Idade)\\ADAM\\__MACOSX\\ADAM\\Validation\\Lesion_Masks\\Hemorrhage\\._V0362.bmp'
._V0380.bmp,cannot identify image file 'D:\\OIO+\\DATASET_RETINA\\01.Originais\\AMD (Degeneração Macular Relacionada à Idade)\\ADAM\\__MACOSX\\ADAM\\Validation\\Lesion_Masks\\Hemorrhage\\._V0380.bmp'
._V0388.bmp,cannot identify image file 'D:\\OIO+\\DATASET_RETINA\\01.Originais\\AMD (Degeneração Macular Relacionada à Idade)\\ADAM\\__MACOSX\\ADAM\\Validation\\Lesion_Masks\\Hemorrhage\\._V0388.bmp'
._V0021.bmp,cannot identify image file 'D:\\OIO+\\DATASET_RETINA\\01.Originais\\AMD (Degeneração Macular Relacionada à Idade)\\ADAM\\__MACOSX\\ADAM\\Validation\\Lesion_Masks\\Other\\._V0021.bmp'
._V0079.bmp,cannot identify image file 'D:\\OIO+\\DATASET_RETINA\\01.Originais\\AMD (Degeneração Macular Relacionada à Idade)\\ADAM\\__MACOSX\\ADAM\\Validation\\Lesion_Masks\\Other\\._V0079.bmp'
._V0232.bmp,cannot identify image file 'D:\\OIO+\\DATASET_RETINA\\01.Originais\\AMD (Degeneração Macular Relacionada à Idade)\\ADAM\\__MACOSX\\ADAM\\Validation\\Lesion_Masks\\Other\\._V0232.bmp'
._V0266.bmp,cannot identify image file 'D:\\OIO+\\DATASET_RETINA\\01.Originais\\AMD (Degeneração Macular Relacionada à Idade)\\ADAM\\__MACOSX\\ADAM\\Validation\\Lesion_Masks\\Other\\._V0266.bmp'
._V0285.bmp,cannot identify image file 'D:\\OIO+\\DATASET_RETINA\\01.Originais\\AMD (Degeneração Macular Relacionada à Idade)\\ADAM\\__MACOSX\\ADAM\\Validation\\Lesion_Masks\\Other\\._V0285.bmp'
._V0292.bmp,cannot identify image file 'D:\\OIO+\\DATASET_RETINA\\01.Originais\\AMD (Degeneração Macular Relacionada à Idade)\\ADAM\\__MACOSX\\ADAM\\Validation\\Lesion_Masks\\Other\\._V0292.bmp'
._V0326.bmp,cannot identify image file 'D:\\OIO+\\DATASET_RETINA\\01.Originais\\AMD (Degeneração Macular Relacionada à Idade)\\ADAM\\__MACOSX\\ADAM\\Validation\\Lesion_Masks\\Other\\._V0326.bmp'
._V0344.bmp,cannot identify image file 'D:\\OIO+\\DATASET_RETINA\\01.Originais\\AMD (Degeneração Macular Relacionada à Idade)\\ADAM\\__MACOSX\\ADAM\\Validation\\Lesion_Masks\\Other\\._V0344.bmp'
._V0368.bmp,cannot identify image file 'D:\\OIO+\\DATASET_RETINA\\01.Originais\\AMD (Degeneração Macular Relacionada à Idade)\\ADAM\\__MACOSX\\ADAM\\Validation\\Lesion_Masks\\Other\\._V0368.bmp'
._V0381.bmp,cannot identify image file 'D:\\OIO+\\DATASET_RETINA\\01.Originais\\AMD (Degeneração Macular Relacionada à Idade)\\ADAM\\__MACOSX\\ADAM\\Validation\\Lesion_Masks\\Other\\._V0381.bmp'
._V0030.bmp,cannot identify image file 'D:\\OIO+\\DATASET_RETINA\\01.Originais\\AMD (Degeneração Macular Relacionada à Idade)\\ADAM\\__MACOSX\\ADAM\\Validation\\Lesion_Masks\\Scar\\._V0030.bmp'
._V0050.bmp,cannot identify image file 'D:\\OIO+\\DATASET_RETINA\\01.Originais\\AMD (Degeneração Macular Relacionada à Idade)\\ADAM\\__MACOSX\\ADAM\\Validation\\Lesion_Masks\\Scar\\._V0050.bmp'
._V0051.bmp,cannot identify image file 'D:\\OIO+\\DATASET_RETINA\\01.Originais\\AMD (Degeneração Macular Relacionada à Idade)\\ADAM\\__MACOSX\\ADAM\\Validation\\Lesion_Masks\\Scar\\._V0051.bmp'
._V0085.bmp,cannot identify image file 'D:\\OIO+\\DATASET_RETINA\\01.Originais\\AMD (Degeneração Macular Relacionada à Idade)\\ADAM\\__MACOSX\\ADAM\\Validation\\Lesion_Masks\\Scar\\._V0085.bmp'
._V0093.bmp,cannot identify image file 'D:\\OIO+\\DATASET_RETINA\\01.Originais\\AMD (Degeneração Macular Relacionada à Idade)\\ADAM\\__MACOSX\\ADAM\\Validation\\Lesion_Masks\\Scar\\._V0093.bmp'
._V0099.bmp,cannot identify image file 'D:\\OIO+\\DATASET_RETINA\\01.Originais\\AMD (Degeneração Macular Relacionada à Idade)\\ADAM\\__MACOSX\\ADAM\\Validation\\Lesion_Masks\\Scar\\._V0099.bmp'
._V0103.bmp,cannot identify image file 'D:\\OIO+\\DATASET_RETINA\\01.Originais\\AMD (Degeneração Macular Relacionada à Idade)\\ADAM\\__MACOSX\\ADAM\\Validation\\Lesion_Masks\\Scar\\._V0103.bmp'
._V0115.bmp,cannot identify image file 'D:\\OIO+\\DATASET_RETINA\\01.Originais\\AMD (Degeneração Macular Relacionada à Idade)\\ADAM\\__MACOSX\\ADAM\\Validation\\Lesion_Masks\\Scar\\._V0115.bmp'
._V0129.bmp,cannot identify image file 'D:\\OIO+\\DATASET_RETINA\\01.Originais\\AMD (Degeneração Macular Relacionada à Idade)\\ADAM\\__MACOSX\\ADAM\\Validation\\Lesion_Masks\\Scar\\._V0129.bmp'
._V0135.bmp,cannot identify image file 'D:\\OIO+\\DATASET_RETINA\\01.Originais\\AMD (Degeneração Macular Relacionada à Idade)\\ADAM\\__MACOSX\\ADAM\\Validation\\Lesion_Masks\\Scar\\._V0135.bmp'
._V0147.bmp,cannot identify image file 'D:\\OIO+\\DATASET_RETINA\\01.Originais\\AMD (Degeneração Macular Relacionada à Idade)\\ADAM\\__MACOSX\\ADAM\\Validation\\Lesion_Masks\\Scar\\._V0147.bmp'
._V0154.bmp,cannot identify image file 'D:\\OIO+\\DATASET_RETINA\\01.Originais\\AMD (Degeneração Macular Relacionada à Idade)\\ADAM\\__MACOSX\\ADAM\\Validation\\Lesion_Masks\\Scar\\._V0154.bmp'
._V0161.bmp,cannot identify image file 'D:\\OIO+\\DATASET_RETINA\\01.Originais\\AMD (Degeneração Macular Relacionada à Idade)\\ADAM\\__MACOSX\\ADAM\\Validation\\Lesion_Masks\\Scar\\._V0161.bmp'
._V0170.bmp,cannot identify image file 'D:\\OIO+\\DATASET_RETINA\\01.Originais\\AMD (Degeneração Macular Relacionada à Idade)\\ADAM\\__MACOSX\\ADAM\\Validation\\Lesion_Masks\\Scar\\._V0170.bmp'
._V0173.bmp,cannot identify image file 'D:\\OIO+\\DATASET_RETINA\\01.Originais\\AMD (Degeneração Macular Relacionada à Idade)\\ADAM\\__MACOSX\\ADAM\\Validation\\Lesion_Masks\\Scar\\._V0173.bmp'
._V0180.bmp,cannot identify image file 'D:\\OIO+\\DATASET_RETINA\\01.Originais\\AMD (Degeneração Macular Relacionada à Idade)\\ADAM\\__MACOSX\\ADAM\\Validation\\Lesion_Masks\\Scar\\._V0180.bmp'
._V0187.bmp,cannot identify image file 'D:\\OIO+\\DATASET_RETINA\\01.Originais\\AMD (Degeneração Macular Relacionada à Idade)\\ADAM\\__MACOSX\\ADAM\\Validation\\Lesion_Masks\\Scar\\._V0187.bmp'
._V0190.bmp,cannot identify image file 'D:\\OIO+\\DATASET_RETINA\\01.Originais\\AMD (Degeneração Macular Relacionada à Idade)\\ADAM\\__MACOSX\\ADAM\\Validation\\Lesion_Masks\\Scar\\._V0190.bmp'
._V0218.bmp,cannot identify image file 'D:\\OIO+\\DATASET_RETINA\\01.Originais\\AMD (Degeneração Macular Relacionada à Idade)\\ADAM\\__MACOSX\\ADAM\\Validation\\Lesion_Masks\\Scar\\._V0218.bmp'
._V0237.bmp,cannot identify image file 'D:\\OIO+\\DATASET_RETINA\\01.Originais\\AMD (Degeneração Macular Relacionada à Idade)\\ADAM\\__MACOSX\\ADAM\\Validation\\Lesion_Masks\\Scar\\._V0237.bmp'
._V0245.bmp,cannot identify image file 'D:\\OIO+\\DATASET_RETINA\\01.Originais\\AMD (Degeneração Macular Relacionada à Idade)\\ADAM\\__MACOSX\\ADAM\\Validation\\Lesion_Masks\\Scar\\._V0245.bmp'
._V0248.bmp,cannot identify image file 'D:\\OIO+\\DATASET_RETINA\\01.Originais\\AMD (Degeneração Macular Relacionada à Idade)\\ADAM\\__MACOSX\\ADAM\\Validation\\Lesion_Masks\\Scar\\._V0248.bmp'
._V0251.bmp,cannot identify image file 'D:\\OIO+\\DATASET_RETINA\\01.Originais\\AMD (Degeneração Macular Relacionada à Idade)\\ADAM\\__MACOSX\\ADAM\\Validation\\Lesion_Masks\\Scar\\._V0251.bmp'
._V0264.bmp,cannot identify image file 'D:\\OIO+\\DATASET_RETINA\\01.Originais\\AMD (Degeneração Macular Relacionada à Idade)\\ADAM\\__MACOSX\\ADAM\\Validation\\Lesion_Masks\\Scar\\._V0264.bmp'
._V0284.bmp,cannot identify image file 'D:\\OIO+\\DATASET_RETINA\\01.Originais\\AMD (Degeneração Macular Relacionada à Idade)\\ADAM\\__MACOSX\\ADAM\\Validation\\Lesion_Masks\\Scar\\._V0284.bmp'
._V0297.bmp,cannot identify image file 'D:\\OIO+\\DATASET_RETINA\\01.Originais\\AMD (Degeneração Macular Relacionada à Idade)\\ADAM\\__MACOSX\\ADAM\\Validation\\Lesion_Masks\\Scar\\._V0297.bmp'
._V0323.bmp,cannot identify image file 'D:\\OIO+\\DATASET_RETINA\\01.Originais\\AMD (Degeneração Macular Relacionada à Idade)\\ADAM\\__MACOSX\\ADAM\\Validation\\Lesion_Masks\\Scar\\._V0323.bmp'
._V0334.bmp,cannot identify image file 'D:\\OIO+\\DATASET_RETINA\\01.Originais\\AMD (Degeneração Macular Relacionada à Idade)\\ADAM\\__MACOSX\\ADAM\\Validation\\Lesion_Masks\\Scar\\._V0334.bmp'
._V0337.bmp,cannot identify image file 'D:\\OIO+\\DATASET_RETINA\\01.Originais\\AMD (Degeneração Macular Relacionada à Idade)\\ADAM\\__MACOSX\\ADAM\\Validation\\Lesion_Masks\\Scar\\._V0337.bmp'
._V0352.bmp,cannot identify image file 'D:\\OIO+\\DATASET_RETINA\\01.Originais\\AMD (Degeneração Macular Relacionada à Idade)\\ADAM\\__MACOSX\\ADAM\\Validation\\Lesion_Masks\\Scar\\._V0352.bmp'
._V0360.bmp,cannot identify image file 'D:\\OIO+\\DATASET_RETINA\\01.Originais\\AMD (Degeneração Macular Relacionada à Idade)\\ADAM\\__MACOSX\\ADAM\\Validation\\Lesion_Masks\\Scar\\._V0360.bmp'
._V0368.bmp,cannot identify image file 'D:\\OIO+\\DATASET_RETINA\\01.Originais\\AMD (Degeneração Macular Relacionada à Idade)\\ADAM\\__MACOSX\\ADAM\\Validation\\Lesion_Masks\\Scar\\._V0368.bmp'
._V0388.bmp,cannot identify image file 'D:\\OIO+\\DATASET_RETINA\\01.Originais\\AMD (Degeneração Macular Relacionada à Idade)\\ADAM\\__MACOSX\\ADAM\\Validation\\Lesion_Masks\\Scar\\._V0388.bmp'
._V0390.bmp,cannot identify image file 'D:\\OIO+\\DATASET_RETINA\\01.Originais\\AMD (Degeneração Macular Relacionada à Idade)\\ADAM\\__MACOSX\\ADAM\\Validation\\Lesion_Masks\\Scar\\._V0390.bmp'
._A0001.jpg,cannot identify image file 'D:\\OIO+\\DATASET_RETINA\\01.Originais\\AMD (Degeneração Macular Relacionada à Idade)\\ADAM\\__MACOSX\\ADAM\\Train\\Disc_Fovea_Illustration\\._A0001.jpg'
._A0002.jpg,cannot identify image file 'D:\\OIO+\\DATASET_RETINA\\01.Originais\\AMD (Degeneração Macular Relacionada à Idade)\\ADAM\\__MACOSX\\ADAM\\Train\\Disc_Fovea_Illustration\\._A0002.jpg'
._A0003.jpg,cannot identify image file 'D:\\OIO+\\DATASET_RETINA\\01.Originais\\AMD (Degeneração Macular Relacionada à Idade)\\ADAM\\__MACOSX\\ADAM\\Train\\Disc_Fovea_Illustration\\._A0003.jpg'
._A0004.jpg,cannot identify image file 'D:\\OIO+\\DATASET_RETINA\\01.Originais\\AMD (Degeneração Macular Relacionada à Idade)\\ADAM\\__MACOSX\\ADAM\\Train\\Disc_Fovea_Illustration\\._A0004.jpg'
._A0005.jpg,cannot identify image file 'D:\\OIO+\\DATASET_RETINA\\01.Originais\\AMD (Degeneração Macular Relacionada à Idade)\\ADAM\\__MACOSX\\ADAM\\Train\\Disc_Fovea_Illustration\\._A0005.jpg'
._A0006.jpg,cannot identify image file 'D:\\OIO+\\DATASET_RETINA\\01.Originais\\AMD (Degeneração Macular Relacionada à Idade)\\ADAM\\__MACOSX\\ADAM\\Train\\Disc_Fovea_Illustration\\._A0006.jpg'
._A0007.jpg,cannot identify image file 'D:\\OIO+\\DATASET_RETINA\\01.Originais\\AMD (Degeneração Macular Relacionada à Idade)\\ADAM\\__MACOSX\\ADAM\\Train\\Disc_Fovea_Illustration\\._A0007.jpg'
._A0008.jpg,cannot identify image file 'D:\\OIO+\\DATASET_RETINA\\01.Originais\\AMD (Degeneração Macular Relacionada à Idade)\\ADAM\\__MACOSX\\ADAM\\Train\\Disc_Fovea_Illustration\\._A0008.jpg'
._A0009.jpg,cannot identify image file 'D:\\OIO+\\DATASET_RETINA\\01.Originais\\AMD (Degeneração Macular Relacionada à Idade)\\ADAM\\__MACOSX\\ADAM\\Train\\Disc_Fovea_Illustration\\._A0009.jpg'
._A0010.jpg,cannot identify image file 'D:\\OIO+\\DATASET_RETINA\\01.Originais\\AMD (Degeneração Macular Relacionada à Idade)\\ADAM\\__MACOSX\\ADAM\\Train\\Disc_Fovea_Illustration\\._A0010.jpg'
._A0011.jpg,cannot identify image file 'D:\\OIO+\\DATASET_RETINA\\01.Originais\\AMD (Degeneração Macular Relacionada à Idade)\\ADAM\\__MACOSX\\ADAM\\Train\\Disc_Fovea_Illustration\\._A0011.jpg'
._A0012.jpg,cannot identify image file 'D:\\OIO+\\DATASET_RETINA\\01.Originais\\AMD (Degeneração Macular Relacionada à Idade)\\ADAM\\__MACOSX\\ADAM\\Train\\Disc_Fovea_Illustration\\._A0012.jpg'
._A0013.jpg,cannot identify image file 'D:\\OIO+\\DATASET_RETINA\\01.Originais\\AMD (Degeneração Macular Relacionada à Idade)\\ADAM\\__MACOSX\\ADAM\\Train\\Disc_Fovea_Illustration\\._A0013.jpg'
._A0014.jpg,cannot identify image file 'D:\\OIO+\\DATASET_RETINA\\01.Originais\\AMD (Degeneração Macular Relacionada à Idade)\\ADAM\\__MACOSX\\ADAM\\Train\\Disc_Fovea_Illustration\\._A0014.jpg'
._A0015.jpg,cannot identify image file 'D:\\OIO+\\DATASET_RETINA\\01.Originais\\AMD (Degeneração Macular Relacionada à Idade)\\ADAM\\__MACOSX\\ADAM\\Train\\Disc_Fovea_Illustration\\._A0015.jpg'
._A0016.jpg,cannot identify image file 'D:\\OIO+\\DATASET_RETINA\\01.Originais\\AMD (Degeneração Macular Relacionada à Idade)\\ADAM\\__MACOSX\\ADAM\\Train\\Disc_Fovea_Illustration\\._A0016.jpg'
._A0017.jpg,cannot identify image file 'D:\\OIO+\\DATASET_RETINA\\01.Originais\\AMD (Degeneração Macular Relacionada à Idade)\\ADAM\\__MACOSX\\ADAM\\Train\\Disc_Fovea_Illustration\\._A0017.jpg'
._A0018.jpg,cannot identify image file 'D:\\OIO+\\DATASET_RETINA\\01.Originais\\AMD (Degeneração Macular Relacionada à Idade)\\ADAM\\__MACOSX\\ADAM\\Train\\Disc_Fovea_Illustration\\._A0018.jpg'
._A0019.jpg,cannot identify image file 'D:\\OIO+\\DATASET_RETINA\\01.Originais\\AMD (Degeneração Macular Relacionada à Idade)\\ADAM\\__MACOSX\\ADAM\\Train\\Disc_Fovea_Illustration\\._A0019.jpg'
._A0020.jpg,cannot identify image file 'D:\\OIO+\\DATASET_RETINA\\01.Originais\\AMD (Degeneração Macular Relacionada à Idade)\\ADAM\\__MACOSX\\ADAM\\Train\\Disc_Fovea_Illustration\\._A0020.jpg'
._A0021.jpg,cannot identify image file 'D:\\OIO+\\DATASET_RETINA\\01.Originais\\AMD (Degeneração Macular Relacionada à Idade)\\ADAM\\__MACOSX\\ADAM\\Train\\Disc_Fovea_Illustration\\._A0021.jpg'
._A0022.jpg,cannot identify image file 'D:\\OIO+\\DATASET_RETINA\\01.Originais\\AMD (Degeneração Macular Relacionada à Idade)\\ADAM\\__MACOSX\\ADAM\\Train\\Disc_Fovea_Illustration\\._A0022.jpg'
._A0023.jpg,cannot identify image file 'D:\\OIO+\\DATASET_RETINA\\01.Originais\\AMD (Degeneração Macular Relacionada à Idade)\\ADAM\\__MACOSX\\ADAM\\Train\\Disc_Fovea_Illustration\\._A0023.jpg'
._A0024.jpg,cannot identify image file 'D:\\OIO+\\DATASET_RETINA\\01.Originais\\AMD (Degeneração Macular Relacionada à Idade)\\ADAM\\__MACOSX\\ADAM\\Train\\Disc_Fovea_Illustration\\._A0024.jpg'
._A0025.jpg,cannot identify image file 'D:\\OIO+\\DATASET_RETINA\\01.Originais\\AMD (Degeneração Macular Relacionada à Idade)\\ADAM\\__MACOSX\\ADAM\\Train\\Disc_Fovea_Illustration\\._A0025.jpg'
._A0026.jpg,cannot identify image file 'D:\\OIO+\\DATASET_RETINA\\01.Originais\\AMD (Degeneração Macular Relacionada à Idade)\\ADAM\\__MACOSX\\ADAM\\Train\\Disc_Fovea_Illustration\\._A0026.jpg'
._A0027.jpg,cannot identify image file 'D:\\OIO+\\DATASET_RETINA\\01.Originais\\AMD (Degeneração Macular Relacionada à Idade)\\ADAM\\__MACOSX\\ADAM\\Train\\Disc_Fovea_Illustration\\._A0027.jpg'
._A0028.jpg,cannot identify image file 'D:\\OIO+\\DATASET_RETINA\\01.Originais\\AMD (Degeneração Macular Relacionada à Idade)\\ADAM\\__MACOSX\\ADAM\\Train\\Disc_Fovea_Illustration\\._A0028.jpg'
._A0029.jpg,cannot identify image file 'D:\\OIO+\\DATASET_RETINA\\01.Originais\\AMD (Degeneração Macular Relacionada à Idade)\\ADAM\\__MACOSX\\ADAM\\Train\\Disc_Fovea_Illustration\\._A0029.jpg'
._A0030.jpg,cannot identify image file 'D:\\OIO+\\DATASET_RETINA\\01.Originais\\AMD (Degeneração Macular Relacionada à Idade)\\ADAM\\__MACOSX\\ADAM\\Train\\Disc_Fovea_Illustration\\._A0030.jpg'
._A0031.jpg,cannot identify image file 'D:\\OIO+\\DATASET_RETINA\\01.Originais\\AMD (Degeneração Macular Relacionada à Idade)\\ADAM\\__MACOSX\\ADAM\\Train\\Disc_Fovea_Illustration\\._A0031.jpg'
._A0032.jpg,cannot identify image file 'D:\\OIO+\\DATASET_RETINA\\01.Originais\\AMD (Degeneração Macular Relacionada à Idade)\\ADAM\\__MACOSX\\ADAM\\Train\\Disc_Fovea_Illustration\\._A0032.jpg'
._A0033.jpg,cannot identify image file 'D:\\OIO+\\DATASET_RETINA\\01.Originais\\AMD (Degeneração Macular Relacionada à Idade)\\ADAM\\__MACOSX\\ADAM\\Train\\Disc_Fovea_Illustration\\._A0033.jpg'
._A0034.jpg,cannot identify image file 'D:\\OIO+\\DATASET_RETINA\\01.Originais\\AMD (Degeneração Macular Relacionada à Idade)\\ADAM\\__MACOSX\\ADAM\\Train\\Disc_Fovea_Illustration\\._A0034.jpg'
._A0035.jpg,cannot identify image file 'D:\\OIO+\\DATASET_RETINA\\01.Originais\\AMD (Degeneração Macular Relacionada à Idade)\\ADAM\\__MACOSX\\ADAM\\Train\\Disc_Fovea_Illustration\\._A0035.jpg'
._A0036.jpg,cannot identify image file 'D:\\OIO+\\DATASET_RETINA\\01.Originais\\AMD (Degeneração Macular Relacionada à Idade)\\ADAM\\__MACOSX\\ADAM\\Train\\Disc_Fovea_Illustration\\._A0036.jpg'
._A0037.jpg,cannot identify image file 'D:\\OIO+\\DATASET_RETINA\\01.Originais\\AMD (Degeneração Macular Relacionada à Idade)\\ADAM\\__MACOSX\\ADAM\\Train\\Disc_Fovea_Illustration\\._A0037.jpg'
._A0038.jpg,cannot identify image file 'D:\\OIO+\\DATASET_RETINA\\01.Originais\\AMD (Degeneração Macular Relacionada à Idade)\\ADAM\\__MACOSX\\ADAM\\Train\\Disc_Fovea_Illustration\\._A0038.jpg'
._A0039.jpg,cannot identify image file 'D:\\OIO+\\DATASET_RETINA\\01.Originais\\AMD (Degeneração Macular Relacionada à Idade)\\ADAM\\__MACOSX\\ADAM\\Train\\Disc_Fovea_Illustration\\._A0039.jpg'
._A0040.jpg,cannot identify image file 'D:\\OIO+\\DATASET_RETINA\\01.Originais\\AMD (Degeneração Macular Relacionada à Idade)\\ADAM\\__MACOSX\\ADAM\\Train\\Disc_Fovea_Illustration\\._A0040.jpg'
._A0041.jpg,cannot identify image file 'D:\\OIO+\\DATASET_RETINA\\01.Originais\\AMD (Degeneração Macular Relacionada à Idade)\\ADAM\\__MACOSX\\ADAM\\Train\\Disc_Fovea_Illustration\\._A0041.jpg'
._A0042.jpg,cannot identify image file 'D:\\OIO+\\DATASET_RETINA\\01.Originais\\AMD (Degeneração Macular Relacionada à Idade)\\ADAM\\__MACOSX\\ADAM\\Train\\Disc_Fovea_Illustration\\._A0042.jpg'
._A0043.jpg,cannot identify image file 'D:\\OIO+\\DATASET_RETINA\\01.Originais\\AMD (Degeneração Macular Relacionada à Idade)\\ADAM\\__MACOSX\\ADAM\\Train\\Disc_Fovea_Illustration\\._A0043.jpg'
._A0044.jpg,cannot identify image file 'D:\\OIO+\\DATASET_RETINA\\01.Originais\\AMD (Degeneração Macular Relacionada à Idade)\\ADAM\\__MACOSX\\ADAM\\Train\\Disc_Fovea_Illustration\\._A0044.jpg'
._A0045.jpg,cannot identify image file 'D:\\OIO+\\DATASET_RETINA\\01.Originais\\AMD (Degeneração Macular Relacionada à Idade)\\ADAM\\__MACOSX\\ADAM\\Train\\Disc_Fovea_Illustration\\._A0045.jpg'
._A0046.jpg,cannot identify image file 'D:\\OIO+\\DATASET_RETINA\\01.Originais\\AMD (Degeneração Macular Relacionada à Idade)\\ADAM\\__MACOSX\\ADAM\\Train\\Disc_Fovea_Illustration\\._A0046.jpg'
._A0047.jpg,cannot identify image file 'D:\\OIO+\\DATASET_RETINA\\01.Originais\\AMD (Degeneração Macular Relacionada à Idade)\\ADAM\\__MACOSX\\ADAM\\Train\\Disc_Fovea_Illustration\\._A0047.jpg'
._A0048.jpg,cannot identify image file 'D:\\OIO+\\DATASET_RETINA\\01.Originais\\AMD (Degeneração Macular Relacionada à Idade)\\ADAM\\__MACOSX\\ADAM\\Train\\Disc_Fovea_Illustration\\._A0048.jpg'
._A0049.jpg,cannot identify image file 'D:\\OIO+\\DATASET_RETINA\\01.Originais\\AMD (Degeneração Macular Relacionada à Idade)\\ADAM\\__MACOSX\\ADAM\\Train\\Disc_Fovea_Illustration\\._A0049.jpg'
._A0050.jpg,cannot identify image file 'D:\\OIO+\\DATASET_RETINA\\01.Originais\\AMD (Degeneração Macular Relacionada à Idade)\\ADAM\\__MACOSX\\ADAM\\Train\\Disc_Fovea_Illustration\\._A0050.jpg'
._A0051.jpg,cannot identify image file 'D:\\OIO+\\DATASET_RETINA\\01.Originais\\AMD (Degeneração Macular Relacionada à Idade)\\ADAM\\__MACOSX\\ADAM\\Train\\Disc_Fovea_Illustration\\._A0051.jpg'
._A0052.jpg,cannot identify image file 'D:\\OIO+\\DATASET_RETINA\\01.Originais\\AMD (Degeneração Macular Relacionada à Idade)\\ADAM\\__MACOSX\\ADAM\\Train\\Disc_Fovea_Illustration\\._A0052.jpg'
._A0053.jpg,cannot identify image file 'D:\\OIO+\\DATASET_RETINA\\01.Originais\\AMD (Degeneração Macular Relacionada à Idade)\\ADAM\\__MACOSX\\ADAM\\Train\\Disc_Fovea_Illustration\\._A0053.jpg'
._A0054.jpg,cannot identify image file 'D:\\OIO+\\DATASET_RETINA\\01.Originais\\AMD (Degeneração Macular Relacionada à Idade)\\ADAM\\__MACOSX\\ADAM\\Train\\Disc_Fovea_Illustration\\._A0054.jpg'
._A0055.jpg,cannot identify image file 'D:\\OIO+\\DATASET_RETINA\\01.Originais\\AMD (Degeneração Macular Relacionada à Idade)\\ADAM\\__MACOSX\\ADAM\\Train\\Disc_Fovea_Illustration\\._A0055.jpg'
._A0056.jpg,cannot identify image file 'D:\\OIO+\\DATASET_RETINA\\01.Originais\\AMD (Degeneração Macular Relacionada à Idade)\\ADAM\\__MACOSX\\ADAM\\Train\\Disc_Fovea_Illustration\\._A0056.jpg'
._A0057.jpg,cannot identify image file 'D:\\OIO+\\DATASET_RETINA\\01.Originais\\AMD (Degeneração Macular Relacionada à Idade)\\ADAM\\__MACOSX\\ADAM\\Train\\Disc_Fovea_Illustration\\._A0057.jpg'
._A0058.jpg,cannot identify image file 'D:\\OIO+\\DATASET_RETINA\\01.Originais\\AMD (Degeneração Macular Relacionada à Idade)\\ADAM\\__MACOSX\\ADAM\\Train\\Disc_Fovea_Illustration\\._A0058.jpg'
._A0059.jpg,cannot identify image file 'D:\\OIO+\\DATASET_RETINA\\01.Originais\\AMD (Degeneração Macular Relacionada à Idade)\\ADAM\\__MACOSX\\ADAM\\Train\\Disc_Fovea_Illustration\\._A0059.jpg'
._A0060.jpg,cannot identify image file 'D:\\OIO+\\DATASET_RETINA\\01.Originais\\AMD (Degeneração Macular Relacionada à Idade)\\ADAM\\__MACOSX\\ADAM\\Train\\Disc_Fovea_Illustration\\._A0060.jpg'
._A0061.jpg,cannot identify image file 'D:\\OIO+\\DATASET_RETINA\\01.Originais\\AMD (Degeneração Macular Relacionada à Idade)\\ADAM\\__MACOSX\\ADAM\\Train\\Disc_Fovea_Illustration\\._A0061.jpg'
._A0062.jpg,cannot identify image file 'D:\\OIO+\\DATASET_RETINA\\01.Originais\\AMD (Degeneração Macular Relacionada à Idade)\\ADAM\\__MACOSX\\ADAM\\Train\\Disc_Fovea_Illustration\\._A0062.jpg'
._A0063.jpg,cannot identify image file 'D:\\OIO+\\DATASET_RETINA\\01.Originais\\AMD (Degeneração Macular Relacionada à Idade)\\ADAM\\__MACOSX\\ADAM\\Train\\Disc_Fovea_Illustration\\._A0063.jpg'
._A0064.jpg,cannot identify image file 'D:\\OIO+\\DATASET_RETINA\\01.Originais\\AMD (Degeneração Macular Relacionada à Idade)\\ADAM\\__MACOSX\\ADAM\\Train\\Disc_Fovea_Illustration\\._A0064.jpg'
._A0065.jpg,cannot identify image file 'D:\\OIO+\\DATASET_RETINA\\01.Originais\\AMD (Degeneração Macular Relacionada à Idade)\\ADAM\\__MACOSX\\ADAM\\Train\\Disc_Fovea_Illustration\\._A0065.jpg'
._A0066.jpg,cannot identify image file 'D:\\OIO+\\DATASET_RETINA\\01.Originais\\AMD (Degeneração Macular Relacionada à Idade)\\ADAM\\__MACOSX\\ADAM\\Train\\Disc_Fovea_Illustration\\._A0066.jpg'
._A0067.jpg,cannot identify image file 'D:\\OIO+\\DATASET_RETINA\\01.Originais\\AMD (Degeneração Macular Relacionada à Idade)\\ADAM\\__MACOSX\\ADAM\\Train\\Disc_Fovea_Illustration\\._A0067.jpg'
._A0068.jpg,cannot identify image file 'D:\\OIO+\\DATASET_RETINA\\01.Originais\\AMD (Degeneração Macular Relacionada à Idade)\\ADAM\\__MACOSX\\ADAM\\Train\\Disc_Fovea_Illustration\\._A0068.jpg'
._A0069.jpg,cannot identify image file 'D:\\OIO+\\DATASET_RETINA\\01.Originais\\AMD (Degeneração Macular Relacionada à Idade)\\ADAM\\__MACOSX\\ADAM\\Train\\Disc_Fovea_Illustration\\._A0069.jpg'
._A0070.jpg,cannot identify image file 'D:\\OIO+\\DATASET_RETINA\\01.Originais\\AMD (Degeneração Macular Relacionada à Idade)\\ADAM\\__MACOSX\\ADAM\\Train\\Disc_Fovea_Illustration\\._A0070.jpg'
._A0071.jpg,cannot identify image file 'D:\\OIO+\\DATASET_RETINA\\01.Originais\\AMD (Degeneração Macular Relacionada à Idade)\\ADAM\\__MACOSX\\ADAM\\Train\\Disc_Fovea_Illustration\\._A0071.jpg'
._A0072.jpg,cannot identify image file 'D:\\OIO+\\DATASET_RETINA\\01.Originais\\AMD (Degeneração Macular Relacionada à Idade)\\ADAM\\__MACOSX\\ADAM\\Train\\Disc_Fovea_Illustration\\._A0072.jpg'
._A0073.jpg,cannot identify image file 'D:\\OIO+\\DATASET_RETINA\\01.Originais\\AMD (Degeneração Macular Relacionada à Idade)\\ADAM\\__MACOSX\\ADAM\\Train\\Disc_Fovea_Illustration\\._A0073.jpg'
._A0074.jpg,cannot identify image file 'D:\\OIO+\\DATASET_RETINA\\01.Originais\\AMD (Degeneração Macular Relacionada à Idade)\\ADAM\\__MACOSX\\ADAM\\Train\\Disc_Fovea_Illustration\\._A0074.jpg'
._A0075.jpg,cannot identify image file 'D:\\OIO+\\DATASET_RETINA\\01.Originais\\AMD (Degeneração Macular Relacionada à Idade)\\ADAM\\__MACOSX\\ADAM\\Train\\Disc_Fovea_Illustration\\._A0075.jpg'
._A0076.jpg,cannot identify image file 'D:\\OIO+\\DATASET_RETINA\\01.Originais\\AMD (Degeneração Macular Relacionada à Idade)\\ADAM\\__MACOSX\\ADAM\\Train\\Disc_Fovea_Illustration\\._A0076.jpg'
._A0077.jpg,cannot identify image file 'D:\\OIO+\\DATASET_RETINA\\01.Originais\\AMD (Degeneração Macular Relacionada à Idade)\\ADAM\\__MACOSX\\ADAM\\Train\\Disc_Fovea_Illustration\\._A0077.jpg'
._A0078.jpg,cannot identify image file 'D:\\OIO+\\DATASET_RETINA\\01.Originais\\AMD (Degeneração Macular Relacionada à Idade)\\ADAM\\__MACOSX\\ADAM\\Train\\Disc_Fovea_Illustration\\._A0078.jpg'
._A0079.jpg,cannot identify image file 'D:\\OIO+\\DATASET_RETINA\\01.Originais\\AMD (Degeneração Macular Relacionada à Idade)\\ADAM\\__MACOSX\\ADAM\\Train\\Disc_Fovea_Illustration\\._A0079.jpg'
._A0080.jpg,cannot identify image file 'D:\\OIO+\\DATASET_RETINA\\01.Originais\\AMD (Degeneração Macular Relacionada à Idade)\\ADAM\\__MACOSX\\ADAM\\Train\\Disc_Fovea_Illustration\\._A0080.jpg'
._A0081.jpg,cannot identify image file 'D:\\OIO+\\DATASET_RETINA\\01.Originais\\AMD (Degeneração Macular Relacionada à Idade)\\ADAM\\__MACOSX\\ADAM\\Train\\Disc_Fovea_Illustration\\._A0081.jpg'
._A0082.jpg,cannot identify image file 'D:\\OIO+\\DATASET_RETINA\\01.Originais\\AMD (Degeneração Macular Relacionada à Idade)\\ADAM\\__MACOSX\\ADAM\\Train\\Disc_Fovea_Illustration\\._A0082.jpg'
._A0083.jpg,cannot identify image file 'D:\\OIO+\\DATASET_RETINA\\01.Originais\\AMD (Degeneração Macular Relacionada à Idade)\\ADAM\\__MACOSX\\ADAM\\Train\\Disc_Fovea_Illustration\\._A0083.jpg'
._A0084.jpg,cannot identify image file 'D:\\OIO+\\DATASET_RETINA\\01.Originais\\AMD (Degeneração Macular Relacionada à Idade)\\ADAM\\__MACOSX\\ADAM\\Train\\Disc_Fovea_Illustration\\._A0084.jpg'
._A0085.jpg,cannot identify image file 'D:\\OIO+\\DATASET_RETINA\\01.Originais\\AMD (Degeneração Macular Relacionada à Idade)\\ADAM\\__MACOSX\\ADAM\\Train\\Disc_Fovea_Illustration\\._A0085.jpg'
._A0086.jpg,cannot identify image file 'D:\\OIO+\\DATASET_RETINA\\01.Originais\\AMD (Degeneração Macular Relacionada à Idade)\\ADAM\\__MACOSX\\ADAM\\Train\\Disc_Fovea_Illustration\\._A0086.jpg'
._A0087.jpg,cannot identify image file 'D:\\OIO+\\DATASET_RETINA\\01.Originais\\AMD (Degeneração Macular Relacionada à Idade)\\ADAM\\__MACOSX\\ADAM\\Train\\Disc_Fovea_Illustration\\._A0087.jpg'
._A0088.jpg,cannot identify image file 'D:\\OIO+\\DATASET_RETINA\\01.Originais\\AMD (Degeneração Macular Relacionada à Idade)\\ADAM\\__MACOSX\\ADAM\\Train\\Disc_Fovea_Illustration\\._A0088.jpg'
._A0089.jpg,cannot identify image file 'D:\\OIO+\\DATASET_RETINA\\01.Originais\\AMD (Degeneração Macular Relacionada à Idade)\\ADAM\\__MACOSX\\ADAM\\Train\\Disc_Fovea_Illustration\\._A0089.jpg'
._N0001.jpg,cannot identify image file 'D:\\OIO+\\DATASET_RETINA\\01.Originais\\AMD (Degeneração Macular Relacionada à Idade)\\ADAM\\__MACOSX\\ADAM\\Train\\Disc_Fovea_Illustration\\._N0001.jpg'
._N0002.jpg,cannot identify image file 'D:\\OIO+\\DATASET_RETINA\\01.Originais\\AMD (Degeneração Macular Relacionada à Idade)\\ADAM\\__MACOSX\\ADAM\\Train\\Disc_Fovea_Illustration\\._N0002.jpg'
._N0003.jpg,cannot identify image file 'D:\\OIO+\\DATASET_RETINA\\01.Originais\\AMD (Degeneração Macular Relacionada à Idade)\\ADAM\\__MACOSX\\ADAM\\Train\\Disc_Fovea_Illustration\\._N0003.jpg'
._N0004.jpg,cannot identify image file 'D:\\OIO+\\DATASET_RETINA\\01.Originais\\AMD (Degeneração Macular Relacionada à Idade)\\ADAM\\__MACOSX\\ADAM\\Train\\Disc_Fovea_Illustration\\._N0004.jpg'
._N0005.jpg,cannot identify image file 'D:\\OIO+\\DATASET_RETINA\\01.Originais\\AMD (Degeneração Macular Relacionada à Idade)\\ADAM\\__MACOSX\\ADAM\\Train\\Disc_Fovea_Illustration\\._N0005.jpg'
._N0006.jpg,cannot identify image file 'D:\\OIO+\\DATASET_RETINA\\01.Originais\\AMD (Degeneração Macular Relacionada à Idade)\\ADAM\\__MACOSX\\ADAM\\Train\\Disc_Fovea_Illustration\\._N0006.jpg'
._N0007.jpg,cannot identify image file 'D:\\OIO+\\DATASET_RETINA\\01.Originais\\AMD (Degeneração Macular Relacionada à Idade)\\ADAM\\__MACOSX\\ADAM\\Train\\Disc_Fovea_Illustration\\._N0007.jpg'
._N0008.jpg,cannot identify image file 'D:\\OIO+\\DATASET_RETINA\\01.Originais\\AMD (Degeneração Macular Relacionada à Idade)\\ADAM\\__MACOSX\\ADAM\\Train\\Disc_Fovea_Illustration\\._N0008.jpg'
._N0009.jpg,cannot identify image file 'D:\\OIO+\\DATASET_RETINA\\01.Originais\\AMD (Degeneração Macular Relacionada à Idade)\\ADAM\\__MACOSX\\ADAM\\Train\\Disc_Fovea_Illustration\\._N0009.jpg'
._N0010.jpg,cannot identify image file 'D:\\OIO+\\DATASET_RETINA\\01.Originais\\AMD (Degeneração Macular Relacionada à Idade)\\ADAM\\__MACOSX\\ADAM\\Train\\Disc_Fovea_Illustration\\._N0010.jpg'
._N0011.jpg,cannot identify image file 'D:\\OIO+\\DATASET_RETINA\\01.Originais\\AMD (Degeneração Macular Relacionada à Idade)\\ADAM\\__MACOSX\\ADAM\\Train\\Disc_Fovea_Illustration\\._N0011.jpg'
._N0012.jpg,cannot identify image file 'D:\\OIO+\\DATASET_RETINA\\01.Originais\\AMD (Degeneração Macular Relacionada à Idade)\\ADAM\\__MACOSX\\ADAM\\Train\\Disc_Fovea_Illustration\\._N0012.jpg'
._N0013.jpg,cannot identify image file 'D:\\OIO+\\DATASET_RETINA\\01.Originais\\AMD (Degeneração Macular Relacionada à Idade)\\ADAM\\__MACOSX\\ADAM\\Train\\Disc_Fovea_Illustration\\._N0013.jpg'
._N0014.jpg,cannot identify image file 'D:\\OIO+\\DATASET_RETINA\\01.Originais\\AMD (Degeneração Macular Relacionada à Idade)\\ADAM\\__MACOSX\\ADAM\\Train\\Disc_Fovea_Illustration\\._N0014.jpg'
._N0015.jpg,cannot identify image file 'D:\\OIO+\\DATASET_RETINA\\01.Originais\\AMD (Degeneração Macular Relacionada à Idade)\\ADAM\\__MACOSX\\ADAM\\Train\\Disc_Fovea_Illustration\\._N0015.jpg'
._N0016.jpg,cannot identify image file 'D:\\OIO+\\DATASET_RETINA\\01.Originais\\AMD (Degeneração Macular Relacionada à Idade)\\ADAM\\__MACOSX\\ADAM\\Train\\Disc_Fovea_Illustration\\._N0016.jpg'
._N0017.jpg,cannot identify image file 'D:\\OIO+\\DATASET_RETINA\\01.Originais\\AMD (Degeneração Macular Relacionada à Idade)\\ADAM\\__MACOSX\\ADAM\\Train\\Disc_Fovea_Illustration\\._N0017.jpg'
._N0018.jpg,cannot identify image file 'D:\\OIO+\\DATASET_RETINA\\01.Originais\\AMD (Degeneração Macular Relacionada à Idade)\\ADAM\\__MACOSX\\ADAM\\Train\\Disc_Fovea_Illustration\\._N0018.jpg'
._N0019.jpg,cannot identify image file 'D:\\OIO+\\DATASET_RETINA\\01.Originais\\AMD (Degeneração Macular Relacionada à Idade)\\ADAM\\__MACOSX\\ADAM\\Train\\Disc_Fovea_Illustration\\._N0019.jpg'
._N0020.jpg,cannot identify image file 'D:\\OIO+\\DATASET_RETINA\\01.Originais\\AMD (Degeneração Macular Relacionada à Idade)\\ADAM\\__MACOSX\\ADAM\\Train\\Disc_Fovea_Illustration\\._N0020.jpg'
._N0021.jpg,cannot identify image file 'D:\\OIO+\\DATASET_RETINA\\01.Originais\\AMD (Degeneração Macular Relacionada à Idade)\\ADAM\\__MACOSX\\ADAM\\Train\\Disc_Fovea_Illustration\\._N0021.jpg'
._N0022.jpg,cannot identify image file 'D:\\OIO+\\DATASET_RETINA\\01.Originais\\AMD (Degeneração Macular Relacionada à Idade)\\ADAM\\__MACOSX\\ADAM\\Train\\Disc_Fovea_Illustration\\._N0022.jpg'
._N0023.jpg,cannot identify image file 'D:\\OIO+\\DATASET_RETINA\\01.Originais\\AMD (Degeneração Macular Relacionada à Idade)\\ADAM\\__MACOSX\\ADAM\\Train\\Disc_Fovea_Illustration\\._N0023.jpg'
._N0024.jpg,cannot identify image file 'D:\\OIO+\\DATASET_RETINA\\01.Originais\\AMD (Degeneração Macular Relacionada à Idade)\\ADAM\\__MACOSX\\ADAM\\Train\\Disc_Fovea_Illustration\\._N0024.jpg'
._N0025.jpg,cannot identify image file 'D:\\OIO+\\DATASET_RETINA\\01.Originais\\AMD (Degeneração Macular Relacionada à Idade)\\ADAM\\__MACOSX\\ADAM\\Train\\Disc_Fovea_Illustration\\._N0025.jpg'
._N0026.jpg,cannot identify image file 'D:\\OIO+\\DATASET_RETINA\\01.Originais\\AMD (Degeneração Macular Relacionada à Idade)\\ADAM\\__MACOSX\\ADAM\\Train\\Disc_Fovea_Illustration\\._N0026.jpg'
._N0027.jpg,cannot identify image file 'D:\\OIO+\\DATASET_RETINA\\01.Originais\\AMD (Degeneração Macular Relacionada à Idade)\\ADAM\\__MACOSX\\ADAM\\Train\\Disc_Fovea_Illustration\\._N0027.jpg'
._N0028.jpg,cannot identify image file 'D:\\OIO+\\DATASET_RETINA\\01.Originais\\AMD (Degeneração Macular Relacionada à Idade)\\ADAM\\__MACOSX\\ADAM\\Train\\Disc_Fovea_Illustration\\._N0028.jpg'
._N0029.jpg,cannot identify image file 'D:\\OIO+\\DATASET_RETINA\\01.Originais\\AMD (Degeneração Macular Relacionada à Idade)\\ADAM\\__MACOSX\\ADAM\\Train\\Disc_Fovea_Illustration\\._N0029.jpg'
._N0030.jpg,cannot identify image file 'D:\\OIO+\\DATASET_RETINA\\01.Originais\\AMD (Degeneração Macular Relacionada à Idade)\\ADAM\\__MACOSX\\ADAM\\Train\\Disc_Fovea_Illustration\\._N0030.jpg'
._N0031.jpg,cannot identify image file 'D:\\OIO+\\DATASET_RETINA\\01.Originais\\AMD (Degeneração Macular Relacionada à Idade)\\ADAM\\__MACOSX\\ADAM\\Train\\Disc_Fovea_Illustration\\._N0031.jpg'
._N0032.jpg,cannot identify image file 'D:\\OIO+\\DATASET_RETINA\\01.Originais\\AMD (Degeneração Macular Relacionada à Idade)\\ADAM\\__MACOSX\\ADAM\\Train\\Disc_Fovea_Illustration\\._N0032.jpg'
._N0033.jpg,cannot identify image file 'D:\\OIO+\\DATASET_RETINA\\01.Originais\\AMD (Degeneração Macular Relacionada à Idade)\\ADAM\\__MACOSX\\ADAM\\Train\\Disc_Fovea_Illustration\\._N0033.jpg'
._N0034.jpg,cannot identify image file 'D:\\OIO+\\DATASET_RETINA\\01.Originais\\AMD (Degeneração Macular Relacionada à Idade)\\ADAM\\__MACOSX\\ADAM\\Train\\Disc_Fovea_Illustration\\._N0034.jpg'
._N0035.jpg,cannot identify image file 'D:\\OIO+\\DATASET_RETINA\\01.Originais\\AMD (Degeneração Macular Relacionada à Idade)\\ADAM\\__MACOSX\\ADAM\\Train\\Disc_Fovea_Illustration\\._N0035.jpg'
._N0036.jpg,cannot identify image file 'D:\\OIO+\\DATASET_RETINA\\01.Originais\\AMD (Degeneração Macular Relacionada à Idade)\\ADAM\\__MACOSX\\ADAM\\Train\\Disc_Fovea_Illustration\\._N0036.jpg'
._N0037.jpg,cannot identify image file 'D:\\OIO+\\DATASET_RETINA\\01.Originais\\AMD (Degeneração Macular Relacionada à Idade)\\ADAM\\__MACOSX\\ADAM\\Train\\Disc_Fovea_Illustration\\._N0037.jpg'
._N0038.jpg,cannot identify image file 'D:\\OIO+\\DATASET_RETINA\\01.Originais\\AMD (Degeneração Macular Relacionada à Idade)\\ADAM\\__MACOSX\\ADAM\\Train\\Disc_Fovea_Illustration\\._N0038.jpg'
._N0039.jpg,cannot identify image file 'D:\\OIO+\\DATASET_RETINA\\01.Originais\\AMD (Degeneração Macular Relacionada à Idade)\\ADAM\\__MACOSX\\ADAM\\Train\\Disc_Fovea_Illustration\\._N0039.jpg'
._N0040.jpg,cannot identify image file 'D:\\OIO+\\DATASET_RETINA\\01.Originais\\AMD (Degeneração Macular Relacionada à Idade)\\ADAM\\__MACOSX\\ADAM\\Train\\Disc_Fovea_Illustration\\._N0040.jpg'
._N0041.jpg,cannot identify image file 'D:\\OIO+\\DATASET_RETINA\\01.Originais\\AMD (Degeneração Macular Relacionada à Idade)\\ADAM\\__MACOSX\\ADAM\\Train\\Disc_Fovea_Illustration\\._N0041.jpg'
._N0042.jpg,cannot identify image file 'D:\\OIO+\\DATASET_RETINA\\01.Originais\\AMD (Degeneração Macular Relacionada à Idade)\\ADAM\\__MACOSX\\ADAM\\Train\\Disc_Fovea_Illustration\\._N0042.jpg'
._N0043.jpg,cannot identify image file 'D:\\OIO+\\DATASET_RETINA\\01.Originais\\AMD (Degeneração Macular Relacionada à Idade)\\ADAM\\__MACOSX\\ADAM\\Train\\Disc_Fovea_Illustration\\._N0043.jpg'
._N0044.jpg,cannot identify image file 'D:\\OIO+\\DATASET_RETINA\\01.Originais\\AMD (Degeneração Macular Relacionada à Idade)\\ADAM\\__MACOSX\\ADAM\\Train\\Disc_Fovea_Illustration\\._N0044.jpg'
._N0045.jpg,cannot identify image file 'D:\\OIO+\\DATASET_RETINA\\01.Originais\\AMD (Degeneração Macular Relacionada à Idade)\\ADAM\\__MACOSX\\ADAM\\Train\\Disc_Fovea_Illustration\\._N0045.jpg'
._N0046.jpg,cannot identify image file 'D:\\OIO+\\DATASET_RETINA\\01.Originais\\AMD (Degeneração Macular Relacionada à Idade)\\ADAM\\__MACOSX\\ADAM\\Train\\Disc_Fovea_Illustration\\._N0046.jpg'
._N0047.jpg,cannot identify image file 'D:\\OIO+\\DATASET_RETINA\\01.Originais\\AMD (Degeneração Macular Relacionada à Idade)\\ADAM\\__MACOSX\\ADAM\\Train\\Disc_Fovea_Illustration\\._N0047.jpg'
._N0048.jpg,cannot identify image file 'D:\\OIO+\\DATASET_RETINA\\01.Originais\\AMD (Degeneração Macular Relacionada à Idade)\\ADAM\\__MACOSX\\ADAM\\Train\\Disc_Fovea_Illustration\\._N0048.jpg'
._N0049.jpg,cannot identify image file 'D:\\OIO+\\DATASET_RETINA\\01.Originais\\AMD (Degeneração Macular Relacionada à Idade)\\ADAM\\__MACOSX\\ADAM\\Train\\Disc_Fovea_Illustration\\._N0049.jpg'
._N0050.jpg,cannot identify image file 'D:\\OIO+\\DATASET_RETINA\\01.Originais\\AMD (Degeneração Macular Relacionada à Idade)\\ADAM\\__MACOSX\\ADAM\\Train\\Disc_Fovea_Illustration\\._N0050.jpg'
._N0051.jpg,cannot identify image file 'D:\\OIO+\\DATASET_RETINA\\01.Originais\\AMD (Degeneração Macular Relacionada à Idade)\\ADAM\\__MACOSX\\ADAM\\Train\\Disc_Fovea_Illustration\\._N0051.jpg'
._N0052.jpg,cannot identify image file 'D:\\OIO+\\DATASET_RETINA\\01.Originais\\AMD (Degeneração Macular Relacionada à Idade)\\ADAM\\__MACOSX\\ADAM\\Train\\Disc_Fovea_Illustration\\._N0052.jpg'
._N0053.jpg,cannot identify image file 'D:\\OIO+\\DATASET_RETINA\\01.Originais\\AMD (Degeneração Macular Relacionada à Idade)\\ADAM\\__MACOSX\\ADAM\\Train\\Disc_Fovea_Illustration\\._N0053.jpg'
._N0054.jpg,cannot identify image file 'D:\\OIO+\\DATASET_RETINA\\01.Originais\\AMD (Degeneração Macular Relacionada à Idade)\\ADAM\\__MACOSX\\ADAM\\Train\\Disc_Fovea_Illustration\\._N0054.jpg'
._N0055.jpg,cannot identify image file 'D:\\OIO+\\DATASET_RETINA\\01.Originais\\AMD (Degeneração Macular Relacionada à Idade)\\ADAM\\__MACOSX\\ADAM\\Train\\Disc_Fovea_Illustration\\._N0055.jpg'
._N0056.jpg,cannot identify image file 'D:\\OIO+\\DATASET_RETINA\\01.Originais\\AMD (Degeneração Macular Relacionada à Idade)\\ADAM\\__MACOSX\\ADAM\\Train\\Disc_Fovea_Illustration\\._N0056.jpg'
._N0057.jpg,cannot identify image file 'D:\\OIO+\\DATASET_RETINA\\01.Originais\\AMD (Degeneração Macular Relacionada à Idade)\\ADAM\\__MACOSX\\ADAM\\Train\\Disc_Fovea_Illustration\\._N0057.jpg'
._N0058.jpg,cannot identify image file 'D:\\OIO+\\DATASET_RETINA\\01.Originais\\AMD (Degeneração Macular Relacionada à Idade)\\ADAM\\__MACOSX\\ADAM\\Train\\Disc_Fovea_Illustration\\._N0058.jpg'
._N0059.jpg,cannot identify image file 'D:\\OIO+\\DATASET_RETINA\\01.Originais\\AMD (Degeneração Macular Relacionada à Idade)\\ADAM\\__MACOSX\\ADAM\\Train\\Disc_Fovea_Illustration\\._N0059.jpg'
._N0060.jpg,cannot identify image file 'D:\\OIO+\\DATASET_RETINA\\01.Originais\\AMD (Degeneração Macular Relacionada à Idade)\\ADAM\\__MACOSX\\ADAM\\Train\\Disc_Fovea_Illustration\\._N0060.jpg'
._N0061.jpg,cannot identify image file 'D:\\OIO+\\DATASET_RETINA\\01.Originais\\AMD (Degeneração Macular Relacionada à Idade)\\ADAM\\__MACOSX\\ADAM\\Train\\Disc_Fovea_Illustration\\._N0061.jpg'
._N0062.jpg,cannot identify image file 'D:\\OIO+\\DATASET_RETINA\\01.Originais\\AMD (Degeneração Macular Relacionada à Idade)\\ADAM\\__MACOSX\\ADAM\\Train\\Disc_Fovea_Illustration\\._N0062.jpg'
._N0063.jpg,cannot identify image file 'D:\\OIO+\\DATASET_RETINA\\01.Originais\\AMD (Degeneração Macular Relacionada à Idade)\\ADAM\\__MACOSX\\ADAM\\Train\\Disc_Fovea_Illustration\\._N0063.jpg'
._N0064.jpg,cannot identify image file 'D:\\OIO+\\DATASET_RETINA\\01.Originais\\AMD (Degeneração Macular Relacionada à Idade)\\ADAM\\__MACOSX\\ADAM\\Train\\Disc_Fovea_Illustration\\._N0064.jpg'
._N0065.jpg,cannot identify image file 'D:\\OIO+\\DATASET_RETINA\\01.Originais\\AMD (Degeneração Macular Relacionada à Idade)\\ADAM\\__MACOSX\\ADAM\\Train\\Disc_Fovea_Illustration\\._N0065.jpg'
._N0066.jpg,cannot identify image file 'D:\\OIO+\\DATASET_RETINA\\01.Originais\\AMD (Degeneração Macular Relacionada à Idade)\\ADAM\\__MACOSX\\ADAM\\Train\\Disc_Fovea_Illustration\\._N0066.jpg'
._N0067.jpg,cannot identify image file 'D:\\OIO+\\DATASET_RETINA\\01.Originais\\AMD (Degeneração Macular Relacionada à Idade)\\ADAM\\__MACOSX\\ADAM\\Train\\Disc_Fovea_Illustration\\._N0067.jpg'
._N0068.jpg,cannot identify image file 'D:\\OIO+\\DATASET_RETINA\\01.Originais\\AMD (Degeneração Macular Relacionada à Idade)\\ADAM\\__MACOSX\\ADAM\\Train\\Disc_Fovea_Illustration\\._N0068.jpg'
._N0069.jpg,cannot identify image file 'D:\\OIO+\\DATASET_RETINA\\01.Originais\\AMD (Degeneração Macular Relacionada à Idade)\\ADAM\\__MACOSX\\ADAM\\Train\\Disc_Fovea_Illustration\\._N0069.jpg'
._N0070.jpg,cannot identify image file 'D:\\OIO+\\DATASET_RETINA\\01.Originais\\AMD (Degeneração Macular Relacionada à Idade)\\ADAM\\__MACOSX\\ADAM\\Train\\Disc_Fovea_Illustration\\._N0070.jpg'
._N0071.jpg,cannot identify image file 'D:\\OIO+\\DATASET_RETINA\\01.Originais\\AMD (Degeneração Macular Relacionada à Idade)\\ADAM\\__MACOSX\\ADAM\\Train\\Disc_Fovea_Illustration\\._N0071.jpg'
._N0072.jpg,cannot identify image file 'D:\\OIO+\\DATASET_RETINA\\01.Originais\\AMD (Degeneração Macular Relacionada à Idade)\\ADAM\\__MACOSX\\ADAM\\Train\\Disc_Fovea_Illustration\\._N0072.jpg'
._N0073.jpg,cannot identify image file 'D:\\OIO+\\DATASET_RETINA\\01.Originais\\AMD (Degeneração Macular Relacionada à Idade)\\ADAM\\__MACOSX\\ADAM\\Train\\Disc_Fovea_Illustration\\._N0073.jpg'
._N0074.jpg,cannot identify image file 'D:\\OIO+\\DATASET_RETINA\\01.Originais\\AMD (Degeneração Macular Relacionada à Idade)\\ADAM\\__MACOSX\\ADAM\\Train\\Disc_Fovea_Illustration\\._N0074.jpg'
._N0075.jpg,cannot identify image file 'D:\\OIO+\\DATASET_RETINA\\01.Originais\\AMD (Degeneração Macular Relacionada à Idade)\\ADAM\\__MACOSX\\ADAM\\Train\\Disc_Fovea_Illustration\\._N0075.jpg'
._N0076.jpg,cannot identify image file 'D:\\OIO+\\DATASET_RETINA\\01.Originais\\AMD (Degeneração Macular Relacionada à Idade)\\ADAM\\__MACOSX\\ADAM\\Train\\Disc_Fovea_Illustration\\._N0076.jpg'
._N0077.jpg,cannot identify image file 'D:\\OIO+\\DATASET_RETINA\\01.Originais\\AMD (Degeneração Macular Relacionada à Idade)\\ADAM\\__MACOSX\\ADAM\\Train\\Disc_Fovea_Illustration\\._N0077.jpg'
._N0078.jpg,cannot identify image file 'D:\\OIO+\\DATASET_RETINA\\01.Originais\\AMD (Degeneração Macular Relacionada à Idade)\\ADAM\\__MACOSX\\ADAM\\Train\\Disc_Fovea_Illustration\\._N0078.jpg'
._N0079.jpg,cannot identify image file 'D:\\OIO+\\DATASET_RETINA\\01.Originais\\AMD (Degeneração Macular Relacionada à Idade)\\ADAM\\__MACOSX\\ADAM\\Train\\Disc_Fovea_Illustration\\._N0079.jpg'
._N0080.jpg,cannot identify image file 'D:\\OIO+\\DATASET_RETINA\\01.Originais\\AMD (Degeneração Macular Relacionada à Idade)\\ADAM\\__MACOSX\\ADAM\\Train\\Disc_Fovea_Illustration\\._N0080.jpg'
._N0081.jpg,cannot identify image file 'D:\\OIO+\\DATASET_RETINA\\01.Originais\\AMD (Degeneração Macular Relacionada à Idade)\\ADAM\\__MACOSX\\ADAM\\Train\\Disc_Fovea_Illustration\\._N0081.jpg'
._N0082.jpg,cannot identify image file 'D:\\OIO+\\DATASET_RETINA\\01.Originais\\AMD (Degeneração Macular Relacionada à Idade)\\ADAM\\__MACOSX\\ADAM\\Train\\Disc_Fovea_Illustration\\._N0082.jpg'
._N0083.jpg,cannot identify image file 'D:\\OIO+\\DATASET_RETINA\\01.Originais\\AMD (Degeneração Macular Relacionada à Idade)\\ADAM\\__MACOSX\\ADAM\\Train\\Disc_Fovea_Illustration\\._N0083.jpg'
._N0084.jpg,cannot identify image file 'D:\\OIO+\\DATASET_RETINA\\01.Originais\\AMD (Degeneração Macular Relacionada à Idade)\\ADAM\\__MACOSX\\ADAM\\Train\\Disc_Fovea_Illustration\\._N0084.jpg'
._N0085.jpg,cannot identify image file 'D:\\OIO+\\DATASET_RETINA\\01.Originais\\AMD (Degeneração Macular Relacionada à Idade)\\ADAM\\__MACOSX\\ADAM\\Train\\Disc_Fovea_Illustration\\._N0085.jpg'
._N0086.jpg,cannot identify image file 'D:\\OIO+\\DATASET_RETINA\\01.Originais\\AMD (Degeneração Macular Relacionada à Idade)\\ADAM\\__MACOSX\\ADAM\\Train\\Disc_Fovea_Illustration\\._N0086.jpg'
._N0087.jpg,cannot identify image file 'D:\\OIO+\\DATASET_RETINA\\01.Originais\\AMD (Degeneração Macular Relacionada à Idade)\\ADAM\\__MACOSX\\ADAM\\Train\\Disc_Fovea_Illustration\\._N0087.jpg'
._N0088.jpg,cannot identify image file 'D:\\OIO+\\DATASET_RETINA\\01.Originais\\AMD (Degeneração Macular Relacionada à Idade)\\ADAM\\__MACOSX\\ADAM\\Train\\Disc_Fovea_Illustration\\._N0088.jpg'
._N0089.jpg,cannot identify image file 'D:\\OIO+\\DATASET_RETINA\\01.Originais\\AMD (Degeneração Macular Relacionada à Idade)\\ADAM\\__MACOSX\\ADAM\\Train\\Disc_Fovea_Illustration\\._N0089.jpg'
._N0090.jpg,cannot identify image file 'D:\\OIO+\\DATASET_RETINA\\01.Originais\\AMD (Degeneração Macular Relacionada à Idade)\\ADAM\\__MACOSX\\ADAM\\Train\\Disc_Fovea_Illustration\\._N0090.jpg'
._N0091.jpg,cannot identify image file 'D:\\OIO+\\DATASET_RETINA\\01.Originais\\AMD (Degeneração Macular Relacionada à Idade)\\ADAM\\__MACOSX\\ADAM\\Train\\Disc_Fovea_Illustration\\._N0091.jpg'
._N0092.jpg,cannot identify image file 'D:\\OIO+\\DATASET_RETINA\\01.Originais\\AMD (Degeneração Macular Relacionada à Idade)\\ADAM\\__MACOSX\\ADAM\\Train\\Disc_Fovea_Illustration\\._N0092.jpg'
._N0093.jpg,cannot identify image file 'D:\\OIO+\\DATASET_RETINA\\01.Originais\\AMD (Degeneração Macular Relacionada à Idade)\\ADAM\\__MACOSX\\ADAM\\Train\\Disc_Fovea_Illustration\\._N0093.jpg'
._N0094.jpg,cannot identify image file 'D:\\OIO+\\DATASET_RETINA\\01.Originais\\AMD (Degeneração Macular Relacionada à Idade)\\ADAM\\__MACOSX\\ADAM\\Train\\Disc_Fovea_Illustration\\._N0094.jpg'
._N0095.jpg,cannot identify image file 'D:\\OIO+\\DATASET_RETINA\\01.Originais\\AMD (Degeneração Macular Relacionada à Idade)\\ADAM\\__MACOSX\\ADAM\\Train\\Disc_Fovea_Illustration\\._N0095.jpg'
._N0096.jpg,cannot identify image file 'D:\\OIO+\\DATASET_RETINA\\01.Originais\\AMD (Degeneração Macular Relacionada à Idade)\\ADAM\\__MACOSX\\ADAM\\Train\\Disc_Fovea_Illustration\\._N0096.jpg'
._N0097.jpg,cannot identify image file 'D:\\OIO+\\DATASET_RETINA\\01.Originais\\AMD (Degeneração Macular Relacionada à Idade)\\ADAM\\__MACOSX\\ADAM\\Train\\Disc_Fovea_Illustration\\._N0097.jpg'
._N0098.jpg,cannot identify image file 'D:\\OIO+\\DATASET_RETINA\\01.Originais\\AMD (Degeneração Macular Relacionada à Idade)\\ADAM\\__MACOSX\\ADAM\\Train\\Disc_Fovea_Illustration\\._N0098.jpg'
._N0099.jpg,cannot identify image file 'D:\\OIO+\\DATASET_RETINA\\01.Originais\\AMD (Degeneração Macular Relacionada à Idade)\\ADAM\\__MACOSX\\ADAM\\Train\\Disc_Fovea_Illustration\\._N0099.jpg'
._N0100.jpg,cannot identify image file 'D:\\OIO+\\DATASET_RETINA\\01.Originais\\AMD (Degeneração Macular Relacionada à Idade)\\ADAM\\__MACOSX\\ADAM\\Train\\Disc_Fovea_Illustration\\._N0100.jpg'
._N0101.jpg,cannot identify image file 'D:\\OIO+\\DATASET_RETINA\\01.Originais\\AMD (Degeneração Macular Relacionada à Idade)\\ADAM\\__MACOSX\\ADAM\\Train\\Disc_Fovea_Illustration\\._N0101.jpg'
._N0102.jpg,cannot identify image file 'D:\\OIO+\\DATASET_RETINA\\01.Originais\\AMD (Degeneração Macular Relacionada à Idade)\\ADAM\\__MACOSX\\ADAM\\Train\\Disc_Fovea_Illustration\\._N0102.jpg'
._N0103.jpg,cannot identify image file 'D:\\OIO+\\DATASET_RETINA\\01.Originais\\AMD (Degeneração Macular Relacionada à Idade)\\ADAM\\__MACOSX\\ADAM\\Train\\Disc_Fovea_Illustration\\._N0103.jpg'
._N0104.jpg,cannot identify image file 'D:\\OIO+\\DATASET_RETINA\\01.Originais\\AMD (Degeneração Macular Relacionada à Idade)\\ADAM\\__MACOSX\\ADAM\\Train\\Disc_Fovea_Illustration\\._N0104.jpg'
._N0105.jpg,cannot identify image file 'D:\\OIO+\\DATASET_RETINA\\01.Originais\\AMD (Degeneração Macular Relacionada à Idade)\\ADAM\\__MACOSX\\ADAM\\Train\\Disc_Fovea_Illustration\\._N0105.jpg'
._N0106.jpg,cannot identify image file 'D:\\OIO+\\DATASET_RETINA\\01.Originais\\AMD (Degeneração Macular Relacionada à Idade)\\ADAM\\__MACOSX\\ADAM\\Train\\Disc_Fovea_Illustration\\._N0106.jpg'
._N0107.jpg,cannot identify image file 'D:\\OIO+\\DATASET_RETINA\\01.Originais\\AMD (Degeneração Macular Relacionada à Idade)\\ADAM\\__MACOSX\\ADAM\\Train\\Disc_Fovea_Illustration\\._N0107.jpg'
._N0108.jpg,cannot identify image file 'D:\\OIO+\\DATASET_RETINA\\01.Originais\\AMD (Degeneração Macular Relacionada à Idade)\\ADAM\\__MACOSX\\ADAM\\Train\\Disc_Fovea_Illustration\\._N0108.jpg'
._N0109.jpg,cannot identify image file 'D:\\OIO+\\DATASET_RETINA\\01.Originais\\AMD (Degeneração Macular Relacionada à Idade)\\ADAM\\__MACOSX\\ADAM\\Train\\Disc_Fovea_Illustration\\._N0109.jpg'
._N0110.jpg,cannot identify image file 'D:\\OIO+\\DATASET_RETINA\\01.Originais\\AMD (Degeneração Macular Relacionada à Idade)\\ADAM\\__MACOSX\\ADAM\\Train\\Disc_Fovea_Illustration\\._N0110.jpg'
._N0111.jpg,cannot identify image file 'D:\\OIO+\\DATASET_RETINA\\01.Originais\\AMD (Degeneração Macular Relacionada à Idade)\\ADAM\\__MACOSX\\ADAM\\Train\\Disc_Fovea_Illustration\\._N0111.jpg'
._N0112.jpg,cannot identify image file 'D:\\OIO+\\DATASET_RETINA\\01.Originais\\AMD (Degeneração Macular Relacionada à Idade)\\ADAM\\__MACOSX\\ADAM\\Train\\Disc_Fovea_Illustration\\._N0112.jpg'
._N0113.jpg,cannot identify image file 'D:\\OIO+\\DATASET_RETINA\\01.Originais\\AMD (Degeneração Macular Relacionada à Idade)\\ADAM\\__MACOSX\\ADAM\\Train\\Disc_Fovea_Illustration\\._N0113.jpg'
._N0114.jpg,cannot identify image file 'D:\\OIO+\\DATASET_RETINA\\01.Originais\\AMD (Degeneração Macular Relacionada à Idade)\\ADAM\\__MACOSX\\ADAM\\Train\\Disc_Fovea_Illustration\\._N0114.jpg'
._N0115.jpg,cannot identify image file 'D:\\OIO+\\DATASET_RETINA\\01.Originais\\AMD (Degeneração Macular Relacionada à Idade)\\ADAM\\__MACOSX\\ADAM\\Train\\Disc_Fovea_Illustration\\._N0115.jpg'
._N0116.jpg,cannot identify image file 'D:\\OIO+\\DATASET_RETINA\\01.Originais\\AMD (Degeneração Macular Relacionada à Idade)\\ADAM\\__MACOSX\\ADAM\\Train\\Disc_Fovea_Illustration\\._N0116.jpg'
._N0117.jpg,cannot identify image file 'D:\\OIO+\\DATASET_RETINA\\01.Originais\\AMD (Degeneração Macular Relacionada à Idade)\\ADAM\\__MACOSX\\ADAM\\Train\\Disc_Fovea_Illustration\\._N0117.jpg'
._N0118.jpg,cannot identify image file 'D:\\OIO+\\DATASET_RETINA\\01.Originais\\AMD (Degeneração Macular Relacionada à Idade)\\ADAM\\__MACOSX\\ADAM\\Train\\Disc_Fovea_Illustration\\._N0118.jpg'
._N0119.jpg,cannot identify image file 'D:\\OIO+\\DATASET_RETINA\\01.Originais\\AMD (Degeneração Macular Relacionada à Idade)\\ADAM\\__MACOSX\\ADAM\\Train\\Disc_Fovea_Illustration\\._N0119.jpg'
._N0120.jpg,cannot identify image file 'D:\\OIO+\\DATASET_RETINA\\01.Originais\\AMD (Degeneração Macular Relacionada à Idade)\\ADAM\\__MACOSX\\ADAM\\Train\\Disc_Fovea_Illustration\\._N0120.jpg'
._N0121.jpg,cannot identify image file 'D:\\OIO+\\DATASET_RETINA\\01.Originais\\AMD (Degeneração Macular Relacionada à Idade)\\ADAM\\__MACOSX\\ADAM\\Train\\Disc_Fovea_Illustration\\._N0121.jpg'
._N0122.jpg,cannot identify image file 'D:\\OIO+\\DATASET_RETINA\\01.Originais\\AMD (Degeneração Macular Relacionada à Idade)\\ADAM\\__MACOSX\\ADAM\\Train\\Disc_Fovea_Illustration\\._N0122.jpg'
._N0123.jpg,cannot identify image file 'D:\\OIO+\\DATASET_RETINA\\01.Originais\\AMD (Degeneração Macular Relacionada à Idade)\\ADAM\\__MACOSX\\ADAM\\Train\\Disc_Fovea_Illustration\\._N0123.jpg'
._N0124.jpg,cannot identify image file 'D:\\OIO+\\DATASET_RETINA\\01.Originais\\AMD (Degeneração Macular Relacionada à Idade)\\ADAM\\__MACOSX\\ADAM\\Train\\Disc_Fovea_Illustration\\._N0124.jpg'
._N0125.jpg,cannot identify image file 'D:\\OIO+\\DATASET_RETINA\\01.Originais\\AMD (Degeneração Macular Relacionada à Idade)\\ADAM\\__MACOSX\\ADAM\\Train\\Disc_Fovea_Illustration\\._N0125.jpg'
._N0126.jpg,cannot identify image file 'D:\\OIO+\\DATASET_RETINA\\01.Originais\\AMD (Degeneração Macular Relacionada à Idade)\\ADAM\\__MACOSX\\ADAM\\Train\\Disc_Fovea_Illustration\\._N0126.jpg'
._N0127.jpg,cannot identify image file 'D:\\OIO+\\DATASET_RETINA\\01.Originais\\AMD (Degeneração Macular Relacionada à Idade)\\ADAM\\__MACOSX\\ADAM\\Train\\Disc_Fovea_Illustration\\._N0127.jpg'
._N0128.jpg,cannot identify image file 'D:\\OIO+\\DATASET_RETINA\\01.Originais\\AMD (Degeneração Macular Relacionada à Idade)\\ADAM\\__MACOSX\\ADAM\\Train\\Disc_Fovea_Illustration\\._N0128.jpg'
._N0129.jpg,cannot identify image file 'D:\\OIO+\\DATASET_RETINA\\01.Originais\\AMD (Degeneração Macular Relacionada à Idade)\\ADAM\\__MACOSX\\ADAM\\Train\\Disc_Fovea_Illustration\\._N0129.jpg'
._N0130.jpg,cannot identify image file 'D:\\OIO+\\DATASET_RETINA\\01.Originais\\AMD (Degeneração Macular Relacionada à Idade)\\ADAM\\__MACOSX\\ADAM\\Train\\Disc_Fovea_Illustration\\._N0130.jpg'
._N0131.jpg,cannot identify image file 'D:\\OIO+\\DATASET_RETINA\\01.Originais\\AMD (Degeneração Macular Relacionada à Idade)\\ADAM\\__MACOSX\\ADAM\\Train\\Disc_Fovea_Illustration\\._N0131.jpg'
._N0132.jpg,cannot identify image file 'D:\\OIO+\\DATASET_RETINA\\01.Originais\\AMD (Degeneração Macular Relacionada à Idade)\\ADAM\\__MACOSX\\ADAM\\Train\\Disc_Fovea_Illustration\\._N0132.jpg'
._N0133.jpg,cannot identify image file 'D:\\OIO+\\DATASET_RETINA\\01.Originais\\AMD (Degeneração Macular Relacionada à Idade)\\ADAM\\__MACOSX\\ADAM\\Train\\Disc_Fovea_Illustration\\._N0133.jpg'
._N0134.jpg,cannot identify image file 'D:\\OIO+\\DATASET_RETINA\\01.Originais\\AMD (Degeneração Macular Relacionada à Idade)\\ADAM\\__MACOSX\\ADAM\\Train\\Disc_Fovea_Illustration\\._N0134.jpg'
._N0135.jpg,cannot identify image file 'D:\\OIO+\\DATASET_RETINA\\01.Originais\\AMD (Degeneração Macular Relacionada à Idade)\\ADAM\\__MACOSX\\ADAM\\Train\\Disc_Fovea_Illustration\\._N0135.jpg'
._N0136.jpg,cannot identify image file 'D:\\OIO+\\DATASET_RETINA\\01.Originais\\AMD (Degeneração Macular Relacionada à Idade)\\ADAM\\__MACOSX\\ADAM\\Train\\Disc_Fovea_Illustration\\._N0136.jpg'
._N0137.jpg,cannot identify image file 'D:\\OIO+\\DATASET_RETINA\\01.Originais\\AMD (Degeneração Macular Relacionada à Idade)\\ADAM\\__MACOSX\\ADAM\\Train\\Disc_Fovea_Illustration\\._N0137.jpg'
._N0138.jpg,cannot identify image file 'D:\\OIO+\\DATASET_RETINA\\01.Originais\\AMD (Degeneração Macular Relacionada à Idade)\\ADAM\\__MACOSX\\ADAM\\Train\\Disc_Fovea_Illustration\\._N0138.jpg'
._N0139.jpg,cannot identify image file 'D:\\OIO+\\DATASET_RETINA\\01.Originais\\AMD (Degeneração Macular Relacionada à Idade)\\ADAM\\__MACOSX\\ADAM\\Train\\Disc_Fovea_Illustration\\._N0139.jpg'
._N0140.jpg,cannot identify image file 'D:\\OIO+\\DATASET_RETINA\\01.Originais\\AMD (Degeneração Macular Relacionada à Idade)\\ADAM\\__MACOSX\\ADAM\\Train\\Disc_Fovea_Illustration\\._N0140.jpg'
._N0141.jpg,cannot identify image file 'D:\\OIO+\\DATASET_RETINA\\01.Originais\\AMD (Degeneração Macular Relacionada à Idade)\\ADAM\\__MACOSX\\ADAM\\Train\\Disc_Fovea_Illustration\\._N0141.jpg'
._N0142.jpg,cannot identify image file 'D:\\OIO+\\DATASET_RETINA\\01.Originais\\AMD (Degeneração Macular Relacionada à Idade)\\ADAM\\__MACOSX\\ADAM\\Train\\Disc_Fovea_Illustration\\._N0142.jpg'
._N0143.jpg,cannot identify image file 'D:\\OIO+\\DATASET_RETINA\\01.Originais\\AMD (Degeneração Macular Relacionada à Idade)\\ADAM\\__MACOSX\\ADAM\\Train\\Disc_Fovea_Illustration\\._N0143.jpg'
._N0144.jpg,cannot identify image file 'D:\\OIO+\\DATASET_RETINA\\01.Originais\\AMD (Degeneração Macular Relacionada à Idade)\\ADAM\\__MACOSX\\ADAM\\Train\\Disc_Fovea_Illustration\\._N0144.jpg'
._N0145.jpg,cannot identify image file 'D:\\OIO+\\DATASET_RETINA\\01.Originais\\AMD (Degeneração Macular Relacionada à Idade)\\ADAM\\__MACOSX\\ADAM\\Train\\Disc_Fovea_Illustration\\._N0145.jpg'
._N0146.jpg,cannot identify image file 'D:\\OIO+\\DATASET_RETINA\\01.Originais\\AMD (Degeneração Macular Relacionada à Idade)\\ADAM\\__MACOSX\\ADAM\\Train\\Disc_Fovea_Illustration\\._N0146.jpg'
._N0147.jpg,cannot identify image file 'D:\\OIO+\\DATASET_RETINA\\01.Originais\\AMD (Degeneração Macular Relacionada à Idade)\\ADAM\\__MACOSX\\ADAM\\Train\\Disc_Fovea_Illustration\\._N0147.jpg'
._N0148.jpg,cannot identify image file 'D:\\OIO+\\DATASET_RETINA\\01.Originais\\AMD (Degeneração Macular Relacionada à Idade)\\ADAM\\__MACOSX\\ADAM\\Train\\Disc_Fovea_Illustration\\._N0148.jpg'
._N0149.jpg,cannot identify image file 'D:\\OIO+\\DATASET_RETINA\\01.Originais\\AMD (Degeneração Macular Relacionada à Idade)\\ADAM\\__MACOSX\\ADAM\\Train\\Disc_Fovea_Illustration\\._N0149.jpg'
._N0150.jpg,cannot identify image file 'D:\\OIO+\\DATASET_RETINA\\01.Originais\\AMD (Degeneração Macular Relacionada à Idade)\\ADAM\\__MACOSX\\ADAM\\Train\\Disc_Fovea_Illustration\\._N0150.jpg'
._N0151.jpg,cannot identify image file 'D:\\OIO+\\DATASET_RETINA\\01.Originais\\AMD (Degeneração Macular Relacionada à Idade)\\ADAM\\__MACOSX\\ADAM\\Train\\Disc_Fovea_Illustration\\._N0151.jpg'
._N0152.jpg,cannot identify image file 'D:\\OIO+\\DATASET_RETINA\\01.Originais\\AMD (Degeneração Macular Relacionada à Idade)\\ADAM\\__MACOSX\\ADAM\\Train\\Disc_Fovea_Illustration\\._N0152.jpg'
._N0153.jpg,cannot identify image file 'D:\\OIO+\\DATASET_RETINA\\01.Originais\\AMD (Degeneração Macular Relacionada à Idade)\\ADAM\\__MACOSX\\ADAM\\Train\\Disc_Fovea_Illustration\\._N0153.jpg'
._N0154.jpg,cannot identify image file 'D:\\OIO+\\DATASET_RETINA\\01.Originais\\AMD (Degeneração Macular Relacionada à Idade)\\ADAM\\__MACOSX\\ADAM\\Train\\Disc_Fovea_Illustration\\._N0154.jpg'
._N0155.jpg,cannot identify image file 'D:\\OIO+\\DATASET_RETINA\\01.Originais\\AMD (Degeneração Macular Relacionada à Idade)\\ADAM\\__MACOSX\\ADAM\\Train\\Disc_Fovea_Illustration\\._N0155.jpg'
._N0156.jpg,cannot identify image file 'D:\\OIO+\\DATASET_RETINA\\01.Originais\\AMD (Degeneração Macular Relacionada à Idade)\\ADAM\\__MACOSX\\ADAM\\Train\\Disc_Fovea_Illustration\\._N0156.jpg'
._N0157.jpg,cannot identify image file 'D:\\OIO+\\DATASET_RETINA\\01.Originais\\AMD (Degeneração Macular Relacionada à Idade)\\ADAM\\__MACOSX\\ADAM\\Train\\Disc_Fovea_Illustration\\._N0157.jpg'
._N0158.jpg,cannot identify image file 'D:\\OIO+\\DATASET_RETINA\\01.Originais\\AMD (Degeneração Macular Relacionada à Idade)\\ADAM\\__MACOSX\\ADAM\\Train\\Disc_Fovea_Illustration\\._N0158.jpg'
._N0159.jpg,cannot identify image file 'D:\\OIO+\\DATASET_RETINA\\01.Originais\\AMD (Degeneração Macular Relacionada à Idade)\\ADAM\\__MACOSX\\ADAM\\Train\\Disc_Fovea_Illustration\\._N0159.jpg'
._N0160.jpg,cannot identify image file 'D:\\OIO+\\DATASET_RETINA\\01.Originais\\AMD (Degeneração Macular Relacionada à Idade)\\ADAM\\__MACOSX\\ADAM\\Train\\Disc_Fovea_Illustration\\._N0160.jpg'
._N0161.jpg,cannot identify image file 'D:\\OIO+\\DATASET_RETINA\\01.Originais\\AMD (Degeneração Macular Relacionada à Idade)\\ADAM\\__MACOSX\\ADAM\\Train\\Disc_Fovea_Illustration\\._N0161.jpg'
._N0162.jpg,cannot identify image file 'D:\\OIO+\\DATASET_RETINA\\01.Originais\\AMD (Degeneração Macular Relacionada à Idade)\\ADAM\\__MACOSX\\ADAM\\Train\\Disc_Fovea_Illustration\\._N0162.jpg'
._N0163.jpg,cannot identify image file 'D:\\OIO+\\DATASET_RETINA\\01.Originais\\AMD (Degeneração Macular Relacionada à Idade)\\ADAM\\__MACOSX\\ADAM\\Train\\Disc_Fovea_Illustration\\._N0163.jpg'
._N0164.jpg,cannot identify image file 'D:\\OIO+\\DATASET_RETINA\\01.Originais\\AMD (Degeneração Macular Relacionada à Idade)\\ADAM\\__MACOSX\\ADAM\\Train\\Disc_Fovea_Illustration\\._N0164.jpg'
._N0165.jpg,cannot identify image file 'D:\\OIO+\\DATASET_RETINA\\01.Originais\\AMD (Degeneração Macular Relacionada à Idade)\\ADAM\\__MACOSX\\ADAM\\Train\\Disc_Fovea_Illustration\\._N0165.jpg'
._N0166.jpg,cannot identify image file 'D:\\OIO+\\DATASET_RETINA\\01.Originais\\AMD (Degeneração Macular Relacionada à Idade)\\ADAM\\__MACOSX\\ADAM\\Train\\Disc_Fovea_Illustration\\._N0166.jpg'
._N0167.jpg,cannot identify image file 'D:\\OIO+\\DATASET_RETINA\\01.Originais\\AMD (Degeneração Macular Relacionada à Idade)\\ADAM\\__MACOSX\\ADAM\\Train\\Disc_Fovea_Illustration\\._N0167.jpg'
._N0168.jpg,cannot identify image file 'D:\\OIO+\\DATASET_RETINA\\01.Originais\\AMD (Degeneração Macular Relacionada à Idade)\\ADAM\\__MACOSX\\ADAM\\Train\\Disc_Fovea_Illustration\\._N0168.jpg'
._N0169.jpg,cannot identify image file 'D:\\OIO+\\DATASET_RETINA\\01.Originais\\AMD (Degeneração Macular Relacionada à Idade)\\ADAM\\__MACOSX\\ADAM\\Train\\Disc_Fovea_Illustration\\._N0169.jpg'
._N0170.jpg,cannot identify image file 'D:\\OIO+\\DATASET_RETINA\\01.Originais\\AMD (Degeneração Macular Relacionada à Idade)\\ADAM\\__MACOSX\\ADAM\\Train\\Disc_Fovea_Illustration\\._N0170.jpg'
._N0171.jpg,cannot identify image file 'D:\\OIO+\\DATASET_RETINA\\01.Originais\\AMD (Degeneração Macular Relacionada à Idade)\\ADAM\\__MACOSX\\ADAM\\Train\\Disc_Fovea_Illustration\\._N0171.jpg'
._N0172.jpg,cannot identify image file 'D:\\OIO+\\DATASET_RETINA\\01.Originais\\AMD (Degeneração Macular Relacionada à Idade)\\ADAM\\__MACOSX\\ADAM\\Train\\Disc_Fovea_Illustration\\._N0172.jpg'
._N0173.jpg,cannot identify image file 'D:\\OIO+\\DATASET_RETINA\\01.Originais\\AMD (Degeneração Macular Relacionada à Idade)\\ADAM\\__MACOSX\\ADAM\\Train\\Disc_Fovea_Illustration\\._N0173.jpg'
._N0174.jpg,cannot identify image file 'D:\\OIO+\\DATASET_RETINA\\01.Originais\\AMD (Degeneração Macular Relacionada à Idade)\\ADAM\\__MACOSX\\ADAM\\Train\\Disc_Fovea_Illustration\\._N0174.jpg'
._N0175.jpg,cannot identify image file 'D:\\OIO+\\DATASET_RETINA\\01.Originais\\AMD (Degeneração Macular Relacionada à Idade)\\ADAM\\__MACOSX\\ADAM\\Train\\Disc_Fovea_Illustration\\._N0175.jpg'
._N0176.jpg,cannot identify image file 'D:\\OIO+\\DATASET_RETINA\\01.Originais\\AMD (Degeneração Macular Relacionada à Idade)\\ADAM\\__MACOSX\\ADAM\\Train\\Disc_Fovea_Illustration\\._N0176.jpg'
._N0177.jpg,cannot identify image file 'D:\\OIO+\\DATASET_RETINA\\01.Originais\\AMD (Degeneração Macular Relacionada à Idade)\\ADAM\\__MACOSX\\ADAM\\Train\\Disc_Fovea_Illustration\\._N0177.jpg'
._N0178.jpg,cannot identify image file 'D:\\OIO+\\DATASET_RETINA\\01.Originais\\AMD (Degeneração Macular Relacionada à Idade)\\ADAM\\__MACOSX\\ADAM\\Train\\Disc_Fovea_Illustration\\._N0178.jpg'
._N0179.jpg,cannot identify image file 'D:\\OIO+\\DATASET_RETINA\\01.Originais\\AMD (Degeneração Macular Relacionada à Idade)\\ADAM\\__MACOSX\\ADAM\\Train\\Disc_Fovea_Illustration\\._N0179.jpg'
._N0180.jpg,cannot identify image file 'D:\\OIO+\\DATASET_RETINA\\01.Originais\\AMD (Degeneração Macular Relacionada à Idade)\\ADAM\\__MACOSX\\ADAM\\Train\\Disc_Fovea_Illustration\\._N0180.jpg'
._N0181.jpg,cannot identify image file 'D:\\OIO+\\DATASET_RETINA\\01.Originais\\AMD (Degeneração Macular Relacionada à Idade)\\ADAM\\__MACOSX\\ADAM\\Train\\Disc_Fovea_Illustration\\._N0181.jpg'
._N0182.jpg,cannot identify image file 'D:\\OIO+\\DATASET_RETINA\\01.Originais\\AMD (Degeneração Macular Relacionada à Idade)\\ADAM\\__MACOSX\\ADAM\\Train\\Disc_Fovea_Illustration\\._N0182.jpg'
._N0183.jpg,cannot identify image file 'D:\\OIO+\\DATASET_RETINA\\01.Originais\\AMD (Degeneração Macular Relacionada à Idade)\\ADAM\\__MACOSX\\ADAM\\Train\\Disc_Fovea_Illustration\\._N0183.jpg'
._N0184.jpg,cannot identify image file 'D:\\OIO+\\DATASET_RETINA\\01.Originais\\AMD (Degeneração Macular Relacionada à Idade)\\ADAM\\__MACOSX\\ADAM\\Train\\Disc_Fovea_Illustration\\._N0184.jpg'
._N0185.jpg,cannot identify image file 'D:\\OIO+\\DATASET_RETINA\\01.Originais\\AMD (Degeneração Macular Relacionada à Idade)\\ADAM\\__MACOSX\\ADAM\\Train\\Disc_Fovea_Illustration\\._N0185.jpg'
._N0186.jpg,cannot identify image file 'D:\\OIO+\\DATASET_RETINA\\01.Originais\\AMD (Degeneração Macular Relacionada à Idade)\\ADAM\\__MACOSX\\ADAM\\Train\\Disc_Fovea_Illustration\\._N0186.jpg'
._N0187.jpg,cannot identify image file 'D:\\OIO+\\DATASET_RETINA\\01.Originais\\AMD (Degeneração Macular Relacionada à Idade)\\ADAM\\__MACOSX\\ADAM\\Train\\Disc_Fovea_Illustration\\._N0187.jpg'
._N0188.jpg,cannot identify image file 'D:\\OIO+\\DATASET_RETINA\\01.Originais\\AMD (Degeneração Macular Relacionada à Idade)\\ADAM\\__MACOSX\\ADAM\\Train\\Disc_Fovea_Illustration\\._N0188.jpg'
._N0189.jpg,cannot identify image file 'D:\\OIO+\\DATASET_RETINA\\01.Originais\\AMD (Degeneração Macular Relacionada à Idade)\\ADAM\\__MACOSX\\ADAM\\Train\\Disc_Fovea_Illustration\\._N0189.jpg'
._N0190.jpg,cannot identify image file 'D:\\OIO+\\DATASET_RETINA\\01.Originais\\AMD (Degeneração Macular Relacionada à Idade)\\ADAM\\__MACOSX\\ADAM\\Train\\Disc_Fovea_Illustration\\._N0190.jpg'
._N0191.jpg,cannot identify image file 'D:\\OIO+\\DATASET_RETINA\\01.Originais\\AMD (Degeneração Macular Relacionada à Idade)\\ADAM\\__MACOSX\\ADAM\\Train\\Disc_Fovea_Illustration\\._N0191.jpg'
._N0192.jpg,cannot identify image file 'D:\\OIO+\\DATASET_RETINA\\01.Originais\\AMD (Degeneração Macular Relacionada à Idade)\\ADAM\\__MACOSX\\ADAM\\Train\\Disc_Fovea_Illustration\\._N0192.jpg'
._N0193.jpg,cannot identify image file 'D:\\OIO+\\DATASET_RETINA\\01.Originais\\AMD (Degeneração Macular Relacionada à Idade)\\ADAM\\__MACOSX\\ADAM\\Train\\Disc_Fovea_Illustration\\._N0193.jpg'
._N0194.jpg,cannot identify image file 'D:\\OIO+\\DATASET_RETINA\\01.Originais\\AMD (Degeneração Macular Relacionada à Idade)\\ADAM\\__MACOSX\\ADAM\\Train\\Disc_Fovea_Illustration\\._N0194.jpg'
._N0195.jpg,cannot identify image file 'D:\\OIO+\\DATASET_RETINA\\01.Originais\\AMD (Degeneração Macular Relacionada à Idade)\\ADAM\\__MACOSX\\ADAM\\Train\\Disc_Fovea_Illustration\\._N0195.jpg'
._N0196.jpg,cannot identify image file 'D:\\OIO+\\DATASET_RETINA\\01.Originais\\AMD (Degeneração Macular Relacionada à Idade)\\ADAM\\__MACOSX\\ADAM\\Train\\Disc_Fovea_Illustration\\._N0196.jpg'
._N0197.jpg,cannot identify image file 'D:\\OIO+\\DATASET_RETINA\\01.Originais\\AMD (Degeneração Macular Relacionada à Idade)\\ADAM\\__MACOSX\\ADAM\\Train\\Disc_Fovea_Illustration\\._N0197.jpg'
._N0198.jpg,cannot identify image file 'D:\\OIO+\\DATASET_RETINA\\01.Originais\\AMD (Degeneração Macular Relacionada à Idade)\\ADAM\\__MACOSX\\ADAM\\Train\\Disc_Fovea_Illustration\\._N0198.jpg'
._N0199.jpg,cannot identify image file 'D:\\OIO+\\DATASET_RETINA\\01.Originais\\AMD (Degeneração Macular Relacionada à Idade)\\ADAM\\__MACOSX\\ADAM\\Train\\Disc_Fovea_Illustration\\._N0199.jpg'
._N0200.jpg,cannot identify image file 'D:\\OIO+\\DATASET_RETINA\\01.Originais\\AMD (Degeneração Macular Relacionada à Idade)\\ADAM\\__MACOSX\\ADAM\\Train\\Disc_Fovea_Illustration\\._N0200.jpg'
._N0201.jpg,cannot identify image file 'D:\\OIO+\\DATASET_RETINA\\01.Originais\\AMD (Degeneração Macular Relacionada à Idade)\\ADAM\\__MACOSX\\ADAM\\Train\\Disc_Fovea_Illustration\\._N0201.jpg'
._N0202.jpg,cannot identify image file 'D:\\OIO+\\DATASET_RETINA\\01.Originais\\AMD (Degeneração Macular Relacionada à Idade)\\ADAM\\__MACOSX\\ADAM\\Train\\Disc_Fovea_Illustration\\._N0202.jpg'
._N0203.jpg,cannot identify image file 'D:\\OIO+\\DATASET_RETINA\\01.Originais\\AMD (Degeneração Macular Relacionada à Idade)\\ADAM\\__MACOSX\\ADAM\\Train\\Disc_Fovea_Illustration\\._N0203.jpg'
._N0204.jpg,cannot identify image file 'D:\\OIO+\\DATASET_RETINA\\01.Originais\\AMD (Degeneração Macular Relacionada à Idade)\\ADAM\\__MACOSX\\ADAM\\Train\\Disc_Fovea_Illustration\\._N0204.jpg'
._N0205.jpg,cannot identify image file 'D:\\OIO+\\DATASET_RETINA\\01.Originais\\AMD (Degeneração Macular Relacionada à Idade)\\ADAM\\__MACOSX\\ADAM\\Train\\Disc_Fovea_Illustration\\._N0205.jpg'
._N0206.jpg,cannot identify image file 'D:\\OIO+\\DATASET_RETINA\\01.Originais\\AMD (Degeneração Macular Relacionada à Idade)\\ADAM\\__MACOSX\\ADAM\\Train\\Disc_Fovea_Illustration\\._N0206.jpg'
._N0207.jpg,cannot identify image file 'D:\\OIO+\\DATASET_RETINA\\01.Originais\\AMD (Degeneração Macular Relacionada à Idade)\\ADAM\\__MACOSX\\ADAM\\Train\\Disc_Fovea_Illustration\\._N0207.jpg'
._N0208.jpg,cannot identify image file 'D:\\OIO+\\DATASET_RETINA\\01.Originais\\AMD (Degeneração Macular Relacionada à Idade)\\ADAM\\__MACOSX\\ADAM\\Train\\Disc_Fovea_Illustration\\._N0208.jpg'
._N0209.jpg,cannot identify image file 'D:\\OIO+\\DATASET_RETINA\\01.Originais\\AMD (Degeneração Macular Relacionada à Idade)\\ADAM\\__MACOSX\\ADAM\\Train\\Disc_Fovea_Illustration\\._N0209.jpg'
._N0210.jpg,cannot identify image file 'D:\\OIO+\\DATASET_RETINA\\01.Originais\\AMD (Degeneração Macular Relacionada à Idade)\\ADAM\\__MACOSX\\ADAM\\Train\\Disc_Fovea_Illustration\\._N0210.jpg'
._N0211.jpg,cannot identify image file 'D:\\OIO+\\DATASET_RETINA\\01.Originais\\AMD (Degeneração Macular Relacionada à Idade)\\ADAM\\__MACOSX\\ADAM\\Train\\Disc_Fovea_Illustration\\._N0211.jpg'
._N0212.jpg,cannot identify image file 'D:\\OIO+\\DATASET_RETINA\\01.Originais\\AMD (Degeneração Macular Relacionada à Idade)\\ADAM\\__MACOSX\\ADAM\\Train\\Disc_Fovea_Illustration\\._N0212.jpg'
._N0213.jpg,cannot identify image file 'D:\\OIO+\\DATASET_RETINA\\01.Originais\\AMD (Degeneração Macular Relacionada à Idade)\\ADAM\\__MACOSX\\ADAM\\Train\\Disc_Fovea_Illustration\\._N0213.jpg'
._N0214.jpg,cannot identify image file 'D:\\OIO+\\DATASET_RETINA\\01.Originais\\AMD (Degeneração Macular Relacionada à Idade)\\ADAM\\__MACOSX\\ADAM\\Train\\Disc_Fovea_Illustration\\._N0214.jpg'
._N0215.jpg,cannot identify image file 'D:\\OIO+\\DATASET_RETINA\\01.Originais\\AMD (Degeneração Macular Relacionada à Idade)\\ADAM\\__MACOSX\\ADAM\\Train\\Disc_Fovea_Illustration\\._N0215.jpg'
._N0216.jpg,cannot identify image file 'D:\\OIO+\\DATASET_RETINA\\01.Originais\\AMD (Degeneração Macular Relacionada à Idade)\\ADAM\\__MACOSX\\ADAM\\Train\\Disc_Fovea_Illustration\\._N0216.jpg'
._N0217.jpg,cannot identify image file 'D:\\OIO+\\DATASET_RETINA\\01.Originais\\AMD (Degeneração Macular Relacionada à Idade)\\ADAM\\__MACOSX\\ADAM\\Train\\Disc_Fovea_Illustration\\._N0217.jpg'
._N0218.jpg,cannot identify image file 'D:\\OIO+\\DATASET_RETINA\\01.Originais\\AMD (Degeneração Macular Relacionada à Idade)\\ADAM\\__MACOSX\\ADAM\\Train\\Disc_Fovea_Illustration\\._N0218.jpg'
._N0219.jpg,cannot identify image file 'D:\\OIO+\\DATASET_RETINA\\01.Originais\\AMD (Degeneração Macular Relacionada à Idade)\\ADAM\\__MACOSX\\ADAM\\Train\\Disc_Fovea_Illustration\\._N0219.jpg'
._N0220.jpg,cannot identify image file 'D:\\OIO+\\DATASET_RETINA\\01.Originais\\AMD (Degeneração Macular Relacionada à Idade)\\ADAM\\__MACOSX\\ADAM\\Train\\Disc_Fovea_Illustration\\._N0220.jpg'
._N0221.jpg,cannot identify image file 'D:\\OIO+\\DATASET_RETINA\\01.Originais\\AMD (Degeneração Macular Relacionada à Idade)\\ADAM\\__MACOSX\\ADAM\\Train\\Disc_Fovea_Illustration\\._N0221.jpg'
._N0222.jpg,cannot identify image file 'D:\\OIO+\\DATASET_RETINA\\01.Originais\\AMD (Degeneração Macular Relacionada à Idade)\\ADAM\\__MACOSX\\ADAM\\Train\\Disc_Fovea_Illustration\\._N0222.jpg'
._N0223.jpg,cannot identify image file 'D:\\OIO+\\DATASET_RETINA\\01.Originais\\AMD (Degeneração Macular Relacionada à Idade)\\ADAM\\__MACOSX\\ADAM\\Train\\Disc_Fovea_Illustration\\._N0223.jpg'
._N0224.jpg,cannot identify image file 'D:\\OIO+\\DATASET_RETINA\\01.Originais\\AMD (Degeneração Macular Relacionada à Idade)\\ADAM\\__MACOSX\\ADAM\\Train\\Disc_Fovea_Illustration\\._N0224.jpg'
._N0225.jpg,cannot identify image file 'D:\\OIO+\\DATASET_RETINA\\01.Originais\\AMD (Degeneração Macular Relacionada à Idade)\\ADAM\\__MACOSX\\ADAM\\Train\\Disc_Fovea_Illustration\\._N0225.jpg'
._N0226.jpg,cannot identify image file 'D:\\OIO+\\DATASET_RETINA\\01.Originais\\AMD (Degeneração Macular Relacionada à Idade)\\ADAM\\__MACOSX\\ADAM\\Train\\Disc_Fovea_Illustration\\._N0226.jpg'
._N0227.jpg,cannot identify image file 'D:\\OIO+\\DATASET_RETINA\\01.Originais\\AMD (Degeneração Macular Relacionada à Idade)\\ADAM\\__MACOSX\\ADAM\\Train\\Disc_Fovea_Illustration\\._N0227.jpg'
._N0228.jpg,cannot identify image file 'D:\\OIO+\\DATASET_RETINA\\01.Originais\\AMD (Degeneração Macular Relacionada à Idade)\\ADAM\\__MACOSX\\ADAM\\Train\\Disc_Fovea_Illustration\\._N0228.jpg'
._N0229.jpg,cannot identify image file 'D:\\OIO+\\DATASET_RETINA\\01.Originais\\AMD (Degeneração Macular Relacionada à Idade)\\ADAM\\__MACOSX\\ADAM\\Train\\Disc_Fovea_Illustration\\._N0229.jpg'
._N0230.jpg,cannot identify image file 'D:\\OIO+\\DATASET_RETINA\\01.Originais\\AMD (Degeneração Macular Relacionada à Idade)\\ADAM\\__MACOSX\\ADAM\\Train\\Disc_Fovea_Illustration\\._N0230.jpg'
._N0231.jpg,cannot identify image file 'D:\\OIO+\\DATASET_RETINA\\01.Originais\\AMD (Degeneração Macular Relacionada à Idade)\\ADAM\\__MACOSX\\ADAM\\Train\\Disc_Fovea_Illustration\\._N0231.jpg'
._N0232.jpg,cannot identify image file 'D:\\OIO+\\DATASET_RETINA\\01.Originais\\AMD (Degeneração Macular Relacionada à Idade)\\ADAM\\__MACOSX\\ADAM\\Train\\Disc_Fovea_Illustration\\._N0232.jpg'
._N0233.jpg,cannot identify image file 'D:\\OIO+\\DATASET_RETINA\\01.Originais\\AMD (Degeneração Macular Relacionada à Idade)\\ADAM\\__MACOSX\\ADAM\\Train\\Disc_Fovea_Illustration\\._N0233.jpg'
._N0234.jpg,cannot identify image file 'D:\\OIO+\\DATASET_RETINA\\01.Originais\\AMD (Degeneração Macular Relacionada à Idade)\\ADAM\\__MACOSX\\ADAM\\Train\\Disc_Fovea_Illustration\\._N0234.jpg'
._N0235.jpg,cannot identify image file 'D:\\OIO+\\DATASET_RETINA\\01.Originais\\AMD (Degeneração Macular Relacionada à Idade)\\ADAM\\__MACOSX\\ADAM\\Train\\Disc_Fovea_Illustration\\._N0235.jpg'
._N0236.jpg,cannot identify image file 'D:\\OIO+\\DATASET_RETINA\\01.Originais\\AMD (Degeneração Macular Relacionada à Idade)\\ADAM\\__MACOSX\\ADAM\\Train\\Disc_Fovea_Illustration\\._N0236.jpg'
._N0237.jpg,cannot identify image file 'D:\\OIO+\\DATASET_RETINA\\01.Originais\\AMD (Degeneração Macular Relacionada à Idade)\\ADAM\\__MACOSX\\ADAM\\Train\\Disc_Fovea_Illustration\\._N0237.jpg'
._N0238.jpg,cannot identify image file 'D:\\OIO+\\DATASET_RETINA\\01.Originais\\AMD (Degeneração Macular Relacionada à Idade)\\ADAM\\__MACOSX\\ADAM\\Train\\Disc_Fovea_Illustration\\._N0238.jpg'
._N0239.jpg,cannot identify image file 'D:\\OIO+\\DATASET_RETINA\\01.Originais\\AMD (Degeneração Macular Relacionada à Idade)\\ADAM\\__MACOSX\\ADAM\\Train\\Disc_Fovea_Illustration\\._N0239.jpg'
._N0240.jpg,cannot identify image file 'D:\\OIO+\\DATASET_RETINA\\01.Originais\\AMD (Degeneração Macular Relacionada à Idade)\\ADAM\\__MACOSX\\ADAM\\Train\\Disc_Fovea_Illustration\\._N0240.jpg'
._N0241.jpg,cannot identify image file 'D:\\OIO+\\DATASET_RETINA\\01.Originais\\AMD (Degeneração Macular Relacionada à Idade)\\ADAM\\__MACOSX\\ADAM\\Train\\Disc_Fovea_Illustration\\._N0241.jpg'
._N0242.jpg,cannot identify image file 'D:\\OIO+\\DATASET_RETINA\\01.Originais\\AMD (Degeneração Macular Relacionada à Idade)\\ADAM\\__MACOSX\\ADAM\\Train\\Disc_Fovea_Illustration\\._N0242.jpg'
._N0243.jpg,cannot identify image file 'D:\\OIO+\\DATASET_RETINA\\01.Originais\\AMD (Degeneração Macular Relacionada à Idade)\\ADAM\\__MACOSX\\ADAM\\Train\\Disc_Fovea_Illustration\\._N0243.jpg'
._N0244.jpg,cannot identify image file 'D:\\OIO+\\DATASET_RETINA\\01.Originais\\AMD (Degeneração Macular Relacionada à Idade)\\ADAM\\__MACOSX\\ADAM\\Train\\Disc_Fovea_Illustration\\._N0244.jpg'
._N0245.jpg,cannot identify image file 'D:\\OIO+\\DATASET_RETINA\\01.Originais\\AMD (Degeneração Macular Relacionada à Idade)\\ADAM\\__MACOSX\\ADAM\\Train\\Disc_Fovea_Illustration\\._N0245.jpg'
._N0246.jpg,cannot identify image file 'D:\\OIO+\\DATASET_RETINA\\01.Originais\\AMD (Degeneração Macular Relacionada à Idade)\\ADAM\\__MACOSX\\ADAM\\Train\\Disc_Fovea_Illustration\\._N0246.jpg'
._N0247.jpg,cannot identify image file 'D:\\OIO+\\DATASET_RETINA\\01.Originais\\AMD (Degeneração Macular Relacionada à Idade)\\ADAM\\__MACOSX\\ADAM\\Train\\Disc_Fovea_Illustration\\._N0247.jpg'
._N0248.jpg,cannot identify image file 'D:\\OIO+\\DATASET_RETINA\\01.Originais\\AMD (Degeneração Macular Relacionada à Idade)\\ADAM\\__MACOSX\\ADAM\\Train\\Disc_Fovea_Illustration\\._N0248.jpg'
._N0249.jpg,cannot identify image file 'D:\\OIO+\\DATASET_RETINA\\01.Originais\\AMD (Degeneração Macular Relacionada à Idade)\\ADAM\\__MACOSX\\ADAM\\Train\\Disc_Fovea_Illustration\\._N0249.jpg'
._N0250.jpg,cannot identify image file 'D:\\OIO+\\DATASET_RETINA\\01.Originais\\AMD (Degeneração Macular Relacionada à Idade)\\ADAM\\__MACOSX\\ADAM\\Train\\Disc_Fovea_Illustration\\._N0250.jpg'
._N0251.jpg,cannot identify image file 'D:\\OIO+\\DATASET_RETINA\\01.Originais\\AMD (Degeneração Macular Relacionada à Idade)\\ADAM\\__MACOSX\\ADAM\\Train\\Disc_Fovea_Illustration\\._N0251.jpg'
._N0252.jpg,cannot identify image file 'D:\\OIO+\\DATASET_RETINA\\01.Originais\\AMD (Degeneração Macular Relacionada à Idade)\\ADAM\\__MACOSX\\ADAM\\Train\\Disc_Fovea_Illustration\\._N0252.jpg'
._N0253.jpg,cannot identify image file 'D:\\OIO+\\DATASET_RETINA\\01.Originais\\AMD (Degeneração Macular Relacionada à Idade)\\ADAM\\__MACOSX\\ADAM\\Train\\Disc_Fovea_Illustration\\._N0253.jpg'
._N0254.jpg,cannot identify image file 'D:\\OIO+\\DATASET_RETINA\\01.Originais\\AMD (Degeneração Macular Relacionada à Idade)\\ADAM\\__MACOSX\\ADAM\\Train\\Disc_Fovea_Illustration\\._N0254.jpg'
._N0255.jpg,cannot identify image file 'D:\\OIO+\\DATASET_RETINA\\01.Originais\\AMD (Degeneração Macular Relacionada à Idade)\\ADAM\\__MACOSX\\ADAM\\Train\\Disc_Fovea_Illustration\\._N0255.jpg'
._N0256.jpg,cannot identify image file 'D:\\OIO+\\DATASET_RETINA\\01.Originais\\AMD (Degeneração Macular Relacionada à Idade)\\ADAM\\__MACOSX\\ADAM\\Train\\Disc_Fovea_Illustration\\._N0256.jpg'
._N0257.jpg,cannot identify image file 'D:\\OIO+\\DATASET_RETINA\\01.Originais\\AMD (Degeneração Macular Relacionada à Idade)\\ADAM\\__MACOSX\\ADAM\\Train\\Disc_Fovea_Illustration\\._N0257.jpg'
._N0258.jpg,cannot identify image file 'D:\\OIO+\\DATASET_RETINA\\01.Originais\\AMD (Degeneração Macular Relacionada à Idade)\\ADAM\\__MACOSX\\ADAM\\Train\\Disc_Fovea_Illustration\\._N0258.jpg'
._N0259.jpg,cannot identify image file 'D:\\OIO+\\DATASET_RETINA\\01.Originais\\AMD (Degeneração Macular Relacionada à Idade)\\ADAM\\__MACOSX\\ADAM\\Train\\Disc_Fovea_Illustration\\._N0259.jpg'
._N0260.jpg,cannot identify image file 'D:\\OIO+\\DATASET_RETINA\\01.Originais\\AMD (Degeneração Macular Relacionada à Idade)\\ADAM\\__MACOSX\\ADAM\\Train\\Disc_Fovea_Illustration\\._N0260.jpg'
._N0261.jpg,cannot identify image file 'D:\\OIO+\\DATASET_RETINA\\01.Originais\\AMD (Degeneração Macular Relacionada à Idade)\\ADAM\\__MACOSX\\ADAM\\Train\\Disc_Fovea_Illustration\\._N0261.jpg'
._N0262.jpg,cannot identify image file 'D:\\OIO+\\DATASET_RETINA\\01.Originais\\AMD (Degeneração Macular Relacionada à Idade)\\ADAM\\__MACOSX\\ADAM\\Train\\Disc_Fovea_Illustration\\._N0262.jpg'
._N0263.jpg,cannot identify image file 'D:\\OIO+\\DATASET_RETINA\\01.Originais\\AMD (Degeneração Macular Relacionada à Idade)\\ADAM\\__MACOSX\\ADAM\\Train\\Disc_Fovea_Illustration\\._N0263.jpg'
._N0264.jpg,cannot identify image file 'D:\\OIO+\\DATASET_RETINA\\01.Originais\\AMD (Degeneração Macular Relacionada à Idade)\\ADAM\\__MACOSX\\ADAM\\Train\\Disc_Fovea_Illustration\\._N0264.jpg'
._N0265.jpg,cannot identify image file 'D:\\OIO+\\DATASET_RETINA\\01.Originais\\AMD (Degeneração Macular Relacionada à Idade)\\ADAM\\__MACOSX\\ADAM\\Train\\Disc_Fovea_Illustration\\._N0265.jpg'
._N0266.jpg,cannot identify image file 'D:\\OIO+\\DATASET_RETINA\\01.Originais\\AMD (Degeneração Macular Relacionada à Idade)\\ADAM\\__MACOSX\\ADAM\\Train\\Disc_Fovea_Illustration\\._N0266.jpg'
._N0267.jpg,cannot identify image file 'D:\\OIO+\\DATASET_RETINA\\01.Originais\\AMD (Degeneração Macular Relacionada à Idade)\\ADAM\\__MACOSX\\ADAM\\Train\\Disc_Fovea_Illustration\\._N0267.jpg'
._N0268.jpg,cannot identify image file 'D:\\OIO+\\DATASET_RETINA\\01.Originais\\AMD (Degeneração Macular Relacionada à Idade)\\ADAM\\__MACOSX\\ADAM\\Train\\Disc_Fovea_Illustration\\._N0268.jpg'
._N0269.jpg,cannot identify image file 'D:\\OIO+\\DATASET_RETINA\\01.Originais\\AMD (Degeneração Macular Relacionada à Idade)\\ADAM\\__MACOSX\\ADAM\\Train\\Disc_Fovea_Illustration\\._N0269.jpg'
._N0270.jpg,cannot identify image file 'D:\\OIO+\\DATASET_RETINA\\01.Originais\\AMD (Degeneração Macular Relacionada à Idade)\\ADAM\\__MACOSX\\ADAM\\Train\\Disc_Fovea_Illustration\\._N0270.jpg'
._N0271.jpg,cannot identify image file 'D:\\OIO+\\DATASET_RETINA\\01.Originais\\AMD (Degeneração Macular Relacionada à Idade)\\ADAM\\__MACOSX\\ADAM\\Train\\Disc_Fovea_Illustration\\._N0271.jpg'
._N0272.jpg,cannot identify image file 'D:\\OIO+\\DATASET_RETINA\\01.Originais\\AMD (Degeneração Macular Relacionada à Idade)\\ADAM\\__MACOSX\\ADAM\\Train\\Disc_Fovea_Illustration\\._N0272.jpg'
._N0273.jpg,cannot identify image file 'D:\\OIO+\\DATASET_RETINA\\01.Originais\\AMD (Degeneração Macular Relacionada à Idade)\\ADAM\\__MACOSX\\ADAM\\Train\\Disc_Fovea_Illustration\\._N0273.jpg'
._N0274.jpg,cannot identify image file 'D:\\OIO+\\DATASET_RETINA\\01.Originais\\AMD (Degeneração Macular Relacionada à Idade)\\ADAM\\__MACOSX\\ADAM\\Train\\Disc_Fovea_Illustration\\._N0274.jpg'
._N0275.jpg,cannot identify image file 'D:\\OIO+\\DATASET_RETINA\\01.Originais\\AMD (Degeneração Macular Relacionada à Idade)\\ADAM\\__MACOSX\\ADAM\\Train\\Disc_Fovea_Illustration\\._N0275.jpg'
._N0276.jpg,cannot identify image file 'D:\\OIO+\\DATASET_RETINA\\01.Originais\\AMD (Degeneração Macular Relacionada à Idade)\\ADAM\\__MACOSX\\ADAM\\Train\\Disc_Fovea_Illustration\\._N0276.jpg'
._N0277.jpg,cannot identify image file 'D:\\OIO+\\DATASET_RETINA\\01.Originais\\AMD (Degeneração Macular Relacionada à Idade)\\ADAM\\__MACOSX\\ADAM\\Train\\Disc_Fovea_Illustration\\._N0277.jpg'
._N0278.jpg,cannot identify image file 'D:\\OIO+\\DATASET_RETINA\\01.Originais\\AMD (Degeneração Macular Relacionada à Idade)\\ADAM\\__MACOSX\\ADAM\\Train\\Disc_Fovea_Illustration\\._N0278.jpg'
._N0279.jpg,cannot identify image file 'D:\\OIO+\\DATASET_RETINA\\01.Originais\\AMD (Degeneração Macular Relacionada à Idade)\\ADAM\\__MACOSX\\ADAM\\Train\\Disc_Fovea_Illustration\\._N0279.jpg'
._N0280.jpg,cannot identify image file 'D:\\OIO+\\DATASET_RETINA\\01.Originais\\AMD (Degeneração Macular Relacionada à Idade)\\ADAM\\__MACOSX\\ADAM\\Train\\Disc_Fovea_Illustration\\._N0280.jpg'
._N0281.jpg,cannot identify image file 'D:\\OIO+\\DATASET_RETINA\\01.Originais\\AMD (Degeneração Macular Relacionada à Idade)\\ADAM\\__MACOSX\\ADAM\\Train\\Disc_Fovea_Illustration\\._N0281.jpg'
._N0282.jpg,cannot identify image file 'D:\\OIO+\\DATASET_RETINA\\01.Originais\\AMD (Degeneração Macular Relacionada à Idade)\\ADAM\\__MACOSX\\ADAM\\Train\\Disc_Fovea_Illustration\\._N0282.jpg'
._N0283.jpg,cannot identify image file 'D:\\OIO+\\DATASET_RETINA\\01.Originais\\AMD (Degeneração Macular Relacionada à Idade)\\ADAM\\__MACOSX\\ADAM\\Train\\Disc_Fovea_Illustration\\._N0283.jpg'
._N0284.jpg,cannot identify image file 'D:\\OIO+\\DATASET_RETINA\\01.Originais\\AMD (Degeneração Macular Relacionada à Idade)\\ADAM\\__MACOSX\\ADAM\\Train\\Disc_Fovea_Illustration\\._N0284.jpg'
._N0285.jpg,cannot identify image file 'D:\\OIO+\\DATASET_RETINA\\01.Originais\\AMD (Degeneração Macular Relacionada à Idade)\\ADAM\\__MACOSX\\ADAM\\Train\\Disc_Fovea_Illustration\\._N0285.jpg'
._N0286.jpg,cannot identify image file 'D:\\OIO+\\DATASET_RETINA\\01.Originais\\AMD (Degeneração Macular Relacionada à Idade)\\ADAM\\__MACOSX\\ADAM\\Train\\Disc_Fovea_Illustration\\._N0286.jpg'
._N0287.jpg,cannot identify image file 'D:\\OIO+\\DATASET_RETINA\\01.Originais\\AMD (Degeneração Macular Relacionada à Idade)\\ADAM\\__MACOSX\\ADAM\\Train\\Disc_Fovea_Illustration\\._N0287.jpg'
._N0288.jpg,cannot identify image file 'D:\\OIO+\\DATASET_RETINA\\01.Originais\\AMD (Degeneração Macular Relacionada à Idade)\\ADAM\\__MACOSX\\ADAM\\Train\\Disc_Fovea_Illustration\\._N0288.jpg'
._N0289.jpg,cannot identify image file 'D:\\OIO+\\DATASET_RETINA\\01.Originais\\AMD (Degeneração Macular Relacionada à Idade)\\ADAM\\__MACOSX\\ADAM\\Train\\Disc_Fovea_Illustration\\._N0289.jpg'
._N0290.jpg,cannot identify image file 'D:\\OIO+\\DATASET_RETINA\\01.Originais\\AMD (Degeneração Macular Relacionada à Idade)\\ADAM\\__MACOSX\\ADAM\\Train\\Disc_Fovea_Illustration\\._N0290.jpg'
._N0291.jpg,cannot identify image file 'D:\\OIO+\\DATASET_RETINA\\01.Originais\\AMD (Degeneração Macular Relacionada à Idade)\\ADAM\\__MACOSX\\ADAM\\Train\\Disc_Fovea_Illustration\\._N0291.jpg'
._N0292.jpg,cannot identify image file 'D:\\OIO+\\DATASET_RETINA\\01.Originais\\AMD (Degeneração Macular Relacionada à Idade)\\ADAM\\__MACOSX\\ADAM\\Train\\Disc_Fovea_Illustration\\._N0292.jpg'
._N0293.jpg,cannot identify image file 'D:\\OIO+\\DATASET_RETINA\\01.Originais\\AMD (Degeneração Macular Relacionada à Idade)\\ADAM\\__MACOSX\\ADAM\\Train\\Disc_Fovea_Illustration\\._N0293.jpg'
._N0294.jpg,cannot identify image file 'D:\\OIO+\\DATASET_RETINA\\01.Originais\\AMD (Degeneração Macular Relacionada à Idade)\\ADAM\\__MACOSX\\ADAM\\Train\\Disc_Fovea_Illustration\\._N0294.jpg'
._N0295.jpg,cannot identify image file 'D:\\OIO+\\DATASET_RETINA\\01.Originais\\AMD (Degeneração Macular Relacionada à Idade)\\ADAM\\__MACOSX\\ADAM\\Train\\Disc_Fovea_Illustration\\._N0295.jpg'
._N0296.jpg,cannot identify image file 'D:\\OIO+\\DATASET_RETINA\\01.Originais\\AMD (Degeneração Macular Relacionada à Idade)\\ADAM\\__MACOSX\\ADAM\\Train\\Disc_Fovea_Illustration\\._N0296.jpg'
._N0297.jpg,cannot identify image file 'D:\\OIO+\\DATASET_RETINA\\01.Originais\\AMD (Degeneração Macular Relacionada à Idade)\\ADAM\\__MACOSX\\ADAM\\Train\\Disc_Fovea_Illustration\\._N0297.jpg'
._N0298.jpg,cannot identify image file 'D:\\OIO+\\DATASET_RETINA\\01.Originais\\AMD (Degeneração Macular Relacionada à Idade)\\ADAM\\__MACOSX\\ADAM\\Train\\Disc_Fovea_Illustration\\._N0298.jpg'
._N0299.jpg,cannot identify image file 'D:\\OIO+\\DATASET_RETINA\\01.Originais\\AMD (Degeneração Macular Relacionada à Idade)\\ADAM\\__MACOSX\\ADAM\\Train\\Disc_Fovea_Illustration\\._N0299.jpg'
._N0300.jpg,cannot identify image file 'D:\\OIO+\\DATASET_RETINA\\01.Originais\\AMD (Degeneração Macular Relacionada à Idade)\\ADAM\\__MACOSX\\ADAM\\Train\\Disc_Fovea_Illustration\\._N0300.jpg'
._N0301.jpg,cannot identify image file 'D:\\OIO+\\DATASET_RETINA\\01.Originais\\AMD (Degeneração Macular Relacionada à Idade)\\ADAM\\__MACOSX\\ADAM\\Train\\Disc_Fovea_Illustration\\._N0301.jpg'
._N0302.jpg,cannot identify image file 'D:\\OIO+\\DATASET_RETINA\\01.Originais\\AMD (Degeneração Macular Relacionada à Idade)\\ADAM\\__MACOSX\\ADAM\\Train\\Disc_Fovea_Illustration\\._N0302.jpg'
._N0303.jpg,cannot identify image file 'D:\\OIO+\\DATASET_RETINA\\01.Originais\\AMD (Degeneração Macular Relacionada à Idade)\\ADAM\\__MACOSX\\ADAM\\Train\\Disc_Fovea_Illustration\\._N0303.jpg'
._N0304.jpg,cannot identify image file 'D:\\OIO+\\DATASET_RETINA\\01.Originais\\AMD (Degeneração Macular Relacionada à Idade)\\ADAM\\__MACOSX\\ADAM\\Train\\Disc_Fovea_Illustration\\._N0304.jpg'
._N0305.jpg,cannot identify image file 'D:\\OIO+\\DATASET_RETINA\\01.Originais\\AMD (Degeneração Macular Relacionada à Idade)\\ADAM\\__MACOSX\\ADAM\\Train\\Disc_Fovea_Illustration\\._N0305.jpg'
._N0306.jpg,cannot identify image file 'D:\\OIO+\\DATASET_RETINA\\01.Originais\\AMD (Degeneração Macular Relacionada à Idade)\\ADAM\\__MACOSX\\ADAM\\Train\\Disc_Fovea_Illustration\\._N0306.jpg'
._N0307.jpg,cannot identify image file 'D:\\OIO+\\DATASET_RETINA\\01.Originais\\AMD (Degeneração Macular Relacionada à Idade)\\ADAM\\__MACOSX\\ADAM\\Train\\Disc_Fovea_Illustration\\._N0307.jpg'
._N0308.jpg,cannot identify image file 'D:\\OIO+\\DATASET_RETINA\\01.Originais\\AMD (Degeneração Macular Relacionada à Idade)\\ADAM\\__MACOSX\\ADAM\\Train\\Disc_Fovea_Illustration\\._N0308.jpg'
._N0309.jpg,cannot identify image file 'D:\\OIO+\\DATASET_RETINA\\01.Originais\\AMD (Degeneração Macular Relacionada à Idade)\\ADAM\\__MACOSX\\ADAM\\Train\\Disc_Fovea_Illustration\\._N0309.jpg'
._N0310.jpg,cannot identify image file 'D:\\OIO+\\DATASET_RETINA\\01.Originais\\AMD (Degeneração Macular Relacionada à Idade)\\ADAM\\__MACOSX\\ADAM\\Train\\Disc_Fovea_Illustration\\._N0310.jpg'
._N0311.jpg,cannot identify image file 'D:\\OIO+\\DATASET_RETINA\\01.Originais\\AMD (Degeneração Macular Relacionada à Idade)\\ADAM\\__MACOSX\\ADAM\\Train\\Disc_Fovea_Illustration\\._N0311.jpg'
._A0001.bmp,cannot identify image file 'D:\\OIO+\\DATASET_RETINA\\01.Originais\\AMD (Degeneração Macular Relacionada à Idade)\\ADAM\\__MACOSX\\ADAM\\Train\\Disc_Masks\\._A0001.bmp'
._A0002.bmp,cannot identify image file 'D:\\OIO+\\DATASET_RETINA\\01.Originais\\AMD (Degeneração Macular Relacionada à Idade)\\ADAM\\__MACOSX\\ADAM\\Train\\Disc_Masks\\._A0002.bmp'
._A0003.bmp,cannot identify image file 'D:\\OIO+\\DATASET_RETINA\\01.Originais\\AMD (Degeneração Macular Relacionada à Idade)\\ADAM\\__MACOSX\\ADAM\\Train\\Disc_Masks\\._A0003.bmp'
._A0004.bmp,cannot identify image file 'D:\\OIO+\\DATASET_RETINA\\01.Originais\\AMD (Degeneração Macular Relacionada à Idade)\\ADAM\\__MACOSX\\ADAM\\Train\\Disc_Masks\\._A0004.bmp'
._A0005.bmp,cannot identify image file 'D:\\OIO+\\DATASET_RETINA\\01.Originais\\AMD (Degeneração Macular Relacionada à Idade)\\ADAM\\__MACOSX\\ADAM\\Train\\Disc_Masks\\._A0005.bmp'
._A0006.bmp,cannot identify image file 'D:\\OIO+\\DATASET_RETINA\\01.Originais\\AMD (Degeneração Macular Relacionada à Idade)\\ADAM\\__MACOSX\\ADAM\\Train\\Disc_Masks\\._A0006.bmp'
._A0007.bmp,cannot identify image file 'D:\\OIO+\\DATASET_RETINA\\01.Originais\\AMD (Degeneração Macular Relacionada à Idade)\\ADAM\\__MACOSX\\ADAM\\Train\\Disc_Masks\\._A0007.bmp'
._A0008.bmp,cannot identify image file 'D:\\OIO+\\DATASET_RETINA\\01.Originais\\AMD (Degeneração Macular Relacionada à Idade)\\ADAM\\__MACOSX\\ADAM\\Train\\Disc_Masks\\._A0008.bmp'
._A0009.bmp,cannot identify image file 'D:\\OIO+\\DATASET_RETINA\\01.Originais\\AMD (Degeneração Macular Relacionada à Idade)\\ADAM\\__MACOSX\\ADAM\\Train\\Disc_Masks\\._A0009.bmp'
._A0010.bmp,cannot identify image file 'D:\\OIO+\\DATASET_RETINA\\01.Originais\\AMD (Degeneração Macular Relacionada à Idade)\\ADAM\\__MACOSX\\ADAM\\Train\\Disc_Masks\\._A0010.bmp'
._A0011.bmp,cannot identify image file 'D:\\OIO+\\DATASET_RETINA\\01.Originais\\AMD (Degeneração Macular Relacionada à Idade)\\ADAM\\__MACOSX\\ADAM\\Train\\Disc_Masks\\._A0011.bmp'
._A0012.bmp,cannot identify image file 'D:\\OIO+\\DATASET_RETINA\\01.Originais\\AMD (Degeneração Macular Relacionada à Idade)\\ADAM\\__MACOSX\\ADAM\\Train\\Disc_Masks\\._A0012.bmp'
._A0013.bmp,cannot identify image file 'D:\\OIO+\\DATASET_RETINA\\01.Originais\\AMD (Degeneração Macular Relacionada à Idade)\\ADAM\\__MACOSX\\ADAM\\Train\\Disc_Masks\\._A0013.bmp'
._A0014.bmp,cannot identify image file 'D:\\OIO+\\DATASET_RETINA\\01.Originais\\AMD (Degeneração Macular Relacionada à Idade)\\ADAM\\__MACOSX\\ADAM\\Train\\Disc_Masks\\._A0014.bmp'
._A0015.bmp,cannot identify image file 'D:\\OIO+\\DATASET_RETINA\\01.Originais\\AMD (Degeneração Macular Relacionada à Idade)\\ADAM\\__MACOSX\\ADAM\\Train\\Disc_Masks\\._A0015.bmp'
._A0016.bmp,cannot identify image file 'D:\\OIO+\\DATASET_RETINA\\01.Originais\\AMD (Degeneração Macular Relacionada à Idade)\\ADAM\\__MACOSX\\ADAM\\Train\\Disc_Masks\\._A0016.bmp'
._A0017.bmp,cannot identify image file 'D:\\OIO+\\DATASET_RETINA\\01.Originais\\AMD (Degeneração Macular Relacionada à Idade)\\ADAM\\__MACOSX\\ADAM\\Train\\Disc_Masks\\._A0017.bmp'
._A0018.bmp,cannot identify image file 'D:\\OIO+\\DATASET_RETINA\\01.Originais\\AMD (Degeneração Macular Relacionada à Idade)\\ADAM\\__MACOSX\\ADAM\\Train\\Disc_Masks\\._A0018.bmp'
._A0019.bmp,cannot identify image file 'D:\\OIO+\\DATASET_RETINA\\01.Originais\\AMD (Degeneração Macular Relacionada à Idade)\\ADAM\\__MACOSX\\ADAM\\Train\\Disc_Masks\\._A0019.bmp'
._A0020.bmp,cannot identify image file 'D:\\OIO+\\DATASET_RETINA\\01.Originais\\AMD (Degeneração Macular Relacionada à Idade)\\ADAM\\__MACOSX\\ADAM\\Train\\Disc_Masks\\._A0020.bmp'
._A0021.bmp,cannot identify image file 'D:\\OIO+\\DATASET_RETINA\\01.Originais\\AMD (Degeneração Macular Relacionada à Idade)\\ADAM\\__MACOSX\\ADAM\\Train\\Disc_Masks\\._A0021.bmp'
._A0022.bmp,cannot identify image file 'D:\\OIO+\\DATASET_RETINA\\01.Originais\\AMD (Degeneração Macular Relacionada à Idade)\\ADAM\\__MACOSX\\ADAM\\Train\\Disc_Masks\\._A0022.bmp'
._A0023.bmp,cannot identify image file 'D:\\OIO+\\DATASET_RETINA\\01.Originais\\AMD (Degeneração Macular Relacionada à Idade)\\ADAM\\__MACOSX\\ADAM\\Train\\Disc_Masks\\._A0023.bmp'
._A0024.bmp,cannot identify image file 'D:\\OIO+\\DATASET_RETINA\\01.Originais\\AMD (Degeneração Macular Relacionada à Idade)\\ADAM\\__MACOSX\\ADAM\\Train\\Disc_Masks\\._A0024.bmp'
._A0025.bmp,cannot identify image file 'D:\\OIO+\\DATASET_RETINA\\01.Originais\\AMD (Degeneração Macular Relacionada à Idade)\\ADAM\\__MACOSX\\ADAM\\Train\\Disc_Masks\\._A0025.bmp'
._A0026.bmp,cannot identify image file 'D:\\OIO+\\DATASET_RETINA\\01.Originais\\AMD (Degeneração Macular Relacionada à Idade)\\ADAM\\__MACOSX\\ADAM\\Train\\Disc_Masks\\._A0026.bmp'
._A0027.bmp,cannot identify image file 'D:\\OIO+\\DATASET_RETINA\\01.Originais\\AMD (Degeneração Macular Relacionada à Idade)\\ADAM\\__MACOSX\\ADAM\\Train\\Disc_Masks\\._A0027.bmp'
._A0028.bmp,cannot identify image file 'D:\\OIO+\\DATASET_RETINA\\01.Originais\\AMD (Degeneração Macular Relacionada à Idade)\\ADAM\\__MACOSX\\ADAM\\Train\\Disc_Masks\\._A0028.bmp'
._A0029.bmp,cannot identify image file 'D:\\OIO+\\DATASET_RETINA\\01.Originais\\AMD (Degeneração Macular Relacionada à Idade)\\ADAM\\__MACOSX\\ADAM\\Train\\Disc_Masks\\._A0029.bmp'
._A0030.bmp,cannot identify image file 'D:\\OIO+\\DATASET_RETINA\\01.Originais\\AMD (Degeneração Macular Relacionada à Idade)\\ADAM\\__MACOSX\\ADAM\\Train\\Disc_Masks\\._A0030.bmp'
._A0031.bmp,cannot identify image file 'D:\\OIO+\\DATASET_RETINA\\01.Originais\\AMD (Degeneração Macular Relacionada à Idade)\\ADAM\\__MACOSX\\ADAM\\Train\\Disc_Masks\\._A0031.bmp'
._A0032.bmp,cannot identify image file 'D:\\OIO+\\DATASET_RETINA\\01.Originais\\AMD (Degeneração Macular Relacionada à Idade)\\ADAM\\__MACOSX\\ADAM\\Train\\Disc_Masks\\._A0032.bmp'
._A0033.bmp,cannot identify image file 'D:\\OIO+\\DATASET_RETINA\\01.Originais\\AMD (Degeneração Macular Relacionada à Idade)\\ADAM\\__MACOSX\\ADAM\\Train\\Disc_Masks\\._A0033.bmp'
._A0034.bmp,cannot identify image file 'D:\\OIO+\\DATASET_RETINA\\01.Originais\\AMD (Degeneração Macular Relacionada à Idade)\\ADAM\\__MACOSX\\ADAM\\Train\\Disc_Masks\\._A0034.bmp'
._A0035.bmp,cannot identify image file 'D:\\OIO+\\DATASET_RETINA\\01.Originais\\AMD (Degeneração Macular Relacionada à Idade)\\ADAM\\__MACOSX\\ADAM\\Train\\Disc_Masks\\._A0035.bmp'
._A0036.bmp,cannot identify image file 'D:\\OIO+\\DATASET_RETINA\\01.Originais\\AMD (Degeneração Macular Relacionada à Idade)\\ADAM\\__MACOSX\\ADAM\\Train\\Disc_Masks\\._A0036.bmp'
._A0037.bmp,cannot identify image file 'D:\\OIO+\\DATASET_RETINA\\01.Originais\\AMD (Degeneração Macular Relacionada à Idade)\\ADAM\\__MACOSX\\ADAM\\Train\\Disc_Masks\\._A0037.bmp'
._A0038.bmp,cannot identify image file 'D:\\OIO+\\DATASET_RETINA\\01.Originais\\AMD (Degeneração Macular Relacionada à Idade)\\ADAM\\__MACOSX\\ADAM\\Train\\Disc_Masks\\._A0038.bmp'
._A0039.bmp,cannot identify image file 'D:\\OIO+\\DATASET_RETINA\\01.Originais\\AMD (Degeneração Macular Relacionada à Idade)\\ADAM\\__MACOSX\\ADAM\\Train\\Disc_Masks\\._A0039.bmp'
._A0040.bmp,cannot identify image file 'D:\\OIO+\\DATASET_RETINA\\01.Originais\\AMD (Degeneração Macular Relacionada à Idade)\\ADAM\\__MACOSX\\ADAM\\Train\\Disc_Masks\\._A0040.bmp'
._A0041.bmp,cannot identify image file 'D:\\OIO+\\DATASET_RETINA\\01.Originais\\AMD (Degeneração Macular Relacionada à Idade)\\ADAM\\__MACOSX\\ADAM\\Train\\Disc_Masks\\._A0041.bmp'
._A0042.bmp,cannot identify image file 'D:\\OIO+\\DATASET_RETINA\\01.Originais\\AMD (Degeneração Macular Relacionada à Idade)\\ADAM\\__MACOSX\\ADAM\\Train\\Disc_Masks\\._A0042.bmp'
._A0043.bmp,cannot identify image file 'D:\\OIO+\\DATASET_RETINA\\01.Originais\\AMD (Degeneração Macular Relacionada à Idade)\\ADAM\\__MACOSX\\ADAM\\Train\\Disc_Masks\\._A0043.bmp'
._A0044.bmp,cannot identify image file 'D:\\OIO+\\DATASET_RETINA\\01.Originais\\AMD (Degeneração Macular Relacionada à Idade)\\ADAM\\__MACOSX\\ADAM\\Train\\Disc_Masks\\._A0044.bmp'
._A0045.bmp,cannot identify image file 'D:\\OIO+\\DATASET_RETINA\\01.Originais\\AMD (Degeneração Macular Relacionada à Idade)\\ADAM\\__MACOSX\\ADAM\\Train\\Disc_Masks\\._A0045.bmp'
._A0046.bmp,cannot identify image file 'D:\\OIO+\\DATASET_RETINA\\01.Originais\\AMD (Degeneração Macular Relacionada à Idade)\\ADAM\\__MACOSX\\ADAM\\Train\\Disc_Masks\\._A0046.bmp'
._A0047.bmp,cannot identify image file 'D:\\OIO+\\DATASET_RETINA\\01.Originais\\AMD (Degeneração Macular Relacionada à Idade)\\ADAM\\__MACOSX\\ADAM\\Train\\Disc_Masks\\._A0047.bmp'
._A0048.bmp,cannot identify image file 'D:\\OIO+\\DATASET_RETINA\\01.Originais\\AMD (Degeneração Macular Relacionada à Idade)\\ADAM\\__MACOSX\\ADAM\\Train\\Disc_Masks\\._A0048.bmp'
._A0049.bmp,cannot identify image file 'D:\\OIO+\\DATASET_RETINA\\01.Originais\\AMD (Degeneração Macular Relacionada à Idade)\\ADAM\\__MACOSX\\ADAM\\Train\\Disc_Masks\\._A0049.bmp'
._A0050.bmp,cannot identify image file 'D:\\OIO+\\DATASET_RETINA\\01.Originais\\AMD (Degeneração Macular Relacionada à Idade)\\ADAM\\__MACOSX\\ADAM\\Train\\Disc_Masks\\._A0050.bmp'
._A0051.bmp,cannot identify image file 'D:\\OIO+\\DATASET_RETINA\\01.Originais\\AMD (Degeneração Macular Relacionada à Idade)\\ADAM\\__MACOSX\\ADAM\\Train\\Disc_Masks\\._A0051.bmp'
._A0052.bmp,cannot identify image file 'D:\\OIO+\\DATASET_RETINA\\01.Originais\\AMD (Degeneração Macular Relacionada à Idade)\\ADAM\\__MACOSX\\ADAM\\Train\\Disc_Masks\\._A0052.bmp'
._A0053.bmp,cannot identify image file 'D:\\OIO+\\DATASET_RETINA\\01.Originais\\AMD (Degeneração Macular Relacionada à Idade)\\ADAM\\__MACOSX\\ADAM\\Train\\Disc_Masks\\._A0053.bmp'
._A0054.bmp,cannot identify image file 'D:\\OIO+\\DATASET_RETINA\\01.Originais\\AMD (Degeneração Macular Relacionada à Idade)\\ADAM\\__MACOSX\\ADAM\\Train\\Disc_Masks\\._A0054.bmp'
._A0055.bmp,cannot identify image file 'D:\\OIO+\\DATASET_RETINA\\01.Originais\\AMD (Degeneração Macular Relacionada à Idade)\\ADAM\\__MACOSX\\ADAM\\Train\\Disc_Masks\\._A0055.bmp'
._A0056.bmp,cannot identify image file 'D:\\OIO+\\DATASET_RETINA\\01.Originais\\AMD (Degeneração Macular Relacionada à Idade)\\ADAM\\__MACOSX\\ADAM\\Train\\Disc_Masks\\._A0056.bmp'
._A0057.bmp,cannot identify image file 'D:\\OIO+\\DATASET_RETINA\\01.Originais\\AMD (Degeneração Macular Relacionada à Idade)\\ADAM\\__MACOSX\\ADAM\\Train\\Disc_Masks\\._A0057.bmp'
._A0058.bmp,cannot identify image file 'D:\\OIO+\\DATASET_RETINA\\01.Originais\\AMD (Degeneração Macular Relacionada à Idade)\\ADAM\\__MACOSX\\ADAM\\Train\\Disc_Masks\\._A0058.bmp'
._A0059.bmp,cannot identify image file 'D:\\OIO+\\DATASET_RETINA\\01.Originais\\AMD (Degeneração Macular Relacionada à Idade)\\ADAM\\__MACOSX\\ADAM\\Train\\Disc_Masks\\._A0059.bmp'
._A0060.bmp,cannot identify image file 'D:\\OIO+\\DATASET_RETINA\\01.Originais\\AMD (Degeneração Macular Relacionada à Idade)\\ADAM\\__MACOSX\\ADAM\\Train\\Disc_Masks\\._A0060.bmp'
._A0061.bmp,cannot identify image file 'D:\\OIO+\\DATASET_RETINA\\01.Originais\\AMD (Degeneração Macular Relacionada à Idade)\\ADAM\\__MACOSX\\ADAM\\Train\\Disc_Masks\\._A0061.bmp'
._A0062.bmp,cannot identify image file 'D:\\OIO+\\DATASET_RETINA\\01.Originais\\AMD (Degeneração Macular Relacionada à Idade)\\ADAM\\__MACOSX\\ADAM\\Train\\Disc_Masks\\._A0062.bmp'
._A0063.bmp,cannot identify image file 'D:\\OIO+\\DATASET_RETINA\\01.Originais\\AMD (Degeneração Macular Relacionada à Idade)\\ADAM\\__MACOSX\\ADAM\\Train\\Disc_Masks\\._A0063.bmp'
._A0064.bmp,cannot identify image file 'D:\\OIO+\\DATASET_RETINA\\01.Originais\\AMD (Degeneração Macular Relacionada à Idade)\\ADAM\\__MACOSX\\ADAM\\Train\\Disc_Masks\\._A0064.bmp'
._A0065.bmp,cannot identify image file 'D:\\OIO+\\DATASET_RETINA\\01.Originais\\AMD (Degeneração Macular Relacionada à Idade)\\ADAM\\__MACOSX\\ADAM\\Train\\Disc_Masks\\._A0065.bmp'
._A0066.bmp,cannot identify image file 'D:\\OIO+\\DATASET_RETINA\\01.Originais\\AMD (Degeneração Macular Relacionada à Idade)\\ADAM\\__MACOSX\\ADAM\\Train\\Disc_Masks\\._A0066.bmp'
._A0067.bmp,cannot identify image file 'D:\\OIO+\\DATASET_RETINA\\01.Originais\\AMD (Degeneração Macular Relacionada à Idade)\\ADAM\\__MACOSX\\ADAM\\Train\\Disc_Masks\\._A0067.bmp'
._A0068.bmp,cannot identify image file 'D:\\OIO+\\DATASET_RETINA\\01.Originais\\AMD (Degeneração Macular Relacionada à Idade)\\ADAM\\__MACOSX\\ADAM\\Train\\Disc_Masks\\._A0068.bmp'
._A0069.bmp,cannot identify image file 'D:\\OIO+\\DATASET_RETINA\\01.Originais\\AMD (Degeneração Macular Relacionada à Idade)\\ADAM\\__MACOSX\\ADAM\\Train\\Disc_Masks\\._A0069.bmp'
._A0070.bmp,cannot identify image file 'D:\\OIO+\\DATASET_RETINA\\01.Originais\\AMD (Degeneração Macular Relacionada à Idade)\\ADAM\\__MACOSX\\ADAM\\Train\\Disc_Masks\\._A0070.bmp'
._A0071.bmp,cannot identify image file 'D:\\OIO+\\DATASET_RETINA\\01.Originais\\AMD (Degeneração Macular Relacionada à Idade)\\ADAM\\__MACOSX\\ADAM\\Train\\Disc_Masks\\._A0071.bmp'
._A0072.bmp,cannot identify image file 'D:\\OIO+\\DATASET_RETINA\\01.Originais\\AMD (Degeneração Macular Relacionada à Idade)\\ADAM\\__MACOSX\\ADAM\\Train\\Disc_Masks\\._A0072.bmp'
._A0073.bmp,cannot identify image file 'D:\\OIO+\\DATASET_RETINA\\01.Originais\\AMD (Degeneração Macular Relacionada à Idade)\\ADAM\\__MACOSX\\ADAM\\Train\\Disc_Masks\\._A0073.bmp'
._A0074.bmp,cannot identify image file 'D:\\OIO+\\DATASET_RETINA\\01.Originais\\AMD (Degeneração Macular Relacionada à Idade)\\ADAM\\__MACOSX\\ADAM\\Train\\Disc_Masks\\._A0074.bmp'
._A0075.bmp,cannot identify image file 'D:\\OIO+\\DATASET_RETINA\\01.Originais\\AMD (Degeneração Macular Relacionada à Idade)\\ADAM\\__MACOSX\\ADAM\\Train\\Disc_Masks\\._A0075.bmp'
._A0076.bmp,cannot identify image file 'D:\\OIO+\\DATASET_RETINA\\01.Originais\\AMD (Degeneração Macular Relacionada à Idade)\\ADAM\\__MACOSX\\ADAM\\Train\\Disc_Masks\\._A0076.bmp'
._A0077.bmp,cannot identify image file 'D:\\OIO+\\DATASET_RETINA\\01.Originais\\AMD (Degeneração Macular Relacionada à Idade)\\ADAM\\__MACOSX\\ADAM\\Train\\Disc_Masks\\._A0077.bmp'
._A0078.bmp,cannot identify image file 'D:\\OIO+\\DATASET_RETINA\\01.Originais\\AMD (Degeneração Macular Relacionada à Idade)\\ADAM\\__MACOSX\\ADAM\\Train\\Disc_Masks\\._A0078.bmp'
._A0079.bmp,cannot identify image file 'D:\\OIO+\\DATASET_RETINA\\01.Originais\\AMD (Degeneração Macular Relacionada à Idade)\\ADAM\\__MACOSX\\ADAM\\Train\\Disc_Masks\\._A0079.bmp'
._A0080.bmp,cannot identify image file 'D:\\OIO+\\DATASET_RETINA\\01.Originais\\AMD (Degeneração Macular Relacionada à Idade)\\ADAM\\__MACOSX\\ADAM\\Train\\Disc_Masks\\._A0080.bmp'
._A0081.bmp,cannot identify image file 'D:\\OIO+\\DATASET_RETINA\\01.Originais\\AMD (Degeneração Macular Relacionada à Idade)\\ADAM\\__MACOSX\\ADAM\\Train\\Disc_Masks\\._A0081.bmp'
._A0082.bmp,cannot identify image file 'D:\\OIO+\\DATASET_RETINA\\01.Originais\\AMD (Degeneração Macular Relacionada à Idade)\\ADAM\\__MACOSX\\ADAM\\Train\\Disc_Masks\\._A0082.bmp'
._A0083.bmp,cannot identify image file 'D:\\OIO+\\DATASET_RETINA\\01.Originais\\AMD (Degeneração Macular Relacionada à Idade)\\ADAM\\__MACOSX\\ADAM\\Train\\Disc_Masks\\._A0083.bmp'
._A0084.bmp,cannot identify image file 'D:\\OIO+\\DATASET_RETINA\\01.Originais\\AMD (Degeneração Macular Relacionada à Idade)\\ADAM\\__MACOSX\\ADAM\\Train\\Disc_Masks\\._A0084.bmp'
._A0085.bmp,cannot identify image file 'D:\\OIO+\\DATASET_RETINA\\01.Originais\\AMD (Degeneração Macular Relacionada à Idade)\\ADAM\\__MACOSX\\ADAM\\Train\\Disc_Masks\\._A0085.bmp'
._A0086.bmp,cannot identify image file 'D:\\OIO+\\DATASET_RETINA\\01.Originais\\AMD (Degeneração Macular Relacionada à Idade)\\ADAM\\__MACOSX\\ADAM\\Train\\Disc_Masks\\._A0086.bmp'
._A0087.bmp,cannot identify image file 'D:\\OIO+\\DATASET_RETINA\\01.Originais\\AMD (Degeneração Macular Relacionada à Idade)\\ADAM\\__MACOSX\\ADAM\\Train\\Disc_Masks\\._A0087.bmp'
._A0088.bmp,cannot identify image file 'D:\\OIO+\\DATASET_RETINA\\01.Originais\\AMD (Degeneração Macular Relacionada à Idade)\\ADAM\\__MACOSX\\ADAM\\Train\\Disc_Masks\\._A0088.bmp'
._A0089.bmp,cannot identify image file 'D:\\OIO+\\DATASET_RETINA\\01.Originais\\AMD (Degeneração Macular Relacionada à Idade)\\ADAM\\__MACOSX\\ADAM\\Train\\Disc_Masks\\._A0089.bmp'
._N0001.bmp,cannot identify image file 'D:\\OIO+\\DATASET_RETINA\\01.Originais\\AMD (Degeneração Macular Relacionada à Idade)\\ADAM\\__MACOSX\\ADAM\\Train\\Disc_Masks\\._N0001.bmp'
._N0002.bmp,cannot identify image file 'D:\\OIO+\\DATASET_RETINA\\01.Originais\\AMD (Degeneração Macular Relacionada à Idade)\\ADAM\\__MACOSX\\ADAM\\Train\\Disc_Masks\\._N0002.bmp'
._N0003.bmp,cannot identify image file 'D:\\OIO+\\DATASET_RETINA\\01.Originais\\AMD (Degeneração Macular Relacionada à Idade)\\ADAM\\__MACOSX\\ADAM\\Train\\Disc_Masks\\._N0003.bmp'
._N0004.bmp,cannot identify image file 'D:\\OIO+\\DATASET_RETINA\\01.Originais\\AMD (Degeneração Macular Relacionada à Idade)\\ADAM\\__MACOSX\\ADAM\\Train\\Disc_Masks\\._N0004.bmp'
._N0005.bmp,cannot identify image file 'D:\\OIO+\\DATASET_RETINA\\01.Originais\\AMD (Degeneração Macular Relacionada à Idade)\\ADAM\\__MACOSX\\ADAM\\Train\\Disc_Masks\\._N0005.bmp'
._N0006.bmp,cannot identify image file 'D:\\OIO+\\DATASET_RETINA\\01.Originais\\AMD (Degeneração Macular Relacionada à Idade)\\ADAM\\__MACOSX\\ADAM\\Train\\Disc_Masks\\._N0006.bmp'
._N0007.bmp,cannot identify image file 'D:\\OIO+\\DATASET_RETINA\\01.Originais\\AMD (Degeneração Macular Relacionada à Idade)\\ADAM\\__MACOSX\\ADAM\\Train\\Disc_Masks\\._N0007.bmp'
._N0008.bmp,cannot identify image file 'D:\\OIO+\\DATASET_RETINA\\01.Originais\\AMD (Degeneração Macular Relacionada à Idade)\\ADAM\\__MACOSX\\ADAM\\Train\\Disc_Masks\\._N0008.bmp'
._N0009.bmp,cannot identify image file 'D:\\OIO+\\DATASET_RETINA\\01.Originais\\AMD (Degeneração Macular Relacionada à Idade)\\ADAM\\__MACOSX\\ADAM\\Train\\Disc_Masks\\._N0009.bmp'
._N0010.bmp,cannot identify image file 'D:\\OIO+\\DATASET_RETINA\\01.Originais\\AMD (Degeneração Macular Relacionada à Idade)\\ADAM\\__MACOSX\\ADAM\\Train\\Disc_Masks\\._N0010.bmp'
._N0011.bmp,cannot identify image file 'D:\\OIO+\\DATASET_RETINA\\01.Originais\\AMD (Degeneração Macular Relacionada à Idade)\\ADAM\\__MACOSX\\ADAM\\Train\\Disc_Masks\\._N0011.bmp'
._N0012.bmp,cannot identify image file 'D:\\OIO+\\DATASET_RETINA\\01.Originais\\AMD (Degeneração Macular Relacionada à Idade)\\ADAM\\__MACOSX\\ADAM\\Train\\Disc_Masks\\._N0012.bmp'
._N0013.bmp,cannot identify image file 'D:\\OIO+\\DATASET_RETINA\\01.Originais\\AMD (Degeneração Macular Relacionada à Idade)\\ADAM\\__MACOSX\\ADAM\\Train\\Disc_Masks\\._N0013.bmp'
._N0014.bmp,cannot identify image file 'D:\\OIO+\\DATASET_RETINA\\01.Originais\\AMD (Degeneração Macular Relacionada à Idade)\\ADAM\\__MACOSX\\ADAM\\Train\\Disc_Masks\\._N0014.bmp'
._N0015.bmp,cannot identify image file 'D:\\OIO+\\DATASET_RETINA\\01.Originais\\AMD (Degeneração Macular Relacionada à Idade)\\ADAM\\__MACOSX\\ADAM\\Train\\Disc_Masks\\._N0015.bmp'
._N0016.bmp,cannot identify image file 'D:\\OIO+\\DATASET_RETINA\\01.Originais\\AMD (Degeneração Macular Relacionada à Idade)\\ADAM\\__MACOSX\\ADAM\\Train\\Disc_Masks\\._N0016.bmp'
._N0017.bmp,cannot identify image file 'D:\\OIO+\\DATASET_RETINA\\01.Originais\\AMD (Degeneração Macular Relacionada à Idade)\\ADAM\\__MACOSX\\ADAM\\Train\\Disc_Masks\\._N0017.bmp'
._N0018.bmp,cannot identify image file 'D:\\OIO+\\DATASET_RETINA\\01.Originais\\AMD (Degeneração Macular Relacionada à Idade)\\ADAM\\__MACOSX\\ADAM\\Train\\Disc_Masks\\._N0018.bmp'
._N0019.bmp,cannot identify image file 'D:\\OIO+\\DATASET_RETINA\\01.Originais\\AMD (Degeneração Macular Relacionada à Idade)\\ADAM\\__MACOSX\\ADAM\\Train\\Disc_Masks\\._N0019.bmp'
._N0020.bmp,cannot identify image file 'D:\\OIO+\\DATASET_RETINA\\01.Originais\\AMD (Degeneração Macular Relacionada à Idade)\\ADAM\\__MACOSX\\ADAM\\Train\\Disc_Masks\\._N0020.bmp'
._N0021.bmp,cannot identify image file 'D:\\OIO+\\DATASET_RETINA\\01.Originais\\AMD (Degeneração Macular Relacionada à Idade)\\ADAM\\__MACOSX\\ADAM\\Train\\Disc_Masks\\._N0021.bmp'
._N0022.bmp,cannot identify image file 'D:\\OIO+\\DATASET_RETINA\\01.Originais\\AMD (Degeneração Macular Relacionada à Idade)\\ADAM\\__MACOSX\\ADAM\\Train\\Disc_Masks\\._N0022.bmp'
._N0023.bmp,cannot identify image file 'D:\\OIO+\\DATASET_RETINA\\01.Originais\\AMD (Degeneração Macular Relacionada à Idade)\\ADAM\\__MACOSX\\ADAM\\Train\\Disc_Masks\\._N0023.bmp'
._N0024.bmp,cannot identify image file 'D:\\OIO+\\DATASET_RETINA\\01.Originais\\AMD (Degeneração Macular Relacionada à Idade)\\ADAM\\__MACOSX\\ADAM\\Train\\Disc_Masks\\._N0024.bmp'
._N0025.bmp,cannot identify image file 'D:\\OIO+\\DATASET_RETINA\\01.Originais\\AMD (Degeneração Macular Relacionada à Idade)\\ADAM\\__MACOSX\\ADAM\\Train\\Disc_Masks\\._N0025.bmp'
._N0026.bmp,cannot identify image file 'D:\\OIO+\\DATASET_RETINA\\01.Originais\\AMD (Degeneração Macular Relacionada à Idade)\\ADAM\\__MACOSX\\ADAM\\Train\\Disc_Masks\\._N0026.bmp'
._N0027.bmp,cannot identify image file 'D:\\OIO+\\DATASET_RETINA\\01.Originais\\AMD (Degeneração Macular Relacionada à Idade)\\ADAM\\__MACOSX\\ADAM\\Train\\Disc_Masks\\._N0027.bmp'
._N0028.bmp,cannot identify image file 'D:\\OIO+\\DATASET_RETINA\\01.Originais\\AMD (Degeneração Macular Relacionada à Idade)\\ADAM\\__MACOSX\\ADAM\\Train\\Disc_Masks\\._N0028.bmp'
._N0029.bmp,cannot identify image file 'D:\\OIO+\\DATASET_RETINA\\01.Originais\\AMD (Degeneração Macular Relacionada à Idade)\\ADAM\\__MACOSX\\ADAM\\Train\\Disc_Masks\\._N0029.bmp'
._N0030.bmp,cannot identify image file 'D:\\OIO+\\DATASET_RETINA\\01.Originais\\AMD (Degeneração Macular Relacionada à Idade)\\ADAM\\__MACOSX\\ADAM\\Train\\Disc_Masks\\._N0030.bmp'
._N0031.bmp,cannot identify image file 'D:\\OIO+\\DATASET_RETINA\\01.Originais\\AMD (Degeneração Macular Relacionada à Idade)\\ADAM\\__MACOSX\\ADAM\\Train\\Disc_Masks\\._N0031.bmp'
._N0032.bmp,cannot identify image file 'D:\\OIO+\\DATASET_RETINA\\01.Originais\\AMD (Degeneração Macular Relacionada à Idade)\\ADAM\\__MACOSX\\ADAM\\Train\\Disc_Masks\\._N0032.bmp'
._N0033.bmp,cannot identify image file 'D:\\OIO+\\DATASET_RETINA\\01.Originais\\AMD (Degeneração Macular Relacionada à Idade)\\ADAM\\__MACOSX\\ADAM\\Train\\Disc_Masks\\._N0033.bmp'
._N0034.bmp,cannot identify image file 'D:\\OIO+\\DATASET_RETINA\\01.Originais\\AMD (Degeneração Macular Relacionada à Idade)\\ADAM\\__MACOSX\\ADAM\\Train\\Disc_Masks\\._N0034.bmp'
._N0035.bmp,cannot identify image file 'D:\\OIO+\\DATASET_RETINA\\01.Originais\\AMD (Degeneração Macular Relacionada à Idade)\\ADAM\\__MACOSX\\ADAM\\Train\\Disc_Masks\\._N0035.bmp'
._N0036.bmp,cannot identify image file 'D:\\OIO+\\DATASET_RETINA\\01.Originais\\AMD (Degeneração Macular Relacionada à Idade)\\ADAM\\__MACOSX\\ADAM\\Train\\Disc_Masks\\._N0036.bmp'
._N0037.bmp,cannot identify image file 'D:\\OIO+\\DATASET_RETINA\\01.Originais\\AMD (Degeneração Macular Relacionada à Idade)\\ADAM\\__MACOSX\\ADAM\\Train\\Disc_Masks\\._N0037.bmp'
._N0038.bmp,cannot identify image file 'D:\\OIO+\\DATASET_RETINA\\01.Originais\\AMD (Degeneração Macular Relacionada à Idade)\\ADAM\\__MACOSX\\ADAM\\Train\\Disc_Masks\\._N0038.bmp'
._N0039.bmp,cannot identify image file 'D:\\OIO+\\DATASET_RETINA\\01.Originais\\AMD (Degeneração Macular Relacionada à Idade)\\ADAM\\__MACOSX\\ADAM\\Train\\Disc_Masks\\._N0039.bmp'
._N0040.bmp,cannot identify image file 'D:\\OIO+\\DATASET_RETINA\\01.Originais\\AMD (Degeneração Macular Relacionada à Idade)\\ADAM\\__MACOSX\\ADAM\\Train\\Disc_Masks\\._N0040.bmp'
._N0041.bmp,cannot identify image file 'D:\\OIO+\\DATASET_RETINA\\01.Originais\\AMD (Degeneração Macular Relacionada à Idade)\\ADAM\\__MACOSX\\ADAM\\Train\\Disc_Masks\\._N0041.bmp'
._N0042.bmp,cannot identify image file 'D:\\OIO+\\DATASET_RETINA\\01.Originais\\AMD (Degeneração Macular Relacionada à Idade)\\ADAM\\__MACOSX\\ADAM\\Train\\Disc_Masks\\._N0042.bmp'
._N0043.bmp,cannot identify image file 'D:\\OIO+\\DATASET_RETINA\\01.Originais\\AMD (Degeneração Macular Relacionada à Idade)\\ADAM\\__MACOSX\\ADAM\\Train\\Disc_Masks\\._N0043.bmp'
._N0044.bmp,cannot identify image file 'D:\\OIO+\\DATASET_RETINA\\01.Originais\\AMD (Degeneração Macular Relacionada à Idade)\\ADAM\\__MACOSX\\ADAM\\Train\\Disc_Masks\\._N0044.bmp'
._N0045.bmp,cannot identify image file 'D:\\OIO+\\DATASET_RETINA\\01.Originais\\AMD (Degeneração Macular Relacionada à Idade)\\ADAM\\__MACOSX\\ADAM\\Train\\Disc_Masks\\._N0045.bmp'
._N0046.bmp,cannot identify image file 'D:\\OIO+\\DATASET_RETINA\\01.Originais\\AMD (Degeneração Macular Relacionada à Idade)\\ADAM\\__MACOSX\\ADAM\\Train\\Disc_Masks\\._N0046.bmp'
._N0047.bmp,cannot identify image file 'D:\\OIO+\\DATASET_RETINA\\01.Originais\\AMD (Degeneração Macular Relacionada à Idade)\\ADAM\\__MACOSX\\ADAM\\Train\\Disc_Masks\\._N0047.bmp'
._N0048.bmp,cannot identify image file 'D:\\OIO+\\DATASET_RETINA\\01.Originais\\AMD (Degeneração Macular Relacionada à Idade)\\ADAM\\__MACOSX\\ADAM\\Train\\Disc_Masks\\._N0048.bmp'
._N0049.bmp,cannot identify image file 'D:\\OIO+\\DATASET_RETINA\\01.Originais\\AMD (Degeneração Macular Relacionada à Idade)\\ADAM\\__MACOSX\\ADAM\\Train\\Disc_Masks\\._N0049.bmp'
._N0050.bmp,cannot identify image file 'D:\\OIO+\\DATASET_RETINA\\01.Originais\\AMD (Degeneração Macular Relacionada à Idade)\\ADAM\\__MACOSX\\ADAM\\Train\\Disc_Masks\\._N0050.bmp'
._N0051.bmp,cannot identify image file 'D:\\OIO+\\DATASET_RETINA\\01.Originais\\AMD (Degeneração Macular Relacionada à Idade)\\ADAM\\__MACOSX\\ADAM\\Train\\Disc_Masks\\._N0051.bmp'
._N0052.bmp,cannot identify image file 'D:\\OIO+\\DATASET_RETINA\\01.Originais\\AMD (Degeneração Macular Relacionada à Idade)\\ADAM\\__MACOSX\\ADAM\\Train\\Disc_Masks\\._N0052.bmp'
._N0053.bmp,cannot identify image file 'D:\\OIO+\\DATASET_RETINA\\01.Originais\\AMD (Degeneração Macular Relacionada à Idade)\\ADAM\\__MACOSX\\ADAM\\Train\\Disc_Masks\\._N0053.bmp'
._N0054.bmp,cannot identify image file 'D:\\OIO+\\DATASET_RETINA\\01.Originais\\AMD (Degeneração Macular Relacionada à Idade)\\ADAM\\__MACOSX\\ADAM\\Train\\Disc_Masks\\._N0054.bmp'
._N0055.bmp,cannot identify image file 'D:\\OIO+\\DATASET_RETINA\\01.Originais\\AMD (Degeneração Macular Relacionada à Idade)\\ADAM\\__MACOSX\\ADAM\\Train\\Disc_Masks\\._N0055.bmp'
._N0056.bmp,cannot identify image file 'D:\\OIO+\\DATASET_RETINA\\01.Originais\\AMD (Degeneração Macular Relacionada à Idade)\\ADAM\\__MACOSX\\ADAM\\Train\\Disc_Masks\\._N0056.bmp'
._N0057.bmp,cannot identify image file 'D:\\OIO+\\DATASET_RETINA\\01.Originais\\AMD (Degeneração Macular Relacionada à Idade)\\ADAM\\__MACOSX\\ADAM\\Train\\Disc_Masks\\._N0057.bmp'
._N0058.bmp,cannot identify image file 'D:\\OIO+\\DATASET_RETINA\\01.Originais\\AMD (Degeneração Macular Relacionada à Idade)\\ADAM\\__MACOSX\\ADAM\\Train\\Disc_Masks\\._N0058.bmp'
._N0059.bmp,cannot identify image file 'D:\\OIO+\\DATASET_RETINA\\01.Originais\\AMD (Degeneração Macular Relacionada à Idade)\\ADAM\\__MACOSX\\ADAM\\Train\\Disc_Masks\\._N0059.bmp'
._N0060.bmp,cannot identify image file 'D:\\OIO+\\DATASET_RETINA\\01.Originais\\AMD (Degeneração Macular Relacionada à Idade)\\ADAM\\__MACOSX\\ADAM\\Train\\Disc_Masks\\._N0060.bmp'
._N0061.bmp,cannot identify image file 'D:\\OIO+\\DATASET_RETINA\\01.Originais\\AMD (Degeneração Macular Relacionada à Idade)\\ADAM\\__MACOSX\\ADAM\\Train\\Disc_Masks\\._N0061.bmp'
._N0062.bmp,cannot identify image file 'D:\\OIO+\\DATASET_RETINA\\01.Originais\\AMD (Degeneração Macular Relacionada à Idade)\\ADAM\\__MACOSX\\ADAM\\Train\\Disc_Masks\\._N0062.bmp'
._N0063.bmp,cannot identify image file 'D:\\OIO+\\DATASET_RETINA\\01.Originais\\AMD (Degeneração Macular Relacionada à Idade)\\ADAM\\__MACOSX\\ADAM\\Train\\Disc_Masks\\._N0063.bmp'
._N0064.bmp,cannot identify image file 'D:\\OIO+\\DATASET_RETINA\\01.Originais\\AMD (Degeneração Macular Relacionada à Idade)\\ADAM\\__MACOSX\\ADAM\\Train\\Disc_Masks\\._N0064.bmp'
._N0065.bmp,cannot identify image file 'D:\\OIO+\\DATASET_RETINA\\01.Originais\\AMD (Degeneração Macular Relacionada à Idade)\\ADAM\\__MACOSX\\ADAM\\Train\\Disc_Masks\\._N0065.bmp'
._N0066.bmp,cannot identify image file 'D:\\OIO+\\DATASET_RETINA\\01.Originais\\AMD (Degeneração Macular Relacionada à Idade)\\ADAM\\__MACOSX\\ADAM\\Train\\Disc_Masks\\._N0066.bmp'
._N0067.bmp,cannot identify image file 'D:\\OIO+\\DATASET_RETINA\\01.Originais\\AMD (Degeneração Macular Relacionada à Idade)\\ADAM\\__MACOSX\\ADAM\\Train\\Disc_Masks\\._N0067.bmp'
._N0068.bmp,cannot identify image file 'D:\\OIO+\\DATASET_RETINA\\01.Originais\\AMD (Degeneração Macular Relacionada à Idade)\\ADAM\\__MACOSX\\ADAM\\Train\\Disc_Masks\\._N0068.bmp'
._N0069.bmp,cannot identify image file 'D:\\OIO+\\DATASET_RETINA\\01.Originais\\AMD (Degeneração Macular Relacionada à Idade)\\ADAM\\__MACOSX\\ADAM\\Train\\Disc_Masks\\._N0069.bmp'
._N0070.bmp,cannot identify image file 'D:\\OIO+\\DATASET_RETINA\\01.Originais\\AMD (Degeneração Macular Relacionada à Idade)\\ADAM\\__MACOSX\\ADAM\\Train\\Disc_Masks\\._N0070.bmp'
._N0071.bmp,cannot identify image file 'D:\\OIO+\\DATASET_RETINA\\01.Originais\\AMD (Degeneração Macular Relacionada à Idade)\\ADAM\\__MACOSX\\ADAM\\Train\\Disc_Masks\\._N0071.bmp'
._N0072.bmp,cannot identify image file 'D:\\OIO+\\DATASET_RETINA\\01.Originais\\AMD (Degeneração Macular Relacionada à Idade)\\ADAM\\__MACOSX\\ADAM\\Train\\Disc_Masks\\._N0072.bmp'
._N0073.bmp,cannot identify image file 'D:\\OIO+\\DATASET_RETINA\\01.Originais\\AMD (Degeneração Macular Relacionada à Idade)\\ADAM\\__MACOSX\\ADAM\\Train\\Disc_Masks\\._N0073.bmp'
._N0074.bmp,cannot identify image file 'D:\\OIO+\\DATASET_RETINA\\01.Originais\\AMD (Degeneração Macular Relacionada à Idade)\\ADAM\\__MACOSX\\ADAM\\Train\\Disc_Masks\\._N0074.bmp'
._N0075.bmp,cannot identify image file 'D:\\OIO+\\DATASET_RETINA\\01.Originais\\AMD (Degeneração Macular Relacionada à Idade)\\ADAM\\__MACOSX\\ADAM\\Train\\Disc_Masks\\._N0075.bmp'
._N0076.bmp,cannot identify image file 'D:\\OIO+\\DATASET_RETINA\\01.Originais\\AMD (Degeneração Macular Relacionada à Idade)\\ADAM\\__MACOSX\\ADAM\\Train\\Disc_Masks\\._N0076.bmp'
._N0077.bmp,cannot identify image file 'D:\\OIO+\\DATASET_RETINA\\01.Originais\\AMD (Degeneração Macular Relacionada à Idade)\\ADAM\\__MACOSX\\ADAM\\Train\\Disc_Masks\\._N0077.bmp'
._N0078.bmp,cannot identify image file 'D:\\OIO+\\DATASET_RETINA\\01.Originais\\AMD (Degeneração Macular Relacionada à Idade)\\ADAM\\__MACOSX\\ADAM\\Train\\Disc_Masks\\._N0078.bmp'
._N0079.bmp,cannot identify image file 'D:\\OIO+\\DATASET_RETINA\\01.Originais\\AMD (Degeneração Macular Relacionada à Idade)\\ADAM\\__MACOSX\\ADAM\\Train\\Disc_Masks\\._N0079.bmp'
._N0080.bmp,cannot identify image file 'D:\\OIO+\\DATASET_RETINA\\01.Originais\\AMD (Degeneração Macular Relacionada à Idade)\\ADAM\\__MACOSX\\ADAM\\Train\\Disc_Masks\\._N0080.bmp'
._N0081.bmp,cannot identify image file 'D:\\OIO+\\DATASET_RETINA\\01.Originais\\AMD (Degeneração Macular Relacionada à Idade)\\ADAM\\__MACOSX\\ADAM\\Train\\Disc_Masks\\._N0081.bmp'
._N0082.bmp,cannot identify image file 'D:\\OIO+\\DATASET_RETINA\\01.Originais\\AMD (Degeneração Macular Relacionada à Idade)\\ADAM\\__MACOSX\\ADAM\\Train\\Disc_Masks\\._N0082.bmp'
._N0083.bmp,cannot identify image file 'D:\\OIO+\\DATASET_RETINA\\01.Originais\\AMD (Degeneração Macular Relacionada à Idade)\\ADAM\\__MACOSX\\ADAM\\Train\\Disc_Masks\\._N0083.bmp'
._N0084.bmp,cannot identify image file 'D:\\OIO+\\DATASET_RETINA\\01.Originais\\AMD (Degeneração Macular Relacionada à Idade)\\ADAM\\__MACOSX\\ADAM\\Train\\Disc_Masks\\._N0084.bmp'
._N0085.bmp,cannot identify image file 'D:\\OIO+\\DATASET_RETINA\\01.Originais\\AMD (Degeneração Macular Relacionada à Idade)\\ADAM\\__MACOSX\\ADAM\\Train\\Disc_Masks\\._N0085.bmp'
._N0086.bmp,cannot identify image file 'D:\\OIO+\\DATASET_RETINA\\01.Originais\\AMD (Degeneração Macular Relacionada à Idade)\\ADAM\\__MACOSX\\ADAM\\Train\\Disc_Masks\\._N0086.bmp'
._N0087.bmp,cannot identify image file 'D:\\OIO+\\DATASET_RETINA\\01.Originais\\AMD (Degeneração Macular Relacionada à Idade)\\ADAM\\__MACOSX\\ADAM\\Train\\Disc_Masks\\._N0087.bmp'
._N0088.bmp,cannot identify image file 'D:\\OIO+\\DATASET_RETINA\\01.Originais\\AMD (Degeneração Macular Relacionada à Idade)\\ADAM\\__MACOSX\\ADAM\\Train\\Disc_Masks\\._N0088.bmp'
._N0089.bmp,cannot identify image file 'D:\\OIO+\\DATASET_RETINA\\01.Originais\\AMD (Degeneração Macular Relacionada à Idade)\\ADAM\\__MACOSX\\ADAM\\Train\\Disc_Masks\\._N0089.bmp'
._N0090.bmp,cannot identify image file 'D:\\OIO+\\DATASET_RETINA\\01.Originais\\AMD (Degeneração Macular Relacionada à Idade)\\ADAM\\__MACOSX\\ADAM\\Train\\Disc_Masks\\._N0090.bmp'
._N0091.bmp,cannot identify image file 'D:\\OIO+\\DATASET_RETINA\\01.Originais\\AMD (Degeneração Macular Relacionada à Idade)\\ADAM\\__MACOSX\\ADAM\\Train\\Disc_Masks\\._N0091.bmp'
._N0092.bmp,cannot identify image file 'D:\\OIO+\\DATASET_RETINA\\01.Originais\\AMD (Degeneração Macular Relacionada à Idade)\\ADAM\\__MACOSX\\ADAM\\Train\\Disc_Masks\\._N0092.bmp'
._N0093.bmp,cannot identify image file 'D:\\OIO+\\DATASET_RETINA\\01.Originais\\AMD (Degeneração Macular Relacionada à Idade)\\ADAM\\__MACOSX\\ADAM\\Train\\Disc_Masks\\._N0093.bmp'
._N0094.bmp,cannot identify image file 'D:\\OIO+\\DATASET_RETINA\\01.Originais\\AMD (Degeneração Macular Relacionada à Idade)\\ADAM\\__MACOSX\\ADAM\\Train\\Disc_Masks\\._N0094.bmp'
._N0095.bmp,cannot identify image file 'D:\\OIO+\\DATASET_RETINA\\01.Originais\\AMD (Degeneração Macular Relacionada à Idade)\\ADAM\\__MACOSX\\ADAM\\Train\\Disc_Masks\\._N0095.bmp'
._N0096.bmp,cannot identify image file 'D:\\OIO+\\DATASET_RETINA\\01.Originais\\AMD (Degeneração Macular Relacionada à Idade)\\ADAM\\__MACOSX\\ADAM\\Train\\Disc_Masks\\._N0096.bmp'
._N0097.bmp,cannot identify image file 'D:\\OIO+\\DATASET_RETINA\\01.Originais\\AMD (Degeneração Macular Relacionada à Idade)\\ADAM\\__MACOSX\\ADAM\\Train\\Disc_Masks\\._N0097.bmp'
._N0098.bmp,cannot identify image file 'D:\\OIO+\\DATASET_RETINA\\01.Originais\\AMD (Degeneração Macular Relacionada à Idade)\\ADAM\\__MACOSX\\ADAM\\Train\\Disc_Masks\\._N0098.bmp'
._N0099.bmp,cannot identify image file 'D:\\OIO+\\DATASET_RETINA\\01.Originais\\AMD (Degeneração Macular Relacionada à Idade)\\ADAM\\__MACOSX\\ADAM\\Train\\Disc_Masks\\._N0099.bmp'
._N0100.bmp,cannot identify image file 'D:\\OIO+\\DATASET_RETINA\\01.Originais\\AMD (Degeneração Macular Relacionada à Idade)\\ADAM\\__MACOSX\\ADAM\\Train\\Disc_Masks\\._N0100.bmp'
._N0101.bmp,cannot identify image file 'D:\\OIO+\\DATASET_RETINA\\01.Originais\\AMD (Degeneração Macular Relacionada à Idade)\\ADAM\\__MACOSX\\ADAM\\Train\\Disc_Masks\\._N0101.bmp'
._N0102.bmp,cannot identify image file 'D:\\OIO+\\DATASET_RETINA\\01.Originais\\AMD (Degeneração Macular Relacionada à Idade)\\ADAM\\__MACOSX\\ADAM\\Train\\Disc_Masks\\._N0102.bmp'
._N0103.bmp,cannot identify image file 'D:\\OIO+\\DATASET_RETINA\\01.Originais\\AMD (Degeneração Macular Relacionada à Idade)\\ADAM\\__MACOSX\\ADAM\\Train\\Disc_Masks\\._N0103.bmp'
._N0104.bmp,cannot identify image file 'D:\\OIO+\\DATASET_RETINA\\01.Originais\\AMD (Degeneração Macular Relacionada à Idade)\\ADAM\\__MACOSX\\ADAM\\Train\\Disc_Masks\\._N0104.bmp'
._N0105.bmp,cannot identify image file 'D:\\OIO+\\DATASET_RETINA\\01.Originais\\AMD (Degeneração Macular Relacionada à Idade)\\ADAM\\__MACOSX\\ADAM\\Train\\Disc_Masks\\._N0105.bmp'
._N0106.bmp,cannot identify image file 'D:\\OIO+\\DATASET_RETINA\\01.Originais\\AMD (Degeneração Macular Relacionada à Idade)\\ADAM\\__MACOSX\\ADAM\\Train\\Disc_Masks\\._N0106.bmp'
._N0107.bmp,cannot identify image file 'D:\\OIO+\\DATASET_RETINA\\01.Originais\\AMD (Degeneração Macular Relacionada à Idade)\\ADAM\\__MACOSX\\ADAM\\Train\\Disc_Masks\\._N0107.bmp'
._N0108.bmp,cannot identify image file 'D:\\OIO+\\DATASET_RETINA\\01.Originais\\AMD (Degeneração Macular Relacionada à Idade)\\ADAM\\__MACOSX\\ADAM\\Train\\Disc_Masks\\._N0108.bmp'
._N0109.bmp,cannot identify image file 'D:\\OIO+\\DATASET_RETINA\\01.Originais\\AMD (Degeneração Macular Relacionada à Idade)\\ADAM\\__MACOSX\\ADAM\\Train\\Disc_Masks\\._N0109.bmp'
._N0110.bmp,cannot identify image file 'D:\\OIO+\\DATASET_RETINA\\01.Originais\\AMD (Degeneração Macular Relacionada à Idade)\\ADAM\\__MACOSX\\ADAM\\Train\\Disc_Masks\\._N0110.bmp'
._N0111.bmp,cannot identify image file 'D:\\OIO+\\DATASET_RETINA\\01.Originais\\AMD (Degeneração Macular Relacionada à Idade)\\ADAM\\__MACOSX\\ADAM\\Train\\Disc_Masks\\._N0111.bmp'
._N0112.bmp,cannot identify image file 'D:\\OIO+\\DATASET_RETINA\\01.Originais\\AMD (Degeneração Macular Relacionada à Idade)\\ADAM\\__MACOSX\\ADAM\\Train\\Disc_Masks\\._N0112.bmp'
._N0113.bmp,cannot identify image file 'D:\\OIO+\\DATASET_RETINA\\01.Originais\\AMD (Degeneração Macular Relacionada à Idade)\\ADAM\\__MACOSX\\ADAM\\Train\\Disc_Masks\\._N0113.bmp'
._N0114.bmp,cannot identify image file 'D:\\OIO+\\DATASET_RETINA\\01.Originais\\AMD (Degeneração Macular Relacionada à Idade)\\ADAM\\__MACOSX\\ADAM\\Train\\Disc_Masks\\._N0114.bmp'
._N0115.bmp,cannot identify image file 'D:\\OIO+\\DATASET_RETINA\\01.Originais\\AMD (Degeneração Macular Relacionada à Idade)\\ADAM\\__MACOSX\\ADAM\\Train\\Disc_Masks\\._N0115.bmp'
._N0116.bmp,cannot identify image file 'D:\\OIO+\\DATASET_RETINA\\01.Originais\\AMD (Degeneração Macular Relacionada à Idade)\\ADAM\\__MACOSX\\ADAM\\Train\\Disc_Masks\\._N0116.bmp'
._N0117.bmp,cannot identify image file 'D:\\OIO+\\DATASET_RETINA\\01.Originais\\AMD (Degeneração Macular Relacionada à Idade)\\ADAM\\__MACOSX\\ADAM\\Train\\Disc_Masks\\._N0117.bmp'
._N0118.bmp,cannot identify image file 'D:\\OIO+\\DATASET_RETINA\\01.Originais\\AMD (Degeneração Macular Relacionada à Idade)\\ADAM\\__MACOSX\\ADAM\\Train\\Disc_Masks\\._N0118.bmp'
._N0119.bmp,cannot identify image file 'D:\\OIO+\\DATASET_RETINA\\01.Originais\\AMD (Degeneração Macular Relacionada à Idade)\\ADAM\\__MACOSX\\ADAM\\Train\\Disc_Masks\\._N0119.bmp'
._N0120.bmp,cannot identify image file 'D:\\OIO+\\DATASET_RETINA\\01.Originais\\AMD (Degeneração Macular Relacionada à Idade)\\ADAM\\__MACOSX\\ADAM\\Train\\Disc_Masks\\._N0120.bmp'
._N0121.bmp,cannot identify image file 'D:\\OIO+\\DATASET_RETINA\\01.Originais\\AMD (Degeneração Macular Relacionada à Idade)\\ADAM\\__MACOSX\\ADAM\\Train\\Disc_Masks\\._N0121.bmp'
._N0122.bmp,cannot identify image file 'D:\\OIO+\\DATASET_RETINA\\01.Originais\\AMD (Degeneração Macular Relacionada à Idade)\\ADAM\\__MACOSX\\ADAM\\Train\\Disc_Masks\\._N0122.bmp'
._N0123.bmp,cannot identify image file 'D:\\OIO+\\DATASET_RETINA\\01.Originais\\AMD (Degeneração Macular Relacionada à Idade)\\ADAM\\__MACOSX\\ADAM\\Train\\Disc_Masks\\._N0123.bmp'
._N0124.bmp,cannot identify image file 'D:\\OIO+\\DATASET_RETINA\\01.Originais\\AMD (Degeneração Macular Relacionada à Idade)\\ADAM\\__MACOSX\\ADAM\\Train\\Disc_Masks\\._N0124.bmp'
._N0125.bmp,cannot identify image file 'D:\\OIO+\\DATASET_RETINA\\01.Originais\\AMD (Degeneração Macular Relacionada à Idade)\\ADAM\\__MACOSX\\ADAM\\Train\\Disc_Masks\\._N0125.bmp'
._N0126.bmp,cannot identify image file 'D:\\OIO+\\DATASET_RETINA\\01.Originais\\AMD (Degeneração Macular Relacionada à Idade)\\ADAM\\__MACOSX\\ADAM\\Train\\Disc_Masks\\._N0126.bmp'
._N0127.bmp,cannot identify image file 'D:\\OIO+\\DATASET_RETINA\\01.Originais\\AMD (Degeneração Macular Relacionada à Idade)\\ADAM\\__MACOSX\\ADAM\\Train\\Disc_Masks\\._N0127.bmp'
._N0128.bmp,cannot identify image file 'D:\\OIO+\\DATASET_RETINA\\01.Originais\\AMD (Degeneração Macular Relacionada à Idade)\\ADAM\\__MACOSX\\ADAM\\Train\\Disc_Masks\\._N0128.bmp'
._N0129.bmp,cannot identify image file 'D:\\OIO+\\DATASET_RETINA\\01.Originais\\AMD (Degeneração Macular Relacionada à Idade)\\ADAM\\__MACOSX\\ADAM\\Train\\Disc_Masks\\._N0129.bmp'
._N0130.bmp,cannot identify image file 'D:\\OIO+\\DATASET_RETINA\\01.Originais\\AMD (Degeneração Macular Relacionada à Idade)\\ADAM\\__MACOSX\\ADAM\\Train\\Disc_Masks\\._N0130.bmp'
._N0131.bmp,cannot identify image file 'D:\\OIO+\\DATASET_RETINA\\01.Originais\\AMD (Degeneração Macular Relacionada à Idade)\\ADAM\\__MACOSX\\ADAM\\Train\\Disc_Masks\\._N0131.bmp'
._N0132.bmp,cannot identify image file 'D:\\OIO+\\DATASET_RETINA\\01.Originais\\AMD (Degeneração Macular Relacionada à Idade)\\ADAM\\__MACOSX\\ADAM\\Train\\Disc_Masks\\._N0132.bmp'
._N0133.bmp,cannot identify image file 'D:\\OIO+\\DATASET_RETINA\\01.Originais\\AMD (Degeneração Macular Relacionada à Idade)\\ADAM\\__MACOSX\\ADAM\\Train\\Disc_Masks\\._N0133.bmp'
._N0134.bmp,cannot identify image file 'D:\\OIO+\\DATASET_RETINA\\01.Originais\\AMD (Degeneração Macular Relacionada à Idade)\\ADAM\\__MACOSX\\ADAM\\Train\\Disc_Masks\\._N0134.bmp'
._N0135.bmp,cannot identify image file 'D:\\OIO+\\DATASET_RETINA\\01.Originais\\AMD (Degeneração Macular Relacionada à Idade)\\ADAM\\__MACOSX\\ADAM\\Train\\Disc_Masks\\._N0135.bmp'
._N0136.bmp,cannot identify image file 'D:\\OIO+\\DATASET_RETINA\\01.Originais\\AMD (Degeneração Macular Relacionada à Idade)\\ADAM\\__MACOSX\\ADAM\\Train\\Disc_Masks\\._N0136.bmp'
._N0137.bmp,cannot identify image file 'D:\\OIO+\\DATASET_RETINA\\01.Originais\\AMD (Degeneração Macular Relacionada à Idade)\\ADAM\\__MACOSX\\ADAM\\Train\\Disc_Masks\\._N0137.bmp'
._N0138.bmp,cannot identify image file 'D:\\OIO+\\DATASET_RETINA\\01.Originais\\AMD (Degeneração Macular Relacionada à Idade)\\ADAM\\__MACOSX\\ADAM\\Train\\Disc_Masks\\._N0138.bmp'
._N0139.bmp,cannot identify image file 'D:\\OIO+\\DATASET_RETINA\\01.Originais\\AMD (Degeneração Macular Relacionada à Idade)\\ADAM\\__MACOSX\\ADAM\\Train\\Disc_Masks\\._N0139.bmp'
._N0140.bmp,cannot identify image file 'D:\\OIO+\\DATASET_RETINA\\01.Originais\\AMD (Degeneração Macular Relacionada à Idade)\\ADAM\\__MACOSX\\ADAM\\Train\\Disc_Masks\\._N0140.bmp'
._N0141.bmp,cannot identify image file 'D:\\OIO+\\DATASET_RETINA\\01.Originais\\AMD (Degeneração Macular Relacionada à Idade)\\ADAM\\__MACOSX\\ADAM\\Train\\Disc_Masks\\._N0141.bmp'
._N0142.bmp,cannot identify image file 'D:\\OIO+\\DATASET_RETINA\\01.Originais\\AMD (Degeneração Macular Relacionada à Idade)\\ADAM\\__MACOSX\\ADAM\\Train\\Disc_Masks\\._N0142.bmp'
._N0143.bmp,cannot identify image file 'D:\\OIO+\\DATASET_RETINA\\01.Originais\\AMD (Degeneração Macular Relacionada à Idade)\\ADAM\\__MACOSX\\ADAM\\Train\\Disc_Masks\\._N0143.bmp'
._N0144.bmp,cannot identify image file 'D:\\OIO+\\DATASET_RETINA\\01.Originais\\AMD (Degeneração Macular Relacionada à Idade)\\ADAM\\__MACOSX\\ADAM\\Train\\Disc_Masks\\._N0144.bmp'
._N0145.bmp,cannot identify image file 'D:\\OIO+\\DATASET_RETINA\\01.Originais\\AMD (Degeneração Macular Relacionada à Idade)\\ADAM\\__MACOSX\\ADAM\\Train\\Disc_Masks\\._N0145.bmp'
._N0146.bmp,cannot identify image file 'D:\\OIO+\\DATASET_RETINA\\01.Originais\\AMD (Degeneração Macular Relacionada à Idade)\\ADAM\\__MACOSX\\ADAM\\Train\\Disc_Masks\\._N0146.bmp'
._N0147.bmp,cannot identify image file 'D:\\OIO+\\DATASET_RETINA\\01.Originais\\AMD (Degeneração Macular Relacionada à Idade)\\ADAM\\__MACOSX\\ADAM\\Train\\Disc_Masks\\._N0147.bmp'
._N0148.bmp,cannot identify image file 'D:\\OIO+\\DATASET_RETINA\\01.Originais\\AMD (Degeneração Macular Relacionada à Idade)\\ADAM\\__MACOSX\\ADAM\\Train\\Disc_Masks\\._N0148.bmp'
._N0149.bmp,cannot identify image file 'D:\\OIO+\\DATASET_RETINA\\01.Originais\\AMD (Degeneração Macular Relacionada à Idade)\\ADAM\\__MACOSX\\ADAM\\Train\\Disc_Masks\\._N0149.bmp'
._N0150.bmp,cannot identify image file 'D:\\OIO+\\DATASET_RETINA\\01.Originais\\AMD (Degeneração Macular Relacionada à Idade)\\ADAM\\__MACOSX\\ADAM\\Train\\Disc_Masks\\._N0150.bmp'
._N0151.bmp,cannot identify image file 'D:\\OIO+\\DATASET_RETINA\\01.Originais\\AMD (Degeneração Macular Relacionada à Idade)\\ADAM\\__MACOSX\\ADAM\\Train\\Disc_Masks\\._N0151.bmp'
._N0152.bmp,cannot identify image file 'D:\\OIO+\\DATASET_RETINA\\01.Originais\\AMD (Degeneração Macular Relacionada à Idade)\\ADAM\\__MACOSX\\ADAM\\Train\\Disc_Masks\\._N0152.bmp'
._N0153.bmp,cannot identify image file 'D:\\OIO+\\DATASET_RETINA\\01.Originais\\AMD (Degeneração Macular Relacionada à Idade)\\ADAM\\__MACOSX\\ADAM\\Train\\Disc_Masks\\._N0153.bmp'
._N0154.bmp,cannot identify image file 'D:\\OIO+\\DATASET_RETINA\\01.Originais\\AMD (Degeneração Macular Relacionada à Idade)\\ADAM\\__MACOSX\\ADAM\\Train\\Disc_Masks\\._N0154.bmp'
._N0155.bmp,cannot identify image file 'D:\\OIO+\\DATASET_RETINA\\01.Originais\\AMD (Degeneração Macular Relacionada à Idade)\\ADAM\\__MACOSX\\ADAM\\Train\\Disc_Masks\\._N0155.bmp'
._N0156.bmp,cannot identify image file 'D:\\OIO+\\DATASET_RETINA\\01.Originais\\AMD (Degeneração Macular Relacionada à Idade)\\ADAM\\__MACOSX\\ADAM\\Train\\Disc_Masks\\._N0156.bmp'
._N0157.bmp,cannot identify image file 'D:\\OIO+\\DATASET_RETINA\\01.Originais\\AMD (Degeneração Macular Relacionada à Idade)\\ADAM\\__MACOSX\\ADAM\\Train\\Disc_Masks\\._N0157.bmp'
._N0158.bmp,cannot identify image file 'D:\\OIO+\\DATASET_RETINA\\01.Originais\\AMD (Degeneração Macular Relacionada à Idade)\\ADAM\\__MACOSX\\ADAM\\Train\\Disc_Masks\\._N0158.bmp'
._N0159.bmp,cannot identify image file 'D:\\OIO+\\DATASET_RETINA\\01.Originais\\AMD (Degeneração Macular Relacionada à Idade)\\ADAM\\__MACOSX\\ADAM\\Train\\Disc_Masks\\._N0159.bmp'
._N0160.bmp,cannot identify image file 'D:\\OIO+\\DATASET_RETINA\\01.Originais\\AMD (Degeneração Macular Relacionada à Idade)\\ADAM\\__MACOSX\\ADAM\\Train\\Disc_Masks\\._N0160.bmp'
._N0161.bmp,cannot identify image file 'D:\\OIO+\\DATASET_RETINA\\01.Originais\\AMD (Degeneração Macular Relacionada à Idade)\\ADAM\\__MACOSX\\ADAM\\Train\\Disc_Masks\\._N0161.bmp'
._N0162.bmp,cannot identify image file 'D:\\OIO+\\DATASET_RETINA\\01.Originais\\AMD (Degeneração Macular Relacionada à Idade)\\ADAM\\__MACOSX\\ADAM\\Train\\Disc_Masks\\._N0162.bmp'
._N0163.bmp,cannot identify image file 'D:\\OIO+\\DATASET_RETINA\\01.Originais\\AMD (Degeneração Macular Relacionada à Idade)\\ADAM\\__MACOSX\\ADAM\\Train\\Disc_Masks\\._N0163.bmp'
._N0164.bmp,cannot identify image file 'D:\\OIO+\\DATASET_RETINA\\01.Originais\\AMD (Degeneração Macular Relacionada à Idade)\\ADAM\\__MACOSX\\ADAM\\Train\\Disc_Masks\\._N0164.bmp'
._N0165.bmp,cannot identify image file 'D:\\OIO+\\DATASET_RETINA\\01.Originais\\AMD (Degeneração Macular Relacionada à Idade)\\ADAM\\__MACOSX\\ADAM\\Train\\Disc_Masks\\._N0165.bmp'
._N0166.bmp,cannot identify image file 'D:\\OIO+\\DATASET_RETINA\\01.Originais\\AMD (Degeneração Macular Relacionada à Idade)\\ADAM\\__MACOSX\\ADAM\\Train\\Disc_Masks\\._N0166.bmp'
._N0167.bmp,cannot identify image file 'D:\\OIO+\\DATASET_RETINA\\01.Originais\\AMD (Degeneração Macular Relacionada à Idade)\\ADAM\\__MACOSX\\ADAM\\Train\\Disc_Masks\\._N0167.bmp'
._N0168.bmp,cannot identify image file 'D:\\OIO+\\DATASET_RETINA\\01.Originais\\AMD (Degeneração Macular Relacionada à Idade)\\ADAM\\__MACOSX\\ADAM\\Train\\Disc_Masks\\._N0168.bmp'
._N0169.bmp,cannot identify image file 'D:\\OIO+\\DATASET_RETINA\\01.Originais\\AMD (Degeneração Macular Relacionada à Idade)\\ADAM\\__MACOSX\\ADAM\\Train\\Disc_Masks\\._N0169.bmp'
._N0170.bmp,cannot identify image file 'D:\\OIO+\\DATASET_RETINA\\01.Originais\\AMD (Degeneração Macular Relacionada à Idade)\\ADAM\\__MACOSX\\ADAM\\Train\\Disc_Masks\\._N0170.bmp'
._N0171.bmp,cannot identify image file 'D:\\OIO+\\DATASET_RETINA\\01.Originais\\AMD (Degeneração Macular Relacionada à Idade)\\ADAM\\__MACOSX\\ADAM\\Train\\Disc_Masks\\._N0171.bmp'
._N0172.bmp,cannot identify image file 'D:\\OIO+\\DATASET_RETINA\\01.Originais\\AMD (Degeneração Macular Relacionada à Idade)\\ADAM\\__MACOSX\\ADAM\\Train\\Disc_Masks\\._N0172.bmp'
._N0173.bmp,cannot identify image file 'D:\\OIO+\\DATASET_RETINA\\01.Originais\\AMD (Degeneração Macular Relacionada à Idade)\\ADAM\\__MACOSX\\ADAM\\Train\\Disc_Masks\\._N0173.bmp'
._N0174.bmp,cannot identify image file 'D:\\OIO+\\DATASET_RETINA\\01.Originais\\AMD (Degeneração Macular Relacionada à Idade)\\ADAM\\__MACOSX\\ADAM\\Train\\Disc_Masks\\._N0174.bmp'
._N0175.bmp,cannot identify image file 'D:\\OIO+\\DATASET_RETINA\\01.Originais\\AMD (Degeneração Macular Relacionada à Idade)\\ADAM\\__MACOSX\\ADAM\\Train\\Disc_Masks\\._N0175.bmp'
._N0176.bmp,cannot identify image file 'D:\\OIO+\\DATASET_RETINA\\01.Originais\\AMD (Degeneração Macular Relacionada à Idade)\\ADAM\\__MACOSX\\ADAM\\Train\\Disc_Masks\\._N0176.bmp'
._N0177.bmp,cannot identify image file 'D:\\OIO+\\DATASET_RETINA\\01.Originais\\AMD (Degeneração Macular Relacionada à Idade)\\ADAM\\__MACOSX\\ADAM\\Train\\Disc_Masks\\._N0177.bmp'
._N0178.bmp,cannot identify image file 'D:\\OIO+\\DATASET_RETINA\\01.Originais\\AMD (Degeneração Macular Relacionada à Idade)\\ADAM\\__MACOSX\\ADAM\\Train\\Disc_Masks\\._N0178.bmp'
._N0179.bmp,cannot identify image file 'D:\\OIO+\\DATASET_RETINA\\01.Originais\\AMD (Degeneração Macular Relacionada à Idade)\\ADAM\\__MACOSX\\ADAM\\Train\\Disc_Masks\\._N0179.bmp'
._N0180.bmp,cannot identify image file 'D:\\OIO+\\DATASET_RETINA\\01.Originais\\AMD (Degeneração Macular Relacionada à Idade)\\ADAM\\__MACOSX\\ADAM\\Train\\Disc_Masks\\._N0180.bmp'
._N0181.bmp,cannot identify image file 'D:\\OIO+\\DATASET_RETINA\\01.Originais\\AMD (Degeneração Macular Relacionada à Idade)\\ADAM\\__MACOSX\\ADAM\\Train\\Disc_Masks\\._N0181.bmp'
._N0182.bmp,cannot identify image file 'D:\\OIO+\\DATASET_RETINA\\01.Originais\\AMD (Degeneração Macular Relacionada à Idade)\\ADAM\\__MACOSX\\ADAM\\Train\\Disc_Masks\\._N0182.bmp'
._N0183.bmp,cannot identify image file 'D:\\OIO+\\DATASET_RETINA\\01.Originais\\AMD (Degeneração Macular Relacionada à Idade)\\ADAM\\__MACOSX\\ADAM\\Train\\Disc_Masks\\._N0183.bmp'
._N0184.bmp,cannot identify image file 'D:\\OIO+\\DATASET_RETINA\\01.Originais\\AMD (Degeneração Macular Relacionada à Idade)\\ADAM\\__MACOSX\\ADAM\\Train\\Disc_Masks\\._N0184.bmp'
._N0185.bmp,cannot identify image file 'D:\\OIO+\\DATASET_RETINA\\01.Originais\\AMD (Degeneração Macular Relacionada à Idade)\\ADAM\\__MACOSX\\ADAM\\Train\\Disc_Masks\\._N0185.bmp'
._N0186.bmp,cannot identify image file 'D:\\OIO+\\DATASET_RETINA\\01.Originais\\AMD (Degeneração Macular Relacionada à Idade)\\ADAM\\__MACOSX\\ADAM\\Train\\Disc_Masks\\._N0186.bmp'
._N0187.bmp,cannot identify image file 'D:\\OIO+\\DATASET_RETINA\\01.Originais\\AMD (Degeneração Macular Relacionada à Idade)\\ADAM\\__MACOSX\\ADAM\\Train\\Disc_Masks\\._N0187.bmp'
._N0188.bmp,cannot identify image file 'D:\\OIO+\\DATASET_RETINA\\01.Originais\\AMD (Degeneração Macular Relacionada à Idade)\\ADAM\\__MACOSX\\ADAM\\Train\\Disc_Masks\\._N0188.bmp'
._N0189.bmp,cannot identify image file 'D:\\OIO+\\DATASET_RETINA\\01.Originais\\AMD (Degeneração Macular Relacionada à Idade)\\ADAM\\__MACOSX\\ADAM\\Train\\Disc_Masks\\._N0189.bmp'
._N0190.bmp,cannot identify image file 'D:\\OIO+\\DATASET_RETINA\\01.Originais\\AMD (Degeneração Macular Relacionada à Idade)\\ADAM\\__MACOSX\\ADAM\\Train\\Disc_Masks\\._N0190.bmp'
._N0191.bmp,cannot identify image file 'D:\\OIO+\\DATASET_RETINA\\01.Originais\\AMD (Degeneração Macular Relacionada à Idade)\\ADAM\\__MACOSX\\ADAM\\Train\\Disc_Masks\\._N0191.bmp'
._N0192.bmp,cannot identify image file 'D:\\OIO+\\DATASET_RETINA\\01.Originais\\AMD (Degeneração Macular Relacionada à Idade)\\ADAM\\__MACOSX\\ADAM\\Train\\Disc_Masks\\._N0192.bmp'
._N0193.bmp,cannot identify image file 'D:\\OIO+\\DATASET_RETINA\\01.Originais\\AMD (Degeneração Macular Relacionada à Idade)\\ADAM\\__MACOSX\\ADAM\\Train\\Disc_Masks\\._N0193.bmp'
._N0194.bmp,cannot identify image file 'D:\\OIO+\\DATASET_RETINA\\01.Originais\\AMD (Degeneração Macular Relacionada à Idade)\\ADAM\\__MACOSX\\ADAM\\Train\\Disc_Masks\\._N0194.bmp'
._N0195.bmp,cannot identify image file 'D:\\OIO+\\DATASET_RETINA\\01.Originais\\AMD (Degeneração Macular Relacionada à Idade)\\ADAM\\__MACOSX\\ADAM\\Train\\Disc_Masks\\._N0195.bmp'
._N0196.bmp,cannot identify image file 'D:\\OIO+\\DATASET_RETINA\\01.Originais\\AMD (Degeneração Macular Relacionada à Idade)\\ADAM\\__MACOSX\\ADAM\\Train\\Disc_Masks\\._N0196.bmp'
._N0197.bmp,cannot identify image file 'D:\\OIO+\\DATASET_RETINA\\01.Originais\\AMD (Degeneração Macular Relacionada à Idade)\\ADAM\\__MACOSX\\ADAM\\Train\\Disc_Masks\\._N0197.bmp'
._N0198.bmp,cannot identify image file 'D:\\OIO+\\DATASET_RETINA\\01.Originais\\AMD (Degeneração Macular Relacionada à Idade)\\ADAM\\__MACOSX\\ADAM\\Train\\Disc_Masks\\._N0198.bmp'
._N0199.bmp,cannot identify image file 'D:\\OIO+\\DATASET_RETINA\\01.Originais\\AMD (Degeneração Macular Relacionada à Idade)\\ADAM\\__MACOSX\\ADAM\\Train\\Disc_Masks\\._N0199.bmp'
._N0200.bmp,cannot identify image file 'D:\\OIO+\\DATASET_RETINA\\01.Originais\\AMD (Degeneração Macular Relacionada à Idade)\\ADAM\\__MACOSX\\ADAM\\Train\\Disc_Masks\\._N0200.bmp'
._N0201.bmp,cannot identify image file 'D:\\OIO+\\DATASET_RETINA\\01.Originais\\AMD (Degeneração Macular Relacionada à Idade)\\ADAM\\__MACOSX\\ADAM\\Train\\Disc_Masks\\._N0201.bmp'
._N0202.bmp,cannot identify image file 'D:\\OIO+\\DATASET_RETINA\\01.Originais\\AMD (Degeneração Macular Relacionada à Idade)\\ADAM\\__MACOSX\\ADAM\\Train\\Disc_Masks\\._N0202.bmp'
._N0203.bmp,cannot identify image file 'D:\\OIO+\\DATASET_RETINA\\01.Originais\\AMD (Degeneração Macular Relacionada à Idade)\\ADAM\\__MACOSX\\ADAM\\Train\\Disc_Masks\\._N0203.bmp'
._N0204.bmp,cannot identify image file 'D:\\OIO+\\DATASET_RETINA\\01.Originais\\AMD (Degeneração Macular Relacionada à Idade)\\ADAM\\__MACOSX\\ADAM\\Train\\Disc_Masks\\._N0204.bmp'
._N0205.bmp,cannot identify image file 'D:\\OIO+\\DATASET_RETINA\\01.Originais\\AMD (Degeneração Macular Relacionada à Idade)\\ADAM\\__MACOSX\\ADAM\\Train\\Disc_Masks\\._N0205.bmp'
._N0206.bmp,cannot identify image file 'D:\\OIO+\\DATASET_RETINA\\01.Originais\\AMD (Degeneração Macular Relacionada à Idade)\\ADAM\\__MACOSX\\ADAM\\Train\\Disc_Masks\\._N0206.bmp'
._N0207.bmp,cannot identify image file 'D:\\OIO+\\DATASET_RETINA\\01.Originais\\AMD (Degeneração Macular Relacionada à Idade)\\ADAM\\__MACOSX\\ADAM\\Train\\Disc_Masks\\._N0207.bmp'
._N0208.bmp,cannot identify image file 'D:\\OIO+\\DATASET_RETINA\\01.Originais\\AMD (Degeneração Macular Relacionada à Idade)\\ADAM\\__MACOSX\\ADAM\\Train\\Disc_Masks\\._N0208.bmp'
._N0209.bmp,cannot identify image file 'D:\\OIO+\\DATASET_RETINA\\01.Originais\\AMD (Degeneração Macular Relacionada à Idade)\\ADAM\\__MACOSX\\ADAM\\Train\\Disc_Masks\\._N0209.bmp'
._N0210.bmp,cannot identify image file 'D:\\OIO+\\DATASET_RETINA\\01.Originais\\AMD (Degeneração Macular Relacionada à Idade)\\ADAM\\__MACOSX\\ADAM\\Train\\Disc_Masks\\._N0210.bmp'
._N0211.bmp,cannot identify image file 'D:\\OIO+\\DATASET_RETINA\\01.Originais\\AMD (Degeneração Macular Relacionada à Idade)\\ADAM\\__MACOSX\\ADAM\\Train\\Disc_Masks\\._N0211.bmp'
._N0212.bmp,cannot identify image file 'D:\\OIO+\\DATASET_RETINA\\01.Originais\\AMD (Degeneração Macular Relacionada à Idade)\\ADAM\\__MACOSX\\ADAM\\Train\\Disc_Masks\\._N0212.bmp'
._N0213.bmp,cannot identify image file 'D:\\OIO+\\DATASET_RETINA\\01.Originais\\AMD (Degeneração Macular Relacionada à Idade)\\ADAM\\__MACOSX\\ADAM\\Train\\Disc_Masks\\._N0213.bmp'
._N0214.bmp,cannot identify image file 'D:\\OIO+\\DATASET_RETINA\\01.Originais\\AMD (Degeneração Macular Relacionada à Idade)\\ADAM\\__MACOSX\\ADAM\\Train\\Disc_Masks\\._N0214.bmp'
._N0215.bmp,cannot identify image file 'D:\\OIO+\\DATASET_RETINA\\01.Originais\\AMD (Degeneração Macular Relacionada à Idade)\\ADAM\\__MACOSX\\ADAM\\Train\\Disc_Masks\\._N0215.bmp'
._N0216.bmp,cannot identify image file 'D:\\OIO+\\DATASET_RETINA\\01.Originais\\AMD (Degeneração Macular Relacionada à Idade)\\ADAM\\__MACOSX\\ADAM\\Train\\Disc_Masks\\._N0216.bmp'
._N0217.bmp,cannot identify image file 'D:\\OIO+\\DATASET_RETINA\\01.Originais\\AMD (Degeneração Macular Relacionada à Idade)\\ADAM\\__MACOSX\\ADAM\\Train\\Disc_Masks\\._N0217.bmp'
._N0218.bmp,cannot identify image file 'D:\\OIO+\\DATASET_RETINA\\01.Originais\\AMD (Degeneração Macular Relacionada à Idade)\\ADAM\\__MACOSX\\ADAM\\Train\\Disc_Masks\\._N0218.bmp'
._N0219.bmp,cannot identify image file 'D:\\OIO+\\DATASET_RETINA\\01.Originais\\AMD (Degeneração Macular Relacionada à Idade)\\ADAM\\__MACOSX\\ADAM\\Train\\Disc_Masks\\._N0219.bmp'
._N0220.bmp,cannot identify image file 'D:\\OIO+\\DATASET_RETINA\\01.Originais\\AMD (Degeneração Macular Relacionada à Idade)\\ADAM\\__MACOSX\\ADAM\\Train\\Disc_Masks\\._N0220.bmp'
._N0221.bmp,cannot identify image file 'D:\\OIO+\\DATASET_RETINA\\01.Originais\\AMD (Degeneração Macular Relacionada à Idade)\\ADAM\\__MACOSX\\ADAM\\Train\\Disc_Masks\\._N0221.bmp'
._N0222.bmp,cannot identify image file 'D:\\OIO+\\DATASET_RETINA\\01.Originais\\AMD (Degeneração Macular Relacionada à Idade)\\ADAM\\__MACOSX\\ADAM\\Train\\Disc_Masks\\._N0222.bmp'
._N0223.bmp,cannot identify image file 'D:\\OIO+\\DATASET_RETINA\\01.Originais\\AMD (Degeneração Macular Relacionada à Idade)\\ADAM\\__MACOSX\\ADAM\\Train\\Disc_Masks\\._N0223.bmp'
._N0224.bmp,cannot identify image file 'D:\\OIO+\\DATASET_RETINA\\01.Originais\\AMD (Degeneração Macular Relacionada à Idade)\\ADAM\\__MACOSX\\ADAM\\Train\\Disc_Masks\\._N0224.bmp'
._N0225.bmp,cannot identify image file 'D:\\OIO+\\DATASET_RETINA\\01.Originais\\AMD (Degeneração Macular Relacionada à Idade)\\ADAM\\__MACOSX\\ADAM\\Train\\Disc_Masks\\._N0225.bmp'
._N0226.bmp,cannot identify image file 'D:\\OIO+\\DATASET_RETINA\\01.Originais\\AMD (Degeneração Macular Relacionada à Idade)\\ADAM\\__MACOSX\\ADAM\\Train\\Disc_Masks\\._N0226.bmp'
._N0227.bmp,cannot identify image file 'D:\\OIO+\\DATASET_RETINA\\01.Originais\\AMD (Degeneração Macular Relacionada à Idade)\\ADAM\\__MACOSX\\ADAM\\Train\\Disc_Masks\\._N0227.bmp'
._N0228.bmp,cannot identify image file 'D:\\OIO+\\DATASET_RETINA\\01.Originais\\AMD (Degeneração Macular Relacionada à Idade)\\ADAM\\__MACOSX\\ADAM\\Train\\Disc_Masks\\._N0228.bmp'
._N0229.bmp,cannot identify image file 'D:\\OIO+\\DATASET_RETINA\\01.Originais\\AMD (Degeneração Macular Relacionada à Idade)\\ADAM\\__MACOSX\\ADAM\\Train\\Disc_Masks\\._N0229.bmp'
._N0230.bmp,cannot identify image file 'D:\\OIO+\\DATASET_RETINA\\01.Originais\\AMD (Degeneração Macular Relacionada à Idade)\\ADAM\\__MACOSX\\ADAM\\Train\\Disc_Masks\\._N0230.bmp'
._N0231.bmp,cannot identify image file 'D:\\OIO+\\DATASET_RETINA\\01.Originais\\AMD (Degeneração Macular Relacionada à Idade)\\ADAM\\__MACOSX\\ADAM\\Train\\Disc_Masks\\._N0231.bmp'
._N0232.bmp,cannot identify image file 'D:\\OIO+\\DATASET_RETINA\\01.Originais\\AMD (Degeneração Macular Relacionada à Idade)\\ADAM\\__MACOSX\\ADAM\\Train\\Disc_Masks\\._N0232.bmp'
._N0233.bmp,cannot identify image file 'D:\\OIO+\\DATASET_RETINA\\01.Originais\\AMD (Degeneração Macular Relacionada à Idade)\\ADAM\\__MACOSX\\ADAM\\Train\\Disc_Masks\\._N0233.bmp'
._N0234.bmp,cannot identify image file 'D:\\OIO+\\DATASET_RETINA\\01.Originais\\AMD (Degeneração Macular Relacionada à Idade)\\ADAM\\__MACOSX\\ADAM\\Train\\Disc_Masks\\._N0234.bmp'
._N0235.bmp,cannot identify image file 'D:\\OIO+\\DATASET_RETINA\\01.Originais\\AMD (Degeneração Macular Relacionada à Idade)\\ADAM\\__MACOSX\\ADAM\\Train\\Disc_Masks\\._N0235.bmp'
._N0236.bmp,cannot identify image file 'D:\\OIO+\\DATASET_RETINA\\01.Originais\\AMD (Degeneração Macular Relacionada à Idade)\\ADAM\\__MACOSX\\ADAM\\Train\\Disc_Masks\\._N0236.bmp'
._N0237.bmp,cannot identify image file 'D:\\OIO+\\DATASET_RETINA\\01.Originais\\AMD (Degeneração Macular Relacionada à Idade)\\ADAM\\__MACOSX\\ADAM\\Train\\Disc_Masks\\._N0237.bmp'
._N0238.bmp,cannot identify image file 'D:\\OIO+\\DATASET_RETINA\\01.Originais\\AMD (Degeneração Macular Relacionada à Idade)\\ADAM\\__MACOSX\\ADAM\\Train\\Disc_Masks\\._N0238.bmp'
._N0239.bmp,cannot identify image file 'D:\\OIO+\\DATASET_RETINA\\01.Originais\\AMD (Degeneração Macular Relacionada à Idade)\\ADAM\\__MACOSX\\ADAM\\Train\\Disc_Masks\\._N0239.bmp'
._N0240.bmp,cannot identify image file 'D:\\OIO+\\DATASET_RETINA\\01.Originais\\AMD (Degeneração Macular Relacionada à Idade)\\ADAM\\__MACOSX\\ADAM\\Train\\Disc_Masks\\._N0240.bmp'
._N0241.bmp,cannot identify image file 'D:\\OIO+\\DATASET_RETINA\\01.Originais\\AMD (Degeneração Macular Relacionada à Idade)\\ADAM\\__MACOSX\\ADAM\\Train\\Disc_Masks\\._N0241.bmp'
._N0242.bmp,cannot identify image file 'D:\\OIO+\\DATASET_RETINA\\01.Originais\\AMD (Degeneração Macular Relacionada à Idade)\\ADAM\\__MACOSX\\ADAM\\Train\\Disc_Masks\\._N0242.bmp'
._N0243.bmp,cannot identify image file 'D:\\OIO+\\DATASET_RETINA\\01.Originais\\AMD (Degeneração Macular Relacionada à Idade)\\ADAM\\__MACOSX\\ADAM\\Train\\Disc_Masks\\._N0243.bmp'
._N0244.bmp,cannot identify image file 'D:\\OIO+\\DATASET_RETINA\\01.Originais\\AMD (Degeneração Macular Relacionada à Idade)\\ADAM\\__MACOSX\\ADAM\\Train\\Disc_Masks\\._N0244.bmp'
._N0245.bmp,cannot identify image file 'D:\\OIO+\\DATASET_RETINA\\01.Originais\\AMD (Degeneração Macular Relacionada à Idade)\\ADAM\\__MACOSX\\ADAM\\Train\\Disc_Masks\\._N0245.bmp'
._N0246.bmp,cannot identify image file 'D:\\OIO+\\DATASET_RETINA\\01.Originais\\AMD (Degeneração Macular Relacionada à Idade)\\ADAM\\__MACOSX\\ADAM\\Train\\Disc_Masks\\._N0246.bmp'
._N0247.bmp,cannot identify image file 'D:\\OIO+\\DATASET_RETINA\\01.Originais\\AMD (Degeneração Macular Relacionada à Idade)\\ADAM\\__MACOSX\\ADAM\\Train\\Disc_Masks\\._N0247.bmp'
._N0248.bmp,cannot identify image file 'D:\\OIO+\\DATASET_RETINA\\01.Originais\\AMD (Degeneração Macular Relacionada à Idade)\\ADAM\\__MACOSX\\ADAM\\Train\\Disc_Masks\\._N0248.bmp'
._N0249.bmp,cannot identify image file 'D:\\OIO+\\DATASET_RETINA\\01.Originais\\AMD (Degeneração Macular Relacionada à Idade)\\ADAM\\__MACOSX\\ADAM\\Train\\Disc_Masks\\._N0249.bmp'
._N0250.bmp,cannot identify image file 'D:\\OIO+\\DATASET_RETINA\\01.Originais\\AMD (Degeneração Macular Relacionada à Idade)\\ADAM\\__MACOSX\\ADAM\\Train\\Disc_Masks\\._N0250.bmp'
._N0251.bmp,cannot identify image file 'D:\\OIO+\\DATASET_RETINA\\01.Originais\\AMD (Degeneração Macular Relacionada à Idade)\\ADAM\\__MACOSX\\ADAM\\Train\\Disc_Masks\\._N0251.bmp'
._N0252.bmp,cannot identify image file 'D:\\OIO+\\DATASET_RETINA\\01.Originais\\AMD (Degeneração Macular Relacionada à Idade)\\ADAM\\__MACOSX\\ADAM\\Train\\Disc_Masks\\._N0252.bmp'
._N0253.bmp,cannot identify image file 'D:\\OIO+\\DATASET_RETINA\\01.Originais\\AMD (Degeneração Macular Relacionada à Idade)\\ADAM\\__MACOSX\\ADAM\\Train\\Disc_Masks\\._N0253.bmp'
._N0254.bmp,cannot identify image file 'D:\\OIO+\\DATASET_RETINA\\01.Originais\\AMD (Degeneração Macular Relacionada à Idade)\\ADAM\\__MACOSX\\ADAM\\Train\\Disc_Masks\\._N0254.bmp'
._N0255.bmp,cannot identify image file 'D:\\OIO+\\DATASET_RETINA\\01.Originais\\AMD (Degeneração Macular Relacionada à Idade)\\ADAM\\__MACOSX\\ADAM\\Train\\Disc_Masks\\._N0255.bmp'
._N0256.bmp,cannot identify image file 'D:\\OIO+\\DATASET_RETINA\\01.Originais\\AMD (Degeneração Macular Relacionada à Idade)\\ADAM\\__MACOSX\\ADAM\\Train\\Disc_Masks\\._N0256.bmp'
._N0257.bmp,cannot identify image file 'D:\\OIO+\\DATASET_RETINA\\01.Originais\\AMD (Degeneração Macular Relacionada à Idade)\\ADAM\\__MACOSX\\ADAM\\Train\\Disc_Masks\\._N0257.bmp'
._N0258.bmp,cannot identify image file 'D:\\OIO+\\DATASET_RETINA\\01.Originais\\AMD (Degeneração Macular Relacionada à Idade)\\ADAM\\__MACOSX\\ADAM\\Train\\Disc_Masks\\._N0258.bmp'
._N0259.bmp,cannot identify image file 'D:\\OIO+\\DATASET_RETINA\\01.Originais\\AMD (Degeneração Macular Relacionada à Idade)\\ADAM\\__MACOSX\\ADAM\\Train\\Disc_Masks\\._N0259.bmp'
._N0260.bmp,cannot identify image file 'D:\\OIO+\\DATASET_RETINA\\01.Originais\\AMD (Degeneração Macular Relacionada à Idade)\\ADAM\\__MACOSX\\ADAM\\Train\\Disc_Masks\\._N0260.bmp'
._N0261.bmp,cannot identify image file 'D:\\OIO+\\DATASET_RETINA\\01.Originais\\AMD (Degeneração Macular Relacionada à Idade)\\ADAM\\__MACOSX\\ADAM\\Train\\Disc_Masks\\._N0261.bmp'
._N0262.bmp,cannot identify image file 'D:\\OIO+\\DATASET_RETINA\\01.Originais\\AMD (Degeneração Macular Relacionada à Idade)\\ADAM\\__MACOSX\\ADAM\\Train\\Disc_Masks\\._N0262.bmp'
._N0263.bmp,cannot identify image file 'D:\\OIO+\\DATASET_RETINA\\01.Originais\\AMD (Degeneração Macular Relacionada à Idade)\\ADAM\\__MACOSX\\ADAM\\Train\\Disc_Masks\\._N0263.bmp'
._N0264.bmp,cannot identify image file 'D:\\OIO+\\DATASET_RETINA\\01.Originais\\AMD (Degeneração Macular Relacionada à Idade)\\ADAM\\__MACOSX\\ADAM\\Train\\Disc_Masks\\._N0264.bmp'
._N0265.bmp,cannot identify image file 'D:\\OIO+\\DATASET_RETINA\\01.Originais\\AMD (Degeneração Macular Relacionada à Idade)\\ADAM\\__MACOSX\\ADAM\\Train\\Disc_Masks\\._N0265.bmp'
._N0266.bmp,cannot identify image file 'D:\\OIO+\\DATASET_RETINA\\01.Originais\\AMD (Degeneração Macular Relacionada à Idade)\\ADAM\\__MACOSX\\ADAM\\Train\\Disc_Masks\\._N0266.bmp'
._N0267.bmp,cannot identify image file 'D:\\OIO+\\DATASET_RETINA\\01.Originais\\AMD (Degeneração Macular Relacionada à Idade)\\ADAM\\__MACOSX\\ADAM\\Train\\Disc_Masks\\._N0267.bmp'
._N0268.bmp,cannot identify image file 'D:\\OIO+\\DATASET_RETINA\\01.Originais\\AMD (Degeneração Macular Relacionada à Idade)\\ADAM\\__MACOSX\\ADAM\\Train\\Disc_Masks\\._N0268.bmp'
._N0269.bmp,cannot identify image file 'D:\\OIO+\\DATASET_RETINA\\01.Originais\\AMD (Degeneração Macular Relacionada à Idade)\\ADAM\\__MACOSX\\ADAM\\Train\\Disc_Masks\\._N0269.bmp'
._N0270.bmp,cannot identify image file 'D:\\OIO+\\DATASET_RETINA\\01.Originais\\AMD (Degeneração Macular Relacionada à Idade)\\ADAM\\__MACOSX\\ADAM\\Train\\Disc_Masks\\._N0270.bmp'
._N0271.bmp,cannot identify image file 'D:\\OIO+\\DATASET_RETINA\\01.Originais\\AMD (Degeneração Macular Relacionada à Idade)\\ADAM\\__MACOSX\\ADAM\\Train\\Disc_Masks\\._N0271.bmp'
._N0272.bmp,cannot identify image file 'D:\\OIO+\\DATASET_RETINA\\01.Originais\\AMD (Degeneração Macular Relacionada à Idade)\\ADAM\\__MACOSX\\ADAM\\Train\\Disc_Masks\\._N0272.bmp'
._N0273.bmp,cannot identify image file 'D:\\OIO+\\DATASET_RETINA\\01.Originais\\AMD (Degeneração Macular Relacionada à Idade)\\ADAM\\__MACOSX\\ADAM\\Train\\Disc_Masks\\._N0273.bmp'
._N0274.bmp,cannot identify image file 'D:\\OIO+\\DATASET_RETINA\\01.Originais\\AMD (Degeneração Macular Relacionada à Idade)\\ADAM\\__MACOSX\\ADAM\\Train\\Disc_Masks\\._N0274.bmp'
._N0275.bmp,cannot identify image file 'D:\\OIO+\\DATASET_RETINA\\01.Originais\\AMD (Degeneração Macular Relacionada à Idade)\\ADAM\\__MACOSX\\ADAM\\Train\\Disc_Masks\\._N0275.bmp'
._N0276.bmp,cannot identify image file 'D:\\OIO+\\DATASET_RETINA\\01.Originais\\AMD (Degeneração Macular Relacionada à Idade)\\ADAM\\__MACOSX\\ADAM\\Train\\Disc_Masks\\._N0276.bmp'
._N0277.bmp,cannot identify image file 'D:\\OIO+\\DATASET_RETINA\\01.Originais\\AMD (Degeneração Macular Relacionada à Idade)\\ADAM\\__MACOSX\\ADAM\\Train\\Disc_Masks\\._N0277.bmp'
._N0278.bmp,cannot identify image file 'D:\\OIO+\\DATASET_RETINA\\01.Originais\\AMD (Degeneração Macular Relacionada à Idade)\\ADAM\\__MACOSX\\ADAM\\Train\\Disc_Masks\\._N0278.bmp'
._N0279.bmp,cannot identify image file 'D:\\OIO+\\DATASET_RETINA\\01.Originais\\AMD (Degeneração Macular Relacionada à Idade)\\ADAM\\__MACOSX\\ADAM\\Train\\Disc_Masks\\._N0279.bmp'
._N0280.bmp,cannot identify image file 'D:\\OIO+\\DATASET_RETINA\\01.Originais\\AMD (Degeneração Macular Relacionada à Idade)\\ADAM\\__MACOSX\\ADAM\\Train\\Disc_Masks\\._N0280.bmp'
._N0281.bmp,cannot identify image file 'D:\\OIO+\\DATASET_RETINA\\01.Originais\\AMD (Degeneração Macular Relacionada à Idade)\\ADAM\\__MACOSX\\ADAM\\Train\\Disc_Masks\\._N0281.bmp'
._N0282.bmp,cannot identify image file 'D:\\OIO+\\DATASET_RETINA\\01.Originais\\AMD (Degeneração Macular Relacionada à Idade)\\ADAM\\__MACOSX\\ADAM\\Train\\Disc_Masks\\._N0282.bmp'
._N0283.bmp,cannot identify image file 'D:\\OIO+\\DATASET_RETINA\\01.Originais\\AMD (Degeneração Macular Relacionada à Idade)\\ADAM\\__MACOSX\\ADAM\\Train\\Disc_Masks\\._N0283.bmp'
._N0284.bmp,cannot identify image file 'D:\\OIO+\\DATASET_RETINA\\01.Originais\\AMD (Degeneração Macular Relacionada à Idade)\\ADAM\\__MACOSX\\ADAM\\Train\\Disc_Masks\\._N0284.bmp'
._N0285.bmp,cannot identify image file 'D:\\OIO+\\DATASET_RETINA\\01.Originais\\AMD (Degeneração Macular Relacionada à Idade)\\ADAM\\__MACOSX\\ADAM\\Train\\Disc_Masks\\._N0285.bmp'
._N0286.bmp,cannot identify image file 'D:\\OIO+\\DATASET_RETINA\\01.Originais\\AMD (Degeneração Macular Relacionada à Idade)\\ADAM\\__MACOSX\\ADAM\\Train\\Disc_Masks\\._N0286.bmp'
._N0287.bmp,cannot identify image file 'D:\\OIO+\\DATASET_RETINA\\01.Originais\\AMD (Degeneração Macular Relacionada à Idade)\\ADAM\\__MACOSX\\ADAM\\Train\\Disc_Masks\\._N0287.bmp'
._N0288.bmp,cannot identify image file 'D:\\OIO+\\DATASET_RETINA\\01.Originais\\AMD (Degeneração Macular Relacionada à Idade)\\ADAM\\__MACOSX\\ADAM\\Train\\Disc_Masks\\._N0288.bmp'
._N0289.bmp,cannot identify image file 'D:\\OIO+\\DATASET_RETINA\\01.Originais\\AMD (Degeneração Macular Relacionada à Idade)\\ADAM\\__MACOSX\\ADAM\\Train\\Disc_Masks\\._N0289.bmp'
._N0290.bmp,cannot identify image file 'D:\\OIO+\\DATASET_RETINA\\01.Originais\\AMD (Degeneração Macular Relacionada à Idade)\\ADAM\\__MACOSX\\ADAM\\Train\\Disc_Masks\\._N0290.bmp'
._N0291.bmp,cannot identify image file 'D:\\OIO+\\DATASET_RETINA\\01.Originais\\AMD (Degeneração Macular Relacionada à Idade)\\ADAM\\__MACOSX\\ADAM\\Train\\Disc_Masks\\._N0291.bmp'
._N0292.bmp,cannot identify image file 'D:\\OIO+\\DATASET_RETINA\\01.Originais\\AMD (Degeneração Macular Relacionada à Idade)\\ADAM\\__MACOSX\\ADAM\\Train\\Disc_Masks\\._N0292.bmp'
._N0293.bmp,cannot identify image file 'D:\\OIO+\\DATASET_RETINA\\01.Originais\\AMD (Degeneração Macular Relacionada à Idade)\\ADAM\\__MACOSX\\ADAM\\Train\\Disc_Masks\\._N0293.bmp'
._N0294.bmp,cannot identify image file 'D:\\OIO+\\DATASET_RETINA\\01.Originais\\AMD (Degeneração Macular Relacionada à Idade)\\ADAM\\__MACOSX\\ADAM\\Train\\Disc_Masks\\._N0294.bmp'
._N0295.bmp,cannot identify image file 'D:\\OIO+\\DATASET_RETINA\\01.Originais\\AMD (Degeneração Macular Relacionada à Idade)\\ADAM\\__MACOSX\\ADAM\\Train\\Disc_Masks\\._N0295.bmp'
._N0296.bmp,cannot identify image file 'D:\\OIO+\\DATASET_RETINA\\01.Originais\\AMD (Degeneração Macular Relacionada à Idade)\\ADAM\\__MACOSX\\ADAM\\Train\\Disc_Masks\\._N0296.bmp'
._N0297.bmp,cannot identify image file 'D:\\OIO+\\DATASET_RETINA\\01.Originais\\AMD (Degeneração Macular Relacionada à Idade)\\ADAM\\__MACOSX\\ADAM\\Train\\Disc_Masks\\._N0297.bmp'
._N0298.bmp,cannot identify image file 'D:\\OIO+\\DATASET_RETINA\\01.Originais\\AMD (Degeneração Macular Relacionada à Idade)\\ADAM\\__MACOSX\\ADAM\\Train\\Disc_Masks\\._N0298.bmp'
._N0299.bmp,cannot identify image file 'D:\\OIO+\\DATASET_RETINA\\01.Originais\\AMD (Degeneração Macular Relacionada à Idade)\\ADAM\\__MACOSX\\ADAM\\Train\\Disc_Masks\\._N0299.bmp'
._N0300.bmp,cannot identify image file 'D:\\OIO+\\DATASET_RETINA\\01.Originais\\AMD (Degeneração Macular Relacionada à Idade)\\ADAM\\__MACOSX\\ADAM\\Train\\Disc_Masks\\._N0300.bmp'
._N0301.bmp,cannot identify image file 'D:\\OIO+\\DATASET_RETINA\\01.Originais\\AMD (Degeneração Macular Relacionada à Idade)\\ADAM\\__MACOSX\\ADAM\\Train\\Disc_Masks\\._N0301.bmp'
._N0302.bmp,cannot identify image file 'D:\\OIO+\\DATASET_RETINA\\01.Originais\\AMD (Degeneração Macular Relacionada à Idade)\\ADAM\\__MACOSX\\ADAM\\Train\\Disc_Masks\\._N0302.bmp'
._N0303.bmp,cannot identify image file 'D:\\OIO+\\DATASET_RETINA\\01.Originais\\AMD (Degeneração Macular Relacionada à Idade)\\ADAM\\__MACOSX\\ADAM\\Train\\Disc_Masks\\._N0303.bmp'
._N0304.bmp,cannot identify image file 'D:\\OIO+\\DATASET_RETINA\\01.Originais\\AMD (Degeneração Macular Relacionada à Idade)\\ADAM\\__MACOSX\\ADAM\\Train\\Disc_Masks\\._N0304.bmp'
._N0305.bmp,cannot identify image file 'D:\\OIO+\\DATASET_RETINA\\01.Originais\\AMD (Degeneração Macular Relacionada à Idade)\\ADAM\\__MACOSX\\ADAM\\Train\\Disc_Masks\\._N0305.bmp'
._N0306.bmp,cannot identify image file 'D:\\OIO+\\DATASET_RETINA\\01.Originais\\AMD (Degeneração Macular Relacionada à Idade)\\ADAM\\__MACOSX\\ADAM\\Train\\Disc_Masks\\._N0306.bmp'
._N0307.bmp,cannot identify image file 'D:\\OIO+\\DATASET_RETINA\\01.Originais\\AMD (Degeneração Macular Relacionada à Idade)\\ADAM\\__MACOSX\\ADAM\\Train\\Disc_Masks\\._N0307.bmp'
._N0308.bmp,cannot identify image file 'D:\\OIO+\\DATASET_RETINA\\01.Originais\\AMD (Degeneração Macular Relacionada à Idade)\\ADAM\\__MACOSX\\ADAM\\Train\\Disc_Masks\\._N0308.bmp'
._N0309.bmp,cannot identify image file 'D:\\OIO+\\DATASET_RETINA\\01.Originais\\AMD (Degeneração Macular Relacionada à Idade)\\ADAM\\__MACOSX\\ADAM\\Train\\Disc_Masks\\._N0309.bmp'
._N0310.bmp,cannot identify image file 'D:\\OIO+\\DATASET_RETINA\\01.Originais\\AMD (Degeneração Macular Relacionada à Idade)\\ADAM\\__MACOSX\\ADAM\\Train\\Disc_Masks\\._N0310.bmp'
._N0311.bmp,cannot identify image file 'D:\\OIO+\\DATASET_RETINA\\01.Originais\\AMD (Degeneração Macular Relacionada à Idade)\\ADAM\\__MACOSX\\ADAM\\Train\\Disc_Masks\\._N0311.bmp'
._A0001.jpg,cannot identify image file 'D:\\OIO+\\DATASET_RETINA\\01.Originais\\AMD (Degeneração Macular Relacionada à Idade)\\ADAM\\__MACOSX\\ADAM\\Train\\Lesion_Illustration\\._A0001.jpg'
._A0002.jpg,cannot identify image file 'D:\\OIO+\\DATASET_RETINA\\01.Originais\\AMD (Degeneração Macular Relacionada à Idade)\\ADAM\\__MACOSX\\ADAM\\Train\\Lesion_Illustration\\._A0002.jpg'
._A0003.jpg,cannot identify image file 'D:\\OIO+\\DATASET_RETINA\\01.Originais\\AMD (Degeneração Macular Relacionada à Idade)\\ADAM\\__MACOSX\\ADAM\\Train\\Lesion_Illustration\\._A0003.jpg'
._A0004.jpg,cannot identify image file 'D:\\OIO+\\DATASET_RETINA\\01.Originais\\AMD (Degeneração Macular Relacionada à Idade)\\ADAM\\__MACOSX\\ADAM\\Train\\Lesion_Illustration\\._A0004.jpg'
._A0005.jpg,cannot identify image file 'D:\\OIO+\\DATASET_RETINA\\01.Originais\\AMD (Degeneração Macular Relacionada à Idade)\\ADAM\\__MACOSX\\ADAM\\Train\\Lesion_Illustration\\._A0005.jpg'
._A0006.jpg,cannot identify image file 'D:\\OIO+\\DATASET_RETINA\\01.Originais\\AMD (Degeneração Macular Relacionada à Idade)\\ADAM\\__MACOSX\\ADAM\\Train\\Lesion_Illustration\\._A0006.jpg'
._A0007.jpg,cannot identify image file 'D:\\OIO+\\DATASET_RETINA\\01.Originais\\AMD (Degeneração Macular Relacionada à Idade)\\ADAM\\__MACOSX\\ADAM\\Train\\Lesion_Illustration\\._A0007.jpg'
._A0008.jpg,cannot identify image file 'D:\\OIO+\\DATASET_RETINA\\01.Originais\\AMD (Degeneração Macular Relacionada à Idade)\\ADAM\\__MACOSX\\ADAM\\Train\\Lesion_Illustration\\._A0008.jpg'
._A0009.jpg,cannot identify image file 'D:\\OIO+\\DATASET_RETINA\\01.Originais\\AMD (Degeneração Macular Relacionada à Idade)\\ADAM\\__MACOSX\\ADAM\\Train\\Lesion_Illustration\\._A0009.jpg'
._A0010.jpg,cannot identify image file 'D:\\OIO+\\DATASET_RETINA\\01.Originais\\AMD (Degeneração Macular Relacionada à Idade)\\ADAM\\__MACOSX\\ADAM\\Train\\Lesion_Illustration\\._A0010.jpg'
._A0011.jpg,cannot identify image file 'D:\\OIO+\\DATASET_RETINA\\01.Originais\\AMD (Degeneração Macular Relacionada à Idade)\\ADAM\\__MACOSX\\ADAM\\Train\\Lesion_Illustration\\._A0011.jpg'
._A0012.jpg,cannot identify image file 'D:\\OIO+\\DATASET_RETINA\\01.Originais\\AMD (Degeneração Macular Relacionada à Idade)\\ADAM\\__MACOSX\\ADAM\\Train\\Lesion_Illustration\\._A0012.jpg'
._A0013.jpg,cannot identify image file 'D:\\OIO+\\DATASET_RETINA\\01.Originais\\AMD (Degeneração Macular Relacionada à Idade)\\ADAM\\__MACOSX\\ADAM\\Train\\Lesion_Illustration\\._A0013.jpg'
._A0014.jpg,cannot identify image file 'D:\\OIO+\\DATASET_RETINA\\01.Originais\\AMD (Degeneração Macular Relacionada à Idade)\\ADAM\\__MACOSX\\ADAM\\Train\\Lesion_Illustration\\._A0014.jpg'
._A0015.jpg,cannot identify image file 'D:\\OIO+\\DATASET_RETINA\\01.Originais\\AMD (Degeneração Macular Relacionada à Idade)\\ADAM\\__MACOSX\\ADAM\\Train\\Lesion_Illustration\\._A0015.jpg'
._A0016.jpg,cannot identify image file 'D:\\OIO+\\DATASET_RETINA\\01.Originais\\AMD (Degeneração Macular Relacionada à Idade)\\ADAM\\__MACOSX\\ADAM\\Train\\Lesion_Illustration\\._A0016.jpg'
._A0017.jpg,cannot identify image file 'D:\\OIO+\\DATASET_RETINA\\01.Originais\\AMD (Degeneração Macular Relacionada à Idade)\\ADAM\\__MACOSX\\ADAM\\Train\\Lesion_Illustration\\._A0017.jpg'
._A0018.jpg,cannot identify image file 'D:\\OIO+\\DATASET_RETINA\\01.Originais\\AMD (Degeneração Macular Relacionada à Idade)\\ADAM\\__MACOSX\\ADAM\\Train\\Lesion_Illustration\\._A0018.jpg'
._A0019.jpg,cannot identify image file 'D:\\OIO+\\DATASET_RETINA\\01.Originais\\AMD (Degeneração Macular Relacionada à Idade)\\ADAM\\__MACOSX\\ADAM\\Train\\Lesion_Illustration\\._A0019.jpg'
._A0020.jpg,cannot identify image file 'D:\\OIO+\\DATASET_RETINA\\01.Originais\\AMD (Degeneração Macular Relacionada à Idade)\\ADAM\\__MACOSX\\ADAM\\Train\\Lesion_Illustration\\._A0020.jpg'
._A0021.jpg,cannot identify image file 'D:\\OIO+\\DATASET_RETINA\\01.Originais\\AMD (Degeneração Macular Relacionada à Idade)\\ADAM\\__MACOSX\\ADAM\\Train\\Lesion_Illustration\\._A0021.jpg'
._A0022.jpg,cannot identify image file 'D:\\OIO+\\DATASET_RETINA\\01.Originais\\AMD (Degeneração Macular Relacionada à Idade)\\ADAM\\__MACOSX\\ADAM\\Train\\Lesion_Illustration\\._A0022.jpg'
._A0023.jpg,cannot identify image file 'D:\\OIO+\\DATASET_RETINA\\01.Originais\\AMD (Degeneração Macular Relacionada à Idade)\\ADAM\\__MACOSX\\ADAM\\Train\\Lesion_Illustration\\._A0023.jpg'
._A0024.jpg,cannot identify image file 'D:\\OIO+\\DATASET_RETINA\\01.Originais\\AMD (Degeneração Macular Relacionada à Idade)\\ADAM\\__MACOSX\\ADAM\\Train\\Lesion_Illustration\\._A0024.jpg'
._A0025.jpg,cannot identify image file 'D:\\OIO+\\DATASET_RETINA\\01.Originais\\AMD (Degeneração Macular Relacionada à Idade)\\ADAM\\__MACOSX\\ADAM\\Train\\Lesion_Illustration\\._A0025.jpg'
._A0026.jpg,cannot identify image file 'D:\\OIO+\\DATASET_RETINA\\01.Originais\\AMD (Degeneração Macular Relacionada à Idade)\\ADAM\\__MACOSX\\ADAM\\Train\\Lesion_Illustration\\._A0026.jpg'
._A0027.jpg,cannot identify image file 'D:\\OIO+\\DATASET_RETINA\\01.Originais\\AMD (Degeneração Macular Relacionada à Idade)\\ADAM\\__MACOSX\\ADAM\\Train\\Lesion_Illustration\\._A0027.jpg'
._A0028.jpg,cannot identify image file 'D:\\OIO+\\DATASET_RETINA\\01.Originais\\AMD (Degeneração Macular Relacionada à Idade)\\ADAM\\__MACOSX\\ADAM\\Train\\Lesion_Illustration\\._A0028.jpg'
._A0029.jpg,cannot identify image file 'D:\\OIO+\\DATASET_RETINA\\01.Originais\\AMD (Degeneração Macular Relacionada à Idade)\\ADAM\\__MACOSX\\ADAM\\Train\\Lesion_Illustration\\._A0029.jpg'
._A0030.jpg,cannot identify image file 'D:\\OIO+\\DATASET_RETINA\\01.Originais\\AMD (Degeneração Macular Relacionada à Idade)\\ADAM\\__MACOSX\\ADAM\\Train\\Lesion_Illustration\\._A0030.jpg'
._A0031.jpg,cannot identify image file 'D:\\OIO+\\DATASET_RETINA\\01.Originais\\AMD (Degeneração Macular Relacionada à Idade)\\ADAM\\__MACOSX\\ADAM\\Train\\Lesion_Illustration\\._A0031.jpg'
._A0032.jpg,cannot identify image file 'D:\\OIO+\\DATASET_RETINA\\01.Originais\\AMD (Degeneração Macular Relacionada à Idade)\\ADAM\\__MACOSX\\ADAM\\Train\\Lesion_Illustration\\._A0032.jpg'
._A0033.jpg,cannot identify image file 'D:\\OIO+\\DATASET_RETINA\\01.Originais\\AMD (Degeneração Macular Relacionada à Idade)\\ADAM\\__MACOSX\\ADAM\\Train\\Lesion_Illustration\\._A0033.jpg'
._A0034.jpg,cannot identify image file 'D:\\OIO+\\DATASET_RETINA\\01.Originais\\AMD (Degeneração Macular Relacionada à Idade)\\ADAM\\__MACOSX\\ADAM\\Train\\Lesion_Illustration\\._A0034.jpg'
._A0035.jpg,cannot identify image file 'D:\\OIO+\\DATASET_RETINA\\01.Originais\\AMD (Degeneração Macular Relacionada à Idade)\\ADAM\\__MACOSX\\ADAM\\Train\\Lesion_Illustration\\._A0035.jpg'
._A0036.jpg,cannot identify image file 'D:\\OIO+\\DATASET_RETINA\\01.Originais\\AMD (Degeneração Macular Relacionada à Idade)\\ADAM\\__MACOSX\\ADAM\\Train\\Lesion_Illustration\\._A0036.jpg'
._A0037.jpg,cannot identify image file 'D:\\OIO+\\DATASET_RETINA\\01.Originais\\AMD (Degeneração Macular Relacionada à Idade)\\ADAM\\__MACOSX\\ADAM\\Train\\Lesion_Illustration\\._A0037.jpg'
._A0038.jpg,cannot identify image file 'D:\\OIO+\\DATASET_RETINA\\01.Originais\\AMD (Degeneração Macular Relacionada à Idade)\\ADAM\\__MACOSX\\ADAM\\Train\\Lesion_Illustration\\._A0038.jpg'
._A0039.jpg,cannot identify image file 'D:\\OIO+\\DATASET_RETINA\\01.Originais\\AMD (Degeneração Macular Relacionada à Idade)\\ADAM\\__MACOSX\\ADAM\\Train\\Lesion_Illustration\\._A0039.jpg'
._A0040.jpg,cannot identify image file 'D:\\OIO+\\DATASET_RETINA\\01.Originais\\AMD (Degeneração Macular Relacionada à Idade)\\ADAM\\__MACOSX\\ADAM\\Train\\Lesion_Illustration\\._A0040.jpg'
._A0041.jpg,cannot identify image file 'D:\\OIO+\\DATASET_RETINA\\01.Originais\\AMD (Degeneração Macular Relacionada à Idade)\\ADAM\\__MACOSX\\ADAM\\Train\\Lesion_Illustration\\._A0041.jpg'
._A0042.jpg,cannot identify image file 'D:\\OIO+\\DATASET_RETINA\\01.Originais\\AMD (Degeneração Macular Relacionada à Idade)\\ADAM\\__MACOSX\\ADAM\\Train\\Lesion_Illustration\\._A0042.jpg'
._A0043.jpg,cannot identify image file 'D:\\OIO+\\DATASET_RETINA\\01.Originais\\AMD (Degeneração Macular Relacionada à Idade)\\ADAM\\__MACOSX\\ADAM\\Train\\Lesion_Illustration\\._A0043.jpg'
._A0044.jpg,cannot identify image file 'D:\\OIO+\\DATASET_RETINA\\01.Originais\\AMD (Degeneração Macular Relacionada à Idade)\\ADAM\\__MACOSX\\ADAM\\Train\\Lesion_Illustration\\._A0044.jpg'
._A0045.jpg,cannot identify image file 'D:\\OIO+\\DATASET_RETINA\\01.Originais\\AMD (Degeneração Macular Relacionada à Idade)\\ADAM\\__MACOSX\\ADAM\\Train\\Lesion_Illustration\\._A0045.jpg'
._A0046.jpg,cannot identify image file 'D:\\OIO+\\DATASET_RETINA\\01.Originais\\AMD (Degeneração Macular Relacionada à Idade)\\ADAM\\__MACOSX\\ADAM\\Train\\Lesion_Illustration\\._A0046.jpg'
._A0047.jpg,cannot identify image file 'D:\\OIO+\\DATASET_RETINA\\01.Originais\\AMD (Degeneração Macular Relacionada à Idade)\\ADAM\\__MACOSX\\ADAM\\Train\\Lesion_Illustration\\._A0047.jpg'
._A0048.jpg,cannot identify image file 'D:\\OIO+\\DATASET_RETINA\\01.Originais\\AMD (Degeneração Macular Relacionada à Idade)\\ADAM\\__MACOSX\\ADAM\\Train\\Lesion_Illustration\\._A0048.jpg'
._A0049.jpg,cannot identify image file 'D:\\OIO+\\DATASET_RETINA\\01.Originais\\AMD (Degeneração Macular Relacionada à Idade)\\ADAM\\__MACOSX\\ADAM\\Train\\Lesion_Illustration\\._A0049.jpg'
._A0050.jpg,cannot identify image file 'D:\\OIO+\\DATASET_RETINA\\01.Originais\\AMD (Degeneração Macular Relacionada à Idade)\\ADAM\\__MACOSX\\ADAM\\Train\\Lesion_Illustration\\._A0050.jpg'
._A0051.jpg,cannot identify image file 'D:\\OIO+\\DATASET_RETINA\\01.Originais\\AMD (Degeneração Macular Relacionada à Idade)\\ADAM\\__MACOSX\\ADAM\\Train\\Lesion_Illustration\\._A0051.jpg'
._A0052.jpg,cannot identify image file 'D:\\OIO+\\DATASET_RETINA\\01.Originais\\AMD (Degeneração Macular Relacionada à Idade)\\ADAM\\__MACOSX\\ADAM\\Train\\Lesion_Illustration\\._A0052.jpg'
._A0053.jpg,cannot identify image file 'D:\\OIO+\\DATASET_RETINA\\01.Originais\\AMD (Degeneração Macular Relacionada à Idade)\\ADAM\\__MACOSX\\ADAM\\Train\\Lesion_Illustration\\._A0053.jpg'
._A0054.jpg,cannot identify image file 'D:\\OIO+\\DATASET_RETINA\\01.Originais\\AMD (Degeneração Macular Relacionada à Idade)\\ADAM\\__MACOSX\\ADAM\\Train\\Lesion_Illustration\\._A0054.jpg'
._A0055.jpg,cannot identify image file 'D:\\OIO+\\DATASET_RETINA\\01.Originais\\AMD (Degeneração Macular Relacionada à Idade)\\ADAM\\__MACOSX\\ADAM\\Train\\Lesion_Illustration\\._A0055.jpg'
._A0056.jpg,cannot identify image file 'D:\\OIO+\\DATASET_RETINA\\01.Originais\\AMD (Degeneração Macular Relacionada à Idade)\\ADAM\\__MACOSX\\ADAM\\Train\\Lesion_Illustration\\._A0056.jpg'
._A0057.jpg,cannot identify image file 'D:\\OIO+\\DATASET_RETINA\\01.Originais\\AMD (Degeneração Macular Relacionada à Idade)\\ADAM\\__MACOSX\\ADAM\\Train\\Lesion_Illustration\\._A0057.jpg'
._A0058.jpg,cannot identify image file 'D:\\OIO+\\DATASET_RETINA\\01.Originais\\AMD (Degeneração Macular Relacionada à Idade)\\ADAM\\__MACOSX\\ADAM\\Train\\Lesion_Illustration\\._A0058.jpg'
._A0059.jpg,cannot identify image file 'D:\\OIO+\\DATASET_RETINA\\01.Originais\\AMD (Degeneração Macular Relacionada à Idade)\\ADAM\\__MACOSX\\ADAM\\Train\\Lesion_Illustration\\._A0059.jpg'
._A0060.jpg,cannot identify image file 'D:\\OIO+\\DATASET_RETINA\\01.Originais\\AMD (Degeneração Macular Relacionada à Idade)\\ADAM\\__MACOSX\\ADAM\\Train\\Lesion_Illustration\\._A0060.jpg'
._A0061.jpg,cannot identify image file 'D:\\OIO+\\DATASET_RETINA\\01.Originais\\AMD (Degeneração Macular Relacionada à Idade)\\ADAM\\__MACOSX\\ADAM\\Train\\Lesion_Illustration\\._A0061.jpg'
._A0062.jpg,cannot identify image file 'D:\\OIO+\\DATASET_RETINA\\01.Originais\\AMD (Degeneração Macular Relacionada à Idade)\\ADAM\\__MACOSX\\ADAM\\Train\\Lesion_Illustration\\._A0062.jpg'
._A0063.jpg,cannot identify image file 'D:\\OIO+\\DATASET_RETINA\\01.Originais\\AMD (Degeneração Macular Relacionada à Idade)\\ADAM\\__MACOSX\\ADAM\\Train\\Lesion_Illustration\\._A0063.jpg'
._A0064.jpg,cannot identify image file 'D:\\OIO+\\DATASET_RETINA\\01.Originais\\AMD (Degeneração Macular Relacionada à Idade)\\ADAM\\__MACOSX\\ADAM\\Train\\Lesion_Illustration\\._A0064.jpg'
._A0065.jpg,cannot identify image file 'D:\\OIO+\\DATASET_RETINA\\01.Originais\\AMD (Degeneração Macular Relacionada à Idade)\\ADAM\\__MACOSX\\ADAM\\Train\\Lesion_Illustration\\._A0065.jpg'
._A0066.jpg,cannot identify image file 'D:\\OIO+\\DATASET_RETINA\\01.Originais\\AMD (Degeneração Macular Relacionada à Idade)\\ADAM\\__MACOSX\\ADAM\\Train\\Lesion_Illustration\\._A0066.jpg'
._A0067.jpg,cannot identify image file 'D:\\OIO+\\DATASET_RETINA\\01.Originais\\AMD (Degeneração Macular Relacionada à Idade)\\ADAM\\__MACOSX\\ADAM\\Train\\Lesion_Illustration\\._A0067.jpg'
._A0068.jpg,cannot identify image file 'D:\\OIO+\\DATASET_RETINA\\01.Originais\\AMD (Degeneração Macular Relacionada à Idade)\\ADAM\\__MACOSX\\ADAM\\Train\\Lesion_Illustration\\._A0068.jpg'
._A0069.jpg,cannot identify image file 'D:\\OIO+\\DATASET_RETINA\\01.Originais\\AMD (Degeneração Macular Relacionada à Idade)\\ADAM\\__MACOSX\\ADAM\\Train\\Lesion_Illustration\\._A0069.jpg'
._A0070.jpg,cannot identify image file 'D:\\OIO+\\DATASET_RETINA\\01.Originais\\AMD (Degeneração Macular Relacionada à Idade)\\ADAM\\__MACOSX\\ADAM\\Train\\Lesion_Illustration\\._A0070.jpg'
._A0071.jpg,cannot identify image file 'D:\\OIO+\\DATASET_RETINA\\01.Originais\\AMD (Degeneração Macular Relacionada à Idade)\\ADAM\\__MACOSX\\ADAM\\Train\\Lesion_Illustration\\._A0071.jpg'
._A0072.jpg,cannot identify image file 'D:\\OIO+\\DATASET_RETINA\\01.Originais\\AMD (Degeneração Macular Relacionada à Idade)\\ADAM\\__MACOSX\\ADAM\\Train\\Lesion_Illustration\\._A0072.jpg'
._A0073.jpg,cannot identify image file 'D:\\OIO+\\DATASET_RETINA\\01.Originais\\AMD (Degeneração Macular Relacionada à Idade)\\ADAM\\__MACOSX\\ADAM\\Train\\Lesion_Illustration\\._A0073.jpg'
._A0074.jpg,cannot identify image file 'D:\\OIO+\\DATASET_RETINA\\01.Originais\\AMD (Degeneração Macular Relacionada à Idade)\\ADAM\\__MACOSX\\ADAM\\Train\\Lesion_Illustration\\._A0074.jpg'
._A0075.jpg,cannot identify image file 'D:\\OIO+\\DATASET_RETINA\\01.Originais\\AMD (Degeneração Macular Relacionada à Idade)\\ADAM\\__MACOSX\\ADAM\\Train\\Lesion_Illustration\\._A0075.jpg'
._A0076.jpg,cannot identify image file 'D:\\OIO+\\DATASET_RETINA\\01.Originais\\AMD (Degeneração Macular Relacionada à Idade)\\ADAM\\__MACOSX\\ADAM\\Train\\Lesion_Illustration\\._A0076.jpg'
._A0077.jpg,cannot identify image file 'D:\\OIO+\\DATASET_RETINA\\01.Originais\\AMD (Degeneração Macular Relacionada à Idade)\\ADAM\\__MACOSX\\ADAM\\Train\\Lesion_Illustration\\._A0077.jpg'
._A0078.jpg,cannot identify image file 'D:\\OIO+\\DATASET_RETINA\\01.Originais\\AMD (Degeneração Macular Relacionada à Idade)\\ADAM\\__MACOSX\\ADAM\\Train\\Lesion_Illustration\\._A0078.jpg'
._A0079.jpg,cannot identify image file 'D:\\OIO+\\DATASET_RETINA\\01.Originais\\AMD (Degeneração Macular Relacionada à Idade)\\ADAM\\__MACOSX\\ADAM\\Train\\Lesion_Illustration\\._A0079.jpg'
._A0080.jpg,cannot identify image file 'D:\\OIO+\\DATASET_RETINA\\01.Originais\\AMD (Degeneração Macular Relacionada à Idade)\\ADAM\\__MACOSX\\ADAM\\Train\\Lesion_Illustration\\._A0080.jpg'
._A0081.jpg,cannot identify image file 'D:\\OIO+\\DATASET_RETINA\\01.Originais\\AMD (Degeneração Macular Relacionada à Idade)\\ADAM\\__MACOSX\\ADAM\\Train\\Lesion_Illustration\\._A0081.jpg'
._A0082.jpg,cannot identify image file 'D:\\OIO+\\DATASET_RETINA\\01.Originais\\AMD (Degeneração Macular Relacionada à Idade)\\ADAM\\__MACOSX\\ADAM\\Train\\Lesion_Illustration\\._A0082.jpg'
._A0083.jpg,cannot identify image file 'D:\\OIO+\\DATASET_RETINA\\01.Originais\\AMD (Degeneração Macular Relacionada à Idade)\\ADAM\\__MACOSX\\ADAM\\Train\\Lesion_Illustration\\._A0083.jpg'
._A0084.jpg,cannot identify image file 'D:\\OIO+\\DATASET_RETINA\\01.Originais\\AMD (Degeneração Macular Relacionada à Idade)\\ADAM\\__MACOSX\\ADAM\\Train\\Lesion_Illustration\\._A0084.jpg'
._A0085.jpg,cannot identify image file 'D:\\OIO+\\DATASET_RETINA\\01.Originais\\AMD (Degeneração Macular Relacionada à Idade)\\ADAM\\__MACOSX\\ADAM\\Train\\Lesion_Illustration\\._A0085.jpg'
._A0086.jpg,cannot identify image file 'D:\\OIO+\\DATASET_RETINA\\01.Originais\\AMD (Degeneração Macular Relacionada à Idade)\\ADAM\\__MACOSX\\ADAM\\Train\\Lesion_Illustration\\._A0086.jpg'
._A0087.jpg,cannot identify image file 'D:\\OIO+\\DATASET_RETINA\\01.Originais\\AMD (Degeneração Macular Relacionada à Idade)\\ADAM\\__MACOSX\\ADAM\\Train\\Lesion_Illustration\\._A0087.jpg'
._A0088.jpg,cannot identify image file 'D:\\OIO+\\DATASET_RETINA\\01.Originais\\AMD (Degeneração Macular Relacionada à Idade)\\ADAM\\__MACOSX\\ADAM\\Train\\Lesion_Illustration\\._A0088.jpg'
._A0089.jpg,cannot identify image file 'D:\\OIO+\\DATASET_RETINA\\01.Originais\\AMD (Degeneração Macular Relacionada à Idade)\\ADAM\\__MACOSX\\ADAM\\Train\\Lesion_Illustration\\._A0089.jpg'
._N0001.jpg,cannot identify image file 'D:\\OIO+\\DATASET_RETINA\\01.Originais\\AMD (Degeneração Macular Relacionada à Idade)\\ADAM\\__MACOSX\\ADAM\\Train\\Lesion_Illustration\\._N0001.jpg'
._N0002.jpg,cannot identify image file 'D:\\OIO+\\DATASET_RETINA\\01.Originais\\AMD (Degeneração Macular Relacionada à Idade)\\ADAM\\__MACOSX\\ADAM\\Train\\Lesion_Illustration\\._N0002.jpg'
._N0003.jpg,cannot identify image file 'D:\\OIO+\\DATASET_RETINA\\01.Originais\\AMD (Degeneração Macular Relacionada à Idade)\\ADAM\\__MACOSX\\ADAM\\Train\\Lesion_Illustration\\._N0003.jpg'
._N0004.jpg,cannot identify image file 'D:\\OIO+\\DATASET_RETINA\\01.Originais\\AMD (Degeneração Macular Relacionada à Idade)\\ADAM\\__MACOSX\\ADAM\\Train\\Lesion_Illustration\\._N0004.jpg'
._N0005.jpg,cannot identify image file 'D:\\OIO+\\DATASET_RETINA\\01.Originais\\AMD (Degeneração Macular Relacionada à Idade)\\ADAM\\__MACOSX\\ADAM\\Train\\Lesion_Illustration\\._N0005.jpg'
._N0006.jpg,cannot identify image file 'D:\\OIO+\\DATASET_RETINA\\01.Originais\\AMD (Degeneração Macular Relacionada à Idade)\\ADAM\\__MACOSX\\ADAM\\Train\\Lesion_Illustration\\._N0006.jpg'
._N0007.jpg,cannot identify image file 'D:\\OIO+\\DATASET_RETINA\\01.Originais\\AMD (Degeneração Macular Relacionada à Idade)\\ADAM\\__MACOSX\\ADAM\\Train\\Lesion_Illustration\\._N0007.jpg'
._N0008.jpg,cannot identify image file 'D:\\OIO+\\DATASET_RETINA\\01.Originais\\AMD (Degeneração Macular Relacionada à Idade)\\ADAM\\__MACOSX\\ADAM\\Train\\Lesion_Illustration\\._N0008.jpg'
._N0009.jpg,cannot identify image file 'D:\\OIO+\\DATASET_RETINA\\01.Originais\\AMD (Degeneração Macular Relacionada à Idade)\\ADAM\\__MACOSX\\ADAM\\Train\\Lesion_Illustration\\._N0009.jpg'
._N0010.jpg,cannot identify image file 'D:\\OIO+\\DATASET_RETINA\\01.Originais\\AMD (Degeneração Macular Relacionada à Idade)\\ADAM\\__MACOSX\\ADAM\\Train\\Lesion_Illustration\\._N0010.jpg'
._N0011.jpg,cannot identify image file 'D:\\OIO+\\DATASET_RETINA\\01.Originais\\AMD (Degeneração Macular Relacionada à Idade)\\ADAM\\__MACOSX\\ADAM\\Train\\Lesion_Illustration\\._N0011.jpg'
._N0012.jpg,cannot identify image file 'D:\\OIO+\\DATASET_RETINA\\01.Originais\\AMD (Degeneração Macular Relacionada à Idade)\\ADAM\\__MACOSX\\ADAM\\Train\\Lesion_Illustration\\._N0012.jpg'
._N0013.jpg,cannot identify image file 'D:\\OIO+\\DATASET_RETINA\\01.Originais\\AMD (Degeneração Macular Relacionada à Idade)\\ADAM\\__MACOSX\\ADAM\\Train\\Lesion_Illustration\\._N0013.jpg'
._N0014.jpg,cannot identify image file 'D:\\OIO+\\DATASET_RETINA\\01.Originais\\AMD (Degeneração Macular Relacionada à Idade)\\ADAM\\__MACOSX\\ADAM\\Train\\Lesion_Illustration\\._N0014.jpg'
._N0015.jpg,cannot identify image file 'D:\\OIO+\\DATASET_RETINA\\01.Originais\\AMD (Degeneração Macular Relacionada à Idade)\\ADAM\\__MACOSX\\ADAM\\Train\\Lesion_Illustration\\._N0015.jpg'
._N0016.jpg,cannot identify image file 'D:\\OIO+\\DATASET_RETINA\\01.Originais\\AMD (Degeneração Macular Relacionada à Idade)\\ADAM\\__MACOSX\\ADAM\\Train\\Lesion_Illustration\\._N0016.jpg'
._N0017.jpg,cannot identify image file 'D:\\OIO+\\DATASET_RETINA\\01.Originais\\AMD (Degeneração Macular Relacionada à Idade)\\ADAM\\__MACOSX\\ADAM\\Train\\Lesion_Illustration\\._N0017.jpg'
._N0018.jpg,cannot identify image file 'D:\\OIO+\\DATASET_RETINA\\01.Originais\\AMD (Degeneração Macular Relacionada à Idade)\\ADAM\\__MACOSX\\ADAM\\Train\\Lesion_Illustration\\._N0018.jpg'
._N0019.jpg,cannot identify image file 'D:\\OIO+\\DATASET_RETINA\\01.Originais\\AMD (Degeneração Macular Relacionada à Idade)\\ADAM\\__MACOSX\\ADAM\\Train\\Lesion_Illustration\\._N0019.jpg'
._N0020.jpg,cannot identify image file 'D:\\OIO+\\DATASET_RETINA\\01.Originais\\AMD (Degeneração Macular Relacionada à Idade)\\ADAM\\__MACOSX\\ADAM\\Train\\Lesion_Illustration\\._N0020.jpg'
._N0021.jpg,cannot identify image file 'D:\\OIO+\\DATASET_RETINA\\01.Originais\\AMD (Degeneração Macular Relacionada à Idade)\\ADAM\\__MACOSX\\ADAM\\Train\\Lesion_Illustration\\._N0021.jpg'
._N0022.jpg,cannot identify image file 'D:\\OIO+\\DATASET_RETINA\\01.Originais\\AMD (Degeneração Macular Relacionada à Idade)\\ADAM\\__MACOSX\\ADAM\\Train\\Lesion_Illustration\\._N0022.jpg'
._N0023.jpg,cannot identify image file 'D:\\OIO+\\DATASET_RETINA\\01.Originais\\AMD (Degeneração Macular Relacionada à Idade)\\ADAM\\__MACOSX\\ADAM\\Train\\Lesion_Illustration\\._N0023.jpg'
._N0024.jpg,cannot identify image file 'D:\\OIO+\\DATASET_RETINA\\01.Originais\\AMD (Degeneração Macular Relacionada à Idade)\\ADAM\\__MACOSX\\ADAM\\Train\\Lesion_Illustration\\._N0024.jpg'
._N0025.jpg,cannot identify image file 'D:\\OIO+\\DATASET_RETINA\\01.Originais\\AMD (Degeneração Macular Relacionada à Idade)\\ADAM\\__MACOSX\\ADAM\\Train\\Lesion_Illustration\\._N0025.jpg'
._N0026.jpg,cannot identify image file 'D:\\OIO+\\DATASET_RETINA\\01.Originais\\AMD (Degeneração Macular Relacionada à Idade)\\ADAM\\__MACOSX\\ADAM\\Train\\Lesion_Illustration\\._N0026.jpg'
._N0027.jpg,cannot identify image file 'D:\\OIO+\\DATASET_RETINA\\01.Originais\\AMD (Degeneração Macular Relacionada à Idade)\\ADAM\\__MACOSX\\ADAM\\Train\\Lesion_Illustration\\._N0027.jpg'
._N0028.jpg,cannot identify image file 'D:\\OIO+\\DATASET_RETINA\\01.Originais\\AMD (Degeneração Macular Relacionada à Idade)\\ADAM\\__MACOSX\\ADAM\\Train\\Lesion_Illustration\\._N0028.jpg'
._N0029.jpg,cannot identify image file 'D:\\OIO+\\DATASET_RETINA\\01.Originais\\AMD (Degeneração Macular Relacionada à Idade)\\ADAM\\__MACOSX\\ADAM\\Train\\Lesion_Illustration\\._N0029.jpg'
._N0030.jpg,cannot identify image file 'D:\\OIO+\\DATASET_RETINA\\01.Originais\\AMD (Degeneração Macular Relacionada à Idade)\\ADAM\\__MACOSX\\ADAM\\Train\\Lesion_Illustration\\._N0030.jpg'
._N0031.jpg,cannot identify image file 'D:\\OIO+\\DATASET_RETINA\\01.Originais\\AMD (Degeneração Macular Relacionada à Idade)\\ADAM\\__MACOSX\\ADAM\\Train\\Lesion_Illustration\\._N0031.jpg'
._N0032.jpg,cannot identify image file 'D:\\OIO+\\DATASET_RETINA\\01.Originais\\AMD (Degeneração Macular Relacionada à Idade)\\ADAM\\__MACOSX\\ADAM\\Train\\Lesion_Illustration\\._N0032.jpg'
._N0033.jpg,cannot identify image file 'D:\\OIO+\\DATASET_RETINA\\01.Originais\\AMD (Degeneração Macular Relacionada à Idade)\\ADAM\\__MACOSX\\ADAM\\Train\\Lesion_Illustration\\._N0033.jpg'
._N0034.jpg,cannot identify image file 'D:\\OIO+\\DATASET_RETINA\\01.Originais\\AMD (Degeneração Macular Relacionada à Idade)\\ADAM\\__MACOSX\\ADAM\\Train\\Lesion_Illustration\\._N0034.jpg'
._N0035.jpg,cannot identify image file 'D:\\OIO+\\DATASET_RETINA\\01.Originais\\AMD (Degeneração Macular Relacionada à Idade)\\ADAM\\__MACOSX\\ADAM\\Train\\Lesion_Illustration\\._N0035.jpg'
._N0036.jpg,cannot identify image file 'D:\\OIO+\\DATASET_RETINA\\01.Originais\\AMD (Degeneração Macular Relacionada à Idade)\\ADAM\\__MACOSX\\ADAM\\Train\\Lesion_Illustration\\._N0036.jpg'
._N0037.jpg,cannot identify image file 'D:\\OIO+\\DATASET_RETINA\\01.Originais\\AMD (Degeneração Macular Relacionada à Idade)\\ADAM\\__MACOSX\\ADAM\\Train\\Lesion_Illustration\\._N0037.jpg'
._N0038.jpg,cannot identify image file 'D:\\OIO+\\DATASET_RETINA\\01.Originais\\AMD (Degeneração Macular Relacionada à Idade)\\ADAM\\__MACOSX\\ADAM\\Train\\Lesion_Illustration\\._N0038.jpg'
._N0039.jpg,cannot identify image file 'D:\\OIO+\\DATASET_RETINA\\01.Originais\\AMD (Degeneração Macular Relacionada à Idade)\\ADAM\\__MACOSX\\ADAM\\Train\\Lesion_Illustration\\._N0039.jpg'
._N0040.jpg,cannot identify image file 'D:\\OIO+\\DATASET_RETINA\\01.Originais\\AMD (Degeneração Macular Relacionada à Idade)\\ADAM\\__MACOSX\\ADAM\\Train\\Lesion_Illustration\\._N0040.jpg'
._N0041.jpg,cannot identify image file 'D:\\OIO+\\DATASET_RETINA\\01.Originais\\AMD (Degeneração Macular Relacionada à Idade)\\ADAM\\__MACOSX\\ADAM\\Train\\Lesion_Illustration\\._N0041.jpg'
._N0042.jpg,cannot identify image file 'D:\\OIO+\\DATASET_RETINA\\01.Originais\\AMD (Degeneração Macular Relacionada à Idade)\\ADAM\\__MACOSX\\ADAM\\Train\\Lesion_Illustration\\._N0042.jpg'
._N0043.jpg,cannot identify image file 'D:\\OIO+\\DATASET_RETINA\\01.Originais\\AMD (Degeneração Macular Relacionada à Idade)\\ADAM\\__MACOSX\\ADAM\\Train\\Lesion_Illustration\\._N0043.jpg'
._N0044.jpg,cannot identify image file 'D:\\OIO+\\DATASET_RETINA\\01.Originais\\AMD (Degeneração Macular Relacionada à Idade)\\ADAM\\__MACOSX\\ADAM\\Train\\Lesion_Illustration\\._N0044.jpg'
._N0045.jpg,cannot identify image file 'D:\\OIO+\\DATASET_RETINA\\01.Originais\\AMD (Degeneração Macular Relacionada à Idade)\\ADAM\\__MACOSX\\ADAM\\Train\\Lesion_Illustration\\._N0045.jpg'
._N0046.jpg,cannot identify image file 'D:\\OIO+\\DATASET_RETINA\\01.Originais\\AMD (Degeneração Macular Relacionada à Idade)\\ADAM\\__MACOSX\\ADAM\\Train\\Lesion_Illustration\\._N0046.jpg'
._N0047.jpg,cannot identify image file 'D:\\OIO+\\DATASET_RETINA\\01.Originais\\AMD (Degeneração Macular Relacionada à Idade)\\ADAM\\__MACOSX\\ADAM\\Train\\Lesion_Illustration\\._N0047.jpg'
._N0048.jpg,cannot identify image file 'D:\\OIO+\\DATASET_RETINA\\01.Originais\\AMD (Degeneração Macular Relacionada à Idade)\\ADAM\\__MACOSX\\ADAM\\Train\\Lesion_Illustration\\._N0048.jpg'
._N0049.jpg,cannot identify image file 'D:\\OIO+\\DATASET_RETINA\\01.Originais\\AMD (Degeneração Macular Relacionada à Idade)\\ADAM\\__MACOSX\\ADAM\\Train\\Lesion_Illustration\\._N0049.jpg'
._N0050.jpg,cannot identify image file 'D:\\OIO+\\DATASET_RETINA\\01.Originais\\AMD (Degeneração Macular Relacionada à Idade)\\ADAM\\__MACOSX\\ADAM\\Train\\Lesion_Illustration\\._N0050.jpg'
._N0051.jpg,cannot identify image file 'D:\\OIO+\\DATASET_RETINA\\01.Originais\\AMD (Degeneração Macular Relacionada à Idade)\\ADAM\\__MACOSX\\ADAM\\Train\\Lesion_Illustration\\._N0051.jpg'
._N0052.jpg,cannot identify image file 'D:\\OIO+\\DATASET_RETINA\\01.Originais\\AMD (Degeneração Macular Relacionada à Idade)\\ADAM\\__MACOSX\\ADAM\\Train\\Lesion_Illustration\\._N0052.jpg'
._N0053.jpg,cannot identify image file 'D:\\OIO+\\DATASET_RETINA\\01.Originais\\AMD (Degeneração Macular Relacionada à Idade)\\ADAM\\__MACOSX\\ADAM\\Train\\Lesion_Illustration\\._N0053.jpg'
._N0054.jpg,cannot identify image file 'D:\\OIO+\\DATASET_RETINA\\01.Originais\\AMD (Degeneração Macular Relacionada à Idade)\\ADAM\\__MACOSX\\ADAM\\Train\\Lesion_Illustration\\._N0054.jpg'
._N0055.jpg,cannot identify image file 'D:\\OIO+\\DATASET_RETINA\\01.Originais\\AMD (Degeneração Macular Relacionada à Idade)\\ADAM\\__MACOSX\\ADAM\\Train\\Lesion_Illustration\\._N0055.jpg'
._N0056.jpg,cannot identify image file 'D:\\OIO+\\DATASET_RETINA\\01.Originais\\AMD (Degeneração Macular Relacionada à Idade)\\ADAM\\__MACOSX\\ADAM\\Train\\Lesion_Illustration\\._N0056.jpg'
._N0057.jpg,cannot identify image file 'D:\\OIO+\\DATASET_RETINA\\01.Originais\\AMD (Degeneração Macular Relacionada à Idade)\\ADAM\\__MACOSX\\ADAM\\Train\\Lesion_Illustration\\._N0057.jpg'
._N0058.jpg,cannot identify image file 'D:\\OIO+\\DATASET_RETINA\\01.Originais\\AMD (Degeneração Macular Relacionada à Idade)\\ADAM\\__MACOSX\\ADAM\\Train\\Lesion_Illustration\\._N0058.jpg'
._N0059.jpg,cannot identify image file 'D:\\OIO+\\DATASET_RETINA\\01.Originais\\AMD (Degeneração Macular Relacionada à Idade)\\ADAM\\__MACOSX\\ADAM\\Train\\Lesion_Illustration\\._N0059.jpg'
._N0060.jpg,cannot identify image file 'D:\\OIO+\\DATASET_RETINA\\01.Originais\\AMD (Degeneração Macular Relacionada à Idade)\\ADAM\\__MACOSX\\ADAM\\Train\\Lesion_Illustration\\._N0060.jpg'
._N0061.jpg,cannot identify image file 'D:\\OIO+\\DATASET_RETINA\\01.Originais\\AMD (Degeneração Macular Relacionada à Idade)\\ADAM\\__MACOSX\\ADAM\\Train\\Lesion_Illustration\\._N0061.jpg'
._N0062.jpg,cannot identify image file 'D:\\OIO+\\DATASET_RETINA\\01.Originais\\AMD (Degeneração Macular Relacionada à Idade)\\ADAM\\__MACOSX\\ADAM\\Train\\Lesion_Illustration\\._N0062.jpg'
._N0063.jpg,cannot identify image file 'D:\\OIO+\\DATASET_RETINA\\01.Originais\\AMD (Degeneração Macular Relacionada à Idade)\\ADAM\\__MACOSX\\ADAM\\Train\\Lesion_Illustration\\._N0063.jpg'
._N0064.jpg,cannot identify image file 'D:\\OIO+\\DATASET_RETINA\\01.Originais\\AMD (Degeneração Macular Relacionada à Idade)\\ADAM\\__MACOSX\\ADAM\\Train\\Lesion_Illustration\\._N0064.jpg'
._N0065.jpg,cannot identify image file 'D:\\OIO+\\DATASET_RETINA\\01.Originais\\AMD (Degeneração Macular Relacionada à Idade)\\ADAM\\__MACOSX\\ADAM\\Train\\Lesion_Illustration\\._N0065.jpg'
._N0066.jpg,cannot identify image file 'D:\\OIO+\\DATASET_RETINA\\01.Originais\\AMD (Degeneração Macular Relacionada à Idade)\\ADAM\\__MACOSX\\ADAM\\Train\\Lesion_Illustration\\._N0066.jpg'
._N0067.jpg,cannot identify image file 'D:\\OIO+\\DATASET_RETINA\\01.Originais\\AMD (Degeneração Macular Relacionada à Idade)\\ADAM\\__MACOSX\\ADAM\\Train\\Lesion_Illustration\\._N0067.jpg'
._N0068.jpg,cannot identify image file 'D:\\OIO+\\DATASET_RETINA\\01.Originais\\AMD (Degeneração Macular Relacionada à Idade)\\ADAM\\__MACOSX\\ADAM\\Train\\Lesion_Illustration\\._N0068.jpg'
._N0069.jpg,cannot identify image file 'D:\\OIO+\\DATASET_RETINA\\01.Originais\\AMD (Degeneração Macular Relacionada à Idade)\\ADAM\\__MACOSX\\ADAM\\Train\\Lesion_Illustration\\._N0069.jpg'
._N0070.jpg,cannot identify image file 'D:\\OIO+\\DATASET_RETINA\\01.Originais\\AMD (Degeneração Macular Relacionada à Idade)\\ADAM\\__MACOSX\\ADAM\\Train\\Lesion_Illustration\\._N0070.jpg'
._N0071.jpg,cannot identify image file 'D:\\OIO+\\DATASET_RETINA\\01.Originais\\AMD (Degeneração Macular Relacionada à Idade)\\ADAM\\__MACOSX\\ADAM\\Train\\Lesion_Illustration\\._N0071.jpg'
._N0072.jpg,cannot identify image file 'D:\\OIO+\\DATASET_RETINA\\01.Originais\\AMD (Degeneração Macular Relacionada à Idade)\\ADAM\\__MACOSX\\ADAM\\Train\\Lesion_Illustration\\._N0072.jpg'
._N0073.jpg,cannot identify image file 'D:\\OIO+\\DATASET_RETINA\\01.Originais\\AMD (Degeneração Macular Relacionada à Idade)\\ADAM\\__MACOSX\\ADAM\\Train\\Lesion_Illustration\\._N0073.jpg'
._N0074.jpg,cannot identify image file 'D:\\OIO+\\DATASET_RETINA\\01.Originais\\AMD (Degeneração Macular Relacionada à Idade)\\ADAM\\__MACOSX\\ADAM\\Train\\Lesion_Illustration\\._N0074.jpg'
._N0075.jpg,cannot identify image file 'D:\\OIO+\\DATASET_RETINA\\01.Originais\\AMD (Degeneração Macular Relacionada à Idade)\\ADAM\\__MACOSX\\ADAM\\Train\\Lesion_Illustration\\._N0075.jpg'
._N0076.jpg,cannot identify image file 'D:\\OIO+\\DATASET_RETINA\\01.Originais\\AMD (Degeneração Macular Relacionada à Idade)\\ADAM\\__MACOSX\\ADAM\\Train\\Lesion_Illustration\\._N0076.jpg'
._N0077.jpg,cannot identify image file 'D:\\OIO+\\DATASET_RETINA\\01.Originais\\AMD (Degeneração Macular Relacionada à Idade)\\ADAM\\__MACOSX\\ADAM\\Train\\Lesion_Illustration\\._N0077.jpg'
._N0078.jpg,cannot identify image file 'D:\\OIO+\\DATASET_RETINA\\01.Originais\\AMD (Degeneração Macular Relacionada à Idade)\\ADAM\\__MACOSX\\ADAM\\Train\\Lesion_Illustration\\._N0078.jpg'
._N0079.jpg,cannot identify image file 'D:\\OIO+\\DATASET_RETINA\\01.Originais\\AMD (Degeneração Macular Relacionada à Idade)\\ADAM\\__MACOSX\\ADAM\\Train\\Lesion_Illustration\\._N0079.jpg'
._N0080.jpg,cannot identify image file 'D:\\OIO+\\DATASET_RETINA\\01.Originais\\AMD (Degeneração Macular Relacionada à Idade)\\ADAM\\__MACOSX\\ADAM\\Train\\Lesion_Illustration\\._N0080.jpg'
._N0081.jpg,cannot identify image file 'D:\\OIO+\\DATASET_RETINA\\01.Originais\\AMD (Degeneração Macular Relacionada à Idade)\\ADAM\\__MACOSX\\ADAM\\Train\\Lesion_Illustration\\._N0081.jpg'
._N0082.jpg,cannot identify image file 'D:\\OIO+\\DATASET_RETINA\\01.Originais\\AMD (Degeneração Macular Relacionada à Idade)\\ADAM\\__MACOSX\\ADAM\\Train\\Lesion_Illustration\\._N0082.jpg'
._N0083.jpg,cannot identify image file 'D:\\OIO+\\DATASET_RETINA\\01.Originais\\AMD (Degeneração Macular Relacionada à Idade)\\ADAM\\__MACOSX\\ADAM\\Train\\Lesion_Illustration\\._N0083.jpg'
._N0084.jpg,cannot identify image file 'D:\\OIO+\\DATASET_RETINA\\01.Originais\\AMD (Degeneração Macular Relacionada à Idade)\\ADAM\\__MACOSX\\ADAM\\Train\\Lesion_Illustration\\._N0084.jpg'
._N0085.jpg,cannot identify image file 'D:\\OIO+\\DATASET_RETINA\\01.Originais\\AMD (Degeneração Macular Relacionada à Idade)\\ADAM\\__MACOSX\\ADAM\\Train\\Lesion_Illustration\\._N0085.jpg'
._N0086.jpg,cannot identify image file 'D:\\OIO+\\DATASET_RETINA\\01.Originais\\AMD (Degeneração Macular Relacionada à Idade)\\ADAM\\__MACOSX\\ADAM\\Train\\Lesion_Illustration\\._N0086.jpg'
._N0087.jpg,cannot identify image file 'D:\\OIO+\\DATASET_RETINA\\01.Originais\\AMD (Degeneração Macular Relacionada à Idade)\\ADAM\\__MACOSX\\ADAM\\Train\\Lesion_Illustration\\._N0087.jpg'
._N0088.jpg,cannot identify image file 'D:\\OIO+\\DATASET_RETINA\\01.Originais\\AMD (Degeneração Macular Relacionada à Idade)\\ADAM\\__MACOSX\\ADAM\\Train\\Lesion_Illustration\\._N0088.jpg'
._N0089.jpg,cannot identify image file 'D:\\OIO+\\DATASET_RETINA\\01.Originais\\AMD (Degeneração Macular Relacionada à Idade)\\ADAM\\__MACOSX\\ADAM\\Train\\Lesion_Illustration\\._N0089.jpg'
._N0090.jpg,cannot identify image file 'D:\\OIO+\\DATASET_RETINA\\01.Originais\\AMD (Degeneração Macular Relacionada à Idade)\\ADAM\\__MACOSX\\ADAM\\Train\\Lesion_Illustration\\._N0090.jpg'
._N0091.jpg,cannot identify image file 'D:\\OIO+\\DATASET_RETINA\\01.Originais\\AMD (Degeneração Macular Relacionada à Idade)\\ADAM\\__MACOSX\\ADAM\\Train\\Lesion_Illustration\\._N0091.jpg'
._N0092.jpg,cannot identify image file 'D:\\OIO+\\DATASET_RETINA\\01.Originais\\AMD (Degeneração Macular Relacionada à Idade)\\ADAM\\__MACOSX\\ADAM\\Train\\Lesion_Illustration\\._N0092.jpg'
._N0093.jpg,cannot identify image file 'D:\\OIO+\\DATASET_RETINA\\01.Originais\\AMD (Degeneração Macular Relacionada à Idade)\\ADAM\\__MACOSX\\ADAM\\Train\\Lesion_Illustration\\._N0093.jpg'
._N0094.jpg,cannot identify image file 'D:\\OIO+\\DATASET_RETINA\\01.Originais\\AMD (Degeneração Macular Relacionada à Idade)\\ADAM\\__MACOSX\\ADAM\\Train\\Lesion_Illustration\\._N0094.jpg'
._N0095.jpg,cannot identify image file 'D:\\OIO+\\DATASET_RETINA\\01.Originais\\AMD (Degeneração Macular Relacionada à Idade)\\ADAM\\__MACOSX\\ADAM\\Train\\Lesion_Illustration\\._N0095.jpg'
._N0096.jpg,cannot identify image file 'D:\\OIO+\\DATASET_RETINA\\01.Originais\\AMD (Degeneração Macular Relacionada à Idade)\\ADAM\\__MACOSX\\ADAM\\Train\\Lesion_Illustration\\._N0096.jpg'
._N0097.jpg,cannot identify image file 'D:\\OIO+\\DATASET_RETINA\\01.Originais\\AMD (Degeneração Macular Relacionada à Idade)\\ADAM\\__MACOSX\\ADAM\\Train\\Lesion_Illustration\\._N0097.jpg'
._N0098.jpg,cannot identify image file 'D:\\OIO+\\DATASET_RETINA\\01.Originais\\AMD (Degeneração Macular Relacionada à Idade)\\ADAM\\__MACOSX\\ADAM\\Train\\Lesion_Illustration\\._N0098.jpg'
._N0099.jpg,cannot identify image file 'D:\\OIO+\\DATASET_RETINA\\01.Originais\\AMD (Degeneração Macular Relacionada à Idade)\\ADAM\\__MACOSX\\ADAM\\Train\\Lesion_Illustration\\._N0099.jpg'
._N0100.jpg,cannot identify image file 'D:\\OIO+\\DATASET_RETINA\\01.Originais\\AMD (Degeneração Macular Relacionada à Idade)\\ADAM\\__MACOSX\\ADAM\\Train\\Lesion_Illustration\\._N0100.jpg'
._N0101.jpg,cannot identify image file 'D:\\OIO+\\DATASET_RETINA\\01.Originais\\AMD (Degeneração Macular Relacionada à Idade)\\ADAM\\__MACOSX\\ADAM\\Train\\Lesion_Illustration\\._N0101.jpg'
._N0102.jpg,cannot identify image file 'D:\\OIO+\\DATASET_RETINA\\01.Originais\\AMD (Degeneração Macular Relacionada à Idade)\\ADAM\\__MACOSX\\ADAM\\Train\\Lesion_Illustration\\._N0102.jpg'
._N0103.jpg,cannot identify image file 'D:\\OIO+\\DATASET_RETINA\\01.Originais\\AMD (Degeneração Macular Relacionada à Idade)\\ADAM\\__MACOSX\\ADAM\\Train\\Lesion_Illustration\\._N0103.jpg'
._N0104.jpg,cannot identify image file 'D:\\OIO+\\DATASET_RETINA\\01.Originais\\AMD (Degeneração Macular Relacionada à Idade)\\ADAM\\__MACOSX\\ADAM\\Train\\Lesion_Illustration\\._N0104.jpg'
._N0105.jpg,cannot identify image file 'D:\\OIO+\\DATASET_RETINA\\01.Originais\\AMD (Degeneração Macular Relacionada à Idade)\\ADAM\\__MACOSX\\ADAM\\Train\\Lesion_Illustration\\._N0105.jpg'
._N0106.jpg,cannot identify image file 'D:\\OIO+\\DATASET_RETINA\\01.Originais\\AMD (Degeneração Macular Relacionada à Idade)\\ADAM\\__MACOSX\\ADAM\\Train\\Lesion_Illustration\\._N0106.jpg'
._N0107.jpg,cannot identify image file 'D:\\OIO+\\DATASET_RETINA\\01.Originais\\AMD (Degeneração Macular Relacionada à Idade)\\ADAM\\__MACOSX\\ADAM\\Train\\Lesion_Illustration\\._N0107.jpg'
._N0108.jpg,cannot identify image file 'D:\\OIO+\\DATASET_RETINA\\01.Originais\\AMD (Degeneração Macular Relacionada à Idade)\\ADAM\\__MACOSX\\ADAM\\Train\\Lesion_Illustration\\._N0108.jpg'
._N0109.jpg,cannot identify image file 'D:\\OIO+\\DATASET_RETINA\\01.Originais\\AMD (Degeneração Macular Relacionada à Idade)\\ADAM\\__MACOSX\\ADAM\\Train\\Lesion_Illustration\\._N0109.jpg'
._N0110.jpg,cannot identify image file 'D:\\OIO+\\DATASET_RETINA\\01.Originais\\AMD (Degeneração Macular Relacionada à Idade)\\ADAM\\__MACOSX\\ADAM\\Train\\Lesion_Illustration\\._N0110.jpg'
._N0111.jpg,cannot identify image file 'D:\\OIO+\\DATASET_RETINA\\01.Originais\\AMD (Degeneração Macular Relacionada à Idade)\\ADAM\\__MACOSX\\ADAM\\Train\\Lesion_Illustration\\._N0111.jpg'
._N0112.jpg,cannot identify image file 'D:\\OIO+\\DATASET_RETINA\\01.Originais\\AMD (Degeneração Macular Relacionada à Idade)\\ADAM\\__MACOSX\\ADAM\\Train\\Lesion_Illustration\\._N0112.jpg'
._N0113.jpg,cannot identify image file 'D:\\OIO+\\DATASET_RETINA\\01.Originais\\AMD (Degeneração Macular Relacionada à Idade)\\ADAM\\__MACOSX\\ADAM\\Train\\Lesion_Illustration\\._N0113.jpg'
._N0114.jpg,cannot identify image file 'D:\\OIO+\\DATASET_RETINA\\01.Originais\\AMD (Degeneração Macular Relacionada à Idade)\\ADAM\\__MACOSX\\ADAM\\Train\\Lesion_Illustration\\._N0114.jpg'
._N0115.jpg,cannot identify image file 'D:\\OIO+\\DATASET_RETINA\\01.Originais\\AMD (Degeneração Macular Relacionada à Idade)\\ADAM\\__MACOSX\\ADAM\\Train\\Lesion_Illustration\\._N0115.jpg'
._N0116.jpg,cannot identify image file 'D:\\OIO+\\DATASET_RETINA\\01.Originais\\AMD (Degeneração Macular Relacionada à Idade)\\ADAM\\__MACOSX\\ADAM\\Train\\Lesion_Illustration\\._N0116.jpg'
._N0117.jpg,cannot identify image file 'D:\\OIO+\\DATASET_RETINA\\01.Originais\\AMD (Degeneração Macular Relacionada à Idade)\\ADAM\\__MACOSX\\ADAM\\Train\\Lesion_Illustration\\._N0117.jpg'
._N0118.jpg,cannot identify image file 'D:\\OIO+\\DATASET_RETINA\\01.Originais\\AMD (Degeneração Macular Relacionada à Idade)\\ADAM\\__MACOSX\\ADAM\\Train\\Lesion_Illustration\\._N0118.jpg'
._N0119.jpg,cannot identify image file 'D:\\OIO+\\DATASET_RETINA\\01.Originais\\AMD (Degeneração Macular Relacionada à Idade)\\ADAM\\__MACOSX\\ADAM\\Train\\Lesion_Illustration\\._N0119.jpg'
._N0120.jpg,cannot identify image file 'D:\\OIO+\\DATASET_RETINA\\01.Originais\\AMD (Degeneração Macular Relacionada à Idade)\\ADAM\\__MACOSX\\ADAM\\Train\\Lesion_Illustration\\._N0120.jpg'
._N0121.jpg,cannot identify image file 'D:\\OIO+\\DATASET_RETINA\\01.Originais\\AMD (Degeneração Macular Relacionada à Idade)\\ADAM\\__MACOSX\\ADAM\\Train\\Lesion_Illustration\\._N0121.jpg'
._N0122.jpg,cannot identify image file 'D:\\OIO+\\DATASET_RETINA\\01.Originais\\AMD (Degeneração Macular Relacionada à Idade)\\ADAM\\__MACOSX\\ADAM\\Train\\Lesion_Illustration\\._N0122.jpg'
._N0123.jpg,cannot identify image file 'D:\\OIO+\\DATASET_RETINA\\01.Originais\\AMD (Degeneração Macular Relacionada à Idade)\\ADAM\\__MACOSX\\ADAM\\Train\\Lesion_Illustration\\._N0123.jpg'
._N0124.jpg,cannot identify image file 'D:\\OIO+\\DATASET_RETINA\\01.Originais\\AMD (Degeneração Macular Relacionada à Idade)\\ADAM\\__MACOSX\\ADAM\\Train\\Lesion_Illustration\\._N0124.jpg'
._N0125.jpg,cannot identify image file 'D:\\OIO+\\DATASET_RETINA\\01.Originais\\AMD (Degeneração Macular Relacionada à Idade)\\ADAM\\__MACOSX\\ADAM\\Train\\Lesion_Illustration\\._N0125.jpg'
._N0126.jpg,cannot identify image file 'D:\\OIO+\\DATASET_RETINA\\01.Originais\\AMD (Degeneração Macular Relacionada à Idade)\\ADAM\\__MACOSX\\ADAM\\Train\\Lesion_Illustration\\._N0126.jpg'
._N0127.jpg,cannot identify image file 'D:\\OIO+\\DATASET_RETINA\\01.Originais\\AMD (Degeneração Macular Relacionada à Idade)\\ADAM\\__MACOSX\\ADAM\\Train\\Lesion_Illustration\\._N0127.jpg'
._N0128.jpg,cannot identify image file 'D:\\OIO+\\DATASET_RETINA\\01.Originais\\AMD (Degeneração Macular Relacionada à Idade)\\ADAM\\__MACOSX\\ADAM\\Train\\Lesion_Illustration\\._N0128.jpg'
._N0129.jpg,cannot identify image file 'D:\\OIO+\\DATASET_RETINA\\01.Originais\\AMD (Degeneração Macular Relacionada à Idade)\\ADAM\\__MACOSX\\ADAM\\Train\\Lesion_Illustration\\._N0129.jpg'
._N0130.jpg,cannot identify image file 'D:\\OIO+\\DATASET_RETINA\\01.Originais\\AMD (Degeneração Macular Relacionada à Idade)\\ADAM\\__MACOSX\\ADAM\\Train\\Lesion_Illustration\\._N0130.jpg'
._N0131.jpg,cannot identify image file 'D:\\OIO+\\DATASET_RETINA\\01.Originais\\AMD (Degeneração Macular Relacionada à Idade)\\ADAM\\__MACOSX\\ADAM\\Train\\Lesion_Illustration\\._N0131.jpg'
._N0132.jpg,cannot identify image file 'D:\\OIO+\\DATASET_RETINA\\01.Originais\\AMD (Degeneração Macular Relacionada à Idade)\\ADAM\\__MACOSX\\ADAM\\Train\\Lesion_Illustration\\._N0132.jpg'
._N0133.jpg,cannot identify image file 'D:\\OIO+\\DATASET_RETINA\\01.Originais\\AMD (Degeneração Macular Relacionada à Idade)\\ADAM\\__MACOSX\\ADAM\\Train\\Lesion_Illustration\\._N0133.jpg'
._N0134.jpg,cannot identify image file 'D:\\OIO+\\DATASET_RETINA\\01.Originais\\AMD (Degeneração Macular Relacionada à Idade)\\ADAM\\__MACOSX\\ADAM\\Train\\Lesion_Illustration\\._N0134.jpg'
._N0135.jpg,cannot identify image file 'D:\\OIO+\\DATASET_RETINA\\01.Originais\\AMD (Degeneração Macular Relacionada à Idade)\\ADAM\\__MACOSX\\ADAM\\Train\\Lesion_Illustration\\._N0135.jpg'
._N0136.jpg,cannot identify image file 'D:\\OIO+\\DATASET_RETINA\\01.Originais\\AMD (Degeneração Macular Relacionada à Idade)\\ADAM\\__MACOSX\\ADAM\\Train\\Lesion_Illustration\\._N0136.jpg'
._N0137.jpg,cannot identify image file 'D:\\OIO+\\DATASET_RETINA\\01.Originais\\AMD (Degeneração Macular Relacionada à Idade)\\ADAM\\__MACOSX\\ADAM\\Train\\Lesion_Illustration\\._N0137.jpg'
._N0138.jpg,cannot identify image file 'D:\\OIO+\\DATASET_RETINA\\01.Originais\\AMD (Degeneração Macular Relacionada à Idade)\\ADAM\\__MACOSX\\ADAM\\Train\\Lesion_Illustration\\._N0138.jpg'
._N0139.jpg,cannot identify image file 'D:\\OIO+\\DATASET_RETINA\\01.Originais\\AMD (Degeneração Macular Relacionada à Idade)\\ADAM\\__MACOSX\\ADAM\\Train\\Lesion_Illustration\\._N0139.jpg'
._N0140.jpg,cannot identify image file 'D:\\OIO+\\DATASET_RETINA\\01.Originais\\AMD (Degeneração Macular Relacionada à Idade)\\ADAM\\__MACOSX\\ADAM\\Train\\Lesion_Illustration\\._N0140.jpg'
._N0141.jpg,cannot identify image file 'D:\\OIO+\\DATASET_RETINA\\01.Originais\\AMD (Degeneração Macular Relacionada à Idade)\\ADAM\\__MACOSX\\ADAM\\Train\\Lesion_Illustration\\._N0141.jpg'
._N0142.jpg,cannot identify image file 'D:\\OIO+\\DATASET_RETINA\\01.Originais\\AMD (Degeneração Macular Relacionada à Idade)\\ADAM\\__MACOSX\\ADAM\\Train\\Lesion_Illustration\\._N0142.jpg'
._N0143.jpg,cannot identify image file 'D:\\OIO+\\DATASET_RETINA\\01.Originais\\AMD (Degeneração Macular Relacionada à Idade)\\ADAM\\__MACOSX\\ADAM\\Train\\Lesion_Illustration\\._N0143.jpg'
._N0144.jpg,cannot identify image file 'D:\\OIO+\\DATASET_RETINA\\01.Originais\\AMD (Degeneração Macular Relacionada à Idade)\\ADAM\\__MACOSX\\ADAM\\Train\\Lesion_Illustration\\._N0144.jpg'
._N0145.jpg,cannot identify image file 'D:\\OIO+\\DATASET_RETINA\\01.Originais\\AMD (Degeneração Macular Relacionada à Idade)\\ADAM\\__MACOSX\\ADAM\\Train\\Lesion_Illustration\\._N0145.jpg'
._N0146.jpg,cannot identify image file 'D:\\OIO+\\DATASET_RETINA\\01.Originais\\AMD (Degeneração Macular Relacionada à Idade)\\ADAM\\__MACOSX\\ADAM\\Train\\Lesion_Illustration\\._N0146.jpg'
._N0147.jpg,cannot identify image file 'D:\\OIO+\\DATASET_RETINA\\01.Originais\\AMD (Degeneração Macular Relacionada à Idade)\\ADAM\\__MACOSX\\ADAM\\Train\\Lesion_Illustration\\._N0147.jpg'
._N0148.jpg,cannot identify image file 'D:\\OIO+\\DATASET_RETINA\\01.Originais\\AMD (Degeneração Macular Relacionada à Idade)\\ADAM\\__MACOSX\\ADAM\\Train\\Lesion_Illustration\\._N0148.jpg'
._N0149.jpg,cannot identify image file 'D:\\OIO+\\DATASET_RETINA\\01.Originais\\AMD (Degeneração Macular Relacionada à Idade)\\ADAM\\__MACOSX\\ADAM\\Train\\Lesion_Illustration\\._N0149.jpg'
._N0150.jpg,cannot identify image file 'D:\\OIO+\\DATASET_RETINA\\01.Originais\\AMD (Degeneração Macular Relacionada à Idade)\\ADAM\\__MACOSX\\ADAM\\Train\\Lesion_Illustration\\._N0150.jpg'
._N0151.jpg,cannot identify image file 'D:\\OIO+\\DATASET_RETINA\\01.Originais\\AMD (Degeneração Macular Relacionada à Idade)\\ADAM\\__MACOSX\\ADAM\\Train\\Lesion_Illustration\\._N0151.jpg'
._N0152.jpg,cannot identify image file 'D:\\OIO+\\DATASET_RETINA\\01.Originais\\AMD (Degeneração Macular Relacionada à Idade)\\ADAM\\__MACOSX\\ADAM\\Train\\Lesion_Illustration\\._N0152.jpg'
._N0153.jpg,cannot identify image file 'D:\\OIO+\\DATASET_RETINA\\01.Originais\\AMD (Degeneração Macular Relacionada à Idade)\\ADAM\\__MACOSX\\ADAM\\Train\\Lesion_Illustration\\._N0153.jpg'
._N0154.jpg,cannot identify image file 'D:\\OIO+\\DATASET_RETINA\\01.Originais\\AMD (Degeneração Macular Relacionada à Idade)\\ADAM\\__MACOSX\\ADAM\\Train\\Lesion_Illustration\\._N0154.jpg'
._N0155.jpg,cannot identify image file 'D:\\OIO+\\DATASET_RETINA\\01.Originais\\AMD (Degeneração Macular Relacionada à Idade)\\ADAM\\__MACOSX\\ADAM\\Train\\Lesion_Illustration\\._N0155.jpg'
._N0156.jpg,cannot identify image file 'D:\\OIO+\\DATASET_RETINA\\01.Originais\\AMD (Degeneração Macular Relacionada à Idade)\\ADAM\\__MACOSX\\ADAM\\Train\\Lesion_Illustration\\._N0156.jpg'
._N0157.jpg,cannot identify image file 'D:\\OIO+\\DATASET_RETINA\\01.Originais\\AMD (Degeneração Macular Relacionada à Idade)\\ADAM\\__MACOSX\\ADAM\\Train\\Lesion_Illustration\\._N0157.jpg'
._N0158.jpg,cannot identify image file 'D:\\OIO+\\DATASET_RETINA\\01.Originais\\AMD (Degeneração Macular Relacionada à Idade)\\ADAM\\__MACOSX\\ADAM\\Train\\Lesion_Illustration\\._N0158.jpg'
._N0159.jpg,cannot identify image file 'D:\\OIO+\\DATASET_RETINA\\01.Originais\\AMD (Degeneração Macular Relacionada à Idade)\\ADAM\\__MACOSX\\ADAM\\Train\\Lesion_Illustration\\._N0159.jpg'
._N0160.jpg,cannot identify image file 'D:\\OIO+\\DATASET_RETINA\\01.Originais\\AMD (Degeneração Macular Relacionada à Idade)\\ADAM\\__MACOSX\\ADAM\\Train\\Lesion_Illustration\\._N0160.jpg'
._N0161.jpg,cannot identify image file 'D:\\OIO+\\DATASET_RETINA\\01.Originais\\AMD (Degeneração Macular Relacionada à Idade)\\ADAM\\__MACOSX\\ADAM\\Train\\Lesion_Illustration\\._N0161.jpg'
._N0162.jpg,cannot identify image file 'D:\\OIO+\\DATASET_RETINA\\01.Originais\\AMD (Degeneração Macular Relacionada à Idade)\\ADAM\\__MACOSX\\ADAM\\Train\\Lesion_Illustration\\._N0162.jpg'
._N0163.jpg,cannot identify image file 'D:\\OIO+\\DATASET_RETINA\\01.Originais\\AMD (Degeneração Macular Relacionada à Idade)\\ADAM\\__MACOSX\\ADAM\\Train\\Lesion_Illustration\\._N0163.jpg'
._N0164.jpg,cannot identify image file 'D:\\OIO+\\DATASET_RETINA\\01.Originais\\AMD (Degeneração Macular Relacionada à Idade)\\ADAM\\__MACOSX\\ADAM\\Train\\Lesion_Illustration\\._N0164.jpg'
._N0165.jpg,cannot identify image file 'D:\\OIO+\\DATASET_RETINA\\01.Originais\\AMD (Degeneração Macular Relacionada à Idade)\\ADAM\\__MACOSX\\ADAM\\Train\\Lesion_Illustration\\._N0165.jpg'
._N0166.jpg,cannot identify image file 'D:\\OIO+\\DATASET_RETINA\\01.Originais\\AMD (Degeneração Macular Relacionada à Idade)\\ADAM\\__MACOSX\\ADAM\\Train\\Lesion_Illustration\\._N0166.jpg'
._N0167.jpg,cannot identify image file 'D:\\OIO+\\DATASET_RETINA\\01.Originais\\AMD (Degeneração Macular Relacionada à Idade)\\ADAM\\__MACOSX\\ADAM\\Train\\Lesion_Illustration\\._N0167.jpg'
._N0168.jpg,cannot identify image file 'D:\\OIO+\\DATASET_RETINA\\01.Originais\\AMD (Degeneração Macular Relacionada à Idade)\\ADAM\\__MACOSX\\ADAM\\Train\\Lesion_Illustration\\._N0168.jpg'
._N0169.jpg,cannot identify image file 'D:\\OIO+\\DATASET_RETINA\\01.Originais\\AMD (Degeneração Macular Relacionada à Idade)\\ADAM\\__MACOSX\\ADAM\\Train\\Lesion_Illustration\\._N0169.jpg'
._N0170.jpg,cannot identify image file 'D:\\OIO+\\DATASET_RETINA\\01.Originais\\AMD (Degeneração Macular Relacionada à Idade)\\ADAM\\__MACOSX\\ADAM\\Train\\Lesion_Illustration\\._N0170.jpg'
._N0171.jpg,cannot identify image file 'D:\\OIO+\\DATASET_RETINA\\01.Originais\\AMD (Degeneração Macular Relacionada à Idade)\\ADAM\\__MACOSX\\ADAM\\Train\\Lesion_Illustration\\._N0171.jpg'
._N0172.jpg,cannot identify image file 'D:\\OIO+\\DATASET_RETINA\\01.Originais\\AMD (Degeneração Macular Relacionada à Idade)\\ADAM\\__MACOSX\\ADAM\\Train\\Lesion_Illustration\\._N0172.jpg'
._N0173.jpg,cannot identify image file 'D:\\OIO+\\DATASET_RETINA\\01.Originais\\AMD (Degeneração Macular Relacionada à Idade)\\ADAM\\__MACOSX\\ADAM\\Train\\Lesion_Illustration\\._N0173.jpg'
._N0174.jpg,cannot identify image file 'D:\\OIO+\\DATASET_RETINA\\01.Originais\\AMD (Degeneração Macular Relacionada à Idade)\\ADAM\\__MACOSX\\ADAM\\Train\\Lesion_Illustration\\._N0174.jpg'
._N0175.jpg,cannot identify image file 'D:\\OIO+\\DATASET_RETINA\\01.Originais\\AMD (Degeneração Macular Relacionada à Idade)\\ADAM\\__MACOSX\\ADAM\\Train\\Lesion_Illustration\\._N0175.jpg'
._N0176.jpg,cannot identify image file 'D:\\OIO+\\DATASET_RETINA\\01.Originais\\AMD (Degeneração Macular Relacionada à Idade)\\ADAM\\__MACOSX\\ADAM\\Train\\Lesion_Illustration\\._N0176.jpg'
._N0177.jpg,cannot identify image file 'D:\\OIO+\\DATASET_RETINA\\01.Originais\\AMD (Degeneração Macular Relacionada à Idade)\\ADAM\\__MACOSX\\ADAM\\Train\\Lesion_Illustration\\._N0177.jpg'
._N0178.jpg,cannot identify image file 'D:\\OIO+\\DATASET_RETINA\\01.Originais\\AMD (Degeneração Macular Relacionada à Idade)\\ADAM\\__MACOSX\\ADAM\\Train\\Lesion_Illustration\\._N0178.jpg'
._N0179.jpg,cannot identify image file 'D:\\OIO+\\DATASET_RETINA\\01.Originais\\AMD (Degeneração Macular Relacionada à Idade)\\ADAM\\__MACOSX\\ADAM\\Train\\Lesion_Illustration\\._N0179.jpg'
._N0180.jpg,cannot identify image file 'D:\\OIO+\\DATASET_RETINA\\01.Originais\\AMD (Degeneração Macular Relacionada à Idade)\\ADAM\\__MACOSX\\ADAM\\Train\\Lesion_Illustration\\._N0180.jpg'
._N0181.jpg,cannot identify image file 'D:\\OIO+\\DATASET_RETINA\\01.Originais\\AMD (Degeneração Macular Relacionada à Idade)\\ADAM\\__MACOSX\\ADAM\\Train\\Lesion_Illustration\\._N0181.jpg'
._N0182.jpg,cannot identify image file 'D:\\OIO+\\DATASET_RETINA\\01.Originais\\AMD (Degeneração Macular Relacionada à Idade)\\ADAM\\__MACOSX\\ADAM\\Train\\Lesion_Illustration\\._N0182.jpg'
._N0183.jpg,cannot identify image file 'D:\\OIO+\\DATASET_RETINA\\01.Originais\\AMD (Degeneração Macular Relacionada à Idade)\\ADAM\\__MACOSX\\ADAM\\Train\\Lesion_Illustration\\._N0183.jpg'
._N0184.jpg,cannot identify image file 'D:\\OIO+\\DATASET_RETINA\\01.Originais\\AMD (Degeneração Macular Relacionada à Idade)\\ADAM\\__MACOSX\\ADAM\\Train\\Lesion_Illustration\\._N0184.jpg'
._N0185.jpg,cannot identify image file 'D:\\OIO+\\DATASET_RETINA\\01.Originais\\AMD (Degeneração Macular Relacionada à Idade)\\ADAM\\__MACOSX\\ADAM\\Train\\Lesion_Illustration\\._N0185.jpg'
._N0186.jpg,cannot identify image file 'D:\\OIO+\\DATASET_RETINA\\01.Originais\\AMD (Degeneração Macular Relacionada à Idade)\\ADAM\\__MACOSX\\ADAM\\Train\\Lesion_Illustration\\._N0186.jpg'
._N0187.jpg,cannot identify image file 'D:\\OIO+\\DATASET_RETINA\\01.Originais\\AMD (Degeneração Macular Relacionada à Idade)\\ADAM\\__MACOSX\\ADAM\\Train\\Lesion_Illustration\\._N0187.jpg'
._N0188.jpg,cannot identify image file 'D:\\OIO+\\DATASET_RETINA\\01.Originais\\AMD (Degeneração Macular Relacionada à Idade)\\ADAM\\__MACOSX\\ADAM\\Train\\Lesion_Illustration\\._N0188.jpg'
._N0189.jpg,cannot identify image file 'D:\\OIO+\\DATASET_RETINA\\01.Originais\\AMD (Degeneração Macular Relacionada à Idade)\\ADAM\\__MACOSX\\ADAM\\Train\\Lesion_Illustration\\._N0189.jpg'
._N0190.jpg,cannot identify image file 'D:\\OIO+\\DATASET_RETINA\\01.Originais\\AMD (Degeneração Macular Relacionada à Idade)\\ADAM\\__MACOSX\\ADAM\\Train\\Lesion_Illustration\\._N0190.jpg'
._N0191.jpg,cannot identify image file 'D:\\OIO+\\DATASET_RETINA\\01.Originais\\AMD (Degeneração Macular Relacionada à Idade)\\ADAM\\__MACOSX\\ADAM\\Train\\Lesion_Illustration\\._N0191.jpg'
._N0192.jpg,cannot identify image file 'D:\\OIO+\\DATASET_RETINA\\01.Originais\\AMD (Degeneração Macular Relacionada à Idade)\\ADAM\\__MACOSX\\ADAM\\Train\\Lesion_Illustration\\._N0192.jpg'
._N0193.jpg,cannot identify image file 'D:\\OIO+\\DATASET_RETINA\\01.Originais\\AMD (Degeneração Macular Relacionada à Idade)\\ADAM\\__MACOSX\\ADAM\\Train\\Lesion_Illustration\\._N0193.jpg'
._N0194.jpg,cannot identify image file 'D:\\OIO+\\DATASET_RETINA\\01.Originais\\AMD (Degeneração Macular Relacionada à Idade)\\ADAM\\__MACOSX\\ADAM\\Train\\Lesion_Illustration\\._N0194.jpg'
._N0195.jpg,cannot identify image file 'D:\\OIO+\\DATASET_RETINA\\01.Originais\\AMD (Degeneração Macular Relacionada à Idade)\\ADAM\\__MACOSX\\ADAM\\Train\\Lesion_Illustration\\._N0195.jpg'
._N0196.jpg,cannot identify image file 'D:\\OIO+\\DATASET_RETINA\\01.Originais\\AMD (Degeneração Macular Relacionada à Idade)\\ADAM\\__MACOSX\\ADAM\\Train\\Lesion_Illustration\\._N0196.jpg'
._N0197.jpg,cannot identify image file 'D:\\OIO+\\DATASET_RETINA\\01.Originais\\AMD (Degeneração Macular Relacionada à Idade)\\ADAM\\__MACOSX\\ADAM\\Train\\Lesion_Illustration\\._N0197.jpg'
._N0198.jpg,cannot identify image file 'D:\\OIO+\\DATASET_RETINA\\01.Originais\\AMD (Degeneração Macular Relacionada à Idade)\\ADAM\\__MACOSX\\ADAM\\Train\\Lesion_Illustration\\._N0198.jpg'
._N0199.jpg,cannot identify image file 'D:\\OIO+\\DATASET_RETINA\\01.Originais\\AMD (Degeneração Macular Relacionada à Idade)\\ADAM\\__MACOSX\\ADAM\\Train\\Lesion_Illustration\\._N0199.jpg'
._N0200.jpg,cannot identify image file 'D:\\OIO+\\DATASET_RETINA\\01.Originais\\AMD (Degeneração Macular Relacionada à Idade)\\ADAM\\__MACOSX\\ADAM\\Train\\Lesion_Illustration\\._N0200.jpg'
._N0201.jpg,cannot identify image file 'D:\\OIO+\\DATASET_RETINA\\01.Originais\\AMD (Degeneração Macular Relacionada à Idade)\\ADAM\\__MACOSX\\ADAM\\Train\\Lesion_Illustration\\._N0201.jpg'
._N0202.jpg,cannot identify image file 'D:\\OIO+\\DATASET_RETINA\\01.Originais\\AMD (Degeneração Macular Relacionada à Idade)\\ADAM\\__MACOSX\\ADAM\\Train\\Lesion_Illustration\\._N0202.jpg'
._N0203.jpg,cannot identify image file 'D:\\OIO+\\DATASET_RETINA\\01.Originais\\AMD (Degeneração Macular Relacionada à Idade)\\ADAM\\__MACOSX\\ADAM\\Train\\Lesion_Illustration\\._N0203.jpg'
._N0204.jpg,cannot identify image file 'D:\\OIO+\\DATASET_RETINA\\01.Originais\\AMD (Degeneração Macular Relacionada à Idade)\\ADAM\\__MACOSX\\ADAM\\Train\\Lesion_Illustration\\._N0204.jpg'
._N0205.jpg,cannot identify image file 'D:\\OIO+\\DATASET_RETINA\\01.Originais\\AMD (Degeneração Macular Relacionada à Idade)\\ADAM\\__MACOSX\\ADAM\\Train\\Lesion_Illustration\\._N0205.jpg'
._N0206.jpg,cannot identify image file 'D:\\OIO+\\DATASET_RETINA\\01.Originais\\AMD (Degeneração Macular Relacionada à Idade)\\ADAM\\__MACOSX\\ADAM\\Train\\Lesion_Illustration\\._N0206.jpg'
._N0207.jpg,cannot identify image file 'D:\\OIO+\\DATASET_RETINA\\01.Originais\\AMD (Degeneração Macular Relacionada à Idade)\\ADAM\\__MACOSX\\ADAM\\Train\\Lesion_Illustration\\._N0207.jpg'
._N0208.jpg,cannot identify image file 'D:\\OIO+\\DATASET_RETINA\\01.Originais\\AMD (Degeneração Macular Relacionada à Idade)\\ADAM\\__MACOSX\\ADAM\\Train\\Lesion_Illustration\\._N0208.jpg'
._N0209.jpg,cannot identify image file 'D:\\OIO+\\DATASET_RETINA\\01.Originais\\AMD (Degeneração Macular Relacionada à Idade)\\ADAM\\__MACOSX\\ADAM\\Train\\Lesion_Illustration\\._N0209.jpg'
._N0210.jpg,cannot identify image file 'D:\\OIO+\\DATASET_RETINA\\01.Originais\\AMD (Degeneração Macular Relacionada à Idade)\\ADAM\\__MACOSX\\ADAM\\Train\\Lesion_Illustration\\._N0210.jpg'
._N0211.jpg,cannot identify image file 'D:\\OIO+\\DATASET_RETINA\\01.Originais\\AMD (Degeneração Macular Relacionada à Idade)\\ADAM\\__MACOSX\\ADAM\\Train\\Lesion_Illustration\\._N0211.jpg'
._N0212.jpg,cannot identify image file 'D:\\OIO+\\DATASET_RETINA\\01.Originais\\AMD (Degeneração Macular Relacionada à Idade)\\ADAM\\__MACOSX\\ADAM\\Train\\Lesion_Illustration\\._N0212.jpg'
._N0213.jpg,cannot identify image file 'D:\\OIO+\\DATASET_RETINA\\01.Originais\\AMD (Degeneração Macular Relacionada à Idade)\\ADAM\\__MACOSX\\ADAM\\Train\\Lesion_Illustration\\._N0213.jpg'
._N0214.jpg,cannot identify image file 'D:\\OIO+\\DATASET_RETINA\\01.Originais\\AMD (Degeneração Macular Relacionada à Idade)\\ADAM\\__MACOSX\\ADAM\\Train\\Lesion_Illustration\\._N0214.jpg'
._N0215.jpg,cannot identify image file 'D:\\OIO+\\DATASET_RETINA\\01.Originais\\AMD (Degeneração Macular Relacionada à Idade)\\ADAM\\__MACOSX\\ADAM\\Train\\Lesion_Illustration\\._N0215.jpg'
._N0216.jpg,cannot identify image file 'D:\\OIO+\\DATASET_RETINA\\01.Originais\\AMD (Degeneração Macular Relacionada à Idade)\\ADAM\\__MACOSX\\ADAM\\Train\\Lesion_Illustration\\._N0216.jpg'
._N0217.jpg,cannot identify image file 'D:\\OIO+\\DATASET_RETINA\\01.Originais\\AMD (Degeneração Macular Relacionada à Idade)\\ADAM\\__MACOSX\\ADAM\\Train\\Lesion_Illustration\\._N0217.jpg'
._N0218.jpg,cannot identify image file 'D:\\OIO+\\DATASET_RETINA\\01.Originais\\AMD (Degeneração Macular Relacionada à Idade)\\ADAM\\__MACOSX\\ADAM\\Train\\Lesion_Illustration\\._N0218.jpg'
._N0219.jpg,cannot identify image file 'D:\\OIO+\\DATASET_RETINA\\01.Originais\\AMD (Degeneração Macular Relacionada à Idade)\\ADAM\\__MACOSX\\ADAM\\Train\\Lesion_Illustration\\._N0219.jpg'
._N0220.jpg,cannot identify image file 'D:\\OIO+\\DATASET_RETINA\\01.Originais\\AMD (Degeneração Macular Relacionada à Idade)\\ADAM\\__MACOSX\\ADAM\\Train\\Lesion_Illustration\\._N0220.jpg'
._N0221.jpg,cannot identify image file 'D:\\OIO+\\DATASET_RETINA\\01.Originais\\AMD (Degeneração Macular Relacionada à Idade)\\ADAM\\__MACOSX\\ADAM\\Train\\Lesion_Illustration\\._N0221.jpg'
._N0222.jpg,cannot identify image file 'D:\\OIO+\\DATASET_RETINA\\01.Originais\\AMD (Degeneração Macular Relacionada à Idade)\\ADAM\\__MACOSX\\ADAM\\Train\\Lesion_Illustration\\._N0222.jpg'
._N0223.jpg,cannot identify image file 'D:\\OIO+\\DATASET_RETINA\\01.Originais\\AMD (Degeneração Macular Relacionada à Idade)\\ADAM\\__MACOSX\\ADAM\\Train\\Lesion_Illustration\\._N0223.jpg'
._N0224.jpg,cannot identify image file 'D:\\OIO+\\DATASET_RETINA\\01.Originais\\AMD (Degeneração Macular Relacionada à Idade)\\ADAM\\__MACOSX\\ADAM\\Train\\Lesion_Illustration\\._N0224.jpg'
._N0225.jpg,cannot identify image file 'D:\\OIO+\\DATASET_RETINA\\01.Originais\\AMD (Degeneração Macular Relacionada à Idade)\\ADAM\\__MACOSX\\ADAM\\Train\\Lesion_Illustration\\._N0225.jpg'
._N0226.jpg,cannot identify image file 'D:\\OIO+\\DATASET_RETINA\\01.Originais\\AMD (Degeneração Macular Relacionada à Idade)\\ADAM\\__MACOSX\\ADAM\\Train\\Lesion_Illustration\\._N0226.jpg'
._N0227.jpg,cannot identify image file 'D:\\OIO+\\DATASET_RETINA\\01.Originais\\AMD (Degeneração Macular Relacionada à Idade)\\ADAM\\__MACOSX\\ADAM\\Train\\Lesion_Illustration\\._N0227.jpg'
._N0228.jpg,cannot identify image file 'D:\\OIO+\\DATASET_RETINA\\01.Originais\\AMD (Degeneração Macular Relacionada à Idade)\\ADAM\\__MACOSX\\ADAM\\Train\\Lesion_Illustration\\._N0228.jpg'
._N0229.jpg,cannot identify image file 'D:\\OIO+\\DATASET_RETINA\\01.Originais\\AMD (Degeneração Macular Relacionada à Idade)\\ADAM\\__MACOSX\\ADAM\\Train\\Lesion_Illustration\\._N0229.jpg'
._N0230.jpg,cannot identify image file 'D:\\OIO+\\DATASET_RETINA\\01.Originais\\AMD (Degeneração Macular Relacionada à Idade)\\ADAM\\__MACOSX\\ADAM\\Train\\Lesion_Illustration\\._N0230.jpg'
._N0231.jpg,cannot identify image file 'D:\\OIO+\\DATASET_RETINA\\01.Originais\\AMD (Degeneração Macular Relacionada à Idade)\\ADAM\\__MACOSX\\ADAM\\Train\\Lesion_Illustration\\._N0231.jpg'
._N0232.jpg,cannot identify image file 'D:\\OIO+\\DATASET_RETINA\\01.Originais\\AMD (Degeneração Macular Relacionada à Idade)\\ADAM\\__MACOSX\\ADAM\\Train\\Lesion_Illustration\\._N0232.jpg'
._N0233.jpg,cannot identify image file 'D:\\OIO+\\DATASET_RETINA\\01.Originais\\AMD (Degeneração Macular Relacionada à Idade)\\ADAM\\__MACOSX\\ADAM\\Train\\Lesion_Illustration\\._N0233.jpg'
._N0234.jpg,cannot identify image file 'D:\\OIO+\\DATASET_RETINA\\01.Originais\\AMD (Degeneração Macular Relacionada à Idade)\\ADAM\\__MACOSX\\ADAM\\Train\\Lesion_Illustration\\._N0234.jpg'
._N0235.jpg,cannot identify image file 'D:\\OIO+\\DATASET_RETINA\\01.Originais\\AMD (Degeneração Macular Relacionada à Idade)\\ADAM\\__MACOSX\\ADAM\\Train\\Lesion_Illustration\\._N0235.jpg'
._N0236.jpg,cannot identify image file 'D:\\OIO+\\DATASET_RETINA\\01.Originais\\AMD (Degeneração Macular Relacionada à Idade)\\ADAM\\__MACOSX\\ADAM\\Train\\Lesion_Illustration\\._N0236.jpg'
._N0237.jpg,cannot identify image file 'D:\\OIO+\\DATASET_RETINA\\01.Originais\\AMD (Degeneração Macular Relacionada à Idade)\\ADAM\\__MACOSX\\ADAM\\Train\\Lesion_Illustration\\._N0237.jpg'
._N0238.jpg,cannot identify image file 'D:\\OIO+\\DATASET_RETINA\\01.Originais\\AMD (Degeneração Macular Relacionada à Idade)\\ADAM\\__MACOSX\\ADAM\\Train\\Lesion_Illustration\\._N0238.jpg'
._N0239.jpg,cannot identify image file 'D:\\OIO+\\DATASET_RETINA\\01.Originais\\AMD (Degeneração Macular Relacionada à Idade)\\ADAM\\__MACOSX\\ADAM\\Train\\Lesion_Illustration\\._N0239.jpg'
._N0240.jpg,cannot identify image file 'D:\\OIO+\\DATASET_RETINA\\01.Originais\\AMD (Degeneração Macular Relacionada à Idade)\\ADAM\\__MACOSX\\ADAM\\Train\\Lesion_Illustration\\._N0240.jpg'
._N0241.jpg,cannot identify image file 'D:\\OIO+\\DATASET_RETINA\\01.Originais\\AMD (Degeneração Macular Relacionada à Idade)\\ADAM\\__MACOSX\\ADAM\\Train\\Lesion_Illustration\\._N0241.jpg'
._N0242.jpg,cannot identify image file 'D:\\OIO+\\DATASET_RETINA\\01.Originais\\AMD (Degeneração Macular Relacionada à Idade)\\ADAM\\__MACOSX\\ADAM\\Train\\Lesion_Illustration\\._N0242.jpg'
._N0243.jpg,cannot identify image file 'D:\\OIO+\\DATASET_RETINA\\01.Originais\\AMD (Degeneração Macular Relacionada à Idade)\\ADAM\\__MACOSX\\ADAM\\Train\\Lesion_Illustration\\._N0243.jpg'
._N0244.jpg,cannot identify image file 'D:\\OIO+\\DATASET_RETINA\\01.Originais\\AMD (Degeneração Macular Relacionada à Idade)\\ADAM\\__MACOSX\\ADAM\\Train\\Lesion_Illustration\\._N0244.jpg'
._N0245.jpg,cannot identify image file 'D:\\OIO+\\DATASET_RETINA\\01.Originais\\AMD (Degeneração Macular Relacionada à Idade)\\ADAM\\__MACOSX\\ADAM\\Train\\Lesion_Illustration\\._N0245.jpg'
._N0246.jpg,cannot identify image file 'D:\\OIO+\\DATASET_RETINA\\01.Originais\\AMD (Degeneração Macular Relacionada à Idade)\\ADAM\\__MACOSX\\ADAM\\Train\\Lesion_Illustration\\._N0246.jpg'
._N0247.jpg,cannot identify image file 'D:\\OIO+\\DATASET_RETINA\\01.Originais\\AMD (Degeneração Macular Relacionada à Idade)\\ADAM\\__MACOSX\\ADAM\\Train\\Lesion_Illustration\\._N0247.jpg'
._N0248.jpg,cannot identify image file 'D:\\OIO+\\DATASET_RETINA\\01.Originais\\AMD (Degeneração Macular Relacionada à Idade)\\ADAM\\__MACOSX\\ADAM\\Train\\Lesion_Illustration\\._N0248.jpg'
._N0249.jpg,cannot identify image file 'D:\\OIO+\\DATASET_RETINA\\01.Originais\\AMD (Degeneração Macular Relacionada à Idade)\\ADAM\\__MACOSX\\ADAM\\Train\\Lesion_Illustration\\._N0249.jpg'
._N0250.jpg,cannot identify image file 'D:\\OIO+\\DATASET_RETINA\\01.Originais\\AMD (Degeneração Macular Relacionada à Idade)\\ADAM\\__MACOSX\\ADAM\\Train\\Lesion_Illustration\\._N0250.jpg'
._N0251.jpg,cannot identify image file 'D:\\OIO+\\DATASET_RETINA\\01.Originais\\AMD (Degeneração Macular Relacionada à Idade)\\ADAM\\__MACOSX\\ADAM\\Train\\Lesion_Illustration\\._N0251.jpg'
._N0252.jpg,cannot identify image file 'D:\\OIO+\\DATASET_RETINA\\01.Originais\\AMD (Degeneração Macular Relacionada à Idade)\\ADAM\\__MACOSX\\ADAM\\Train\\Lesion_Illustration\\._N0252.jpg'
._N0253.jpg,cannot identify image file 'D:\\OIO+\\DATASET_RETINA\\01.Originais\\AMD (Degeneração Macular Relacionada à Idade)\\ADAM\\__MACOSX\\ADAM\\Train\\Lesion_Illustration\\._N0253.jpg'
._N0254.jpg,cannot identify image file 'D:\\OIO+\\DATASET_RETINA\\01.Originais\\AMD (Degeneração Macular Relacionada à Idade)\\ADAM\\__MACOSX\\ADAM\\Train\\Lesion_Illustration\\._N0254.jpg'
._N0255.jpg,cannot identify image file 'D:\\OIO+\\DATASET_RETINA\\01.Originais\\AMD (Degeneração Macular Relacionada à Idade)\\ADAM\\__MACOSX\\ADAM\\Train\\Lesion_Illustration\\._N0255.jpg'
._N0256.jpg,cannot identify image file 'D:\\OIO+\\DATASET_RETINA\\01.Originais\\AMD (Degeneração Macular Relacionada à Idade)\\ADAM\\__MACOSX\\ADAM\\Train\\Lesion_Illustration\\._N0256.jpg'
._N0257.jpg,cannot identify image file 'D:\\OIO+\\DATASET_RETINA\\01.Originais\\AMD (Degeneração Macular Relacionada à Idade)\\ADAM\\__MACOSX\\ADAM\\Train\\Lesion_Illustration\\._N0257.jpg'
._N0258.jpg,cannot identify image file 'D:\\OIO+\\DATASET_RETINA\\01.Originais\\AMD (Degeneração Macular Relacionada à Idade)\\ADAM\\__MACOSX\\ADAM\\Train\\Lesion_Illustration\\._N0258.jpg'
._N0259.jpg,cannot identify image file 'D:\\OIO+\\DATASET_RETINA\\01.Originais\\AMD (Degeneração Macular Relacionada à Idade)\\ADAM\\__MACOSX\\ADAM\\Train\\Lesion_Illustration\\._N0259.jpg'
._N0260.jpg,cannot identify image file 'D:\\OIO+\\DATASET_RETINA\\01.Originais\\AMD (Degeneração Macular Relacionada à Idade)\\ADAM\\__MACOSX\\ADAM\\Train\\Lesion_Illustration\\._N0260.jpg'
._N0261.jpg,cannot identify image file 'D:\\OIO+\\DATASET_RETINA\\01.Originais\\AMD (Degeneração Macular Relacionada à Idade)\\ADAM\\__MACOSX\\ADAM\\Train\\Lesion_Illustration\\._N0261.jpg'
._N0262.jpg,cannot identify image file 'D:\\OIO+\\DATASET_RETINA\\01.Originais\\AMD (Degeneração Macular Relacionada à Idade)\\ADAM\\__MACOSX\\ADAM\\Train\\Lesion_Illustration\\._N0262.jpg'
._N0263.jpg,cannot identify image file 'D:\\OIO+\\DATASET_RETINA\\01.Originais\\AMD (Degeneração Macular Relacionada à Idade)\\ADAM\\__MACOSX\\ADAM\\Train\\Lesion_Illustration\\._N0263.jpg'
._N0264.jpg,cannot identify image file 'D:\\OIO+\\DATASET_RETINA\\01.Originais\\AMD (Degeneração Macular Relacionada à Idade)\\ADAM\\__MACOSX\\ADAM\\Train\\Lesion_Illustration\\._N0264.jpg'
._N0265.jpg,cannot identify image file 'D:\\OIO+\\DATASET_RETINA\\01.Originais\\AMD (Degeneração Macular Relacionada à Idade)\\ADAM\\__MACOSX\\ADAM\\Train\\Lesion_Illustration\\._N0265.jpg'
._N0266.jpg,cannot identify image file 'D:\\OIO+\\DATASET_RETINA\\01.Originais\\AMD (Degeneração Macular Relacionada à Idade)\\ADAM\\__MACOSX\\ADAM\\Train\\Lesion_Illustration\\._N0266.jpg'
._N0267.jpg,cannot identify image file 'D:\\OIO+\\DATASET_RETINA\\01.Originais\\AMD (Degeneração Macular Relacionada à Idade)\\ADAM\\__MACOSX\\ADAM\\Train\\Lesion_Illustration\\._N0267.jpg'
._N0268.jpg,cannot identify image file 'D:\\OIO+\\DATASET_RETINA\\01.Originais\\AMD (Degeneração Macular Relacionada à Idade)\\ADAM\\__MACOSX\\ADAM\\Train\\Lesion_Illustration\\._N0268.jpg'
._N0269.jpg,cannot identify image file 'D:\\OIO+\\DATASET_RETINA\\01.Originais\\AMD (Degeneração Macular Relacionada à Idade)\\ADAM\\__MACOSX\\ADAM\\Train\\Lesion_Illustration\\._N0269.jpg'
._N0270.jpg,cannot identify image file 'D:\\OIO+\\DATASET_RETINA\\01.Originais\\AMD (Degeneração Macular Relacionada à Idade)\\ADAM\\__MACOSX\\ADAM\\Train\\Lesion_Illustration\\._N0270.jpg'
._N0271.jpg,cannot identify image file 'D:\\OIO+\\DATASET_RETINA\\01.Originais\\AMD (Degeneração Macular Relacionada à Idade)\\ADAM\\__MACOSX\\ADAM\\Train\\Lesion_Illustration\\._N0271.jpg'
._N0272.jpg,cannot identify image file 'D:\\OIO+\\DATASET_RETINA\\01.Originais\\AMD (Degeneração Macular Relacionada à Idade)\\ADAM\\__MACOSX\\ADAM\\Train\\Lesion_Illustration\\._N0272.jpg'
._N0273.jpg,cannot identify image file 'D:\\OIO+\\DATASET_RETINA\\01.Originais\\AMD (Degeneração Macular Relacionada à Idade)\\ADAM\\__MACOSX\\ADAM\\Train\\Lesion_Illustration\\._N0273.jpg'
._N0274.jpg,cannot identify image file 'D:\\OIO+\\DATASET_RETINA\\01.Originais\\AMD (Degeneração Macular Relacionada à Idade)\\ADAM\\__MACOSX\\ADAM\\Train\\Lesion_Illustration\\._N0274.jpg'
._N0275.jpg,cannot identify image file 'D:\\OIO+\\DATASET_RETINA\\01.Originais\\AMD (Degeneração Macular Relacionada à Idade)\\ADAM\\__MACOSX\\ADAM\\Train\\Lesion_Illustration\\._N0275.jpg'
._N0276.jpg,cannot identify image file 'D:\\OIO+\\DATASET_RETINA\\01.Originais\\AMD (Degeneração Macular Relacionada à Idade)\\ADAM\\__MACOSX\\ADAM\\Train\\Lesion_Illustration\\._N0276.jpg'
._N0277.jpg,cannot identify image file 'D:\\OIO+\\DATASET_RETINA\\01.Originais\\AMD (Degeneração Macular Relacionada à Idade)\\ADAM\\__MACOSX\\ADAM\\Train\\Lesion_Illustration\\._N0277.jpg'
._N0278.jpg,cannot identify image file 'D:\\OIO+\\DATASET_RETINA\\01.Originais\\AMD (Degeneração Macular Relacionada à Idade)\\ADAM\\__MACOSX\\ADAM\\Train\\Lesion_Illustration\\._N0278.jpg'
._N0279.jpg,cannot identify image file 'D:\\OIO+\\DATASET_RETINA\\01.Originais\\AMD (Degeneração Macular Relacionada à Idade)\\ADAM\\__MACOSX\\ADAM\\Train\\Lesion_Illustration\\._N0279.jpg'
._N0280.jpg,cannot identify image file 'D:\\OIO+\\DATASET_RETINA\\01.Originais\\AMD (Degeneração Macular Relacionada à Idade)\\ADAM\\__MACOSX\\ADAM\\Train\\Lesion_Illustration\\._N0280.jpg'
._N0281.jpg,cannot identify image file 'D:\\OIO+\\DATASET_RETINA\\01.Originais\\AMD (Degeneração Macular Relacionada à Idade)\\ADAM\\__MACOSX\\ADAM\\Train\\Lesion_Illustration\\._N0281.jpg'
._N0282.jpg,cannot identify image file 'D:\\OIO+\\DATASET_RETINA\\01.Originais\\AMD (Degeneração Macular Relacionada à Idade)\\ADAM\\__MACOSX\\ADAM\\Train\\Lesion_Illustration\\._N0282.jpg'
._N0283.jpg,cannot identify image file 'D:\\OIO+\\DATASET_RETINA\\01.Originais\\AMD (Degeneração Macular Relacionada à Idade)\\ADAM\\__MACOSX\\ADAM\\Train\\Lesion_Illustration\\._N0283.jpg'
._N0284.jpg,cannot identify image file 'D:\\OIO+\\DATASET_RETINA\\01.Originais\\AMD (Degeneração Macular Relacionada à Idade)\\ADAM\\__MACOSX\\ADAM\\Train\\Lesion_Illustration\\._N0284.jpg'
._N0285.jpg,cannot identify image file 'D:\\OIO+\\DATASET_RETINA\\01.Originais\\AMD (Degeneração Macular Relacionada à Idade)\\ADAM\\__MACOSX\\ADAM\\Train\\Lesion_Illustration\\._N0285.jpg'
._N0286.jpg,cannot identify image file 'D:\\OIO+\\DATASET_RETINA\\01.Originais\\AMD (Degeneração Macular Relacionada à Idade)\\ADAM\\__MACOSX\\ADAM\\Train\\Lesion_Illustration\\._N0286.jpg'
._N0287.jpg,cannot identify image file 'D:\\OIO+\\DATASET_RETINA\\01.Originais\\AMD (Degeneração Macular Relacionada à Idade)\\ADAM\\__MACOSX\\ADAM\\Train\\Lesion_Illustration\\._N0287.jpg'
._N0288.jpg,cannot identify image file 'D:\\OIO+\\DATASET_RETINA\\01.Originais\\AMD (Degeneração Macular Relacionada à Idade)\\ADAM\\__MACOSX\\ADAM\\Train\\Lesion_Illustration\\._N0288.jpg'
._N0289.jpg,cannot identify image file 'D:\\OIO+\\DATASET_RETINA\\01.Originais\\AMD (Degeneração Macular Relacionada à Idade)\\ADAM\\__MACOSX\\ADAM\\Train\\Lesion_Illustration\\._N0289.jpg'
._N0290.jpg,cannot identify image file 'D:\\OIO+\\DATASET_RETINA\\01.Originais\\AMD (Degeneração Macular Relacionada à Idade)\\ADAM\\__MACOSX\\ADAM\\Train\\Lesion_Illustration\\._N0290.jpg'
._N0291.jpg,cannot identify image file 'D:\\OIO+\\DATASET_RETINA\\01.Originais\\AMD (Degeneração Macular Relacionada à Idade)\\ADAM\\__MACOSX\\ADAM\\Train\\Lesion_Illustration\\._N0291.jpg'
._N0292.jpg,cannot identify image file 'D:\\OIO+\\DATASET_RETINA\\01.Originais\\AMD (Degeneração Macular Relacionada à Idade)\\ADAM\\__MACOSX\\ADAM\\Train\\Lesion_Illustration\\._N0292.jpg'
._N0293.jpg,cannot identify image file 'D:\\OIO+\\DATASET_RETINA\\01.Originais\\AMD (Degeneração Macular Relacionada à Idade)\\ADAM\\__MACOSX\\ADAM\\Train\\Lesion_Illustration\\._N0293.jpg'
._N0294.jpg,cannot identify image file 'D:\\OIO+\\DATASET_RETINA\\01.Originais\\AMD (Degeneração Macular Relacionada à Idade)\\ADAM\\__MACOSX\\ADAM\\Train\\Lesion_Illustration\\._N0294.jpg'
._N0295.jpg,cannot identify image file 'D:\\OIO+\\DATASET_RETINA\\01.Originais\\AMD (Degeneração Macular Relacionada à Idade)\\ADAM\\__MACOSX\\ADAM\\Train\\Lesion_Illustration\\._N0295.jpg'
._N0296.jpg,cannot identify image file 'D:\\OIO+\\DATASET_RETINA\\01.Originais\\AMD (Degeneração Macular Relacionada à Idade)\\ADAM\\__MACOSX\\ADAM\\Train\\Lesion_Illustration\\._N0296.jpg'
._N0297.jpg,cannot identify image file 'D:\\OIO+\\DATASET_RETINA\\01.Originais\\AMD (Degeneração Macular Relacionada à Idade)\\ADAM\\__MACOSX\\ADAM\\Train\\Lesion_Illustration\\._N0297.jpg'
._N0298.jpg,cannot identify image file 'D:\\OIO+\\DATASET_RETINA\\01.Originais\\AMD (Degeneração Macular Relacionada à Idade)\\ADAM\\__MACOSX\\ADAM\\Train\\Lesion_Illustration\\._N0298.jpg'
._N0299.jpg,cannot identify image file 'D:\\OIO+\\DATASET_RETINA\\01.Originais\\AMD (Degeneração Macular Relacionada à Idade)\\ADAM\\__MACOSX\\ADAM\\Train\\Lesion_Illustration\\._N0299.jpg'
._N0300.jpg,cannot identify image file 'D:\\OIO+\\DATASET_RETINA\\01.Originais\\AMD (Degeneração Macular Relacionada à Idade)\\ADAM\\__MACOSX\\ADAM\\Train\\Lesion_Illustration\\._N0300.jpg'
._N0301.jpg,cannot identify image file 'D:\\OIO+\\DATASET_RETINA\\01.Originais\\AMD (Degeneração Macular Relacionada à Idade)\\ADAM\\__MACOSX\\ADAM\\Train\\Lesion_Illustration\\._N0301.jpg'
._N0302.jpg,cannot identify image file 'D:\\OIO+\\DATASET_RETINA\\01.Originais\\AMD (Degeneração Macular Relacionada à Idade)\\ADAM\\__MACOSX\\ADAM\\Train\\Lesion_Illustration\\._N0302.jpg'
._N0303.jpg,cannot identify image file 'D:\\OIO+\\DATASET_RETINA\\01.Originais\\AMD (Degeneração Macular Relacionada à Idade)\\ADAM\\__MACOSX\\ADAM\\Train\\Lesion_Illustration\\._N0303.jpg'
._N0304.jpg,cannot identify image file 'D:\\OIO+\\DATASET_RETINA\\01.Originais\\AMD (Degeneração Macular Relacionada à Idade)\\ADAM\\__MACOSX\\ADAM\\Train\\Lesion_Illustration\\._N0304.jpg'
._N0305.jpg,cannot identify image file 'D:\\OIO+\\DATASET_RETINA\\01.Originais\\AMD (Degeneração Macular Relacionada à Idade)\\ADAM\\__MACOSX\\ADAM\\Train\\Lesion_Illustration\\._N0305.jpg'
._N0306.jpg,cannot identify image file 'D:\\OIO+\\DATASET_RETINA\\01.Originais\\AMD (Degeneração Macular Relacionada à Idade)\\ADAM\\__MACOSX\\ADAM\\Train\\Lesion_Illustration\\._N0306.jpg'
._N0307.jpg,cannot identify image file 'D:\\OIO+\\DATASET_RETINA\\01.Originais\\AMD (Degeneração Macular Relacionada à Idade)\\ADAM\\__MACOSX\\ADAM\\Train\\Lesion_Illustration\\._N0307.jpg'
._N0308.jpg,cannot identify image file 'D:\\OIO+\\DATASET_RETINA\\01.Originais\\AMD (Degeneração Macular Relacionada à Idade)\\ADAM\\__MACOSX\\ADAM\\Train\\Lesion_Illustration\\._N0308.jpg'
._N0309.jpg,cannot identify image file 'D:\\OIO+\\DATASET_RETINA\\01.Originais\\AMD (Degeneração Macular Relacionada à Idade)\\ADAM\\__MACOSX\\ADAM\\Train\\Lesion_Illustration\\._N0309.jpg'
._N0310.jpg,cannot identify image file 'D:\\OIO+\\DATASET_RETINA\\01.Originais\\AMD (Degeneração Macular Relacionada à Idade)\\ADAM\\__MACOSX\\ADAM\\Train\\Lesion_Illustration\\._N0310.jpg'
._N0311.jpg,cannot identify image file 'D:\\OIO+\\DATASET_RETINA\\01.Originais\\AMD (Degeneração Macular Relacionada à Idade)\\ADAM\\__MACOSX\\ADAM\\Train\\Lesion_Illustration\\._N0311.jpg'
._A0001.jpg,cannot identify image file 'D:\\OIO+\\DATASET_RETINA\\01.Originais\\AMD (Degeneração Macular Relacionada à Idade)\\ADAM\\__MACOSX\\ADAM\\Train\\Training-image-400\\AMD\\._A0001.jpg'
._A0002.jpg,cannot identify image file 'D:\\OIO+\\DATASET_RETINA\\01.Originais\\AMD (Degeneração Macular Relacionada à Idade)\\ADAM\\__MACOSX\\ADAM\\Train\\Training-image-400\\AMD\\._A0002.jpg'
._A0003.jpg,cannot identify image file 'D:\\OIO+\\DATASET_RETINA\\01.Originais\\AMD (Degeneração Macular Relacionada à Idade)\\ADAM\\__MACOSX\\ADAM\\Train\\Training-image-400\\AMD\\._A0003.jpg'
._A0004.jpg,cannot identify image file 'D:\\OIO+\\DATASET_RETINA\\01.Originais\\AMD (Degeneração Macular Relacionada à Idade)\\ADAM\\__MACOSX\\ADAM\\Train\\Training-image-400\\AMD\\._A0004.jpg'
._A0005.jpg,cannot identify image file 'D:\\OIO+\\DATASET_RETINA\\01.Originais\\AMD (Degeneração Macular Relacionada à Idade)\\ADAM\\__MACOSX\\ADAM\\Train\\Training-image-400\\AMD\\._A0005.jpg'
._A0006.jpg,cannot identify image file 'D:\\OIO+\\DATASET_RETINA\\01.Originais\\AMD (Degeneração Macular Relacionada à Idade)\\ADAM\\__MACOSX\\ADAM\\Train\\Training-image-400\\AMD\\._A0006.jpg'
._A0007.jpg,cannot identify image file 'D:\\OIO+\\DATASET_RETINA\\01.Originais\\AMD (Degeneração Macular Relacionada à Idade)\\ADAM\\__MACOSX\\ADAM\\Train\\Training-image-400\\AMD\\._A0007.jpg'
._A0008.jpg,cannot identify image file 'D:\\OIO+\\DATASET_RETINA\\01.Originais\\AMD (Degeneração Macular Relacionada à Idade)\\ADAM\\__MACOSX\\ADAM\\Train\\Training-image-400\\AMD\\._A0008.jpg'
._A0009.jpg,cannot identify image file 'D:\\OIO+\\DATASET_RETINA\\01.Originais\\AMD (Degeneração Macular Relacionada à Idade)\\ADAM\\__MACOSX\\ADAM\\Train\\Training-image-400\\AMD\\._A0009.jpg'
._A0010.jpg,cannot identify image file 'D:\\OIO+\\DATASET_RETINA\\01.Originais\\AMD (Degeneração Macular Relacionada à Idade)\\ADAM\\__MACOSX\\ADAM\\Train\\Training-image-400\\AMD\\._A0010.jpg'
._A0011.jpg,cannot identify image file 'D:\\OIO+\\DATASET_RETINA\\01.Originais\\AMD (Degeneração Macular Relacionada à Idade)\\ADAM\\__MACOSX\\ADAM\\Train\\Training-image-400\\AMD\\._A0011.jpg'
._A0012.jpg,cannot identify image file 'D:\\OIO+\\DATASET_RETINA\\01.Originais\\AMD (Degeneração Macular Relacionada à Idade)\\ADAM\\__MACOSX\\ADAM\\Train\\Training-image-400\\AMD\\._A0012.jpg'
._A0013.jpg,cannot identify image file 'D:\\OIO+\\DATASET_RETINA\\01.Originais\\AMD (Degeneração Macular Relacionada à Idade)\\ADAM\\__MACOSX\\ADAM\\Train\\Training-image-400\\AMD\\._A0013.jpg'
._A0014.jpg,cannot identify image file 'D:\\OIO+\\DATASET_RETINA\\01.Originais\\AMD (Degeneração Macular Relacionada à Idade)\\ADAM\\__MACOSX\\ADAM\\Train\\Training-image-400\\AMD\\._A0014.jpg'
._A0015.jpg,cannot identify image file 'D:\\OIO+\\DATASET_RETINA\\01.Originais\\AMD (Degeneração Macular Relacionada à Idade)\\ADAM\\__MACOSX\\ADAM\\Train\\Training-image-400\\AMD\\._A0015.jpg'
._A0016.jpg,cannot identify image file 'D:\\OIO+\\DATASET_RETINA\\01.Originais\\AMD (Degeneração Macular Relacionada à Idade)\\ADAM\\__MACOSX\\ADAM\\Train\\Training-image-400\\AMD\\._A0016.jpg'
._A0017.jpg,cannot identify image file 'D:\\OIO+\\DATASET_RETINA\\01.Originais\\AMD (Degeneração Macular Relacionada à Idade)\\ADAM\\__MACOSX\\ADAM\\Train\\Training-image-400\\AMD\\._A0017.jpg'
._A0018.jpg,cannot identify image file 'D:\\OIO+\\DATASET_RETINA\\01.Originais\\AMD (Degeneração Macular Relacionada à Idade)\\ADAM\\__MACOSX\\ADAM\\Train\\Training-image-400\\AMD\\._A0018.jpg'
._A0019.jpg,cannot identify image file 'D:\\OIO+\\DATASET_RETINA\\01.Originais\\AMD (Degeneração Macular Relacionada à Idade)\\ADAM\\__MACOSX\\ADAM\\Train\\Training-image-400\\AMD\\._A0019.jpg'
._A0020.jpg,cannot identify image file 'D:\\OIO+\\DATASET_RETINA\\01.Originais\\AMD (Degeneração Macular Relacionada à Idade)\\ADAM\\__MACOSX\\ADAM\\Train\\Training-image-400\\AMD\\._A0020.jpg'
._A0021.jpg,cannot identify image file 'D:\\OIO+\\DATASET_RETINA\\01.Originais\\AMD (Degeneração Macular Relacionada à Idade)\\ADAM\\__MACOSX\\ADAM\\Train\\Training-image-400\\AMD\\._A0021.jpg'
._A0022.jpg,cannot identify image file 'D:\\OIO+\\DATASET_RETINA\\01.Originais\\AMD (Degeneração Macular Relacionada à Idade)\\ADAM\\__MACOSX\\ADAM\\Train\\Training-image-400\\AMD\\._A0022.jpg'
._A0023.jpg,cannot identify image file 'D:\\OIO+\\DATASET_RETINA\\01.Originais\\AMD (Degeneração Macular Relacionada à Idade)\\ADAM\\__MACOSX\\ADAM\\Train\\Training-image-400\\AMD\\._A0023.jpg'
._A0024.jpg,cannot identify image file 'D:\\OIO+\\DATASET_RETINA\\01.Originais\\AMD (Degeneração Macular Relacionada à Idade)\\ADAM\\__MACOSX\\ADAM\\Train\\Training-image-400\\AMD\\._A0024.jpg'
._A0025.jpg,cannot identify image file 'D:\\OIO+\\DATASET_RETINA\\01.Originais\\AMD (Degeneração Macular Relacionada à Idade)\\ADAM\\__MACOSX\\ADAM\\Train\\Training-image-400\\AMD\\._A0025.jpg'
._A0026.jpg,cannot identify image file 'D:\\OIO+\\DATASET_RETINA\\01.Originais\\AMD (Degeneração Macular Relacionada à Idade)\\ADAM\\__MACOSX\\ADAM\\Train\\Training-image-400\\AMD\\._A0026.jpg'
._A0027.jpg,cannot identify image file 'D:\\OIO+\\DATASET_RETINA\\01.Originais\\AMD (Degeneração Macular Relacionada à Idade)\\ADAM\\__MACOSX\\ADAM\\Train\\Training-image-400\\AMD\\._A0027.jpg'
._A0028.jpg,cannot identify image file 'D:\\OIO+\\DATASET_RETINA\\01.Originais\\AMD (Degeneração Macular Relacionada à Idade)\\ADAM\\__MACOSX\\ADAM\\Train\\Training-image-400\\AMD\\._A0028.jpg'
._A0029.jpg,cannot identify image file 'D:\\OIO+\\DATASET_RETINA\\01.Originais\\AMD (Degeneração Macular Relacionada à Idade)\\ADAM\\__MACOSX\\ADAM\\Train\\Training-image-400\\AMD\\._A0029.jpg'
._A0030.jpg,cannot identify image file 'D:\\OIO+\\DATASET_RETINA\\01.Originais\\AMD (Degeneração Macular Relacionada à Idade)\\ADAM\\__MACOSX\\ADAM\\Train\\Training-image-400\\AMD\\._A0030.jpg'
._A0031.jpg,cannot identify image file 'D:\\OIO+\\DATASET_RETINA\\01.Originais\\AMD (Degeneração Macular Relacionada à Idade)\\ADAM\\__MACOSX\\ADAM\\Train\\Training-image-400\\AMD\\._A0031.jpg'
._A0032.jpg,cannot identify image file 'D:\\OIO+\\DATASET_RETINA\\01.Originais\\AMD (Degeneração Macular Relacionada à Idade)\\ADAM\\__MACOSX\\ADAM\\Train\\Training-image-400\\AMD\\._A0032.jpg'
._A0033.jpg,cannot identify image file 'D:\\OIO+\\DATASET_RETINA\\01.Originais\\AMD (Degeneração Macular Relacionada à Idade)\\ADAM\\__MACOSX\\ADAM\\Train\\Training-image-400\\AMD\\._A0033.jpg'
._A0034.jpg,cannot identify image file 'D:\\OIO+\\DATASET_RETINA\\01.Originais\\AMD (Degeneração Macular Relacionada à Idade)\\ADAM\\__MACOSX\\ADAM\\Train\\Training-image-400\\AMD\\._A0034.jpg'
._A0035.jpg,cannot identify image file 'D:\\OIO+\\DATASET_RETINA\\01.Originais\\AMD (Degeneração Macular Relacionada à Idade)\\ADAM\\__MACOSX\\ADAM\\Train\\Training-image-400\\AMD\\._A0035.jpg'
._A0036.jpg,cannot identify image file 'D:\\OIO+\\DATASET_RETINA\\01.Originais\\AMD (Degeneração Macular Relacionada à Idade)\\ADAM\\__MACOSX\\ADAM\\Train\\Training-image-400\\AMD\\._A0036.jpg'
._A0037.jpg,cannot identify image file 'D:\\OIO+\\DATASET_RETINA\\01.Originais\\AMD (Degeneração Macular Relacionada à Idade)\\ADAM\\__MACOSX\\ADAM\\Train\\Training-image-400\\AMD\\._A0037.jpg'
._A0038.jpg,cannot identify image file 'D:\\OIO+\\DATASET_RETINA\\01.Originais\\AMD (Degeneração Macular Relacionada à Idade)\\ADAM\\__MACOSX\\ADAM\\Train\\Training-image-400\\AMD\\._A0038.jpg'
._A0039.jpg,cannot identify image file 'D:\\OIO+\\DATASET_RETINA\\01.Originais\\AMD (Degeneração Macular Relacionada à Idade)\\ADAM\\__MACOSX\\ADAM\\Train\\Training-image-400\\AMD\\._A0039.jpg'
._A0040.jpg,cannot identify image file 'D:\\OIO+\\DATASET_RETINA\\01.Originais\\AMD (Degeneração Macular Relacionada à Idade)\\ADAM\\__MACOSX\\ADAM\\Train\\Training-image-400\\AMD\\._A0040.jpg'
._A0041.jpg,cannot identify image file 'D:\\OIO+\\DATASET_RETINA\\01.Originais\\AMD (Degeneração Macular Relacionada à Idade)\\ADAM\\__MACOSX\\ADAM\\Train\\Training-image-400\\AMD\\._A0041.jpg'
._A0042.jpg,cannot identify image file 'D:\\OIO+\\DATASET_RETINA\\01.Originais\\AMD (Degeneração Macular Relacionada à Idade)\\ADAM\\__MACOSX\\ADAM\\Train\\Training-image-400\\AMD\\._A0042.jpg'
._A0043.jpg,cannot identify image file 'D:\\OIO+\\DATASET_RETINA\\01.Originais\\AMD (Degeneração Macular Relacionada à Idade)\\ADAM\\__MACOSX\\ADAM\\Train\\Training-image-400\\AMD\\._A0043.jpg'
._A0044.jpg,cannot identify image file 'D:\\OIO+\\DATASET_RETINA\\01.Originais\\AMD (Degeneração Macular Relacionada à Idade)\\ADAM\\__MACOSX\\ADAM\\Train\\Training-image-400\\AMD\\._A0044.jpg'
._A0045.jpg,cannot identify image file 'D:\\OIO+\\DATASET_RETINA\\01.Originais\\AMD (Degeneração Macular Relacionada à Idade)\\ADAM\\__MACOSX\\ADAM\\Train\\Training-image-400\\AMD\\._A0045.jpg'
._A0046.jpg,cannot identify image file 'D:\\OIO+\\DATASET_RETINA\\01.Originais\\AMD (Degeneração Macular Relacionada à Idade)\\ADAM\\__MACOSX\\ADAM\\Train\\Training-image-400\\AMD\\._A0046.jpg'
._A0047.jpg,cannot identify image file 'D:\\OIO+\\DATASET_RETINA\\01.Originais\\AMD (Degeneração Macular Relacionada à Idade)\\ADAM\\__MACOSX\\ADAM\\Train\\Training-image-400\\AMD\\._A0047.jpg'
._A0048.jpg,cannot identify image file 'D:\\OIO+\\DATASET_RETINA\\01.Originais\\AMD (Degeneração Macular Relacionada à Idade)\\ADAM\\__MACOSX\\ADAM\\Train\\Training-image-400\\AMD\\._A0048.jpg'
._A0049.jpg,cannot identify image file 'D:\\OIO+\\DATASET_RETINA\\01.Originais\\AMD (Degeneração Macular Relacionada à Idade)\\ADAM\\__MACOSX\\ADAM\\Train\\Training-image-400\\AMD\\._A0049.jpg'
._A0050.jpg,cannot identify image file 'D:\\OIO+\\DATASET_RETINA\\01.Originais\\AMD (Degeneração Macular Relacionada à Idade)\\ADAM\\__MACOSX\\ADAM\\Train\\Training-image-400\\AMD\\._A0050.jpg'
._A0051.jpg,cannot identify image file 'D:\\OIO+\\DATASET_RETINA\\01.Originais\\AMD (Degeneração Macular Relacionada à Idade)\\ADAM\\__MACOSX\\ADAM\\Train\\Training-image-400\\AMD\\._A0051.jpg'
._A0052.jpg,cannot identify image file 'D:\\OIO+\\DATASET_RETINA\\01.Originais\\AMD (Degeneração Macular Relacionada à Idade)\\ADAM\\__MACOSX\\ADAM\\Train\\Training-image-400\\AMD\\._A0052.jpg'
._A0053.jpg,cannot identify image file 'D:\\OIO+\\DATASET_RETINA\\01.Originais\\AMD (Degeneração Macular Relacionada à Idade)\\ADAM\\__MACOSX\\ADAM\\Train\\Training-image-400\\AMD\\._A0053.jpg'
._A0054.jpg,cannot identify image file 'D:\\OIO+\\DATASET_RETINA\\01.Originais\\AMD (Degeneração Macular Relacionada à Idade)\\ADAM\\__MACOSX\\ADAM\\Train\\Training-image-400\\AMD\\._A0054.jpg'
._A0055.jpg,cannot identify image file 'D:\\OIO+\\DATASET_RETINA\\01.Originais\\AMD (Degeneração Macular Relacionada à Idade)\\ADAM\\__MACOSX\\ADAM\\Train\\Training-image-400\\AMD\\._A0055.jpg'
._A0056.jpg,cannot identify image file 'D:\\OIO+\\DATASET_RETINA\\01.Originais\\AMD (Degeneração Macular Relacionada à Idade)\\ADAM\\__MACOSX\\ADAM\\Train\\Training-image-400\\AMD\\._A0056.jpg'
._A0057.jpg,cannot identify image file 'D:\\OIO+\\DATASET_RETINA\\01.Originais\\AMD (Degeneração Macular Relacionada à Idade)\\ADAM\\__MACOSX\\ADAM\\Train\\Training-image-400\\AMD\\._A0057.jpg'
._A0058.jpg,cannot identify image file 'D:\\OIO+\\DATASET_RETINA\\01.Originais\\AMD (Degeneração Macular Relacionada à Idade)\\ADAM\\__MACOSX\\ADAM\\Train\\Training-image-400\\AMD\\._A0058.jpg'
._A0059.jpg,cannot identify image file 'D:\\OIO+\\DATASET_RETINA\\01.Originais\\AMD (Degeneração Macular Relacionada à Idade)\\ADAM\\__MACOSX\\ADAM\\Train\\Training-image-400\\AMD\\._A0059.jpg'
._A0060.jpg,cannot identify image file 'D:\\OIO+\\DATASET_RETINA\\01.Originais\\AMD (Degeneração Macular Relacionada à Idade)\\ADAM\\__MACOSX\\ADAM\\Train\\Training-image-400\\AMD\\._A0060.jpg'
._A0061.jpg,cannot identify image file 'D:\\OIO+\\DATASET_RETINA\\01.Originais\\AMD (Degeneração Macular Relacionada à Idade)\\ADAM\\__MACOSX\\ADAM\\Train\\Training-image-400\\AMD\\._A0061.jpg'
._A0062.jpg,cannot identify image file 'D:\\OIO+\\DATASET_RETINA\\01.Originais\\AMD (Degeneração Macular Relacionada à Idade)\\ADAM\\__MACOSX\\ADAM\\Train\\Training-image-400\\AMD\\._A0062.jpg'
._A0063.jpg,cannot identify image file 'D:\\OIO+\\DATASET_RETINA\\01.Originais\\AMD (Degeneração Macular Relacionada à Idade)\\ADAM\\__MACOSX\\ADAM\\Train\\Training-image-400\\AMD\\._A0063.jpg'
._A0064.jpg,cannot identify image file 'D:\\OIO+\\DATASET_RETINA\\01.Originais\\AMD (Degeneração Macular Relacionada à Idade)\\ADAM\\__MACOSX\\ADAM\\Train\\Training-image-400\\AMD\\._A0064.jpg'
._A0065.jpg,cannot identify image file 'D:\\OIO+\\DATASET_RETINA\\01.Originais\\AMD (Degeneração Macular Relacionada à Idade)\\ADAM\\__MACOSX\\ADAM\\Train\\Training-image-400\\AMD\\._A0065.jpg'
._A0066.jpg,cannot identify image file 'D:\\OIO+\\DATASET_RETINA\\01.Originais\\AMD (Degeneração Macular Relacionada à Idade)\\ADAM\\__MACOSX\\ADAM\\Train\\Training-image-400\\AMD\\._A0066.jpg'
._A0067.jpg,cannot identify image file 'D:\\OIO+\\DATASET_RETINA\\01.Originais\\AMD (Degeneração Macular Relacionada à Idade)\\ADAM\\__MACOSX\\ADAM\\Train\\Training-image-400\\AMD\\._A0067.jpg'
._A0068.jpg,cannot identify image file 'D:\\OIO+\\DATASET_RETINA\\01.Originais\\AMD (Degeneração Macular Relacionada à Idade)\\ADAM\\__MACOSX\\ADAM\\Train\\Training-image-400\\AMD\\._A0068.jpg'
._A0069.jpg,cannot identify image file 'D:\\OIO+\\DATASET_RETINA\\01.Originais\\AMD (Degeneração Macular Relacionada à Idade)\\ADAM\\__MACOSX\\ADAM\\Train\\Training-image-400\\AMD\\._A0069.jpg'
._A0070.jpg,cannot identify image file 'D:\\OIO+\\DATASET_RETINA\\01.Originais\\AMD (Degeneração Macular Relacionada à Idade)\\ADAM\\__MACOSX\\ADAM\\Train\\Training-image-400\\AMD\\._A0070.jpg'
._A0071.jpg,cannot identify image file 'D:\\OIO+\\DATASET_RETINA\\01.Originais\\AMD (Degeneração Macular Relacionada à Idade)\\ADAM\\__MACOSX\\ADAM\\Train\\Training-image-400\\AMD\\._A0071.jpg'
._A0072.jpg,cannot identify image file 'D:\\OIO+\\DATASET_RETINA\\01.Originais\\AMD (Degeneração Macular Relacionada à Idade)\\ADAM\\__MACOSX\\ADAM\\Train\\Training-image-400\\AMD\\._A0072.jpg'
._A0073.jpg,cannot identify image file 'D:\\OIO+\\DATASET_RETINA\\01.Originais\\AMD (Degeneração Macular Relacionada à Idade)\\ADAM\\__MACOSX\\ADAM\\Train\\Training-image-400\\AMD\\._A0073.jpg'
._A0074.jpg,cannot identify image file 'D:\\OIO+\\DATASET_RETINA\\01.Originais\\AMD (Degeneração Macular Relacionada à Idade)\\ADAM\\__MACOSX\\ADAM\\Train\\Training-image-400\\AMD\\._A0074.jpg'
._A0075.jpg,cannot identify image file 'D:\\OIO+\\DATASET_RETINA\\01.Originais\\AMD (Degeneração Macular Relacionada à Idade)\\ADAM\\__MACOSX\\ADAM\\Train\\Training-image-400\\AMD\\._A0075.jpg'
._A0076.jpg,cannot identify image file 'D:\\OIO+\\DATASET_RETINA\\01.Originais\\AMD (Degeneração Macular Relacionada à Idade)\\ADAM\\__MACOSX\\ADAM\\Train\\Training-image-400\\AMD\\._A0076.jpg'
._A0077.jpg,cannot identify image file 'D:\\OIO+\\DATASET_RETINA\\01.Originais\\AMD (Degeneração Macular Relacionada à Idade)\\ADAM\\__MACOSX\\ADAM\\Train\\Training-image-400\\AMD\\._A0077.jpg'
._A0078.jpg,cannot identify image file 'D:\\OIO+\\DATASET_RETINA\\01.Originais\\AMD (Degeneração Macular Relacionada à Idade)\\ADAM\\__MACOSX\\ADAM\\Train\\Training-image-400\\AMD\\._A0078.jpg'
._A0079.jpg,cannot identify image file 'D:\\OIO+\\DATASET_RETINA\\01.Originais\\AMD (Degeneração Macular Relacionada à Idade)\\ADAM\\__MACOSX\\ADAM\\Train\\Training-image-400\\AMD\\._A0079.jpg'
._A0080.jpg,cannot identify image file 'D:\\OIO+\\DATASET_RETINA\\01.Originais\\AMD (Degeneração Macular Relacionada à Idade)\\ADAM\\__MACOSX\\ADAM\\Train\\Training-image-400\\AMD\\._A0080.jpg'
._A0081.jpg,cannot identify image file 'D:\\OIO+\\DATASET_RETINA\\01.Originais\\AMD (Degeneração Macular Relacionada à Idade)\\ADAM\\__MACOSX\\ADAM\\Train\\Training-image-400\\AMD\\._A0081.jpg'
._A0082.jpg,cannot identify image file 'D:\\OIO+\\DATASET_RETINA\\01.Originais\\AMD (Degeneração Macular Relacionada à Idade)\\ADAM\\__MACOSX\\ADAM\\Train\\Training-image-400\\AMD\\._A0082.jpg'
._A0083.jpg,cannot identify image file 'D:\\OIO+\\DATASET_RETINA\\01.Originais\\AMD (Degeneração Macular Relacionada à Idade)\\ADAM\\__MACOSX\\ADAM\\Train\\Training-image-400\\AMD\\._A0083.jpg'
._A0084.jpg,cannot identify image file 'D:\\OIO+\\DATASET_RETINA\\01.Originais\\AMD (Degeneração Macular Relacionada à Idade)\\ADAM\\__MACOSX\\ADAM\\Train\\Training-image-400\\AMD\\._A0084.jpg'
._A0085.jpg,cannot identify image file 'D:\\OIO+\\DATASET_RETINA\\01.Originais\\AMD (Degeneração Macular Relacionada à Idade)\\ADAM\\__MACOSX\\ADAM\\Train\\Training-image-400\\AMD\\._A0085.jpg'
._A0086.jpg,cannot identify image file 'D:\\OIO+\\DATASET_RETINA\\01.Originais\\AMD (Degeneração Macular Relacionada à Idade)\\ADAM\\__MACOSX\\ADAM\\Train\\Training-image-400\\AMD\\._A0086.jpg'
._A0087.jpg,cannot identify image file 'D:\\OIO+\\DATASET_RETINA\\01.Originais\\AMD (Degeneração Macular Relacionada à Idade)\\ADAM\\__MACOSX\\ADAM\\Train\\Training-image-400\\AMD\\._A0087.jpg'
._A0088.jpg,cannot identify image file 'D:\\OIO+\\DATASET_RETINA\\01.Originais\\AMD (Degeneração Macular Relacionada à Idade)\\ADAM\\__MACOSX\\ADAM\\Train\\Training-image-400\\AMD\\._A0088.jpg'
._A0089.jpg,cannot identify image file 'D:\\OIO+\\DATASET_RETINA\\01.Originais\\AMD (Degeneração Macular Relacionada à Idade)\\ADAM\\__MACOSX\\ADAM\\Train\\Training-image-400\\AMD\\._A0089.jpg'
._N0001.jpg,cannot identify image file 'D:\\OIO+\\DATASET_RETINA\\01.Originais\\AMD (Degeneração Macular Relacionada à Idade)\\ADAM\\__MACOSX\\ADAM\\Train\\Training-image-400\\Non-AMD\\._N0001.jpg'
._N0002.jpg,cannot identify image file 'D:\\OIO+\\DATASET_RETINA\\01.Originais\\AMD (Degeneração Macular Relacionada à Idade)\\ADAM\\__MACOSX\\ADAM\\Train\\Training-image-400\\Non-AMD\\._N0002.jpg'
._N0003.jpg,cannot identify image file 'D:\\OIO+\\DATASET_RETINA\\01.Originais\\AMD (Degeneração Macular Relacionada à Idade)\\ADAM\\__MACOSX\\ADAM\\Train\\Training-image-400\\Non-AMD\\._N0003.jpg'
._N0004.jpg,cannot identify image file 'D:\\OIO+\\DATASET_RETINA\\01.Originais\\AMD (Degeneração Macular Relacionada à Idade)\\ADAM\\__MACOSX\\ADAM\\Train\\Training-image-400\\Non-AMD\\._N0004.jpg'
._N0005.jpg,cannot identify image file 'D:\\OIO+\\DATASET_RETINA\\01.Originais\\AMD (Degeneração Macular Relacionada à Idade)\\ADAM\\__MACOSX\\ADAM\\Train\\Training-image-400\\Non-AMD\\._N0005.jpg'
._N0006.jpg,cannot identify image file 'D:\\OIO+\\DATASET_RETINA\\01.Originais\\AMD (Degeneração Macular Relacionada à Idade)\\ADAM\\__MACOSX\\ADAM\\Train\\Training-image-400\\Non-AMD\\._N0006.jpg'
._N0007.jpg,cannot identify image file 'D:\\OIO+\\DATASET_RETINA\\01.Originais\\AMD (Degeneração Macular Relacionada à Idade)\\ADAM\\__MACOSX\\ADAM\\Train\\Training-image-400\\Non-AMD\\._N0007.jpg'
._N0008.jpg,cannot identify image file 'D:\\OIO+\\DATASET_RETINA\\01.Originais\\AMD (Degeneração Macular Relacionada à Idade)\\ADAM\\__MACOSX\\ADAM\\Train\\Training-image-400\\Non-AMD\\._N0008.jpg'
._N0009.jpg,cannot identify image file 'D:\\OIO+\\DATASET_RETINA\\01.Originais\\AMD (Degeneração Macular Relacionada à Idade)\\ADAM\\__MACOSX\\ADAM\\Train\\Training-image-400\\Non-AMD\\._N0009.jpg'
._N0010.jpg,cannot identify image file 'D:\\OIO+\\DATASET_RETINA\\01.Originais\\AMD (Degeneração Macular Relacionada à Idade)\\ADAM\\__MACOSX\\ADAM\\Train\\Training-image-400\\Non-AMD\\._N0010.jpg'
._N0011.jpg,cannot identify image file 'D:\\OIO+\\DATASET_RETINA\\01.Originais\\AMD (Degeneração Macular Relacionada à Idade)\\ADAM\\__MACOSX\\ADAM\\Train\\Training-image-400\\Non-AMD\\._N0011.jpg'
._N0012.jpg,cannot identify image file 'D:\\OIO+\\DATASET_RETINA\\01.Originais\\AMD (Degeneração Macular Relacionada à Idade)\\ADAM\\__MACOSX\\ADAM\\Train\\Training-image-400\\Non-AMD\\._N0012.jpg'
._N0013.jpg,cannot identify image file 'D:\\OIO+\\DATASET_RETINA\\01.Originais\\AMD (Degeneração Macular Relacionada à Idade)\\ADAM\\__MACOSX\\ADAM\\Train\\Training-image-400\\Non-AMD\\._N0013.jpg'
._N0014.jpg,cannot identify image file 'D:\\OIO+\\DATASET_RETINA\\01.Originais\\AMD (Degeneração Macular Relacionada à Idade)\\ADAM\\__MACOSX\\ADAM\\Train\\Training-image-400\\Non-AMD\\._N0014.jpg'
._N0015.jpg,cannot identify image file 'D:\\OIO+\\DATASET_RETINA\\01.Originais\\AMD (Degeneração Macular Relacionada à Idade)\\ADAM\\__MACOSX\\ADAM\\Train\\Training-image-400\\Non-AMD\\._N0015.jpg'
._N0016.jpg,cannot identify image file 'D:\\OIO+\\DATASET_RETINA\\01.Originais\\AMD (Degeneração Macular Relacionada à Idade)\\ADAM\\__MACOSX\\ADAM\\Train\\Training-image-400\\Non-AMD\\._N0016.jpg'
._N0017.jpg,cannot identify image file 'D:\\OIO+\\DATASET_RETINA\\01.Originais\\AMD (Degeneração Macular Relacionada à Idade)\\ADAM\\__MACOSX\\ADAM\\Train\\Training-image-400\\Non-AMD\\._N0017.jpg'
._N0018.jpg,cannot identify image file 'D:\\OIO+\\DATASET_RETINA\\01.Originais\\AMD (Degeneração Macular Relacionada à Idade)\\ADAM\\__MACOSX\\ADAM\\Train\\Training-image-400\\Non-AMD\\._N0018.jpg'
._N0019.jpg,cannot identify image file 'D:\\OIO+\\DATASET_RETINA\\01.Originais\\AMD (Degeneração Macular Relacionada à Idade)\\ADAM\\__MACOSX\\ADAM\\Train\\Training-image-400\\Non-AMD\\._N0019.jpg'
._N0020.jpg,cannot identify image file 'D:\\OIO+\\DATASET_RETINA\\01.Originais\\AMD (Degeneração Macular Relacionada à Idade)\\ADAM\\__MACOSX\\ADAM\\Train\\Training-image-400\\Non-AMD\\._N0020.jpg'
._N0021.jpg,cannot identify image file 'D:\\OIO+\\DATASET_RETINA\\01.Originais\\AMD (Degeneração Macular Relacionada à Idade)\\ADAM\\__MACOSX\\ADAM\\Train\\Training-image-400\\Non-AMD\\._N0021.jpg'
._N0022.jpg,cannot identify image file 'D:\\OIO+\\DATASET_RETINA\\01.Originais\\AMD (Degeneração Macular Relacionada à Idade)\\ADAM\\__MACOSX\\ADAM\\Train\\Training-image-400\\Non-AMD\\._N0022.jpg'
._N0023.jpg,cannot identify image file 'D:\\OIO+\\DATASET_RETINA\\01.Originais\\AMD (Degeneração Macular Relacionada à Idade)\\ADAM\\__MACOSX\\ADAM\\Train\\Training-image-400\\Non-AMD\\._N0023.jpg'
._N0024.jpg,cannot identify image file 'D:\\OIO+\\DATASET_RETINA\\01.Originais\\AMD (Degeneração Macular Relacionada à Idade)\\ADAM\\__MACOSX\\ADAM\\Train\\Training-image-400\\Non-AMD\\._N0024.jpg'
._N0025.jpg,cannot identify image file 'D:\\OIO+\\DATASET_RETINA\\01.Originais\\AMD (Degeneração Macular Relacionada à Idade)\\ADAM\\__MACOSX\\ADAM\\Train\\Training-image-400\\Non-AMD\\._N0025.jpg'
._N0026.jpg,cannot identify image file 'D:\\OIO+\\DATASET_RETINA\\01.Originais\\AMD (Degeneração Macular Relacionada à Idade)\\ADAM\\__MACOSX\\ADAM\\Train\\Training-image-400\\Non-AMD\\._N0026.jpg'
._N0027.jpg,cannot identify image file 'D:\\OIO+\\DATASET_RETINA\\01.Originais\\AMD (Degeneração Macular Relacionada à Idade)\\ADAM\\__MACOSX\\ADAM\\Train\\Training-image-400\\Non-AMD\\._N0027.jpg'
._N0028.jpg,cannot identify image file 'D:\\OIO+\\DATASET_RETINA\\01.Originais\\AMD (Degeneração Macular Relacionada à Idade)\\ADAM\\__MACOSX\\ADAM\\Train\\Training-image-400\\Non-AMD\\._N0028.jpg'
._N0029.jpg,cannot identify image file 'D:\\OIO+\\DATASET_RETINA\\01.Originais\\AMD (Degeneração Macular Relacionada à Idade)\\ADAM\\__MACOSX\\ADAM\\Train\\Training-image-400\\Non-AMD\\._N0029.jpg'
._N0030.jpg,cannot identify image file 'D:\\OIO+\\DATASET_RETINA\\01.Originais\\AMD (Degeneração Macular Relacionada à Idade)\\ADAM\\__MACOSX\\ADAM\\Train\\Training-image-400\\Non-AMD\\._N0030.jpg'
._N0031.jpg,cannot identify image file 'D:\\OIO+\\DATASET_RETINA\\01.Originais\\AMD (Degeneração Macular Relacionada à Idade)\\ADAM\\__MACOSX\\ADAM\\Train\\Training-image-400\\Non-AMD\\._N0031.jpg'
._N0032.jpg,cannot identify image file 'D:\\OIO+\\DATASET_RETINA\\01.Originais\\AMD (Degeneração Macular Relacionada à Idade)\\ADAM\\__MACOSX\\ADAM\\Train\\Training-image-400\\Non-AMD\\._N0032.jpg'
._N0033.jpg,cannot identify image file 'D:\\OIO+\\DATASET_RETINA\\01.Originais\\AMD (Degeneração Macular Relacionada à Idade)\\ADAM\\__MACOSX\\ADAM\\Train\\Training-image-400\\Non-AMD\\._N0033.jpg'
._N0034.jpg,cannot identify image file 'D:\\OIO+\\DATASET_RETINA\\01.Originais\\AMD (Degeneração Macular Relacionada à Idade)\\ADAM\\__MACOSX\\ADAM\\Train\\Training-image-400\\Non-AMD\\._N0034.jpg'
._N0035.jpg,cannot identify image file 'D:\\OIO+\\DATASET_RETINA\\01.Originais\\AMD (Degeneração Macular Relacionada à Idade)\\ADAM\\__MACOSX\\ADAM\\Train\\Training-image-400\\Non-AMD\\._N0035.jpg'
._N0036.jpg,cannot identify image file 'D:\\OIO+\\DATASET_RETINA\\01.Originais\\AMD (Degeneração Macular Relacionada à Idade)\\ADAM\\__MACOSX\\ADAM\\Train\\Training-image-400\\Non-AMD\\._N0036.jpg'
._N0037.jpg,cannot identify image file 'D:\\OIO+\\DATASET_RETINA\\01.Originais\\AMD (Degeneração Macular Relacionada à Idade)\\ADAM\\__MACOSX\\ADAM\\Train\\Training-image-400\\Non-AMD\\._N0037.jpg'
._N0038.jpg,cannot identify image file 'D:\\OIO+\\DATASET_RETINA\\01.Originais\\AMD (Degeneração Macular Relacionada à Idade)\\ADAM\\__MACOSX\\ADAM\\Train\\Training-image-400\\Non-AMD\\._N0038.jpg'
._N0039.jpg,cannot identify image file 'D:\\OIO+\\DATASET_RETINA\\01.Originais\\AMD (Degeneração Macular Relacionada à Idade)\\ADAM\\__MACOSX\\ADAM\\Train\\Training-image-400\\Non-AMD\\._N0039.jpg'
._N0040.jpg,cannot identify image file 'D:\\OIO+\\DATASET_RETINA\\01.Originais\\AMD (Degeneração Macular Relacionada à Idade)\\ADAM\\__MACOSX\\ADAM\\Train\\Training-image-400\\Non-AMD\\._N0040.jpg'
._N0041.jpg,cannot identify image file 'D:\\OIO+\\DATASET_RETINA\\01.Originais\\AMD (Degeneração Macular Relacionada à Idade)\\ADAM\\__MACOSX\\ADAM\\Train\\Training-image-400\\Non-AMD\\._N0041.jpg'
._N0042.jpg,cannot identify image file 'D:\\OIO+\\DATASET_RETINA\\01.Originais\\AMD (Degeneração Macular Relacionada à Idade)\\ADAM\\__MACOSX\\ADAM\\Train\\Training-image-400\\Non-AMD\\._N0042.jpg'
._N0043.jpg,cannot identify image file 'D:\\OIO+\\DATASET_RETINA\\01.Originais\\AMD (Degeneração Macular Relacionada à Idade)\\ADAM\\__MACOSX\\ADAM\\Train\\Training-image-400\\Non-AMD\\._N0043.jpg'
._N0044.jpg,cannot identify image file 'D:\\OIO+\\DATASET_RETINA\\01.Originais\\AMD (Degeneração Macular Relacionada à Idade)\\ADAM\\__MACOSX\\ADAM\\Train\\Training-image-400\\Non-AMD\\._N0044.jpg'
._N0045.jpg,cannot identify image file 'D:\\OIO+\\DATASET_RETINA\\01.Originais\\AMD (Degeneração Macular Relacionada à Idade)\\ADAM\\__MACOSX\\ADAM\\Train\\Training-image-400\\Non-AMD\\._N0045.jpg'
._N0046.jpg,cannot identify image file 'D:\\OIO+\\DATASET_RETINA\\01.Originais\\AMD (Degeneração Macular Relacionada à Idade)\\ADAM\\__MACOSX\\ADAM\\Train\\Training-image-400\\Non-AMD\\._N0046.jpg'
._N0047.jpg,cannot identify image file 'D:\\OIO+\\DATASET_RETINA\\01.Originais\\AMD (Degeneração Macular Relacionada à Idade)\\ADAM\\__MACOSX\\ADAM\\Train\\Training-image-400\\Non-AMD\\._N0047.jpg'
._N0048.jpg,cannot identify image file 'D:\\OIO+\\DATASET_RETINA\\01.Originais\\AMD (Degeneração Macular Relacionada à Idade)\\ADAM\\__MACOSX\\ADAM\\Train\\Training-image-400\\Non-AMD\\._N0048.jpg'
._N0049.jpg,cannot identify image file 'D:\\OIO+\\DATASET_RETINA\\01.Originais\\AMD (Degeneração Macular Relacionada à Idade)\\ADAM\\__MACOSX\\ADAM\\Train\\Training-image-400\\Non-AMD\\._N0049.jpg'
._N0050.jpg,cannot identify image file 'D:\\OIO+\\DATASET_RETINA\\01.Originais\\AMD (Degeneração Macular Relacionada à Idade)\\ADAM\\__MACOSX\\ADAM\\Train\\Training-image-400\\Non-AMD\\._N0050.jpg'
._N0051.jpg,cannot identify image file 'D:\\OIO+\\DATASET_RETINA\\01.Originais\\AMD (Degeneração Macular Relacionada à Idade)\\ADAM\\__MACOSX\\ADAM\\Train\\Training-image-400\\Non-AMD\\._N0051.jpg'
._N0052.jpg,cannot identify image file 'D:\\OIO+\\DATASET_RETINA\\01.Originais\\AMD (Degeneração Macular Relacionada à Idade)\\ADAM\\__MACOSX\\ADAM\\Train\\Training-image-400\\Non-AMD\\._N0052.jpg'
._N0053.jpg,cannot identify image file 'D:\\OIO+\\DATASET_RETINA\\01.Originais\\AMD (Degeneração Macular Relacionada à Idade)\\ADAM\\__MACOSX\\ADAM\\Train\\Training-image-400\\Non-AMD\\._N0053.jpg'
._N0054.jpg,cannot identify image file 'D:\\OIO+\\DATASET_RETINA\\01.Originais\\AMD (Degeneração Macular Relacionada à Idade)\\ADAM\\__MACOSX\\ADAM\\Train\\Training-image-400\\Non-AMD\\._N0054.jpg'
._N0055.jpg,cannot identify image file 'D:\\OIO+\\DATASET_RETINA\\01.Originais\\AMD (Degeneração Macular Relacionada à Idade)\\ADAM\\__MACOSX\\ADAM\\Train\\Training-image-400\\Non-AMD\\._N0055.jpg'
._N0056.jpg,cannot identify image file 'D:\\OIO+\\DATASET_RETINA\\01.Originais\\AMD (Degeneração Macular Relacionada à Idade)\\ADAM\\__MACOSX\\ADAM\\Train\\Training-image-400\\Non-AMD\\._N0056.jpg'
._N0057.jpg,cannot identify image file 'D:\\OIO+\\DATASET_RETINA\\01.Originais\\AMD (Degeneração Macular Relacionada à Idade)\\ADAM\\__MACOSX\\ADAM\\Train\\Training-image-400\\Non-AMD\\._N0057.jpg'
._N0058.jpg,cannot identify image file 'D:\\OIO+\\DATASET_RETINA\\01.Originais\\AMD (Degeneração Macular Relacionada à Idade)\\ADAM\\__MACOSX\\ADAM\\Train\\Training-image-400\\Non-AMD\\._N0058.jpg'
._N0059.jpg,cannot identify image file 'D:\\OIO+\\DATASET_RETINA\\01.Originais\\AMD (Degeneração Macular Relacionada à Idade)\\ADAM\\__MACOSX\\ADAM\\Train\\Training-image-400\\Non-AMD\\._N0059.jpg'
._N0060.jpg,cannot identify image file 'D:\\OIO+\\DATASET_RETINA\\01.Originais\\AMD (Degeneração Macular Relacionada à Idade)\\ADAM\\__MACOSX\\ADAM\\Train\\Training-image-400\\Non-AMD\\._N0060.jpg'
._N0061.jpg,cannot identify image file 'D:\\OIO+\\DATASET_RETINA\\01.Originais\\AMD (Degeneração Macular Relacionada à Idade)\\ADAM\\__MACOSX\\ADAM\\Train\\Training-image-400\\Non-AMD\\._N0061.jpg'
._N0062.jpg,cannot identify image file 'D:\\OIO+\\DATASET_RETINA\\01.Originais\\AMD (Degeneração Macular Relacionada à Idade)\\ADAM\\__MACOSX\\ADAM\\Train\\Training-image-400\\Non-AMD\\._N0062.jpg'
._N0063.jpg,cannot identify image file 'D:\\OIO+\\DATASET_RETINA\\01.Originais\\AMD (Degeneração Macular Relacionada à Idade)\\ADAM\\__MACOSX\\ADAM\\Train\\Training-image-400\\Non-AMD\\._N0063.jpg'
._N0064.jpg,cannot identify image file 'D:\\OIO+\\DATASET_RETINA\\01.Originais\\AMD (Degeneração Macular Relacionada à Idade)\\ADAM\\__MACOSX\\ADAM\\Train\\Training-image-400\\Non-AMD\\._N0064.jpg'
._N0065.jpg,cannot identify image file 'D:\\OIO+\\DATASET_RETINA\\01.Originais\\AMD (Degeneração Macular Relacionada à Idade)\\ADAM\\__MACOSX\\ADAM\\Train\\Training-image-400\\Non-AMD\\._N0065.jpg'
._N0066.jpg,cannot identify image file 'D:\\OIO+\\DATASET_RETINA\\01.Originais\\AMD (Degeneração Macular Relacionada à Idade)\\ADAM\\__MACOSX\\ADAM\\Train\\Training-image-400\\Non-AMD\\._N0066.jpg'
._N0067.jpg,cannot identify image file 'D:\\OIO+\\DATASET_RETINA\\01.Originais\\AMD (Degeneração Macular Relacionada à Idade)\\ADAM\\__MACOSX\\ADAM\\Train\\Training-image-400\\Non-AMD\\._N0067.jpg'
._N0068.jpg,cannot identify image file 'D:\\OIO+\\DATASET_RETINA\\01.Originais\\AMD (Degeneração Macular Relacionada à Idade)\\ADAM\\__MACOSX\\ADAM\\Train\\Training-image-400\\Non-AMD\\._N0068.jpg'
._N0069.jpg,cannot identify image file 'D:\\OIO+\\DATASET_RETINA\\01.Originais\\AMD (Degeneração Macular Relacionada à Idade)\\ADAM\\__MACOSX\\ADAM\\Train\\Training-image-400\\Non-AMD\\._N0069.jpg'
._N0070.jpg,cannot identify image file 'D:\\OIO+\\DATASET_RETINA\\01.Originais\\AMD (Degeneração Macular Relacionada à Idade)\\ADAM\\__MACOSX\\ADAM\\Train\\Training-image-400\\Non-AMD\\._N0070.jpg'
._N0071.jpg,cannot identify image file 'D:\\OIO+\\DATASET_RETINA\\01.Originais\\AMD (Degeneração Macular Relacionada à Idade)\\ADAM\\__MACOSX\\ADAM\\Train\\Training-image-400\\Non-AMD\\._N0071.jpg'
._N0072.jpg,cannot identify image file 'D:\\OIO+\\DATASET_RETINA\\01.Originais\\AMD (Degeneração Macular Relacionada à Idade)\\ADAM\\__MACOSX\\ADAM\\Train\\Training-image-400\\Non-AMD\\._N0072.jpg'
._N0073.jpg,cannot identify image file 'D:\\OIO+\\DATASET_RETINA\\01.Originais\\AMD (Degeneração Macular Relacionada à Idade)\\ADAM\\__MACOSX\\ADAM\\Train\\Training-image-400\\Non-AMD\\._N0073.jpg'
._N0074.jpg,cannot identify image file 'D:\\OIO+\\DATASET_RETINA\\01.Originais\\AMD (Degeneração Macular Relacionada à Idade)\\ADAM\\__MACOSX\\ADAM\\Train\\Training-image-400\\Non-AMD\\._N0074.jpg'
._N0075.jpg,cannot identify image file 'D:\\OIO+\\DATASET_RETINA\\01.Originais\\AMD (Degeneração Macular Relacionada à Idade)\\ADAM\\__MACOSX\\ADAM\\Train\\Training-image-400\\Non-AMD\\._N0075.jpg'
._N0076.jpg,cannot identify image file 'D:\\OIO+\\DATASET_RETINA\\01.Originais\\AMD (Degeneração Macular Relacionada à Idade)\\ADAM\\__MACOSX\\ADAM\\Train\\Training-image-400\\Non-AMD\\._N0076.jpg'
._N0077.jpg,cannot identify image file 'D:\\OIO+\\DATASET_RETINA\\01.Originais\\AMD (Degeneração Macular Relacionada à Idade)\\ADAM\\__MACOSX\\ADAM\\Train\\Training-image-400\\Non-AMD\\._N0077.jpg'
._N0078.jpg,cannot identify image file 'D:\\OIO+\\DATASET_RETINA\\01.Originais\\AMD (Degeneração Macular Relacionada à Idade)\\ADAM\\__MACOSX\\ADAM\\Train\\Training-image-400\\Non-AMD\\._N0078.jpg'
._N0079.jpg,cannot identify image file 'D:\\OIO+\\DATASET_RETINA\\01.Originais\\AMD (Degeneração Macular Relacionada à Idade)\\ADAM\\__MACOSX\\ADAM\\Train\\Training-image-400\\Non-AMD\\._N0079.jpg'
._N0080.jpg,cannot identify image file 'D:\\OIO+\\DATASET_RETINA\\01.Originais\\AMD (Degeneração Macular Relacionada à Idade)\\ADAM\\__MACOSX\\ADAM\\Train\\Training-image-400\\Non-AMD\\._N0080.jpg'
._N0081.jpg,cannot identify image file 'D:\\OIO+\\DATASET_RETINA\\01.Originais\\AMD (Degeneração Macular Relacionada à Idade)\\ADAM\\__MACOSX\\ADAM\\Train\\Training-image-400\\Non-AMD\\._N0081.jpg'
._N0082.jpg,cannot identify image file 'D:\\OIO+\\DATASET_RETINA\\01.Originais\\AMD (Degeneração Macular Relacionada à Idade)\\ADAM\\__MACOSX\\ADAM\\Train\\Training-image-400\\Non-AMD\\._N0082.jpg'
._N0083.jpg,cannot identify image file 'D:\\OIO+\\DATASET_RETINA\\01.Originais\\AMD (Degeneração Macular Relacionada à Idade)\\ADAM\\__MACOSX\\ADAM\\Train\\Training-image-400\\Non-AMD\\._N0083.jpg'
._N0084.jpg,cannot identify image file 'D:\\OIO+\\DATASET_RETINA\\01.Originais\\AMD (Degeneração Macular Relacionada à Idade)\\ADAM\\__MACOSX\\ADAM\\Train\\Training-image-400\\Non-AMD\\._N0084.jpg'
._N0085.jpg,cannot identify image file 'D:\\OIO+\\DATASET_RETINA\\01.Originais\\AMD (Degeneração Macular Relacionada à Idade)\\ADAM\\__MACOSX\\ADAM\\Train\\Training-image-400\\Non-AMD\\._N0085.jpg'
._N0086.jpg,cannot identify image file 'D:\\OIO+\\DATASET_RETINA\\01.Originais\\AMD (Degeneração Macular Relacionada à Idade)\\ADAM\\__MACOSX\\ADAM\\Train\\Training-image-400\\Non-AMD\\._N0086.jpg'
._N0087.jpg,cannot identify image file 'D:\\OIO+\\DATASET_RETINA\\01.Originais\\AMD (Degeneração Macular Relacionada à Idade)\\ADAM\\__MACOSX\\ADAM\\Train\\Training-image-400\\Non-AMD\\._N0087.jpg'
._N0088.jpg,cannot identify image file 'D:\\OIO+\\DATASET_RETINA\\01.Originais\\AMD (Degeneração Macular Relacionada à Idade)\\ADAM\\__MACOSX\\ADAM\\Train\\Training-image-400\\Non-AMD\\._N0088.jpg'
._N0089.jpg,cannot identify image file 'D:\\OIO+\\DATASET_RETINA\\01.Originais\\AMD (Degeneração Macular Relacionada à Idade)\\ADAM\\__MACOSX\\ADAM\\Train\\Training-image-400\\Non-AMD\\._N0089.jpg'
._N0090.jpg,cannot identify image file 'D:\\OIO+\\DATASET_RETINA\\01.Originais\\AMD (Degeneração Macular Relacionada à Idade)\\ADAM\\__MACOSX\\ADAM\\Train\\Training-image-400\\Non-AMD\\._N0090.jpg'
._N0091.jpg,cannot identify image file 'D:\\OIO+\\DATASET_RETINA\\01.Originais\\AMD (Degeneração Macular Relacionada à Idade)\\ADAM\\__MACOSX\\ADAM\\Train\\Training-image-400\\Non-AMD\\._N0091.jpg'
._N0092.jpg,cannot identify image file 'D:\\OIO+\\DATASET_RETINA\\01.Originais\\AMD (Degeneração Macular Relacionada à Idade)\\ADAM\\__MACOSX\\ADAM\\Train\\Training-image-400\\Non-AMD\\._N0092.jpg'
._N0093.jpg,cannot identify image file 'D:\\OIO+\\DATASET_RETINA\\01.Originais\\AMD (Degeneração Macular Relacionada à Idade)\\ADAM\\__MACOSX\\ADAM\\Train\\Training-image-400\\Non-AMD\\._N0093.jpg'
._N0094.jpg,cannot identify image file 'D:\\OIO+\\DATASET_RETINA\\01.Originais\\AMD (Degeneração Macular Relacionada à Idade)\\ADAM\\__MACOSX\\ADAM\\Train\\Training-image-400\\Non-AMD\\._N0094.jpg'
._N0095.jpg,cannot identify image file 'D:\\OIO+\\DATASET_RETINA\\01.Originais\\AMD (Degeneração Macular Relacionada à Idade)\\ADAM\\__MACOSX\\ADAM\\Train\\Training-image-400\\Non-AMD\\._N0095.jpg'
._N0096.jpg,cannot identify image file 'D:\\OIO+\\DATASET_RETINA\\01.Originais\\AMD (Degeneração Macular Relacionada à Idade)\\ADAM\\__MACOSX\\ADAM\\Train\\Training-image-400\\Non-AMD\\._N0096.jpg'
._N0097.jpg,cannot identify image file 'D:\\OIO+\\DATASET_RETINA\\01.Originais\\AMD (Degeneração Macular Relacionada à Idade)\\ADAM\\__MACOSX\\ADAM\\Train\\Training-image-400\\Non-AMD\\._N0097.jpg'
._N0098.jpg,cannot identify image file 'D:\\OIO+\\DATASET_RETINA\\01.Originais\\AMD (Degeneração Macular Relacionada à Idade)\\ADAM\\__MACOSX\\ADAM\\Train\\Training-image-400\\Non-AMD\\._N0098.jpg'
._N0099.jpg,cannot identify image file 'D:\\OIO+\\DATASET_RETINA\\01.Originais\\AMD (Degeneração Macular Relacionada à Idade)\\ADAM\\__MACOSX\\ADAM\\Train\\Training-image-400\\Non-AMD\\._N0099.jpg'
._N0100.jpg,cannot identify image file 'D:\\OIO+\\DATASET_RETINA\\01.Originais\\AMD (Degeneração Macular Relacionada à Idade)\\ADAM\\__MACOSX\\ADAM\\Train\\Training-image-400\\Non-AMD\\._N0100.jpg'
._N0101.jpg,cannot identify image file 'D:\\OIO+\\DATASET_RETINA\\01.Originais\\AMD (Degeneração Macular Relacionada à Idade)\\ADAM\\__MACOSX\\ADAM\\Train\\Training-image-400\\Non-AMD\\._N0101.jpg'
._N0102.jpg,cannot identify image file 'D:\\OIO+\\DATASET_RETINA\\01.Originais\\AMD (Degeneração Macular Relacionada à Idade)\\ADAM\\__MACOSX\\ADAM\\Train\\Training-image-400\\Non-AMD\\._N0102.jpg'
._N0103.jpg,cannot identify image file 'D:\\OIO+\\DATASET_RETINA\\01.Originais\\AMD (Degeneração Macular Relacionada à Idade)\\ADAM\\__MACOSX\\ADAM\\Train\\Training-image-400\\Non-AMD\\._N0103.jpg'
._N0104.jpg,cannot identify image file 'D:\\OIO+\\DATASET_RETINA\\01.Originais\\AMD (Degeneração Macular Relacionada à Idade)\\ADAM\\__MACOSX\\ADAM\\Train\\Training-image-400\\Non-AMD\\._N0104.jpg'
._N0105.jpg,cannot identify image file 'D:\\OIO+\\DATASET_RETINA\\01.Originais\\AMD (Degeneração Macular Relacionada à Idade)\\ADAM\\__MACOSX\\ADAM\\Train\\Training-image-400\\Non-AMD\\._N0105.jpg'
._N0106.jpg,cannot identify image file 'D:\\OIO+\\DATASET_RETINA\\01.Originais\\AMD (Degeneração Macular Relacionada à Idade)\\ADAM\\__MACOSX\\ADAM\\Train\\Training-image-400\\Non-AMD\\._N0106.jpg'
._N0107.jpg,cannot identify image file 'D:\\OIO+\\DATASET_RETINA\\01.Originais\\AMD (Degeneração Macular Relacionada à Idade)\\ADAM\\__MACOSX\\ADAM\\Train\\Training-image-400\\Non-AMD\\._N0107.jpg'
._N0108.jpg,cannot identify image file 'D:\\OIO+\\DATASET_RETINA\\01.Originais\\AMD (Degeneração Macular Relacionada à Idade)\\ADAM\\__MACOSX\\ADAM\\Train\\Training-image-400\\Non-AMD\\._N0108.jpg'
._N0109.jpg,cannot identify image file 'D:\\OIO+\\DATASET_RETINA\\01.Originais\\AMD (Degeneração Macular Relacionada à Idade)\\ADAM\\__MACOSX\\ADAM\\Train\\Training-image-400\\Non-AMD\\._N0109.jpg'
._N0110.jpg,cannot identify image file 'D:\\OIO+\\DATASET_RETINA\\01.Originais\\AMD (Degeneração Macular Relacionada à Idade)\\ADAM\\__MACOSX\\ADAM\\Train\\Training-image-400\\Non-AMD\\._N0110.jpg'
._N0111.jpg,cannot identify image file 'D:\\OIO+\\DATASET_RETINA\\01.Originais\\AMD (Degeneração Macular Relacionada à Idade)\\ADAM\\__MACOSX\\ADAM\\Train\\Training-image-400\\Non-AMD\\._N0111.jpg'
._N0112.jpg,cannot identify image file 'D:\\OIO+\\DATASET_RETINA\\01.Originais\\AMD (Degeneração Macular Relacionada à Idade)\\ADAM\\__MACOSX\\ADAM\\Train\\Training-image-400\\Non-AMD\\._N0112.jpg'
._N0113.jpg,cannot identify image file 'D:\\OIO+\\DATASET_RETINA\\01.Originais\\AMD (Degeneração Macular Relacionada à Idade)\\ADAM\\__MACOSX\\ADAM\\Train\\Training-image-400\\Non-AMD\\._N0113.jpg'
._N0114.jpg,cannot identify image file 'D:\\OIO+\\DATASET_RETINA\\01.Originais\\AMD (Degeneração Macular Relacionada à Idade)\\ADAM\\__MACOSX\\ADAM\\Train\\Training-image-400\\Non-AMD\\._N0114.jpg'
._N0115.jpg,cannot identify image file 'D:\\OIO+\\DATASET_RETINA\\01.Originais\\AMD (Degeneração Macular Relacionada à Idade)\\ADAM\\__MACOSX\\ADAM\\Train\\Training-image-400\\Non-AMD\\._N0115.jpg'
._N0116.jpg,cannot identify image file 'D:\\OIO+\\DATASET_RETINA\\01.Originais\\AMD (Degeneração Macular Relacionada à Idade)\\ADAM\\__MACOSX\\ADAM\\Train\\Training-image-400\\Non-AMD\\._N0116.jpg'
._N0117.jpg,cannot identify image file 'D:\\OIO+\\DATASET_RETINA\\01.Originais\\AMD (Degeneração Macular Relacionada à Idade)\\ADAM\\__MACOSX\\ADAM\\Train\\Training-image-400\\Non-AMD\\._N0117.jpg'
._N0118.jpg,cannot identify image file 'D:\\OIO+\\DATASET_RETINA\\01.Originais\\AMD (Degeneração Macular Relacionada à Idade)\\ADAM\\__MACOSX\\ADAM\\Train\\Training-image-400\\Non-AMD\\._N0118.jpg'
._N0119.jpg,cannot identify image file 'D:\\OIO+\\DATASET_RETINA\\01.Originais\\AMD (Degeneração Macular Relacionada à Idade)\\ADAM\\__MACOSX\\ADAM\\Train\\Training-image-400\\Non-AMD\\._N0119.jpg'
._N0120.jpg,cannot identify image file 'D:\\OIO+\\DATASET_RETINA\\01.Originais\\AMD (Degeneração Macular Relacionada à Idade)\\ADAM\\__MACOSX\\ADAM\\Train\\Training-image-400\\Non-AMD\\._N0120.jpg'
._N0121.jpg,cannot identify image file 'D:\\OIO+\\DATASET_RETINA\\01.Originais\\AMD (Degeneração Macular Relacionada à Idade)\\ADAM\\__MACOSX\\ADAM\\Train\\Training-image-400\\Non-AMD\\._N0121.jpg'
._N0122.jpg,cannot identify image file 'D:\\OIO+\\DATASET_RETINA\\01.Originais\\AMD (Degeneração Macular Relacionada à Idade)\\ADAM\\__MACOSX\\ADAM\\Train\\Training-image-400\\Non-AMD\\._N0122.jpg'
._N0123.jpg,cannot identify image file 'D:\\OIO+\\DATASET_RETINA\\01.Originais\\AMD (Degeneração Macular Relacionada à Idade)\\ADAM\\__MACOSX\\ADAM\\Train\\Training-image-400\\Non-AMD\\._N0123.jpg'
._N0124.jpg,cannot identify image file 'D:\\OIO+\\DATASET_RETINA\\01.Originais\\AMD (Degeneração Macular Relacionada à Idade)\\ADAM\\__MACOSX\\ADAM\\Train\\Training-image-400\\Non-AMD\\._N0124.jpg'
._N0125.jpg,cannot identify image file 'D:\\OIO+\\DATASET_RETINA\\01.Originais\\AMD (Degeneração Macular Relacionada à Idade)\\ADAM\\__MACOSX\\ADAM\\Train\\Training-image-400\\Non-AMD\\._N0125.jpg'
._N0126.jpg,cannot identify image file 'D:\\OIO+\\DATASET_RETINA\\01.Originais\\AMD (Degeneração Macular Relacionada à Idade)\\ADAM\\__MACOSX\\ADAM\\Train\\Training-image-400\\Non-AMD\\._N0126.jpg'
._N0127.jpg,cannot identify image file 'D:\\OIO+\\DATASET_RETINA\\01.Originais\\AMD (Degeneração Macular Relacionada à Idade)\\ADAM\\__MACOSX\\ADAM\\Train\\Training-image-400\\Non-AMD\\._N0127.jpg'
._N0128.jpg,cannot identify image file 'D:\\OIO+\\DATASET_RETINA\\01.Originais\\AMD (Degeneração Macular Relacionada à Idade)\\ADAM\\__MACOSX\\ADAM\\Train\\Training-image-400\\Non-AMD\\._N0128.jpg'
._N0129.jpg,cannot identify image file 'D:\\OIO+\\DATASET_RETINA\\01.Originais\\AMD (Degeneração Macular Relacionada à Idade)\\ADAM\\__MACOSX\\ADAM\\Train\\Training-image-400\\Non-AMD\\._N0129.jpg'
._N0130.jpg,cannot identify image file 'D:\\OIO+\\DATASET_RETINA\\01.Originais\\AMD (Degeneração Macular Relacionada à Idade)\\ADAM\\__MACOSX\\ADAM\\Train\\Training-image-400\\Non-AMD\\._N0130.jpg'
._N0131.jpg,cannot identify image file 'D:\\OIO+\\DATASET_RETINA\\01.Originais\\AMD (Degeneração Macular Relacionada à Idade)\\ADAM\\__MACOSX\\ADAM\\Train\\Training-image-400\\Non-AMD\\._N0131.jpg'
._N0132.jpg,cannot identify image file 'D:\\OIO+\\DATASET_RETINA\\01.Originais\\AMD (Degeneração Macular Relacionada à Idade)\\ADAM\\__MACOSX\\ADAM\\Train\\Training-image-400\\Non-AMD\\._N0132.jpg'
._N0133.jpg,cannot identify image file 'D:\\OIO+\\DATASET_RETINA\\01.Originais\\AMD (Degeneração Macular Relacionada à Idade)\\ADAM\\__MACOSX\\ADAM\\Train\\Training-image-400\\Non-AMD\\._N0133.jpg'
._N0134.jpg,cannot identify image file 'D:\\OIO+\\DATASET_RETINA\\01.Originais\\AMD (Degeneração Macular Relacionada à Idade)\\ADAM\\__MACOSX\\ADAM\\Train\\Training-image-400\\Non-AMD\\._N0134.jpg'
._N0135.jpg,cannot identify image file 'D:\\OIO+\\DATASET_RETINA\\01.Originais\\AMD (Degeneração Macular Relacionada à Idade)\\ADAM\\__MACOSX\\ADAM\\Train\\Training-image-400\\Non-AMD\\._N0135.jpg'
._N0136.jpg,cannot identify image file 'D:\\OIO+\\DATASET_RETINA\\01.Originais\\AMD (Degeneração Macular Relacionada à Idade)\\ADAM\\__MACOSX\\ADAM\\Train\\Training-image-400\\Non-AMD\\._N0136.jpg'
._N0137.jpg,cannot identify image file 'D:\\OIO+\\DATASET_RETINA\\01.Originais\\AMD (Degeneração Macular Relacionada à Idade)\\ADAM\\__MACOSX\\ADAM\\Train\\Training-image-400\\Non-AMD\\._N0137.jpg'
._N0138.jpg,cannot identify image file 'D:\\OIO+\\DATASET_RETINA\\01.Originais\\AMD (Degeneração Macular Relacionada à Idade)\\ADAM\\__MACOSX\\ADAM\\Train\\Training-image-400\\Non-AMD\\._N0138.jpg'
._N0139.jpg,cannot identify image file 'D:\\OIO+\\DATASET_RETINA\\01.Originais\\AMD (Degeneração Macular Relacionada à Idade)\\ADAM\\__MACOSX\\ADAM\\Train\\Training-image-400\\Non-AMD\\._N0139.jpg'
._N0140.jpg,cannot identify image file 'D:\\OIO+\\DATASET_RETINA\\01.Originais\\AMD (Degeneração Macular Relacionada à Idade)\\ADAM\\__MACOSX\\ADAM\\Train\\Training-image-400\\Non-AMD\\._N0140.jpg'
._N0141.jpg,cannot identify image file 'D:\\OIO+\\DATASET_RETINA\\01.Originais\\AMD (Degeneração Macular Relacionada à Idade)\\ADAM\\__MACOSX\\ADAM\\Train\\Training-image-400\\Non-AMD\\._N0141.jpg'
._N0142.jpg,cannot identify image file 'D:\\OIO+\\DATASET_RETINA\\01.Originais\\AMD (Degeneração Macular Relacionada à Idade)\\ADAM\\__MACOSX\\ADAM\\Train\\Training-image-400\\Non-AMD\\._N0142.jpg'
._N0143.jpg,cannot identify image file 'D:\\OIO+\\DATASET_RETINA\\01.Originais\\AMD (Degeneração Macular Relacionada à Idade)\\ADAM\\__MACOSX\\ADAM\\Train\\Training-image-400\\Non-AMD\\._N0143.jpg'
._N0144.jpg,cannot identify image file 'D:\\OIO+\\DATASET_RETINA\\01.Originais\\AMD (Degeneração Macular Relacionada à Idade)\\ADAM\\__MACOSX\\ADAM\\Train\\Training-image-400\\Non-AMD\\._N0144.jpg'
._N0145.jpg,cannot identify image file 'D:\\OIO+\\DATASET_RETINA\\01.Originais\\AMD (Degeneração Macular Relacionada à Idade)\\ADAM\\__MACOSX\\ADAM\\Train\\Training-image-400\\Non-AMD\\._N0145.jpg'
._N0146.jpg,cannot identify image file 'D:\\OIO+\\DATASET_RETINA\\01.Originais\\AMD (Degeneração Macular Relacionada à Idade)\\ADAM\\__MACOSX\\ADAM\\Train\\Training-image-400\\Non-AMD\\._N0146.jpg'
._N0147.jpg,cannot identify image file 'D:\\OIO+\\DATASET_RETINA\\01.Originais\\AMD (Degeneração Macular Relacionada à Idade)\\ADAM\\__MACOSX\\ADAM\\Train\\Training-image-400\\Non-AMD\\._N0147.jpg'
._N0148.jpg,cannot identify image file 'D:\\OIO+\\DATASET_RETINA\\01.Originais\\AMD (Degeneração Macular Relacionada à Idade)\\ADAM\\__MACOSX\\ADAM\\Train\\Training-image-400\\Non-AMD\\._N0148.jpg'
._N0149.jpg,cannot identify image file 'D:\\OIO+\\DATASET_RETINA\\01.Originais\\AMD (Degeneração Macular Relacionada à Idade)\\ADAM\\__MACOSX\\ADAM\\Train\\Training-image-400\\Non-AMD\\._N0149.jpg'
._N0150.jpg,cannot identify image file 'D:\\OIO+\\DATASET_RETINA\\01.Originais\\AMD (Degeneração Macular Relacionada à Idade)\\ADAM\\__MACOSX\\ADAM\\Train\\Training-image-400\\Non-AMD\\._N0150.jpg'
._N0151.jpg,cannot identify image file 'D:\\OIO+\\DATASET_RETINA\\01.Originais\\AMD (Degeneração Macular Relacionada à Idade)\\ADAM\\__MACOSX\\ADAM\\Train\\Training-image-400\\Non-AMD\\._N0151.jpg'
._N0152.jpg,cannot identify image file 'D:\\OIO+\\DATASET_RETINA\\01.Originais\\AMD (Degeneração Macular Relacionada à Idade)\\ADAM\\__MACOSX\\ADAM\\Train\\Training-image-400\\Non-AMD\\._N0152.jpg'
._N0153.jpg,cannot identify image file 'D:\\OIO+\\DATASET_RETINA\\01.Originais\\AMD (Degeneração Macular Relacionada à Idade)\\ADAM\\__MACOSX\\ADAM\\Train\\Training-image-400\\Non-AMD\\._N0153.jpg'
._N0154.jpg,cannot identify image file 'D:\\OIO+\\DATASET_RETINA\\01.Originais\\AMD (Degeneração Macular Relacionada à Idade)\\ADAM\\__MACOSX\\ADAM\\Train\\Training-image-400\\Non-AMD\\._N0154.jpg'
._N0155.jpg,cannot identify image file 'D:\\OIO+\\DATASET_RETINA\\01.Originais\\AMD (Degeneração Macular Relacionada à Idade)\\ADAM\\__MACOSX\\ADAM\\Train\\Training-image-400\\Non-AMD\\._N0155.jpg'
._N0156.jpg,cannot identify image file 'D:\\OIO+\\DATASET_RETINA\\01.Originais\\AMD (Degeneração Macular Relacionada à Idade)\\ADAM\\__MACOSX\\ADAM\\Train\\Training-image-400\\Non-AMD\\._N0156.jpg'
._N0157.jpg,cannot identify image file 'D:\\OIO+\\DATASET_RETINA\\01.Originais\\AMD (Degeneração Macular Relacionada à Idade)\\ADAM\\__MACOSX\\ADAM\\Train\\Training-image-400\\Non-AMD\\._N0157.jpg'
._N0158.jpg,cannot identify image file 'D:\\OIO+\\DATASET_RETINA\\01.Originais\\AMD (Degeneração Macular Relacionada à Idade)\\ADAM\\__MACOSX\\ADAM\\Train\\Training-image-400\\Non-AMD\\._N0158.jpg'
._N0159.jpg,cannot identify image file 'D:\\OIO+\\DATASET_RETINA\\01.Originais\\AMD (Degeneração Macular Relacionada à Idade)\\ADAM\\__MACOSX\\ADAM\\Train\\Training-image-400\\Non-AMD\\._N0159.jpg'
._N0160.jpg,cannot identify image file 'D:\\OIO+\\DATASET_RETINA\\01.Originais\\AMD (Degeneração Macular Relacionada à Idade)\\ADAM\\__MACOSX\\ADAM\\Train\\Training-image-400\\Non-AMD\\._N0160.jpg'
._N0161.jpg,cannot identify image file 'D:\\OIO+\\DATASET_RETINA\\01.Originais\\AMD (Degeneração Macular Relacionada à Idade)\\ADAM\\__MACOSX\\ADAM\\Train\\Training-image-400\\Non-AMD\\._N0161.jpg'
._N0162.jpg,cannot identify image file 'D:\\OIO+\\DATASET_RETINA\\01.Originais\\AMD (Degeneração Macular Relacionada à Idade)\\ADAM\\__MACOSX\\ADAM\\Train\\Training-image-400\\Non-AMD\\._N0162.jpg'
._N0163.jpg,cannot identify image file 'D:\\OIO+\\DATASET_RETINA\\01.Originais\\AMD (Degeneração Macular Relacionada à Idade)\\ADAM\\__MACOSX\\ADAM\\Train\\Training-image-400\\Non-AMD\\._N0163.jpg'
._N0164.jpg,cannot identify image file 'D:\\OIO+\\DATASET_RETINA\\01.Originais\\AMD (Degeneração Macular Relacionada à Idade)\\ADAM\\__MACOSX\\ADAM\\Train\\Training-image-400\\Non-AMD\\._N0164.jpg'
._N0165.jpg,cannot identify image file 'D:\\OIO+\\DATASET_RETINA\\01.Originais\\AMD (Degeneração Macular Relacionada à Idade)\\ADAM\\__MACOSX\\ADAM\\Train\\Training-image-400\\Non-AMD\\._N0165.jpg'
._N0166.jpg,cannot identify image file 'D:\\OIO+\\DATASET_RETINA\\01.Originais\\AMD (Degeneração Macular Relacionada à Idade)\\ADAM\\__MACOSX\\ADAM\\Train\\Training-image-400\\Non-AMD\\._N0166.jpg'
._N0167.jpg,cannot identify image file 'D:\\OIO+\\DATASET_RETINA\\01.Originais\\AMD (Degeneração Macular Relacionada à Idade)\\ADAM\\__MACOSX\\ADAM\\Train\\Training-image-400\\Non-AMD\\._N0167.jpg'
._N0168.jpg,cannot identify image file 'D:\\OIO+\\DATASET_RETINA\\01.Originais\\AMD (Degeneração Macular Relacionada à Idade)\\ADAM\\__MACOSX\\ADAM\\Train\\Training-image-400\\Non-AMD\\._N0168.jpg'
._N0169.jpg,cannot identify image file 'D:\\OIO+\\DATASET_RETINA\\01.Originais\\AMD (Degeneração Macular Relacionada à Idade)\\ADAM\\__MACOSX\\ADAM\\Train\\Training-image-400\\Non-AMD\\._N0169.jpg'
._N0170.jpg,cannot identify image file 'D:\\OIO+\\DATASET_RETINA\\01.Originais\\AMD (Degeneração Macular Relacionada à Idade)\\ADAM\\__MACOSX\\ADAM\\Train\\Training-image-400\\Non-AMD\\._N0170.jpg'
._N0171.jpg,cannot identify image file 'D:\\OIO+\\DATASET_RETINA\\01.Originais\\AMD (Degeneração Macular Relacionada à Idade)\\ADAM\\__MACOSX\\ADAM\\Train\\Training-image-400\\Non-AMD\\._N0171.jpg'
._N0172.jpg,cannot identify image file 'D:\\OIO+\\DATASET_RETINA\\01.Originais\\AMD (Degeneração Macular Relacionada à Idade)\\ADAM\\__MACOSX\\ADAM\\Train\\Training-image-400\\Non-AMD\\._N0172.jpg'
._N0173.jpg,cannot identify image file 'D:\\OIO+\\DATASET_RETINA\\01.Originais\\AMD (Degeneração Macular Relacionada à Idade)\\ADAM\\__MACOSX\\ADAM\\Train\\Training-image-400\\Non-AMD\\._N0173.jpg'
._N0174.jpg,cannot identify image file 'D:\\OIO+\\DATASET_RETINA\\01.Originais\\AMD (Degeneração Macular Relacionada à Idade)\\ADAM\\__MACOSX\\ADAM\\Train\\Training-image-400\\Non-AMD\\._N0174.jpg'
._N0175.jpg,cannot identify image file 'D:\\OIO+\\DATASET_RETINA\\01.Originais\\AMD (Degeneração Macular Relacionada à Idade)\\ADAM\\__MACOSX\\ADAM\\Train\\Training-image-400\\Non-AMD\\._N0175.jpg'
._N0176.jpg,cannot identify image file 'D:\\OIO+\\DATASET_RETINA\\01.Originais\\AMD (Degeneração Macular Relacionada à Idade)\\ADAM\\__MACOSX\\ADAM\\Train\\Training-image-400\\Non-AMD\\._N0176.jpg'
._N0177.jpg,cannot identify image file 'D:\\OIO+\\DATASET_RETINA\\01.Originais\\AMD (Degeneração Macular Relacionada à Idade)\\ADAM\\__MACOSX\\ADAM\\Train\\Training-image-400\\Non-AMD\\._N0177.jpg'
._N0178.jpg,cannot identify image file 'D:\\OIO+\\DATASET_RETINA\\01.Originais\\AMD (Degeneração Macular Relacionada à Idade)\\ADAM\\__MACOSX\\ADAM\\Train\\Training-image-400\\Non-AMD\\._N0178.jpg'
._N0179.jpg,cannot identify image file 'D:\\OIO+\\DATASET_RETINA\\01.Originais\\AMD (Degeneração Macular Relacionada à Idade)\\ADAM\\__MACOSX\\ADAM\\Train\\Training-image-400\\Non-AMD\\._N0179.jpg'
._N0180.jpg,cannot identify image file 'D:\\OIO+\\DATASET_RETINA\\01.Originais\\AMD (Degeneração Macular Relacionada à Idade)\\ADAM\\__MACOSX\\ADAM\\Train\\Training-image-400\\Non-AMD\\._N0180.jpg'
._N0181.jpg,cannot identify image file 'D:\\OIO+\\DATASET_RETINA\\01.Originais\\AMD (Degeneração Macular Relacionada à Idade)\\ADAM\\__MACOSX\\ADAM\\Train\\Training-image-400\\Non-AMD\\._N0181.jpg'
._N0182.jpg,cannot identify image file 'D:\\OIO+\\DATASET_RETINA\\01.Originais\\AMD (Degeneração Macular Relacionada à Idade)\\ADAM\\__MACOSX\\ADAM\\Train\\Training-image-400\\Non-AMD\\._N0182.jpg'
._N0183.jpg,cannot identify image file 'D:\\OIO+\\DATASET_RETINA\\01.Originais\\AMD (Degeneração Macular Relacionada à Idade)\\ADAM\\__MACOSX\\ADAM\\Train\\Training-image-400\\Non-AMD\\._N0183.jpg'
._N0184.jpg,cannot identify image file 'D:\\OIO+\\DATASET_RETINA\\01.Originais\\AMD (Degeneração Macular Relacionada à Idade)\\ADAM\\__MACOSX\\ADAM\\Train\\Training-image-400\\Non-AMD\\._N0184.jpg'
._N0185.jpg,cannot identify image file 'D:\\OIO+\\DATASET_RETINA\\01.Originais\\AMD (Degeneração Macular Relacionada à Idade)\\ADAM\\__MACOSX\\ADAM\\Train\\Training-image-400\\Non-AMD\\._N0185.jpg'
._N0186.jpg,cannot identify image file 'D:\\OIO+\\DATASET_RETINA\\01.Originais\\AMD (Degeneração Macular Relacionada à Idade)\\ADAM\\__MACOSX\\ADAM\\Train\\Training-image-400\\Non-AMD\\._N0186.jpg'
._N0187.jpg,cannot identify image file 'D:\\OIO+\\DATASET_RETINA\\01.Originais\\AMD (Degeneração Macular Relacionada à Idade)\\ADAM\\__MACOSX\\ADAM\\Train\\Training-image-400\\Non-AMD\\._N0187.jpg'
._N0188.jpg,cannot identify image file 'D:\\OIO+\\DATASET_RETINA\\01.Originais\\AMD (Degeneração Macular Relacionada à Idade)\\ADAM\\__MACOSX\\ADAM\\Train\\Training-image-400\\Non-AMD\\._N0188.jpg'
._N0189.jpg,cannot identify image file 'D:\\OIO+\\DATASET_RETINA\\01.Originais\\AMD (Degeneração Macular Relacionada à Idade)\\ADAM\\__MACOSX\\ADAM\\Train\\Training-image-400\\Non-AMD\\._N0189.jpg'
._N0190.jpg,cannot identify image file 'D:\\OIO+\\DATASET_RETINA\\01.Originais\\AMD (Degeneração Macular Relacionada à Idade)\\ADAM\\__MACOSX\\ADAM\\Train\\Training-image-400\\Non-AMD\\._N0190.jpg'
._N0191.jpg,cannot identify image file 'D:\\OIO+\\DATASET_RETINA\\01.Originais\\AMD (Degeneração Macular Relacionada à Idade)\\ADAM\\__MACOSX\\ADAM\\Train\\Training-image-400\\Non-AMD\\._N0191.jpg'
._N0192.jpg,cannot identify image file 'D:\\OIO+\\DATASET_RETINA\\01.Originais\\AMD (Degeneração Macular Relacionada à Idade)\\ADAM\\__MACOSX\\ADAM\\Train\\Training-image-400\\Non-AMD\\._N0192.jpg'
._N0193.jpg,cannot identify image file 'D:\\OIO+\\DATASET_RETINA\\01.Originais\\AMD (Degeneração Macular Relacionada à Idade)\\ADAM\\__MACOSX\\ADAM\\Train\\Training-image-400\\Non-AMD\\._N0193.jpg'
._N0194.jpg,cannot identify image file 'D:\\OIO+\\DATASET_RETINA\\01.Originais\\AMD (Degeneração Macular Relacionada à Idade)\\ADAM\\__MACOSX\\ADAM\\Train\\Training-image-400\\Non-AMD\\._N0194.jpg'
._N0195.jpg,cannot identify image file 'D:\\OIO+\\DATASET_RETINA\\01.Originais\\AMD (Degeneração Macular Relacionada à Idade)\\ADAM\\__MACOSX\\ADAM\\Train\\Training-image-400\\Non-AMD\\._N0195.jpg'
._N0196.jpg,cannot identify image file 'D:\\OIO+\\DATASET_RETINA\\01.Originais\\AMD (Degeneração Macular Relacionada à Idade)\\ADAM\\__MACOSX\\ADAM\\Train\\Training-image-400\\Non-AMD\\._N0196.jpg'
._N0197.jpg,cannot identify image file 'D:\\OIO+\\DATASET_RETINA\\01.Originais\\AMD (Degeneração Macular Relacionada à Idade)\\ADAM\\__MACOSX\\ADAM\\Train\\Training-image-400\\Non-AMD\\._N0197.jpg'
._N0198.jpg,cannot identify image file 'D:\\OIO+\\DATASET_RETINA\\01.Originais\\AMD (Degeneração Macular Relacionada à Idade)\\ADAM\\__MACOSX\\ADAM\\Train\\Training-image-400\\Non-AMD\\._N0198.jpg'
._N0199.jpg,cannot identify image file 'D:\\OIO+\\DATASET_RETINA\\01.Originais\\AMD (Degeneração Macular Relacionada à Idade)\\ADAM\\__MACOSX\\ADAM\\Train\\Training-image-400\\Non-AMD\\._N0199.jpg'
._N0200.jpg,cannot identify image file 'D:\\OIO+\\DATASET_RETINA\\01.Originais\\AMD (Degeneração Macular Relacionada à Idade)\\ADAM\\__MACOSX\\ADAM\\Train\\Training-image-400\\Non-AMD\\._N0200.jpg'
._N0201.jpg,cannot identify image file 'D:\\OIO+\\DATASET_RETINA\\01.Originais\\AMD (Degeneração Macular Relacionada à Idade)\\ADAM\\__MACOSX\\ADAM\\Train\\Training-image-400\\Non-AMD\\._N0201.jpg'
._N0202.jpg,cannot identify image file 'D:\\OIO+\\DATASET_RETINA\\01.Originais\\AMD (Degeneração Macular Relacionada à Idade)\\ADAM\\__MACOSX\\ADAM\\Train\\Training-image-400\\Non-AMD\\._N0202.jpg'
._N0203.jpg,cannot identify image file 'D:\\OIO+\\DATASET_RETINA\\01.Originais\\AMD (Degeneração Macular Relacionada à Idade)\\ADAM\\__MACOSX\\ADAM\\Train\\Training-image-400\\Non-AMD\\._N0203.jpg'
._N0204.jpg,cannot identify image file 'D:\\OIO+\\DATASET_RETINA\\01.Originais\\AMD (Degeneração Macular Relacionada à Idade)\\ADAM\\__MACOSX\\ADAM\\Train\\Training-image-400\\Non-AMD\\._N0204.jpg'
._N0205.jpg,cannot identify image file 'D:\\OIO+\\DATASET_RETINA\\01.Originais\\AMD (Degeneração Macular Relacionada à Idade)\\ADAM\\__MACOSX\\ADAM\\Train\\Training-image-400\\Non-AMD\\._N0205.jpg'
._N0206.jpg,cannot identify image file 'D:\\OIO+\\DATASET_RETINA\\01.Originais\\AMD (Degeneração Macular Relacionada à Idade)\\ADAM\\__MACOSX\\ADAM\\Train\\Training-image-400\\Non-AMD\\._N0206.jpg'
._N0207.jpg,cannot identify image file 'D:\\OIO+\\DATASET_RETINA\\01.Originais\\AMD (Degeneração Macular Relacionada à Idade)\\ADAM\\__MACOSX\\ADAM\\Train\\Training-image-400\\Non-AMD\\._N0207.jpg'
._N0208.jpg,cannot identify image file 'D:\\OIO+\\DATASET_RETINA\\01.Originais\\AMD (Degeneração Macular Relacionada à Idade)\\ADAM\\__MACOSX\\ADAM\\Train\\Training-image-400\\Non-AMD\\._N0208.jpg'
._N0209.jpg,cannot identify image file 'D:\\OIO+\\DATASET_RETINA\\01.Originais\\AMD (Degeneração Macular Relacionada à Idade)\\ADAM\\__MACOSX\\ADAM\\Train\\Training-image-400\\Non-AMD\\._N0209.jpg'
._N0210.jpg,cannot identify image file 'D:\\OIO+\\DATASET_RETINA\\01.Originais\\AMD (Degeneração Macular Relacionada à Idade)\\ADAM\\__MACOSX\\ADAM\\Train\\Training-image-400\\Non-AMD\\._N0210.jpg'
._N0211.jpg,cannot identify image file 'D:\\OIO+\\DATASET_RETINA\\01.Originais\\AMD (Degeneração Macular Relacionada à Idade)\\ADAM\\__MACOSX\\ADAM\\Train\\Training-image-400\\Non-AMD\\._N0211.jpg'
._N0212.jpg,cannot identify image file 'D:\\OIO+\\DATASET_RETINA\\01.Originais\\AMD (Degeneração Macular Relacionada à Idade)\\ADAM\\__MACOSX\\ADAM\\Train\\Training-image-400\\Non-AMD\\._N0212.jpg'
._N0213.jpg,cannot identify image file 'D:\\OIO+\\DATASET_RETINA\\01.Originais\\AMD (Degeneração Macular Relacionada à Idade)\\ADAM\\__MACOSX\\ADAM\\Train\\Training-image-400\\Non-AMD\\._N0213.jpg'
._N0214.jpg,cannot identify image file 'D:\\OIO+\\DATASET_RETINA\\01.Originais\\AMD (Degeneração Macular Relacionada à Idade)\\ADAM\\__MACOSX\\ADAM\\Train\\Training-image-400\\Non-AMD\\._N0214.jpg'
._N0215.jpg,cannot identify image file 'D:\\OIO+\\DATASET_RETINA\\01.Originais\\AMD (Degeneração Macular Relacionada à Idade)\\ADAM\\__MACOSX\\ADAM\\Train\\Training-image-400\\Non-AMD\\._N0215.jpg'
._N0216.jpg,cannot identify image file 'D:\\OIO+\\DATASET_RETINA\\01.Originais\\AMD (Degeneração Macular Relacionada à Idade)\\ADAM\\__MACOSX\\ADAM\\Train\\Training-image-400\\Non-AMD\\._N0216.jpg'
._N0217.jpg,cannot identify image file 'D:\\OIO+\\DATASET_RETINA\\01.Originais\\AMD (Degeneração Macular Relacionada à Idade)\\ADAM\\__MACOSX\\ADAM\\Train\\Training-image-400\\Non-AMD\\._N0217.jpg'
._N0218.jpg,cannot identify image file 'D:\\OIO+\\DATASET_RETINA\\01.Originais\\AMD (Degeneração Macular Relacionada à Idade)\\ADAM\\__MACOSX\\ADAM\\Train\\Training-image-400\\Non-AMD\\._N0218.jpg'
._N0219.jpg,cannot identify image file 'D:\\OIO+\\DATASET_RETINA\\01.Originais\\AMD (Degeneração Macular Relacionada à Idade)\\ADAM\\__MACOSX\\ADAM\\Train\\Training-image-400\\Non-AMD\\._N0219.jpg'
._N0220.jpg,cannot identify image file 'D:\\OIO+\\DATASET_RETINA\\01.Originais\\AMD (Degeneração Macular Relacionada à Idade)\\ADAM\\__MACOSX\\ADAM\\Train\\Training-image-400\\Non-AMD\\._N0220.jpg'
._N0221.jpg,cannot identify image file 'D:\\OIO+\\DATASET_RETINA\\01.Originais\\AMD (Degeneração Macular Relacionada à Idade)\\ADAM\\__MACOSX\\ADAM\\Train\\Training-image-400\\Non-AMD\\._N0221.jpg'
._N0222.jpg,cannot identify image file 'D:\\OIO+\\DATASET_RETINA\\01.Originais\\AMD (Degeneração Macular Relacionada à Idade)\\ADAM\\__MACOSX\\ADAM\\Train\\Training-image-400\\Non-AMD\\._N0222.jpg'
._N0223.jpg,cannot identify image file 'D:\\OIO+\\DATASET_RETINA\\01.Originais\\AMD (Degeneração Macular Relacionada à Idade)\\ADAM\\__MACOSX\\ADAM\\Train\\Training-image-400\\Non-AMD\\._N0223.jpg'
._N0224.jpg,cannot identify image file 'D:\\OIO+\\DATASET_RETINA\\01.Originais\\AMD (Degeneração Macular Relacionada à Idade)\\ADAM\\__MACOSX\\ADAM\\Train\\Training-image-400\\Non-AMD\\._N0224.jpg'
._N0225.jpg,cannot identify image file 'D:\\OIO+\\DATASET_RETINA\\01.Originais\\AMD (Degeneração Macular Relacionada à Idade)\\ADAM\\__MACOSX\\ADAM\\Train\\Training-image-400\\Non-AMD\\._N0225.jpg'
._N0226.jpg,cannot identify image file 'D:\\OIO+\\DATASET_RETINA\\01.Originais\\AMD (Degeneração Macular Relacionada à Idade)\\ADAM\\__MACOSX\\ADAM\\Train\\Training-image-400\\Non-AMD\\._N0226.jpg'
._N0227.jpg,cannot identify image file 'D:\\OIO+\\DATASET_RETINA\\01.Originais\\AMD (Degeneração Macular Relacionada à Idade)\\ADAM\\__MACOSX\\ADAM\\Train\\Training-image-400\\Non-AMD\\._N0227.jpg'
._N0228.jpg,cannot identify image file 'D:\\OIO+\\DATASET_RETINA\\01.Originais\\AMD (Degeneração Macular Relacionada à Idade)\\ADAM\\__MACOSX\\ADAM\\Train\\Training-image-400\\Non-AMD\\._N0228.jpg'
._N0229.jpg,cannot identify image file 'D:\\OIO+\\DATASET_RETINA\\01.Originais\\AMD (Degeneração Macular Relacionada à Idade)\\ADAM\\__MACOSX\\ADAM\\Train\\Training-image-400\\Non-AMD\\._N0229.jpg'
._N0230.jpg,cannot identify image file 'D:\\OIO+\\DATASET_RETINA\\01.Originais\\AMD (Degeneração Macular Relacionada à Idade)\\ADAM\\__MACOSX\\ADAM\\Train\\Training-image-400\\Non-AMD\\._N0230.jpg'
._N0231.jpg,cannot identify image file 'D:\\OIO+\\DATASET_RETINA\\01.Originais\\AMD (Degeneração Macular Relacionada à Idade)\\ADAM\\__MACOSX\\ADAM\\Train\\Training-image-400\\Non-AMD\\._N0231.jpg'
._N0232.jpg,cannot identify image file 'D:\\OIO+\\DATASET_RETINA\\01.Originais\\AMD (Degeneração Macular Relacionada à Idade)\\ADAM\\__MACOSX\\ADAM\\Train\\Training-image-400\\Non-AMD\\._N0232.jpg'
._N0233.jpg,cannot identify image file 'D:\\OIO+\\DATASET_RETINA\\01.Originais\\AMD (Degeneração Macular Relacionada à Idade)\\ADAM\\__MACOSX\\ADAM\\Train\\Training-image-400\\Non-AMD\\._N0233.jpg'
._N0234.jpg,cannot identify image file 'D:\\OIO+\\DATASET_RETINA\\01.Originais\\AMD (Degeneração Macular Relacionada à Idade)\\ADAM\\__MACOSX\\ADAM\\Train\\Training-image-400\\Non-AMD\\._N0234.jpg'
._N0235.jpg,cannot identify image file 'D:\\OIO+\\DATASET_RETINA\\01.Originais\\AMD (Degeneração Macular Relacionada à Idade)\\ADAM\\__MACOSX\\ADAM\\Train\\Training-image-400\\Non-AMD\\._N0235.jpg'
._N0236.jpg,cannot identify image file 'D:\\OIO+\\DATASET_RETINA\\01.Originais\\AMD (Degeneração Macular Relacionada à Idade)\\ADAM\\__MACOSX\\ADAM\\Train\\Training-image-400\\Non-AMD\\._N0236.jpg'
._N0237.jpg,cannot identify image file 'D:\\OIO+\\DATASET_RETINA\\01.Originais\\AMD (Degeneração Macular Relacionada à Idade)\\ADAM\\__MACOSX\\ADAM\\Train\\Training-image-400\\Non-AMD\\._N0237.jpg'
._N0238.jpg,cannot identify image file 'D:\\OIO+\\DATASET_RETINA\\01.Originais\\AMD (Degeneração Macular Relacionada à Idade)\\ADAM\\__MACOSX\\ADAM\\Train\\Training-image-400\\Non-AMD\\._N0238.jpg'
._N0239.jpg,cannot identify image file 'D:\\OIO+\\DATASET_RETINA\\01.Originais\\AMD (Degeneração Macular Relacionada à Idade)\\ADAM\\__MACOSX\\ADAM\\Train\\Training-image-400\\Non-AMD\\._N0239.jpg'
._N0240.jpg,cannot identify image file 'D:\\OIO+\\DATASET_RETINA\\01.Originais\\AMD (Degeneração Macular Relacionada à Idade)\\ADAM\\__MACOSX\\ADAM\\Train\\Training-image-400\\Non-AMD\\._N0240.jpg'
._N0241.jpg,cannot identify image file 'D:\\OIO+\\DATASET_RETINA\\01.Originais\\AMD (Degeneração Macular Relacionada à Idade)\\ADAM\\__MACOSX\\ADAM\\Train\\Training-image-400\\Non-AMD\\._N0241.jpg'
._N0242.jpg,cannot identify image file 'D:\\OIO+\\DATASET_RETINA\\01.Originais\\AMD (Degeneração Macular Relacionada à Idade)\\ADAM\\__MACOSX\\ADAM\\Train\\Training-image-400\\Non-AMD\\._N0242.jpg'
._N0243.jpg,cannot identify image file 'D:\\OIO+\\DATASET_RETINA\\01.Originais\\AMD (Degeneração Macular Relacionada à Idade)\\ADAM\\__MACOSX\\ADAM\\Train\\Training-image-400\\Non-AMD\\._N0243.jpg'
._N0244.jpg,cannot identify image file 'D:\\OIO+\\DATASET_RETINA\\01.Originais\\AMD (Degeneração Macular Relacionada à Idade)\\ADAM\\__MACOSX\\ADAM\\Train\\Training-image-400\\Non-AMD\\._N0244.jpg'
._N0245.jpg,cannot identify image file 'D:\\OIO+\\DATASET_RETINA\\01.Originais\\AMD (Degeneração Macular Relacionada à Idade)\\ADAM\\__MACOSX\\ADAM\\Train\\Training-image-400\\Non-AMD\\._N0245.jpg'
._N0246.jpg,cannot identify image file 'D:\\OIO+\\DATASET_RETINA\\01.Originais\\AMD (Degeneração Macular Relacionada à Idade)\\ADAM\\__MACOSX\\ADAM\\Train\\Training-image-400\\Non-AMD\\._N0246.jpg'
._N0247.jpg,cannot identify image file 'D:\\OIO+\\DATASET_RETINA\\01.Originais\\AMD (Degeneração Macular Relacionada à Idade)\\ADAM\\__MACOSX\\ADAM\\Train\\Training-image-400\\Non-AMD\\._N0247.jpg'
._N0248.jpg,cannot identify image file 'D:\\OIO+\\DATASET_RETINA\\01.Originais\\AMD (Degeneração Macular Relacionada à Idade)\\ADAM\\__MACOSX\\ADAM\\Train\\Training-image-400\\Non-AMD\\._N0248.jpg'
._N0249.jpg,cannot identify image file 'D:\\OIO+\\DATASET_RETINA\\01.Originais\\AMD (Degeneração Macular Relacionada à Idade)\\ADAM\\__MACOSX\\ADAM\\Train\\Training-image-400\\Non-AMD\\._N0249.jpg'
._N0250.jpg,cannot identify image file 'D:\\OIO+\\DATASET_RETINA\\01.Originais\\AMD (Degeneração Macular Relacionada à Idade)\\ADAM\\__MACOSX\\ADAM\\Train\\Training-image-400\\Non-AMD\\._N0250.jpg'
._N0251.jpg,cannot identify image file 'D:\\OIO+\\DATASET_RETINA\\01.Originais\\AMD (Degeneração Macular Relacionada à Idade)\\ADAM\\__MACOSX\\ADAM\\Train\\Training-image-400\\Non-AMD\\._N0251.jpg'
._N0252.jpg,cannot identify image file 'D:\\OIO+\\DATASET_RETINA\\01.Originais\\AMD (Degeneração Macular Relacionada à Idade)\\ADAM\\__MACOSX\\ADAM\\Train\\Training-image-400\\Non-AMD\\._N0252.jpg'
._N0253.jpg,cannot identify image file 'D:\\OIO+\\DATASET_RETINA\\01.Originais\\AMD (Degeneração Macular Relacionada à Idade)\\ADAM\\__MACOSX\\ADAM\\Train\\Training-image-400\\Non-AMD\\._N0253.jpg'
._N0254.jpg,cannot identify image file 'D:\\OIO+\\DATASET_RETINA\\01.Originais\\AMD (Degeneração Macular Relacionada à Idade)\\ADAM\\__MACOSX\\ADAM\\Train\\Training-image-400\\Non-AMD\\._N0254.jpg'
._N0255.jpg,cannot identify image file 'D:\\OIO+\\DATASET_RETINA\\01.Originais\\AMD (Degeneração Macular Relacionada à Idade)\\ADAM\\__MACOSX\\ADAM\\Train\\Training-image-400\\Non-AMD\\._N0255.jpg'
._N0256.jpg,cannot identify image file 'D:\\OIO+\\DATASET_RETINA\\01.Originais\\AMD (Degeneração Macular Relacionada à Idade)\\ADAM\\__MACOSX\\ADAM\\Train\\Training-image-400\\Non-AMD\\._N0256.jpg'
._N0257.jpg,cannot identify image file 'D:\\OIO+\\DATASET_RETINA\\01.Originais\\AMD (Degeneração Macular Relacionada à Idade)\\ADAM\\__MACOSX\\ADAM\\Train\\Training-image-400\\Non-AMD\\._N0257.jpg'
._N0258.jpg,cannot identify image file 'D:\\OIO+\\DATASET_RETINA\\01.Originais\\AMD (Degeneração Macular Relacionada à Idade)\\ADAM\\__MACOSX\\ADAM\\Train\\Training-image-400\\Non-AMD\\._N0258.jpg'
._N0259.jpg,cannot identify image file 'D:\\OIO+\\DATASET_RETINA\\01.Originais\\AMD (Degeneração Macular Relacionada à Idade)\\ADAM\\__MACOSX\\ADAM\\Train\\Training-image-400\\Non-AMD\\._N0259.jpg'
._N0260.jpg,cannot identify image file 'D:\\OIO+\\DATASET_RETINA\\01.Originais\\AMD (Degeneração Macular Relacionada à Idade)\\ADAM\\__MACOSX\\ADAM\\Train\\Training-image-400\\Non-AMD\\._N0260.jpg'
._N0261.jpg,cannot identify image file 'D:\\OIO+\\DATASET_RETINA\\01.Originais\\AMD (Degeneração Macular Relacionada à Idade)\\ADAM\\__MACOSX\\ADAM\\Train\\Training-image-400\\Non-AMD\\._N0261.jpg'
._N0262.jpg,cannot identify image file 'D:\\OIO+\\DATASET_RETINA\\01.Originais\\AMD (Degeneração Macular Relacionada à Idade)\\ADAM\\__MACOSX\\ADAM\\Train\\Training-image-400\\Non-AMD\\._N0262.jpg'
._N0263.jpg,cannot identify image file 'D:\\OIO+\\DATASET_RETINA\\01.Originais\\AMD (Degeneração Macular Relacionada à Idade)\\ADAM\\__MACOSX\\ADAM\\Train\\Training-image-400\\Non-AMD\\._N0263.jpg'
._N0264.jpg,cannot identify image file 'D:\\OIO+\\DATASET_RETINA\\01.Originais\\AMD (Degeneração Macular Relacionada à Idade)\\ADAM\\__MACOSX\\ADAM\\Train\\Training-image-400\\Non-AMD\\._N0264.jpg'
._N0265.jpg,cannot identify image file 'D:\\OIO+\\DATASET_RETINA\\01.Originais\\AMD (Degeneração Macular Relacionada à Idade)\\ADAM\\__MACOSX\\ADAM\\Train\\Training-image-400\\Non-AMD\\._N0265.jpg'
._N0266.jpg,cannot identify image file 'D:\\OIO+\\DATASET_RETINA\\01.Originais\\AMD (Degeneração Macular Relacionada à Idade)\\ADAM\\__MACOSX\\ADAM\\Train\\Training-image-400\\Non-AMD\\._N0266.jpg'
._N0267.jpg,cannot identify image file 'D:\\OIO+\\DATASET_RETINA\\01.Originais\\AMD (Degeneração Macular Relacionada à Idade)\\ADAM\\__MACOSX\\ADAM\\Train\\Training-image-400\\Non-AMD\\._N0267.jpg'
._N0268.jpg,cannot identify image file 'D:\\OIO+\\DATASET_RETINA\\01.Originais\\AMD (Degeneração Macular Relacionada à Idade)\\ADAM\\__MACOSX\\ADAM\\Train\\Training-image-400\\Non-AMD\\._N0268.jpg'
._N0269.jpg,cannot identify image file 'D:\\OIO+\\DATASET_RETINA\\01.Originais\\AMD (Degeneração Macular Relacionada à Idade)\\ADAM\\__MACOSX\\ADAM\\Train\\Training-image-400\\Non-AMD\\._N0269.jpg'
._N0270.jpg,cannot identify image file 'D:\\OIO+\\DATASET_RETINA\\01.Originais\\AMD (Degeneração Macular Relacionada à Idade)\\ADAM\\__MACOSX\\ADAM\\Train\\Training-image-400\\Non-AMD\\._N0270.jpg'
._N0271.jpg,cannot identify image file 'D:\\OIO+\\DATASET_RETINA\\01.Originais\\AMD (Degeneração Macular Relacionada à Idade)\\ADAM\\__MACOSX\\ADAM\\Train\\Training-image-400\\Non-AMD\\._N0271.jpg'
._N0272.jpg,cannot identify image file 'D:\\OIO+\\DATASET_RETINA\\01.Originais\\AMD (Degeneração Macular Relacionada à Idade)\\ADAM\\__MACOSX\\ADAM\\Train\\Training-image-400\\Non-AMD\\._N0272.jpg'
._N0273.jpg,cannot identify image file 'D:\\OIO+\\DATASET_RETINA\\01.Originais\\AMD (Degeneração Macular Relacionada à Idade)\\ADAM\\__MACOSX\\ADAM\\Train\\Training-image-400\\Non-AMD\\._N0273.jpg'
._N0274.jpg,cannot identify image file 'D:\\OIO+\\DATASET_RETINA\\01.Originais\\AMD (Degeneração Macular Relacionada à Idade)\\ADAM\\__MACOSX\\ADAM\\Train\\Training-image-400\\Non-AMD\\._N0274.jpg'
._N0275.jpg,cannot identify image file 'D:\\OIO+\\DATASET_RETINA\\01.Originais\\AMD (Degeneração Macular Relacionada à Idade)\\ADAM\\__MACOSX\\ADAM\\Train\\Training-image-400\\Non-AMD\\._N0275.jpg'
._N0276.jpg,cannot identify image file 'D:\\OIO+\\DATASET_RETINA\\01.Originais\\AMD (Degeneração Macular Relacionada à Idade)\\ADAM\\__MACOSX\\ADAM\\Train\\Training-image-400\\Non-AMD\\._N0276.jpg'
._N0277.jpg,cannot identify image file 'D:\\OIO+\\DATASET_RETINA\\01.Originais\\AMD (Degeneração Macular Relacionada à Idade)\\ADAM\\__MACOSX\\ADAM\\Train\\Training-image-400\\Non-AMD\\._N0277.jpg'
._N0278.jpg,cannot identify image file 'D:\\OIO+\\DATASET_RETINA\\01.Originais\\AMD (Degeneração Macular Relacionada à Idade)\\ADAM\\__MACOSX\\ADAM\\Train\\Training-image-400\\Non-AMD\\._N0278.jpg'
._N0279.jpg,cannot identify image file 'D:\\OIO+\\DATASET_RETINA\\01.Originais\\AMD (Degeneração Macular Relacionada à Idade)\\ADAM\\__MACOSX\\ADAM\\Train\\Training-image-400\\Non-AMD\\._N0279.jpg'
._N0280.jpg,cannot identify image file 'D:\\OIO+\\DATASET_RETINA\\01.Originais\\AMD (Degeneração Macular Relacionada à Idade)\\ADAM\\__MACOSX\\ADAM\\Train\\Training-image-400\\Non-AMD\\._N0280.jpg'
._N0281.jpg,cannot identify image file 'D:\\OIO+\\DATASET_RETINA\\01.Originais\\AMD (Degeneração Macular Relacionada à Idade)\\ADAM\\__MACOSX\\ADAM\\Train\\Training-image-400\\Non-AMD\\._N0281.jpg'
._N0282.jpg,cannot identify image file 'D:\\OIO+\\DATASET_RETINA\\01.Originais\\AMD (Degeneração Macular Relacionada à Idade)\\ADAM\\__MACOSX\\ADAM\\Train\\Training-image-400\\Non-AMD\\._N0282.jpg'
._N0283.jpg,cannot identify image file 'D:\\OIO+\\DATASET_RETINA\\01.Originais\\AMD (Degeneração Macular Relacionada à Idade)\\ADAM\\__MACOSX\\ADAM\\Train\\Training-image-400\\Non-AMD\\._N0283.jpg'
._N0284.jpg,cannot identify image file 'D:\\OIO+\\DATASET_RETINA\\01.Originais\\AMD (Degeneração Macular Relacionada à Idade)\\ADAM\\__MACOSX\\ADAM\\Train\\Training-image-400\\Non-AMD\\._N0284.jpg'
._N0285.jpg,cannot identify image file 'D:\\OIO+\\DATASET_RETINA\\01.Originais\\AMD (Degeneração Macular Relacionada à Idade)\\ADAM\\__MACOSX\\ADAM\\Train\\Training-image-400\\Non-AMD\\._N0285.jpg'
._N0286.jpg,cannot identify image file 'D:\\OIO+\\DATASET_RETINA\\01.Originais\\AMD (Degeneração Macular Relacionada à Idade)\\ADAM\\__MACOSX\\ADAM\\Train\\Training-image-400\\Non-AMD\\._N0286.jpg'
._N0287.jpg,cannot identify image file 'D:\\OIO+\\DATASET_RETINA\\01.Originais\\AMD (Degeneração Macular Relacionada à Idade)\\ADAM\\__MACOSX\\ADAM\\Train\\Training-image-400\\Non-AMD\\._N0287.jpg'
._N0288.jpg,cannot identify image file 'D:\\OIO+\\DATASET_RETINA\\01.Originais\\AMD (Degeneração Macular Relacionada à Idade)\\ADAM\\__MACOSX\\ADAM\\Train\\Training-image-400\\Non-AMD\\._N0288.jpg'
._N0289.jpg,cannot identify image file 'D:\\OIO+\\DATASET_RETINA\\01.Originais\\AMD (Degeneração Macular Relacionada à Idade)\\ADAM\\__MACOSX\\ADAM\\Train\\Training-image-400\\Non-AMD\\._N0289.jpg'
._N0290.jpg,cannot identify image file 'D:\\OIO+\\DATASET_RETINA\\01.Originais\\AMD (Degeneração Macular Relacionada à Idade)\\ADAM\\__MACOSX\\ADAM\\Train\\Training-image-400\\Non-AMD\\._N0290.jpg'
._N0291.jpg,cannot identify image file 'D:\\OIO+\\DATASET_RETINA\\01.Originais\\AMD (Degeneração Macular Relacionada à Idade)\\ADAM\\__MACOSX\\ADAM\\Train\\Training-image-400\\Non-AMD\\._N0291.jpg'
._N0292.jpg,cannot identify image file 'D:\\OIO+\\DATASET_RETINA\\01.Originais\\AMD (Degeneração Macular Relacionada à Idade)\\ADAM\\__MACOSX\\ADAM\\Train\\Training-image-400\\Non-AMD\\._N0292.jpg'
._N0293.jpg,cannot identify image file 'D:\\OIO+\\DATASET_RETINA\\01.Originais\\AMD (Degeneração Macular Relacionada à Idade)\\ADAM\\__MACOSX\\ADAM\\Train\\Training-image-400\\Non-AMD\\._N0293.jpg'
._N0294.jpg,cannot identify image file 'D:\\OIO+\\DATASET_RETINA\\01.Originais\\AMD (Degeneração Macular Relacionada à Idade)\\ADAM\\__MACOSX\\ADAM\\Train\\Training-image-400\\Non-AMD\\._N0294.jpg'
._N0295.jpg,cannot identify image file 'D:\\OIO+\\DATASET_RETINA\\01.Originais\\AMD (Degeneração Macular Relacionada à Idade)\\ADAM\\__MACOSX\\ADAM\\Train\\Training-image-400\\Non-AMD\\._N0295.jpg'
._N0296.jpg,cannot identify image file 'D:\\OIO+\\DATASET_RETINA\\01.Originais\\AMD (Degeneração Macular Relacionada à Idade)\\ADAM\\__MACOSX\\ADAM\\Train\\Training-image-400\\Non-AMD\\._N0296.jpg'
._N0297.jpg,cannot identify image file 'D:\\OIO+\\DATASET_RETINA\\01.Originais\\AMD (Degeneração Macular Relacionada à Idade)\\ADAM\\__MACOSX\\ADAM\\Train\\Training-image-400\\Non-AMD\\._N0297.jpg'
._N0298.jpg,cannot identify image file 'D:\\OIO+\\DATASET_RETINA\\01.Originais\\AMD (Degeneração Macular Relacionada à Idade)\\ADAM\\__MACOSX\\ADAM\\Train\\Training-image-400\\Non-AMD\\._N0298.jpg'
._N0299.jpg,cannot identify image file 'D:\\OIO+\\DATASET_RETINA\\01.Originais\\AMD (Degeneração Macular Relacionada à Idade)\\ADAM\\__MACOSX\\ADAM\\Train\\Training-image-400\\Non-AMD\\._N0299.jpg'
._N0300.jpg,cannot identify image file 'D:\\OIO+\\DATASET_RETINA\\01.Originais\\AMD (Degeneração Macular Relacionada à Idade)\\ADAM\\__MACOSX\\ADAM\\Train\\Training-image-400\\Non-AMD\\._N0300.jpg'
._N0301.jpg,cannot identify image file 'D:\\OIO+\\DATASET_RETINA\\01.Originais\\AMD (Degeneração Macular Relacionada à Idade)\\ADAM\\__MACOSX\\ADAM\\Train\\Training-image-400\\Non-AMD\\._N0301.jpg'
._N0302.jpg,cannot identify image file 'D:\\OIO+\\DATASET_RETINA\\01.Originais\\AMD (Degeneração Macular Relacionada à Idade)\\ADAM\\__MACOSX\\ADAM\\Train\\Training-image-400\\Non-AMD\\._N0302.jpg'
._N0303.jpg,cannot identify image file 'D:\\OIO+\\DATASET_RETINA\\01.Originais\\AMD (Degeneração Macular Relacionada à Idade)\\ADAM\\__MACOSX\\ADAM\\Train\\Training-image-400\\Non-AMD\\._N0303.jpg'
._N0304.jpg,cannot identify image file 'D:\\OIO+\\DATASET_RETINA\\01.Originais\\AMD (Degeneração Macular Relacionada à Idade)\\ADAM\\__MACOSX\\ADAM\\Train\\Training-image-400\\Non-AMD\\._N0304.jpg'
._N0305.jpg,cannot identify image file 'D:\\OIO+\\DATASET_RETINA\\01.Originais\\AMD (Degeneração Macular Relacionada à Idade)\\ADAM\\__MACOSX\\ADAM\\Train\\Training-image-400\\Non-AMD\\._N0305.jpg'
._N0306.jpg,cannot identify image file 'D:\\OIO+\\DATASET_RETINA\\01.Originais\\AMD (Degeneração Macular Relacionada à Idade)\\ADAM\\__MACOSX\\ADAM\\Train\\Training-image-400\\Non-AMD\\._N0306.jpg'
._N0307.jpg,cannot identify image file 'D:\\OIO+\\DATASET_RETINA\\01.Originais\\AMD (Degeneração Macular Relacionada à Idade)\\ADAM\\__MACOSX\\ADAM\\Train\\Training-image-400\\Non-AMD\\._N0307.jpg'
._N0308.jpg,cannot identify image file 'D:\\OIO+\\DATASET_RETINA\\01.Originais\\AMD (Degeneração Macular Relacionada à Idade)\\ADAM\\__MACOSX\\ADAM\\Train\\Training-image-400\\Non-AMD\\._N0308.jpg'
._N0309.jpg,cannot identify image file 'D:\\OIO+\\DATASET_RETINA\\01.Originais\\AMD (Degeneração Macular Relacionada à Idade)\\ADAM\\__MACOSX\\ADAM\\Train\\Training-image-400\\Non-AMD\\._N0309.jpg'
._N0310.jpg,cannot identify image file 'D:\\OIO+\\DATASET_RETINA\\01.Originais\\AMD (Degeneração Macular Relacionada à Idade)\\ADAM\\__MACOSX\\ADAM\\Train\\Training-image-400\\Non-AMD\\._N0310.jpg'
._N0311.jpg,cannot identify image file 'D:\\OIO+\\DATASET_RETINA\\01.Originais\\AMD (Degeneração Macular Relacionada à Idade)\\ADAM\\__MACOSX\\ADAM\\Train\\Training-image-400\\Non-AMD\\._N0311.jpg'
._A0001.bmp,cannot identify image file 'D:\\OIO+\\DATASET_RETINA\\01.Originais\\AMD (Degeneração Macular Relacionada à Idade)\\ADAM\\__MACOSX\\ADAM\\Train\\Lesion_Masks\\drusen\\._A0001.bmp'
._A0008.bmp,cannot identify image file 'D:\\OIO+\\DATASET_RETINA\\01.Originais\\AMD (Degeneração Macular Relacionada à Idade)\\ADAM\\__MACOSX\\ADAM\\Train\\Lesion_Masks\\drusen\\._A0008.bmp'
._A0011.bmp,cannot identify image file 'D:\\OIO+\\DATASET_RETINA\\01.Originais\\AMD (Degeneração Macular Relacionada à Idade)\\ADAM\\__MACOSX\\ADAM\\Train\\Lesion_Masks\\drusen\\._A0011.bmp'
._A0012.bmp,cannot identify image file 'D:\\OIO+\\DATASET_RETINA\\01.Originais\\AMD (Degeneração Macular Relacionada à Idade)\\ADAM\\__MACOSX\\ADAM\\Train\\Lesion_Masks\\drusen\\._A0012.bmp'
._A0019.bmp,cannot identify image file 'D:\\OIO+\\DATASET_RETINA\\01.Originais\\AMD (Degeneração Macular Relacionada à Idade)\\ADAM\\__MACOSX\\ADAM\\Train\\Lesion_Masks\\drusen\\._A0019.bmp'
._A0020.bmp,cannot identify image file 'D:\\OIO+\\DATASET_RETINA\\01.Originais\\AMD (Degeneração Macular Relacionada à Idade)\\ADAM\\__MACOSX\\ADAM\\Train\\Lesion_Masks\\drusen\\._A0020.bmp'
._A0021.bmp,cannot identify image file 'D:\\OIO+\\DATASET_RETINA\\01.Originais\\AMD (Degeneração Macular Relacionada à Idade)\\ADAM\\__MACOSX\\ADAM\\Train\\Lesion_Masks\\drusen\\._A0021.bmp'
._A0022.bmp,cannot identify image file 'D:\\OIO+\\DATASET_RETINA\\01.Originais\\AMD (Degeneração Macular Relacionada à Idade)\\ADAM\\__MACOSX\\ADAM\\Train\\Lesion_Masks\\drusen\\._A0022.bmp'
._A0023.bmp,cannot identify image file 'D:\\OIO+\\DATASET_RETINA\\01.Originais\\AMD (Degeneração Macular Relacionada à Idade)\\ADAM\\__MACOSX\\ADAM\\Train\\Lesion_Masks\\drusen\\._A0023.bmp'
._A0024.bmp,cannot identify image file 'D:\\OIO+\\DATASET_RETINA\\01.Originais\\AMD (Degeneração Macular Relacionada à Idade)\\ADAM\\__MACOSX\\ADAM\\Train\\Lesion_Masks\\drusen\\._A0024.bmp'
._A0028.bmp,cannot identify image file 'D:\\OIO+\\DATASET_RETINA\\01.Originais\\AMD (Degeneração Macular Relacionada à Idade)\\ADAM\\__MACOSX\\ADAM\\Train\\Lesion_Masks\\drusen\\._A0028.bmp'
._A0031.bmp,cannot identify image file 'D:\\OIO+\\DATASET_RETINA\\01.Originais\\AMD (Degeneração Macular Relacionada à Idade)\\ADAM\\__MACOSX\\ADAM\\Train\\Lesion_Masks\\drusen\\._A0031.bmp'
._A0033.bmp,cannot identify image file 'D:\\OIO+\\DATASET_RETINA\\01.Originais\\AMD (Degeneração Macular Relacionada à Idade)\\ADAM\\__MACOSX\\ADAM\\Train\\Lesion_Masks\\drusen\\._A0033.bmp'
._A0035.bmp,cannot identify image file 'D:\\OIO+\\DATASET_RETINA\\01.Originais\\AMD (Degeneração Macular Relacionada à Idade)\\ADAM\\__MACOSX\\ADAM\\Train\\Lesion_Masks\\drusen\\._A0035.bmp'
._A0044.bmp,cannot identify image file 'D:\\OIO+\\DATASET_RETINA\\01.Originais\\AMD (Degeneração Macular Relacionada à Idade)\\ADAM\\__MACOSX\\ADAM\\Train\\Lesion_Masks\\drusen\\._A0044.bmp'
._A0045.bmp,cannot identify image file 'D:\\OIO+\\DATASET_RETINA\\01.Originais\\AMD (Degeneração Macular Relacionada à Idade)\\ADAM\\__MACOSX\\ADAM\\Train\\Lesion_Masks\\drusen\\._A0045.bmp'
._A0047.bmp,cannot identify image file 'D:\\OIO+\\DATASET_RETINA\\01.Originais\\AMD (Degeneração Macular Relacionada à Idade)\\ADAM\\__MACOSX\\ADAM\\Train\\Lesion_Masks\\drusen\\._A0047.bmp'
._A0049.bmp,cannot identify image file 'D:\\OIO+\\DATASET_RETINA\\01.Originais\\AMD (Degeneração Macular Relacionada à Idade)\\ADAM\\__MACOSX\\ADAM\\Train\\Lesion_Masks\\drusen\\._A0049.bmp'
._A0052.bmp,cannot identify image file 'D:\\OIO+\\DATASET_RETINA\\01.Originais\\AMD (Degeneração Macular Relacionada à Idade)\\ADAM\\__MACOSX\\ADAM\\Train\\Lesion_Masks\\drusen\\._A0052.bmp'
._A0053.bmp,cannot identify image file 'D:\\OIO+\\DATASET_RETINA\\01.Originais\\AMD (Degeneração Macular Relacionada à Idade)\\ADAM\\__MACOSX\\ADAM\\Train\\Lesion_Masks\\drusen\\._A0053.bmp'
._A0060.bmp,cannot identify image file 'D:\\OIO+\\DATASET_RETINA\\01.Originais\\AMD (Degeneração Macular Relacionada à Idade)\\ADAM\\__MACOSX\\ADAM\\Train\\Lesion_Masks\\drusen\\._A0060.bmp'
._A0061.bmp,cannot identify image file 'D:\\OIO+\\DATASET_RETINA\\01.Originais\\AMD (Degeneração Macular Relacionada à Idade)\\ADAM\\__MACOSX\\ADAM\\Train\\Lesion_Masks\\drusen\\._A0061.bmp'
._A0062.bmp,cannot identify image file 'D:\\OIO+\\DATASET_RETINA\\01.Originais\\AMD (Degeneração Macular Relacionada à Idade)\\ADAM\\__MACOSX\\ADAM\\Train\\Lesion_Masks\\drusen\\._A0062.bmp'
._A0065.bmp,cannot identify image file 'D:\\OIO+\\DATASET_RETINA\\01.Originais\\AMD (Degeneração Macular Relacionada à Idade)\\ADAM\\__MACOSX\\ADAM\\Train\\Lesion_Masks\\drusen\\._A0065.bmp'
._A0066.bmp,cannot identify image file 'D:\\OIO+\\DATASET_RETINA\\01.Originais\\AMD (Degeneração Macular Relacionada à Idade)\\ADAM\\__MACOSX\\ADAM\\Train\\Lesion_Masks\\drusen\\._A0066.bmp'
._A0067.bmp,cannot identify image file 'D:\\OIO+\\DATASET_RETINA\\01.Originais\\AMD (Degeneração Macular Relacionada à Idade)\\ADAM\\__MACOSX\\ADAM\\Train\\Lesion_Masks\\drusen\\._A0067.bmp'
._A0068.bmp,cannot identify image file 'D:\\OIO+\\DATASET_RETINA\\01.Originais\\AMD (Degeneração Macular Relacionada à Idade)\\ADAM\\__MACOSX\\ADAM\\Train\\Lesion_Masks\\drusen\\._A0068.bmp'
._A0069.bmp,cannot identify image file 'D:\\OIO+\\DATASET_RETINA\\01.Originais\\AMD (Degeneração Macular Relacionada à Idade)\\ADAM\\__MACOSX\\ADAM\\Train\\Lesion_Masks\\drusen\\._A0069.bmp'
._A0070.bmp,cannot identify image file 'D:\\OIO+\\DATASET_RETINA\\01.Originais\\AMD (Degeneração Macular Relacionada à Idade)\\ADAM\\__MACOSX\\ADAM\\Train\\Lesion_Masks\\drusen\\._A0070.bmp'
._A0072.bmp,cannot identify image file 'D:\\OIO+\\DATASET_RETINA\\01.Originais\\AMD (Degeneração Macular Relacionada à Idade)\\ADAM\\__MACOSX\\ADAM\\Train\\Lesion_Masks\\drusen\\._A0072.bmp'
._A0078.bmp,cannot identify image file 'D:\\OIO+\\DATASET_RETINA\\01.Originais\\AMD (Degeneração Macular Relacionada à Idade)\\ADAM\\__MACOSX\\ADAM\\Train\\Lesion_Masks\\drusen\\._A0078.bmp'
._A0079.bmp,cannot identify image file 'D:\\OIO+\\DATASET_RETINA\\01.Originais\\AMD (Degeneração Macular Relacionada à Idade)\\ADAM\\__MACOSX\\ADAM\\Train\\Lesion_Masks\\drusen\\._A0079.bmp'
._A0083.bmp,cannot identify image file 'D:\\OIO+\\DATASET_RETINA\\01.Originais\\AMD (Degeneração Macular Relacionada à Idade)\\ADAM\\__MACOSX\\ADAM\\Train\\Lesion_Masks\\drusen\\._A0083.bmp'
._A0087.bmp,cannot identify image file 'D:\\OIO+\\DATASET_RETINA\\01.Originais\\AMD (Degeneração Macular Relacionada à Idade)\\ADAM\\__MACOSX\\ADAM\\Train\\Lesion_Masks\\drusen\\._A0087.bmp'
._A0089.bmp,cannot identify image file 'D:\\OIO+\\DATASET_RETINA\\01.Originais\\AMD (Degeneração Macular Relacionada à Idade)\\ADAM\\__MACOSX\\ADAM\\Train\\Lesion_Masks\\drusen\\._A0089.bmp'
._N0005.bmp,cannot identify image file 'D:\\OIO+\\DATASET_RETINA\\01.Originais\\AMD (Degeneração Macular Relacionada à Idade)\\ADAM\\__MACOSX\\ADAM\\Train\\Lesion_Masks\\drusen\\._N0005.bmp'
._N0006.bmp,cannot identify image file 'D:\\OIO+\\DATASET_RETINA\\01.Originais\\AMD (Degeneração Macular Relacionada à Idade)\\ADAM\\__MACOSX\\ADAM\\Train\\Lesion_Masks\\drusen\\._N0006.bmp'
._N0040.bmp,cannot identify image file 'D:\\OIO+\\DATASET_RETINA\\01.Originais\\AMD (Degeneração Macular Relacionada à Idade)\\ADAM\\__MACOSX\\ADAM\\Train\\Lesion_Masks\\drusen\\._N0040.bmp'
._N0122.bmp,cannot identify image file 'D:\\OIO+\\DATASET_RETINA\\01.Originais\\AMD (Degeneração Macular Relacionada à Idade)\\ADAM\\__MACOSX\\ADAM\\Train\\Lesion_Masks\\drusen\\._N0122.bmp'
._N0124.bmp,cannot identify image file 'D:\\OIO+\\DATASET_RETINA\\01.Originais\\AMD (Degeneração Macular Relacionada à Idade)\\ADAM\\__MACOSX\\ADAM\\Train\\Lesion_Masks\\drusen\\._N0124.bmp'
._N0164.bmp,cannot identify image file 'D:\\OIO+\\DATASET_RETINA\\01.Originais\\AMD (Degeneração Macular Relacionada à Idade)\\ADAM\\__MACOSX\\ADAM\\Train\\Lesion_Masks\\drusen\\._N0164.bmp'
._N0165.bmp,cannot identify image file 'D:\\OIO+\\DATASET_RETINA\\01.Originais\\AMD (Degeneração Macular Relacionada à Idade)\\ADAM\\__MACOSX\\ADAM\\Train\\Lesion_Masks\\drusen\\._N0165.bmp'
._N0174.bmp,cannot identify image file 'D:\\OIO+\\DATASET_RETINA\\01.Originais\\AMD (Degeneração Macular Relacionada à Idade)\\ADAM\\__MACOSX\\ADAM\\Train\\Lesion_Masks\\drusen\\._N0174.bmp'
._N0175.bmp,cannot identify image file 'D:\\OIO+\\DATASET_RETINA\\01.Originais\\AMD (Degeneração Macular Relacionada à Idade)\\ADAM\\__MACOSX\\ADAM\\Train\\Lesion_Masks\\drusen\\._N0175.bmp'
._N0187.bmp,cannot identify image file 'D:\\OIO+\\DATASET_RETINA\\01.Originais\\AMD (Degeneração Macular Relacionada à Idade)\\ADAM\\__MACOSX\\ADAM\\Train\\Lesion_Masks\\drusen\\._N0187.bmp'
._N0191.bmp,cannot identify image file 'D:\\OIO+\\DATASET_RETINA\\01.Originais\\AMD (Degeneração Macular Relacionada à Idade)\\ADAM\\__MACOSX\\ADAM\\Train\\Lesion_Masks\\drusen\\._N0191.bmp'
._N0192.bmp,cannot identify image file 'D:\\OIO+\\DATASET_RETINA\\01.Originais\\AMD (Degeneração Macular Relacionada à Idade)\\ADAM\\__MACOSX\\ADAM\\Train\\Lesion_Masks\\drusen\\._N0192.bmp'
._N0193.bmp,cannot identify image file 'D:\\OIO+\\DATASET_RETINA\\01.Originais\\AMD (Degeneração Macular Relacionada à Idade)\\ADAM\\__MACOSX\\ADAM\\Train\\Lesion_Masks\\drusen\\._N0193.bmp'
._N0200.bmp,cannot identify image file 'D:\\OIO+\\DATASET_RETINA\\01.Originais\\AMD (Degeneração Macular Relacionada à Idade)\\ADAM\\__MACOSX\\ADAM\\Train\\Lesion_Masks\\drusen\\._N0200.bmp'
._N0251.bmp,cannot identify image file 'D:\\OIO+\\DATASET_RETINA\\01.Originais\\AMD (Degeneração Macular Relacionada à Idade)\\ADAM\\__MACOSX\\ADAM\\Train\\Lesion_Masks\\drusen\\._N0251.bmp'
._N0252.bmp,cannot identify image file 'D:\\OIO+\\DATASET_RETINA\\01.Originais\\AMD (Degeneração Macular Relacionada à Idade)\\ADAM\\__MACOSX\\ADAM\\Train\\Lesion_Masks\\drusen\\._N0252.bmp'
._N0253.bmp,cannot identify image file 'D:\\OIO+\\DATASET_RETINA\\01.Originais\\AMD (Degeneração Macular Relacionada à Idade)\\ADAM\\__MACOSX\\ADAM\\Train\\Lesion_Masks\\drusen\\._N0253.bmp'
._N0266.bmp,cannot identify image file 'D:\\OIO+\\DATASET_RETINA\\01.Originais\\AMD (Degeneração Macular Relacionada à Idade)\\ADAM\\__MACOSX\\ADAM\\Train\\Lesion_Masks\\drusen\\._N0266.bmp'
._N0267.bmp,cannot identify image file 'D:\\OIO+\\DATASET_RETINA\\01.Originais\\AMD (Degeneração Macular Relacionada à Idade)\\ADAM\\__MACOSX\\ADAM\\Train\\Lesion_Masks\\drusen\\._N0267.bmp'
._N0268.bmp,cannot identify image file 'D:\\OIO+\\DATASET_RETINA\\01.Originais\\AMD (Degeneração Macular Relacionada à Idade)\\ADAM\\__MACOSX\\ADAM\\Train\\Lesion_Masks\\drusen\\._N0268.bmp'
._N0269.bmp,cannot identify image file 'D:\\OIO+\\DATASET_RETINA\\01.Originais\\AMD (Degeneração Macular Relacionada à Idade)\\ADAM\\__MACOSX\\ADAM\\Train\\Lesion_Masks\\drusen\\._N0269.bmp'
._N0274.bmp,cannot identify image file 'D:\\OIO+\\DATASET_RETINA\\01.Originais\\AMD (Degeneração Macular Relacionada à Idade)\\ADAM\\__MACOSX\\ADAM\\Train\\Lesion_Masks\\drusen\\._N0274.bmp'
._N0275.bmp,cannot identify image file 'D:\\OIO+\\DATASET_RETINA\\01.Originais\\AMD (Degeneração Macular Relacionada à Idade)\\ADAM\\__MACOSX\\ADAM\\Train\\Lesion_Masks\\drusen\\._N0275.bmp'
._N0276.bmp,cannot identify image file 'D:\\OIO+\\DATASET_RETINA\\01.Originais\\AMD (Degeneração Macular Relacionada à Idade)\\ADAM\\__MACOSX\\ADAM\\Train\\Lesion_Masks\\drusen\\._N0276.bmp'
._N0292.bmp,cannot identify image file 'D:\\OIO+\\DATASET_RETINA\\01.Originais\\AMD (Degeneração Macular Relacionada à Idade)\\ADAM\\__MACOSX\\ADAM\\Train\\Lesion_Masks\\drusen\\._N0292.bmp'
._N0293.bmp,cannot identify image file 'D:\\OIO+\\DATASET_RETINA\\01.Originais\\AMD (Degeneração Macular Relacionada à Idade)\\ADAM\\__MACOSX\\ADAM\\Train\\Lesion_Masks\\drusen\\._N0293.bmp'
._A0001.bmp,cannot identify image file 'D:\\OIO+\\DATASET_RETINA\\01.Originais\\AMD (Degeneração Macular Relacionada à Idade)\\ADAM\\__MACOSX\\ADAM\\Train\\Lesion_Masks\\exudate\\._A0001.bmp'
._A0002.bmp,cannot identify image file 'D:\\OIO+\\DATASET_RETINA\\01.Originais\\AMD (Degeneração Macular Relacionada à Idade)\\ADAM\\__MACOSX\\ADAM\\Train\\Lesion_Masks\\exudate\\._A0002.bmp'
._A0004.bmp,cannot identify image file 'D:\\OIO+\\DATASET_RETINA\\01.Originais\\AMD (Degeneração Macular Relacionada à Idade)\\ADAM\\__MACOSX\\ADAM\\Train\\Lesion_Masks\\exudate\\._A0004.bmp'
._A0005.bmp,cannot identify image file 'D:\\OIO+\\DATASET_RETINA\\01.Originais\\AMD (Degeneração Macular Relacionada à Idade)\\ADAM\\__MACOSX\\ADAM\\Train\\Lesion_Masks\\exudate\\._A0005.bmp'
._A0006.bmp,cannot identify image file 'D:\\OIO+\\DATASET_RETINA\\01.Originais\\AMD (Degeneração Macular Relacionada à Idade)\\ADAM\\__MACOSX\\ADAM\\Train\\Lesion_Masks\\exudate\\._A0006.bmp'
._A0007.bmp,cannot identify image file 'D:\\OIO+\\DATASET_RETINA\\01.Originais\\AMD (Degeneração Macular Relacionada à Idade)\\ADAM\\__MACOSX\\ADAM\\Train\\Lesion_Masks\\exudate\\._A0007.bmp'
._A0009.bmp,cannot identify image file 'D:\\OIO+\\DATASET_RETINA\\01.Originais\\AMD (Degeneração Macular Relacionada à Idade)\\ADAM\\__MACOSX\\ADAM\\Train\\Lesion_Masks\\exudate\\._A0009.bmp'
._A0010.bmp,cannot identify image file 'D:\\OIO+\\DATASET_RETINA\\01.Originais\\AMD (Degeneração Macular Relacionada à Idade)\\ADAM\\__MACOSX\\ADAM\\Train\\Lesion_Masks\\exudate\\._A0010.bmp'
._A0012.bmp,cannot identify image file 'D:\\OIO+\\DATASET_RETINA\\01.Originais\\AMD (Degeneração Macular Relacionada à Idade)\\ADAM\\__MACOSX\\ADAM\\Train\\Lesion_Masks\\exudate\\._A0012.bmp'
._A0017.bmp,cannot identify image file 'D:\\OIO+\\DATASET_RETINA\\01.Originais\\AMD (Degeneração Macular Relacionada à Idade)\\ADAM\\__MACOSX\\ADAM\\Train\\Lesion_Masks\\exudate\\._A0017.bmp'
._A0020.bmp,cannot identify image file 'D:\\OIO+\\DATASET_RETINA\\01.Originais\\AMD (Degeneração Macular Relacionada à Idade)\\ADAM\\__MACOSX\\ADAM\\Train\\Lesion_Masks\\exudate\\._A0020.bmp'
._A0023.bmp,cannot identify image file 'D:\\OIO+\\DATASET_RETINA\\01.Originais\\AMD (Degeneração Macular Relacionada à Idade)\\ADAM\\__MACOSX\\ADAM\\Train\\Lesion_Masks\\exudate\\._A0023.bmp'
._A0024.bmp,cannot identify image file 'D:\\OIO+\\DATASET_RETINA\\01.Originais\\AMD (Degeneração Macular Relacionada à Idade)\\ADAM\\__MACOSX\\ADAM\\Train\\Lesion_Masks\\exudate\\._A0024.bmp'
._A0032.bmp,cannot identify image file 'D:\\OIO+\\DATASET_RETINA\\01.Originais\\AMD (Degeneração Macular Relacionada à Idade)\\ADAM\\__MACOSX\\ADAM\\Train\\Lesion_Masks\\exudate\\._A0032.bmp'
._A0034.bmp,cannot identify image file 'D:\\OIO+\\DATASET_RETINA\\01.Originais\\AMD (Degeneração Macular Relacionada à Idade)\\ADAM\\__MACOSX\\ADAM\\Train\\Lesion_Masks\\exudate\\._A0034.bmp'
._A0036.bmp,cannot identify image file 'D:\\OIO+\\DATASET_RETINA\\01.Originais\\AMD (Degeneração Macular Relacionada à Idade)\\ADAM\\__MACOSX\\ADAM\\Train\\Lesion_Masks\\exudate\\._A0036.bmp'
._A0038.bmp,cannot identify image file 'D:\\OIO+\\DATASET_RETINA\\01.Originais\\AMD (Degeneração Macular Relacionada à Idade)\\ADAM\\__MACOSX\\ADAM\\Train\\Lesion_Masks\\exudate\\._A0038.bmp'
._A0040.bmp,cannot identify image file 'D:\\OIO+\\DATASET_RETINA\\01.Originais\\AMD (Degeneração Macular Relacionada à Idade)\\ADAM\\__MACOSX\\ADAM\\Train\\Lesion_Masks\\exudate\\._A0040.bmp'
._A0041.bmp,cannot identify image file 'D:\\OIO+\\DATASET_RETINA\\01.Originais\\AMD (Degeneração Macular Relacionada à Idade)\\ADAM\\__MACOSX\\ADAM\\Train\\Lesion_Masks\\exudate\\._A0041.bmp'
._A0046.bmp,cannot identify image file 'D:\\OIO+\\DATASET_RETINA\\01.Originais\\AMD (Degeneração Macular Relacionada à Idade)\\ADAM\\__MACOSX\\ADAM\\Train\\Lesion_Masks\\exudate\\._A0046.bmp'
._A0048.bmp,cannot identify image file 'D:\\OIO+\\DATASET_RETINA\\01.Originais\\AMD (Degeneração Macular Relacionada à Idade)\\ADAM\\__MACOSX\\ADAM\\Train\\Lesion_Masks\\exudate\\._A0048.bmp'
._A0050.bmp,cannot identify image file 'D:\\OIO+\\DATASET_RETINA\\01.Originais\\AMD (Degeneração Macular Relacionada à Idade)\\ADAM\\__MACOSX\\ADAM\\Train\\Lesion_Masks\\exudate\\._A0050.bmp'
._A0055.bmp,cannot identify image file 'D:\\OIO+\\DATASET_RETINA\\01.Originais\\AMD (Degeneração Macular Relacionada à Idade)\\ADAM\\__MACOSX\\ADAM\\Train\\Lesion_Masks\\exudate\\._A0055.bmp'
._A0056.bmp,cannot identify image file 'D:\\OIO+\\DATASET_RETINA\\01.Originais\\AMD (Degeneração Macular Relacionada à Idade)\\ADAM\\__MACOSX\\ADAM\\Train\\Lesion_Masks\\exudate\\._A0056.bmp'
._A0057.bmp,cannot identify image file 'D:\\OIO+\\DATASET_RETINA\\01.Originais\\AMD (Degeneração Macular Relacionada à Idade)\\ADAM\\__MACOSX\\ADAM\\Train\\Lesion_Masks\\exudate\\._A0057.bmp'
._A0058.bmp,cannot identify image file 'D:\\OIO+\\DATASET_RETINA\\01.Originais\\AMD (Degeneração Macular Relacionada à Idade)\\ADAM\\__MACOSX\\ADAM\\Train\\Lesion_Masks\\exudate\\._A0058.bmp'
._A0062.bmp,cannot identify image file 'D:\\OIO+\\DATASET_RETINA\\01.Originais\\AMD (Degeneração Macular Relacionada à Idade)\\ADAM\\__MACOSX\\ADAM\\Train\\Lesion_Masks\\exudate\\._A0062.bmp'
._A0063.bmp,cannot identify image file 'D:\\OIO+\\DATASET_RETINA\\01.Originais\\AMD (Degeneração Macular Relacionada à Idade)\\ADAM\\__MACOSX\\ADAM\\Train\\Lesion_Masks\\exudate\\._A0063.bmp'
._A0068.bmp,cannot identify image file 'D:\\OIO+\\DATASET_RETINA\\01.Originais\\AMD (Degeneração Macular Relacionada à Idade)\\ADAM\\__MACOSX\\ADAM\\Train\\Lesion_Masks\\exudate\\._A0068.bmp'
._A0069.bmp,cannot identify image file 'D:\\OIO+\\DATASET_RETINA\\01.Originais\\AMD (Degeneração Macular Relacionada à Idade)\\ADAM\\__MACOSX\\ADAM\\Train\\Lesion_Masks\\exudate\\._A0069.bmp'
._A0072.bmp,cannot identify image file 'D:\\OIO+\\DATASET_RETINA\\01.Originais\\AMD (Degeneração Macular Relacionada à Idade)\\ADAM\\__MACOSX\\ADAM\\Train\\Lesion_Masks\\exudate\\._A0072.bmp'
._A0077.bmp,cannot identify image file 'D:\\OIO+\\DATASET_RETINA\\01.Originais\\AMD (Degeneração Macular Relacionada à Idade)\\ADAM\\__MACOSX\\ADAM\\Train\\Lesion_Masks\\exudate\\._A0077.bmp'
._A0081.bmp,cannot identify image file 'D:\\OIO+\\DATASET_RETINA\\01.Originais\\AMD (Degeneração Macular Relacionada à Idade)\\ADAM\\__MACOSX\\ADAM\\Train\\Lesion_Masks\\exudate\\._A0081.bmp'
._A0085.bmp,cannot identify image file 'D:\\OIO+\\DATASET_RETINA\\01.Originais\\AMD (Degeneração Macular Relacionada à Idade)\\ADAM\\__MACOSX\\ADAM\\Train\\Lesion_Masks\\exudate\\._A0085.bmp'
._N0011.bmp,cannot identify image file 'D:\\OIO+\\DATASET_RETINA\\01.Originais\\AMD (Degeneração Macular Relacionada à Idade)\\ADAM\\__MACOSX\\ADAM\\Train\\Lesion_Masks\\exudate\\._N0011.bmp'
._N0039.bmp,cannot identify image file 'D:\\OIO+\\DATASET_RETINA\\01.Originais\\AMD (Degeneração Macular Relacionada à Idade)\\ADAM\\__MACOSX\\ADAM\\Train\\Lesion_Masks\\exudate\\._N0039.bmp'
._N0042.bmp,cannot identify image file 'D:\\OIO+\\DATASET_RETINA\\01.Originais\\AMD (Degeneração Macular Relacionada à Idade)\\ADAM\\__MACOSX\\ADAM\\Train\\Lesion_Masks\\exudate\\._N0042.bmp'
._N0254.bmp,cannot identify image file 'D:\\OIO+\\DATASET_RETINA\\01.Originais\\AMD (Degeneração Macular Relacionada à Idade)\\ADAM\\__MACOSX\\ADAM\\Train\\Lesion_Masks\\exudate\\._N0254.bmp'
._A0001.bmp,cannot identify image file 'D:\\OIO+\\DATASET_RETINA\\01.Originais\\AMD (Degeneração Macular Relacionada à Idade)\\ADAM\\__MACOSX\\ADAM\\Train\\Lesion_Masks\\hemorrhage\\._A0001.bmp'
._A0002.bmp,cannot identify image file 'D:\\OIO+\\DATASET_RETINA\\01.Originais\\AMD (Degeneração Macular Relacionada à Idade)\\ADAM\\__MACOSX\\ADAM\\Train\\Lesion_Masks\\hemorrhage\\._A0002.bmp'
._A0003.bmp,cannot identify image file 'D:\\OIO+\\DATASET_RETINA\\01.Originais\\AMD (Degeneração Macular Relacionada à Idade)\\ADAM\\__MACOSX\\ADAM\\Train\\Lesion_Masks\\hemorrhage\\._A0003.bmp'
._A0004.bmp,cannot identify image file 'D:\\OIO+\\DATASET_RETINA\\01.Originais\\AMD (Degeneração Macular Relacionada à Idade)\\ADAM\\__MACOSX\\ADAM\\Train\\Lesion_Masks\\hemorrhage\\._A0004.bmp'
._A0005.bmp,cannot identify image file 'D:\\OIO+\\DATASET_RETINA\\01.Originais\\AMD (Degeneração Macular Relacionada à Idade)\\ADAM\\__MACOSX\\ADAM\\Train\\Lesion_Masks\\hemorrhage\\._A0005.bmp'
._A0016.bmp,cannot identify image file 'D:\\OIO+\\DATASET_RETINA\\01.Originais\\AMD (Degeneração Macular Relacionada à Idade)\\ADAM\\__MACOSX\\ADAM\\Train\\Lesion_Masks\\hemorrhage\\._A0016.bmp'
._A0017.bmp,cannot identify image file 'D:\\OIO+\\DATASET_RETINA\\01.Originais\\AMD (Degeneração Macular Relacionada à Idade)\\ADAM\\__MACOSX\\ADAM\\Train\\Lesion_Masks\\hemorrhage\\._A0017.bmp'
._A0022.bmp,cannot identify image file 'D:\\OIO+\\DATASET_RETINA\\01.Originais\\AMD (Degeneração Macular Relacionada à Idade)\\ADAM\\__MACOSX\\ADAM\\Train\\Lesion_Masks\\hemorrhage\\._A0022.bmp'
._A0023.bmp,cannot identify image file 'D:\\OIO+\\DATASET_RETINA\\01.Originais\\AMD (Degeneração Macular Relacionada à Idade)\\ADAM\\__MACOSX\\ADAM\\Train\\Lesion_Masks\\hemorrhage\\._A0023.bmp'
._A0034.bmp,cannot identify image file 'D:\\OIO+\\DATASET_RETINA\\01.Originais\\AMD (Degeneração Macular Relacionada à Idade)\\ADAM\\__MACOSX\\ADAM\\Train\\Lesion_Masks\\hemorrhage\\._A0034.bmp'
._A0040.bmp,cannot identify image file 'D:\\OIO+\\DATASET_RETINA\\01.Originais\\AMD (Degeneração Macular Relacionada à Idade)\\ADAM\\__MACOSX\\ADAM\\Train\\Lesion_Masks\\hemorrhage\\._A0040.bmp'
._A0043.bmp,cannot identify image file 'D:\\OIO+\\DATASET_RETINA\\01.Originais\\AMD (Degeneração Macular Relacionada à Idade)\\ADAM\\__MACOSX\\ADAM\\Train\\Lesion_Masks\\hemorrhage\\._A0043.bmp'
._A0046.bmp,cannot identify image file 'D:\\OIO+\\DATASET_RETINA\\01.Originais\\AMD (Degeneração Macular Relacionada à Idade)\\ADAM\\__MACOSX\\ADAM\\Train\\Lesion_Masks\\hemorrhage\\._A0046.bmp'
._A0071.bmp,cannot identify image file 'D:\\OIO+\\DATASET_RETINA\\01.Originais\\AMD (Degeneração Macular Relacionada à Idade)\\ADAM\\__MACOSX\\ADAM\\Train\\Lesion_Masks\\hemorrhage\\._A0071.bmp'
._A0077.bmp,cannot identify image file 'D:\\OIO+\\DATASET_RETINA\\01.Originais\\AMD (Degeneração Macular Relacionada à Idade)\\ADAM\\__MACOSX\\ADAM\\Train\\Lesion_Masks\\hemorrhage\\._A0077.bmp'
._A0087.bmp,cannot identify image file 'D:\\OIO+\\DATASET_RETINA\\01.Originais\\AMD (Degeneração Macular Relacionada à Idade)\\ADAM\\__MACOSX\\ADAM\\Train\\Lesion_Masks\\hemorrhage\\._A0087.bmp'
._N0023.bmp,cannot identify image file 'D:\\OIO+\\DATASET_RETINA\\01.Originais\\AMD (Degeneração Macular Relacionada à Idade)\\ADAM\\__MACOSX\\ADAM\\Train\\Lesion_Masks\\hemorrhage\\._N0023.bmp'
._N0024.bmp,cannot identify image file 'D:\\OIO+\\DATASET_RETINA\\01.Originais\\AMD (Degeneração Macular Relacionada à Idade)\\ADAM\\__MACOSX\\ADAM\\Train\\Lesion_Masks\\hemorrhage\\._N0024.bmp'
._N0029.bmp,cannot identify image file 'D:\\OIO+\\DATASET_RETINA\\01.Originais\\AMD (Degeneração Macular Relacionada à Idade)\\ADAM\\__MACOSX\\ADAM\\Train\\Lesion_Masks\\hemorrhage\\._N0029.bmp'
._A0029.bmp,cannot identify image file 'D:\\OIO+\\DATASET_RETINA\\01.Originais\\AMD (Degeneração Macular Relacionada à Idade)\\ADAM\\__MACOSX\\ADAM\\Train\\Lesion_Masks\\others\\._A0029.bmp'
._A0030.bmp,cannot identify image file 'D:\\OIO+\\DATASET_RETINA\\01.Originais\\AMD (Degeneração Macular Relacionada à Idade)\\ADAM\\__MACOSX\\ADAM\\Train\\Lesion_Masks\\others\\._A0030.bmp'
._A0073.bmp,cannot identify image file 'D:\\OIO+\\DATASET_RETINA\\01.Originais\\AMD (Degeneração Macular Relacionada à Idade)\\ADAM\\__MACOSX\\ADAM\\Train\\Lesion_Masks\\others\\._A0073.bmp'
._A0080.bmp,cannot identify image file 'D:\\OIO+\\DATASET_RETINA\\01.Originais\\AMD (Degeneração Macular Relacionada à Idade)\\ADAM\\__MACOSX\\ADAM\\Train\\Lesion_Masks\\others\\._A0080.bmp'
._N0042.bmp,cannot identify image file 'D:\\OIO+\\DATASET_RETINA\\01.Originais\\AMD (Degeneração Macular Relacionada à Idade)\\ADAM\\__MACOSX\\ADAM\\Train\\Lesion_Masks\\others\\._N0042.bmp'
._N0043.bmp,cannot identify image file 'D:\\OIO+\\DATASET_RETINA\\01.Originais\\AMD (Degeneração Macular Relacionada à Idade)\\ADAM\\__MACOSX\\ADAM\\Train\\Lesion_Masks\\others\\._N0043.bmp'
._N0130.bmp,cannot identify image file 'D:\\OIO+\\DATASET_RETINA\\01.Originais\\AMD (Degeneração Macular Relacionada à Idade)\\ADAM\\__MACOSX\\ADAM\\Train\\Lesion_Masks\\others\\._N0130.bmp'
._N0131.bmp,cannot identify image file 'D:\\OIO+\\DATASET_RETINA\\01.Originais\\AMD (Degeneração Macular Relacionada à Idade)\\ADAM\\__MACOSX\\ADAM\\Train\\Lesion_Masks\\others\\._N0131.bmp'
._N0132.bmp,cannot identify image file 'D:\\OIO+\\DATASET_RETINA\\01.Originais\\AMD (Degeneração Macular Relacionada à Idade)\\ADAM\\__MACOSX\\ADAM\\Train\\Lesion_Masks\\others\\._N0132.bmp'
._N0167.bmp,cannot identify image file 'D:\\OIO+\\DATASET_RETINA\\01.Originais\\AMD (Degeneração Macular Relacionada à Idade)\\ADAM\\__MACOSX\\ADAM\\Train\\Lesion_Masks\\others\\._N0167.bmp'
._N0168.bmp,cannot identify image file 'D:\\OIO+\\DATASET_RETINA\\01.Originais\\AMD (Degeneração Macular Relacionada à Idade)\\ADAM\\__MACOSX\\ADAM\\Train\\Lesion_Masks\\others\\._N0168.bmp'
._N0169.bmp,cannot identify image file 'D:\\OIO+\\DATASET_RETINA\\01.Originais\\AMD (Degeneração Macular Relacionada à Idade)\\ADAM\\__MACOSX\\ADAM\\Train\\Lesion_Masks\\others\\._N0169.bmp'
._N0180.bmp,cannot identify image file 'D:\\OIO+\\DATASET_RETINA\\01.Originais\\AMD (Degeneração Macular Relacionada à Idade)\\ADAM\\__MACOSX\\ADAM\\Train\\Lesion_Masks\\others\\._N0180.bmp'
._N0181.bmp,cannot identify image file 'D:\\OIO+\\DATASET_RETINA\\01.Originais\\AMD (Degeneração Macular Relacionada à Idade)\\ADAM\\__MACOSX\\ADAM\\Train\\Lesion_Masks\\others\\._N0181.bmp'
._N0200.bmp,cannot identify image file 'D:\\OIO+\\DATASET_RETINA\\01.Originais\\AMD (Degeneração Macular Relacionada à Idade)\\ADAM\\__MACOSX\\ADAM\\Train\\Lesion_Masks\\others\\._N0200.bmp'
._N0201.bmp,cannot identify image file 'D:\\OIO+\\DATASET_RETINA\\01.Originais\\AMD (Degeneração Macular Relacionada à Idade)\\ADAM\\__MACOSX\\ADAM\\Train\\Lesion_Masks\\others\\._N0201.bmp'
._N0208.bmp,cannot identify image file 'D:\\OIO+\\DATASET_RETINA\\01.Originais\\AMD (Degeneração Macular Relacionada à Idade)\\ADAM\\__MACOSX\\ADAM\\Train\\Lesion_Masks\\others\\._N0208.bmp'
._A0002.bmp,cannot identify image file 'D:\\OIO+\\DATASET_RETINA\\01.Originais\\AMD (Degeneração Macular Relacionada à Idade)\\ADAM\\__MACOSX\\ADAM\\Train\\Lesion_Masks\\scar\\._A0002.bmp'
._A0013.bmp,cannot identify image file 'D:\\OIO+\\DATASET_RETINA\\01.Originais\\AMD (Degeneração Macular Relacionada à Idade)\\ADAM\\__MACOSX\\ADAM\\Train\\Lesion_Masks\\scar\\._A0013.bmp'
._A0016.bmp,cannot identify image file 'D:\\OIO+\\DATASET_RETINA\\01.Originais\\AMD (Degeneração Macular Relacionada à Idade)\\ADAM\\__MACOSX\\ADAM\\Train\\Lesion_Masks\\scar\\._A0016.bmp'
._A0020.bmp,cannot identify image file 'D:\\OIO+\\DATASET_RETINA\\01.Originais\\AMD (Degeneração Macular Relacionada à Idade)\\ADAM\\__MACOSX\\ADAM\\Train\\Lesion_Masks\\scar\\._A0020.bmp'
._A0022.bmp,cannot identify image file 'D:\\OIO+\\DATASET_RETINA\\01.Originais\\AMD (Degeneração Macular Relacionada à Idade)\\ADAM\\__MACOSX\\ADAM\\Train\\Lesion_Masks\\scar\\._A0022.bmp'
._A0027.bmp,cannot identify image file 'D:\\OIO+\\DATASET_RETINA\\01.Originais\\AMD (Degeneração Macular Relacionada à Idade)\\ADAM\\__MACOSX\\ADAM\\Train\\Lesion_Masks\\scar\\._A0027.bmp'
._A0032.bmp,cannot identify image file 'D:\\OIO+\\DATASET_RETINA\\01.Originais\\AMD (Degeneração Macular Relacionada à Idade)\\ADAM\\__MACOSX\\ADAM\\Train\\Lesion_Masks\\scar\\._A0032.bmp'
._A0037.bmp,cannot identify image file 'D:\\OIO+\\DATASET_RETINA\\01.Originais\\AMD (Degeneração Macular Relacionada à Idade)\\ADAM\\__MACOSX\\ADAM\\Train\\Lesion_Masks\\scar\\._A0037.bmp'
._A0069.bmp,cannot identify image file 'D:\\OIO+\\DATASET_RETINA\\01.Originais\\AMD (Degeneração Macular Relacionada à Idade)\\ADAM\\__MACOSX\\ADAM\\Train\\Lesion_Masks\\scar\\._A0069.bmp'
._A0071.bmp,cannot identify image file 'D:\\OIO+\\DATASET_RETINA\\01.Originais\\AMD (Degeneração Macular Relacionada à Idade)\\ADAM\\__MACOSX\\ADAM\\Train\\Lesion_Masks\\scar\\._A0071.bmp'
._A0075.bmp,cannot identify image file 'D:\\OIO+\\DATASET_RETINA\\01.Originais\\AMD (Degeneração Macular Relacionada à Idade)\\ADAM\\__MACOSX\\ADAM\\Train\\Lesion_Masks\\scar\\._A0075.bmp'
._A0076.bmp,cannot identify image file 'D:\\OIO+\\DATASET_RETINA\\01.Originais\\AMD (Degeneração Macular Relacionada à Idade)\\ADAM\\__MACOSX\\ADAM\\Train\\Lesion_Masks\\scar\\._A0076.bmp'
._A0082.bmp,cannot identify image file 'D:\\OIO+\\DATASET_RETINA\\01.Originais\\AMD (Degeneração Macular Relacionada à Idade)\\ADAM\\__MACOSX\\ADAM\\Train\\Lesion_Masks\\scar\\._A0082.bmp'
._T0001.jpg,cannot identify image file 'D:\\OIO+\\DATASET_RETINA\\01.Originais\\AMD (Degeneração Macular Relacionada à Idade)\\ADAM\\__MACOSX\\ADAM\\Test\\Disc_Fovea_Illustration\\._T0001.jpg'
._T0002.jpg,cannot identify image file 'D:\\OIO+\\DATASET_RETINA\\01.Originais\\AMD (Degeneração Macular Relacionada à Idade)\\ADAM\\__MACOSX\\ADAM\\Test\\Disc_Fovea_Illustration\\._T0002.jpg'
._T0003.jpg,cannot identify image file 'D:\\OIO+\\DATASET_RETINA\\01.Originais\\AMD (Degeneração Macular Relacionada à Idade)\\ADAM\\__MACOSX\\ADAM\\Test\\Disc_Fovea_Illustration\\._T0003.jpg'
._T0004.jpg,cannot identify image file 'D:\\OIO+\\DATASET_RETINA\\01.Originais\\AMD (Degeneração Macular Relacionada à Idade)\\ADAM\\__MACOSX\\ADAM\\Test\\Disc_Fovea_Illustration\\._T0004.jpg'
._T0005.jpg,cannot identify image file 'D:\\OIO+\\DATASET_RETINA\\01.Originais\\AMD (Degeneração Macular Relacionada à Idade)\\ADAM\\__MACOSX\\ADAM\\Test\\Disc_Fovea_Illustration\\._T0005.jpg'
._T0006.jpg,cannot identify image file 'D:\\OIO+\\DATASET_RETINA\\01.Originais\\AMD (Degeneração Macular Relacionada à Idade)\\ADAM\\__MACOSX\\ADAM\\Test\\Disc_Fovea_Illustration\\._T0006.jpg'
._T0007.jpg,cannot identify image file 'D:\\OIO+\\DATASET_RETINA\\01.Originais\\AMD (Degeneração Macular Relacionada à Idade)\\ADAM\\__MACOSX\\ADAM\\Test\\Disc_Fovea_Illustration\\._T0007.jpg'
._T0008.jpg,cannot identify image file 'D:\\OIO+\\DATASET_RETINA\\01.Originais\\AMD (Degeneração Macular Relacionada à Idade)\\ADAM\\__MACOSX\\ADAM\\Test\\Disc_Fovea_Illustration\\._T0008.jpg'
._T0009.jpg,cannot identify image file 'D:\\OIO+\\DATASET_RETINA\\01.Originais\\AMD (Degeneração Macular Relacionada à Idade)\\ADAM\\__MACOSX\\ADAM\\Test\\Disc_Fovea_Illustration\\._T0009.jpg'
._T0010.jpg,cannot identify image file 'D:\\OIO+\\DATASET_RETINA\\01.Originais\\AMD (Degeneração Macular Relacionada à Idade)\\ADAM\\__MACOSX\\ADAM\\Test\\Disc_Fovea_Illustration\\._T0010.jpg'
._T0011.jpg,cannot identify image file 'D:\\OIO+\\DATASET_RETINA\\01.Originais\\AMD (Degeneração Macular Relacionada à Idade)\\ADAM\\__MACOSX\\ADAM\\Test\\Disc_Fovea_Illustration\\._T0011.jpg'
._T0012.jpg,cannot identify image file 'D:\\OIO+\\DATASET_RETINA\\01.Originais\\AMD (Degeneração Macular Relacionada à Idade)\\ADAM\\__MACOSX\\ADAM\\Test\\Disc_Fovea_Illustration\\._T0012.jpg'
._T0013.jpg,cannot identify image file 'D:\\OIO+\\DATASET_RETINA\\01.Originais\\AMD (Degeneração Macular Relacionada à Idade)\\ADAM\\__MACOSX\\ADAM\\Test\\Disc_Fovea_Illustration\\._T0013.jpg'
._T0014.jpg,cannot identify image file 'D:\\OIO+\\DATASET_RETINA\\01.Originais\\AMD (Degeneração Macular Relacionada à Idade)\\ADAM\\__MACOSX\\ADAM\\Test\\Disc_Fovea_Illustration\\._T0014.jpg'
._T0015.jpg,cannot identify image file 'D:\\OIO+\\DATASET_RETINA\\01.Originais\\AMD (Degeneração Macular Relacionada à Idade)\\ADAM\\__MACOSX\\ADAM\\Test\\Disc_Fovea_Illustration\\._T0015.jpg'
._T0016.jpg,cannot identify image file 'D:\\OIO+\\DATASET_RETINA\\01.Originais\\AMD (Degeneração Macular Relacionada à Idade)\\ADAM\\__MACOSX\\ADAM\\Test\\Disc_Fovea_Illustration\\._T0016.jpg'
._T0017.jpg,cannot identify image file 'D:\\OIO+\\DATASET_RETINA\\01.Originais\\AMD (Degeneração Macular Relacionada à Idade)\\ADAM\\__MACOSX\\ADAM\\Test\\Disc_Fovea_Illustration\\._T0017.jpg'
._T0018.jpg,cannot identify image file 'D:\\OIO+\\DATASET_RETINA\\01.Originais\\AMD (Degeneração Macular Relacionada à Idade)\\ADAM\\__MACOSX\\ADAM\\Test\\Disc_Fovea_Illustration\\._T0018.jpg'
._T0019.jpg,cannot identify image file 'D:\\OIO+\\DATASET_RETINA\\01.Originais\\AMD (Degeneração Macular Relacionada à Idade)\\ADAM\\__MACOSX\\ADAM\\Test\\Disc_Fovea_Illustration\\._T0019.jpg'
._T0020.jpg,cannot identify image file 'D:\\OIO+\\DATASET_RETINA\\01.Originais\\AMD (Degeneração Macular Relacionada à Idade)\\ADAM\\__MACOSX\\ADAM\\Test\\Disc_Fovea_Illustration\\._T0020.jpg'
._T0021.jpg,cannot identify image file 'D:\\OIO+\\DATASET_RETINA\\01.Originais\\AMD (Degeneração Macular Relacionada à Idade)\\ADAM\\__MACOSX\\ADAM\\Test\\Disc_Fovea_Illustration\\._T0021.jpg'
._T0022.jpg,cannot identify image file 'D:\\OIO+\\DATASET_RETINA\\01.Originais\\AMD (Degeneração Macular Relacionada à Idade)\\ADAM\\__MACOSX\\ADAM\\Test\\Disc_Fovea_Illustration\\._T0022.jpg'
._T0023.jpg,cannot identify image file 'D:\\OIO+\\DATASET_RETINA\\01.Originais\\AMD (Degeneração Macular Relacionada à Idade)\\ADAM\\__MACOSX\\ADAM\\Test\\Disc_Fovea_Illustration\\._T0023.jpg'
._T0024.jpg,cannot identify image file 'D:\\OIO+\\DATASET_RETINA\\01.Originais\\AMD (Degeneração Macular Relacionada à Idade)\\ADAM\\__MACOSX\\ADAM\\Test\\Disc_Fovea_Illustration\\._T0024.jpg'
._T0025.jpg,cannot identify image file 'D:\\OIO+\\DATASET_RETINA\\01.Originais\\AMD (Degeneração Macular Relacionada à Idade)\\ADAM\\__MACOSX\\ADAM\\Test\\Disc_Fovea_Illustration\\._T0025.jpg'
._T0026.jpg,cannot identify image file 'D:\\OIO+\\DATASET_RETINA\\01.Originais\\AMD (Degeneração Macular Relacionada à Idade)\\ADAM\\__MACOSX\\ADAM\\Test\\Disc_Fovea_Illustration\\._T0026.jpg'
._T0027.jpg,cannot identify image file 'D:\\OIO+\\DATASET_RETINA\\01.Originais\\AMD (Degeneração Macular Relacionada à Idade)\\ADAM\\__MACOSX\\ADAM\\Test\\Disc_Fovea_Illustration\\._T0027.jpg'
._T0028.jpg,cannot identify image file 'D:\\OIO+\\DATASET_RETINA\\01.Originais\\AMD (Degeneração Macular Relacionada à Idade)\\ADAM\\__MACOSX\\ADAM\\Test\\Disc_Fovea_Illustration\\._T0028.jpg'
._T0029.jpg,cannot identify image file 'D:\\OIO+\\DATASET_RETINA\\01.Originais\\AMD (Degeneração Macular Relacionada à Idade)\\ADAM\\__MACOSX\\ADAM\\Test\\Disc_Fovea_Illustration\\._T0029.jpg'
._T0030.jpg,cannot identify image file 'D:\\OIO+\\DATASET_RETINA\\01.Originais\\AMD (Degeneração Macular Relacionada à Idade)\\ADAM\\__MACOSX\\ADAM\\Test\\Disc_Fovea_Illustration\\._T0030.jpg'
._T0031.jpg,cannot identify image file 'D:\\OIO+\\DATASET_RETINA\\01.Originais\\AMD (Degeneração Macular Relacionada à Idade)\\ADAM\\__MACOSX\\ADAM\\Test\\Disc_Fovea_Illustration\\._T0031.jpg'
._T0032.jpg,cannot identify image file 'D:\\OIO+\\DATASET_RETINA\\01.Originais\\AMD (Degeneração Macular Relacionada à Idade)\\ADAM\\__MACOSX\\ADAM\\Test\\Disc_Fovea_Illustration\\._T0032.jpg'
._T0033.jpg,cannot identify image file 'D:\\OIO+\\DATASET_RETINA\\01.Originais\\AMD (Degeneração Macular Relacionada à Idade)\\ADAM\\__MACOSX\\ADAM\\Test\\Disc_Fovea_Illustration\\._T0033.jpg'
._T0034.jpg,cannot identify image file 'D:\\OIO+\\DATASET_RETINA\\01.Originais\\AMD (Degeneração Macular Relacionada à Idade)\\ADAM\\__MACOSX\\ADAM\\Test\\Disc_Fovea_Illustration\\._T0034.jpg'
._T0035.jpg,cannot identify image file 'D:\\OIO+\\DATASET_RETINA\\01.Originais\\AMD (Degeneração Macular Relacionada à Idade)\\ADAM\\__MACOSX\\ADAM\\Test\\Disc_Fovea_Illustration\\._T0035.jpg'
._T0036.jpg,cannot identify image file 'D:\\OIO+\\DATASET_RETINA\\01.Originais\\AMD (Degeneração Macular Relacionada à Idade)\\ADAM\\__MACOSX\\ADAM\\Test\\Disc_Fovea_Illustration\\._T0036.jpg'
._T0037.jpg,cannot identify image file 'D:\\OIO+\\DATASET_RETINA\\01.Originais\\AMD (Degeneração Macular Relacionada à Idade)\\ADAM\\__MACOSX\\ADAM\\Test\\Disc_Fovea_Illustration\\._T0037.jpg'
._T0038.jpg,cannot identify image file 'D:\\OIO+\\DATASET_RETINA\\01.Originais\\AMD (Degeneração Macular Relacionada à Idade)\\ADAM\\__MACOSX\\ADAM\\Test\\Disc_Fovea_Illustration\\._T0038.jpg'
._T0039.jpg,cannot identify image file 'D:\\OIO+\\DATASET_RETINA\\01.Originais\\AMD (Degeneração Macular Relacionada à Idade)\\ADAM\\__MACOSX\\ADAM\\Test\\Disc_Fovea_Illustration\\._T0039.jpg'
._T0040.jpg,cannot identify image file 'D:\\OIO+\\DATASET_RETINA\\01.Originais\\AMD (Degeneração Macular Relacionada à Idade)\\ADAM\\__MACOSX\\ADAM\\Test\\Disc_Fovea_Illustration\\._T0040.jpg'
._T0041.jpg,cannot identify image file 'D:\\OIO+\\DATASET_RETINA\\01.Originais\\AMD (Degeneração Macular Relacionada à Idade)\\ADAM\\__MACOSX\\ADAM\\Test\\Disc_Fovea_Illustration\\._T0041.jpg'
._T0042.jpg,cannot identify image file 'D:\\OIO+\\DATASET_RETINA\\01.Originais\\AMD (Degeneração Macular Relacionada à Idade)\\ADAM\\__MACOSX\\ADAM\\Test\\Disc_Fovea_Illustration\\._T0042.jpg'
._T0043.jpg,cannot identify image file 'D:\\OIO+\\DATASET_RETINA\\01.Originais\\AMD (Degeneração Macular Relacionada à Idade)\\ADAM\\__MACOSX\\ADAM\\Test\\Disc_Fovea_Illustration\\._T0043.jpg'
._T0044.jpg,cannot identify image file 'D:\\OIO+\\DATASET_RETINA\\01.Originais\\AMD (Degeneração Macular Relacionada à Idade)\\ADAM\\__MACOSX\\ADAM\\Test\\Disc_Fovea_Illustration\\._T0044.jpg'
._T0045.jpg,cannot identify image file 'D:\\OIO+\\DATASET_RETINA\\01.Originais\\AMD (Degeneração Macular Relacionada à Idade)\\ADAM\\__MACOSX\\ADAM\\Test\\Disc_Fovea_Illustration\\._T0045.jpg'
._T0046.jpg,cannot identify image file 'D:\\OIO+\\DATASET_RETINA\\01.Originais\\AMD (Degeneração Macular Relacionada à Idade)\\ADAM\\__MACOSX\\ADAM\\Test\\Disc_Fovea_Illustration\\._T0046.jpg'
._T0047.jpg,cannot identify image file 'D:\\OIO+\\DATASET_RETINA\\01.Originais\\AMD (Degeneração Macular Relacionada à Idade)\\ADAM\\__MACOSX\\ADAM\\Test\\Disc_Fovea_Illustration\\._T0047.jpg'
._T0048.jpg,cannot identify image file 'D:\\OIO+\\DATASET_RETINA\\01.Originais\\AMD (Degeneração Macular Relacionada à Idade)\\ADAM\\__MACOSX\\ADAM\\Test\\Disc_Fovea_Illustration\\._T0048.jpg'
._T0049.jpg,cannot identify image file 'D:\\OIO+\\DATASET_RETINA\\01.Originais\\AMD (Degeneração Macular Relacionada à Idade)\\ADAM\\__MACOSX\\ADAM\\Test\\Disc_Fovea_Illustration\\._T0049.jpg'
._T0050.jpg,cannot identify image file 'D:\\OIO+\\DATASET_RETINA\\01.Originais\\AMD (Degeneração Macular Relacionada à Idade)\\ADAM\\__MACOSX\\ADAM\\Test\\Disc_Fovea_Illustration\\._T0050.jpg'
._T0051.jpg,cannot identify image file 'D:\\OIO+\\DATASET_RETINA\\01.Originais\\AMD (Degeneração Macular Relacionada à Idade)\\ADAM\\__MACOSX\\ADAM\\Test\\Disc_Fovea_Illustration\\._T0051.jpg'
._T0052.jpg,cannot identify image file 'D:\\OIO+\\DATASET_RETINA\\01.Originais\\AMD (Degeneração Macular Relacionada à Idade)\\ADAM\\__MACOSX\\ADAM\\Test\\Disc_Fovea_Illustration\\._T0052.jpg'
._T0053.jpg,cannot identify image file 'D:\\OIO+\\DATASET_RETINA\\01.Originais\\AMD (Degeneração Macular Relacionada à Idade)\\ADAM\\__MACOSX\\ADAM\\Test\\Disc_Fovea_Illustration\\._T0053.jpg'
._T0054.jpg,cannot identify image file 'D:\\OIO+\\DATASET_RETINA\\01.Originais\\AMD (Degeneração Macular Relacionada à Idade)\\ADAM\\__MACOSX\\ADAM\\Test\\Disc_Fovea_Illustration\\._T0054.jpg'
._T0055.jpg,cannot identify image file 'D:\\OIO+\\DATASET_RETINA\\01.Originais\\AMD (Degeneração Macular Relacionada à Idade)\\ADAM\\__MACOSX\\ADAM\\Test\\Disc_Fovea_Illustration\\._T0055.jpg'
._T0056.jpg,cannot identify image file 'D:\\OIO+\\DATASET_RETINA\\01.Originais\\AMD (Degeneração Macular Relacionada à Idade)\\ADAM\\__MACOSX\\ADAM\\Test\\Disc_Fovea_Illustration\\._T0056.jpg'
._T0057.jpg,cannot identify image file 'D:\\OIO+\\DATASET_RETINA\\01.Originais\\AMD (Degeneração Macular Relacionada à Idade)\\ADAM\\__MACOSX\\ADAM\\Test\\Disc_Fovea_Illustration\\._T0057.jpg'
._T0058.jpg,cannot identify image file 'D:\\OIO+\\DATASET_RETINA\\01.Originais\\AMD (Degeneração Macular Relacionada à Idade)\\ADAM\\__MACOSX\\ADAM\\Test\\Disc_Fovea_Illustration\\._T0058.jpg'
._T0059.jpg,cannot identify image file 'D:\\OIO+\\DATASET_RETINA\\01.Originais\\AMD (Degeneração Macular Relacionada à Idade)\\ADAM\\__MACOSX\\ADAM\\Test\\Disc_Fovea_Illustration\\._T0059.jpg'
._T0060.jpg,cannot identify image file 'D:\\OIO+\\DATASET_RETINA\\01.Originais\\AMD (Degeneração Macular Relacionada à Idade)\\ADAM\\__MACOSX\\ADAM\\Test\\Disc_Fovea_Illustration\\._T0060.jpg'
._T0061.jpg,cannot identify image file 'D:\\OIO+\\DATASET_RETINA\\01.Originais\\AMD (Degeneração Macular Relacionada à Idade)\\ADAM\\__MACOSX\\ADAM\\Test\\Disc_Fovea_Illustration\\._T0061.jpg'
._T0062.jpg,cannot identify image file 'D:\\OIO+\\DATASET_RETINA\\01.Originais\\AMD (Degeneração Macular Relacionada à Idade)\\ADAM\\__MACOSX\\ADAM\\Test\\Disc_Fovea_Illustration\\._T0062.jpg'
._T0063.jpg,cannot identify image file 'D:\\OIO+\\DATASET_RETINA\\01.Originais\\AMD (Degeneração Macular Relacionada à Idade)\\ADAM\\__MACOSX\\ADAM\\Test\\Disc_Fovea_Illustration\\._T0063.jpg'
._T0064.jpg,cannot identify image file 'D:\\OIO+\\DATASET_RETINA\\01.Originais\\AMD (Degeneração Macular Relacionada à Idade)\\ADAM\\__MACOSX\\ADAM\\Test\\Disc_Fovea_Illustration\\._T0064.jpg'
._T0065.jpg,cannot identify image file 'D:\\OIO+\\DATASET_RETINA\\01.Originais\\AMD (Degeneração Macular Relacionada à Idade)\\ADAM\\__MACOSX\\ADAM\\Test\\Disc_Fovea_Illustration\\._T0065.jpg'
._T0066.jpg,cannot identify image file 'D:\\OIO+\\DATASET_RETINA\\01.Originais\\AMD (Degeneração Macular Relacionada à Idade)\\ADAM\\__MACOSX\\ADAM\\Test\\Disc_Fovea_Illustration\\._T0066.jpg'
._T0067.jpg,cannot identify image file 'D:\\OIO+\\DATASET_RETINA\\01.Originais\\AMD (Degeneração Macular Relacionada à Idade)\\ADAM\\__MACOSX\\ADAM\\Test\\Disc_Fovea_Illustration\\._T0067.jpg'
._T0068.jpg,cannot identify image file 'D:\\OIO+\\DATASET_RETINA\\01.Originais\\AMD (Degeneração Macular Relacionada à Idade)\\ADAM\\__MACOSX\\ADAM\\Test\\Disc_Fovea_Illustration\\._T0068.jpg'
._T0069.jpg,cannot identify image file 'D:\\OIO+\\DATASET_RETINA\\01.Originais\\AMD (Degeneração Macular Relacionada à Idade)\\ADAM\\__MACOSX\\ADAM\\Test\\Disc_Fovea_Illustration\\._T0069.jpg'
._T0070.jpg,cannot identify image file 'D:\\OIO+\\DATASET_RETINA\\01.Originais\\AMD (Degeneração Macular Relacionada à Idade)\\ADAM\\__MACOSX\\ADAM\\Test\\Disc_Fovea_Illustration\\._T0070.jpg'
._T0071.jpg,cannot identify image file 'D:\\OIO+\\DATASET_RETINA\\01.Originais\\AMD (Degeneração Macular Relacionada à Idade)\\ADAM\\__MACOSX\\ADAM\\Test\\Disc_Fovea_Illustration\\._T0071.jpg'
._T0072.jpg,cannot identify image file 'D:\\OIO+\\DATASET_RETINA\\01.Originais\\AMD (Degeneração Macular Relacionada à Idade)\\ADAM\\__MACOSX\\ADAM\\Test\\Disc_Fovea_Illustration\\._T0072.jpg'
._T0073.jpg,cannot identify image file 'D:\\OIO+\\DATASET_RETINA\\01.Originais\\AMD (Degeneração Macular Relacionada à Idade)\\ADAM\\__MACOSX\\ADAM\\Test\\Disc_Fovea_Illustration\\._T0073.jpg'
._T0074.jpg,cannot identify image file 'D:\\OIO+\\DATASET_RETINA\\01.Originais\\AMD (Degeneração Macular Relacionada à Idade)\\ADAM\\__MACOSX\\ADAM\\Test\\Disc_Fovea_Illustration\\._T0074.jpg'
._T0075.jpg,cannot identify image file 'D:\\OIO+\\DATASET_RETINA\\01.Originais\\AMD (Degeneração Macular Relacionada à Idade)\\ADAM\\__MACOSX\\ADAM\\Test\\Disc_Fovea_Illustration\\._T0075.jpg'
._T0076.jpg,cannot identify image file 'D:\\OIO+\\DATASET_RETINA\\01.Originais\\AMD (Degeneração Macular Relacionada à Idade)\\ADAM\\__MACOSX\\ADAM\\Test\\Disc_Fovea_Illustration\\._T0076.jpg'
._T0077.jpg,cannot identify image file 'D:\\OIO+\\DATASET_RETINA\\01.Originais\\AMD (Degeneração Macular Relacionada à Idade)\\ADAM\\__MACOSX\\ADAM\\Test\\Disc_Fovea_Illustration\\._T0077.jpg'
._T0078.jpg,cannot identify image file 'D:\\OIO+\\DATASET_RETINA\\01.Originais\\AMD (Degeneração Macular Relacionada à Idade)\\ADAM\\__MACOSX\\ADAM\\Test\\Disc_Fovea_Illustration\\._T0078.jpg'
._T0079.jpg,cannot identify image file 'D:\\OIO+\\DATASET_RETINA\\01.Originais\\AMD (Degeneração Macular Relacionada à Idade)\\ADAM\\__MACOSX\\ADAM\\Test\\Disc_Fovea_Illustration\\._T0079.jpg'
._T0080.jpg,cannot identify image file 'D:\\OIO+\\DATASET_RETINA\\01.Originais\\AMD (Degeneração Macular Relacionada à Idade)\\ADAM\\__MACOSX\\ADAM\\Test\\Disc_Fovea_Illustration\\._T0080.jpg'
._T0081.jpg,cannot identify image file 'D:\\OIO+\\DATASET_RETINA\\01.Originais\\AMD (Degeneração Macular Relacionada à Idade)\\ADAM\\__MACOSX\\ADAM\\Test\\Disc_Fovea_Illustration\\._T0081.jpg'
._T0082.jpg,cannot identify image file 'D:\\OIO+\\DATASET_RETINA\\01.Originais\\AMD (Degeneração Macular Relacionada à Idade)\\ADAM\\__MACOSX\\ADAM\\Test\\Disc_Fovea_Illustration\\._T0082.jpg'
._T0083.jpg,cannot identify image file 'D:\\OIO+\\DATASET_RETINA\\01.Originais\\AMD (Degeneração Macular Relacionada à Idade)\\ADAM\\__MACOSX\\ADAM\\Test\\Disc_Fovea_Illustration\\._T0083.jpg'
._T0084.jpg,cannot identify image file 'D:\\OIO+\\DATASET_RETINA\\01.Originais\\AMD (Degeneração Macular Relacionada à Idade)\\ADAM\\__MACOSX\\ADAM\\Test\\Disc_Fovea_Illustration\\._T0084.jpg'
._T0085.jpg,cannot identify image file 'D:\\OIO+\\DATASET_RETINA\\01.Originais\\AMD (Degeneração Macular Relacionada à Idade)\\ADAM\\__MACOSX\\ADAM\\Test\\Disc_Fovea_Illustration\\._T0085.jpg'
._T0086.jpg,cannot identify image file 'D:\\OIO+\\DATASET_RETINA\\01.Originais\\AMD (Degeneração Macular Relacionada à Idade)\\ADAM\\__MACOSX\\ADAM\\Test\\Disc_Fovea_Illustration\\._T0086.jpg'
._T0087.jpg,cannot identify image file 'D:\\OIO+\\DATASET_RETINA\\01.Originais\\AMD (Degeneração Macular Relacionada à Idade)\\ADAM\\__MACOSX\\ADAM\\Test\\Disc_Fovea_Illustration\\._T0087.jpg'
._T0088.jpg,cannot identify image file 'D:\\OIO+\\DATASET_RETINA\\01.Originais\\AMD (Degeneração Macular Relacionada à Idade)\\ADAM\\__MACOSX\\ADAM\\Test\\Disc_Fovea_Illustration\\._T0088.jpg'
._T0089.jpg,cannot identify image file 'D:\\OIO+\\DATASET_RETINA\\01.Originais\\AMD (Degeneração Macular Relacionada à Idade)\\ADAM\\__MACOSX\\ADAM\\Test\\Disc_Fovea_Illustration\\._T0089.jpg'
._T0090.jpg,cannot identify image file 'D:\\OIO+\\DATASET_RETINA\\01.Originais\\AMD (Degeneração Macular Relacionada à Idade)\\ADAM\\__MACOSX\\ADAM\\Test\\Disc_Fovea_Illustration\\._T0090.jpg'
._T0091.jpg,cannot identify image file 'D:\\OIO+\\DATASET_RETINA\\01.Originais\\AMD (Degeneração Macular Relacionada à Idade)\\ADAM\\__MACOSX\\ADAM\\Test\\Disc_Fovea_Illustration\\._T0091.jpg'
._T0092.jpg,cannot identify image file 'D:\\OIO+\\DATASET_RETINA\\01.Originais\\AMD (Degeneração Macular Relacionada à Idade)\\ADAM\\__MACOSX\\ADAM\\Test\\Disc_Fovea_Illustration\\._T0092.jpg'
._T0093.jpg,cannot identify image file 'D:\\OIO+\\DATASET_RETINA\\01.Originais\\AMD (Degeneração Macular Relacionada à Idade)\\ADAM\\__MACOSX\\ADAM\\Test\\Disc_Fovea_Illustration\\._T0093.jpg'
._T0094.jpg,cannot identify image file 'D:\\OIO+\\DATASET_RETINA\\01.Originais\\AMD (Degeneração Macular Relacionada à Idade)\\ADAM\\__MACOSX\\ADAM\\Test\\Disc_Fovea_Illustration\\._T0094.jpg'
._T0095.jpg,cannot identify image file 'D:\\OIO+\\DATASET_RETINA\\01.Originais\\AMD (Degeneração Macular Relacionada à Idade)\\ADAM\\__MACOSX\\ADAM\\Test\\Disc_Fovea_Illustration\\._T0095.jpg'
._T0096.jpg,cannot identify image file 'D:\\OIO+\\DATASET_RETINA\\01.Originais\\AMD (Degeneração Macular Relacionada à Idade)\\ADAM\\__MACOSX\\ADAM\\Test\\Disc_Fovea_Illustration\\._T0096.jpg'
._T0097.jpg,cannot identify image file 'D:\\OIO+\\DATASET_RETINA\\01.Originais\\AMD (Degeneração Macular Relacionada à Idade)\\ADAM\\__MACOSX\\ADAM\\Test\\Disc_Fovea_Illustration\\._T0097.jpg'
._T0098.jpg,cannot identify image file 'D:\\OIO+\\DATASET_RETINA\\01.Originais\\AMD (Degeneração Macular Relacionada à Idade)\\ADAM\\__MACOSX\\ADAM\\Test\\Disc_Fovea_Illustration\\._T0098.jpg'
._T0099.jpg,cannot identify image file 'D:\\OIO+\\DATASET_RETINA\\01.Originais\\AMD (Degeneração Macular Relacionada à Idade)\\ADAM\\__MACOSX\\ADAM\\Test\\Disc_Fovea_Illustration\\._T0099.jpg'
._T0100.jpg,cannot identify image file 'D:\\OIO+\\DATASET_RETINA\\01.Originais\\AMD (Degeneração Macular Relacionada à Idade)\\ADAM\\__MACOSX\\ADAM\\Test\\Disc_Fovea_Illustration\\._T0100.jpg'
._T0101.jpg,cannot identify image file 'D:\\OIO+\\DATASET_RETINA\\01.Originais\\AMD (Degeneração Macular Relacionada à Idade)\\ADAM\\__MACOSX\\ADAM\\Test\\Disc_Fovea_Illustration\\._T0101.jpg'
._T0102.jpg,cannot identify image file 'D:\\OIO+\\DATASET_RETINA\\01.Originais\\AMD (Degeneração Macular Relacionada à Idade)\\ADAM\\__MACOSX\\ADAM\\Test\\Disc_Fovea_Illustration\\._T0102.jpg'
._T0103.jpg,cannot identify image file 'D:\\OIO+\\DATASET_RETINA\\01.Originais\\AMD (Degeneração Macular Relacionada à Idade)\\ADAM\\__MACOSX\\ADAM\\Test\\Disc_Fovea_Illustration\\._T0103.jpg'
._T0104.jpg,cannot identify image file 'D:\\OIO+\\DATASET_RETINA\\01.Originais\\AMD (Degeneração Macular Relacionada à Idade)\\ADAM\\__MACOSX\\ADAM\\Test\\Disc_Fovea_Illustration\\._T0104.jpg'
._T0105.jpg,cannot identify image file 'D:\\OIO+\\DATASET_RETINA\\01.Originais\\AMD (Degeneração Macular Relacionada à Idade)\\ADAM\\__MACOSX\\ADAM\\Test\\Disc_Fovea_Illustration\\._T0105.jpg'
._T0106.jpg,cannot identify image file 'D:\\OIO+\\DATASET_RETINA\\01.Originais\\AMD (Degeneração Macular Relacionada à Idade)\\ADAM\\__MACOSX\\ADAM\\Test\\Disc_Fovea_Illustration\\._T0106.jpg'
._T0107.jpg,cannot identify image file 'D:\\OIO+\\DATASET_RETINA\\01.Originais\\AMD (Degeneração Macular Relacionada à Idade)\\ADAM\\__MACOSX\\ADAM\\Test\\Disc_Fovea_Illustration\\._T0107.jpg'
._T0108.jpg,cannot identify image file 'D:\\OIO+\\DATASET_RETINA\\01.Originais\\AMD (Degeneração Macular Relacionada à Idade)\\ADAM\\__MACOSX\\ADAM\\Test\\Disc_Fovea_Illustration\\._T0108.jpg'
._T0109.jpg,cannot identify image file 'D:\\OIO+\\DATASET_RETINA\\01.Originais\\AMD (Degeneração Macular Relacionada à Idade)\\ADAM\\__MACOSX\\ADAM\\Test\\Disc_Fovea_Illustration\\._T0109.jpg'
._T0110.jpg,cannot identify image file 'D:\\OIO+\\DATASET_RETINA\\01.Originais\\AMD (Degeneração Macular Relacionada à Idade)\\ADAM\\__MACOSX\\ADAM\\Test\\Disc_Fovea_Illustration\\._T0110.jpg'
._T0111.jpg,cannot identify image file 'D:\\OIO+\\DATASET_RETINA\\01.Originais\\AMD (Degeneração Macular Relacionada à Idade)\\ADAM\\__MACOSX\\ADAM\\Test\\Disc_Fovea_Illustration\\._T0111.jpg'
._T0112.jpg,cannot identify image file 'D:\\OIO+\\DATASET_RETINA\\01.Originais\\AMD (Degeneração Macular Relacionada à Idade)\\ADAM\\__MACOSX\\ADAM\\Test\\Disc_Fovea_Illustration\\._T0112.jpg'
._T0113.jpg,cannot identify image file 'D:\\OIO+\\DATASET_RETINA\\01.Originais\\AMD (Degeneração Macular Relacionada à Idade)\\ADAM\\__MACOSX\\ADAM\\Test\\Disc_Fovea_Illustration\\._T0113.jpg'
._T0114.jpg,cannot identify image file 'D:\\OIO+\\DATASET_RETINA\\01.Originais\\AMD (Degeneração Macular Relacionada à Idade)\\ADAM\\__MACOSX\\ADAM\\Test\\Disc_Fovea_Illustration\\._T0114.jpg'
._T0115.jpg,cannot identify image file 'D:\\OIO+\\DATASET_RETINA\\01.Originais\\AMD (Degeneração Macular Relacionada à Idade)\\ADAM\\__MACOSX\\ADAM\\Test\\Disc_Fovea_Illustration\\._T0115.jpg'
._T0116.jpg,cannot identify image file 'D:\\OIO+\\DATASET_RETINA\\01.Originais\\AMD (Degeneração Macular Relacionada à Idade)\\ADAM\\__MACOSX\\ADAM\\Test\\Disc_Fovea_Illustration\\._T0116.jpg'
._T0117.jpg,cannot identify image file 'D:\\OIO+\\DATASET_RETINA\\01.Originais\\AMD (Degeneração Macular Relacionada à Idade)\\ADAM\\__MACOSX\\ADAM\\Test\\Disc_Fovea_Illustration\\._T0117.jpg'
._T0118.jpg,cannot identify image file 'D:\\OIO+\\DATASET_RETINA\\01.Originais\\AMD (Degeneração Macular Relacionada à Idade)\\ADAM\\__MACOSX\\ADAM\\Test\\Disc_Fovea_Illustration\\._T0118.jpg'
._T0119.jpg,cannot identify image file 'D:\\OIO+\\DATASET_RETINA\\01.Originais\\AMD (Degeneração Macular Relacionada à Idade)\\ADAM\\__MACOSX\\ADAM\\Test\\Disc_Fovea_Illustration\\._T0119.jpg'
._T0120.jpg,cannot identify image file 'D:\\OIO+\\DATASET_RETINA\\01.Originais\\AMD (Degeneração Macular Relacionada à Idade)\\ADAM\\__MACOSX\\ADAM\\Test\\Disc_Fovea_Illustration\\._T0120.jpg'
._T0121.jpg,cannot identify image file 'D:\\OIO+\\DATASET_RETINA\\01.Originais\\AMD (Degeneração Macular Relacionada à Idade)\\ADAM\\__MACOSX\\ADAM\\Test\\Disc_Fovea_Illustration\\._T0121.jpg'
._T0122.jpg,cannot identify image file 'D:\\OIO+\\DATASET_RETINA\\01.Originais\\AMD (Degeneração Macular Relacionada à Idade)\\ADAM\\__MACOSX\\ADAM\\Test\\Disc_Fovea_Illustration\\._T0122.jpg'
._T0123.jpg,cannot identify image file 'D:\\OIO+\\DATASET_RETINA\\01.Originais\\AMD (Degeneração Macular Relacionada à Idade)\\ADAM\\__MACOSX\\ADAM\\Test\\Disc_Fovea_Illustration\\._T0123.jpg'
._T0124.jpg,cannot identify image file 'D:\\OIO+\\DATASET_RETINA\\01.Originais\\AMD (Degeneração Macular Relacionada à Idade)\\ADAM\\__MACOSX\\ADAM\\Test\\Disc_Fovea_Illustration\\._T0124.jpg'
._T0125.jpg,cannot identify image file 'D:\\OIO+\\DATASET_RETINA\\01.Originais\\AMD (Degeneração Macular Relacionada à Idade)\\ADAM\\__MACOSX\\ADAM\\Test\\Disc_Fovea_Illustration\\._T0125.jpg'
._T0126.jpg,cannot identify image file 'D:\\OIO+\\DATASET_RETINA\\01.Originais\\AMD (Degeneração Macular Relacionada à Idade)\\ADAM\\__MACOSX\\ADAM\\Test\\Disc_Fovea_Illustration\\._T0126.jpg'
._T0127.jpg,cannot identify image file 'D:\\OIO+\\DATASET_RETINA\\01.Originais\\AMD (Degeneração Macular Relacionada à Idade)\\ADAM\\__MACOSX\\ADAM\\Test\\Disc_Fovea_Illustration\\._T0127.jpg'
._T0128.jpg,cannot identify image file 'D:\\OIO+\\DATASET_RETINA\\01.Originais\\AMD (Degeneração Macular Relacionada à Idade)\\ADAM\\__MACOSX\\ADAM\\Test\\Disc_Fovea_Illustration\\._T0128.jpg'
._T0129.jpg,cannot identify image file 'D:\\OIO+\\DATASET_RETINA\\01.Originais\\AMD (Degeneração Macular Relacionada à Idade)\\ADAM\\__MACOSX\\ADAM\\Test\\Disc_Fovea_Illustration\\._T0129.jpg'
._T0130.jpg,cannot identify image file 'D:\\OIO+\\DATASET_RETINA\\01.Originais\\AMD (Degeneração Macular Relacionada à Idade)\\ADAM\\__MACOSX\\ADAM\\Test\\Disc_Fovea_Illustration\\._T0130.jpg'
._T0131.jpg,cannot identify image file 'D:\\OIO+\\DATASET_RETINA\\01.Originais\\AMD (Degeneração Macular Relacionada à Idade)\\ADAM\\__MACOSX\\ADAM\\Test\\Disc_Fovea_Illustration\\._T0131.jpg'
._T0132.jpg,cannot identify image file 'D:\\OIO+\\DATASET_RETINA\\01.Originais\\AMD (Degeneração Macular Relacionada à Idade)\\ADAM\\__MACOSX\\ADAM\\Test\\Disc_Fovea_Illustration\\._T0132.jpg'
._T0133.jpg,cannot identify image file 'D:\\OIO+\\DATASET_RETINA\\01.Originais\\AMD (Degeneração Macular Relacionada à Idade)\\ADAM\\__MACOSX\\ADAM\\Test\\Disc_Fovea_Illustration\\._T0133.jpg'
._T0134.jpg,cannot identify image file 'D:\\OIO+\\DATASET_RETINA\\01.Originais\\AMD (Degeneração Macular Relacionada à Idade)\\ADAM\\__MACOSX\\ADAM\\Test\\Disc_Fovea_Illustration\\._T0134.jpg'
._T0135.jpg,cannot identify image file 'D:\\OIO+\\DATASET_RETINA\\01.Originais\\AMD (Degeneração Macular Relacionada à Idade)\\ADAM\\__MACOSX\\ADAM\\Test\\Disc_Fovea_Illustration\\._T0135.jpg'
._T0136.jpg,cannot identify image file 'D:\\OIO+\\DATASET_RETINA\\01.Originais\\AMD (Degeneração Macular Relacionada à Idade)\\ADAM\\__MACOSX\\ADAM\\Test\\Disc_Fovea_Illustration\\._T0136.jpg'
._T0137.jpg,cannot identify image file 'D:\\OIO+\\DATASET_RETINA\\01.Originais\\AMD (Degeneração Macular Relacionada à Idade)\\ADAM\\__MACOSX\\ADAM\\Test\\Disc_Fovea_Illustration\\._T0137.jpg'
._T0138.jpg,cannot identify image file 'D:\\OIO+\\DATASET_RETINA\\01.Originais\\AMD (Degeneração Macular Relacionada à Idade)\\ADAM\\__MACOSX\\ADAM\\Test\\Disc_Fovea_Illustration\\._T0138.jpg'
._T0139.jpg,cannot identify image file 'D:\\OIO+\\DATASET_RETINA\\01.Originais\\AMD (Degeneração Macular Relacionada à Idade)\\ADAM\\__MACOSX\\ADAM\\Test\\Disc_Fovea_Illustration\\._T0139.jpg'
._T0140.jpg,cannot identify image file 'D:\\OIO+\\DATASET_RETINA\\01.Originais\\AMD (Degeneração Macular Relacionada à Idade)\\ADAM\\__MACOSX\\ADAM\\Test\\Disc_Fovea_Illustration\\._T0140.jpg'
._T0141.jpg,cannot identify image file 'D:\\OIO+\\DATASET_RETINA\\01.Originais\\AMD (Degeneração Macular Relacionada à Idade)\\ADAM\\__MACOSX\\ADAM\\Test\\Disc_Fovea_Illustration\\._T0141.jpg'
._T0142.jpg,cannot identify image file 'D:\\OIO+\\DATASET_RETINA\\01.Originais\\AMD (Degeneração Macular Relacionada à Idade)\\ADAM\\__MACOSX\\ADAM\\Test\\Disc_Fovea_Illustration\\._T0142.jpg'
._T0143.jpg,cannot identify image file 'D:\\OIO+\\DATASET_RETINA\\01.Originais\\AMD (Degeneração Macular Relacionada à Idade)\\ADAM\\__MACOSX\\ADAM\\Test\\Disc_Fovea_Illustration\\._T0143.jpg'
._T0144.jpg,cannot identify image file 'D:\\OIO+\\DATASET_RETINA\\01.Originais\\AMD (Degeneração Macular Relacionada à Idade)\\ADAM\\__MACOSX\\ADAM\\Test\\Disc_Fovea_Illustration\\._T0144.jpg'
._T0145.jpg,cannot identify image file 'D:\\OIO+\\DATASET_RETINA\\01.Originais\\AMD (Degeneração Macular Relacionada à Idade)\\ADAM\\__MACOSX\\ADAM\\Test\\Disc_Fovea_Illustration\\._T0145.jpg'
._T0146.jpg,cannot identify image file 'D:\\OIO+\\DATASET_RETINA\\01.Originais\\AMD (Degeneração Macular Relacionada à Idade)\\ADAM\\__MACOSX\\ADAM\\Test\\Disc_Fovea_Illustration\\._T0146.jpg'
._T0147.jpg,cannot identify image file 'D:\\OIO+\\DATASET_RETINA\\01.Originais\\AMD (Degeneração Macular Relacionada à Idade)\\ADAM\\__MACOSX\\ADAM\\Test\\Disc_Fovea_Illustration\\._T0147.jpg'
._T0148.jpg,cannot identify image file 'D:\\OIO+\\DATASET_RETINA\\01.Originais\\AMD (Degeneração Macular Relacionada à Idade)\\ADAM\\__MACOSX\\ADAM\\Test\\Disc_Fovea_Illustration\\._T0148.jpg'
._T0149.jpg,cannot identify image file 'D:\\OIO+\\DATASET_RETINA\\01.Originais\\AMD (Degeneração Macular Relacionada à Idade)\\ADAM\\__MACOSX\\ADAM\\Test\\Disc_Fovea_Illustration\\._T0149.jpg'
._T0150.jpg,cannot identify image file 'D:\\OIO+\\DATASET_RETINA\\01.Originais\\AMD (Degeneração Macular Relacionada à Idade)\\ADAM\\__MACOSX\\ADAM\\Test\\Disc_Fovea_Illustration\\._T0150.jpg'
._T0151.jpg,cannot identify image file 'D:\\OIO+\\DATASET_RETINA\\01.Originais\\AMD (Degeneração Macular Relacionada à Idade)\\ADAM\\__MACOSX\\ADAM\\Test\\Disc_Fovea_Illustration\\._T0151.jpg'
._T0152.jpg,cannot identify image file 'D:\\OIO+\\DATASET_RETINA\\01.Originais\\AMD (Degeneração Macular Relacionada à Idade)\\ADAM\\__MACOSX\\ADAM\\Test\\Disc_Fovea_Illustration\\._T0152.jpg'
._T0153.jpg,cannot identify image file 'D:\\OIO+\\DATASET_RETINA\\01.Originais\\AMD (Degeneração Macular Relacionada à Idade)\\ADAM\\__MACOSX\\ADAM\\Test\\Disc_Fovea_Illustration\\._T0153.jpg'
._T0154.jpg,cannot identify image file 'D:\\OIO+\\DATASET_RETINA\\01.Originais\\AMD (Degeneração Macular Relacionada à Idade)\\ADAM\\__MACOSX\\ADAM\\Test\\Disc_Fovea_Illustration\\._T0154.jpg'
._T0155.jpg,cannot identify image file 'D:\\OIO+\\DATASET_RETINA\\01.Originais\\AMD (Degeneração Macular Relacionada à Idade)\\ADAM\\__MACOSX\\ADAM\\Test\\Disc_Fovea_Illustration\\._T0155.jpg'
._T0156.jpg,cannot identify image file 'D:\\OIO+\\DATASET_RETINA\\01.Originais\\AMD (Degeneração Macular Relacionada à Idade)\\ADAM\\__MACOSX\\ADAM\\Test\\Disc_Fovea_Illustration\\._T0156.jpg'
._T0157.jpg,cannot identify image file 'D:\\OIO+\\DATASET_RETINA\\01.Originais\\AMD (Degeneração Macular Relacionada à Idade)\\ADAM\\__MACOSX\\ADAM\\Test\\Disc_Fovea_Illustration\\._T0157.jpg'
._T0158.jpg,cannot identify image file 'D:\\OIO+\\DATASET_RETINA\\01.Originais\\AMD (Degeneração Macular Relacionada à Idade)\\ADAM\\__MACOSX\\ADAM\\Test\\Disc_Fovea_Illustration\\._T0158.jpg'
._T0159.jpg,cannot identify image file 'D:\\OIO+\\DATASET_RETINA\\01.Originais\\AMD (Degeneração Macular Relacionada à Idade)\\ADAM\\__MACOSX\\ADAM\\Test\\Disc_Fovea_Illustration\\._T0159.jpg'
._T0160.jpg,cannot identify image file 'D:\\OIO+\\DATASET_RETINA\\01.Originais\\AMD (Degeneração Macular Relacionada à Idade)\\ADAM\\__MACOSX\\ADAM\\Test\\Disc_Fovea_Illustration\\._T0160.jpg'
._T0161.jpg,cannot identify image file 'D:\\OIO+\\DATASET_RETINA\\01.Originais\\AMD (Degeneração Macular Relacionada à Idade)\\ADAM\\__MACOSX\\ADAM\\Test\\Disc_Fovea_Illustration\\._T0161.jpg'
._T0162.jpg,cannot identify image file 'D:\\OIO+\\DATASET_RETINA\\01.Originais\\AMD (Degeneração Macular Relacionada à Idade)\\ADAM\\__MACOSX\\ADAM\\Test\\Disc_Fovea_Illustration\\._T0162.jpg'
._T0163.jpg,cannot identify image file 'D:\\OIO+\\DATASET_RETINA\\01.Originais\\AMD (Degeneração Macular Relacionada à Idade)\\ADAM\\__MACOSX\\ADAM\\Test\\Disc_Fovea_Illustration\\._T0163.jpg'
._T0164.jpg,cannot identify image file 'D:\\OIO+\\DATASET_RETINA\\01.Originais\\AMD (Degeneração Macular Relacionada à Idade)\\ADAM\\__MACOSX\\ADAM\\Test\\Disc_Fovea_Illustration\\._T0164.jpg'
._T0165.jpg,cannot identify image file 'D:\\OIO+\\DATASET_RETINA\\01.Originais\\AMD (Degeneração Macular Relacionada à Idade)\\ADAM\\__MACOSX\\ADAM\\Test\\Disc_Fovea_Illustration\\._T0165.jpg'
._T0166.jpg,cannot identify image file 'D:\\OIO+\\DATASET_RETINA\\01.Originais\\AMD (Degeneração Macular Relacionada à Idade)\\ADAM\\__MACOSX\\ADAM\\Test\\Disc_Fovea_Illustration\\._T0166.jpg'
._T0167.jpg,cannot identify image file 'D:\\OIO+\\DATASET_RETINA\\01.Originais\\AMD (Degeneração Macular Relacionada à Idade)\\ADAM\\__MACOSX\\ADAM\\Test\\Disc_Fovea_Illustration\\._T0167.jpg'
._T0168.jpg,cannot identify image file 'D:\\OIO+\\DATASET_RETINA\\01.Originais\\AMD (Degeneração Macular Relacionada à Idade)\\ADAM\\__MACOSX\\ADAM\\Test\\Disc_Fovea_Illustration\\._T0168.jpg'
._T0169.jpg,cannot identify image file 'D:\\OIO+\\DATASET_RETINA\\01.Originais\\AMD (Degeneração Macular Relacionada à Idade)\\ADAM\\__MACOSX\\ADAM\\Test\\Disc_Fovea_Illustration\\._T0169.jpg'
._T0170.jpg,cannot identify image file 'D:\\OIO+\\DATASET_RETINA\\01.Originais\\AMD (Degeneração Macular Relacionada à Idade)\\ADAM\\__MACOSX\\ADAM\\Test\\Disc_Fovea_Illustration\\._T0170.jpg'
._T0171.jpg,cannot identify image file 'D:\\OIO+\\DATASET_RETINA\\01.Originais\\AMD (Degeneração Macular Relacionada à Idade)\\ADAM\\__MACOSX\\ADAM\\Test\\Disc_Fovea_Illustration\\._T0171.jpg'
._T0172.jpg,cannot identify image file 'D:\\OIO+\\DATASET_RETINA\\01.Originais\\AMD (Degeneração Macular Relacionada à Idade)\\ADAM\\__MACOSX\\ADAM\\Test\\Disc_Fovea_Illustration\\._T0172.jpg'
._T0173.jpg,cannot identify image file 'D:\\OIO+\\DATASET_RETINA\\01.Originais\\AMD (Degeneração Macular Relacionada à Idade)\\ADAM\\__MACOSX\\ADAM\\Test\\Disc_Fovea_Illustration\\._T0173.jpg'
._T0174.jpg,cannot identify image file 'D:\\OIO+\\DATASET_RETINA\\01.Originais\\AMD (Degeneração Macular Relacionada à Idade)\\ADAM\\__MACOSX\\ADAM\\Test\\Disc_Fovea_Illustration\\._T0174.jpg'
._T0175.jpg,cannot identify image file 'D:\\OIO+\\DATASET_RETINA\\01.Originais\\AMD (Degeneração Macular Relacionada à Idade)\\ADAM\\__MACOSX\\ADAM\\Test\\Disc_Fovea_Illustration\\._T0175.jpg'
._T0176.jpg,cannot identify image file 'D:\\OIO+\\DATASET_RETINA\\01.Originais\\AMD (Degeneração Macular Relacionada à Idade)\\ADAM\\__MACOSX\\ADAM\\Test\\Disc_Fovea_Illustration\\._T0176.jpg'
._T0177.jpg,cannot identify image file 'D:\\OIO+\\DATASET_RETINA\\01.Originais\\AMD (Degeneração Macular Relacionada à Idade)\\ADAM\\__MACOSX\\ADAM\\Test\\Disc_Fovea_Illustration\\._T0177.jpg'
._T0178.jpg,cannot identify image file 'D:\\OIO+\\DATASET_RETINA\\01.Originais\\AMD (Degeneração Macular Relacionada à Idade)\\ADAM\\__MACOSX\\ADAM\\Test\\Disc_Fovea_Illustration\\._T0178.jpg'
._T0179.jpg,cannot identify image file 'D:\\OIO+\\DATASET_RETINA\\01.Originais\\AMD (Degeneração Macular Relacionada à Idade)\\ADAM\\__MACOSX\\ADAM\\Test\\Disc_Fovea_Illustration\\._T0179.jpg'
._T0180.jpg,cannot identify image file 'D:\\OIO+\\DATASET_RETINA\\01.Originais\\AMD (Degeneração Macular Relacionada à Idade)\\ADAM\\__MACOSX\\ADAM\\Test\\Disc_Fovea_Illustration\\._T0180.jpg'
._T0181.jpg,cannot identify image file 'D:\\OIO+\\DATASET_RETINA\\01.Originais\\AMD (Degeneração Macular Relacionada à Idade)\\ADAM\\__MACOSX\\ADAM\\Test\\Disc_Fovea_Illustration\\._T0181.jpg'
._T0182.jpg,cannot identify image file 'D:\\OIO+\\DATASET_RETINA\\01.Originais\\AMD (Degeneração Macular Relacionada à Idade)\\ADAM\\__MACOSX\\ADAM\\Test\\Disc_Fovea_Illustration\\._T0182.jpg'
._T0183.jpg,cannot identify image file 'D:\\OIO+\\DATASET_RETINA\\01.Originais\\AMD (Degeneração Macular Relacionada à Idade)\\ADAM\\__MACOSX\\ADAM\\Test\\Disc_Fovea_Illustration\\._T0183.jpg'
._T0184.jpg,cannot identify image file 'D:\\OIO+\\DATASET_RETINA\\01.Originais\\AMD (Degeneração Macular Relacionada à Idade)\\ADAM\\__MACOSX\\ADAM\\Test\\Disc_Fovea_Illustration\\._T0184.jpg'
._T0185.jpg,cannot identify image file 'D:\\OIO+\\DATASET_RETINA\\01.Originais\\AMD (Degeneração Macular Relacionada à Idade)\\ADAM\\__MACOSX\\ADAM\\Test\\Disc_Fovea_Illustration\\._T0185.jpg'
._T0186.jpg,cannot identify image file 'D:\\OIO+\\DATASET_RETINA\\01.Originais\\AMD (Degeneração Macular Relacionada à Idade)\\ADAM\\__MACOSX\\ADAM\\Test\\Disc_Fovea_Illustration\\._T0186.jpg'
._T0187.jpg,cannot identify image file 'D:\\OIO+\\DATASET_RETINA\\01.Originais\\AMD (Degeneração Macular Relacionada à Idade)\\ADAM\\__MACOSX\\ADAM\\Test\\Disc_Fovea_Illustration\\._T0187.jpg'
._T0188.jpg,cannot identify image file 'D:\\OIO+\\DATASET_RETINA\\01.Originais\\AMD (Degeneração Macular Relacionada à Idade)\\ADAM\\__MACOSX\\ADAM\\Test\\Disc_Fovea_Illustration\\._T0188.jpg'
._T0189.jpg,cannot identify image file 'D:\\OIO+\\DATASET_RETINA\\01.Originais\\AMD (Degeneração Macular Relacionada à Idade)\\ADAM\\__MACOSX\\ADAM\\Test\\Disc_Fovea_Illustration\\._T0189.jpg'
._T0190.jpg,cannot identify image file 'D:\\OIO+\\DATASET_RETINA\\01.Originais\\AMD (Degeneração Macular Relacionada à Idade)\\ADAM\\__MACOSX\\ADAM\\Test\\Disc_Fovea_Illustration\\._T0190.jpg'
._T0191.jpg,cannot identify image file 'D:\\OIO+\\DATASET_RETINA\\01.Originais\\AMD (Degeneração Macular Relacionada à Idade)\\ADAM\\__MACOSX\\ADAM\\Test\\Disc_Fovea_Illustration\\._T0191.jpg'
._T0192.jpg,cannot identify image file 'D:\\OIO+\\DATASET_RETINA\\01.Originais\\AMD (Degeneração Macular Relacionada à Idade)\\ADAM\\__MACOSX\\ADAM\\Test\\Disc_Fovea_Illustration\\._T0192.jpg'
._T0193.jpg,cannot identify image file 'D:\\OIO+\\DATASET_RETINA\\01.Originais\\AMD (Degeneração Macular Relacionada à Idade)\\ADAM\\__MACOSX\\ADAM\\Test\\Disc_Fovea_Illustration\\._T0193.jpg'
._T0194.jpg,cannot identify image file 'D:\\OIO+\\DATASET_RETINA\\01.Originais\\AMD (Degeneração Macular Relacionada à Idade)\\ADAM\\__MACOSX\\ADAM\\Test\\Disc_Fovea_Illustration\\._T0194.jpg'
._T0195.jpg,cannot identify image file 'D:\\OIO+\\DATASET_RETINA\\01.Originais\\AMD (Degeneração Macular Relacionada à Idade)\\ADAM\\__MACOSX\\ADAM\\Test\\Disc_Fovea_Illustration\\._T0195.jpg'
._T0196.jpg,cannot identify image file 'D:\\OIO+\\DATASET_RETINA\\01.Originais\\AMD (Degeneração Macular Relacionada à Idade)\\ADAM\\__MACOSX\\ADAM\\Test\\Disc_Fovea_Illustration\\._T0196.jpg'
._T0197.jpg,cannot identify image file 'D:\\OIO+\\DATASET_RETINA\\01.Originais\\AMD (Degeneração Macular Relacionada à Idade)\\ADAM\\__MACOSX\\ADAM\\Test\\Disc_Fovea_Illustration\\._T0197.jpg'
._T0198.jpg,cannot identify image file 'D:\\OIO+\\DATASET_RETINA\\01.Originais\\AMD (Degeneração Macular Relacionada à Idade)\\ADAM\\__MACOSX\\ADAM\\Test\\Disc_Fovea_Illustration\\._T0198.jpg'
._T0199.jpg,cannot identify image file 'D:\\OIO+\\DATASET_RETINA\\01.Originais\\AMD (Degeneração Macular Relacionada à Idade)\\ADAM\\__MACOSX\\ADAM\\Test\\Disc_Fovea_Illustration\\._T0199.jpg'
._T0200.jpg,cannot identify image file 'D:\\OIO+\\DATASET_RETINA\\01.Originais\\AMD (Degeneração Macular Relacionada à Idade)\\ADAM\\__MACOSX\\ADAM\\Test\\Disc_Fovea_Illustration\\._T0200.jpg'
._T0201.jpg,cannot identify image file 'D:\\OIO+\\DATASET_RETINA\\01.Originais\\AMD (Degeneração Macular Relacionada à Idade)\\ADAM\\__MACOSX\\ADAM\\Test\\Disc_Fovea_Illustration\\._T0201.jpg'
._T0202.jpg,cannot identify image file 'D:\\OIO+\\DATASET_RETINA\\01.Originais\\AMD (Degeneração Macular Relacionada à Idade)\\ADAM\\__MACOSX\\ADAM\\Test\\Disc_Fovea_Illustration\\._T0202.jpg'
._T0203.jpg,cannot identify image file 'D:\\OIO+\\DATASET_RETINA\\01.Originais\\AMD (Degeneração Macular Relacionada à Idade)\\ADAM\\__MACOSX\\ADAM\\Test\\Disc_Fovea_Illustration\\._T0203.jpg'
._T0204.jpg,cannot identify image file 'D:\\OIO+\\DATASET_RETINA\\01.Originais\\AMD (Degeneração Macular Relacionada à Idade)\\ADAM\\__MACOSX\\ADAM\\Test\\Disc_Fovea_Illustration\\._T0204.jpg'
._T0205.jpg,cannot identify image file 'D:\\OIO+\\DATASET_RETINA\\01.Originais\\AMD (Degeneração Macular Relacionada à Idade)\\ADAM\\__MACOSX\\ADAM\\Test\\Disc_Fovea_Illustration\\._T0205.jpg'
._T0206.jpg,cannot identify image file 'D:\\OIO+\\DATASET_RETINA\\01.Originais\\AMD (Degeneração Macular Relacionada à Idade)\\ADAM\\__MACOSX\\ADAM\\Test\\Disc_Fovea_Illustration\\._T0206.jpg'
._T0207.jpg,cannot identify image file 'D:\\OIO+\\DATASET_RETINA\\01.Originais\\AMD (Degeneração Macular Relacionada à Idade)\\ADAM\\__MACOSX\\ADAM\\Test\\Disc_Fovea_Illustration\\._T0207.jpg'
._T0208.jpg,cannot identify image file 'D:\\OIO+\\DATASET_RETINA\\01.Originais\\AMD (Degeneração Macular Relacionada à Idade)\\ADAM\\__MACOSX\\ADAM\\Test\\Disc_Fovea_Illustration\\._T0208.jpg'
._T0209.jpg,cannot identify image file 'D:\\OIO+\\DATASET_RETINA\\01.Originais\\AMD (Degeneração Macular Relacionada à Idade)\\ADAM\\__MACOSX\\ADAM\\Test\\Disc_Fovea_Illustration\\._T0209.jpg'
._T0210.jpg,cannot identify image file 'D:\\OIO+\\DATASET_RETINA\\01.Originais\\AMD (Degeneração Macular Relacionada à Idade)\\ADAM\\__MACOSX\\ADAM\\Test\\Disc_Fovea_Illustration\\._T0210.jpg'
._T0211.jpg,cannot identify image file 'D:\\OIO+\\DATASET_RETINA\\01.Originais\\AMD (Degeneração Macular Relacionada à Idade)\\ADAM\\__MACOSX\\ADAM\\Test\\Disc_Fovea_Illustration\\._T0211.jpg'
._T0212.jpg,cannot identify image file 'D:\\OIO+\\DATASET_RETINA\\01.Originais\\AMD (Degeneração Macular Relacionada à Idade)\\ADAM\\__MACOSX\\ADAM\\Test\\Disc_Fovea_Illustration\\._T0212.jpg'
._T0213.jpg,cannot identify image file 'D:\\OIO+\\DATASET_RETINA\\01.Originais\\AMD (Degeneração Macular Relacionada à Idade)\\ADAM\\__MACOSX\\ADAM\\Test\\Disc_Fovea_Illustration\\._T0213.jpg'
._T0214.jpg,cannot identify image file 'D:\\OIO+\\DATASET_RETINA\\01.Originais\\AMD (Degeneração Macular Relacionada à Idade)\\ADAM\\__MACOSX\\ADAM\\Test\\Disc_Fovea_Illustration\\._T0214.jpg'
._T0215.jpg,cannot identify image file 'D:\\OIO+\\DATASET_RETINA\\01.Originais\\AMD (Degeneração Macular Relacionada à Idade)\\ADAM\\__MACOSX\\ADAM\\Test\\Disc_Fovea_Illustration\\._T0215.jpg'
._T0216.jpg,cannot identify image file 'D:\\OIO+\\DATASET_RETINA\\01.Originais\\AMD (Degeneração Macular Relacionada à Idade)\\ADAM\\__MACOSX\\ADAM\\Test\\Disc_Fovea_Illustration\\._T0216.jpg'
._T0217.jpg,cannot identify image file 'D:\\OIO+\\DATASET_RETINA\\01.Originais\\AMD (Degeneração Macular Relacionada à Idade)\\ADAM\\__MACOSX\\ADAM\\Test\\Disc_Fovea_Illustration\\._T0217.jpg'
._T0218.jpg,cannot identify image file 'D:\\OIO+\\DATASET_RETINA\\01.Originais\\AMD (Degeneração Macular Relacionada à Idade)\\ADAM\\__MACOSX\\ADAM\\Test\\Disc_Fovea_Illustration\\._T0218.jpg'
._T0219.jpg,cannot identify image file 'D:\\OIO+\\DATASET_RETINA\\01.Originais\\AMD (Degeneração Macular Relacionada à Idade)\\ADAM\\__MACOSX\\ADAM\\Test\\Disc_Fovea_Illustration\\._T0219.jpg'
._T0220.jpg,cannot identify image file 'D:\\OIO+\\DATASET_RETINA\\01.Originais\\AMD (Degeneração Macular Relacionada à Idade)\\ADAM\\__MACOSX\\ADAM\\Test\\Disc_Fovea_Illustration\\._T0220.jpg'
._T0221.jpg,cannot identify image file 'D:\\OIO+\\DATASET_RETINA\\01.Originais\\AMD (Degeneração Macular Relacionada à Idade)\\ADAM\\__MACOSX\\ADAM\\Test\\Disc_Fovea_Illustration\\._T0221.jpg'
._T0222.jpg,cannot identify image file 'D:\\OIO+\\DATASET_RETINA\\01.Originais\\AMD (Degeneração Macular Relacionada à Idade)\\ADAM\\__MACOSX\\ADAM\\Test\\Disc_Fovea_Illustration\\._T0222.jpg'
._T0223.jpg,cannot identify image file 'D:\\OIO+\\DATASET_RETINA\\01.Originais\\AMD (Degeneração Macular Relacionada à Idade)\\ADAM\\__MACOSX\\ADAM\\Test\\Disc_Fovea_Illustration\\._T0223.jpg'
._T0224.jpg,cannot identify image file 'D:\\OIO+\\DATASET_RETINA\\01.Originais\\AMD (Degeneração Macular Relacionada à Idade)\\ADAM\\__MACOSX\\ADAM\\Test\\Disc_Fovea_Illustration\\._T0224.jpg'
._T0225.jpg,cannot identify image file 'D:\\OIO+\\DATASET_RETINA\\01.Originais\\AMD (Degeneração Macular Relacionada à Idade)\\ADAM\\__MACOSX\\ADAM\\Test\\Disc_Fovea_Illustration\\._T0225.jpg'
._T0226.jpg,cannot identify image file 'D:\\OIO+\\DATASET_RETINA\\01.Originais\\AMD (Degeneração Macular Relacionada à Idade)\\ADAM\\__MACOSX\\ADAM\\Test\\Disc_Fovea_Illustration\\._T0226.jpg'
._T0227.jpg,cannot identify image file 'D:\\OIO+\\DATASET_RETINA\\01.Originais\\AMD (Degeneração Macular Relacionada à Idade)\\ADAM\\__MACOSX\\ADAM\\Test\\Disc_Fovea_Illustration\\._T0227.jpg'
._T0228.jpg,cannot identify image file 'D:\\OIO+\\DATASET_RETINA\\01.Originais\\AMD (Degeneração Macular Relacionada à Idade)\\ADAM\\__MACOSX\\ADAM\\Test\\Disc_Fovea_Illustration\\._T0228.jpg'
._T0229.jpg,cannot identify image file 'D:\\OIO+\\DATASET_RETINA\\01.Originais\\AMD (Degeneração Macular Relacionada à Idade)\\ADAM\\__MACOSX\\ADAM\\Test\\Disc_Fovea_Illustration\\._T0229.jpg'
._T0230.jpg,cannot identify image file 'D:\\OIO+\\DATASET_RETINA\\01.Originais\\AMD (Degeneração Macular Relacionada à Idade)\\ADAM\\__MACOSX\\ADAM\\Test\\Disc_Fovea_Illustration\\._T0230.jpg'
._T0231.jpg,cannot identify image file 'D:\\OIO+\\DATASET_RETINA\\01.Originais\\AMD (Degeneração Macular Relacionada à Idade)\\ADAM\\__MACOSX\\ADAM\\Test\\Disc_Fovea_Illustration\\._T0231.jpg'
._T0232.jpg,cannot identify image file 'D:\\OIO+\\DATASET_RETINA\\01.Originais\\AMD (Degeneração Macular Relacionada à Idade)\\ADAM\\__MACOSX\\ADAM\\Test\\Disc_Fovea_Illustration\\._T0232.jpg'
._T0233.jpg,cannot identify image file 'D:\\OIO+\\DATASET_RETINA\\01.Originais\\AMD (Degeneração Macular Relacionada à Idade)\\ADAM\\__MACOSX\\ADAM\\Test\\Disc_Fovea_Illustration\\._T0233.jpg'
._T0234.jpg,cannot identify image file 'D:\\OIO+\\DATASET_RETINA\\01.Originais\\AMD (Degeneração Macular Relacionada à Idade)\\ADAM\\__MACOSX\\ADAM\\Test\\Disc_Fovea_Illustration\\._T0234.jpg'
._T0235.jpg,cannot identify image file 'D:\\OIO+\\DATASET_RETINA\\01.Originais\\AMD (Degeneração Macular Relacionada à Idade)\\ADAM\\__MACOSX\\ADAM\\Test\\Disc_Fovea_Illustration\\._T0235.jpg'
._T0236.jpg,cannot identify image file 'D:\\OIO+\\DATASET_RETINA\\01.Originais\\AMD (Degeneração Macular Relacionada à Idade)\\ADAM\\__MACOSX\\ADAM\\Test\\Disc_Fovea_Illustration\\._T0236.jpg'
._T0237.jpg,cannot identify image file 'D:\\OIO+\\DATASET_RETINA\\01.Originais\\AMD (Degeneração Macular Relacionada à Idade)\\ADAM\\__MACOSX\\ADAM\\Test\\Disc_Fovea_Illustration\\._T0237.jpg'
._T0238.jpg,cannot identify image file 'D:\\OIO+\\DATASET_RETINA\\01.Originais\\AMD (Degeneração Macular Relacionada à Idade)\\ADAM\\__MACOSX\\ADAM\\Test\\Disc_Fovea_Illustration\\._T0238.jpg'
._T0239.jpg,cannot identify image file 'D:\\OIO+\\DATASET_RETINA\\01.Originais\\AMD (Degeneração Macular Relacionada à Idade)\\ADAM\\__MACOSX\\ADAM\\Test\\Disc_Fovea_Illustration\\._T0239.jpg'
._T0240.jpg,cannot identify image file 'D:\\OIO+\\DATASET_RETINA\\01.Originais\\AMD (Degeneração Macular Relacionada à Idade)\\ADAM\\__MACOSX\\ADAM\\Test\\Disc_Fovea_Illustration\\._T0240.jpg'
._T0241.jpg,cannot identify image file 'D:\\OIO+\\DATASET_RETINA\\01.Originais\\AMD (Degeneração Macular Relacionada à Idade)\\ADAM\\__MACOSX\\ADAM\\Test\\Disc_Fovea_Illustration\\._T0241.jpg'
._T0242.jpg,cannot identify image file 'D:\\OIO+\\DATASET_RETINA\\01.Originais\\AMD (Degeneração Macular Relacionada à Idade)\\ADAM\\__MACOSX\\ADAM\\Test\\Disc_Fovea_Illustration\\._T0242.jpg'
._T0243.jpg,cannot identify image file 'D:\\OIO+\\DATASET_RETINA\\01.Originais\\AMD (Degeneração Macular Relacionada à Idade)\\ADAM\\__MACOSX\\ADAM\\Test\\Disc_Fovea_Illustration\\._T0243.jpg'
._T0244.jpg,cannot identify image file 'D:\\OIO+\\DATASET_RETINA\\01.Originais\\AMD (Degeneração Macular Relacionada à Idade)\\ADAM\\__MACOSX\\ADAM\\Test\\Disc_Fovea_Illustration\\._T0244.jpg'
._T0245.jpg,cannot identify image file 'D:\\OIO+\\DATASET_RETINA\\01.Originais\\AMD (Degeneração Macular Relacionada à Idade)\\ADAM\\__MACOSX\\ADAM\\Test\\Disc_Fovea_Illustration\\._T0245.jpg'
._T0246.jpg,cannot identify image file 'D:\\OIO+\\DATASET_RETINA\\01.Originais\\AMD (Degeneração Macular Relacionada à Idade)\\ADAM\\__MACOSX\\ADAM\\Test\\Disc_Fovea_Illustration\\._T0246.jpg'
._T0247.jpg,cannot identify image file 'D:\\OIO+\\DATASET_RETINA\\01.Originais\\AMD (Degeneração Macular Relacionada à Idade)\\ADAM\\__MACOSX\\ADAM\\Test\\Disc_Fovea_Illustration\\._T0247.jpg'
._T0248.jpg,cannot identify image file 'D:\\OIO+\\DATASET_RETINA\\01.Originais\\AMD (Degeneração Macular Relacionada à Idade)\\ADAM\\__MACOSX\\ADAM\\Test\\Disc_Fovea_Illustration\\._T0248.jpg'
._T0249.jpg,cannot identify image file 'D:\\OIO+\\DATASET_RETINA\\01.Originais\\AMD (Degeneração Macular Relacionada à Idade)\\ADAM\\__MACOSX\\ADAM\\Test\\Disc_Fovea_Illustration\\._T0249.jpg'
._T0250.jpg,cannot identify image file 'D:\\OIO+\\DATASET_RETINA\\01.Originais\\AMD (Degeneração Macular Relacionada à Idade)\\ADAM\\__MACOSX\\ADAM\\Test\\Disc_Fovea_Illustration\\._T0250.jpg'
._T0251.jpg,cannot identify image file 'D:\\OIO+\\DATASET_RETINA\\01.Originais\\AMD (Degeneração Macular Relacionada à Idade)\\ADAM\\__MACOSX\\ADAM\\Test\\Disc_Fovea_Illustration\\._T0251.jpg'
._T0252.jpg,cannot identify image file 'D:\\OIO+\\DATASET_RETINA\\01.Originais\\AMD (Degeneração Macular Relacionada à Idade)\\ADAM\\__MACOSX\\ADAM\\Test\\Disc_Fovea_Illustration\\._T0252.jpg'
._T0253.jpg,cannot identify image file 'D:\\OIO+\\DATASET_RETINA\\01.Originais\\AMD (Degeneração Macular Relacionada à Idade)\\ADAM\\__MACOSX\\ADAM\\Test\\Disc_Fovea_Illustration\\._T0253.jpg'
._T0254.jpg,cannot identify image file 'D:\\OIO+\\DATASET_RETINA\\01.Originais\\AMD (Degeneração Macular Relacionada à Idade)\\ADAM\\__MACOSX\\ADAM\\Test\\Disc_Fovea_Illustration\\._T0254.jpg'
._T0255.jpg,cannot identify image file 'D:\\OIO+\\DATASET_RETINA\\01.Originais\\AMD (Degeneração Macular Relacionada à Idade)\\ADAM\\__MACOSX\\ADAM\\Test\\Disc_Fovea_Illustration\\._T0255.jpg'
._T0256.jpg,cannot identify image file 'D:\\OIO+\\DATASET_RETINA\\01.Originais\\AMD (Degeneração Macular Relacionada à Idade)\\ADAM\\__MACOSX\\ADAM\\Test\\Disc_Fovea_Illustration\\._T0256.jpg'
._T0257.jpg,cannot identify image file 'D:\\OIO+\\DATASET_RETINA\\01.Originais\\AMD (Degeneração Macular Relacionada à Idade)\\ADAM\\__MACOSX\\ADAM\\Test\\Disc_Fovea_Illustration\\._T0257.jpg'
._T0258.jpg,cannot identify image file 'D:\\OIO+\\DATASET_RETINA\\01.Originais\\AMD (Degeneração Macular Relacionada à Idade)\\ADAM\\__MACOSX\\ADAM\\Test\\Disc_Fovea_Illustration\\._T0258.jpg'
._T0259.jpg,cannot identify image file 'D:\\OIO+\\DATASET_RETINA\\01.Originais\\AMD (Degeneração Macular Relacionada à Idade)\\ADAM\\__MACOSX\\ADAM\\Test\\Disc_Fovea_Illustration\\._T0259.jpg'
._T0260.jpg,cannot identify image file 'D:\\OIO+\\DATASET_RETINA\\01.Originais\\AMD (Degeneração Macular Relacionada à Idade)\\ADAM\\__MACOSX\\ADAM\\Test\\Disc_Fovea_Illustration\\._T0260.jpg'
._T0261.jpg,cannot identify image file 'D:\\OIO+\\DATASET_RETINA\\01.Originais\\AMD (Degeneração Macular Relacionada à Idade)\\ADAM\\__MACOSX\\ADAM\\Test\\Disc_Fovea_Illustration\\._T0261.jpg'
._T0262.jpg,cannot identify image file 'D:\\OIO+\\DATASET_RETINA\\01.Originais\\AMD (Degeneração Macular Relacionada à Idade)\\ADAM\\__MACOSX\\ADAM\\Test\\Disc_Fovea_Illustration\\._T0262.jpg'
._T0263.jpg,cannot identify image file 'D:\\OIO+\\DATASET_RETINA\\01.Originais\\AMD (Degeneração Macular Relacionada à Idade)\\ADAM\\__MACOSX\\ADAM\\Test\\Disc_Fovea_Illustration\\._T0263.jpg'
._T0264.jpg,cannot identify image file 'D:\\OIO+\\DATASET_RETINA\\01.Originais\\AMD (Degeneração Macular Relacionada à Idade)\\ADAM\\__MACOSX\\ADAM\\Test\\Disc_Fovea_Illustration\\._T0264.jpg'
._T0265.jpg,cannot identify image file 'D:\\OIO+\\DATASET_RETINA\\01.Originais\\AMD (Degeneração Macular Relacionada à Idade)\\ADAM\\__MACOSX\\ADAM\\Test\\Disc_Fovea_Illustration\\._T0265.jpg'
._T0266.jpg,cannot identify image file 'D:\\OIO+\\DATASET_RETINA\\01.Originais\\AMD (Degeneração Macular Relacionada à Idade)\\ADAM\\__MACOSX\\ADAM\\Test\\Disc_Fovea_Illustration\\._T0266.jpg'
._T0267.jpg,cannot identify image file 'D:\\OIO+\\DATASET_RETINA\\01.Originais\\AMD (Degeneração Macular Relacionada à Idade)\\ADAM\\__MACOSX\\ADAM\\Test\\Disc_Fovea_Illustration\\._T0267.jpg'
._T0268.jpg,cannot identify image file 'D:\\OIO+\\DATASET_RETINA\\01.Originais\\AMD (Degeneração Macular Relacionada à Idade)\\ADAM\\__MACOSX\\ADAM\\Test\\Disc_Fovea_Illustration\\._T0268.jpg'
._T0269.jpg,cannot identify image file 'D:\\OIO+\\DATASET_RETINA\\01.Originais\\AMD (Degeneração Macular Relacionada à Idade)\\ADAM\\__MACOSX\\ADAM\\Test\\Disc_Fovea_Illustration\\._T0269.jpg'
._T0270.jpg,cannot identify image file 'D:\\OIO+\\DATASET_RETINA\\01.Originais\\AMD (Degeneração Macular Relacionada à Idade)\\ADAM\\__MACOSX\\ADAM\\Test\\Disc_Fovea_Illustration\\._T0270.jpg'
._T0271.jpg,cannot identify image file 'D:\\OIO+\\DATASET_RETINA\\01.Originais\\AMD (Degeneração Macular Relacionada à Idade)\\ADAM\\__MACOSX\\ADAM\\Test\\Disc_Fovea_Illustration\\._T0271.jpg'
._T0272.jpg,cannot identify image file 'D:\\OIO+\\DATASET_RETINA\\01.Originais\\AMD (Degeneração Macular Relacionada à Idade)\\ADAM\\__MACOSX\\ADAM\\Test\\Disc_Fovea_Illustration\\._T0272.jpg'
._T0273.jpg,cannot identify image file 'D:\\OIO+\\DATASET_RETINA\\01.Originais\\AMD (Degeneração Macular Relacionada à Idade)\\ADAM\\__MACOSX\\ADAM\\Test\\Disc_Fovea_Illustration\\._T0273.jpg'
._T0274.jpg,cannot identify image file 'D:\\OIO+\\DATASET_RETINA\\01.Originais\\AMD (Degeneração Macular Relacionada à Idade)\\ADAM\\__MACOSX\\ADAM\\Test\\Disc_Fovea_Illustration\\._T0274.jpg'
._T0275.jpg,cannot identify image file 'D:\\OIO+\\DATASET_RETINA\\01.Originais\\AMD (Degeneração Macular Relacionada à Idade)\\ADAM\\__MACOSX\\ADAM\\Test\\Disc_Fovea_Illustration\\._T0275.jpg'
._T0276.jpg,cannot identify image file 'D:\\OIO+\\DATASET_RETINA\\01.Originais\\AMD (Degeneração Macular Relacionada à Idade)\\ADAM\\__MACOSX\\ADAM\\Test\\Disc_Fovea_Illustration\\._T0276.jpg'
._T0277.jpg,cannot identify image file 'D:\\OIO+\\DATASET_RETINA\\01.Originais\\AMD (Degeneração Macular Relacionada à Idade)\\ADAM\\__MACOSX\\ADAM\\Test\\Disc_Fovea_Illustration\\._T0277.jpg'
._T0278.jpg,cannot identify image file 'D:\\OIO+\\DATASET_RETINA\\01.Originais\\AMD (Degeneração Macular Relacionada à Idade)\\ADAM\\__MACOSX\\ADAM\\Test\\Disc_Fovea_Illustration\\._T0278.jpg'
._T0279.jpg,cannot identify image file 'D:\\OIO+\\DATASET_RETINA\\01.Originais\\AMD (Degeneração Macular Relacionada à Idade)\\ADAM\\__MACOSX\\ADAM\\Test\\Disc_Fovea_Illustration\\._T0279.jpg'
._T0280.jpg,cannot identify image file 'D:\\OIO+\\DATASET_RETINA\\01.Originais\\AMD (Degeneração Macular Relacionada à Idade)\\ADAM\\__MACOSX\\ADAM\\Test\\Disc_Fovea_Illustration\\._T0280.jpg'
._T0281.jpg,cannot identify image file 'D:\\OIO+\\DATASET_RETINA\\01.Originais\\AMD (Degeneração Macular Relacionada à Idade)\\ADAM\\__MACOSX\\ADAM\\Test\\Disc_Fovea_Illustration\\._T0281.jpg'
._T0282.jpg,cannot identify image file 'D:\\OIO+\\DATASET_RETINA\\01.Originais\\AMD (Degeneração Macular Relacionada à Idade)\\ADAM\\__MACOSX\\ADAM\\Test\\Disc_Fovea_Illustration\\._T0282.jpg'
._T0283.jpg,cannot identify image file 'D:\\OIO+\\DATASET_RETINA\\01.Originais\\AMD (Degeneração Macular Relacionada à Idade)\\ADAM\\__MACOSX\\ADAM\\Test\\Disc_Fovea_Illustration\\._T0283.jpg'
._T0284.jpg,cannot identify image file 'D:\\OIO+\\DATASET_RETINA\\01.Originais\\AMD (Degeneração Macular Relacionada à Idade)\\ADAM\\__MACOSX\\ADAM\\Test\\Disc_Fovea_Illustration\\._T0284.jpg'
._T0285.jpg,cannot identify image file 'D:\\OIO+\\DATASET_RETINA\\01.Originais\\AMD (Degeneração Macular Relacionada à Idade)\\ADAM\\__MACOSX\\ADAM\\Test\\Disc_Fovea_Illustration\\._T0285.jpg'
._T0286.jpg,cannot identify image file 'D:\\OIO+\\DATASET_RETINA\\01.Originais\\AMD (Degeneração Macular Relacionada à Idade)\\ADAM\\__MACOSX\\ADAM\\Test\\Disc_Fovea_Illustration\\._T0286.jpg'
._T0287.jpg,cannot identify image file 'D:\\OIO+\\DATASET_RETINA\\01.Originais\\AMD (Degeneração Macular Relacionada à Idade)\\ADAM\\__MACOSX\\ADAM\\Test\\Disc_Fovea_Illustration\\._T0287.jpg'
._T0288.jpg,cannot identify image file 'D:\\OIO+\\DATASET_RETINA\\01.Originais\\AMD (Degeneração Macular Relacionada à Idade)\\ADAM\\__MACOSX\\ADAM\\Test\\Disc_Fovea_Illustration\\._T0288.jpg'
._T0289.jpg,cannot identify image file 'D:\\OIO+\\DATASET_RETINA\\01.Originais\\AMD (Degeneração Macular Relacionada à Idade)\\ADAM\\__MACOSX\\ADAM\\Test\\Disc_Fovea_Illustration\\._T0289.jpg'
._T0290.jpg,cannot identify image file 'D:\\OIO+\\DATASET_RETINA\\01.Originais\\AMD (Degeneração Macular Relacionada à Idade)\\ADAM\\__MACOSX\\ADAM\\Test\\Disc_Fovea_Illustration\\._T0290.jpg'
._T0291.jpg,cannot identify image file 'D:\\OIO+\\DATASET_RETINA\\01.Originais\\AMD (Degeneração Macular Relacionada à Idade)\\ADAM\\__MACOSX\\ADAM\\Test\\Disc_Fovea_Illustration\\._T0291.jpg'
._T0292.jpg,cannot identify image file 'D:\\OIO+\\DATASET_RETINA\\01.Originais\\AMD (Degeneração Macular Relacionada à Idade)\\ADAM\\__MACOSX\\ADAM\\Test\\Disc_Fovea_Illustration\\._T0292.jpg'
._T0293.jpg,cannot identify image file 'D:\\OIO+\\DATASET_RETINA\\01.Originais\\AMD (Degeneração Macular Relacionada à Idade)\\ADAM\\__MACOSX\\ADAM\\Test\\Disc_Fovea_Illustration\\._T0293.jpg'
._T0294.jpg,cannot identify image file 'D:\\OIO+\\DATASET_RETINA\\01.Originais\\AMD (Degeneração Macular Relacionada à Idade)\\ADAM\\__MACOSX\\ADAM\\Test\\Disc_Fovea_Illustration\\._T0294.jpg'
._T0295.jpg,cannot identify image file 'D:\\OIO+\\DATASET_RETINA\\01.Originais\\AMD (Degeneração Macular Relacionada à Idade)\\ADAM\\__MACOSX\\ADAM\\Test\\Disc_Fovea_Illustration\\._T0295.jpg'
._T0296.jpg,cannot identify image file 'D:\\OIO+\\DATASET_RETINA\\01.Originais\\AMD (Degeneração Macular Relacionada à Idade)\\ADAM\\__MACOSX\\ADAM\\Test\\Disc_Fovea_Illustration\\._T0296.jpg'
._T0297.jpg,cannot identify image file 'D:\\OIO+\\DATASET_RETINA\\01.Originais\\AMD (Degeneração Macular Relacionada à Idade)\\ADAM\\__MACOSX\\ADAM\\Test\\Disc_Fovea_Illustration\\._T0297.jpg'
._T0298.jpg,cannot identify image file 'D:\\OIO+\\DATASET_RETINA\\01.Originais\\AMD (Degeneração Macular Relacionada à Idade)\\ADAM\\__MACOSX\\ADAM\\Test\\Disc_Fovea_Illustration\\._T0298.jpg'
._T0299.jpg,cannot identify image file 'D:\\OIO+\\DATASET_RETINA\\01.Originais\\AMD (Degeneração Macular Relacionada à Idade)\\ADAM\\__MACOSX\\ADAM\\Test\\Disc_Fovea_Illustration\\._T0299.jpg'
._T0300.jpg,cannot identify image file 'D:\\OIO+\\DATASET_RETINA\\01.Originais\\AMD (Degeneração Macular Relacionada à Idade)\\ADAM\\__MACOSX\\ADAM\\Test\\Disc_Fovea_Illustration\\._T0300.jpg'
._T0301.jpg,cannot identify image file 'D:\\OIO+\\DATASET_RETINA\\01.Originais\\AMD (Degeneração Macular Relacionada à Idade)\\ADAM\\__MACOSX\\ADAM\\Test\\Disc_Fovea_Illustration\\._T0301.jpg'
._T0302.jpg,cannot identify image file 'D:\\OIO+\\DATASET_RETINA\\01.Originais\\AMD (Degeneração Macular Relacionada à Idade)\\ADAM\\__MACOSX\\ADAM\\Test\\Disc_Fovea_Illustration\\._T0302.jpg'
._T0303.jpg,cannot identify image file 'D:\\OIO+\\DATASET_RETINA\\01.Originais\\AMD (Degeneração Macular Relacionada à Idade)\\ADAM\\__MACOSX\\ADAM\\Test\\Disc_Fovea_Illustration\\._T0303.jpg'
._T0304.jpg,cannot identify image file 'D:\\OIO+\\DATASET_RETINA\\01.Originais\\AMD (Degeneração Macular Relacionada à Idade)\\ADAM\\__MACOSX\\ADAM\\Test\\Disc_Fovea_Illustration\\._T0304.jpg'
._T0305.jpg,cannot identify image file 'D:\\OIO+\\DATASET_RETINA\\01.Originais\\AMD (Degeneração Macular Relacionada à Idade)\\ADAM\\__MACOSX\\ADAM\\Test\\Disc_Fovea_Illustration\\._T0305.jpg'
._T0306.jpg,cannot identify image file 'D:\\OIO+\\DATASET_RETINA\\01.Originais\\AMD (Degeneração Macular Relacionada à Idade)\\ADAM\\__MACOSX\\ADAM\\Test\\Disc_Fovea_Illustration\\._T0306.jpg'
._T0307.jpg,cannot identify image file 'D:\\OIO+\\DATASET_RETINA\\01.Originais\\AMD (Degeneração Macular Relacionada à Idade)\\ADAM\\__MACOSX\\ADAM\\Test\\Disc_Fovea_Illustration\\._T0307.jpg'
._T0308.jpg,cannot identify image file 'D:\\OIO+\\DATASET_RETINA\\01.Originais\\AMD (Degeneração Macular Relacionada à Idade)\\ADAM\\__MACOSX\\ADAM\\Test\\Disc_Fovea_Illustration\\._T0308.jpg'
._T0309.jpg,cannot identify image file 'D:\\OIO+\\DATASET_RETINA\\01.Originais\\AMD (Degeneração Macular Relacionada à Idade)\\ADAM\\__MACOSX\\ADAM\\Test\\Disc_Fovea_Illustration\\._T0309.jpg'
._T0310.jpg,cannot identify image file 'D:\\OIO+\\DATASET_RETINA\\01.Originais\\AMD (Degeneração Macular Relacionada à Idade)\\ADAM\\__MACOSX\\ADAM\\Test\\Disc_Fovea_Illustration\\._T0310.jpg'
._T0311.jpg,cannot identify image file 'D:\\OIO+\\DATASET_RETINA\\01.Originais\\AMD (Degeneração Macular Relacionada à Idade)\\ADAM\\__MACOSX\\ADAM\\Test\\Disc_Fovea_Illustration\\._T0311.jpg'
._T0312.jpg,cannot identify image file 'D:\\OIO+\\DATASET_RETINA\\01.Originais\\AMD (Degeneração Macular Relacionada à Idade)\\ADAM\\__MACOSX\\ADAM\\Test\\Disc_Fovea_Illustration\\._T0312.jpg'
._T0313.jpg,cannot identify image file 'D:\\OIO+\\DATASET_RETINA\\01.Originais\\AMD (Degeneração Macular Relacionada à Idade)\\ADAM\\__MACOSX\\ADAM\\Test\\Disc_Fovea_Illustration\\._T0313.jpg'
._T0314.jpg,cannot identify image file 'D:\\OIO+\\DATASET_RETINA\\01.Originais\\AMD (Degeneração Macular Relacionada à Idade)\\ADAM\\__MACOSX\\ADAM\\Test\\Disc_Fovea_Illustration\\._T0314.jpg'
._T0315.jpg,cannot identify image file 'D:\\OIO+\\DATASET_RETINA\\01.Originais\\AMD (Degeneração Macular Relacionada à Idade)\\ADAM\\__MACOSX\\ADAM\\Test\\Disc_Fovea_Illustration\\._T0315.jpg'
._T0316.jpg,cannot identify image file 'D:\\OIO+\\DATASET_RETINA\\01.Originais\\AMD (Degeneração Macular Relacionada à Idade)\\ADAM\\__MACOSX\\ADAM\\Test\\Disc_Fovea_Illustration\\._T0316.jpg'
._T0317.jpg,cannot identify image file 'D:\\OIO+\\DATASET_RETINA\\01.Originais\\AMD (Degeneração Macular Relacionada à Idade)\\ADAM\\__MACOSX\\ADAM\\Test\\Disc_Fovea_Illustration\\._T0317.jpg'
._T0318.jpg,cannot identify image file 'D:\\OIO+\\DATASET_RETINA\\01.Originais\\AMD (Degeneração Macular Relacionada à Idade)\\ADAM\\__MACOSX\\ADAM\\Test\\Disc_Fovea_Illustration\\._T0318.jpg'
._T0319.jpg,cannot identify image file 'D:\\OIO+\\DATASET_RETINA\\01.Originais\\AMD (Degeneração Macular Relacionada à Idade)\\ADAM\\__MACOSX\\ADAM\\Test\\Disc_Fovea_Illustration\\._T0319.jpg'
._T0320.jpg,cannot identify image file 'D:\\OIO+\\DATASET_RETINA\\01.Originais\\AMD (Degeneração Macular Relacionada à Idade)\\ADAM\\__MACOSX\\ADAM\\Test\\Disc_Fovea_Illustration\\._T0320.jpg'
._T0321.jpg,cannot identify image file 'D:\\OIO+\\DATASET_RETINA\\01.Originais\\AMD (Degeneração Macular Relacionada à Idade)\\ADAM\\__MACOSX\\ADAM\\Test\\Disc_Fovea_Illustration\\._T0321.jpg'
._T0322.jpg,cannot identify image file 'D:\\OIO+\\DATASET_RETINA\\01.Originais\\AMD (Degeneração Macular Relacionada à Idade)\\ADAM\\__MACOSX\\ADAM\\Test\\Disc_Fovea_Illustration\\._T0322.jpg'
._T0323.jpg,cannot identify image file 'D:\\OIO+\\DATASET_RETINA\\01.Originais\\AMD (Degeneração Macular Relacionada à Idade)\\ADAM\\__MACOSX\\ADAM\\Test\\Disc_Fovea_Illustration\\._T0323.jpg'
._T0324.jpg,cannot identify image file 'D:\\OIO+\\DATASET_RETINA\\01.Originais\\AMD (Degeneração Macular Relacionada à Idade)\\ADAM\\__MACOSX\\ADAM\\Test\\Disc_Fovea_Illustration\\._T0324.jpg'
._T0325.jpg,cannot identify image file 'D:\\OIO+\\DATASET_RETINA\\01.Originais\\AMD (Degeneração Macular Relacionada à Idade)\\ADAM\\__MACOSX\\ADAM\\Test\\Disc_Fovea_Illustration\\._T0325.jpg'
._T0326.jpg,cannot identify image file 'D:\\OIO+\\DATASET_RETINA\\01.Originais\\AMD (Degeneração Macular Relacionada à Idade)\\ADAM\\__MACOSX\\ADAM\\Test\\Disc_Fovea_Illustration\\._T0326.jpg'
._T0327.jpg,cannot identify image file 'D:\\OIO+\\DATASET_RETINA\\01.Originais\\AMD (Degeneração Macular Relacionada à Idade)\\ADAM\\__MACOSX\\ADAM\\Test\\Disc_Fovea_Illustration\\._T0327.jpg'
._T0328.jpg,cannot identify image file 'D:\\OIO+\\DATASET_RETINA\\01.Originais\\AMD (Degeneração Macular Relacionada à Idade)\\ADAM\\__MACOSX\\ADAM\\Test\\Disc_Fovea_Illustration\\._T0328.jpg'
._T0329.jpg,cannot identify image file 'D:\\OIO+\\DATASET_RETINA\\01.Originais\\AMD (Degeneração Macular Relacionada à Idade)\\ADAM\\__MACOSX\\ADAM\\Test\\Disc_Fovea_Illustration\\._T0329.jpg'
._T0330.jpg,cannot identify image file 'D:\\OIO+\\DATASET_RETINA\\01.Originais\\AMD (Degeneração Macular Relacionada à Idade)\\ADAM\\__MACOSX\\ADAM\\Test\\Disc_Fovea_Illustration\\._T0330.jpg'
._T0331.jpg,cannot identify image file 'D:\\OIO+\\DATASET_RETINA\\01.Originais\\AMD (Degeneração Macular Relacionada à Idade)\\ADAM\\__MACOSX\\ADAM\\Test\\Disc_Fovea_Illustration\\._T0331.jpg'
._T0332.jpg,cannot identify image file 'D:\\OIO+\\DATASET_RETINA\\01.Originais\\AMD (Degeneração Macular Relacionada à Idade)\\ADAM\\__MACOSX\\ADAM\\Test\\Disc_Fovea_Illustration\\._T0332.jpg'
._T0333.jpg,cannot identify image file 'D:\\OIO+\\DATASET_RETINA\\01.Originais\\AMD (Degeneração Macular Relacionada à Idade)\\ADAM\\__MACOSX\\ADAM\\Test\\Disc_Fovea_Illustration\\._T0333.jpg'
._T0334.jpg,cannot identify image file 'D:\\OIO+\\DATASET_RETINA\\01.Originais\\AMD (Degeneração Macular Relacionada à Idade)\\ADAM\\__MACOSX\\ADAM\\Test\\Disc_Fovea_Illustration\\._T0334.jpg'
._T0335.jpg,cannot identify image file 'D:\\OIO+\\DATASET_RETINA\\01.Originais\\AMD (Degeneração Macular Relacionada à Idade)\\ADAM\\__MACOSX\\ADAM\\Test\\Disc_Fovea_Illustration\\._T0335.jpg'
._T0336.jpg,cannot identify image file 'D:\\OIO+\\DATASET_RETINA\\01.Originais\\AMD (Degeneração Macular Relacionada à Idade)\\ADAM\\__MACOSX\\ADAM\\Test\\Disc_Fovea_Illustration\\._T0336.jpg'
._T0337.jpg,cannot identify image file 'D:\\OIO+\\DATASET_RETINA\\01.Originais\\AMD (Degeneração Macular Relacionada à Idade)\\ADAM\\__MACOSX\\ADAM\\Test\\Disc_Fovea_Illustration\\._T0337.jpg'
._T0338.jpg,cannot identify image file 'D:\\OIO+\\DATASET_RETINA\\01.Originais\\AMD (Degeneração Macular Relacionada à Idade)\\ADAM\\__MACOSX\\ADAM\\Test\\Disc_Fovea_Illustration\\._T0338.jpg'
._T0339.jpg,cannot identify image file 'D:\\OIO+\\DATASET_RETINA\\01.Originais\\AMD (Degeneração Macular Relacionada à Idade)\\ADAM\\__MACOSX\\ADAM\\Test\\Disc_Fovea_Illustration\\._T0339.jpg'
._T0340.jpg,cannot identify image file 'D:\\OIO+\\DATASET_RETINA\\01.Originais\\AMD (Degeneração Macular Relacionada à Idade)\\ADAM\\__MACOSX\\ADAM\\Test\\Disc_Fovea_Illustration\\._T0340.jpg'
._T0341.jpg,cannot identify image file 'D:\\OIO+\\DATASET_RETINA\\01.Originais\\AMD (Degeneração Macular Relacionada à Idade)\\ADAM\\__MACOSX\\ADAM\\Test\\Disc_Fovea_Illustration\\._T0341.jpg'
._T0342.jpg,cannot identify image file 'D:\\OIO+\\DATASET_RETINA\\01.Originais\\AMD (Degeneração Macular Relacionada à Idade)\\ADAM\\__MACOSX\\ADAM\\Test\\Disc_Fovea_Illustration\\._T0342.jpg'
._T0343.jpg,cannot identify image file 'D:\\OIO+\\DATASET_RETINA\\01.Originais\\AMD (Degeneração Macular Relacionada à Idade)\\ADAM\\__MACOSX\\ADAM\\Test\\Disc_Fovea_Illustration\\._T0343.jpg'
._T0344.jpg,cannot identify image file 'D:\\OIO+\\DATASET_RETINA\\01.Originais\\AMD (Degeneração Macular Relacionada à Idade)\\ADAM\\__MACOSX\\ADAM\\Test\\Disc_Fovea_Illustration\\._T0344.jpg'
._T0345.jpg,cannot identify image file 'D:\\OIO+\\DATASET_RETINA\\01.Originais\\AMD (Degeneração Macular Relacionada à Idade)\\ADAM\\__MACOSX\\ADAM\\Test\\Disc_Fovea_Illustration\\._T0345.jpg'
._T0346.jpg,cannot identify image file 'D:\\OIO+\\DATASET_RETINA\\01.Originais\\AMD (Degeneração Macular Relacionada à Idade)\\ADAM\\__MACOSX\\ADAM\\Test\\Disc_Fovea_Illustration\\._T0346.jpg'
._T0347.jpg,cannot identify image file 'D:\\OIO+\\DATASET_RETINA\\01.Originais\\AMD (Degeneração Macular Relacionada à Idade)\\ADAM\\__MACOSX\\ADAM\\Test\\Disc_Fovea_Illustration\\._T0347.jpg'
._T0348.jpg,cannot identify image file 'D:\\OIO+\\DATASET_RETINA\\01.Originais\\AMD (Degeneração Macular Relacionada à Idade)\\ADAM\\__MACOSX\\ADAM\\Test\\Disc_Fovea_Illustration\\._T0348.jpg'
._T0349.jpg,cannot identify image file 'D:\\OIO+\\DATASET_RETINA\\01.Originais\\AMD (Degeneração Macular Relacionada à Idade)\\ADAM\\__MACOSX\\ADAM\\Test\\Disc_Fovea_Illustration\\._T0349.jpg'
._T0350.jpg,cannot identify image file 'D:\\OIO+\\DATASET_RETINA\\01.Originais\\AMD (Degeneração Macular Relacionada à Idade)\\ADAM\\__MACOSX\\ADAM\\Test\\Disc_Fovea_Illustration\\._T0350.jpg'
._T0351.jpg,cannot identify image file 'D:\\OIO+\\DATASET_RETINA\\01.Originais\\AMD (Degeneração Macular Relacionada à Idade)\\ADAM\\__MACOSX\\ADAM\\Test\\Disc_Fovea_Illustration\\._T0351.jpg'
._T0352.jpg,cannot identify image file 'D:\\OIO+\\DATASET_RETINA\\01.Originais\\AMD (Degeneração Macular Relacionada à Idade)\\ADAM\\__MACOSX\\ADAM\\Test\\Disc_Fovea_Illustration\\._T0352.jpg'
._T0353.jpg,cannot identify image file 'D:\\OIO+\\DATASET_RETINA\\01.Originais\\AMD (Degeneração Macular Relacionada à Idade)\\ADAM\\__MACOSX\\ADAM\\Test\\Disc_Fovea_Illustration\\._T0353.jpg'
._T0354.jpg,cannot identify image file 'D:\\OIO+\\DATASET_RETINA\\01.Originais\\AMD (Degeneração Macular Relacionada à Idade)\\ADAM\\__MACOSX\\ADAM\\Test\\Disc_Fovea_Illustration\\._T0354.jpg'
._T0355.jpg,cannot identify image file 'D:\\OIO+\\DATASET_RETINA\\01.Originais\\AMD (Degeneração Macular Relacionada à Idade)\\ADAM\\__MACOSX\\ADAM\\Test\\Disc_Fovea_Illustration\\._T0355.jpg'
._T0356.jpg,cannot identify image file 'D:\\OIO+\\DATASET_RETINA\\01.Originais\\AMD (Degeneração Macular Relacionada à Idade)\\ADAM\\__MACOSX\\ADAM\\Test\\Disc_Fovea_Illustration\\._T0356.jpg'
._T0357.jpg,cannot identify image file 'D:\\OIO+\\DATASET_RETINA\\01.Originais\\AMD (Degeneração Macular Relacionada à Idade)\\ADAM\\__MACOSX\\ADAM\\Test\\Disc_Fovea_Illustration\\._T0357.jpg'
._T0358.jpg,cannot identify image file 'D:\\OIO+\\DATASET_RETINA\\01.Originais\\AMD (Degeneração Macular Relacionada à Idade)\\ADAM\\__MACOSX\\ADAM\\Test\\Disc_Fovea_Illustration\\._T0358.jpg'
._T0359.jpg,cannot identify image file 'D:\\OIO+\\DATASET_RETINA\\01.Originais\\AMD (Degeneração Macular Relacionada à Idade)\\ADAM\\__MACOSX\\ADAM\\Test\\Disc_Fovea_Illustration\\._T0359.jpg'
._T0360.jpg,cannot identify image file 'D:\\OIO+\\DATASET_RETINA\\01.Originais\\AMD (Degeneração Macular Relacionada à Idade)\\ADAM\\__MACOSX\\ADAM\\Test\\Disc_Fovea_Illustration\\._T0360.jpg'
._T0361.jpg,cannot identify image file 'D:\\OIO+\\DATASET_RETINA\\01.Originais\\AMD (Degeneração Macular Relacionada à Idade)\\ADAM\\__MACOSX\\ADAM\\Test\\Disc_Fovea_Illustration\\._T0361.jpg'
._T0362.jpg,cannot identify image file 'D:\\OIO+\\DATASET_RETINA\\01.Originais\\AMD (Degeneração Macular Relacionada à Idade)\\ADAM\\__MACOSX\\ADAM\\Test\\Disc_Fovea_Illustration\\._T0362.jpg'
._T0363.jpg,cannot identify image file 'D:\\OIO+\\DATASET_RETINA\\01.Originais\\AMD (Degeneração Macular Relacionada à Idade)\\ADAM\\__MACOSX\\ADAM\\Test\\Disc_Fovea_Illustration\\._T0363.jpg'
._T0364.jpg,cannot identify image file 'D:\\OIO+\\DATASET_RETINA\\01.Originais\\AMD (Degeneração Macular Relacionada à Idade)\\ADAM\\__MACOSX\\ADAM\\Test\\Disc_Fovea_Illustration\\._T0364.jpg'
._T0365.jpg,cannot identify image file 'D:\\OIO+\\DATASET_RETINA\\01.Originais\\AMD (Degeneração Macular Relacionada à Idade)\\ADAM\\__MACOSX\\ADAM\\Test\\Disc_Fovea_Illustration\\._T0365.jpg'
._T0366.jpg,cannot identify image file 'D:\\OIO+\\DATASET_RETINA\\01.Originais\\AMD (Degeneração Macular Relacionada à Idade)\\ADAM\\__MACOSX\\ADAM\\Test\\Disc_Fovea_Illustration\\._T0366.jpg'
._T0367.jpg,cannot identify image file 'D:\\OIO+\\DATASET_RETINA\\01.Originais\\AMD (Degeneração Macular Relacionada à Idade)\\ADAM\\__MACOSX\\ADAM\\Test\\Disc_Fovea_Illustration\\._T0367.jpg'
._T0368.jpg,cannot identify image file 'D:\\OIO+\\DATASET_RETINA\\01.Originais\\AMD (Degeneração Macular Relacionada à Idade)\\ADAM\\__MACOSX\\ADAM\\Test\\Disc_Fovea_Illustration\\._T0368.jpg'
._T0369.jpg,cannot identify image file 'D:\\OIO+\\DATASET_RETINA\\01.Originais\\AMD (Degeneração Macular Relacionada à Idade)\\ADAM\\__MACOSX\\ADAM\\Test\\Disc_Fovea_Illustration\\._T0369.jpg'
._T0370.jpg,cannot identify image file 'D:\\OIO+\\DATASET_RETINA\\01.Originais\\AMD (Degeneração Macular Relacionada à Idade)\\ADAM\\__MACOSX\\ADAM\\Test\\Disc_Fovea_Illustration\\._T0370.jpg'
._T0371.jpg,cannot identify image file 'D:\\OIO+\\DATASET_RETINA\\01.Originais\\AMD (Degeneração Macular Relacionada à Idade)\\ADAM\\__MACOSX\\ADAM\\Test\\Disc_Fovea_Illustration\\._T0371.jpg'
._T0372.jpg,cannot identify image file 'D:\\OIO+\\DATASET_RETINA\\01.Originais\\AMD (Degeneração Macular Relacionada à Idade)\\ADAM\\__MACOSX\\ADAM\\Test\\Disc_Fovea_Illustration\\._T0372.jpg'
._T0373.jpg,cannot identify image file 'D:\\OIO+\\DATASET_RETINA\\01.Originais\\AMD (Degeneração Macular Relacionada à Idade)\\ADAM\\__MACOSX\\ADAM\\Test\\Disc_Fovea_Illustration\\._T0373.jpg'
._T0374.jpg,cannot identify image file 'D:\\OIO+\\DATASET_RETINA\\01.Originais\\AMD (Degeneração Macular Relacionada à Idade)\\ADAM\\__MACOSX\\ADAM\\Test\\Disc_Fovea_Illustration\\._T0374.jpg'
._T0375.jpg,cannot identify image file 'D:\\OIO+\\DATASET_RETINA\\01.Originais\\AMD (Degeneração Macular Relacionada à Idade)\\ADAM\\__MACOSX\\ADAM\\Test\\Disc_Fovea_Illustration\\._T0375.jpg'
._T0376.jpg,cannot identify image file 'D:\\OIO+\\DATASET_RETINA\\01.Originais\\AMD (Degeneração Macular Relacionada à Idade)\\ADAM\\__MACOSX\\ADAM\\Test\\Disc_Fovea_Illustration\\._T0376.jpg'
._T0377.jpg,cannot identify image file 'D:\\OIO+\\DATASET_RETINA\\01.Originais\\AMD (Degeneração Macular Relacionada à Idade)\\ADAM\\__MACOSX\\ADAM\\Test\\Disc_Fovea_Illustration\\._T0377.jpg'
._T0378.jpg,cannot identify image file 'D:\\OIO+\\DATASET_RETINA\\01.Originais\\AMD (Degeneração Macular Relacionada à Idade)\\ADAM\\__MACOSX\\ADAM\\Test\\Disc_Fovea_Illustration\\._T0378.jpg'
._T0379.jpg,cannot identify image file 'D:\\OIO+\\DATASET_RETINA\\01.Originais\\AMD (Degeneração Macular Relacionada à Idade)\\ADAM\\__MACOSX\\ADAM\\Test\\Disc_Fovea_Illustration\\._T0379.jpg'
._T0380.jpg,cannot identify image file 'D:\\OIO+\\DATASET_RETINA\\01.Originais\\AMD (Degeneração Macular Relacionada à Idade)\\ADAM\\__MACOSX\\ADAM\\Test\\Disc_Fovea_Illustration\\._T0380.jpg'
._T0381.jpg,cannot identify image file 'D:\\OIO+\\DATASET_RETINA\\01.Originais\\AMD (Degeneração Macular Relacionada à Idade)\\ADAM\\__MACOSX\\ADAM\\Test\\Disc_Fovea_Illustration\\._T0381.jpg'
._T0382.jpg,cannot identify image file 'D:\\OIO+\\DATASET_RETINA\\01.Originais\\AMD (Degeneração Macular Relacionada à Idade)\\ADAM\\__MACOSX\\ADAM\\Test\\Disc_Fovea_Illustration\\._T0382.jpg'
._T0383.jpg,cannot identify image file 'D:\\OIO+\\DATASET_RETINA\\01.Originais\\AMD (Degeneração Macular Relacionada à Idade)\\ADAM\\__MACOSX\\ADAM\\Test\\Disc_Fovea_Illustration\\._T0383.jpg'
._T0384.jpg,cannot identify image file 'D:\\OIO+\\DATASET_RETINA\\01.Originais\\AMD (Degeneração Macular Relacionada à Idade)\\ADAM\\__MACOSX\\ADAM\\Test\\Disc_Fovea_Illustration\\._T0384.jpg'
._T0385.jpg,cannot identify image file 'D:\\OIO+\\DATASET_RETINA\\01.Originais\\AMD (Degeneração Macular Relacionada à Idade)\\ADAM\\__MACOSX\\ADAM\\Test\\Disc_Fovea_Illustration\\._T0385.jpg'
._T0386.jpg,cannot identify image file 'D:\\OIO+\\DATASET_RETINA\\01.Originais\\AMD (Degeneração Macular Relacionada à Idade)\\ADAM\\__MACOSX\\ADAM\\Test\\Disc_Fovea_Illustration\\._T0386.jpg'
._T0387.jpg,cannot identify image file 'D:\\OIO+\\DATASET_RETINA\\01.Originais\\AMD (Degeneração Macular Relacionada à Idade)\\ADAM\\__MACOSX\\ADAM\\Test\\Disc_Fovea_Illustration\\._T0387.jpg'
._T0388.jpg,cannot identify image file 'D:\\OIO+\\DATASET_RETINA\\01.Originais\\AMD (Degeneração Macular Relacionada à Idade)\\ADAM\\__MACOSX\\ADAM\\Test\\Disc_Fovea_Illustration\\._T0388.jpg'
._T0389.jpg,cannot identify image file 'D:\\OIO+\\DATASET_RETINA\\01.Originais\\AMD (Degeneração Macular Relacionada à Idade)\\ADAM\\__MACOSX\\ADAM\\Test\\Disc_Fovea_Illustration\\._T0389.jpg'
._T0390.jpg,cannot identify image file 'D:\\OIO+\\DATASET_RETINA\\01.Originais\\AMD (Degeneração Macular Relacionada à Idade)\\ADAM\\__MACOSX\\ADAM\\Test\\Disc_Fovea_Illustration\\._T0390.jpg'
._T0391.jpg,cannot identify image file 'D:\\OIO+\\DATASET_RETINA\\01.Originais\\AMD (Degeneração Macular Relacionada à Idade)\\ADAM\\__MACOSX\\ADAM\\Test\\Disc_Fovea_Illustration\\._T0391.jpg'
._T0392.jpg,cannot identify image file 'D:\\OIO+\\DATASET_RETINA\\01.Originais\\AMD (Degeneração Macular Relacionada à Idade)\\ADAM\\__MACOSX\\ADAM\\Test\\Disc_Fovea_Illustration\\._T0392.jpg'
._T0393.jpg,cannot identify image file 'D:\\OIO+\\DATASET_RETINA\\01.Originais\\AMD (Degeneração Macular Relacionada à Idade)\\ADAM\\__MACOSX\\ADAM\\Test\\Disc_Fovea_Illustration\\._T0393.jpg'
._T0394.jpg,cannot identify image file 'D:\\OIO+\\DATASET_RETINA\\01.Originais\\AMD (Degeneração Macular Relacionada à Idade)\\ADAM\\__MACOSX\\ADAM\\Test\\Disc_Fovea_Illustration\\._T0394.jpg'
._T0395.jpg,cannot identify image file 'D:\\OIO+\\DATASET_RETINA\\01.Originais\\AMD (Degeneração Macular Relacionada à Idade)\\ADAM\\__MACOSX\\ADAM\\Test\\Disc_Fovea_Illustration\\._T0395.jpg'
._T0396.jpg,cannot identify image file 'D:\\OIO+\\DATASET_RETINA\\01.Originais\\AMD (Degeneração Macular Relacionada à Idade)\\ADAM\\__MACOSX\\ADAM\\Test\\Disc_Fovea_Illustration\\._T0396.jpg'
._T0397.jpg,cannot identify image file 'D:\\OIO+\\DATASET_RETINA\\01.Originais\\AMD (Degeneração Macular Relacionada à Idade)\\ADAM\\__MACOSX\\ADAM\\Test\\Disc_Fovea_Illustration\\._T0397.jpg'
._T0398.jpg,cannot identify image file 'D:\\OIO+\\DATASET_RETINA\\01.Originais\\AMD (Degeneração Macular Relacionada à Idade)\\ADAM\\__MACOSX\\ADAM\\Test\\Disc_Fovea_Illustration\\._T0398.jpg'
._T0399.jpg,cannot identify image file 'D:\\OIO+\\DATASET_RETINA\\01.Originais\\AMD (Degeneração Macular Relacionada à Idade)\\ADAM\\__MACOSX\\ADAM\\Test\\Disc_Fovea_Illustration\\._T0399.jpg'
._T0400.jpg,cannot identify image file 'D:\\OIO+\\DATASET_RETINA\\01.Originais\\AMD (Degeneração Macular Relacionada à Idade)\\ADAM\\__MACOSX\\ADAM\\Test\\Disc_Fovea_Illustration\\._T0400.jpg'
._T0001.bmp,cannot identify image file 'D:\\OIO+\\DATASET_RETINA\\01.Originais\\AMD (Degeneração Macular Relacionada à Idade)\\ADAM\\__MACOSX\\ADAM\\Test\\Disc_Masks\\._T0001.bmp'
._T0002.bmp,cannot identify image file 'D:\\OIO+\\DATASET_RETINA\\01.Originais\\AMD (Degeneração Macular Relacionada à Idade)\\ADAM\\__MACOSX\\ADAM\\Test\\Disc_Masks\\._T0002.bmp'
._T0003.bmp,cannot identify image file 'D:\\OIO+\\DATASET_RETINA\\01.Originais\\AMD (Degeneração Macular Relacionada à Idade)\\ADAM\\__MACOSX\\ADAM\\Test\\Disc_Masks\\._T0003.bmp'
._T0004.bmp,cannot identify image file 'D:\\OIO+\\DATASET_RETINA\\01.Originais\\AMD (Degeneração Macular Relacionada à Idade)\\ADAM\\__MACOSX\\ADAM\\Test\\Disc_Masks\\._T0004.bmp'
._T0005.bmp,cannot identify image file 'D:\\OIO+\\DATASET_RETINA\\01.Originais\\AMD (Degeneração Macular Relacionada à Idade)\\ADAM\\__MACOSX\\ADAM\\Test\\Disc_Masks\\._T0005.bmp'
._T0006.bmp,cannot identify image file 'D:\\OIO+\\DATASET_RETINA\\01.Originais\\AMD (Degeneração Macular Relacionada à Idade)\\ADAM\\__MACOSX\\ADAM\\Test\\Disc_Masks\\._T0006.bmp'
._T0007.bmp,cannot identify image file 'D:\\OIO+\\DATASET_RETINA\\01.Originais\\AMD (Degeneração Macular Relacionada à Idade)\\ADAM\\__MACOSX\\ADAM\\Test\\Disc_Masks\\._T0007.bmp'
._T0008.bmp,cannot identify image file 'D:\\OIO+\\DATASET_RETINA\\01.Originais\\AMD (Degeneração Macular Relacionada à Idade)\\ADAM\\__MACOSX\\ADAM\\Test\\Disc_Masks\\._T0008.bmp'
._T0009.bmp,cannot identify image file 'D:\\OIO+\\DATASET_RETINA\\01.Originais\\AMD (Degeneração Macular Relacionada à Idade)\\ADAM\\__MACOSX\\ADAM\\Test\\Disc_Masks\\._T0009.bmp'
._T0010.bmp,cannot identify image file 'D:\\OIO+\\DATASET_RETINA\\01.Originais\\AMD (Degeneração Macular Relacionada à Idade)\\ADAM\\__MACOSX\\ADAM\\Test\\Disc_Masks\\._T0010.bmp'
._T0011.bmp,cannot identify image file 'D:\\OIO+\\DATASET_RETINA\\01.Originais\\AMD (Degeneração Macular Relacionada à Idade)\\ADAM\\__MACOSX\\ADAM\\Test\\Disc_Masks\\._T0011.bmp'
._T0012.bmp,cannot identify image file 'D:\\OIO+\\DATASET_RETINA\\01.Originais\\AMD (Degeneração Macular Relacionada à Idade)\\ADAM\\__MACOSX\\ADAM\\Test\\Disc_Masks\\._T0012.bmp'
._T0013.bmp,cannot identify image file 'D:\\OIO+\\DATASET_RETINA\\01.Originais\\AMD (Degeneração Macular Relacionada à Idade)\\ADAM\\__MACOSX\\ADAM\\Test\\Disc_Masks\\._T0013.bmp'
._T0014.bmp,cannot identify image file 'D:\\OIO+\\DATASET_RETINA\\01.Originais\\AMD (Degeneração Macular Relacionada à Idade)\\ADAM\\__MACOSX\\ADAM\\Test\\Disc_Masks\\._T0014.bmp'
._T0015.bmp,cannot identify image file 'D:\\OIO+\\DATASET_RETINA\\01.Originais\\AMD (Degeneração Macular Relacionada à Idade)\\ADAM\\__MACOSX\\ADAM\\Test\\Disc_Masks\\._T0015.bmp'
._T0016.bmp,cannot identify image file 'D:\\OIO+\\DATASET_RETINA\\01.Originais\\AMD (Degeneração Macular Relacionada à Idade)\\ADAM\\__MACOSX\\ADAM\\Test\\Disc_Masks\\._T0016.bmp'
._T0017.bmp,cannot identify image file 'D:\\OIO+\\DATASET_RETINA\\01.Originais\\AMD (Degeneração Macular Relacionada à Idade)\\ADAM\\__MACOSX\\ADAM\\Test\\Disc_Masks\\._T0017.bmp'
._T0018.bmp,cannot identify image file 'D:\\OIO+\\DATASET_RETINA\\01.Originais\\AMD (Degeneração Macular Relacionada à Idade)\\ADAM\\__MACOSX\\ADAM\\Test\\Disc_Masks\\._T0018.bmp'
._T0019.bmp,cannot identify image file 'D:\\OIO+\\DATASET_RETINA\\01.Originais\\AMD (Degeneração Macular Relacionada à Idade)\\ADAM\\__MACOSX\\ADAM\\Test\\Disc_Masks\\._T0019.bmp'
._T0020.bmp,cannot identify image file 'D:\\OIO+\\DATASET_RETINA\\01.Originais\\AMD (Degeneração Macular Relacionada à Idade)\\ADAM\\__MACOSX\\ADAM\\Test\\Disc_Masks\\._T0020.bmp'
._T0021.bmp,cannot identify image file 'D:\\OIO+\\DATASET_RETINA\\01.Originais\\AMD (Degeneração Macular Relacionada à Idade)\\ADAM\\__MACOSX\\ADAM\\Test\\Disc_Masks\\._T0021.bmp'
._T0022.bmp,cannot identify image file 'D:\\OIO+\\DATASET_RETINA\\01.Originais\\AMD (Degeneração Macular Relacionada à Idade)\\ADAM\\__MACOSX\\ADAM\\Test\\Disc_Masks\\._T0022.bmp'
._T0023.bmp,cannot identify image file 'D:\\OIO+\\DATASET_RETINA\\01.Originais\\AMD (Degeneração Macular Relacionada à Idade)\\ADAM\\__MACOSX\\ADAM\\Test\\Disc_Masks\\._T0023.bmp'
._T0024.bmp,cannot identify image file 'D:\\OIO+\\DATASET_RETINA\\01.Originais\\AMD (Degeneração Macular Relacionada à Idade)\\ADAM\\__MACOSX\\ADAM\\Test\\Disc_Masks\\._T0024.bmp'
._T0025.bmp,cannot identify image file 'D:\\OIO+\\DATASET_RETINA\\01.Originais\\AMD (Degeneração Macular Relacionada à Idade)\\ADAM\\__MACOSX\\ADAM\\Test\\Disc_Masks\\._T0025.bmp'
._T0026.bmp,cannot identify image file 'D:\\OIO+\\DATASET_RETINA\\01.Originais\\AMD (Degeneração Macular Relacionada à Idade)\\ADAM\\__MACOSX\\ADAM\\Test\\Disc_Masks\\._T0026.bmp'
._T0027.bmp,cannot identify image file 'D:\\OIO+\\DATASET_RETINA\\01.Originais\\AMD (Degeneração Macular Relacionada à Idade)\\ADAM\\__MACOSX\\ADAM\\Test\\Disc_Masks\\._T0027.bmp'
._T0028.bmp,cannot identify image file 'D:\\OIO+\\DATASET_RETINA\\01.Originais\\AMD (Degeneração Macular Relacionada à Idade)\\ADAM\\__MACOSX\\ADAM\\Test\\Disc_Masks\\._T0028.bmp'
._T0029.bmp,cannot identify image file 'D:\\OIO+\\DATASET_RETINA\\01.Originais\\AMD (Degeneração Macular Relacionada à Idade)\\ADAM\\__MACOSX\\ADAM\\Test\\Disc_Masks\\._T0029.bmp'
._T0030.bmp,cannot identify image file 'D:\\OIO+\\DATASET_RETINA\\01.Originais\\AMD (Degeneração Macular Relacionada à Idade)\\ADAM\\__MACOSX\\ADAM\\Test\\Disc_Masks\\._T0030.bmp'
._T0031.bmp,cannot identify image file 'D:\\OIO+\\DATASET_RETINA\\01.Originais\\AMD (Degeneração Macular Relacionada à Idade)\\ADAM\\__MACOSX\\ADAM\\Test\\Disc_Masks\\._T0031.bmp'
._T0032.bmp,cannot identify image file 'D:\\OIO+\\DATASET_RETINA\\01.Originais\\AMD (Degeneração Macular Relacionada à Idade)\\ADAM\\__MACOSX\\ADAM\\Test\\Disc_Masks\\._T0032.bmp'
._T0033.bmp,cannot identify image file 'D:\\OIO+\\DATASET_RETINA\\01.Originais\\AMD (Degeneração Macular Relacionada à Idade)\\ADAM\\__MACOSX\\ADAM\\Test\\Disc_Masks\\._T0033.bmp'
._T0034.bmp,cannot identify image file 'D:\\OIO+\\DATASET_RETINA\\01.Originais\\AMD (Degeneração Macular Relacionada à Idade)\\ADAM\\__MACOSX\\ADAM\\Test\\Disc_Masks\\._T0034.bmp'
._T0035.bmp,cannot identify image file 'D:\\OIO+\\DATASET_RETINA\\01.Originais\\AMD (Degeneração Macular Relacionada à Idade)\\ADAM\\__MACOSX\\ADAM\\Test\\Disc_Masks\\._T0035.bmp'
._T0036.bmp,cannot identify image file 'D:\\OIO+\\DATASET_RETINA\\01.Originais\\AMD (Degeneração Macular Relacionada à Idade)\\ADAM\\__MACOSX\\ADAM\\Test\\Disc_Masks\\._T0036.bmp'
._T0037.bmp,cannot identify image file 'D:\\OIO+\\DATASET_RETINA\\01.Originais\\AMD (Degeneração Macular Relacionada à Idade)\\ADAM\\__MACOSX\\ADAM\\Test\\Disc_Masks\\._T0037.bmp'
._T0038.bmp,cannot identify image file 'D:\\OIO+\\DATASET_RETINA\\01.Originais\\AMD (Degeneração Macular Relacionada à Idade)\\ADAM\\__MACOSX\\ADAM\\Test\\Disc_Masks\\._T0038.bmp'
._T0039.bmp,cannot identify image file 'D:\\OIO+\\DATASET_RETINA\\01.Originais\\AMD (Degeneração Macular Relacionada à Idade)\\ADAM\\__MACOSX\\ADAM\\Test\\Disc_Masks\\._T0039.bmp'
._T0040.bmp,cannot identify image file 'D:\\OIO+\\DATASET_RETINA\\01.Originais\\AMD (Degeneração Macular Relacionada à Idade)\\ADAM\\__MACOSX\\ADAM\\Test\\Disc_Masks\\._T0040.bmp'
._T0041.bmp,cannot identify image file 'D:\\OIO+\\DATASET_RETINA\\01.Originais\\AMD (Degeneração Macular Relacionada à Idade)\\ADAM\\__MACOSX\\ADAM\\Test\\Disc_Masks\\._T0041.bmp'
._T0042.bmp,cannot identify image file 'D:\\OIO+\\DATASET_RETINA\\01.Originais\\AMD (Degeneração Macular Relacionada à Idade)\\ADAM\\__MACOSX\\ADAM\\Test\\Disc_Masks\\._T0042.bmp'
._T0043.bmp,cannot identify image file 'D:\\OIO+\\DATASET_RETINA\\01.Originais\\AMD (Degeneração Macular Relacionada à Idade)\\ADAM\\__MACOSX\\ADAM\\Test\\Disc_Masks\\._T0043.bmp'
._T0044.bmp,cannot identify image file 'D:\\OIO+\\DATASET_RETINA\\01.Originais\\AMD (Degeneração Macular Relacionada à Idade)\\ADAM\\__MACOSX\\ADAM\\Test\\Disc_Masks\\._T0044.bmp'
._T0045.bmp,cannot identify image file 'D:\\OIO+\\DATASET_RETINA\\01.Originais\\AMD (Degeneração Macular Relacionada à Idade)\\ADAM\\__MACOSX\\ADAM\\Test\\Disc_Masks\\._T0045.bmp'
._T0046.bmp,cannot identify image file 'D:\\OIO+\\DATASET_RETINA\\01.Originais\\AMD (Degeneração Macular Relacionada à Idade)\\ADAM\\__MACOSX\\ADAM\\Test\\Disc_Masks\\._T0046.bmp'
._T0047.bmp,cannot identify image file 'D:\\OIO+\\DATASET_RETINA\\01.Originais\\AMD (Degeneração Macular Relacionada à Idade)\\ADAM\\__MACOSX\\ADAM\\Test\\Disc_Masks\\._T0047.bmp'
._T0048.bmp,cannot identify image file 'D:\\OIO+\\DATASET_RETINA\\01.Originais\\AMD (Degeneração Macular Relacionada à Idade)\\ADAM\\__MACOSX\\ADAM\\Test\\Disc_Masks\\._T0048.bmp'
._T0049.bmp,cannot identify image file 'D:\\OIO+\\DATASET_RETINA\\01.Originais\\AMD (Degeneração Macular Relacionada à Idade)\\ADAM\\__MACOSX\\ADAM\\Test\\Disc_Masks\\._T0049.bmp'
._T0050.bmp,cannot identify image file 'D:\\OIO+\\DATASET_RETINA\\01.Originais\\AMD (Degeneração Macular Relacionada à Idade)\\ADAM\\__MACOSX\\ADAM\\Test\\Disc_Masks\\._T0050.bmp'
._T0051.bmp,cannot identify image file 'D:\\OIO+\\DATASET_RETINA\\01.Originais\\AMD (Degeneração Macular Relacionada à Idade)\\ADAM\\__MACOSX\\ADAM\\Test\\Disc_Masks\\._T0051.bmp'
._T0052.bmp,cannot identify image file 'D:\\OIO+\\DATASET_RETINA\\01.Originais\\AMD (Degeneração Macular Relacionada à Idade)\\ADAM\\__MACOSX\\ADAM\\Test\\Disc_Masks\\._T0052.bmp'
._T0053.bmp,cannot identify image file 'D:\\OIO+\\DATASET_RETINA\\01.Originais\\AMD (Degeneração Macular Relacionada à Idade)\\ADAM\\__MACOSX\\ADAM\\Test\\Disc_Masks\\._T0053.bmp'
._T0054.bmp,cannot identify image file 'D:\\OIO+\\DATASET_RETINA\\01.Originais\\AMD (Degeneração Macular Relacionada à Idade)\\ADAM\\__MACOSX\\ADAM\\Test\\Disc_Masks\\._T0054.bmp'
._T0055.bmp,cannot identify image file 'D:\\OIO+\\DATASET_RETINA\\01.Originais\\AMD (Degeneração Macular Relacionada à Idade)\\ADAM\\__MACOSX\\ADAM\\Test\\Disc_Masks\\._T0055.bmp'
._T0056.bmp,cannot identify image file 'D:\\OIO+\\DATASET_RETINA\\01.Originais\\AMD (Degeneração Macular Relacionada à Idade)\\ADAM\\__MACOSX\\ADAM\\Test\\Disc_Masks\\._T0056.bmp'
._T0057.bmp,cannot identify image file 'D:\\OIO+\\DATASET_RETINA\\01.Originais\\AMD (Degeneração Macular Relacionada à Idade)\\ADAM\\__MACOSX\\ADAM\\Test\\Disc_Masks\\._T0057.bmp'
._T0058.bmp,cannot identify image file 'D:\\OIO+\\DATASET_RETINA\\01.Originais\\AMD (Degeneração Macular Relacionada à Idade)\\ADAM\\__MACOSX\\ADAM\\Test\\Disc_Masks\\._T0058.bmp'
._T0059.bmp,cannot identify image file 'D:\\OIO+\\DATASET_RETINA\\01.Originais\\AMD (Degeneração Macular Relacionada à Idade)\\ADAM\\__MACOSX\\ADAM\\Test\\Disc_Masks\\._T0059.bmp'
._T0060.bmp,cannot identify image file 'D:\\OIO+\\DATASET_RETINA\\01.Originais\\AMD (Degeneração Macular Relacionada à Idade)\\ADAM\\__MACOSX\\ADAM\\Test\\Disc_Masks\\._T0060.bmp'
._T0061.bmp,cannot identify image file 'D:\\OIO+\\DATASET_RETINA\\01.Originais\\AMD (Degeneração Macular Relacionada à Idade)\\ADAM\\__MACOSX\\ADAM\\Test\\Disc_Masks\\._T0061.bmp'
._T0062.bmp,cannot identify image file 'D:\\OIO+\\DATASET_RETINA\\01.Originais\\AMD (Degeneração Macular Relacionada à Idade)\\ADAM\\__MACOSX\\ADAM\\Test\\Disc_Masks\\._T0062.bmp'
._T0063.bmp,cannot identify image file 'D:\\OIO+\\DATASET_RETINA\\01.Originais\\AMD (Degeneração Macular Relacionada à Idade)\\ADAM\\__MACOSX\\ADAM\\Test\\Disc_Masks\\._T0063.bmp'
._T0064.bmp,cannot identify image file 'D:\\OIO+\\DATASET_RETINA\\01.Originais\\AMD (Degeneração Macular Relacionada à Idade)\\ADAM\\__MACOSX\\ADAM\\Test\\Disc_Masks\\._T0064.bmp'
._T0065.bmp,cannot identify image file 'D:\\OIO+\\DATASET_RETINA\\01.Originais\\AMD (Degeneração Macular Relacionada à Idade)\\ADAM\\__MACOSX\\ADAM\\Test\\Disc_Masks\\._T0065.bmp'
._T0066.bmp,cannot identify image file 'D:\\OIO+\\DATASET_RETINA\\01.Originais\\AMD (Degeneração Macular Relacionada à Idade)\\ADAM\\__MACOSX\\ADAM\\Test\\Disc_Masks\\._T0066.bmp'
._T0067.bmp,cannot identify image file 'D:\\OIO+\\DATASET_RETINA\\01.Originais\\AMD (Degeneração Macular Relacionada à Idade)\\ADAM\\__MACOSX\\ADAM\\Test\\Disc_Masks\\._T0067.bmp'
._T0068.bmp,cannot identify image file 'D:\\OIO+\\DATASET_RETINA\\01.Originais\\AMD (Degeneração Macular Relacionada à Idade)\\ADAM\\__MACOSX\\ADAM\\Test\\Disc_Masks\\._T0068.bmp'
._T0069.bmp,cannot identify image file 'D:\\OIO+\\DATASET_RETINA\\01.Originais\\AMD (Degeneração Macular Relacionada à Idade)\\ADAM\\__MACOSX\\ADAM\\Test\\Disc_Masks\\._T0069.bmp'
._T0070.bmp,cannot identify image file 'D:\\OIO+\\DATASET_RETINA\\01.Originais\\AMD (Degeneração Macular Relacionada à Idade)\\ADAM\\__MACOSX\\ADAM\\Test\\Disc_Masks\\._T0070.bmp'
._T0071.bmp,cannot identify image file 'D:\\OIO+\\DATASET_RETINA\\01.Originais\\AMD (Degeneração Macular Relacionada à Idade)\\ADAM\\__MACOSX\\ADAM\\Test\\Disc_Masks\\._T0071.bmp'
._T0072.bmp,cannot identify image file 'D:\\OIO+\\DATASET_RETINA\\01.Originais\\AMD (Degeneração Macular Relacionada à Idade)\\ADAM\\__MACOSX\\ADAM\\Test\\Disc_Masks\\._T0072.bmp'
._T0073.bmp,cannot identify image file 'D:\\OIO+\\DATASET_RETINA\\01.Originais\\AMD (Degeneração Macular Relacionada à Idade)\\ADAM\\__MACOSX\\ADAM\\Test\\Disc_Masks\\._T0073.bmp'
._T0074.bmp,cannot identify image file 'D:\\OIO+\\DATASET_RETINA\\01.Originais\\AMD (Degeneração Macular Relacionada à Idade)\\ADAM\\__MACOSX\\ADAM\\Test\\Disc_Masks\\._T0074.bmp'
._T0075.bmp,cannot identify image file 'D:\\OIO+\\DATASET_RETINA\\01.Originais\\AMD (Degeneração Macular Relacionada à Idade)\\ADAM\\__MACOSX\\ADAM\\Test\\Disc_Masks\\._T0075.bmp'
._T0076.bmp,cannot identify image file 'D:\\OIO+\\DATASET_RETINA\\01.Originais\\AMD (Degeneração Macular Relacionada à Idade)\\ADAM\\__MACOSX\\ADAM\\Test\\Disc_Masks\\._T0076.bmp'
._T0077.bmp,cannot identify image file 'D:\\OIO+\\DATASET_RETINA\\01.Originais\\AMD (Degeneração Macular Relacionada à Idade)\\ADAM\\__MACOSX\\ADAM\\Test\\Disc_Masks\\._T0077.bmp'
._T0078.bmp,cannot identify image file 'D:\\OIO+\\DATASET_RETINA\\01.Originais\\AMD (Degeneração Macular Relacionada à Idade)\\ADAM\\__MACOSX\\ADAM\\Test\\Disc_Masks\\._T0078.bmp'
._T0079.bmp,cannot identify image file 'D:\\OIO+\\DATASET_RETINA\\01.Originais\\AMD (Degeneração Macular Relacionada à Idade)\\ADAM\\__MACOSX\\ADAM\\Test\\Disc_Masks\\._T0079.bmp'
._T0080.bmp,cannot identify image file 'D:\\OIO+\\DATASET_RETINA\\01.Originais\\AMD (Degeneração Macular Relacionada à Idade)\\ADAM\\__MACOSX\\ADAM\\Test\\Disc_Masks\\._T0080.bmp'
._T0081.bmp,cannot identify image file 'D:\\OIO+\\DATASET_RETINA\\01.Originais\\AMD (Degeneração Macular Relacionada à Idade)\\ADAM\\__MACOSX\\ADAM\\Test\\Disc_Masks\\._T0081.bmp'
._T0082.bmp,cannot identify image file 'D:\\OIO+\\DATASET_RETINA\\01.Originais\\AMD (Degeneração Macular Relacionada à Idade)\\ADAM\\__MACOSX\\ADAM\\Test\\Disc_Masks\\._T0082.bmp'
._T0083.bmp,cannot identify image file 'D:\\OIO+\\DATASET_RETINA\\01.Originais\\AMD (Degeneração Macular Relacionada à Idade)\\ADAM\\__MACOSX\\ADAM\\Test\\Disc_Masks\\._T0083.bmp'
._T0084.bmp,cannot identify image file 'D:\\OIO+\\DATASET_RETINA\\01.Originais\\AMD (Degeneração Macular Relacionada à Idade)\\ADAM\\__MACOSX\\ADAM\\Test\\Disc_Masks\\._T0084.bmp'
._T0085.bmp,cannot identify image file 'D:\\OIO+\\DATASET_RETINA\\01.Originais\\AMD (Degeneração Macular Relacionada à Idade)\\ADAM\\__MACOSX\\ADAM\\Test\\Disc_Masks\\._T0085.bmp'
._T0086.bmp,cannot identify image file 'D:\\OIO+\\DATASET_RETINA\\01.Originais\\AMD (Degeneração Macular Relacionada à Idade)\\ADAM\\__MACOSX\\ADAM\\Test\\Disc_Masks\\._T0086.bmp'
._T0087.bmp,cannot identify image file 'D:\\OIO+\\DATASET_RETINA\\01.Originais\\AMD (Degeneração Macular Relacionada à Idade)\\ADAM\\__MACOSX\\ADAM\\Test\\Disc_Masks\\._T0087.bmp'
._T0088.bmp,cannot identify image file 'D:\\OIO+\\DATASET_RETINA\\01.Originais\\AMD (Degeneração Macular Relacionada à Idade)\\ADAM\\__MACOSX\\ADAM\\Test\\Disc_Masks\\._T0088.bmp'
._T0089.bmp,cannot identify image file 'D:\\OIO+\\DATASET_RETINA\\01.Originais\\AMD (Degeneração Macular Relacionada à Idade)\\ADAM\\__MACOSX\\ADAM\\Test\\Disc_Masks\\._T0089.bmp'
._T0090.bmp,cannot identify image file 'D:\\OIO+\\DATASET_RETINA\\01.Originais\\AMD (Degeneração Macular Relacionada à Idade)\\ADAM\\__MACOSX\\ADAM\\Test\\Disc_Masks\\._T0090.bmp'
._T0091.bmp,cannot identify image file 'D:\\OIO+\\DATASET_RETINA\\01.Originais\\AMD (Degeneração Macular Relacionada à Idade)\\ADAM\\__MACOSX\\ADAM\\Test\\Disc_Masks\\._T0091.bmp'
._T0092.bmp,cannot identify image file 'D:\\OIO+\\DATASET_RETINA\\01.Originais\\AMD (Degeneração Macular Relacionada à Idade)\\ADAM\\__MACOSX\\ADAM\\Test\\Disc_Masks\\._T0092.bmp'
._T0093.bmp,cannot identify image file 'D:\\OIO+\\DATASET_RETINA\\01.Originais\\AMD (Degeneração Macular Relacionada à Idade)\\ADAM\\__MACOSX\\ADAM\\Test\\Disc_Masks\\._T0093.bmp'
._T0094.bmp,cannot identify image file 'D:\\OIO+\\DATASET_RETINA\\01.Originais\\AMD (Degeneração Macular Relacionada à Idade)\\ADAM\\__MACOSX\\ADAM\\Test\\Disc_Masks\\._T0094.bmp'
._T0095.bmp,cannot identify image file 'D:\\OIO+\\DATASET_RETINA\\01.Originais\\AMD (Degeneração Macular Relacionada à Idade)\\ADAM\\__MACOSX\\ADAM\\Test\\Disc_Masks\\._T0095.bmp'
._T0096.bmp,cannot identify image file 'D:\\OIO+\\DATASET_RETINA\\01.Originais\\AMD (Degeneração Macular Relacionada à Idade)\\ADAM\\__MACOSX\\ADAM\\Test\\Disc_Masks\\._T0096.bmp'
._T0097.bmp,cannot identify image file 'D:\\OIO+\\DATASET_RETINA\\01.Originais\\AMD (Degeneração Macular Relacionada à Idade)\\ADAM\\__MACOSX\\ADAM\\Test\\Disc_Masks\\._T0097.bmp'
._T0098.bmp,cannot identify image file 'D:\\OIO+\\DATASET_RETINA\\01.Originais\\AMD (Degeneração Macular Relacionada à Idade)\\ADAM\\__MACOSX\\ADAM\\Test\\Disc_Masks\\._T0098.bmp'
._T0099.bmp,cannot identify image file 'D:\\OIO+\\DATASET_RETINA\\01.Originais\\AMD (Degeneração Macular Relacionada à Idade)\\ADAM\\__MACOSX\\ADAM\\Test\\Disc_Masks\\._T0099.bmp'
._T0100.bmp,cannot identify image file 'D:\\OIO+\\DATASET_RETINA\\01.Originais\\AMD (Degeneração Macular Relacionada à Idade)\\ADAM\\__MACOSX\\ADAM\\Test\\Disc_Masks\\._T0100.bmp'
._T0101.bmp,cannot identify image file 'D:\\OIO+\\DATASET_RETINA\\01.Originais\\AMD (Degeneração Macular Relacionada à Idade)\\ADAM\\__MACOSX\\ADAM\\Test\\Disc_Masks\\._T0101.bmp'
._T0102.bmp,cannot identify image file 'D:\\OIO+\\DATASET_RETINA\\01.Originais\\AMD (Degeneração Macular Relacionada à Idade)\\ADAM\\__MACOSX\\ADAM\\Test\\Disc_Masks\\._T0102.bmp'
._T0103.bmp,cannot identify image file 'D:\\OIO+\\DATASET_RETINA\\01.Originais\\AMD (Degeneração Macular Relacionada à Idade)\\ADAM\\__MACOSX\\ADAM\\Test\\Disc_Masks\\._T0103.bmp'
._T0104.bmp,cannot identify image file 'D:\\OIO+\\DATASET_RETINA\\01.Originais\\AMD (Degeneração Macular Relacionada à Idade)\\ADAM\\__MACOSX\\ADAM\\Test\\Disc_Masks\\._T0104.bmp'
._T0105.bmp,cannot identify image file 'D:\\OIO+\\DATASET_RETINA\\01.Originais\\AMD (Degeneração Macular Relacionada à Idade)\\ADAM\\__MACOSX\\ADAM\\Test\\Disc_Masks\\._T0105.bmp'
._T0106.bmp,cannot identify image file 'D:\\OIO+\\DATASET_RETINA\\01.Originais\\AMD (Degeneração Macular Relacionada à Idade)\\ADAM\\__MACOSX\\ADAM\\Test\\Disc_Masks\\._T0106.bmp'
._T0107.bmp,cannot identify image file 'D:\\OIO+\\DATASET_RETINA\\01.Originais\\AMD (Degeneração Macular Relacionada à Idade)\\ADAM\\__MACOSX\\ADAM\\Test\\Disc_Masks\\._T0107.bmp'
._T0108.bmp,cannot identify image file 'D:\\OIO+\\DATASET_RETINA\\01.Originais\\AMD (Degeneração Macular Relacionada à Idade)\\ADAM\\__MACOSX\\ADAM\\Test\\Disc_Masks\\._T0108.bmp'
._T0109.bmp,cannot identify image file 'D:\\OIO+\\DATASET_RETINA\\01.Originais\\AMD (Degeneração Macular Relacionada à Idade)\\ADAM\\__MACOSX\\ADAM\\Test\\Disc_Masks\\._T0109.bmp'
._T0110.bmp,cannot identify image file 'D:\\OIO+\\DATASET_RETINA\\01.Originais\\AMD (Degeneração Macular Relacionada à Idade)\\ADAM\\__MACOSX\\ADAM\\Test\\Disc_Masks\\._T0110.bmp'
._T0111.bmp,cannot identify image file 'D:\\OIO+\\DATASET_RETINA\\01.Originais\\AMD (Degeneração Macular Relacionada à Idade)\\ADAM\\__MACOSX\\ADAM\\Test\\Disc_Masks\\._T0111.bmp'
._T0112.bmp,cannot identify image file 'D:\\OIO+\\DATASET_RETINA\\01.Originais\\AMD (Degeneração Macular Relacionada à Idade)\\ADAM\\__MACOSX\\ADAM\\Test\\Disc_Masks\\._T0112.bmp'
._T0113.bmp,cannot identify image file 'D:\\OIO+\\DATASET_RETINA\\01.Originais\\AMD (Degeneração Macular Relacionada à Idade)\\ADAM\\__MACOSX\\ADAM\\Test\\Disc_Masks\\._T0113.bmp'
._T0114.bmp,cannot identify image file 'D:\\OIO+\\DATASET_RETINA\\01.Originais\\AMD (Degeneração Macular Relacionada à Idade)\\ADAM\\__MACOSX\\ADAM\\Test\\Disc_Masks\\._T0114.bmp'
._T0115.bmp,cannot identify image file 'D:\\OIO+\\DATASET_RETINA\\01.Originais\\AMD (Degeneração Macular Relacionada à Idade)\\ADAM\\__MACOSX\\ADAM\\Test\\Disc_Masks\\._T0115.bmp'
._T0116.bmp,cannot identify image file 'D:\\OIO+\\DATASET_RETINA\\01.Originais\\AMD (Degeneração Macular Relacionada à Idade)\\ADAM\\__MACOSX\\ADAM\\Test\\Disc_Masks\\._T0116.bmp'
._T0117.bmp,cannot identify image file 'D:\\OIO+\\DATASET_RETINA\\01.Originais\\AMD (Degeneração Macular Relacionada à Idade)\\ADAM\\__MACOSX\\ADAM\\Test\\Disc_Masks\\._T0117.bmp'
._T0118.bmp,cannot identify image file 'D:\\OIO+\\DATASET_RETINA\\01.Originais\\AMD (Degeneração Macular Relacionada à Idade)\\ADAM\\__MACOSX\\ADAM\\Test\\Disc_Masks\\._T0118.bmp'
._T0119.bmp,cannot identify image file 'D:\\OIO+\\DATASET_RETINA\\01.Originais\\AMD (Degeneração Macular Relacionada à Idade)\\ADAM\\__MACOSX\\ADAM\\Test\\Disc_Masks\\._T0119.bmp'
._T0120.bmp,cannot identify image file 'D:\\OIO+\\DATASET_RETINA\\01.Originais\\AMD (Degeneração Macular Relacionada à Idade)\\ADAM\\__MACOSX\\ADAM\\Test\\Disc_Masks\\._T0120.bmp'
._T0121.bmp,cannot identify image file 'D:\\OIO+\\DATASET_RETINA\\01.Originais\\AMD (Degeneração Macular Relacionada à Idade)\\ADAM\\__MACOSX\\ADAM\\Test\\Disc_Masks\\._T0121.bmp'
._T0122.bmp,cannot identify image file 'D:\\OIO+\\DATASET_RETINA\\01.Originais\\AMD (Degeneração Macular Relacionada à Idade)\\ADAM\\__MACOSX\\ADAM\\Test\\Disc_Masks\\._T0122.bmp'
._T0123.bmp,cannot identify image file 'D:\\OIO+\\DATASET_RETINA\\01.Originais\\AMD (Degeneração Macular Relacionada à Idade)\\ADAM\\__MACOSX\\ADAM\\Test\\Disc_Masks\\._T0123.bmp'
._T0124.bmp,cannot identify image file 'D:\\OIO+\\DATASET_RETINA\\01.Originais\\AMD (Degeneração Macular Relacionada à Idade)\\ADAM\\__MACOSX\\ADAM\\Test\\Disc_Masks\\._T0124.bmp'
._T0125.bmp,cannot identify image file 'D:\\OIO+\\DATASET_RETINA\\01.Originais\\AMD (Degeneração Macular Relacionada à Idade)\\ADAM\\__MACOSX\\ADAM\\Test\\Disc_Masks\\._T0125.bmp'
._T0126.bmp,cannot identify image file 'D:\\OIO+\\DATASET_RETINA\\01.Originais\\AMD (Degeneração Macular Relacionada à Idade)\\ADAM\\__MACOSX\\ADAM\\Test\\Disc_Masks\\._T0126.bmp'
._T0127.bmp,cannot identify image file 'D:\\OIO+\\DATASET_RETINA\\01.Originais\\AMD (Degeneração Macular Relacionada à Idade)\\ADAM\\__MACOSX\\ADAM\\Test\\Disc_Masks\\._T0127.bmp'
._T0128.bmp,cannot identify image file 'D:\\OIO+\\DATASET_RETINA\\01.Originais\\AMD (Degeneração Macular Relacionada à Idade)\\ADAM\\__MACOSX\\ADAM\\Test\\Disc_Masks\\._T0128.bmp'
._T0129.bmp,cannot identify image file 'D:\\OIO+\\DATASET_RETINA\\01.Originais\\AMD (Degeneração Macular Relacionada à Idade)\\ADAM\\__MACOSX\\ADAM\\Test\\Disc_Masks\\._T0129.bmp'
._T0130.bmp,cannot identify image file 'D:\\OIO+\\DATASET_RETINA\\01.Originais\\AMD (Degeneração Macular Relacionada à Idade)\\ADAM\\__MACOSX\\ADAM\\Test\\Disc_Masks\\._T0130.bmp'
._T0131.bmp,cannot identify image file 'D:\\OIO+\\DATASET_RETINA\\01.Originais\\AMD (Degeneração Macular Relacionada à Idade)\\ADAM\\__MACOSX\\ADAM\\Test\\Disc_Masks\\._T0131.bmp'
._T0132.bmp,cannot identify image file 'D:\\OIO+\\DATASET_RETINA\\01.Originais\\AMD (Degeneração Macular Relacionada à Idade)\\ADAM\\__MACOSX\\ADAM\\Test\\Disc_Masks\\._T0132.bmp'
._T0133.bmp,cannot identify image file 'D:\\OIO+\\DATASET_RETINA\\01.Originais\\AMD (Degeneração Macular Relacionada à Idade)\\ADAM\\__MACOSX\\ADAM\\Test\\Disc_Masks\\._T0133.bmp'
._T0134.bmp,cannot identify image file 'D:\\OIO+\\DATASET_RETINA\\01.Originais\\AMD (Degeneração Macular Relacionada à Idade)\\ADAM\\__MACOSX\\ADAM\\Test\\Disc_Masks\\._T0134.bmp'
._T0135.bmp,cannot identify image file 'D:\\OIO+\\DATASET_RETINA\\01.Originais\\AMD (Degeneração Macular Relacionada à Idade)\\ADAM\\__MACOSX\\ADAM\\Test\\Disc_Masks\\._T0135.bmp'
._T0136.bmp,cannot identify image file 'D:\\OIO+\\DATASET_RETINA\\01.Originais\\AMD (Degeneração Macular Relacionada à Idade)\\ADAM\\__MACOSX\\ADAM\\Test\\Disc_Masks\\._T0136.bmp'
._T0137.bmp,cannot identify image file 'D:\\OIO+\\DATASET_RETINA\\01.Originais\\AMD (Degeneração Macular Relacionada à Idade)\\ADAM\\__MACOSX\\ADAM\\Test\\Disc_Masks\\._T0137.bmp'
._T0138.bmp,cannot identify image file 'D:\\OIO+\\DATASET_RETINA\\01.Originais\\AMD (Degeneração Macular Relacionada à Idade)\\ADAM\\__MACOSX\\ADAM\\Test\\Disc_Masks\\._T0138.bmp'
._T0139.bmp,cannot identify image file 'D:\\OIO+\\DATASET_RETINA\\01.Originais\\AMD (Degeneração Macular Relacionada à Idade)\\ADAM\\__MACOSX\\ADAM\\Test\\Disc_Masks\\._T0139.bmp'
._T0140.bmp,cannot identify image file 'D:\\OIO+\\DATASET_RETINA\\01.Originais\\AMD (Degeneração Macular Relacionada à Idade)\\ADAM\\__MACOSX\\ADAM\\Test\\Disc_Masks\\._T0140.bmp'
._T0141.bmp,cannot identify image file 'D:\\OIO+\\DATASET_RETINA\\01.Originais\\AMD (Degeneração Macular Relacionada à Idade)\\ADAM\\__MACOSX\\ADAM\\Test\\Disc_Masks\\._T0141.bmp'
._T0142.bmp,cannot identify image file 'D:\\OIO+\\DATASET_RETINA\\01.Originais\\AMD (Degeneração Macular Relacionada à Idade)\\ADAM\\__MACOSX\\ADAM\\Test\\Disc_Masks\\._T0142.bmp'
._T0143.bmp,cannot identify image file 'D:\\OIO+\\DATASET_RETINA\\01.Originais\\AMD (Degeneração Macular Relacionada à Idade)\\ADAM\\__MACOSX\\ADAM\\Test\\Disc_Masks\\._T0143.bmp'
._T0144.bmp,cannot identify image file 'D:\\OIO+\\DATASET_RETINA\\01.Originais\\AMD (Degeneração Macular Relacionada à Idade)\\ADAM\\__MACOSX\\ADAM\\Test\\Disc_Masks\\._T0144.bmp'
._T0145.bmp,cannot identify image file 'D:\\OIO+\\DATASET_RETINA\\01.Originais\\AMD (Degeneração Macular Relacionada à Idade)\\ADAM\\__MACOSX\\ADAM\\Test\\Disc_Masks\\._T0145.bmp'
._T0146.bmp,cannot identify image file 'D:\\OIO+\\DATASET_RETINA\\01.Originais\\AMD (Degeneração Macular Relacionada à Idade)\\ADAM\\__MACOSX\\ADAM\\Test\\Disc_Masks\\._T0146.bmp'
._T0147.bmp,cannot identify image file 'D:\\OIO+\\DATASET_RETINA\\01.Originais\\AMD (Degeneração Macular Relacionada à Idade)\\ADAM\\__MACOSX\\ADAM\\Test\\Disc_Masks\\._T0147.bmp'
._T0148.bmp,cannot identify image file 'D:\\OIO+\\DATASET_RETINA\\01.Originais\\AMD (Degeneração Macular Relacionada à Idade)\\ADAM\\__MACOSX\\ADAM\\Test\\Disc_Masks\\._T0148.bmp'
._T0149.bmp,cannot identify image file 'D:\\OIO+\\DATASET_RETINA\\01.Originais\\AMD (Degeneração Macular Relacionada à Idade)\\ADAM\\__MACOSX\\ADAM\\Test\\Disc_Masks\\._T0149.bmp'
._T0150.bmp,cannot identify image file 'D:\\OIO+\\DATASET_RETINA\\01.Originais\\AMD (Degeneração Macular Relacionada à Idade)\\ADAM\\__MACOSX\\ADAM\\Test\\Disc_Masks\\._T0150.bmp'
._T0151.bmp,cannot identify image file 'D:\\OIO+\\DATASET_RETINA\\01.Originais\\AMD (Degeneração Macular Relacionada à Idade)\\ADAM\\__MACOSX\\ADAM\\Test\\Disc_Masks\\._T0151.bmp'
._T0152.bmp,cannot identify image file 'D:\\OIO+\\DATASET_RETINA\\01.Originais\\AMD (Degeneração Macular Relacionada à Idade)\\ADAM\\__MACOSX\\ADAM\\Test\\Disc_Masks\\._T0152.bmp'
._T0153.bmp,cannot identify image file 'D:\\OIO+\\DATASET_RETINA\\01.Originais\\AMD (Degeneração Macular Relacionada à Idade)\\ADAM\\__MACOSX\\ADAM\\Test\\Disc_Masks\\._T0153.bmp'
._T0154.bmp,cannot identify image file 'D:\\OIO+\\DATASET_RETINA\\01.Originais\\AMD (Degeneração Macular Relacionada à Idade)\\ADAM\\__MACOSX\\ADAM\\Test\\Disc_Masks\\._T0154.bmp'
._T0155.bmp,cannot identify image file 'D:\\OIO+\\DATASET_RETINA\\01.Originais\\AMD (Degeneração Macular Relacionada à Idade)\\ADAM\\__MACOSX\\ADAM\\Test\\Disc_Masks\\._T0155.bmp'
._T0156.bmp,cannot identify image file 'D:\\OIO+\\DATASET_RETINA\\01.Originais\\AMD (Degeneração Macular Relacionada à Idade)\\ADAM\\__MACOSX\\ADAM\\Test\\Disc_Masks\\._T0156.bmp'
._T0157.bmp,cannot identify image file 'D:\\OIO+\\DATASET_RETINA\\01.Originais\\AMD (Degeneração Macular Relacionada à Idade)\\ADAM\\__MACOSX\\ADAM\\Test\\Disc_Masks\\._T0157.bmp'
._T0158.bmp,cannot identify image file 'D:\\OIO+\\DATASET_RETINA\\01.Originais\\AMD (Degeneração Macular Relacionada à Idade)\\ADAM\\__MACOSX\\ADAM\\Test\\Disc_Masks\\._T0158.bmp'
._T0159.bmp,cannot identify image file 'D:\\OIO+\\DATASET_RETINA\\01.Originais\\AMD (Degeneração Macular Relacionada à Idade)\\ADAM\\__MACOSX\\ADAM\\Test\\Disc_Masks\\._T0159.bmp'
._T0160.bmp,cannot identify image file 'D:\\OIO+\\DATASET_RETINA\\01.Originais\\AMD (Degeneração Macular Relacionada à Idade)\\ADAM\\__MACOSX\\ADAM\\Test\\Disc_Masks\\._T0160.bmp'
._T0161.bmp,cannot identify image file 'D:\\OIO+\\DATASET_RETINA\\01.Originais\\AMD (Degeneração Macular Relacionada à Idade)\\ADAM\\__MACOSX\\ADAM\\Test\\Disc_Masks\\._T0161.bmp'
._T0162.bmp,cannot identify image file 'D:\\OIO+\\DATASET_RETINA\\01.Originais\\AMD (Degeneração Macular Relacionada à Idade)\\ADAM\\__MACOSX\\ADAM\\Test\\Disc_Masks\\._T0162.bmp'
._T0163.bmp,cannot identify image file 'D:\\OIO+\\DATASET_RETINA\\01.Originais\\AMD (Degeneração Macular Relacionada à Idade)\\ADAM\\__MACOSX\\ADAM\\Test\\Disc_Masks\\._T0163.bmp'
._T0164.bmp,cannot identify image file 'D:\\OIO+\\DATASET_RETINA\\01.Originais\\AMD (Degeneração Macular Relacionada à Idade)\\ADAM\\__MACOSX\\ADAM\\Test\\Disc_Masks\\._T0164.bmp'
._T0165.bmp,cannot identify image file 'D:\\OIO+\\DATASET_RETINA\\01.Originais\\AMD (Degeneração Macular Relacionada à Idade)\\ADAM\\__MACOSX\\ADAM\\Test\\Disc_Masks\\._T0165.bmp'
._T0166.bmp,cannot identify image file 'D:\\OIO+\\DATASET_RETINA\\01.Originais\\AMD (Degeneração Macular Relacionada à Idade)\\ADAM\\__MACOSX\\ADAM\\Test\\Disc_Masks\\._T0166.bmp'
._T0167.bmp,cannot identify image file 'D:\\OIO+\\DATASET_RETINA\\01.Originais\\AMD (Degeneração Macular Relacionada à Idade)\\ADAM\\__MACOSX\\ADAM\\Test\\Disc_Masks\\._T0167.bmp'
._T0168.bmp,cannot identify image file 'D:\\OIO+\\DATASET_RETINA\\01.Originais\\AMD (Degeneração Macular Relacionada à Idade)\\ADAM\\__MACOSX\\ADAM\\Test\\Disc_Masks\\._T0168.bmp'
._T0169.bmp,cannot identify image file 'D:\\OIO+\\DATASET_RETINA\\01.Originais\\AMD (Degeneração Macular Relacionada à Idade)\\ADAM\\__MACOSX\\ADAM\\Test\\Disc_Masks\\._T0169.bmp'
._T0170.bmp,cannot identify image file 'D:\\OIO+\\DATASET_RETINA\\01.Originais\\AMD (Degeneração Macular Relacionada à Idade)\\ADAM\\__MACOSX\\ADAM\\Test\\Disc_Masks\\._T0170.bmp'
._T0171.bmp,cannot identify image file 'D:\\OIO+\\DATASET_RETINA\\01.Originais\\AMD (Degeneração Macular Relacionada à Idade)\\ADAM\\__MACOSX\\ADAM\\Test\\Disc_Masks\\._T0171.bmp'
._T0172.bmp,cannot identify image file 'D:\\OIO+\\DATASET_RETINA\\01.Originais\\AMD (Degeneração Macular Relacionada à Idade)\\ADAM\\__MACOSX\\ADAM\\Test\\Disc_Masks\\._T0172.bmp'
._T0173.bmp,cannot identify image file 'D:\\OIO+\\DATASET_RETINA\\01.Originais\\AMD (Degeneração Macular Relacionada à Idade)\\ADAM\\__MACOSX\\ADAM\\Test\\Disc_Masks\\._T0173.bmp'
._T0174.bmp,cannot identify image file 'D:\\OIO+\\DATASET_RETINA\\01.Originais\\AMD (Degeneração Macular Relacionada à Idade)\\ADAM\\__MACOSX\\ADAM\\Test\\Disc_Masks\\._T0174.bmp'
._T0175.bmp,cannot identify image file 'D:\\OIO+\\DATASET_RETINA\\01.Originais\\AMD (Degeneração Macular Relacionada à Idade)\\ADAM\\__MACOSX\\ADAM\\Test\\Disc_Masks\\._T0175.bmp'
._T0176.bmp,cannot identify image file 'D:\\OIO+\\DATASET_RETINA\\01.Originais\\AMD (Degeneração Macular Relacionada à Idade)\\ADAM\\__MACOSX\\ADAM\\Test\\Disc_Masks\\._T0176.bmp'
._T0177.bmp,cannot identify image file 'D:\\OIO+\\DATASET_RETINA\\01.Originais\\AMD (Degeneração Macular Relacionada à Idade)\\ADAM\\__MACOSX\\ADAM\\Test\\Disc_Masks\\._T0177.bmp'
._T0178.bmp,cannot identify image file 'D:\\OIO+\\DATASET_RETINA\\01.Originais\\AMD (Degeneração Macular Relacionada à Idade)\\ADAM\\__MACOSX\\ADAM\\Test\\Disc_Masks\\._T0178.bmp'
._T0179.bmp,cannot identify image file 'D:\\OIO+\\DATASET_RETINA\\01.Originais\\AMD (Degeneração Macular Relacionada à Idade)\\ADAM\\__MACOSX\\ADAM\\Test\\Disc_Masks\\._T0179.bmp'
._T0180.bmp,cannot identify image file 'D:\\OIO+\\DATASET_RETINA\\01.Originais\\AMD (Degeneração Macular Relacionada à Idade)\\ADAM\\__MACOSX\\ADAM\\Test\\Disc_Masks\\._T0180.bmp'
._T0181.bmp,cannot identify image file 'D:\\OIO+\\DATASET_RETINA\\01.Originais\\AMD (Degeneração Macular Relacionada à Idade)\\ADAM\\__MACOSX\\ADAM\\Test\\Disc_Masks\\._T0181.bmp'
._T0182.bmp,cannot identify image file 'D:\\OIO+\\DATASET_RETINA\\01.Originais\\AMD (Degeneração Macular Relacionada à Idade)\\ADAM\\__MACOSX\\ADAM\\Test\\Disc_Masks\\._T0182.bmp'
._T0183.bmp,cannot identify image file 'D:\\OIO+\\DATASET_RETINA\\01.Originais\\AMD (Degeneração Macular Relacionada à Idade)\\ADAM\\__MACOSX\\ADAM\\Test\\Disc_Masks\\._T0183.bmp'
._T0184.bmp,cannot identify image file 'D:\\OIO+\\DATASET_RETINA\\01.Originais\\AMD (Degeneração Macular Relacionada à Idade)\\ADAM\\__MACOSX\\ADAM\\Test\\Disc_Masks\\._T0184.bmp'
._T0185.bmp,cannot identify image file 'D:\\OIO+\\DATASET_RETINA\\01.Originais\\AMD (Degeneração Macular Relacionada à Idade)\\ADAM\\__MACOSX\\ADAM\\Test\\Disc_Masks\\._T0185.bmp'
._T0186.bmp,cannot identify image file 'D:\\OIO+\\DATASET_RETINA\\01.Originais\\AMD (Degeneração Macular Relacionada à Idade)\\ADAM\\__MACOSX\\ADAM\\Test\\Disc_Masks\\._T0186.bmp'
._T0187.bmp,cannot identify image file 'D:\\OIO+\\DATASET_RETINA\\01.Originais\\AMD (Degeneração Macular Relacionada à Idade)\\ADAM\\__MACOSX\\ADAM\\Test\\Disc_Masks\\._T0187.bmp'
._T0188.bmp,cannot identify image file 'D:\\OIO+\\DATASET_RETINA\\01.Originais\\AMD (Degeneração Macular Relacionada à Idade)\\ADAM\\__MACOSX\\ADAM\\Test\\Disc_Masks\\._T0188.bmp'
._T0189.bmp,cannot identify image file 'D:\\OIO+\\DATASET_RETINA\\01.Originais\\AMD (Degeneração Macular Relacionada à Idade)\\ADAM\\__MACOSX\\ADAM\\Test\\Disc_Masks\\._T0189.bmp'
._T0190.bmp,cannot identify image file 'D:\\OIO+\\DATASET_RETINA\\01.Originais\\AMD (Degeneração Macular Relacionada à Idade)\\ADAM\\__MACOSX\\ADAM\\Test\\Disc_Masks\\._T0190.bmp'
._T0191.bmp,cannot identify image file 'D:\\OIO+\\DATASET_RETINA\\01.Originais\\AMD (Degeneração Macular Relacionada à Idade)\\ADAM\\__MACOSX\\ADAM\\Test\\Disc_Masks\\._T0191.bmp'
._T0192.bmp,cannot identify image file 'D:\\OIO+\\DATASET_RETINA\\01.Originais\\AMD (Degeneração Macular Relacionada à Idade)\\ADAM\\__MACOSX\\ADAM\\Test\\Disc_Masks\\._T0192.bmp'
._T0193.bmp,cannot identify image file 'D:\\OIO+\\DATASET_RETINA\\01.Originais\\AMD (Degeneração Macular Relacionada à Idade)\\ADAM\\__MACOSX\\ADAM\\Test\\Disc_Masks\\._T0193.bmp'
._T0194.bmp,cannot identify image file 'D:\\OIO+\\DATASET_RETINA\\01.Originais\\AMD (Degeneração Macular Relacionada à Idade)\\ADAM\\__MACOSX\\ADAM\\Test\\Disc_Masks\\._T0194.bmp'
._T0195.bmp,cannot identify image file 'D:\\OIO+\\DATASET_RETINA\\01.Originais\\AMD (Degeneração Macular Relacionada à Idade)\\ADAM\\__MACOSX\\ADAM\\Test\\Disc_Masks\\._T0195.bmp'
._T0196.bmp,cannot identify image file 'D:\\OIO+\\DATASET_RETINA\\01.Originais\\AMD (Degeneração Macular Relacionada à Idade)\\ADAM\\__MACOSX\\ADAM\\Test\\Disc_Masks\\._T0196.bmp'
._T0197.bmp,cannot identify image file 'D:\\OIO+\\DATASET_RETINA\\01.Originais\\AMD (Degeneração Macular Relacionada à Idade)\\ADAM\\__MACOSX\\ADAM\\Test\\Disc_Masks\\._T0197.bmp'
._T0198.bmp,cannot identify image file 'D:\\OIO+\\DATASET_RETINA\\01.Originais\\AMD (Degeneração Macular Relacionada à Idade)\\ADAM\\__MACOSX\\ADAM\\Test\\Disc_Masks\\._T0198.bmp'
._T0199.bmp,cannot identify image file 'D:\\OIO+\\DATASET_RETINA\\01.Originais\\AMD (Degeneração Macular Relacionada à Idade)\\ADAM\\__MACOSX\\ADAM\\Test\\Disc_Masks\\._T0199.bmp'
._T0200.bmp,cannot identify image file 'D:\\OIO+\\DATASET_RETINA\\01.Originais\\AMD (Degeneração Macular Relacionada à Idade)\\ADAM\\__MACOSX\\ADAM\\Test\\Disc_Masks\\._T0200.bmp'
._T0201.bmp,cannot identify image file 'D:\\OIO+\\DATASET_RETINA\\01.Originais\\AMD (Degeneração Macular Relacionada à Idade)\\ADAM\\__MACOSX\\ADAM\\Test\\Disc_Masks\\._T0201.bmp'
._T0202.bmp,cannot identify image file 'D:\\OIO+\\DATASET_RETINA\\01.Originais\\AMD (Degeneração Macular Relacionada à Idade)\\ADAM\\__MACOSX\\ADAM\\Test\\Disc_Masks\\._T0202.bmp'
._T0203.bmp,cannot identify image file 'D:\\OIO+\\DATASET_RETINA\\01.Originais\\AMD (Degeneração Macular Relacionada à Idade)\\ADAM\\__MACOSX\\ADAM\\Test\\Disc_Masks\\._T0203.bmp'
._T0204.bmp,cannot identify image file 'D:\\OIO+\\DATASET_RETINA\\01.Originais\\AMD (Degeneração Macular Relacionada à Idade)\\ADAM\\__MACOSX\\ADAM\\Test\\Disc_Masks\\._T0204.bmp'
._T0205.bmp,cannot identify image file 'D:\\OIO+\\DATASET_RETINA\\01.Originais\\AMD (Degeneração Macular Relacionada à Idade)\\ADAM\\__MACOSX\\ADAM\\Test\\Disc_Masks\\._T0205.bmp'
._T0206.bmp,cannot identify image file 'D:\\OIO+\\DATASET_RETINA\\01.Originais\\AMD (Degeneração Macular Relacionada à Idade)\\ADAM\\__MACOSX\\ADAM\\Test\\Disc_Masks\\._T0206.bmp'
._T0207.bmp,cannot identify image file 'D:\\OIO+\\DATASET_RETINA\\01.Originais\\AMD (Degeneração Macular Relacionada à Idade)\\ADAM\\__MACOSX\\ADAM\\Test\\Disc_Masks\\._T0207.bmp'
._T0208.bmp,cannot identify image file 'D:\\OIO+\\DATASET_RETINA\\01.Originais\\AMD (Degeneração Macular Relacionada à Idade)\\ADAM\\__MACOSX\\ADAM\\Test\\Disc_Masks\\._T0208.bmp'
._T0209.bmp,cannot identify image file 'D:\\OIO+\\DATASET_RETINA\\01.Originais\\AMD (Degeneração Macular Relacionada à Idade)\\ADAM\\__MACOSX\\ADAM\\Test\\Disc_Masks\\._T0209.bmp'
._T0210.bmp,cannot identify image file 'D:\\OIO+\\DATASET_RETINA\\01.Originais\\AMD (Degeneração Macular Relacionada à Idade)\\ADAM\\__MACOSX\\ADAM\\Test\\Disc_Masks\\._T0210.bmp'
._T0211.bmp,cannot identify image file 'D:\\OIO+\\DATASET_RETINA\\01.Originais\\AMD (Degeneração Macular Relacionada à Idade)\\ADAM\\__MACOSX\\ADAM\\Test\\Disc_Masks\\._T0211.bmp'
._T0212.bmp,cannot identify image file 'D:\\OIO+\\DATASET_RETINA\\01.Originais\\AMD (Degeneração Macular Relacionada à Idade)\\ADAM\\__MACOSX\\ADAM\\Test\\Disc_Masks\\._T0212.bmp'
._T0213.bmp,cannot identify image file 'D:\\OIO+\\DATASET_RETINA\\01.Originais\\AMD (Degeneração Macular Relacionada à Idade)\\ADAM\\__MACOSX\\ADAM\\Test\\Disc_Masks\\._T0213.bmp'
._T0214.bmp,cannot identify image file 'D:\\OIO+\\DATASET_RETINA\\01.Originais\\AMD (Degeneração Macular Relacionada à Idade)\\ADAM\\__MACOSX\\ADAM\\Test\\Disc_Masks\\._T0214.bmp'
._T0215.bmp,cannot identify image file 'D:\\OIO+\\DATASET_RETINA\\01.Originais\\AMD (Degeneração Macular Relacionada à Idade)\\ADAM\\__MACOSX\\ADAM\\Test\\Disc_Masks\\._T0215.bmp'
._T0216.bmp,cannot identify image file 'D:\\OIO+\\DATASET_RETINA\\01.Originais\\AMD (Degeneração Macular Relacionada à Idade)\\ADAM\\__MACOSX\\ADAM\\Test\\Disc_Masks\\._T0216.bmp'
._T0217.bmp,cannot identify image file 'D:\\OIO+\\DATASET_RETINA\\01.Originais\\AMD (Degeneração Macular Relacionada à Idade)\\ADAM\\__MACOSX\\ADAM\\Test\\Disc_Masks\\._T0217.bmp'
._T0218.bmp,cannot identify image file 'D:\\OIO+\\DATASET_RETINA\\01.Originais\\AMD (Degeneração Macular Relacionada à Idade)\\ADAM\\__MACOSX\\ADAM\\Test\\Disc_Masks\\._T0218.bmp'
._T0219.bmp,cannot identify image file 'D:\\OIO+\\DATASET_RETINA\\01.Originais\\AMD (Degeneração Macular Relacionada à Idade)\\ADAM\\__MACOSX\\ADAM\\Test\\Disc_Masks\\._T0219.bmp'
._T0220.bmp,cannot identify image file 'D:\\OIO+\\DATASET_RETINA\\01.Originais\\AMD (Degeneração Macular Relacionada à Idade)\\ADAM\\__MACOSX\\ADAM\\Test\\Disc_Masks\\._T0220.bmp'
._T0221.bmp,cannot identify image file 'D:\\OIO+\\DATASET_RETINA\\01.Originais\\AMD (Degeneração Macular Relacionada à Idade)\\ADAM\\__MACOSX\\ADAM\\Test\\Disc_Masks\\._T0221.bmp'
._T0222.bmp,cannot identify image file 'D:\\OIO+\\DATASET_RETINA\\01.Originais\\AMD (Degeneração Macular Relacionada à Idade)\\ADAM\\__MACOSX\\ADAM\\Test\\Disc_Masks\\._T0222.bmp'
._T0223.bmp,cannot identify image file 'D:\\OIO+\\DATASET_RETINA\\01.Originais\\AMD (Degeneração Macular Relacionada à Idade)\\ADAM\\__MACOSX\\ADAM\\Test\\Disc_Masks\\._T0223.bmp'
._T0224.bmp,cannot identify image file 'D:\\OIO+\\DATASET_RETINA\\01.Originais\\AMD (Degeneração Macular Relacionada à Idade)\\ADAM\\__MACOSX\\ADAM\\Test\\Disc_Masks\\._T0224.bmp'
._T0225.bmp,cannot identify image file 'D:\\OIO+\\DATASET_RETINA\\01.Originais\\AMD (Degeneração Macular Relacionada à Idade)\\ADAM\\__MACOSX\\ADAM\\Test\\Disc_Masks\\._T0225.bmp'
._T0226.bmp,cannot identify image file 'D:\\OIO+\\DATASET_RETINA\\01.Originais\\AMD (Degeneração Macular Relacionada à Idade)\\ADAM\\__MACOSX\\ADAM\\Test\\Disc_Masks\\._T0226.bmp'
._T0227.bmp,cannot identify image file 'D:\\OIO+\\DATASET_RETINA\\01.Originais\\AMD (Degeneração Macular Relacionada à Idade)\\ADAM\\__MACOSX\\ADAM\\Test\\Disc_Masks\\._T0227.bmp'
._T0228.bmp,cannot identify image file 'D:\\OIO+\\DATASET_RETINA\\01.Originais\\AMD (Degeneração Macular Relacionada à Idade)\\ADAM\\__MACOSX\\ADAM\\Test\\Disc_Masks\\._T0228.bmp'
._T0229.bmp,cannot identify image file 'D:\\OIO+\\DATASET_RETINA\\01.Originais\\AMD (Degeneração Macular Relacionada à Idade)\\ADAM\\__MACOSX\\ADAM\\Test\\Disc_Masks\\._T0229.bmp'
._T0230.bmp,cannot identify image file 'D:\\OIO+\\DATASET_RETINA\\01.Originais\\AMD (Degeneração Macular Relacionada à Idade)\\ADAM\\__MACOSX\\ADAM\\Test\\Disc_Masks\\._T0230.bmp'
._T0231.bmp,cannot identify image file 'D:\\OIO+\\DATASET_RETINA\\01.Originais\\AMD (Degeneração Macular Relacionada à Idade)\\ADAM\\__MACOSX\\ADAM\\Test\\Disc_Masks\\._T0231.bmp'
._T0232.bmp,cannot identify image file 'D:\\OIO+\\DATASET_RETINA\\01.Originais\\AMD (Degeneração Macular Relacionada à Idade)\\ADAM\\__MACOSX\\ADAM\\Test\\Disc_Masks\\._T0232.bmp'
._T0233.bmp,cannot identify image file 'D:\\OIO+\\DATASET_RETINA\\01.Originais\\AMD (Degeneração Macular Relacionada à Idade)\\ADAM\\__MACOSX\\ADAM\\Test\\Disc_Masks\\._T0233.bmp'
._T0234.bmp,cannot identify image file 'D:\\OIO+\\DATASET_RETINA\\01.Originais\\AMD (Degeneração Macular Relacionada à Idade)\\ADAM\\__MACOSX\\ADAM\\Test\\Disc_Masks\\._T0234.bmp'
._T0235.bmp,cannot identify image file 'D:\\OIO+\\DATASET_RETINA\\01.Originais\\AMD (Degeneração Macular Relacionada à Idade)\\ADAM\\__MACOSX\\ADAM\\Test\\Disc_Masks\\._T0235.bmp'
._T0236.bmp,cannot identify image file 'D:\\OIO+\\DATASET_RETINA\\01.Originais\\AMD (Degeneração Macular Relacionada à Idade)\\ADAM\\__MACOSX\\ADAM\\Test\\Disc_Masks\\._T0236.bmp'
._T0237.bmp,cannot identify image file 'D:\\OIO+\\DATASET_RETINA\\01.Originais\\AMD (Degeneração Macular Relacionada à Idade)\\ADAM\\__MACOSX\\ADAM\\Test\\Disc_Masks\\._T0237.bmp'
._T0238.bmp,cannot identify image file 'D:\\OIO+\\DATASET_RETINA\\01.Originais\\AMD (Degeneração Macular Relacionada à Idade)\\ADAM\\__MACOSX\\ADAM\\Test\\Disc_Masks\\._T0238.bmp'
._T0239.bmp,cannot identify image file 'D:\\OIO+\\DATASET_RETINA\\01.Originais\\AMD (Degeneração Macular Relacionada à Idade)\\ADAM\\__MACOSX\\ADAM\\Test\\Disc_Masks\\._T0239.bmp'
._T0240.bmp,cannot identify image file 'D:\\OIO+\\DATASET_RETINA\\01.Originais\\AMD (Degeneração Macular Relacionada à Idade)\\ADAM\\__MACOSX\\ADAM\\Test\\Disc_Masks\\._T0240.bmp'
._T0241.bmp,cannot identify image file 'D:\\OIO+\\DATASET_RETINA\\01.Originais\\AMD (Degeneração Macular Relacionada à Idade)\\ADAM\\__MACOSX\\ADAM\\Test\\Disc_Masks\\._T0241.bmp'
._T0242.bmp,cannot identify image file 'D:\\OIO+\\DATASET_RETINA\\01.Originais\\AMD (Degeneração Macular Relacionada à Idade)\\ADAM\\__MACOSX\\ADAM\\Test\\Disc_Masks\\._T0242.bmp'
._T0243.bmp,cannot identify image file 'D:\\OIO+\\DATASET_RETINA\\01.Originais\\AMD (Degeneração Macular Relacionada à Idade)\\ADAM\\__MACOSX\\ADAM\\Test\\Disc_Masks\\._T0243.bmp'
._T0244.bmp,cannot identify image file 'D:\\OIO+\\DATASET_RETINA\\01.Originais\\AMD (Degeneração Macular Relacionada à Idade)\\ADAM\\__MACOSX\\ADAM\\Test\\Disc_Masks\\._T0244.bmp'
._T0245.bmp,cannot identify image file 'D:\\OIO+\\DATASET_RETINA\\01.Originais\\AMD (Degeneração Macular Relacionada à Idade)\\ADAM\\__MACOSX\\ADAM\\Test\\Disc_Masks\\._T0245.bmp'
._T0246.bmp,cannot identify image file 'D:\\OIO+\\DATASET_RETINA\\01.Originais\\AMD (Degeneração Macular Relacionada à Idade)\\ADAM\\__MACOSX\\ADAM\\Test\\Disc_Masks\\._T0246.bmp'
._T0247.bmp,cannot identify image file 'D:\\OIO+\\DATASET_RETINA\\01.Originais\\AMD (Degeneração Macular Relacionada à Idade)\\ADAM\\__MACOSX\\ADAM\\Test\\Disc_Masks\\._T0247.bmp'
._T0248.bmp,cannot identify image file 'D:\\OIO+\\DATASET_RETINA\\01.Originais\\AMD (Degeneração Macular Relacionada à Idade)\\ADAM\\__MACOSX\\ADAM\\Test\\Disc_Masks\\._T0248.bmp'
._T0249.bmp,cannot identify image file 'D:\\OIO+\\DATASET_RETINA\\01.Originais\\AMD (Degeneração Macular Relacionada à Idade)\\ADAM\\__MACOSX\\ADAM\\Test\\Disc_Masks\\._T0249.bmp'
._T0250.bmp,cannot identify image file 'D:\\OIO+\\DATASET_RETINA\\01.Originais\\AMD (Degeneração Macular Relacionada à Idade)\\ADAM\\__MACOSX\\ADAM\\Test\\Disc_Masks\\._T0250.bmp'
._T0251.bmp,cannot identify image file 'D:\\OIO+\\DATASET_RETINA\\01.Originais\\AMD (Degeneração Macular Relacionada à Idade)\\ADAM\\__MACOSX\\ADAM\\Test\\Disc_Masks\\._T0251.bmp'
._T0252.bmp,cannot identify image file 'D:\\OIO+\\DATASET_RETINA\\01.Originais\\AMD (Degeneração Macular Relacionada à Idade)\\ADAM\\__MACOSX\\ADAM\\Test\\Disc_Masks\\._T0252.bmp'
._T0253.bmp,cannot identify image file 'D:\\OIO+\\DATASET_RETINA\\01.Originais\\AMD (Degeneração Macular Relacionada à Idade)\\ADAM\\__MACOSX\\ADAM\\Test\\Disc_Masks\\._T0253.bmp'
._T0254.bmp,cannot identify image file 'D:\\OIO+\\DATASET_RETINA\\01.Originais\\AMD (Degeneração Macular Relacionada à Idade)\\ADAM\\__MACOSX\\ADAM\\Test\\Disc_Masks\\._T0254.bmp'
._T0255.bmp,cannot identify image file 'D:\\OIO+\\DATASET_RETINA\\01.Originais\\AMD (Degeneração Macular Relacionada à Idade)\\ADAM\\__MACOSX\\ADAM\\Test\\Disc_Masks\\._T0255.bmp'
._T0256.bmp,cannot identify image file 'D:\\OIO+\\DATASET_RETINA\\01.Originais\\AMD (Degeneração Macular Relacionada à Idade)\\ADAM\\__MACOSX\\ADAM\\Test\\Disc_Masks\\._T0256.bmp'
._T0257.bmp,cannot identify image file 'D:\\OIO+\\DATASET_RETINA\\01.Originais\\AMD (Degeneração Macular Relacionada à Idade)\\ADAM\\__MACOSX\\ADAM\\Test\\Disc_Masks\\._T0257.bmp'
._T0258.bmp,cannot identify image file 'D:\\OIO+\\DATASET_RETINA\\01.Originais\\AMD (Degeneração Macular Relacionada à Idade)\\ADAM\\__MACOSX\\ADAM\\Test\\Disc_Masks\\._T0258.bmp'
._T0259.bmp,cannot identify image file 'D:\\OIO+\\DATASET_RETINA\\01.Originais\\AMD (Degeneração Macular Relacionada à Idade)\\ADAM\\__MACOSX\\ADAM\\Test\\Disc_Masks\\._T0259.bmp'
._T0260.bmp,cannot identify image file 'D:\\OIO+\\DATASET_RETINA\\01.Originais\\AMD (Degeneração Macular Relacionada à Idade)\\ADAM\\__MACOSX\\ADAM\\Test\\Disc_Masks\\._T0260.bmp'
._T0261.bmp,cannot identify image file 'D:\\OIO+\\DATASET_RETINA\\01.Originais\\AMD (Degeneração Macular Relacionada à Idade)\\ADAM\\__MACOSX\\ADAM\\Test\\Disc_Masks\\._T0261.bmp'
._T0262.bmp,cannot identify image file 'D:\\OIO+\\DATASET_RETINA\\01.Originais\\AMD (Degeneração Macular Relacionada à Idade)\\ADAM\\__MACOSX\\ADAM\\Test\\Disc_Masks\\._T0262.bmp'
._T0263.bmp,cannot identify image file 'D:\\OIO+\\DATASET_RETINA\\01.Originais\\AMD (Degeneração Macular Relacionada à Idade)\\ADAM\\__MACOSX\\ADAM\\Test\\Disc_Masks\\._T0263.bmp'
._T0264.bmp,cannot identify image file 'D:\\OIO+\\DATASET_RETINA\\01.Originais\\AMD (Degeneração Macular Relacionada à Idade)\\ADAM\\__MACOSX\\ADAM\\Test\\Disc_Masks\\._T0264.bmp'
._T0265.bmp,cannot identify image file 'D:\\OIO+\\DATASET_RETINA\\01.Originais\\AMD (Degeneração Macular Relacionada à Idade)\\ADAM\\__MACOSX\\ADAM\\Test\\Disc_Masks\\._T0265.bmp'
._T0266.bmp,cannot identify image file 'D:\\OIO+\\DATASET_RETINA\\01.Originais\\AMD (Degeneração Macular Relacionada à Idade)\\ADAM\\__MACOSX\\ADAM\\Test\\Disc_Masks\\._T0266.bmp'
._T0267.bmp,cannot identify image file 'D:\\OIO+\\DATASET_RETINA\\01.Originais\\AMD (Degeneração Macular Relacionada à Idade)\\ADAM\\__MACOSX\\ADAM\\Test\\Disc_Masks\\._T0267.bmp'
._T0268.bmp,cannot identify image file 'D:\\OIO+\\DATASET_RETINA\\01.Originais\\AMD (Degeneração Macular Relacionada à Idade)\\ADAM\\__MACOSX\\ADAM\\Test\\Disc_Masks\\._T0268.bmp'
._T0269.bmp,cannot identify image file 'D:\\OIO+\\DATASET_RETINA\\01.Originais\\AMD (Degeneração Macular Relacionada à Idade)\\ADAM\\__MACOSX\\ADAM\\Test\\Disc_Masks\\._T0269.bmp'
._T0270.bmp,cannot identify image file 'D:\\OIO+\\DATASET_RETINA\\01.Originais\\AMD (Degeneração Macular Relacionada à Idade)\\ADAM\\__MACOSX\\ADAM\\Test\\Disc_Masks\\._T0270.bmp'
._T0271.bmp,cannot identify image file 'D:\\OIO+\\DATASET_RETINA\\01.Originais\\AMD (Degeneração Macular Relacionada à Idade)\\ADAM\\__MACOSX\\ADAM\\Test\\Disc_Masks\\._T0271.bmp'
._T0272.bmp,cannot identify image file 'D:\\OIO+\\DATASET_RETINA\\01.Originais\\AMD (Degeneração Macular Relacionada à Idade)\\ADAM\\__MACOSX\\ADAM\\Test\\Disc_Masks\\._T0272.bmp'
._T0273.bmp,cannot identify image file 'D:\\OIO+\\DATASET_RETINA\\01.Originais\\AMD (Degeneração Macular Relacionada à Idade)\\ADAM\\__MACOSX\\ADAM\\Test\\Disc_Masks\\._T0273.bmp'
._T0274.bmp,cannot identify image file 'D:\\OIO+\\DATASET_RETINA\\01.Originais\\AMD (Degeneração Macular Relacionada à Idade)\\ADAM\\__MACOSX\\ADAM\\Test\\Disc_Masks\\._T0274.bmp'
._T0275.bmp,cannot identify image file 'D:\\OIO+\\DATASET_RETINA\\01.Originais\\AMD (Degeneração Macular Relacionada à Idade)\\ADAM\\__MACOSX\\ADAM\\Test\\Disc_Masks\\._T0275.bmp'
._T0276.bmp,cannot identify image file 'D:\\OIO+\\DATASET_RETINA\\01.Originais\\AMD (Degeneração Macular Relacionada à Idade)\\ADAM\\__MACOSX\\ADAM\\Test\\Disc_Masks\\._T0276.bmp'
._T0277.bmp,cannot identify image file 'D:\\OIO+\\DATASET_RETINA\\01.Originais\\AMD (Degeneração Macular Relacionada à Idade)\\ADAM\\__MACOSX\\ADAM\\Test\\Disc_Masks\\._T0277.bmp'
._T0278.bmp,cannot identify image file 'D:\\OIO+\\DATASET_RETINA\\01.Originais\\AMD (Degeneração Macular Relacionada à Idade)\\ADAM\\__MACOSX\\ADAM\\Test\\Disc_Masks\\._T0278.bmp'
._T0279.bmp,cannot identify image file 'D:\\OIO+\\DATASET_RETINA\\01.Originais\\AMD (Degeneração Macular Relacionada à Idade)\\ADAM\\__MACOSX\\ADAM\\Test\\Disc_Masks\\._T0279.bmp'
._T0280.bmp,cannot identify image file 'D:\\OIO+\\DATASET_RETINA\\01.Originais\\AMD (Degeneração Macular Relacionada à Idade)\\ADAM\\__MACOSX\\ADAM\\Test\\Disc_Masks\\._T0280.bmp'
._T0281.bmp,cannot identify image file 'D:\\OIO+\\DATASET_RETINA\\01.Originais\\AMD (Degeneração Macular Relacionada à Idade)\\ADAM\\__MACOSX\\ADAM\\Test\\Disc_Masks\\._T0281.bmp'
._T0282.bmp,cannot identify image file 'D:\\OIO+\\DATASET_RETINA\\01.Originais\\AMD (Degeneração Macular Relacionada à Idade)\\ADAM\\__MACOSX\\ADAM\\Test\\Disc_Masks\\._T0282.bmp'
._T0283.bmp,cannot identify image file 'D:\\OIO+\\DATASET_RETINA\\01.Originais\\AMD (Degeneração Macular Relacionada à Idade)\\ADAM\\__MACOSX\\ADAM\\Test\\Disc_Masks\\._T0283.bmp'
._T0284.bmp,cannot identify image file 'D:\\OIO+\\DATASET_RETINA\\01.Originais\\AMD (Degeneração Macular Relacionada à Idade)\\ADAM\\__MACOSX\\ADAM\\Test\\Disc_Masks\\._T0284.bmp'
._T0285.bmp,cannot identify image file 'D:\\OIO+\\DATASET_RETINA\\01.Originais\\AMD (Degeneração Macular Relacionada à Idade)\\ADAM\\__MACOSX\\ADAM\\Test\\Disc_Masks\\._T0285.bmp'
._T0286.bmp,cannot identify image file 'D:\\OIO+\\DATASET_RETINA\\01.Originais\\AMD (Degeneração Macular Relacionada à Idade)\\ADAM\\__MACOSX\\ADAM\\Test\\Disc_Masks\\._T0286.bmp'
._T0287.bmp,cannot identify image file 'D:\\OIO+\\DATASET_RETINA\\01.Originais\\AMD (Degeneração Macular Relacionada à Idade)\\ADAM\\__MACOSX\\ADAM\\Test\\Disc_Masks\\._T0287.bmp'
._T0288.bmp,cannot identify image file 'D:\\OIO+\\DATASET_RETINA\\01.Originais\\AMD (Degeneração Macular Relacionada à Idade)\\ADAM\\__MACOSX\\ADAM\\Test\\Disc_Masks\\._T0288.bmp'
._T0289.bmp,cannot identify image file 'D:\\OIO+\\DATASET_RETINA\\01.Originais\\AMD (Degeneração Macular Relacionada à Idade)\\ADAM\\__MACOSX\\ADAM\\Test\\Disc_Masks\\._T0289.bmp'
._T0290.bmp,cannot identify image file 'D:\\OIO+\\DATASET_RETINA\\01.Originais\\AMD (Degeneração Macular Relacionada à Idade)\\ADAM\\__MACOSX\\ADAM\\Test\\Disc_Masks\\._T0290.bmp'
._T0291.bmp,cannot identify image file 'D:\\OIO+\\DATASET_RETINA\\01.Originais\\AMD (Degeneração Macular Relacionada à Idade)\\ADAM\\__MACOSX\\ADAM\\Test\\Disc_Masks\\._T0291.bmp'
._T0292.bmp,cannot identify image file 'D:\\OIO+\\DATASET_RETINA\\01.Originais\\AMD (Degeneração Macular Relacionada à Idade)\\ADAM\\__MACOSX\\ADAM\\Test\\Disc_Masks\\._T0292.bmp'
._T0293.bmp,cannot identify image file 'D:\\OIO+\\DATASET_RETINA\\01.Originais\\AMD (Degeneração Macular Relacionada à Idade)\\ADAM\\__MACOSX\\ADAM\\Test\\Disc_Masks\\._T0293.bmp'
._T0294.bmp,cannot identify image file 'D:\\OIO+\\DATASET_RETINA\\01.Originais\\AMD (Degeneração Macular Relacionada à Idade)\\ADAM\\__MACOSX\\ADAM\\Test\\Disc_Masks\\._T0294.bmp'
._T0295.bmp,cannot identify image file 'D:\\OIO+\\DATASET_RETINA\\01.Originais\\AMD (Degeneração Macular Relacionada à Idade)\\ADAM\\__MACOSX\\ADAM\\Test\\Disc_Masks\\._T0295.bmp'
._T0296.bmp,cannot identify image file 'D:\\OIO+\\DATASET_RETINA\\01.Originais\\AMD (Degeneração Macular Relacionada à Idade)\\ADAM\\__MACOSX\\ADAM\\Test\\Disc_Masks\\._T0296.bmp'
._T0297.bmp,cannot identify image file 'D:\\OIO+\\DATASET_RETINA\\01.Originais\\AMD (Degeneração Macular Relacionada à Idade)\\ADAM\\__MACOSX\\ADAM\\Test\\Disc_Masks\\._T0297.bmp'
._T0298.bmp,cannot identify image file 'D:\\OIO+\\DATASET_RETINA\\01.Originais\\AMD (Degeneração Macular Relacionada à Idade)\\ADAM\\__MACOSX\\ADAM\\Test\\Disc_Masks\\._T0298.bmp'
._T0299.bmp,cannot identify image file 'D:\\OIO+\\DATASET_RETINA\\01.Originais\\AMD (Degeneração Macular Relacionada à Idade)\\ADAM\\__MACOSX\\ADAM\\Test\\Disc_Masks\\._T0299.bmp'
._T0300.bmp,cannot identify image file 'D:\\OIO+\\DATASET_RETINA\\01.Originais\\AMD (Degeneração Macular Relacionada à Idade)\\ADAM\\__MACOSX\\ADAM\\Test\\Disc_Masks\\._T0300.bmp'
._T0301.bmp,cannot identify image file 'D:\\OIO+\\DATASET_RETINA\\01.Originais\\AMD (Degeneração Macular Relacionada à Idade)\\ADAM\\__MACOSX\\ADAM\\Test\\Disc_Masks\\._T0301.bmp'
._T0302.bmp,cannot identify image file 'D:\\OIO+\\DATASET_RETINA\\01.Originais\\AMD (Degeneração Macular Relacionada à Idade)\\ADAM\\__MACOSX\\ADAM\\Test\\Disc_Masks\\._T0302.bmp'
._T0303.bmp,cannot identify image file 'D:\\OIO+\\DATASET_RETINA\\01.Originais\\AMD (Degeneração Macular Relacionada à Idade)\\ADAM\\__MACOSX\\ADAM\\Test\\Disc_Masks\\._T0303.bmp'
._T0304.bmp,cannot identify image file 'D:\\OIO+\\DATASET_RETINA\\01.Originais\\AMD (Degeneração Macular Relacionada à Idade)\\ADAM\\__MACOSX\\ADAM\\Test\\Disc_Masks\\._T0304.bmp'
._T0305.bmp,cannot identify image file 'D:\\OIO+\\DATASET_RETINA\\01.Originais\\AMD (Degeneração Macular Relacionada à Idade)\\ADAM\\__MACOSX\\ADAM\\Test\\Disc_Masks\\._T0305.bmp'
._T0306.bmp,cannot identify image file 'D:\\OIO+\\DATASET_RETINA\\01.Originais\\AMD (Degeneração Macular Relacionada à Idade)\\ADAM\\__MACOSX\\ADAM\\Test\\Disc_Masks\\._T0306.bmp'
._T0307.bmp,cannot identify image file 'D:\\OIO+\\DATASET_RETINA\\01.Originais\\AMD (Degeneração Macular Relacionada à Idade)\\ADAM\\__MACOSX\\ADAM\\Test\\Disc_Masks\\._T0307.bmp'
._T0308.bmp,cannot identify image file 'D:\\OIO+\\DATASET_RETINA\\01.Originais\\AMD (Degeneração Macular Relacionada à Idade)\\ADAM\\__MACOSX\\ADAM\\Test\\Disc_Masks\\._T0308.bmp'
._T0309.bmp,cannot identify image file 'D:\\OIO+\\DATASET_RETINA\\01.Originais\\AMD (Degeneração Macular Relacionada à Idade)\\ADAM\\__MACOSX\\ADAM\\Test\\Disc_Masks\\._T0309.bmp'
._T0310.bmp,cannot identify image file 'D:\\OIO+\\DATASET_RETINA\\01.Originais\\AMD (Degeneração Macular Relacionada à Idade)\\ADAM\\__MACOSX\\ADAM\\Test\\Disc_Masks\\._T0310.bmp'
._T0311.bmp,cannot identify image file 'D:\\OIO+\\DATASET_RETINA\\01.Originais\\AMD (Degeneração Macular Relacionada à Idade)\\ADAM\\__MACOSX\\ADAM\\Test\\Disc_Masks\\._T0311.bmp'
._T0312.bmp,cannot identify image file 'D:\\OIO+\\DATASET_RETINA\\01.Originais\\AMD (Degeneração Macular Relacionada à Idade)\\ADAM\\__MACOSX\\ADAM\\Test\\Disc_Masks\\._T0312.bmp'
._T0313.bmp,cannot identify image file 'D:\\OIO+\\DATASET_RETINA\\01.Originais\\AMD (Degeneração Macular Relacionada à Idade)\\ADAM\\__MACOSX\\ADAM\\Test\\Disc_Masks\\._T0313.bmp'
._T0314.bmp,cannot identify image file 'D:\\OIO+\\DATASET_RETINA\\01.Originais\\AMD (Degeneração Macular Relacionada à Idade)\\ADAM\\__MACOSX\\ADAM\\Test\\Disc_Masks\\._T0314.bmp'
._T0315.bmp,cannot identify image file 'D:\\OIO+\\DATASET_RETINA\\01.Originais\\AMD (Degeneração Macular Relacionada à Idade)\\ADAM\\__MACOSX\\ADAM\\Test\\Disc_Masks\\._T0315.bmp'
._T0316.bmp,cannot identify image file 'D:\\OIO+\\DATASET_RETINA\\01.Originais\\AMD (Degeneração Macular Relacionada à Idade)\\ADAM\\__MACOSX\\ADAM\\Test\\Disc_Masks\\._T0316.bmp'
._T0317.bmp,cannot identify image file 'D:\\OIO+\\DATASET_RETINA\\01.Originais\\AMD (Degeneração Macular Relacionada à Idade)\\ADAM\\__MACOSX\\ADAM\\Test\\Disc_Masks\\._T0317.bmp'
._T0318.bmp,cannot identify image file 'D:\\OIO+\\DATASET_RETINA\\01.Originais\\AMD (Degeneração Macular Relacionada à Idade)\\ADAM\\__MACOSX\\ADAM\\Test\\Disc_Masks\\._T0318.bmp'
._T0319.bmp,cannot identify image file 'D:\\OIO+\\DATASET_RETINA\\01.Originais\\AMD (Degeneração Macular Relacionada à Idade)\\ADAM\\__MACOSX\\ADAM\\Test\\Disc_Masks\\._T0319.bmp'
._T0320.bmp,cannot identify image file 'D:\\OIO+\\DATASET_RETINA\\01.Originais\\AMD (Degeneração Macular Relacionada à Idade)\\ADAM\\__MACOSX\\ADAM\\Test\\Disc_Masks\\._T0320.bmp'
._T0321.bmp,cannot identify image file 'D:\\OIO+\\DATASET_RETINA\\01.Originais\\AMD (Degeneração Macular Relacionada à Idade)\\ADAM\\__MACOSX\\ADAM\\Test\\Disc_Masks\\._T0321.bmp'
._T0322.bmp,cannot identify image file 'D:\\OIO+\\DATASET_RETINA\\01.Originais\\AMD (Degeneração Macular Relacionada à Idade)\\ADAM\\__MACOSX\\ADAM\\Test\\Disc_Masks\\._T0322.bmp'
._T0323.bmp,cannot identify image file 'D:\\OIO+\\DATASET_RETINA\\01.Originais\\AMD (Degeneração Macular Relacionada à Idade)\\ADAM\\__MACOSX\\ADAM\\Test\\Disc_Masks\\._T0323.bmp'
._T0324.bmp,cannot identify image file 'D:\\OIO+\\DATASET_RETINA\\01.Originais\\AMD (Degeneração Macular Relacionada à Idade)\\ADAM\\__MACOSX\\ADAM\\Test\\Disc_Masks\\._T0324.bmp'
._T0325.bmp,cannot identify image file 'D:\\OIO+\\DATASET_RETINA\\01.Originais\\AMD (Degeneração Macular Relacionada à Idade)\\ADAM\\__MACOSX\\ADAM\\Test\\Disc_Masks\\._T0325.bmp'
._T0326.bmp,cannot identify image file 'D:\\OIO+\\DATASET_RETINA\\01.Originais\\AMD (Degeneração Macular Relacionada à Idade)\\ADAM\\__MACOSX\\ADAM\\Test\\Disc_Masks\\._T0326.bmp'
._T0327.bmp,cannot identify image file 'D:\\OIO+\\DATASET_RETINA\\01.Originais\\AMD (Degeneração Macular Relacionada à Idade)\\ADAM\\__MACOSX\\ADAM\\Test\\Disc_Masks\\._T0327.bmp'
._T0328.bmp,cannot identify image file 'D:\\OIO+\\DATASET_RETINA\\01.Originais\\AMD (Degeneração Macular Relacionada à Idade)\\ADAM\\__MACOSX\\ADAM\\Test\\Disc_Masks\\._T0328.bmp'
._T0329.bmp,cannot identify image file 'D:\\OIO+\\DATASET_RETINA\\01.Originais\\AMD (Degeneração Macular Relacionada à Idade)\\ADAM\\__MACOSX\\ADAM\\Test\\Disc_Masks\\._T0329.bmp'
._T0330.bmp,cannot identify image file 'D:\\OIO+\\DATASET_RETINA\\01.Originais\\AMD (Degeneração Macular Relacionada à Idade)\\ADAM\\__MACOSX\\ADAM\\Test\\Disc_Masks\\._T0330.bmp'
._T0331.bmp,cannot identify image file 'D:\\OIO+\\DATASET_RETINA\\01.Originais\\AMD (Degeneração Macular Relacionada à Idade)\\ADAM\\__MACOSX\\ADAM\\Test\\Disc_Masks\\._T0331.bmp'
._T0332.bmp,cannot identify image file 'D:\\OIO+\\DATASET_RETINA\\01.Originais\\AMD (Degeneração Macular Relacionada à Idade)\\ADAM\\__MACOSX\\ADAM\\Test\\Disc_Masks\\._T0332.bmp'
._T0333.bmp,cannot identify image file 'D:\\OIO+\\DATASET_RETINA\\01.Originais\\AMD (Degeneração Macular Relacionada à Idade)\\ADAM\\__MACOSX\\ADAM\\Test\\Disc_Masks\\._T0333.bmp'
._T0334.bmp,cannot identify image file 'D:\\OIO+\\DATASET_RETINA\\01.Originais\\AMD (Degeneração Macular Relacionada à Idade)\\ADAM\\__MACOSX\\ADAM\\Test\\Disc_Masks\\._T0334.bmp'
._T0335.bmp,cannot identify image file 'D:\\OIO+\\DATASET_RETINA\\01.Originais\\AMD (Degeneração Macular Relacionada à Idade)\\ADAM\\__MACOSX\\ADAM\\Test\\Disc_Masks\\._T0335.bmp'
._T0336.bmp,cannot identify image file 'D:\\OIO+\\DATASET_RETINA\\01.Originais\\AMD (Degeneração Macular Relacionada à Idade)\\ADAM\\__MACOSX\\ADAM\\Test\\Disc_Masks\\._T0336.bmp'
._T0337.bmp,cannot identify image file 'D:\\OIO+\\DATASET_RETINA\\01.Originais\\AMD (Degeneração Macular Relacionada à Idade)\\ADAM\\__MACOSX\\ADAM\\Test\\Disc_Masks\\._T0337.bmp'
._T0338.bmp,cannot identify image file 'D:\\OIO+\\DATASET_RETINA\\01.Originais\\AMD (Degeneração Macular Relacionada à Idade)\\ADAM\\__MACOSX\\ADAM\\Test\\Disc_Masks\\._T0338.bmp'
._T0339.bmp,cannot identify image file 'D:\\OIO+\\DATASET_RETINA\\01.Originais\\AMD (Degeneração Macular Relacionada à Idade)\\ADAM\\__MACOSX\\ADAM\\Test\\Disc_Masks\\._T0339.bmp'
._T0340.bmp,cannot identify image file 'D:\\OIO+\\DATASET_RETINA\\01.Originais\\AMD (Degeneração Macular Relacionada à Idade)\\ADAM\\__MACOSX\\ADAM\\Test\\Disc_Masks\\._T0340.bmp'
._T0341.bmp,cannot identify image file 'D:\\OIO+\\DATASET_RETINA\\01.Originais\\AMD (Degeneração Macular Relacionada à Idade)\\ADAM\\__MACOSX\\ADAM\\Test\\Disc_Masks\\._T0341.bmp'
._T0342.bmp,cannot identify image file 'D:\\OIO+\\DATASET_RETINA\\01.Originais\\AMD (Degeneração Macular Relacionada à Idade)\\ADAM\\__MACOSX\\ADAM\\Test\\Disc_Masks\\._T0342.bmp'
._T0343.bmp,cannot identify image file 'D:\\OIO+\\DATASET_RETINA\\01.Originais\\AMD (Degeneração Macular Relacionada à Idade)\\ADAM\\__MACOSX\\ADAM\\Test\\Disc_Masks\\._T0343.bmp'
._T0344.bmp,cannot identify image file 'D:\\OIO+\\DATASET_RETINA\\01.Originais\\AMD (Degeneração Macular Relacionada à Idade)\\ADAM\\__MACOSX\\ADAM\\Test\\Disc_Masks\\._T0344.bmp'
._T0345.bmp,cannot identify image file 'D:\\OIO+\\DATASET_RETINA\\01.Originais\\AMD (Degeneração Macular Relacionada à Idade)\\ADAM\\__MACOSX\\ADAM\\Test\\Disc_Masks\\._T0345.bmp'
._T0346.bmp,cannot identify image file 'D:\\OIO+\\DATASET_RETINA\\01.Originais\\AMD (Degeneração Macular Relacionada à Idade)\\ADAM\\__MACOSX\\ADAM\\Test\\Disc_Masks\\._T0346.bmp'
._T0347.bmp,cannot identify image file 'D:\\OIO+\\DATASET_RETINA\\01.Originais\\AMD (Degeneração Macular Relacionada à Idade)\\ADAM\\__MACOSX\\ADAM\\Test\\Disc_Masks\\._T0347.bmp'
._T0348.bmp,cannot identify image file 'D:\\OIO+\\DATASET_RETINA\\01.Originais\\AMD (Degeneração Macular Relacionada à Idade)\\ADAM\\__MACOSX\\ADAM\\Test\\Disc_Masks\\._T0348.bmp'
._T0349.bmp,cannot identify image file 'D:\\OIO+\\DATASET_RETINA\\01.Originais\\AMD (Degeneração Macular Relacionada à Idade)\\ADAM\\__MACOSX\\ADAM\\Test\\Disc_Masks\\._T0349.bmp'
._T0350.bmp,cannot identify image file 'D:\\OIO+\\DATASET_RETINA\\01.Originais\\AMD (Degeneração Macular Relacionada à Idade)\\ADAM\\__MACOSX\\ADAM\\Test\\Disc_Masks\\._T0350.bmp'
._T0351.bmp,cannot identify image file 'D:\\OIO+\\DATASET_RETINA\\01.Originais\\AMD (Degeneração Macular Relacionada à Idade)\\ADAM\\__MACOSX\\ADAM\\Test\\Disc_Masks\\._T0351.bmp'
._T0352.bmp,cannot identify image file 'D:\\OIO+\\DATASET_RETINA\\01.Originais\\AMD (Degeneração Macular Relacionada à Idade)\\ADAM\\__MACOSX\\ADAM\\Test\\Disc_Masks\\._T0352.bmp'
._T0353.bmp,cannot identify image file 'D:\\OIO+\\DATASET_RETINA\\01.Originais\\AMD (Degeneração Macular Relacionada à Idade)\\ADAM\\__MACOSX\\ADAM\\Test\\Disc_Masks\\._T0353.bmp'
._T0354.bmp,cannot identify image file 'D:\\OIO+\\DATASET_RETINA\\01.Originais\\AMD (Degeneração Macular Relacionada à Idade)\\ADAM\\__MACOSX\\ADAM\\Test\\Disc_Masks\\._T0354.bmp'
._T0355.bmp,cannot identify image file 'D:\\OIO+\\DATASET_RETINA\\01.Originais\\AMD (Degeneração Macular Relacionada à Idade)\\ADAM\\__MACOSX\\ADAM\\Test\\Disc_Masks\\._T0355.bmp'
._T0356.bmp,cannot identify image file 'D:\\OIO+\\DATASET_RETINA\\01.Originais\\AMD (Degeneração Macular Relacionada à Idade)\\ADAM\\__MACOSX\\ADAM\\Test\\Disc_Masks\\._T0356.bmp'
._T0357.bmp,cannot identify image file 'D:\\OIO+\\DATASET_RETINA\\01.Originais\\AMD (Degeneração Macular Relacionada à Idade)\\ADAM\\__MACOSX\\ADAM\\Test\\Disc_Masks\\._T0357.bmp'
._T0358.bmp,cannot identify image file 'D:\\OIO+\\DATASET_RETINA\\01.Originais\\AMD (Degeneração Macular Relacionada à Idade)\\ADAM\\__MACOSX\\ADAM\\Test\\Disc_Masks\\._T0358.bmp'
._T0359.bmp,cannot identify image file 'D:\\OIO+\\DATASET_RETINA\\01.Originais\\AMD (Degeneração Macular Relacionada à Idade)\\ADAM\\__MACOSX\\ADAM\\Test\\Disc_Masks\\._T0359.bmp'
._T0360.bmp,cannot identify image file 'D:\\OIO+\\DATASET_RETINA\\01.Originais\\AMD (Degeneração Macular Relacionada à Idade)\\ADAM\\__MACOSX\\ADAM\\Test\\Disc_Masks\\._T0360.bmp'
._T0361.bmp,cannot identify image file 'D:\\OIO+\\DATASET_RETINA\\01.Originais\\AMD (Degeneração Macular Relacionada à Idade)\\ADAM\\__MACOSX\\ADAM\\Test\\Disc_Masks\\._T0361.bmp'
._T0362.bmp,cannot identify image file 'D:\\OIO+\\DATASET_RETINA\\01.Originais\\AMD (Degeneração Macular Relacionada à Idade)\\ADAM\\__MACOSX\\ADAM\\Test\\Disc_Masks\\._T0362.bmp'
._T0363.bmp,cannot identify image file 'D:\\OIO+\\DATASET_RETINA\\01.Originais\\AMD (Degeneração Macular Relacionada à Idade)\\ADAM\\__MACOSX\\ADAM\\Test\\Disc_Masks\\._T0363.bmp'
._T0364.bmp,cannot identify image file 'D:\\OIO+\\DATASET_RETINA\\01.Originais\\AMD (Degeneração Macular Relacionada à Idade)\\ADAM\\__MACOSX\\ADAM\\Test\\Disc_Masks\\._T0364.bmp'
._T0365.bmp,cannot identify image file 'D:\\OIO+\\DATASET_RETINA\\01.Originais\\AMD (Degeneração Macular Relacionada à Idade)\\ADAM\\__MACOSX\\ADAM\\Test\\Disc_Masks\\._T0365.bmp'
._T0366.bmp,cannot identify image file 'D:\\OIO+\\DATASET_RETINA\\01.Originais\\AMD (Degeneração Macular Relacionada à Idade)\\ADAM\\__MACOSX\\ADAM\\Test\\Disc_Masks\\._T0366.bmp'
._T0367.bmp,cannot identify image file 'D:\\OIO+\\DATASET_RETINA\\01.Originais\\AMD (Degeneração Macular Relacionada à Idade)\\ADAM\\__MACOSX\\ADAM\\Test\\Disc_Masks\\._T0367.bmp'
._T0368.bmp,cannot identify image file 'D:\\OIO+\\DATASET_RETINA\\01.Originais\\AMD (Degeneração Macular Relacionada à Idade)\\ADAM\\__MACOSX\\ADAM\\Test\\Disc_Masks\\._T0368.bmp'
._T0369.bmp,cannot identify image file 'D:\\OIO+\\DATASET_RETINA\\01.Originais\\AMD (Degeneração Macular Relacionada à Idade)\\ADAM\\__MACOSX\\ADAM\\Test\\Disc_Masks\\._T0369.bmp'
._T0370.bmp,cannot identify image file 'D:\\OIO+\\DATASET_RETINA\\01.Originais\\AMD (Degeneração Macular Relacionada à Idade)\\ADAM\\__MACOSX\\ADAM\\Test\\Disc_Masks\\._T0370.bmp'
._T0371.bmp,cannot identify image file 'D:\\OIO+\\DATASET_RETINA\\01.Originais\\AMD (Degeneração Macular Relacionada à Idade)\\ADAM\\__MACOSX\\ADAM\\Test\\Disc_Masks\\._T0371.bmp'
._T0372.bmp,cannot identify image file 'D:\\OIO+\\DATASET_RETINA\\01.Originais\\AMD (Degeneração Macular Relacionada à Idade)\\ADAM\\__MACOSX\\ADAM\\Test\\Disc_Masks\\._T0372.bmp'
._T0373.bmp,cannot identify image file 'D:\\OIO+\\DATASET_RETINA\\01.Originais\\AMD (Degeneração Macular Relacionada à Idade)\\ADAM\\__MACOSX\\ADAM\\Test\\Disc_Masks\\._T0373.bmp'
._T0374.bmp,cannot identify image file 'D:\\OIO+\\DATASET_RETINA\\01.Originais\\AMD (Degeneração Macular Relacionada à Idade)\\ADAM\\__MACOSX\\ADAM\\Test\\Disc_Masks\\._T0374.bmp'
._T0375.bmp,cannot identify image file 'D:\\OIO+\\DATASET_RETINA\\01.Originais\\AMD (Degeneração Macular Relacionada à Idade)\\ADAM\\__MACOSX\\ADAM\\Test\\Disc_Masks\\._T0375.bmp'
._T0376.bmp,cannot identify image file 'D:\\OIO+\\DATASET_RETINA\\01.Originais\\AMD (Degeneração Macular Relacionada à Idade)\\ADAM\\__MACOSX\\ADAM\\Test\\Disc_Masks\\._T0376.bmp'
._T0377.bmp,cannot identify image file 'D:\\OIO+\\DATASET_RETINA\\01.Originais\\AMD (Degeneração Macular Relacionada à Idade)\\ADAM\\__MACOSX\\ADAM\\Test\\Disc_Masks\\._T0377.bmp'
._T0378.bmp,cannot identify image file 'D:\\OIO+\\DATASET_RETINA\\01.Originais\\AMD (Degeneração Macular Relacionada à Idade)\\ADAM\\__MACOSX\\ADAM\\Test\\Disc_Masks\\._T0378.bmp'
._T0379.bmp,cannot identify image file 'D:\\OIO+\\DATASET_RETINA\\01.Originais\\AMD (Degeneração Macular Relacionada à Idade)\\ADAM\\__MACOSX\\ADAM\\Test\\Disc_Masks\\._T0379.bmp'
._T0380.bmp,cannot identify image file 'D:\\OIO+\\DATASET_RETINA\\01.Originais\\AMD (Degeneração Macular Relacionada à Idade)\\ADAM\\__MACOSX\\ADAM\\Test\\Disc_Masks\\._T0380.bmp'
._T0381.bmp,cannot identify image file 'D:\\OIO+\\DATASET_RETINA\\01.Originais\\AMD (Degeneração Macular Relacionada à Idade)\\ADAM\\__MACOSX\\ADAM\\Test\\Disc_Masks\\._T0381.bmp'
._T0382.bmp,cannot identify image file 'D:\\OIO+\\DATASET_RETINA\\01.Originais\\AMD (Degeneração Macular Relacionada à Idade)\\ADAM\\__MACOSX\\ADAM\\Test\\Disc_Masks\\._T0382.bmp'
._T0383.bmp,cannot identify image file 'D:\\OIO+\\DATASET_RETINA\\01.Originais\\AMD (Degeneração Macular Relacionada à Idade)\\ADAM\\__MACOSX\\ADAM\\Test\\Disc_Masks\\._T0383.bmp'
._T0384.bmp,cannot identify image file 'D:\\OIO+\\DATASET_RETINA\\01.Originais\\AMD (Degeneração Macular Relacionada à Idade)\\ADAM\\__MACOSX\\ADAM\\Test\\Disc_Masks\\._T0384.bmp'
._T0385.bmp,cannot identify image file 'D:\\OIO+\\DATASET_RETINA\\01.Originais\\AMD (Degeneração Macular Relacionada à Idade)\\ADAM\\__MACOSX\\ADAM\\Test\\Disc_Masks\\._T0385.bmp'
._T0386.bmp,cannot identify image file 'D:\\OIO+\\DATASET_RETINA\\01.Originais\\AMD (Degeneração Macular Relacionada à Idade)\\ADAM\\__MACOSX\\ADAM\\Test\\Disc_Masks\\._T0386.bmp'
._T0387.bmp,cannot identify image file 'D:\\OIO+\\DATASET_RETINA\\01.Originais\\AMD (Degeneração Macular Relacionada à Idade)\\ADAM\\__MACOSX\\ADAM\\Test\\Disc_Masks\\._T0387.bmp'
._T0388.bmp,cannot identify image file 'D:\\OIO+\\DATASET_RETINA\\01.Originais\\AMD (Degeneração Macular Relacionada à Idade)\\ADAM\\__MACOSX\\ADAM\\Test\\Disc_Masks\\._T0388.bmp'
._T0389.bmp,cannot identify image file 'D:\\OIO+\\DATASET_RETINA\\01.Originais\\AMD (Degeneração Macular Relacionada à Idade)\\ADAM\\__MACOSX\\ADAM\\Test\\Disc_Masks\\._T0389.bmp'
._T0390.bmp,cannot identify image file 'D:\\OIO+\\DATASET_RETINA\\01.Originais\\AMD (Degeneração Macular Relacionada à Idade)\\ADAM\\__MACOSX\\ADAM\\Test\\Disc_Masks\\._T0390.bmp'
._T0391.bmp,cannot identify image file 'D:\\OIO+\\DATASET_RETINA\\01.Originais\\AMD (Degeneração Macular Relacionada à Idade)\\ADAM\\__MACOSX\\ADAM\\Test\\Disc_Masks\\._T0391.bmp'
._T0392.bmp,cannot identify image file 'D:\\OIO+\\DATASET_RETINA\\01.Originais\\AMD (Degeneração Macular Relacionada à Idade)\\ADAM\\__MACOSX\\ADAM\\Test\\Disc_Masks\\._T0392.bmp'
._T0393.bmp,cannot identify image file 'D:\\OIO+\\DATASET_RETINA\\01.Originais\\AMD (Degeneração Macular Relacionada à Idade)\\ADAM\\__MACOSX\\ADAM\\Test\\Disc_Masks\\._T0393.bmp'
._T0394.bmp,cannot identify image file 'D:\\OIO+\\DATASET_RETINA\\01.Originais\\AMD (Degeneração Macular Relacionada à Idade)\\ADAM\\__MACOSX\\ADAM\\Test\\Disc_Masks\\._T0394.bmp'
._T0395.bmp,cannot identify image file 'D:\\OIO+\\DATASET_RETINA\\01.Originais\\AMD (Degeneração Macular Relacionada à Idade)\\ADAM\\__MACOSX\\ADAM\\Test\\Disc_Masks\\._T0395.bmp'
._T0396.bmp,cannot identify image file 'D:\\OIO+\\DATASET_RETINA\\01.Originais\\AMD (Degeneração Macular Relacionada à Idade)\\ADAM\\__MACOSX\\ADAM\\Test\\Disc_Masks\\._T0396.bmp'
._T0397.bmp,cannot identify image file 'D:\\OIO+\\DATASET_RETINA\\01.Originais\\AMD (Degeneração Macular Relacionada à Idade)\\ADAM\\__MACOSX\\ADAM\\Test\\Disc_Masks\\._T0397.bmp'
._T0398.bmp,cannot identify image file 'D:\\OIO+\\DATASET_RETINA\\01.Originais\\AMD (Degeneração Macular Relacionada à Idade)\\ADAM\\__MACOSX\\ADAM\\Test\\Disc_Masks\\._T0398.bmp'
._T0399.bmp,cannot identify image file 'D:\\OIO+\\DATASET_RETINA\\01.Originais\\AMD (Degeneração Macular Relacionada à Idade)\\ADAM\\__MACOSX\\ADAM\\Test\\Disc_Masks\\._T0399.bmp'
._T0400.bmp,cannot identify image file 'D:\\OIO+\\DATASET_RETINA\\01.Originais\\AMD (Degeneração Macular Relacionada à Idade)\\ADAM\\__MACOSX\\ADAM\\Test\\Disc_Masks\\._T0400.bmp'
._T0001.jpg,cannot identify image file 'D:\\OIO+\\DATASET_RETINA\\01.Originais\\AMD (Degeneração Macular Relacionada à Idade)\\ADAM\\__MACOSX\\ADAM\\Test\\Lesion_Illustration\\._T0001.jpg'
._T0002.jpg,cannot identify image file 'D:\\OIO+\\DATASET_RETINA\\01.Originais\\AMD (Degeneração Macular Relacionada à Idade)\\ADAM\\__MACOSX\\ADAM\\Test\\Lesion_Illustration\\._T0002.jpg'
._T0003.jpg,cannot identify image file 'D:\\OIO+\\DATASET_RETINA\\01.Originais\\AMD (Degeneração Macular Relacionada à Idade)\\ADAM\\__MACOSX\\ADAM\\Test\\Lesion_Illustration\\._T0003.jpg'
._T0004.jpg,cannot identify image file 'D:\\OIO+\\DATASET_RETINA\\01.Originais\\AMD (Degeneração Macular Relacionada à Idade)\\ADAM\\__MACOSX\\ADAM\\Test\\Lesion_Illustration\\._T0004.jpg'
._T0005.jpg,cannot identify image file 'D:\\OIO+\\DATASET_RETINA\\01.Originais\\AMD (Degeneração Macular Relacionada à Idade)\\ADAM\\__MACOSX\\ADAM\\Test\\Lesion_Illustration\\._T0005.jpg'
._T0006.jpg,cannot identify image file 'D:\\OIO+\\DATASET_RETINA\\01.Originais\\AMD (Degeneração Macular Relacionada à Idade)\\ADAM\\__MACOSX\\ADAM\\Test\\Lesion_Illustration\\._T0006.jpg'
._T0007.jpg,cannot identify image file 'D:\\OIO+\\DATASET_RETINA\\01.Originais\\AMD (Degeneração Macular Relacionada à Idade)\\ADAM\\__MACOSX\\ADAM\\Test\\Lesion_Illustration\\._T0007.jpg'
._T0008.jpg,cannot identify image file 'D:\\OIO+\\DATASET_RETINA\\01.Originais\\AMD (Degeneração Macular Relacionada à Idade)\\ADAM\\__MACOSX\\ADAM\\Test\\Lesion_Illustration\\._T0008.jpg'
._T0009.jpg,cannot identify image file 'D:\\OIO+\\DATASET_RETINA\\01.Originais\\AMD (Degeneração Macular Relacionada à Idade)\\ADAM\\__MACOSX\\ADAM\\Test\\Lesion_Illustration\\._T0009.jpg'
._T0010.jpg,cannot identify image file 'D:\\OIO+\\DATASET_RETINA\\01.Originais\\AMD (Degeneração Macular Relacionada à Idade)\\ADAM\\__MACOSX\\ADAM\\Test\\Lesion_Illustration\\._T0010.jpg'
._T0011.jpg,cannot identify image file 'D:\\OIO+\\DATASET_RETINA\\01.Originais\\AMD (Degeneração Macular Relacionada à Idade)\\ADAM\\__MACOSX\\ADAM\\Test\\Lesion_Illustration\\._T0011.jpg'
._T0012.jpg,cannot identify image file 'D:\\OIO+\\DATASET_RETINA\\01.Originais\\AMD (Degeneração Macular Relacionada à Idade)\\ADAM\\__MACOSX\\ADAM\\Test\\Lesion_Illustration\\._T0012.jpg'
._T0013.jpg,cannot identify image file 'D:\\OIO+\\DATASET_RETINA\\01.Originais\\AMD (Degeneração Macular Relacionada à Idade)\\ADAM\\__MACOSX\\ADAM\\Test\\Lesion_Illustration\\._T0013.jpg'
._T0014.jpg,cannot identify image file 'D:\\OIO+\\DATASET_RETINA\\01.Originais\\AMD (Degeneração Macular Relacionada à Idade)\\ADAM\\__MACOSX\\ADAM\\Test\\Lesion_Illustration\\._T0014.jpg'
._T0015.jpg,cannot identify image file 'D:\\OIO+\\DATASET_RETINA\\01.Originais\\AMD (Degeneração Macular Relacionada à Idade)\\ADAM\\__MACOSX\\ADAM\\Test\\Lesion_Illustration\\._T0015.jpg'
._T0016.jpg,cannot identify image file 'D:\\OIO+\\DATASET_RETINA\\01.Originais\\AMD (Degeneração Macular Relacionada à Idade)\\ADAM\\__MACOSX\\ADAM\\Test\\Lesion_Illustration\\._T0016.jpg'
._T0017.jpg,cannot identify image file 'D:\\OIO+\\DATASET_RETINA\\01.Originais\\AMD (Degeneração Macular Relacionada à Idade)\\ADAM\\__MACOSX\\ADAM\\Test\\Lesion_Illustration\\._T0017.jpg'
._T0018.jpg,cannot identify image file 'D:\\OIO+\\DATASET_RETINA\\01.Originais\\AMD (Degeneração Macular Relacionada à Idade)\\ADAM\\__MACOSX\\ADAM\\Test\\Lesion_Illustration\\._T0018.jpg'
._T0019.jpg,cannot identify image file 'D:\\OIO+\\DATASET_RETINA\\01.Originais\\AMD (Degeneração Macular Relacionada à Idade)\\ADAM\\__MACOSX\\ADAM\\Test\\Lesion_Illustration\\._T0019.jpg'
._T0020.jpg,cannot identify image file 'D:\\OIO+\\DATASET_RETINA\\01.Originais\\AMD (Degeneração Macular Relacionada à Idade)\\ADAM\\__MACOSX\\ADAM\\Test\\Lesion_Illustration\\._T0020.jpg'
._T0021.jpg,cannot identify image file 'D:\\OIO+\\DATASET_RETINA\\01.Originais\\AMD (Degeneração Macular Relacionada à Idade)\\ADAM\\__MACOSX\\ADAM\\Test\\Lesion_Illustration\\._T0021.jpg'
._T0022.jpg,cannot identify image file 'D:\\OIO+\\DATASET_RETINA\\01.Originais\\AMD (Degeneração Macular Relacionada à Idade)\\ADAM\\__MACOSX\\ADAM\\Test\\Lesion_Illustration\\._T0022.jpg'
._T0023.jpg,cannot identify image file 'D:\\OIO+\\DATASET_RETINA\\01.Originais\\AMD (Degeneração Macular Relacionada à Idade)\\ADAM\\__MACOSX\\ADAM\\Test\\Lesion_Illustration\\._T0023.jpg'
._T0024.jpg,cannot identify image file 'D:\\OIO+\\DATASET_RETINA\\01.Originais\\AMD (Degeneração Macular Relacionada à Idade)\\ADAM\\__MACOSX\\ADAM\\Test\\Lesion_Illustration\\._T0024.jpg'
._T0025.jpg,cannot identify image file 'D:\\OIO+\\DATASET_RETINA\\01.Originais\\AMD (Degeneração Macular Relacionada à Idade)\\ADAM\\__MACOSX\\ADAM\\Test\\Lesion_Illustration\\._T0025.jpg'
._T0026.jpg,cannot identify image file 'D:\\OIO+\\DATASET_RETINA\\01.Originais\\AMD (Degeneração Macular Relacionada à Idade)\\ADAM\\__MACOSX\\ADAM\\Test\\Lesion_Illustration\\._T0026.jpg'
._T0027.jpg,cannot identify image file 'D:\\OIO+\\DATASET_RETINA\\01.Originais\\AMD (Degeneração Macular Relacionada à Idade)\\ADAM\\__MACOSX\\ADAM\\Test\\Lesion_Illustration\\._T0027.jpg'
._T0028.jpg,cannot identify image file 'D:\\OIO+\\DATASET_RETINA\\01.Originais\\AMD (Degeneração Macular Relacionada à Idade)\\ADAM\\__MACOSX\\ADAM\\Test\\Lesion_Illustration\\._T0028.jpg'
._T0029.jpg,cannot identify image file 'D:\\OIO+\\DATASET_RETINA\\01.Originais\\AMD (Degeneração Macular Relacionada à Idade)\\ADAM\\__MACOSX\\ADAM\\Test\\Lesion_Illustration\\._T0029.jpg'
._T0030.jpg,cannot identify image file 'D:\\OIO+\\DATASET_RETINA\\01.Originais\\AMD (Degeneração Macular Relacionada à Idade)\\ADAM\\__MACOSX\\ADAM\\Test\\Lesion_Illustration\\._T0030.jpg'
._T0031.jpg,cannot identify image file 'D:\\OIO+\\DATASET_RETINA\\01.Originais\\AMD (Degeneração Macular Relacionada à Idade)\\ADAM\\__MACOSX\\ADAM\\Test\\Lesion_Illustration\\._T0031.jpg'
._T0032.jpg,cannot identify image file 'D:\\OIO+\\DATASET_RETINA\\01.Originais\\AMD (Degeneração Macular Relacionada à Idade)\\ADAM\\__MACOSX\\ADAM\\Test\\Lesion_Illustration\\._T0032.jpg'
._T0033.jpg,cannot identify image file 'D:\\OIO+\\DATASET_RETINA\\01.Originais\\AMD (Degeneração Macular Relacionada à Idade)\\ADAM\\__MACOSX\\ADAM\\Test\\Lesion_Illustration\\._T0033.jpg'
._T0034.jpg,cannot identify image file 'D:\\OIO+\\DATASET_RETINA\\01.Originais\\AMD (Degeneração Macular Relacionada à Idade)\\ADAM\\__MACOSX\\ADAM\\Test\\Lesion_Illustration\\._T0034.jpg'
._T0035.jpg,cannot identify image file 'D:\\OIO+\\DATASET_RETINA\\01.Originais\\AMD (Degeneração Macular Relacionada à Idade)\\ADAM\\__MACOSX\\ADAM\\Test\\Lesion_Illustration\\._T0035.jpg'
._T0036.jpg,cannot identify image file 'D:\\OIO+\\DATASET_RETINA\\01.Originais\\AMD (Degeneração Macular Relacionada à Idade)\\ADAM\\__MACOSX\\ADAM\\Test\\Lesion_Illustration\\._T0036.jpg'
._T0037.jpg,cannot identify image file 'D:\\OIO+\\DATASET_RETINA\\01.Originais\\AMD (Degeneração Macular Relacionada à Idade)\\ADAM\\__MACOSX\\ADAM\\Test\\Lesion_Illustration\\._T0037.jpg'
._T0038.jpg,cannot identify image file 'D:\\OIO+\\DATASET_RETINA\\01.Originais\\AMD (Degeneração Macular Relacionada à Idade)\\ADAM\\__MACOSX\\ADAM\\Test\\Lesion_Illustration\\._T0038.jpg'
._T0039.jpg,cannot identify image file 'D:\\OIO+\\DATASET_RETINA\\01.Originais\\AMD (Degeneração Macular Relacionada à Idade)\\ADAM\\__MACOSX\\ADAM\\Test\\Lesion_Illustration\\._T0039.jpg'
._T0040.jpg,cannot identify image file 'D:\\OIO+\\DATASET_RETINA\\01.Originais\\AMD (Degeneração Macular Relacionada à Idade)\\ADAM\\__MACOSX\\ADAM\\Test\\Lesion_Illustration\\._T0040.jpg'
._T0041.jpg,cannot identify image file 'D:\\OIO+\\DATASET_RETINA\\01.Originais\\AMD (Degeneração Macular Relacionada à Idade)\\ADAM\\__MACOSX\\ADAM\\Test\\Lesion_Illustration\\._T0041.jpg'
._T0042.jpg,cannot identify image file 'D:\\OIO+\\DATASET_RETINA\\01.Originais\\AMD (Degeneração Macular Relacionada à Idade)\\ADAM\\__MACOSX\\ADAM\\Test\\Lesion_Illustration\\._T0042.jpg'
._T0043.jpg,cannot identify image file 'D:\\OIO+\\DATASET_RETINA\\01.Originais\\AMD (Degeneração Macular Relacionada à Idade)\\ADAM\\__MACOSX\\ADAM\\Test\\Lesion_Illustration\\._T0043.jpg'
._T0044.jpg,cannot identify image file 'D:\\OIO+\\DATASET_RETINA\\01.Originais\\AMD (Degeneração Macular Relacionada à Idade)\\ADAM\\__MACOSX\\ADAM\\Test\\Lesion_Illustration\\._T0044.jpg'
._T0045.jpg,cannot identify image file 'D:\\OIO+\\DATASET_RETINA\\01.Originais\\AMD (Degeneração Macular Relacionada à Idade)\\ADAM\\__MACOSX\\ADAM\\Test\\Lesion_Illustration\\._T0045.jpg'
._T0046.jpg,cannot identify image file 'D:\\OIO+\\DATASET_RETINA\\01.Originais\\AMD (Degeneração Macular Relacionada à Idade)\\ADAM\\__MACOSX\\ADAM\\Test\\Lesion_Illustration\\._T0046.jpg'
._T0047.jpg,cannot identify image file 'D:\\OIO+\\DATASET_RETINA\\01.Originais\\AMD (Degeneração Macular Relacionada à Idade)\\ADAM\\__MACOSX\\ADAM\\Test\\Lesion_Illustration\\._T0047.jpg'
._T0048.jpg,cannot identify image file 'D:\\OIO+\\DATASET_RETINA\\01.Originais\\AMD (Degeneração Macular Relacionada à Idade)\\ADAM\\__MACOSX\\ADAM\\Test\\Lesion_Illustration\\._T0048.jpg'
._T0049.jpg,cannot identify image file 'D:\\OIO+\\DATASET_RETINA\\01.Originais\\AMD (Degeneração Macular Relacionada à Idade)\\ADAM\\__MACOSX\\ADAM\\Test\\Lesion_Illustration\\._T0049.jpg'
._T0050.jpg,cannot identify image file 'D:\\OIO+\\DATASET_RETINA\\01.Originais\\AMD (Degeneração Macular Relacionada à Idade)\\ADAM\\__MACOSX\\ADAM\\Test\\Lesion_Illustration\\._T0050.jpg'
._T0051.jpg,cannot identify image file 'D:\\OIO+\\DATASET_RETINA\\01.Originais\\AMD (Degeneração Macular Relacionada à Idade)\\ADAM\\__MACOSX\\ADAM\\Test\\Lesion_Illustration\\._T0051.jpg'
._T0052.jpg,cannot identify image file 'D:\\OIO+\\DATASET_RETINA\\01.Originais\\AMD (Degeneração Macular Relacionada à Idade)\\ADAM\\__MACOSX\\ADAM\\Test\\Lesion_Illustration\\._T0052.jpg'
._T0053.jpg,cannot identify image file 'D:\\OIO+\\DATASET_RETINA\\01.Originais\\AMD (Degeneração Macular Relacionada à Idade)\\ADAM\\__MACOSX\\ADAM\\Test\\Lesion_Illustration\\._T0053.jpg'
._T0054.jpg,cannot identify image file 'D:\\OIO+\\DATASET_RETINA\\01.Originais\\AMD (Degeneração Macular Relacionada à Idade)\\ADAM\\__MACOSX\\ADAM\\Test\\Lesion_Illustration\\._T0054.jpg'
._T0055.jpg,cannot identify image file 'D:\\OIO+\\DATASET_RETINA\\01.Originais\\AMD (Degeneração Macular Relacionada à Idade)\\ADAM\\__MACOSX\\ADAM\\Test\\Lesion_Illustration\\._T0055.jpg'
._T0056.jpg,cannot identify image file 'D:\\OIO+\\DATASET_RETINA\\01.Originais\\AMD (Degeneração Macular Relacionada à Idade)\\ADAM\\__MACOSX\\ADAM\\Test\\Lesion_Illustration\\._T0056.jpg'
._T0057.jpg,cannot identify image file 'D:\\OIO+\\DATASET_RETINA\\01.Originais\\AMD (Degeneração Macular Relacionada à Idade)\\ADAM\\__MACOSX\\ADAM\\Test\\Lesion_Illustration\\._T0057.jpg'
._T0058.jpg,cannot identify image file 'D:\\OIO+\\DATASET_RETINA\\01.Originais\\AMD (Degeneração Macular Relacionada à Idade)\\ADAM\\__MACOSX\\ADAM\\Test\\Lesion_Illustration\\._T0058.jpg'
._T0059.jpg,cannot identify image file 'D:\\OIO+\\DATASET_RETINA\\01.Originais\\AMD (Degeneração Macular Relacionada à Idade)\\ADAM\\__MACOSX\\ADAM\\Test\\Lesion_Illustration\\._T0059.jpg'
._T0060.jpg,cannot identify image file 'D:\\OIO+\\DATASET_RETINA\\01.Originais\\AMD (Degeneração Macular Relacionada à Idade)\\ADAM\\__MACOSX\\ADAM\\Test\\Lesion_Illustration\\._T0060.jpg'
._T0061.jpg,cannot identify image file 'D:\\OIO+\\DATASET_RETINA\\01.Originais\\AMD (Degeneração Macular Relacionada à Idade)\\ADAM\\__MACOSX\\ADAM\\Test\\Lesion_Illustration\\._T0061.jpg'
._T0062.jpg,cannot identify image file 'D:\\OIO+\\DATASET_RETINA\\01.Originais\\AMD (Degeneração Macular Relacionada à Idade)\\ADAM\\__MACOSX\\ADAM\\Test\\Lesion_Illustration\\._T0062.jpg'
._T0063.jpg,cannot identify image file 'D:\\OIO+\\DATASET_RETINA\\01.Originais\\AMD (Degeneração Macular Relacionada à Idade)\\ADAM\\__MACOSX\\ADAM\\Test\\Lesion_Illustration\\._T0063.jpg'
._T0064.jpg,cannot identify image file 'D:\\OIO+\\DATASET_RETINA\\01.Originais\\AMD (Degeneração Macular Relacionada à Idade)\\ADAM\\__MACOSX\\ADAM\\Test\\Lesion_Illustration\\._T0064.jpg'
._T0065.jpg,cannot identify image file 'D:\\OIO+\\DATASET_RETINA\\01.Originais\\AMD (Degeneração Macular Relacionada à Idade)\\ADAM\\__MACOSX\\ADAM\\Test\\Lesion_Illustration\\._T0065.jpg'
._T0066.jpg,cannot identify image file 'D:\\OIO+\\DATASET_RETINA\\01.Originais\\AMD (Degeneração Macular Relacionada à Idade)\\ADAM\\__MACOSX\\ADAM\\Test\\Lesion_Illustration\\._T0066.jpg'
._T0067.jpg,cannot identify image file 'D:\\OIO+\\DATASET_RETINA\\01.Originais\\AMD (Degeneração Macular Relacionada à Idade)\\ADAM\\__MACOSX\\ADAM\\Test\\Lesion_Illustration\\._T0067.jpg'
._T0068.jpg,cannot identify image file 'D:\\OIO+\\DATASET_RETINA\\01.Originais\\AMD (Degeneração Macular Relacionada à Idade)\\ADAM\\__MACOSX\\ADAM\\Test\\Lesion_Illustration\\._T0068.jpg'
._T0069.jpg,cannot identify image file 'D:\\OIO+\\DATASET_RETINA\\01.Originais\\AMD (Degeneração Macular Relacionada à Idade)\\ADAM\\__MACOSX\\ADAM\\Test\\Lesion_Illustration\\._T0069.jpg'
._T0070.jpg,cannot identify image file 'D:\\OIO+\\DATASET_RETINA\\01.Originais\\AMD (Degeneração Macular Relacionada à Idade)\\ADAM\\__MACOSX\\ADAM\\Test\\Lesion_Illustration\\._T0070.jpg'
._T0071.jpg,cannot identify image file 'D:\\OIO+\\DATASET_RETINA\\01.Originais\\AMD (Degeneração Macular Relacionada à Idade)\\ADAM\\__MACOSX\\ADAM\\Test\\Lesion_Illustration\\._T0071.jpg'
._T0072.jpg,cannot identify image file 'D:\\OIO+\\DATASET_RETINA\\01.Originais\\AMD (Degeneração Macular Relacionada à Idade)\\ADAM\\__MACOSX\\ADAM\\Test\\Lesion_Illustration\\._T0072.jpg'
._T0073.jpg,cannot identify image file 'D:\\OIO+\\DATASET_RETINA\\01.Originais\\AMD (Degeneração Macular Relacionada à Idade)\\ADAM\\__MACOSX\\ADAM\\Test\\Lesion_Illustration\\._T0073.jpg'
._T0074.jpg,cannot identify image file 'D:\\OIO+\\DATASET_RETINA\\01.Originais\\AMD (Degeneração Macular Relacionada à Idade)\\ADAM\\__MACOSX\\ADAM\\Test\\Lesion_Illustration\\._T0074.jpg'
._T0075.jpg,cannot identify image file 'D:\\OIO+\\DATASET_RETINA\\01.Originais\\AMD (Degeneração Macular Relacionada à Idade)\\ADAM\\__MACOSX\\ADAM\\Test\\Lesion_Illustration\\._T0075.jpg'
._T0076.jpg,cannot identify image file 'D:\\OIO+\\DATASET_RETINA\\01.Originais\\AMD (Degeneração Macular Relacionada à Idade)\\ADAM\\__MACOSX\\ADAM\\Test\\Lesion_Illustration\\._T0076.jpg'
._T0077.jpg,cannot identify image file 'D:\\OIO+\\DATASET_RETINA\\01.Originais\\AMD (Degeneração Macular Relacionada à Idade)\\ADAM\\__MACOSX\\ADAM\\Test\\Lesion_Illustration\\._T0077.jpg'
._T0078.jpg,cannot identify image file 'D:\\OIO+\\DATASET_RETINA\\01.Originais\\AMD (Degeneração Macular Relacionada à Idade)\\ADAM\\__MACOSX\\ADAM\\Test\\Lesion_Illustration\\._T0078.jpg'
._T0079.jpg,cannot identify image file 'D:\\OIO+\\DATASET_RETINA\\01.Originais\\AMD (Degeneração Macular Relacionada à Idade)\\ADAM\\__MACOSX\\ADAM\\Test\\Lesion_Illustration\\._T0079.jpg'
._T0080.jpg,cannot identify image file 'D:\\OIO+\\DATASET_RETINA\\01.Originais\\AMD (Degeneração Macular Relacionada à Idade)\\ADAM\\__MACOSX\\ADAM\\Test\\Lesion_Illustration\\._T0080.jpg'
._T0081.jpg,cannot identify image file 'D:\\OIO+\\DATASET_RETINA\\01.Originais\\AMD (Degeneração Macular Relacionada à Idade)\\ADAM\\__MACOSX\\ADAM\\Test\\Lesion_Illustration\\._T0081.jpg'
._T0082.jpg,cannot identify image file 'D:\\OIO+\\DATASET_RETINA\\01.Originais\\AMD (Degeneração Macular Relacionada à Idade)\\ADAM\\__MACOSX\\ADAM\\Test\\Lesion_Illustration\\._T0082.jpg'
._T0083.jpg,cannot identify image file 'D:\\OIO+\\DATASET_RETINA\\01.Originais\\AMD (Degeneração Macular Relacionada à Idade)\\ADAM\\__MACOSX\\ADAM\\Test\\Lesion_Illustration\\._T0083.jpg'
._T0084.jpg,cannot identify image file 'D:\\OIO+\\DATASET_RETINA\\01.Originais\\AMD (Degeneração Macular Relacionada à Idade)\\ADAM\\__MACOSX\\ADAM\\Test\\Lesion_Illustration\\._T0084.jpg'
._T0085.jpg,cannot identify image file 'D:\\OIO+\\DATASET_RETINA\\01.Originais\\AMD (Degeneração Macular Relacionada à Idade)\\ADAM\\__MACOSX\\ADAM\\Test\\Lesion_Illustration\\._T0085.jpg'
._T0086.jpg,cannot identify image file 'D:\\OIO+\\DATASET_RETINA\\01.Originais\\AMD (Degeneração Macular Relacionada à Idade)\\ADAM\\__MACOSX\\ADAM\\Test\\Lesion_Illustration\\._T0086.jpg'
._T0087.jpg,cannot identify image file 'D:\\OIO+\\DATASET_RETINA\\01.Originais\\AMD (Degeneração Macular Relacionada à Idade)\\ADAM\\__MACOSX\\ADAM\\Test\\Lesion_Illustration\\._T0087.jpg'
._T0088.jpg,cannot identify image file 'D:\\OIO+\\DATASET_RETINA\\01.Originais\\AMD (Degeneração Macular Relacionada à Idade)\\ADAM\\__MACOSX\\ADAM\\Test\\Lesion_Illustration\\._T0088.jpg'
._T0089.jpg,cannot identify image file 'D:\\OIO+\\DATASET_RETINA\\01.Originais\\AMD (Degeneração Macular Relacionada à Idade)\\ADAM\\__MACOSX\\ADAM\\Test\\Lesion_Illustration\\._T0089.jpg'
._T0090.jpg,cannot identify image file 'D:\\OIO+\\DATASET_RETINA\\01.Originais\\AMD (Degeneração Macular Relacionada à Idade)\\ADAM\\__MACOSX\\ADAM\\Test\\Lesion_Illustration\\._T0090.jpg'
._T0091.jpg,cannot identify image file 'D:\\OIO+\\DATASET_RETINA\\01.Originais\\AMD (Degeneração Macular Relacionada à Idade)\\ADAM\\__MACOSX\\ADAM\\Test\\Lesion_Illustration\\._T0091.jpg'
._T0092.jpg,cannot identify image file 'D:\\OIO+\\DATASET_RETINA\\01.Originais\\AMD (Degeneração Macular Relacionada à Idade)\\ADAM\\__MACOSX\\ADAM\\Test\\Lesion_Illustration\\._T0092.jpg'
._T0093.jpg,cannot identify image file 'D:\\OIO+\\DATASET_RETINA\\01.Originais\\AMD (Degeneração Macular Relacionada à Idade)\\ADAM\\__MACOSX\\ADAM\\Test\\Lesion_Illustration\\._T0093.jpg'
._T0094.jpg,cannot identify image file 'D:\\OIO+\\DATASET_RETINA\\01.Originais\\AMD (Degeneração Macular Relacionada à Idade)\\ADAM\\__MACOSX\\ADAM\\Test\\Lesion_Illustration\\._T0094.jpg'
._T0095.jpg,cannot identify image file 'D:\\OIO+\\DATASET_RETINA\\01.Originais\\AMD (Degeneração Macular Relacionada à Idade)\\ADAM\\__MACOSX\\ADAM\\Test\\Lesion_Illustration\\._T0095.jpg'
._T0096.jpg,cannot identify image file 'D:\\OIO+\\DATASET_RETINA\\01.Originais\\AMD (Degeneração Macular Relacionada à Idade)\\ADAM\\__MACOSX\\ADAM\\Test\\Lesion_Illustration\\._T0096.jpg'
._T0097.jpg,cannot identify image file 'D:\\OIO+\\DATASET_RETINA\\01.Originais\\AMD (Degeneração Macular Relacionada à Idade)\\ADAM\\__MACOSX\\ADAM\\Test\\Lesion_Illustration\\._T0097.jpg'
._T0098.jpg,cannot identify image file 'D:\\OIO+\\DATASET_RETINA\\01.Originais\\AMD (Degeneração Macular Relacionada à Idade)\\ADAM\\__MACOSX\\ADAM\\Test\\Lesion_Illustration\\._T0098.jpg'
._T0099.jpg,cannot identify image file 'D:\\OIO+\\DATASET_RETINA\\01.Originais\\AMD (Degeneração Macular Relacionada à Idade)\\ADAM\\__MACOSX\\ADAM\\Test\\Lesion_Illustration\\._T0099.jpg'
._T0100.jpg,cannot identify image file 'D:\\OIO+\\DATASET_RETINA\\01.Originais\\AMD (Degeneração Macular Relacionada à Idade)\\ADAM\\__MACOSX\\ADAM\\Test\\Lesion_Illustration\\._T0100.jpg'
._T0101.jpg,cannot identify image file 'D:\\OIO+\\DATASET_RETINA\\01.Originais\\AMD (Degeneração Macular Relacionada à Idade)\\ADAM\\__MACOSX\\ADAM\\Test\\Lesion_Illustration\\._T0101.jpg'
._T0102.jpg,cannot identify image file 'D:\\OIO+\\DATASET_RETINA\\01.Originais\\AMD (Degeneração Macular Relacionada à Idade)\\ADAM\\__MACOSX\\ADAM\\Test\\Lesion_Illustration\\._T0102.jpg'
._T0103.jpg,cannot identify image file 'D:\\OIO+\\DATASET_RETINA\\01.Originais\\AMD (Degeneração Macular Relacionada à Idade)\\ADAM\\__MACOSX\\ADAM\\Test\\Lesion_Illustration\\._T0103.jpg'
._T0104.jpg,cannot identify image file 'D:\\OIO+\\DATASET_RETINA\\01.Originais\\AMD (Degeneração Macular Relacionada à Idade)\\ADAM\\__MACOSX\\ADAM\\Test\\Lesion_Illustration\\._T0104.jpg'
._T0105.jpg,cannot identify image file 'D:\\OIO+\\DATASET_RETINA\\01.Originais\\AMD (Degeneração Macular Relacionada à Idade)\\ADAM\\__MACOSX\\ADAM\\Test\\Lesion_Illustration\\._T0105.jpg'
._T0106.jpg,cannot identify image file 'D:\\OIO+\\DATASET_RETINA\\01.Originais\\AMD (Degeneração Macular Relacionada à Idade)\\ADAM\\__MACOSX\\ADAM\\Test\\Lesion_Illustration\\._T0106.jpg'
._T0107.jpg,cannot identify image file 'D:\\OIO+\\DATASET_RETINA\\01.Originais\\AMD (Degeneração Macular Relacionada à Idade)\\ADAM\\__MACOSX\\ADAM\\Test\\Lesion_Illustration\\._T0107.jpg'
._T0108.jpg,cannot identify image file 'D:\\OIO+\\DATASET_RETINA\\01.Originais\\AMD (Degeneração Macular Relacionada à Idade)\\ADAM\\__MACOSX\\ADAM\\Test\\Lesion_Illustration\\._T0108.jpg'
._T0109.jpg,cannot identify image file 'D:\\OIO+\\DATASET_RETINA\\01.Originais\\AMD (Degeneração Macular Relacionada à Idade)\\ADAM\\__MACOSX\\ADAM\\Test\\Lesion_Illustration\\._T0109.jpg'
._T0110.jpg,cannot identify image file 'D:\\OIO+\\DATASET_RETINA\\01.Originais\\AMD (Degeneração Macular Relacionada à Idade)\\ADAM\\__MACOSX\\ADAM\\Test\\Lesion_Illustration\\._T0110.jpg'
._T0111.jpg,cannot identify image file 'D:\\OIO+\\DATASET_RETINA\\01.Originais\\AMD (Degeneração Macular Relacionada à Idade)\\ADAM\\__MACOSX\\ADAM\\Test\\Lesion_Illustration\\._T0111.jpg'
._T0112.jpg,cannot identify image file 'D:\\OIO+\\DATASET_RETINA\\01.Originais\\AMD (Degeneração Macular Relacionada à Idade)\\ADAM\\__MACOSX\\ADAM\\Test\\Lesion_Illustration\\._T0112.jpg'
._T0113.jpg,cannot identify image file 'D:\\OIO+\\DATASET_RETINA\\01.Originais\\AMD (Degeneração Macular Relacionada à Idade)\\ADAM\\__MACOSX\\ADAM\\Test\\Lesion_Illustration\\._T0113.jpg'
._T0114.jpg,cannot identify image file 'D:\\OIO+\\DATASET_RETINA\\01.Originais\\AMD (Degeneração Macular Relacionada à Idade)\\ADAM\\__MACOSX\\ADAM\\Test\\Lesion_Illustration\\._T0114.jpg'
._T0115.jpg,cannot identify image file 'D:\\OIO+\\DATASET_RETINA\\01.Originais\\AMD (Degeneração Macular Relacionada à Idade)\\ADAM\\__MACOSX\\ADAM\\Test\\Lesion_Illustration\\._T0115.jpg'
._T0116.jpg,cannot identify image file 'D:\\OIO+\\DATASET_RETINA\\01.Originais\\AMD (Degeneração Macular Relacionada à Idade)\\ADAM\\__MACOSX\\ADAM\\Test\\Lesion_Illustration\\._T0116.jpg'
._T0117.jpg,cannot identify image file 'D:\\OIO+\\DATASET_RETINA\\01.Originais\\AMD (Degeneração Macular Relacionada à Idade)\\ADAM\\__MACOSX\\ADAM\\Test\\Lesion_Illustration\\._T0117.jpg'
._T0118.jpg,cannot identify image file 'D:\\OIO+\\DATASET_RETINA\\01.Originais\\AMD (Degeneração Macular Relacionada à Idade)\\ADAM\\__MACOSX\\ADAM\\Test\\Lesion_Illustration\\._T0118.jpg'
._T0119.jpg,cannot identify image file 'D:\\OIO+\\DATASET_RETINA\\01.Originais\\AMD (Degeneração Macular Relacionada à Idade)\\ADAM\\__MACOSX\\ADAM\\Test\\Lesion_Illustration\\._T0119.jpg'
._T0120.jpg,cannot identify image file 'D:\\OIO+\\DATASET_RETINA\\01.Originais\\AMD (Degeneração Macular Relacionada à Idade)\\ADAM\\__MACOSX\\ADAM\\Test\\Lesion_Illustration\\._T0120.jpg'
._T0121.jpg,cannot identify image file 'D:\\OIO+\\DATASET_RETINA\\01.Originais\\AMD (Degeneração Macular Relacionada à Idade)\\ADAM\\__MACOSX\\ADAM\\Test\\Lesion_Illustration\\._T0121.jpg'
._T0122.jpg,cannot identify image file 'D:\\OIO+\\DATASET_RETINA\\01.Originais\\AMD (Degeneração Macular Relacionada à Idade)\\ADAM\\__MACOSX\\ADAM\\Test\\Lesion_Illustration\\._T0122.jpg'
._T0123.jpg,cannot identify image file 'D:\\OIO+\\DATASET_RETINA\\01.Originais\\AMD (Degeneração Macular Relacionada à Idade)\\ADAM\\__MACOSX\\ADAM\\Test\\Lesion_Illustration\\._T0123.jpg'
._T0124.jpg,cannot identify image file 'D:\\OIO+\\DATASET_RETINA\\01.Originais\\AMD (Degeneração Macular Relacionada à Idade)\\ADAM\\__MACOSX\\ADAM\\Test\\Lesion_Illustration\\._T0124.jpg'
._T0125.jpg,cannot identify image file 'D:\\OIO+\\DATASET_RETINA\\01.Originais\\AMD (Degeneração Macular Relacionada à Idade)\\ADAM\\__MACOSX\\ADAM\\Test\\Lesion_Illustration\\._T0125.jpg'
._T0126.jpg,cannot identify image file 'D:\\OIO+\\DATASET_RETINA\\01.Originais\\AMD (Degeneração Macular Relacionada à Idade)\\ADAM\\__MACOSX\\ADAM\\Test\\Lesion_Illustration\\._T0126.jpg'
._T0127.jpg,cannot identify image file 'D:\\OIO+\\DATASET_RETINA\\01.Originais\\AMD (Degeneração Macular Relacionada à Idade)\\ADAM\\__MACOSX\\ADAM\\Test\\Lesion_Illustration\\._T0127.jpg'
._T0128.jpg,cannot identify image file 'D:\\OIO+\\DATASET_RETINA\\01.Originais\\AMD (Degeneração Macular Relacionada à Idade)\\ADAM\\__MACOSX\\ADAM\\Test\\Lesion_Illustration\\._T0128.jpg'
._T0129.jpg,cannot identify image file 'D:\\OIO+\\DATASET_RETINA\\01.Originais\\AMD (Degeneração Macular Relacionada à Idade)\\ADAM\\__MACOSX\\ADAM\\Test\\Lesion_Illustration\\._T0129.jpg'
._T0130.jpg,cannot identify image file 'D:\\OIO+\\DATASET_RETINA\\01.Originais\\AMD (Degeneração Macular Relacionada à Idade)\\ADAM\\__MACOSX\\ADAM\\Test\\Lesion_Illustration\\._T0130.jpg'
._T0131.jpg,cannot identify image file 'D:\\OIO+\\DATASET_RETINA\\01.Originais\\AMD (Degeneração Macular Relacionada à Idade)\\ADAM\\__MACOSX\\ADAM\\Test\\Lesion_Illustration\\._T0131.jpg'
._T0132.jpg,cannot identify image file 'D:\\OIO+\\DATASET_RETINA\\01.Originais\\AMD (Degeneração Macular Relacionada à Idade)\\ADAM\\__MACOSX\\ADAM\\Test\\Lesion_Illustration\\._T0132.jpg'
._T0133.jpg,cannot identify image file 'D:\\OIO+\\DATASET_RETINA\\01.Originais\\AMD (Degeneração Macular Relacionada à Idade)\\ADAM\\__MACOSX\\ADAM\\Test\\Lesion_Illustration\\._T0133.jpg'
._T0134.jpg,cannot identify image file 'D:\\OIO+\\DATASET_RETINA\\01.Originais\\AMD (Degeneração Macular Relacionada à Idade)\\ADAM\\__MACOSX\\ADAM\\Test\\Lesion_Illustration\\._T0134.jpg'
._T0135.jpg,cannot identify image file 'D:\\OIO+\\DATASET_RETINA\\01.Originais\\AMD (Degeneração Macular Relacionada à Idade)\\ADAM\\__MACOSX\\ADAM\\Test\\Lesion_Illustration\\._T0135.jpg'
._T0136.jpg,cannot identify image file 'D:\\OIO+\\DATASET_RETINA\\01.Originais\\AMD (Degeneração Macular Relacionada à Idade)\\ADAM\\__MACOSX\\ADAM\\Test\\Lesion_Illustration\\._T0136.jpg'
._T0137.jpg,cannot identify image file 'D:\\OIO+\\DATASET_RETINA\\01.Originais\\AMD (Degeneração Macular Relacionada à Idade)\\ADAM\\__MACOSX\\ADAM\\Test\\Lesion_Illustration\\._T0137.jpg'
._T0138.jpg,cannot identify image file 'D:\\OIO+\\DATASET_RETINA\\01.Originais\\AMD (Degeneração Macular Relacionada à Idade)\\ADAM\\__MACOSX\\ADAM\\Test\\Lesion_Illustration\\._T0138.jpg'
._T0139.jpg,cannot identify image file 'D:\\OIO+\\DATASET_RETINA\\01.Originais\\AMD (Degeneração Macular Relacionada à Idade)\\ADAM\\__MACOSX\\ADAM\\Test\\Lesion_Illustration\\._T0139.jpg'
._T0140.jpg,cannot identify image file 'D:\\OIO+\\DATASET_RETINA\\01.Originais\\AMD (Degeneração Macular Relacionada à Idade)\\ADAM\\__MACOSX\\ADAM\\Test\\Lesion_Illustration\\._T0140.jpg'
._T0141.jpg,cannot identify image file 'D:\\OIO+\\DATASET_RETINA\\01.Originais\\AMD (Degeneração Macular Relacionada à Idade)\\ADAM\\__MACOSX\\ADAM\\Test\\Lesion_Illustration\\._T0141.jpg'
._T0142.jpg,cannot identify image file 'D:\\OIO+\\DATASET_RETINA\\01.Originais\\AMD (Degeneração Macular Relacionada à Idade)\\ADAM\\__MACOSX\\ADAM\\Test\\Lesion_Illustration\\._T0142.jpg'
._T0143.jpg,cannot identify image file 'D:\\OIO+\\DATASET_RETINA\\01.Originais\\AMD (Degeneração Macular Relacionada à Idade)\\ADAM\\__MACOSX\\ADAM\\Test\\Lesion_Illustration\\._T0143.jpg'
._T0144.jpg,cannot identify image file 'D:\\OIO+\\DATASET_RETINA\\01.Originais\\AMD (Degeneração Macular Relacionada à Idade)\\ADAM\\__MACOSX\\ADAM\\Test\\Lesion_Illustration\\._T0144.jpg'
._T0145.jpg,cannot identify image file 'D:\\OIO+\\DATASET_RETINA\\01.Originais\\AMD (Degeneração Macular Relacionada à Idade)\\ADAM\\__MACOSX\\ADAM\\Test\\Lesion_Illustration\\._T0145.jpg'
._T0146.jpg,cannot identify image file 'D:\\OIO+\\DATASET_RETINA\\01.Originais\\AMD (Degeneração Macular Relacionada à Idade)\\ADAM\\__MACOSX\\ADAM\\Test\\Lesion_Illustration\\._T0146.jpg'
._T0147.jpg,cannot identify image file 'D:\\OIO+\\DATASET_RETINA\\01.Originais\\AMD (Degeneração Macular Relacionada à Idade)\\ADAM\\__MACOSX\\ADAM\\Test\\Lesion_Illustration\\._T0147.jpg'
._T0148.jpg,cannot identify image file 'D:\\OIO+\\DATASET_RETINA\\01.Originais\\AMD (Degeneração Macular Relacionada à Idade)\\ADAM\\__MACOSX\\ADAM\\Test\\Lesion_Illustration\\._T0148.jpg'
._T0149.jpg,cannot identify image file 'D:\\OIO+\\DATASET_RETINA\\01.Originais\\AMD (Degeneração Macular Relacionada à Idade)\\ADAM\\__MACOSX\\ADAM\\Test\\Lesion_Illustration\\._T0149.jpg'
._T0150.jpg,cannot identify image file 'D:\\OIO+\\DATASET_RETINA\\01.Originais\\AMD (Degeneração Macular Relacionada à Idade)\\ADAM\\__MACOSX\\ADAM\\Test\\Lesion_Illustration\\._T0150.jpg'
._T0151.jpg,cannot identify image file 'D:\\OIO+\\DATASET_RETINA\\01.Originais\\AMD (Degeneração Macular Relacionada à Idade)\\ADAM\\__MACOSX\\ADAM\\Test\\Lesion_Illustration\\._T0151.jpg'
._T0152.jpg,cannot identify image file 'D:\\OIO+\\DATASET_RETINA\\01.Originais\\AMD (Degeneração Macular Relacionada à Idade)\\ADAM\\__MACOSX\\ADAM\\Test\\Lesion_Illustration\\._T0152.jpg'
._T0153.jpg,cannot identify image file 'D:\\OIO+\\DATASET_RETINA\\01.Originais\\AMD (Degeneração Macular Relacionada à Idade)\\ADAM\\__MACOSX\\ADAM\\Test\\Lesion_Illustration\\._T0153.jpg'
._T0154.jpg,cannot identify image file 'D:\\OIO+\\DATASET_RETINA\\01.Originais\\AMD (Degeneração Macular Relacionada à Idade)\\ADAM\\__MACOSX\\ADAM\\Test\\Lesion_Illustration\\._T0154.jpg'
._T0155.jpg,cannot identify image file 'D:\\OIO+\\DATASET_RETINA\\01.Originais\\AMD (Degeneração Macular Relacionada à Idade)\\ADAM\\__MACOSX\\ADAM\\Test\\Lesion_Illustration\\._T0155.jpg'
._T0156.jpg,cannot identify image file 'D:\\OIO+\\DATASET_RETINA\\01.Originais\\AMD (Degeneração Macular Relacionada à Idade)\\ADAM\\__MACOSX\\ADAM\\Test\\Lesion_Illustration\\._T0156.jpg'
._T0157.jpg,cannot identify image file 'D:\\OIO+\\DATASET_RETINA\\01.Originais\\AMD (Degeneração Macular Relacionada à Idade)\\ADAM\\__MACOSX\\ADAM\\Test\\Lesion_Illustration\\._T0157.jpg'
._T0158.jpg,cannot identify image file 'D:\\OIO+\\DATASET_RETINA\\01.Originais\\AMD (Degeneração Macular Relacionada à Idade)\\ADAM\\__MACOSX\\ADAM\\Test\\Lesion_Illustration\\._T0158.jpg'
._T0159.jpg,cannot identify image file 'D:\\OIO+\\DATASET_RETINA\\01.Originais\\AMD (Degeneração Macular Relacionada à Idade)\\ADAM\\__MACOSX\\ADAM\\Test\\Lesion_Illustration\\._T0159.jpg'
._T0160.jpg,cannot identify image file 'D:\\OIO+\\DATASET_RETINA\\01.Originais\\AMD (Degeneração Macular Relacionada à Idade)\\ADAM\\__MACOSX\\ADAM\\Test\\Lesion_Illustration\\._T0160.jpg'
._T0161.jpg,cannot identify image file 'D:\\OIO+\\DATASET_RETINA\\01.Originais\\AMD (Degeneração Macular Relacionada à Idade)\\ADAM\\__MACOSX\\ADAM\\Test\\Lesion_Illustration\\._T0161.jpg'
._T0162.jpg,cannot identify image file 'D:\\OIO+\\DATASET_RETINA\\01.Originais\\AMD (Degeneração Macular Relacionada à Idade)\\ADAM\\__MACOSX\\ADAM\\Test\\Lesion_Illustration\\._T0162.jpg'
._T0163.jpg,cannot identify image file 'D:\\OIO+\\DATASET_RETINA\\01.Originais\\AMD (Degeneração Macular Relacionada à Idade)\\ADAM\\__MACOSX\\ADAM\\Test\\Lesion_Illustration\\._T0163.jpg'
._T0164.jpg,cannot identify image file 'D:\\OIO+\\DATASET_RETINA\\01.Originais\\AMD (Degeneração Macular Relacionada à Idade)\\ADAM\\__MACOSX\\ADAM\\Test\\Lesion_Illustration\\._T0164.jpg'
._T0165.jpg,cannot identify image file 'D:\\OIO+\\DATASET_RETINA\\01.Originais\\AMD (Degeneração Macular Relacionada à Idade)\\ADAM\\__MACOSX\\ADAM\\Test\\Lesion_Illustration\\._T0165.jpg'
._T0166.jpg,cannot identify image file 'D:\\OIO+\\DATASET_RETINA\\01.Originais\\AMD (Degeneração Macular Relacionada à Idade)\\ADAM\\__MACOSX\\ADAM\\Test\\Lesion_Illustration\\._T0166.jpg'
._T0167.jpg,cannot identify image file 'D:\\OIO+\\DATASET_RETINA\\01.Originais\\AMD (Degeneração Macular Relacionada à Idade)\\ADAM\\__MACOSX\\ADAM\\Test\\Lesion_Illustration\\._T0167.jpg'
._T0168.jpg,cannot identify image file 'D:\\OIO+\\DATASET_RETINA\\01.Originais\\AMD (Degeneração Macular Relacionada à Idade)\\ADAM\\__MACOSX\\ADAM\\Test\\Lesion_Illustration\\._T0168.jpg'
._T0169.jpg,cannot identify image file 'D:\\OIO+\\DATASET_RETINA\\01.Originais\\AMD (Degeneração Macular Relacionada à Idade)\\ADAM\\__MACOSX\\ADAM\\Test\\Lesion_Illustration\\._T0169.jpg'
._T0170.jpg,cannot identify image file 'D:\\OIO+\\DATASET_RETINA\\01.Originais\\AMD (Degeneração Macular Relacionada à Idade)\\ADAM\\__MACOSX\\ADAM\\Test\\Lesion_Illustration\\._T0170.jpg'
._T0171.jpg,cannot identify image file 'D:\\OIO+\\DATASET_RETINA\\01.Originais\\AMD (Degeneração Macular Relacionada à Idade)\\ADAM\\__MACOSX\\ADAM\\Test\\Lesion_Illustration\\._T0171.jpg'
._T0172.jpg,cannot identify image file 'D:\\OIO+\\DATASET_RETINA\\01.Originais\\AMD (Degeneração Macular Relacionada à Idade)\\ADAM\\__MACOSX\\ADAM\\Test\\Lesion_Illustration\\._T0172.jpg'
._T0173.jpg,cannot identify image file 'D:\\OIO+\\DATASET_RETINA\\01.Originais\\AMD (Degeneração Macular Relacionada à Idade)\\ADAM\\__MACOSX\\ADAM\\Test\\Lesion_Illustration\\._T0173.jpg'
._T0174.jpg,cannot identify image file 'D:\\OIO+\\DATASET_RETINA\\01.Originais\\AMD (Degeneração Macular Relacionada à Idade)\\ADAM\\__MACOSX\\ADAM\\Test\\Lesion_Illustration\\._T0174.jpg'
._T0175.jpg,cannot identify image file 'D:\\OIO+\\DATASET_RETINA\\01.Originais\\AMD (Degeneração Macular Relacionada à Idade)\\ADAM\\__MACOSX\\ADAM\\Test\\Lesion_Illustration\\._T0175.jpg'
._T0176.jpg,cannot identify image file 'D:\\OIO+\\DATASET_RETINA\\01.Originais\\AMD (Degeneração Macular Relacionada à Idade)\\ADAM\\__MACOSX\\ADAM\\Test\\Lesion_Illustration\\._T0176.jpg'
._T0177.jpg,cannot identify image file 'D:\\OIO+\\DATASET_RETINA\\01.Originais\\AMD (Degeneração Macular Relacionada à Idade)\\ADAM\\__MACOSX\\ADAM\\Test\\Lesion_Illustration\\._T0177.jpg'
._T0178.jpg,cannot identify image file 'D:\\OIO+\\DATASET_RETINA\\01.Originais\\AMD (Degeneração Macular Relacionada à Idade)\\ADAM\\__MACOSX\\ADAM\\Test\\Lesion_Illustration\\._T0178.jpg'
._T0179.jpg,cannot identify image file 'D:\\OIO+\\DATASET_RETINA\\01.Originais\\AMD (Degeneração Macular Relacionada à Idade)\\ADAM\\__MACOSX\\ADAM\\Test\\Lesion_Illustration\\._T0179.jpg'
._T0180.jpg,cannot identify image file 'D:\\OIO+\\DATASET_RETINA\\01.Originais\\AMD (Degeneração Macular Relacionada à Idade)\\ADAM\\__MACOSX\\ADAM\\Test\\Lesion_Illustration\\._T0180.jpg'
._T0181.jpg,cannot identify image file 'D:\\OIO+\\DATASET_RETINA\\01.Originais\\AMD (Degeneração Macular Relacionada à Idade)\\ADAM\\__MACOSX\\ADAM\\Test\\Lesion_Illustration\\._T0181.jpg'
._T0182.jpg,cannot identify image file 'D:\\OIO+\\DATASET_RETINA\\01.Originais\\AMD (Degeneração Macular Relacionada à Idade)\\ADAM\\__MACOSX\\ADAM\\Test\\Lesion_Illustration\\._T0182.jpg'
._T0183.jpg,cannot identify image file 'D:\\OIO+\\DATASET_RETINA\\01.Originais\\AMD (Degeneração Macular Relacionada à Idade)\\ADAM\\__MACOSX\\ADAM\\Test\\Lesion_Illustration\\._T0183.jpg'
._T0184.jpg,cannot identify image file 'D:\\OIO+\\DATASET_RETINA\\01.Originais\\AMD (Degeneração Macular Relacionada à Idade)\\ADAM\\__MACOSX\\ADAM\\Test\\Lesion_Illustration\\._T0184.jpg'
._T0185.jpg,cannot identify image file 'D:\\OIO+\\DATASET_RETINA\\01.Originais\\AMD (Degeneração Macular Relacionada à Idade)\\ADAM\\__MACOSX\\ADAM\\Test\\Lesion_Illustration\\._T0185.jpg'
._T0186.jpg,cannot identify image file 'D:\\OIO+\\DATASET_RETINA\\01.Originais\\AMD (Degeneração Macular Relacionada à Idade)\\ADAM\\__MACOSX\\ADAM\\Test\\Lesion_Illustration\\._T0186.jpg'
._T0187.jpg,cannot identify image file 'D:\\OIO+\\DATASET_RETINA\\01.Originais\\AMD (Degeneração Macular Relacionada à Idade)\\ADAM\\__MACOSX\\ADAM\\Test\\Lesion_Illustration\\._T0187.jpg'
._T0188.jpg,cannot identify image file 'D:\\OIO+\\DATASET_RETINA\\01.Originais\\AMD (Degeneração Macular Relacionada à Idade)\\ADAM\\__MACOSX\\ADAM\\Test\\Lesion_Illustration\\._T0188.jpg'
._T0189.jpg,cannot identify image file 'D:\\OIO+\\DATASET_RETINA\\01.Originais\\AMD (Degeneração Macular Relacionada à Idade)\\ADAM\\__MACOSX\\ADAM\\Test\\Lesion_Illustration\\._T0189.jpg'
._T0190.jpg,cannot identify image file 'D:\\OIO+\\DATASET_RETINA\\01.Originais\\AMD (Degeneração Macular Relacionada à Idade)\\ADAM\\__MACOSX\\ADAM\\Test\\Lesion_Illustration\\._T0190.jpg'
._T0191.jpg,cannot identify image file 'D:\\OIO+\\DATASET_RETINA\\01.Originais\\AMD (Degeneração Macular Relacionada à Idade)\\ADAM\\__MACOSX\\ADAM\\Test\\Lesion_Illustration\\._T0191.jpg'
._T0192.jpg,cannot identify image file 'D:\\OIO+\\DATASET_RETINA\\01.Originais\\AMD (Degeneração Macular Relacionada à Idade)\\ADAM\\__MACOSX\\ADAM\\Test\\Lesion_Illustration\\._T0192.jpg'
._T0193.jpg,cannot identify image file 'D:\\OIO+\\DATASET_RETINA\\01.Originais\\AMD (Degeneração Macular Relacionada à Idade)\\ADAM\\__MACOSX\\ADAM\\Test\\Lesion_Illustration\\._T0193.jpg'
._T0194.jpg,cannot identify image file 'D:\\OIO+\\DATASET_RETINA\\01.Originais\\AMD (Degeneração Macular Relacionada à Idade)\\ADAM\\__MACOSX\\ADAM\\Test\\Lesion_Illustration\\._T0194.jpg'
._T0195.jpg,cannot identify image file 'D:\\OIO+\\DATASET_RETINA\\01.Originais\\AMD (Degeneração Macular Relacionada à Idade)\\ADAM\\__MACOSX\\ADAM\\Test\\Lesion_Illustration\\._T0195.jpg'
._T0196.jpg,cannot identify image file 'D:\\OIO+\\DATASET_RETINA\\01.Originais\\AMD (Degeneração Macular Relacionada à Idade)\\ADAM\\__MACOSX\\ADAM\\Test\\Lesion_Illustration\\._T0196.jpg'
._T0197.jpg,cannot identify image file 'D:\\OIO+\\DATASET_RETINA\\01.Originais\\AMD (Degeneração Macular Relacionada à Idade)\\ADAM\\__MACOSX\\ADAM\\Test\\Lesion_Illustration\\._T0197.jpg'
._T0198.jpg,cannot identify image file 'D:\\OIO+\\DATASET_RETINA\\01.Originais\\AMD (Degeneração Macular Relacionada à Idade)\\ADAM\\__MACOSX\\ADAM\\Test\\Lesion_Illustration\\._T0198.jpg'
._T0199.jpg,cannot identify image file 'D:\\OIO+\\DATASET_RETINA\\01.Originais\\AMD (Degeneração Macular Relacionada à Idade)\\ADAM\\__MACOSX\\ADAM\\Test\\Lesion_Illustration\\._T0199.jpg'
._T0200.jpg,cannot identify image file 'D:\\OIO+\\DATASET_RETINA\\01.Originais\\AMD (Degeneração Macular Relacionada à Idade)\\ADAM\\__MACOSX\\ADAM\\Test\\Lesion_Illustration\\._T0200.jpg'
._T0201.jpg,cannot identify image file 'D:\\OIO+\\DATASET_RETINA\\01.Originais\\AMD (Degeneração Macular Relacionada à Idade)\\ADAM\\__MACOSX\\ADAM\\Test\\Lesion_Illustration\\._T0201.jpg'
._T0202.jpg,cannot identify image file 'D:\\OIO+\\DATASET_RETINA\\01.Originais\\AMD (Degeneração Macular Relacionada à Idade)\\ADAM\\__MACOSX\\ADAM\\Test\\Lesion_Illustration\\._T0202.jpg'
._T0203.jpg,cannot identify image file 'D:\\OIO+\\DATASET_RETINA\\01.Originais\\AMD (Degeneração Macular Relacionada à Idade)\\ADAM\\__MACOSX\\ADAM\\Test\\Lesion_Illustration\\._T0203.jpg'
._T0204.jpg,cannot identify image file 'D:\\OIO+\\DATASET_RETINA\\01.Originais\\AMD (Degeneração Macular Relacionada à Idade)\\ADAM\\__MACOSX\\ADAM\\Test\\Lesion_Illustration\\._T0204.jpg'
._T0205.jpg,cannot identify image file 'D:\\OIO+\\DATASET_RETINA\\01.Originais\\AMD (Degeneração Macular Relacionada à Idade)\\ADAM\\__MACOSX\\ADAM\\Test\\Lesion_Illustration\\._T0205.jpg'
._T0206.jpg,cannot identify image file 'D:\\OIO+\\DATASET_RETINA\\01.Originais\\AMD (Degeneração Macular Relacionada à Idade)\\ADAM\\__MACOSX\\ADAM\\Test\\Lesion_Illustration\\._T0206.jpg'
._T0207.jpg,cannot identify image file 'D:\\OIO+\\DATASET_RETINA\\01.Originais\\AMD (Degeneração Macular Relacionada à Idade)\\ADAM\\__MACOSX\\ADAM\\Test\\Lesion_Illustration\\._T0207.jpg'
._T0208.jpg,cannot identify image file 'D:\\OIO+\\DATASET_RETINA\\01.Originais\\AMD (Degeneração Macular Relacionada à Idade)\\ADAM\\__MACOSX\\ADAM\\Test\\Lesion_Illustration\\._T0208.jpg'
._T0209.jpg,cannot identify image file 'D:\\OIO+\\DATASET_RETINA\\01.Originais\\AMD (Degeneração Macular Relacionada à Idade)\\ADAM\\__MACOSX\\ADAM\\Test\\Lesion_Illustration\\._T0209.jpg'
._T0210.jpg,cannot identify image file 'D:\\OIO+\\DATASET_RETINA\\01.Originais\\AMD (Degeneração Macular Relacionada à Idade)\\ADAM\\__MACOSX\\ADAM\\Test\\Lesion_Illustration\\._T0210.jpg'
._T0211.jpg,cannot identify image file 'D:\\OIO+\\DATASET_RETINA\\01.Originais\\AMD (Degeneração Macular Relacionada à Idade)\\ADAM\\__MACOSX\\ADAM\\Test\\Lesion_Illustration\\._T0211.jpg'
._T0212.jpg,cannot identify image file 'D:\\OIO+\\DATASET_RETINA\\01.Originais\\AMD (Degeneração Macular Relacionada à Idade)\\ADAM\\__MACOSX\\ADAM\\Test\\Lesion_Illustration\\._T0212.jpg'
._T0213.jpg,cannot identify image file 'D:\\OIO+\\DATASET_RETINA\\01.Originais\\AMD (Degeneração Macular Relacionada à Idade)\\ADAM\\__MACOSX\\ADAM\\Test\\Lesion_Illustration\\._T0213.jpg'
._T0214.jpg,cannot identify image file 'D:\\OIO+\\DATASET_RETINA\\01.Originais\\AMD (Degeneração Macular Relacionada à Idade)\\ADAM\\__MACOSX\\ADAM\\Test\\Lesion_Illustration\\._T0214.jpg'
._T0215.jpg,cannot identify image file 'D:\\OIO+\\DATASET_RETINA\\01.Originais\\AMD (Degeneração Macular Relacionada à Idade)\\ADAM\\__MACOSX\\ADAM\\Test\\Lesion_Illustration\\._T0215.jpg'
._T0216.jpg,cannot identify image file 'D:\\OIO+\\DATASET_RETINA\\01.Originais\\AMD (Degeneração Macular Relacionada à Idade)\\ADAM\\__MACOSX\\ADAM\\Test\\Lesion_Illustration\\._T0216.jpg'
._T0217.jpg,cannot identify image file 'D:\\OIO+\\DATASET_RETINA\\01.Originais\\AMD (Degeneração Macular Relacionada à Idade)\\ADAM\\__MACOSX\\ADAM\\Test\\Lesion_Illustration\\._T0217.jpg'
._T0218.jpg,cannot identify image file 'D:\\OIO+\\DATASET_RETINA\\01.Originais\\AMD (Degeneração Macular Relacionada à Idade)\\ADAM\\__MACOSX\\ADAM\\Test\\Lesion_Illustration\\._T0218.jpg'
._T0219.jpg,cannot identify image file 'D:\\OIO+\\DATASET_RETINA\\01.Originais\\AMD (Degeneração Macular Relacionada à Idade)\\ADAM\\__MACOSX\\ADAM\\Test\\Lesion_Illustration\\._T0219.jpg'
._T0220.jpg,cannot identify image file 'D:\\OIO+\\DATASET_RETINA\\01.Originais\\AMD (Degeneração Macular Relacionada à Idade)\\ADAM\\__MACOSX\\ADAM\\Test\\Lesion_Illustration\\._T0220.jpg'
._T0221.jpg,cannot identify image file 'D:\\OIO+\\DATASET_RETINA\\01.Originais\\AMD (Degeneração Macular Relacionada à Idade)\\ADAM\\__MACOSX\\ADAM\\Test\\Lesion_Illustration\\._T0221.jpg'
._T0222.jpg,cannot identify image file 'D:\\OIO+\\DATASET_RETINA\\01.Originais\\AMD (Degeneração Macular Relacionada à Idade)\\ADAM\\__MACOSX\\ADAM\\Test\\Lesion_Illustration\\._T0222.jpg'
._T0223.jpg,cannot identify image file 'D:\\OIO+\\DATASET_RETINA\\01.Originais\\AMD (Degeneração Macular Relacionada à Idade)\\ADAM\\__MACOSX\\ADAM\\Test\\Lesion_Illustration\\._T0223.jpg'
._T0224.jpg,cannot identify image file 'D:\\OIO+\\DATASET_RETINA\\01.Originais\\AMD (Degeneração Macular Relacionada à Idade)\\ADAM\\__MACOSX\\ADAM\\Test\\Lesion_Illustration\\._T0224.jpg'
._T0225.jpg,cannot identify image file 'D:\\OIO+\\DATASET_RETINA\\01.Originais\\AMD (Degeneração Macular Relacionada à Idade)\\ADAM\\__MACOSX\\ADAM\\Test\\Lesion_Illustration\\._T0225.jpg'
._T0226.jpg,cannot identify image file 'D:\\OIO+\\DATASET_RETINA\\01.Originais\\AMD (Degeneração Macular Relacionada à Idade)\\ADAM\\__MACOSX\\ADAM\\Test\\Lesion_Illustration\\._T0226.jpg'
._T0227.jpg,cannot identify image file 'D:\\OIO+\\DATASET_RETINA\\01.Originais\\AMD (Degeneração Macular Relacionada à Idade)\\ADAM\\__MACOSX\\ADAM\\Test\\Lesion_Illustration\\._T0227.jpg'
._T0228.jpg,cannot identify image file 'D:\\OIO+\\DATASET_RETINA\\01.Originais\\AMD (Degeneração Macular Relacionada à Idade)\\ADAM\\__MACOSX\\ADAM\\Test\\Lesion_Illustration\\._T0228.jpg'
._T0229.jpg,cannot identify image file 'D:\\OIO+\\DATASET_RETINA\\01.Originais\\AMD (Degeneração Macular Relacionada à Idade)\\ADAM\\__MACOSX\\ADAM\\Test\\Lesion_Illustration\\._T0229.jpg'
._T0230.jpg,cannot identify image file 'D:\\OIO+\\DATASET_RETINA\\01.Originais\\AMD (Degeneração Macular Relacionada à Idade)\\ADAM\\__MACOSX\\ADAM\\Test\\Lesion_Illustration\\._T0230.jpg'
._T0231.jpg,cannot identify image file 'D:\\OIO+\\DATASET_RETINA\\01.Originais\\AMD (Degeneração Macular Relacionada à Idade)\\ADAM\\__MACOSX\\ADAM\\Test\\Lesion_Illustration\\._T0231.jpg'
._T0232.jpg,cannot identify image file 'D:\\OIO+\\DATASET_RETINA\\01.Originais\\AMD (Degeneração Macular Relacionada à Idade)\\ADAM\\__MACOSX\\ADAM\\Test\\Lesion_Illustration\\._T0232.jpg'
._T0233.jpg,cannot identify image file 'D:\\OIO+\\DATASET_RETINA\\01.Originais\\AMD (Degeneração Macular Relacionada à Idade)\\ADAM\\__MACOSX\\ADAM\\Test\\Lesion_Illustration\\._T0233.jpg'
._T0234.jpg,cannot identify image file 'D:\\OIO+\\DATASET_RETINA\\01.Originais\\AMD (Degeneração Macular Relacionada à Idade)\\ADAM\\__MACOSX\\ADAM\\Test\\Lesion_Illustration\\._T0234.jpg'
._T0235.jpg,cannot identify image file 'D:\\OIO+\\DATASET_RETINA\\01.Originais\\AMD (Degeneração Macular Relacionada à Idade)\\ADAM\\__MACOSX\\ADAM\\Test\\Lesion_Illustration\\._T0235.jpg'
._T0236.jpg,cannot identify image file 'D:\\OIO+\\DATASET_RETINA\\01.Originais\\AMD (Degeneração Macular Relacionada à Idade)\\ADAM\\__MACOSX\\ADAM\\Test\\Lesion_Illustration\\._T0236.jpg'
._T0237.jpg,cannot identify image file 'D:\\OIO+\\DATASET_RETINA\\01.Originais\\AMD (Degeneração Macular Relacionada à Idade)\\ADAM\\__MACOSX\\ADAM\\Test\\Lesion_Illustration\\._T0237.jpg'
._T0238.jpg,cannot identify image file 'D:\\OIO+\\DATASET_RETINA\\01.Originais\\AMD (Degeneração Macular Relacionada à Idade)\\ADAM\\__MACOSX\\ADAM\\Test\\Lesion_Illustration\\._T0238.jpg'
._T0239.jpg,cannot identify image file 'D:\\OIO+\\DATASET_RETINA\\01.Originais\\AMD (Degeneração Macular Relacionada à Idade)\\ADAM\\__MACOSX\\ADAM\\Test\\Lesion_Illustration\\._T0239.jpg'
._T0240.jpg,cannot identify image file 'D:\\OIO+\\DATASET_RETINA\\01.Originais\\AMD (Degeneração Macular Relacionada à Idade)\\ADAM\\__MACOSX\\ADAM\\Test\\Lesion_Illustration\\._T0240.jpg'
._T0241.jpg,cannot identify image file 'D:\\OIO+\\DATASET_RETINA\\01.Originais\\AMD (Degeneração Macular Relacionada à Idade)\\ADAM\\__MACOSX\\ADAM\\Test\\Lesion_Illustration\\._T0241.jpg'
._T0242.jpg,cannot identify image file 'D:\\OIO+\\DATASET_RETINA\\01.Originais\\AMD (Degeneração Macular Relacionada à Idade)\\ADAM\\__MACOSX\\ADAM\\Test\\Lesion_Illustration\\._T0242.jpg'
._T0243.jpg,cannot identify image file 'D:\\OIO+\\DATASET_RETINA\\01.Originais\\AMD (Degeneração Macular Relacionada à Idade)\\ADAM\\__MACOSX\\ADAM\\Test\\Lesion_Illustration\\._T0243.jpg'
._T0244.jpg,cannot identify image file 'D:\\OIO+\\DATASET_RETINA\\01.Originais\\AMD (Degeneração Macular Relacionada à Idade)\\ADAM\\__MACOSX\\ADAM\\Test\\Lesion_Illustration\\._T0244.jpg'
._T0245.jpg,cannot identify image file 'D:\\OIO+\\DATASET_RETINA\\01.Originais\\AMD (Degeneração Macular Relacionada à Idade)\\ADAM\\__MACOSX\\ADAM\\Test\\Lesion_Illustration\\._T0245.jpg'
._T0246.jpg,cannot identify image file 'D:\\OIO+\\DATASET_RETINA\\01.Originais\\AMD (Degeneração Macular Relacionada à Idade)\\ADAM\\__MACOSX\\ADAM\\Test\\Lesion_Illustration\\._T0246.jpg'
._T0247.jpg,cannot identify image file 'D:\\OIO+\\DATASET_RETINA\\01.Originais\\AMD (Degeneração Macular Relacionada à Idade)\\ADAM\\__MACOSX\\ADAM\\Test\\Lesion_Illustration\\._T0247.jpg'
._T0248.jpg,cannot identify image file 'D:\\OIO+\\DATASET_RETINA\\01.Originais\\AMD (Degeneração Macular Relacionada à Idade)\\ADAM\\__MACOSX\\ADAM\\Test\\Lesion_Illustration\\._T0248.jpg'
._T0249.jpg,cannot identify image file 'D:\\OIO+\\DATASET_RETINA\\01.Originais\\AMD (Degeneração Macular Relacionada à Idade)\\ADAM\\__MACOSX\\ADAM\\Test\\Lesion_Illustration\\._T0249.jpg'
._T0250.jpg,cannot identify image file 'D:\\OIO+\\DATASET_RETINA\\01.Originais\\AMD (Degeneração Macular Relacionada à Idade)\\ADAM\\__MACOSX\\ADAM\\Test\\Lesion_Illustration\\._T0250.jpg'
._T0251.jpg,cannot identify image file 'D:\\OIO+\\DATASET_RETINA\\01.Originais\\AMD (Degeneração Macular Relacionada à Idade)\\ADAM\\__MACOSX\\ADAM\\Test\\Lesion_Illustration\\._T0251.jpg'
._T0252.jpg,cannot identify image file 'D:\\OIO+\\DATASET_RETINA\\01.Originais\\AMD (Degeneração Macular Relacionada à Idade)\\ADAM\\__MACOSX\\ADAM\\Test\\Lesion_Illustration\\._T0252.jpg'
._T0253.jpg,cannot identify image file 'D:\\OIO+\\DATASET_RETINA\\01.Originais\\AMD (Degeneração Macular Relacionada à Idade)\\ADAM\\__MACOSX\\ADAM\\Test\\Lesion_Illustration\\._T0253.jpg'
._T0254.jpg,cannot identify image file 'D:\\OIO+\\DATASET_RETINA\\01.Originais\\AMD (Degeneração Macular Relacionada à Idade)\\ADAM\\__MACOSX\\ADAM\\Test\\Lesion_Illustration\\._T0254.jpg'
._T0255.jpg,cannot identify image file 'D:\\OIO+\\DATASET_RETINA\\01.Originais\\AMD (Degeneração Macular Relacionada à Idade)\\ADAM\\__MACOSX\\ADAM\\Test\\Lesion_Illustration\\._T0255.jpg'
._T0256.jpg,cannot identify image file 'D:\\OIO+\\DATASET_RETINA\\01.Originais\\AMD (Degeneração Macular Relacionada à Idade)\\ADAM\\__MACOSX\\ADAM\\Test\\Lesion_Illustration\\._T0256.jpg'
._T0257.jpg,cannot identify image file 'D:\\OIO+\\DATASET_RETINA\\01.Originais\\AMD (Degeneração Macular Relacionada à Idade)\\ADAM\\__MACOSX\\ADAM\\Test\\Lesion_Illustration\\._T0257.jpg'
._T0258.jpg,cannot identify image file 'D:\\OIO+\\DATASET_RETINA\\01.Originais\\AMD (Degeneração Macular Relacionada à Idade)\\ADAM\\__MACOSX\\ADAM\\Test\\Lesion_Illustration\\._T0258.jpg'
._T0259.jpg,cannot identify image file 'D:\\OIO+\\DATASET_RETINA\\01.Originais\\AMD (Degeneração Macular Relacionada à Idade)\\ADAM\\__MACOSX\\ADAM\\Test\\Lesion_Illustration\\._T0259.jpg'
._T0260.jpg,cannot identify image file 'D:\\OIO+\\DATASET_RETINA\\01.Originais\\AMD (Degeneração Macular Relacionada à Idade)\\ADAM\\__MACOSX\\ADAM\\Test\\Lesion_Illustration\\._T0260.jpg'
._T0261.jpg,cannot identify image file 'D:\\OIO+\\DATASET_RETINA\\01.Originais\\AMD (Degeneração Macular Relacionada à Idade)\\ADAM\\__MACOSX\\ADAM\\Test\\Lesion_Illustration\\._T0261.jpg'
._T0262.jpg,cannot identify image file 'D:\\OIO+\\DATASET_RETINA\\01.Originais\\AMD (Degeneração Macular Relacionada à Idade)\\ADAM\\__MACOSX\\ADAM\\Test\\Lesion_Illustration\\._T0262.jpg'
._T0263.jpg,cannot identify image file 'D:\\OIO+\\DATASET_RETINA\\01.Originais\\AMD (Degeneração Macular Relacionada à Idade)\\ADAM\\__MACOSX\\ADAM\\Test\\Lesion_Illustration\\._T0263.jpg'
._T0264.jpg,cannot identify image file 'D:\\OIO+\\DATASET_RETINA\\01.Originais\\AMD (Degeneração Macular Relacionada à Idade)\\ADAM\\__MACOSX\\ADAM\\Test\\Lesion_Illustration\\._T0264.jpg'
._T0265.jpg,cannot identify image file 'D:\\OIO+\\DATASET_RETINA\\01.Originais\\AMD (Degeneração Macular Relacionada à Idade)\\ADAM\\__MACOSX\\ADAM\\Test\\Lesion_Illustration\\._T0265.jpg'
._T0266.jpg,cannot identify image file 'D:\\OIO+\\DATASET_RETINA\\01.Originais\\AMD (Degeneração Macular Relacionada à Idade)\\ADAM\\__MACOSX\\ADAM\\Test\\Lesion_Illustration\\._T0266.jpg'
._T0267.jpg,cannot identify image file 'D:\\OIO+\\DATASET_RETINA\\01.Originais\\AMD (Degeneração Macular Relacionada à Idade)\\ADAM\\__MACOSX\\ADAM\\Test\\Lesion_Illustration\\._T0267.jpg'
._T0268.jpg,cannot identify image file 'D:\\OIO+\\DATASET_RETINA\\01.Originais\\AMD (Degeneração Macular Relacionada à Idade)\\ADAM\\__MACOSX\\ADAM\\Test\\Lesion_Illustration\\._T0268.jpg'
._T0269.jpg,cannot identify image file 'D:\\OIO+\\DATASET_RETINA\\01.Originais\\AMD (Degeneração Macular Relacionada à Idade)\\ADAM\\__MACOSX\\ADAM\\Test\\Lesion_Illustration\\._T0269.jpg'
._T0270.jpg,cannot identify image file 'D:\\OIO+\\DATASET_RETINA\\01.Originais\\AMD (Degeneração Macular Relacionada à Idade)\\ADAM\\__MACOSX\\ADAM\\Test\\Lesion_Illustration\\._T0270.jpg'
._T0271.jpg,cannot identify image file 'D:\\OIO+\\DATASET_RETINA\\01.Originais\\AMD (Degeneração Macular Relacionada à Idade)\\ADAM\\__MACOSX\\ADAM\\Test\\Lesion_Illustration\\._T0271.jpg'
._T0272.jpg,cannot identify image file 'D:\\OIO+\\DATASET_RETINA\\01.Originais\\AMD (Degeneração Macular Relacionada à Idade)\\ADAM\\__MACOSX\\ADAM\\Test\\Lesion_Illustration\\._T0272.jpg'
._T0273.jpg,cannot identify image file 'D:\\OIO+\\DATASET_RETINA\\01.Originais\\AMD (Degeneração Macular Relacionada à Idade)\\ADAM\\__MACOSX\\ADAM\\Test\\Lesion_Illustration\\._T0273.jpg'
._T0274.jpg,cannot identify image file 'D:\\OIO+\\DATASET_RETINA\\01.Originais\\AMD (Degeneração Macular Relacionada à Idade)\\ADAM\\__MACOSX\\ADAM\\Test\\Lesion_Illustration\\._T0274.jpg'
._T0275.jpg,cannot identify image file 'D:\\OIO+\\DATASET_RETINA\\01.Originais\\AMD (Degeneração Macular Relacionada à Idade)\\ADAM\\__MACOSX\\ADAM\\Test\\Lesion_Illustration\\._T0275.jpg'
._T0276.jpg,cannot identify image file 'D:\\OIO+\\DATASET_RETINA\\01.Originais\\AMD (Degeneração Macular Relacionada à Idade)\\ADAM\\__MACOSX\\ADAM\\Test\\Lesion_Illustration\\._T0276.jpg'
._T0277.jpg,cannot identify image file 'D:\\OIO+\\DATASET_RETINA\\01.Originais\\AMD (Degeneração Macular Relacionada à Idade)\\ADAM\\__MACOSX\\ADAM\\Test\\Lesion_Illustration\\._T0277.jpg'
._T0278.jpg,cannot identify image file 'D:\\OIO+\\DATASET_RETINA\\01.Originais\\AMD (Degeneração Macular Relacionada à Idade)\\ADAM\\__MACOSX\\ADAM\\Test\\Lesion_Illustration\\._T0278.jpg'
._T0279.jpg,cannot identify image file 'D:\\OIO+\\DATASET_RETINA\\01.Originais\\AMD (Degeneração Macular Relacionada à Idade)\\ADAM\\__MACOSX\\ADAM\\Test\\Lesion_Illustration\\._T0279.jpg'
._T0280.jpg,cannot identify image file 'D:\\OIO+\\DATASET_RETINA\\01.Originais\\AMD (Degeneração Macular Relacionada à Idade)\\ADAM\\__MACOSX\\ADAM\\Test\\Lesion_Illustration\\._T0280.jpg'
._T0281.jpg,cannot identify image file 'D:\\OIO+\\DATASET_RETINA\\01.Originais\\AMD (Degeneração Macular Relacionada à Idade)\\ADAM\\__MACOSX\\ADAM\\Test\\Lesion_Illustration\\._T0281.jpg'
._T0282.jpg,cannot identify image file 'D:\\OIO+\\DATASET_RETINA\\01.Originais\\AMD (Degeneração Macular Relacionada à Idade)\\ADAM\\__MACOSX\\ADAM\\Test\\Lesion_Illustration\\._T0282.jpg'
._T0283.jpg,cannot identify image file 'D:\\OIO+\\DATASET_RETINA\\01.Originais\\AMD (Degeneração Macular Relacionada à Idade)\\ADAM\\__MACOSX\\ADAM\\Test\\Lesion_Illustration\\._T0283.jpg'
._T0284.jpg,cannot identify image file 'D:\\OIO+\\DATASET_RETINA\\01.Originais\\AMD (Degeneração Macular Relacionada à Idade)\\ADAM\\__MACOSX\\ADAM\\Test\\Lesion_Illustration\\._T0284.jpg'
._T0285.jpg,cannot identify image file 'D:\\OIO+\\DATASET_RETINA\\01.Originais\\AMD (Degeneração Macular Relacionada à Idade)\\ADAM\\__MACOSX\\ADAM\\Test\\Lesion_Illustration\\._T0285.jpg'
._T0286.jpg,cannot identify image file 'D:\\OIO+\\DATASET_RETINA\\01.Originais\\AMD (Degeneração Macular Relacionada à Idade)\\ADAM\\__MACOSX\\ADAM\\Test\\Lesion_Illustration\\._T0286.jpg'
._T0287.jpg,cannot identify image file 'D:\\OIO+\\DATASET_RETINA\\01.Originais\\AMD (Degeneração Macular Relacionada à Idade)\\ADAM\\__MACOSX\\ADAM\\Test\\Lesion_Illustration\\._T0287.jpg'
._T0288.jpg,cannot identify image file 'D:\\OIO+\\DATASET_RETINA\\01.Originais\\AMD (Degeneração Macular Relacionada à Idade)\\ADAM\\__MACOSX\\ADAM\\Test\\Lesion_Illustration\\._T0288.jpg'
._T0289.jpg,cannot identify image file 'D:\\OIO+\\DATASET_RETINA\\01.Originais\\AMD (Degeneração Macular Relacionada à Idade)\\ADAM\\__MACOSX\\ADAM\\Test\\Lesion_Illustration\\._T0289.jpg'
._T0290.jpg,cannot identify image file 'D:\\OIO+\\DATASET_RETINA\\01.Originais\\AMD (Degeneração Macular Relacionada à Idade)\\ADAM\\__MACOSX\\ADAM\\Test\\Lesion_Illustration\\._T0290.jpg'
._T0291.jpg,cannot identify image file 'D:\\OIO+\\DATASET_RETINA\\01.Originais\\AMD (Degeneração Macular Relacionada à Idade)\\ADAM\\__MACOSX\\ADAM\\Test\\Lesion_Illustration\\._T0291.jpg'
._T0292.jpg,cannot identify image file 'D:\\OIO+\\DATASET_RETINA\\01.Originais\\AMD (Degeneração Macular Relacionada à Idade)\\ADAM\\__MACOSX\\ADAM\\Test\\Lesion_Illustration\\._T0292.jpg'
._T0293.jpg,cannot identify image file 'D:\\OIO+\\DATASET_RETINA\\01.Originais\\AMD (Degeneração Macular Relacionada à Idade)\\ADAM\\__MACOSX\\ADAM\\Test\\Lesion_Illustration\\._T0293.jpg'
._T0294.jpg,cannot identify image file 'D:\\OIO+\\DATASET_RETINA\\01.Originais\\AMD (Degeneração Macular Relacionada à Idade)\\ADAM\\__MACOSX\\ADAM\\Test\\Lesion_Illustration\\._T0294.jpg'
._T0295.jpg,cannot identify image file 'D:\\OIO+\\DATASET_RETINA\\01.Originais\\AMD (Degeneração Macular Relacionada à Idade)\\ADAM\\__MACOSX\\ADAM\\Test\\Lesion_Illustration\\._T0295.jpg'
._T0296.jpg,cannot identify image file 'D:\\OIO+\\DATASET_RETINA\\01.Originais\\AMD (Degeneração Macular Relacionada à Idade)\\ADAM\\__MACOSX\\ADAM\\Test\\Lesion_Illustration\\._T0296.jpg'
._T0297.jpg,cannot identify image file 'D:\\OIO+\\DATASET_RETINA\\01.Originais\\AMD (Degeneração Macular Relacionada à Idade)\\ADAM\\__MACOSX\\ADAM\\Test\\Lesion_Illustration\\._T0297.jpg'
._T0298.jpg,cannot identify image file 'D:\\OIO+\\DATASET_RETINA\\01.Originais\\AMD (Degeneração Macular Relacionada à Idade)\\ADAM\\__MACOSX\\ADAM\\Test\\Lesion_Illustration\\._T0298.jpg'
._T0299.jpg,cannot identify image file 'D:\\OIO+\\DATASET_RETINA\\01.Originais\\AMD (Degeneração Macular Relacionada à Idade)\\ADAM\\__MACOSX\\ADAM\\Test\\Lesion_Illustration\\._T0299.jpg'
._T0300.jpg,cannot identify image file 'D:\\OIO+\\DATASET_RETINA\\01.Originais\\AMD (Degeneração Macular Relacionada à Idade)\\ADAM\\__MACOSX\\ADAM\\Test\\Lesion_Illustration\\._T0300.jpg'
._T0301.jpg,cannot identify image file 'D:\\OIO+\\DATASET_RETINA\\01.Originais\\AMD (Degeneração Macular Relacionada à Idade)\\ADAM\\__MACOSX\\ADAM\\Test\\Lesion_Illustration\\._T0301.jpg'
._T0302.jpg,cannot identify image file 'D:\\OIO+\\DATASET_RETINA\\01.Originais\\AMD (Degeneração Macular Relacionada à Idade)\\ADAM\\__MACOSX\\ADAM\\Test\\Lesion_Illustration\\._T0302.jpg'
._T0303.jpg,cannot identify image file 'D:\\OIO+\\DATASET_RETINA\\01.Originais\\AMD (Degeneração Macular Relacionada à Idade)\\ADAM\\__MACOSX\\ADAM\\Test\\Lesion_Illustration\\._T0303.jpg'
._T0304.jpg,cannot identify image file 'D:\\OIO+\\DATASET_RETINA\\01.Originais\\AMD (Degeneração Macular Relacionada à Idade)\\ADAM\\__MACOSX\\ADAM\\Test\\Lesion_Illustration\\._T0304.jpg'
._T0305.jpg,cannot identify image file 'D:\\OIO+\\DATASET_RETINA\\01.Originais\\AMD (Degeneração Macular Relacionada à Idade)\\ADAM\\__MACOSX\\ADAM\\Test\\Lesion_Illustration\\._T0305.jpg'
._T0306.jpg,cannot identify image file 'D:\\OIO+\\DATASET_RETINA\\01.Originais\\AMD (Degeneração Macular Relacionada à Idade)\\ADAM\\__MACOSX\\ADAM\\Test\\Lesion_Illustration\\._T0306.jpg'
._T0307.jpg,cannot identify image file 'D:\\OIO+\\DATASET_RETINA\\01.Originais\\AMD (Degeneração Macular Relacionada à Idade)\\ADAM\\__MACOSX\\ADAM\\Test\\Lesion_Illustration\\._T0307.jpg'
._T0308.jpg,cannot identify image file 'D:\\OIO+\\DATASET_RETINA\\01.Originais\\AMD (Degeneração Macular Relacionada à Idade)\\ADAM\\__MACOSX\\ADAM\\Test\\Lesion_Illustration\\._T0308.jpg'
._T0309.jpg,cannot identify image file 'D:\\OIO+\\DATASET_RETINA\\01.Originais\\AMD (Degeneração Macular Relacionada à Idade)\\ADAM\\__MACOSX\\ADAM\\Test\\Lesion_Illustration\\._T0309.jpg'
._T0310.jpg,cannot identify image file 'D:\\OIO+\\DATASET_RETINA\\01.Originais\\AMD (Degeneração Macular Relacionada à Idade)\\ADAM\\__MACOSX\\ADAM\\Test\\Lesion_Illustration\\._T0310.jpg'
._T0311.jpg,cannot identify image file 'D:\\OIO+\\DATASET_RETINA\\01.Originais\\AMD (Degeneração Macular Relacionada à Idade)\\ADAM\\__MACOSX\\ADAM\\Test\\Lesion_Illustration\\._T0311.jpg'
._T0312.jpg,cannot identify image file 'D:\\OIO+\\DATASET_RETINA\\01.Originais\\AMD (Degeneração Macular Relacionada à Idade)\\ADAM\\__MACOSX\\ADAM\\Test\\Lesion_Illustration\\._T0312.jpg'
._T0313.jpg,cannot identify image file 'D:\\OIO+\\DATASET_RETINA\\01.Originais\\AMD (Degeneração Macular Relacionada à Idade)\\ADAM\\__MACOSX\\ADAM\\Test\\Lesion_Illustration\\._T0313.jpg'
._T0314.jpg,cannot identify image file 'D:\\OIO+\\DATASET_RETINA\\01.Originais\\AMD (Degeneração Macular Relacionada à Idade)\\ADAM\\__MACOSX\\ADAM\\Test\\Lesion_Illustration\\._T0314.jpg'
._T0315.jpg,cannot identify image file 'D:\\OIO+\\DATASET_RETINA\\01.Originais\\AMD (Degeneração Macular Relacionada à Idade)\\ADAM\\__MACOSX\\ADAM\\Test\\Lesion_Illustration\\._T0315.jpg'
._T0316.jpg,cannot identify image file 'D:\\OIO+\\DATASET_RETINA\\01.Originais\\AMD (Degeneração Macular Relacionada à Idade)\\ADAM\\__MACOSX\\ADAM\\Test\\Lesion_Illustration\\._T0316.jpg'
._T0317.jpg,cannot identify image file 'D:\\OIO+\\DATASET_RETINA\\01.Originais\\AMD (Degeneração Macular Relacionada à Idade)\\ADAM\\__MACOSX\\ADAM\\Test\\Lesion_Illustration\\._T0317.jpg'
._T0318.jpg,cannot identify image file 'D:\\OIO+\\DATASET_RETINA\\01.Originais\\AMD (Degeneração Macular Relacionada à Idade)\\ADAM\\__MACOSX\\ADAM\\Test\\Lesion_Illustration\\._T0318.jpg'
._T0319.jpg,cannot identify image file 'D:\\OIO+\\DATASET_RETINA\\01.Originais\\AMD (Degeneração Macular Relacionada à Idade)\\ADAM\\__MACOSX\\ADAM\\Test\\Lesion_Illustration\\._T0319.jpg'
._T0320.jpg,cannot identify image file 'D:\\OIO+\\DATASET_RETINA\\01.Originais\\AMD (Degeneração Macular Relacionada à Idade)\\ADAM\\__MACOSX\\ADAM\\Test\\Lesion_Illustration\\._T0320.jpg'
._T0321.jpg,cannot identify image file 'D:\\OIO+\\DATASET_RETINA\\01.Originais\\AMD (Degeneração Macular Relacionada à Idade)\\ADAM\\__MACOSX\\ADAM\\Test\\Lesion_Illustration\\._T0321.jpg'
._T0322.jpg,cannot identify image file 'D:\\OIO+\\DATASET_RETINA\\01.Originais\\AMD (Degeneração Macular Relacionada à Idade)\\ADAM\\__MACOSX\\ADAM\\Test\\Lesion_Illustration\\._T0322.jpg'
._T0323.jpg,cannot identify image file 'D:\\OIO+\\DATASET_RETINA\\01.Originais\\AMD (Degeneração Macular Relacionada à Idade)\\ADAM\\__MACOSX\\ADAM\\Test\\Lesion_Illustration\\._T0323.jpg'
._T0324.jpg,cannot identify image file 'D:\\OIO+\\DATASET_RETINA\\01.Originais\\AMD (Degeneração Macular Relacionada à Idade)\\ADAM\\__MACOSX\\ADAM\\Test\\Lesion_Illustration\\._T0324.jpg'
._T0325.jpg,cannot identify image file 'D:\\OIO+\\DATASET_RETINA\\01.Originais\\AMD (Degeneração Macular Relacionada à Idade)\\ADAM\\__MACOSX\\ADAM\\Test\\Lesion_Illustration\\._T0325.jpg'
._T0326.jpg,cannot identify image file 'D:\\OIO+\\DATASET_RETINA\\01.Originais\\AMD (Degeneração Macular Relacionada à Idade)\\ADAM\\__MACOSX\\ADAM\\Test\\Lesion_Illustration\\._T0326.jpg'
._T0327.jpg,cannot identify image file 'D:\\OIO+\\DATASET_RETINA\\01.Originais\\AMD (Degeneração Macular Relacionada à Idade)\\ADAM\\__MACOSX\\ADAM\\Test\\Lesion_Illustration\\._T0327.jpg'
._T0328.jpg,cannot identify image file 'D:\\OIO+\\DATASET_RETINA\\01.Originais\\AMD (Degeneração Macular Relacionada à Idade)\\ADAM\\__MACOSX\\ADAM\\Test\\Lesion_Illustration\\._T0328.jpg'
._T0329.jpg,cannot identify image file 'D:\\OIO+\\DATASET_RETINA\\01.Originais\\AMD (Degeneração Macular Relacionada à Idade)\\ADAM\\__MACOSX\\ADAM\\Test\\Lesion_Illustration\\._T0329.jpg'
._T0330.jpg,cannot identify image file 'D:\\OIO+\\DATASET_RETINA\\01.Originais\\AMD (Degeneração Macular Relacionada à Idade)\\ADAM\\__MACOSX\\ADAM\\Test\\Lesion_Illustration\\._T0330.jpg'
._T0331.jpg,cannot identify image file 'D:\\OIO+\\DATASET_RETINA\\01.Originais\\AMD (Degeneração Macular Relacionada à Idade)\\ADAM\\__MACOSX\\ADAM\\Test\\Lesion_Illustration\\._T0331.jpg'
._T0332.jpg,cannot identify image file 'D:\\OIO+\\DATASET_RETINA\\01.Originais\\AMD (Degeneração Macular Relacionada à Idade)\\ADAM\\__MACOSX\\ADAM\\Test\\Lesion_Illustration\\._T0332.jpg'
._T0333.jpg,cannot identify image file 'D:\\OIO+\\DATASET_RETINA\\01.Originais\\AMD (Degeneração Macular Relacionada à Idade)\\ADAM\\__MACOSX\\ADAM\\Test\\Lesion_Illustration\\._T0333.jpg'
._T0334.jpg,cannot identify image file 'D:\\OIO+\\DATASET_RETINA\\01.Originais\\AMD (Degeneração Macular Relacionada à Idade)\\ADAM\\__MACOSX\\ADAM\\Test\\Lesion_Illustration\\._T0334.jpg'
._T0335.jpg,cannot identify image file 'D:\\OIO+\\DATASET_RETINA\\01.Originais\\AMD (Degeneração Macular Relacionada à Idade)\\ADAM\\__MACOSX\\ADAM\\Test\\Lesion_Illustration\\._T0335.jpg'
._T0336.jpg,cannot identify image file 'D:\\OIO+\\DATASET_RETINA\\01.Originais\\AMD (Degeneração Macular Relacionada à Idade)\\ADAM\\__MACOSX\\ADAM\\Test\\Lesion_Illustration\\._T0336.jpg'
._T0337.jpg,cannot identify image file 'D:\\OIO+\\DATASET_RETINA\\01.Originais\\AMD (Degeneração Macular Relacionada à Idade)\\ADAM\\__MACOSX\\ADAM\\Test\\Lesion_Illustration\\._T0337.jpg'
._T0338.jpg,cannot identify image file 'D:\\OIO+\\DATASET_RETINA\\01.Originais\\AMD (Degeneração Macular Relacionada à Idade)\\ADAM\\__MACOSX\\ADAM\\Test\\Lesion_Illustration\\._T0338.jpg'
._T0339.jpg,cannot identify image file 'D:\\OIO+\\DATASET_RETINA\\01.Originais\\AMD (Degeneração Macular Relacionada à Idade)\\ADAM\\__MACOSX\\ADAM\\Test\\Lesion_Illustration\\._T0339.jpg'
._T0340.jpg,cannot identify image file 'D:\\OIO+\\DATASET_RETINA\\01.Originais\\AMD (Degeneração Macular Relacionada à Idade)\\ADAM\\__MACOSX\\ADAM\\Test\\Lesion_Illustration\\._T0340.jpg'
._T0341.jpg,cannot identify image file 'D:\\OIO+\\DATASET_RETINA\\01.Originais\\AMD (Degeneração Macular Relacionada à Idade)\\ADAM\\__MACOSX\\ADAM\\Test\\Lesion_Illustration\\._T0341.jpg'
._T0342.jpg,cannot identify image file 'D:\\OIO+\\DATASET_RETINA\\01.Originais\\AMD (Degeneração Macular Relacionada à Idade)\\ADAM\\__MACOSX\\ADAM\\Test\\Lesion_Illustration\\._T0342.jpg'
._T0343.jpg,cannot identify image file 'D:\\OIO+\\DATASET_RETINA\\01.Originais\\AMD (Degeneração Macular Relacionada à Idade)\\ADAM\\__MACOSX\\ADAM\\Test\\Lesion_Illustration\\._T0343.jpg'
._T0344.jpg,cannot identify image file 'D:\\OIO+\\DATASET_RETINA\\01.Originais\\AMD (Degeneração Macular Relacionada à Idade)\\ADAM\\__MACOSX\\ADAM\\Test\\Lesion_Illustration\\._T0344.jpg'
._T0345.jpg,cannot identify image file 'D:\\OIO+\\DATASET_RETINA\\01.Originais\\AMD (Degeneração Macular Relacionada à Idade)\\ADAM\\__MACOSX\\ADAM\\Test\\Lesion_Illustration\\._T0345.jpg'
._T0346.jpg,cannot identify image file 'D:\\OIO+\\DATASET_RETINA\\01.Originais\\AMD (Degeneração Macular Relacionada à Idade)\\ADAM\\__MACOSX\\ADAM\\Test\\Lesion_Illustration\\._T0346.jpg'
._T0347.jpg,cannot identify image file 'D:\\OIO+\\DATASET_RETINA\\01.Originais\\AMD (Degeneração Macular Relacionada à Idade)\\ADAM\\__MACOSX\\ADAM\\Test\\Lesion_Illustration\\._T0347.jpg'
._T0348.jpg,cannot identify image file 'D:\\OIO+\\DATASET_RETINA\\01.Originais\\AMD (Degeneração Macular Relacionada à Idade)\\ADAM\\__MACOSX\\ADAM\\Test\\Lesion_Illustration\\._T0348.jpg'
._T0349.jpg,cannot identify image file 'D:\\OIO+\\DATASET_RETINA\\01.Originais\\AMD (Degeneração Macular Relacionada à Idade)\\ADAM\\__MACOSX\\ADAM\\Test\\Lesion_Illustration\\._T0349.jpg'
._T0350.jpg,cannot identify image file 'D:\\OIO+\\DATASET_RETINA\\01.Originais\\AMD (Degeneração Macular Relacionada à Idade)\\ADAM\\__MACOSX\\ADAM\\Test\\Lesion_Illustration\\._T0350.jpg'
._T0351.jpg,cannot identify image file 'D:\\OIO+\\DATASET_RETINA\\01.Originais\\AMD (Degeneração Macular Relacionada à Idade)\\ADAM\\__MACOSX\\ADAM\\Test\\Lesion_Illustration\\._T0351.jpg'
._T0352.jpg,cannot identify image file 'D:\\OIO+\\DATASET_RETINA\\01.Originais\\AMD (Degeneração Macular Relacionada à Idade)\\ADAM\\__MACOSX\\ADAM\\Test\\Lesion_Illustration\\._T0352.jpg'
._T0353.jpg,cannot identify image file 'D:\\OIO+\\DATASET_RETINA\\01.Originais\\AMD (Degeneração Macular Relacionada à Idade)\\ADAM\\__MACOSX\\ADAM\\Test\\Lesion_Illustration\\._T0353.jpg'
._T0354.jpg,cannot identify image file 'D:\\OIO+\\DATASET_RETINA\\01.Originais\\AMD (Degeneração Macular Relacionada à Idade)\\ADAM\\__MACOSX\\ADAM\\Test\\Lesion_Illustration\\._T0354.jpg'
._T0355.jpg,cannot identify image file 'D:\\OIO+\\DATASET_RETINA\\01.Originais\\AMD (Degeneração Macular Relacionada à Idade)\\ADAM\\__MACOSX\\ADAM\\Test\\Lesion_Illustration\\._T0355.jpg'
._T0356.jpg,cannot identify image file 'D:\\OIO+\\DATASET_RETINA\\01.Originais\\AMD (Degeneração Macular Relacionada à Idade)\\ADAM\\__MACOSX\\ADAM\\Test\\Lesion_Illustration\\._T0356.jpg'
._T0357.jpg,cannot identify image file 'D:\\OIO+\\DATASET_RETINA\\01.Originais\\AMD (Degeneração Macular Relacionada à Idade)\\ADAM\\__MACOSX\\ADAM\\Test\\Lesion_Illustration\\._T0357.jpg'
._T0358.jpg,cannot identify image file 'D:\\OIO+\\DATASET_RETINA\\01.Originais\\AMD (Degeneração Macular Relacionada à Idade)\\ADAM\\__MACOSX\\ADAM\\Test\\Lesion_Illustration\\._T0358.jpg'
._T0359.jpg,cannot identify image file 'D:\\OIO+\\DATASET_RETINA\\01.Originais\\AMD (Degeneração Macular Relacionada à Idade)\\ADAM\\__MACOSX\\ADAM\\Test\\Lesion_Illustration\\._T0359.jpg'
._T0360.jpg,cannot identify image file 'D:\\OIO+\\DATASET_RETINA\\01.Originais\\AMD (Degeneração Macular Relacionada à Idade)\\ADAM\\__MACOSX\\ADAM\\Test\\Lesion_Illustration\\._T0360.jpg'
._T0361.jpg,cannot identify image file 'D:\\OIO+\\DATASET_RETINA\\01.Originais\\AMD (Degeneração Macular Relacionada à Idade)\\ADAM\\__MACOSX\\ADAM\\Test\\Lesion_Illustration\\._T0361.jpg'
._T0362.jpg,cannot identify image file 'D:\\OIO+\\DATASET_RETINA\\01.Originais\\AMD (Degeneração Macular Relacionada à Idade)\\ADAM\\__MACOSX\\ADAM\\Test\\Lesion_Illustration\\._T0362.jpg'
._T0363.jpg,cannot identify image file 'D:\\OIO+\\DATASET_RETINA\\01.Originais\\AMD (Degeneração Macular Relacionada à Idade)\\ADAM\\__MACOSX\\ADAM\\Test\\Lesion_Illustration\\._T0363.jpg'
._T0364.jpg,cannot identify image file 'D:\\OIO+\\DATASET_RETINA\\01.Originais\\AMD (Degeneração Macular Relacionada à Idade)\\ADAM\\__MACOSX\\ADAM\\Test\\Lesion_Illustration\\._T0364.jpg'
._T0365.jpg,cannot identify image file 'D:\\OIO+\\DATASET_RETINA\\01.Originais\\AMD (Degeneração Macular Relacionada à Idade)\\ADAM\\__MACOSX\\ADAM\\Test\\Lesion_Illustration\\._T0365.jpg'
._T0366.jpg,cannot identify image file 'D:\\OIO+\\DATASET_RETINA\\01.Originais\\AMD (Degeneração Macular Relacionada à Idade)\\ADAM\\__MACOSX\\ADAM\\Test\\Lesion_Illustration\\._T0366.jpg'
._T0367.jpg,cannot identify image file 'D:\\OIO+\\DATASET_RETINA\\01.Originais\\AMD (Degeneração Macular Relacionada à Idade)\\ADAM\\__MACOSX\\ADAM\\Test\\Lesion_Illustration\\._T0367.jpg'
._T0368.jpg,cannot identify image file 'D:\\OIO+\\DATASET_RETINA\\01.Originais\\AMD (Degeneração Macular Relacionada à Idade)\\ADAM\\__MACOSX\\ADAM\\Test\\Lesion_Illustration\\._T0368.jpg'
._T0369.jpg,cannot identify image file 'D:\\OIO+\\DATASET_RETINA\\01.Originais\\AMD (Degeneração Macular Relacionada à Idade)\\ADAM\\__MACOSX\\ADAM\\Test\\Lesion_Illustration\\._T0369.jpg'
._T0370.jpg,cannot identify image file 'D:\\OIO+\\DATASET_RETINA\\01.Originais\\AMD (Degeneração Macular Relacionada à Idade)\\ADAM\\__MACOSX\\ADAM\\Test\\Lesion_Illustration\\._T0370.jpg'
._T0371.jpg,cannot identify image file 'D:\\OIO+\\DATASET_RETINA\\01.Originais\\AMD (Degeneração Macular Relacionada à Idade)\\ADAM\\__MACOSX\\ADAM\\Test\\Lesion_Illustration\\._T0371.jpg'
._T0372.jpg,cannot identify image file 'D:\\OIO+\\DATASET_RETINA\\01.Originais\\AMD (Degeneração Macular Relacionada à Idade)\\ADAM\\__MACOSX\\ADAM\\Test\\Lesion_Illustration\\._T0372.jpg'
._T0373.jpg,cannot identify image file 'D:\\OIO+\\DATASET_RETINA\\01.Originais\\AMD (Degeneração Macular Relacionada à Idade)\\ADAM\\__MACOSX\\ADAM\\Test\\Lesion_Illustration\\._T0373.jpg'
._T0374.jpg,cannot identify image file 'D:\\OIO+\\DATASET_RETINA\\01.Originais\\AMD (Degeneração Macular Relacionada à Idade)\\ADAM\\__MACOSX\\ADAM\\Test\\Lesion_Illustration\\._T0374.jpg'
._T0375.jpg,cannot identify image file 'D:\\OIO+\\DATASET_RETINA\\01.Originais\\AMD (Degeneração Macular Relacionada à Idade)\\ADAM\\__MACOSX\\ADAM\\Test\\Lesion_Illustration\\._T0375.jpg'
._T0376.jpg,cannot identify image file 'D:\\OIO+\\DATASET_RETINA\\01.Originais\\AMD (Degeneração Macular Relacionada à Idade)\\ADAM\\__MACOSX\\ADAM\\Test\\Lesion_Illustration\\._T0376.jpg'
._T0377.jpg,cannot identify image file 'D:\\OIO+\\DATASET_RETINA\\01.Originais\\AMD (Degeneração Macular Relacionada à Idade)\\ADAM\\__MACOSX\\ADAM\\Test\\Lesion_Illustration\\._T0377.jpg'
._T0378.jpg,cannot identify image file 'D:\\OIO+\\DATASET_RETINA\\01.Originais\\AMD (Degeneração Macular Relacionada à Idade)\\ADAM\\__MACOSX\\ADAM\\Test\\Lesion_Illustration\\._T0378.jpg'
._T0379.jpg,cannot identify image file 'D:\\OIO+\\DATASET_RETINA\\01.Originais\\AMD (Degeneração Macular Relacionada à Idade)\\ADAM\\__MACOSX\\ADAM\\Test\\Lesion_Illustration\\._T0379.jpg'
._T0380.jpg,cannot identify image file 'D:\\OIO+\\DATASET_RETINA\\01.Originais\\AMD (Degeneração Macular Relacionada à Idade)\\ADAM\\__MACOSX\\ADAM\\Test\\Lesion_Illustration\\._T0380.jpg'
._T0381.jpg,cannot identify image file 'D:\\OIO+\\DATASET_RETINA\\01.Originais\\AMD (Degeneração Macular Relacionada à Idade)\\ADAM\\__MACOSX\\ADAM\\Test\\Lesion_Illustration\\._T0381.jpg'
._T0382.jpg,cannot identify image file 'D:\\OIO+\\DATASET_RETINA\\01.Originais\\AMD (Degeneração Macular Relacionada à Idade)\\ADAM\\__MACOSX\\ADAM\\Test\\Lesion_Illustration\\._T0382.jpg'
._T0383.jpg,cannot identify image file 'D:\\OIO+\\DATASET_RETINA\\01.Originais\\AMD (Degeneração Macular Relacionada à Idade)\\ADAM\\__MACOSX\\ADAM\\Test\\Lesion_Illustration\\._T0383.jpg'
._T0384.jpg,cannot identify image file 'D:\\OIO+\\DATASET_RETINA\\01.Originais\\AMD (Degeneração Macular Relacionada à Idade)\\ADAM\\__MACOSX\\ADAM\\Test\\Lesion_Illustration\\._T0384.jpg'
._T0385.jpg,cannot identify image file 'D:\\OIO+\\DATASET_RETINA\\01.Originais\\AMD (Degeneração Macular Relacionada à Idade)\\ADAM\\__MACOSX\\ADAM\\Test\\Lesion_Illustration\\._T0385.jpg'
._T0386.jpg,cannot identify image file 'D:\\OIO+\\DATASET_RETINA\\01.Originais\\AMD (Degeneração Macular Relacionada à Idade)\\ADAM\\__MACOSX\\ADAM\\Test\\Lesion_Illustration\\._T0386.jpg'
._T0387.jpg,cannot identify image file 'D:\\OIO+\\DATASET_RETINA\\01.Originais\\AMD (Degeneração Macular Relacionada à Idade)\\ADAM\\__MACOSX\\ADAM\\Test\\Lesion_Illustration\\._T0387.jpg'
._T0388.jpg,cannot identify image file 'D:\\OIO+\\DATASET_RETINA\\01.Originais\\AMD (Degeneração Macular Relacionada à Idade)\\ADAM\\__MACOSX\\ADAM\\Test\\Lesion_Illustration\\._T0388.jpg'
._T0389.jpg,cannot identify image file 'D:\\OIO+\\DATASET_RETINA\\01.Originais\\AMD (Degeneração Macular Relacionada à Idade)\\ADAM\\__MACOSX\\ADAM\\Test\\Lesion_Illustration\\._T0389.jpg'
._T0390.jpg,cannot identify image file 'D:\\OIO+\\DATASET_RETINA\\01.Originais\\AMD (Degeneração Macular Relacionada à Idade)\\ADAM\\__MACOSX\\ADAM\\Test\\Lesion_Illustration\\._T0390.jpg'
._T0391.jpg,cannot identify image file 'D:\\OIO+\\DATASET_RETINA\\01.Originais\\AMD (Degeneração Macular Relacionada à Idade)\\ADAM\\__MACOSX\\ADAM\\Test\\Lesion_Illustration\\._T0391.jpg'
._T0392.jpg,cannot identify image file 'D:\\OIO+\\DATASET_RETINA\\01.Originais\\AMD (Degeneração Macular Relacionada à Idade)\\ADAM\\__MACOSX\\ADAM\\Test\\Lesion_Illustration\\._T0392.jpg'
._T0393.jpg,cannot identify image file 'D:\\OIO+\\DATASET_RETINA\\01.Originais\\AMD (Degeneração Macular Relacionada à Idade)\\ADAM\\__MACOSX\\ADAM\\Test\\Lesion_Illustration\\._T0393.jpg'
._T0394.jpg,cannot identify image file 'D:\\OIO+\\DATASET_RETINA\\01.Originais\\AMD (Degeneração Macular Relacionada à Idade)\\ADAM\\__MACOSX\\ADAM\\Test\\Lesion_Illustration\\._T0394.jpg'
._T0395.jpg,cannot identify image file 'D:\\OIO+\\DATASET_RETINA\\01.Originais\\AMD (Degeneração Macular Relacionada à Idade)\\ADAM\\__MACOSX\\ADAM\\Test\\Lesion_Illustration\\._T0395.jpg'
._T0396.jpg,cannot identify image file 'D:\\OIO+\\DATASET_RETINA\\01.Originais\\AMD (Degeneração Macular Relacionada à Idade)\\ADAM\\__MACOSX\\ADAM\\Test\\Lesion_Illustration\\._T0396.jpg'
._T0397.jpg,cannot identify image file 'D:\\OIO+\\DATASET_RETINA\\01.Originais\\AMD (Degeneração Macular Relacionada à Idade)\\ADAM\\__MACOSX\\ADAM\\Test\\Lesion_Illustration\\._T0397.jpg'
._T0398.jpg,cannot identify image file 'D:\\OIO+\\DATASET_RETINA\\01.Originais\\AMD (Degeneração Macular Relacionada à Idade)\\ADAM\\__MACOSX\\ADAM\\Test\\Lesion_Illustration\\._T0398.jpg'
._T0399.jpg,cannot identify image file 'D:\\OIO+\\DATASET_RETINA\\01.Originais\\AMD (Degeneração Macular Relacionada à Idade)\\ADAM\\__MACOSX\\ADAM\\Test\\Lesion_Illustration\\._T0399.jpg'
._T0400.jpg,cannot identify image file 'D:\\OIO+\\DATASET_RETINA\\01.Originais\\AMD (Degeneração Macular Relacionada à Idade)\\ADAM\\__MACOSX\\ADAM\\Test\\Lesion_Illustration\\._T0400.jpg'
._T0001.jpg,cannot identify image file 'D:\\OIO+\\DATASET_RETINA\\01.Originais\\AMD (Degeneração Macular Relacionada à Idade)\\ADAM\\__MACOSX\\ADAM\\Test\\Test-image-400\\._T0001.jpg'
._T0002.jpg,cannot identify image file 'D:\\OIO+\\DATASET_RETINA\\01.Originais\\AMD (Degeneração Macular Relacionada à Idade)\\ADAM\\__MACOSX\\ADAM\\Test\\Test-image-400\\._T0002.jpg'
._T0003.jpg,cannot identify image file 'D:\\OIO+\\DATASET_RETINA\\01.Originais\\AMD (Degeneração Macular Relacionada à Idade)\\ADAM\\__MACOSX\\ADAM\\Test\\Test-image-400\\._T0003.jpg'
._T0004.jpg,cannot identify image file 'D:\\OIO+\\DATASET_RETINA\\01.Originais\\AMD (Degeneração Macular Relacionada à Idade)\\ADAM\\__MACOSX\\ADAM\\Test\\Test-image-400\\._T0004.jpg'
._T0005.jpg,cannot identify image file 'D:\\OIO+\\DATASET_RETINA\\01.Originais\\AMD (Degeneração Macular Relacionada à Idade)\\ADAM\\__MACOSX\\ADAM\\Test\\Test-image-400\\._T0005.jpg'
._T0006.jpg,cannot identify image file 'D:\\OIO+\\DATASET_RETINA\\01.Originais\\AMD (Degeneração Macular Relacionada à Idade)\\ADAM\\__MACOSX\\ADAM\\Test\\Test-image-400\\._T0006.jpg'
._T0007.jpg,cannot identify image file 'D:\\OIO+\\DATASET_RETINA\\01.Originais\\AMD (Degeneração Macular Relacionada à Idade)\\ADAM\\__MACOSX\\ADAM\\Test\\Test-image-400\\._T0007.jpg'
._T0008.jpg,cannot identify image file 'D:\\OIO+\\DATASET_RETINA\\01.Originais\\AMD (Degeneração Macular Relacionada à Idade)\\ADAM\\__MACOSX\\ADAM\\Test\\Test-image-400\\._T0008.jpg'
._T0009.jpg,cannot identify image file 'D:\\OIO+\\DATASET_RETINA\\01.Originais\\AMD (Degeneração Macular Relacionada à Idade)\\ADAM\\__MACOSX\\ADAM\\Test\\Test-image-400\\._T0009.jpg'
._T0010.jpg,cannot identify image file 'D:\\OIO+\\DATASET_RETINA\\01.Originais\\AMD (Degeneração Macular Relacionada à Idade)\\ADAM\\__MACOSX\\ADAM\\Test\\Test-image-400\\._T0010.jpg'
._T0011.jpg,cannot identify image file 'D:\\OIO+\\DATASET_RETINA\\01.Originais\\AMD (Degeneração Macular Relacionada à Idade)\\ADAM\\__MACOSX\\ADAM\\Test\\Test-image-400\\._T0011.jpg'
._T0012.jpg,cannot identify image file 'D:\\OIO+\\DATASET_RETINA\\01.Originais\\AMD (Degeneração Macular Relacionada à Idade)\\ADAM\\__MACOSX\\ADAM\\Test\\Test-image-400\\._T0012.jpg'
._T0013.jpg,cannot identify image file 'D:\\OIO+\\DATASET_RETINA\\01.Originais\\AMD (Degeneração Macular Relacionada à Idade)\\ADAM\\__MACOSX\\ADAM\\Test\\Test-image-400\\._T0013.jpg'
._T0014.jpg,cannot identify image file 'D:\\OIO+\\DATASET_RETINA\\01.Originais\\AMD (Degeneração Macular Relacionada à Idade)\\ADAM\\__MACOSX\\ADAM\\Test\\Test-image-400\\._T0014.jpg'
._T0015.jpg,cannot identify image file 'D:\\OIO+\\DATASET_RETINA\\01.Originais\\AMD (Degeneração Macular Relacionada à Idade)\\ADAM\\__MACOSX\\ADAM\\Test\\Test-image-400\\._T0015.jpg'
._T0016.jpg,cannot identify image file 'D:\\OIO+\\DATASET_RETINA\\01.Originais\\AMD (Degeneração Macular Relacionada à Idade)\\ADAM\\__MACOSX\\ADAM\\Test\\Test-image-400\\._T0016.jpg'
._T0017.jpg,cannot identify image file 'D:\\OIO+\\DATASET_RETINA\\01.Originais\\AMD (Degeneração Macular Relacionada à Idade)\\ADAM\\__MACOSX\\ADAM\\Test\\Test-image-400\\._T0017.jpg'
._T0018.jpg,cannot identify image file 'D:\\OIO+\\DATASET_RETINA\\01.Originais\\AMD (Degeneração Macular Relacionada à Idade)\\ADAM\\__MACOSX\\ADAM\\Test\\Test-image-400\\._T0018.jpg'
._T0019.jpg,cannot identify image file 'D:\\OIO+\\DATASET_RETINA\\01.Originais\\AMD (Degeneração Macular Relacionada à Idade)\\ADAM\\__MACOSX\\ADAM\\Test\\Test-image-400\\._T0019.jpg'
._T0020.jpg,cannot identify image file 'D:\\OIO+\\DATASET_RETINA\\01.Originais\\AMD (Degeneração Macular Relacionada à Idade)\\ADAM\\__MACOSX\\ADAM\\Test\\Test-image-400\\._T0020.jpg'
._T0021.jpg,cannot identify image file 'D:\\OIO+\\DATASET_RETINA\\01.Originais\\AMD (Degeneração Macular Relacionada à Idade)\\ADAM\\__MACOSX\\ADAM\\Test\\Test-image-400\\._T0021.jpg'
._T0022.jpg,cannot identify image file 'D:\\OIO+\\DATASET_RETINA\\01.Originais\\AMD (Degeneração Macular Relacionada à Idade)\\ADAM\\__MACOSX\\ADAM\\Test\\Test-image-400\\._T0022.jpg'
._T0023.jpg,cannot identify image file 'D:\\OIO+\\DATASET_RETINA\\01.Originais\\AMD (Degeneração Macular Relacionada à Idade)\\ADAM\\__MACOSX\\ADAM\\Test\\Test-image-400\\._T0023.jpg'
._T0024.jpg,cannot identify image file 'D:\\OIO+\\DATASET_RETINA\\01.Originais\\AMD (Degeneração Macular Relacionada à Idade)\\ADAM\\__MACOSX\\ADAM\\Test\\Test-image-400\\._T0024.jpg'
._T0025.jpg,cannot identify image file 'D:\\OIO+\\DATASET_RETINA\\01.Originais\\AMD (Degeneração Macular Relacionada à Idade)\\ADAM\\__MACOSX\\ADAM\\Test\\Test-image-400\\._T0025.jpg'
._T0026.jpg,cannot identify image file 'D:\\OIO+\\DATASET_RETINA\\01.Originais\\AMD (Degeneração Macular Relacionada à Idade)\\ADAM\\__MACOSX\\ADAM\\Test\\Test-image-400\\._T0026.jpg'
._T0027.jpg,cannot identify image file 'D:\\OIO+\\DATASET_RETINA\\01.Originais\\AMD (Degeneração Macular Relacionada à Idade)\\ADAM\\__MACOSX\\ADAM\\Test\\Test-image-400\\._T0027.jpg'
._T0028.jpg,cannot identify image file 'D:\\OIO+\\DATASET_RETINA\\01.Originais\\AMD (Degeneração Macular Relacionada à Idade)\\ADAM\\__MACOSX\\ADAM\\Test\\Test-image-400\\._T0028.jpg'
._T0029.jpg,cannot identify image file 'D:\\OIO+\\DATASET_RETINA\\01.Originais\\AMD (Degeneração Macular Relacionada à Idade)\\ADAM\\__MACOSX\\ADAM\\Test\\Test-image-400\\._T0029.jpg'
._T0030.jpg,cannot identify image file 'D:\\OIO+\\DATASET_RETINA\\01.Originais\\AMD (Degeneração Macular Relacionada à Idade)\\ADAM\\__MACOSX\\ADAM\\Test\\Test-image-400\\._T0030.jpg'
._T0031.jpg,cannot identify image file 'D:\\OIO+\\DATASET_RETINA\\01.Originais\\AMD (Degeneração Macular Relacionada à Idade)\\ADAM\\__MACOSX\\ADAM\\Test\\Test-image-400\\._T0031.jpg'
._T0032.jpg,cannot identify image file 'D:\\OIO+\\DATASET_RETINA\\01.Originais\\AMD (Degeneração Macular Relacionada à Idade)\\ADAM\\__MACOSX\\ADAM\\Test\\Test-image-400\\._T0032.jpg'
._T0033.jpg,cannot identify image file 'D:\\OIO+\\DATASET_RETINA\\01.Originais\\AMD (Degeneração Macular Relacionada à Idade)\\ADAM\\__MACOSX\\ADAM\\Test\\Test-image-400\\._T0033.jpg'
._T0034.jpg,cannot identify image file 'D:\\OIO+\\DATASET_RETINA\\01.Originais\\AMD (Degeneração Macular Relacionada à Idade)\\ADAM\\__MACOSX\\ADAM\\Test\\Test-image-400\\._T0034.jpg'
._T0035.jpg,cannot identify image file 'D:\\OIO+\\DATASET_RETINA\\01.Originais\\AMD (Degeneração Macular Relacionada à Idade)\\ADAM\\__MACOSX\\ADAM\\Test\\Test-image-400\\._T0035.jpg'
._T0036.jpg,cannot identify image file 'D:\\OIO+\\DATASET_RETINA\\01.Originais\\AMD (Degeneração Macular Relacionada à Idade)\\ADAM\\__MACOSX\\ADAM\\Test\\Test-image-400\\._T0036.jpg'
._T0037.jpg,cannot identify image file 'D:\\OIO+\\DATASET_RETINA\\01.Originais\\AMD (Degeneração Macular Relacionada à Idade)\\ADAM\\__MACOSX\\ADAM\\Test\\Test-image-400\\._T0037.jpg'
._T0038.jpg,cannot identify image file 'D:\\OIO+\\DATASET_RETINA\\01.Originais\\AMD (Degeneração Macular Relacionada à Idade)\\ADAM\\__MACOSX\\ADAM\\Test\\Test-image-400\\._T0038.jpg'
._T0039.jpg,cannot identify image file 'D:\\OIO+\\DATASET_RETINA\\01.Originais\\AMD (Degeneração Macular Relacionada à Idade)\\ADAM\\__MACOSX\\ADAM\\Test\\Test-image-400\\._T0039.jpg'
._T0040.jpg,cannot identify image file 'D:\\OIO+\\DATASET_RETINA\\01.Originais\\AMD (Degeneração Macular Relacionada à Idade)\\ADAM\\__MACOSX\\ADAM\\Test\\Test-image-400\\._T0040.jpg'
._T0041.jpg,cannot identify image file 'D:\\OIO+\\DATASET_RETINA\\01.Originais\\AMD (Degeneração Macular Relacionada à Idade)\\ADAM\\__MACOSX\\ADAM\\Test\\Test-image-400\\._T0041.jpg'
._T0042.jpg,cannot identify image file 'D:\\OIO+\\DATASET_RETINA\\01.Originais\\AMD (Degeneração Macular Relacionada à Idade)\\ADAM\\__MACOSX\\ADAM\\Test\\Test-image-400\\._T0042.jpg'
._T0043.jpg,cannot identify image file 'D:\\OIO+\\DATASET_RETINA\\01.Originais\\AMD (Degeneração Macular Relacionada à Idade)\\ADAM\\__MACOSX\\ADAM\\Test\\Test-image-400\\._T0043.jpg'
._T0044.jpg,cannot identify image file 'D:\\OIO+\\DATASET_RETINA\\01.Originais\\AMD (Degeneração Macular Relacionada à Idade)\\ADAM\\__MACOSX\\ADAM\\Test\\Test-image-400\\._T0044.jpg'
._T0045.jpg,cannot identify image file 'D:\\OIO+\\DATASET_RETINA\\01.Originais\\AMD (Degeneração Macular Relacionada à Idade)\\ADAM\\__MACOSX\\ADAM\\Test\\Test-image-400\\._T0045.jpg'
._T0046.jpg,cannot identify image file 'D:\\OIO+\\DATASET_RETINA\\01.Originais\\AMD (Degeneração Macular Relacionada à Idade)\\ADAM\\__MACOSX\\ADAM\\Test\\Test-image-400\\._T0046.jpg'
._T0047.jpg,cannot identify image file 'D:\\OIO+\\DATASET_RETINA\\01.Originais\\AMD (Degeneração Macular Relacionada à Idade)\\ADAM\\__MACOSX\\ADAM\\Test\\Test-image-400\\._T0047.jpg'
._T0048.jpg,cannot identify image file 'D:\\OIO+\\DATASET_RETINA\\01.Originais\\AMD (Degeneração Macular Relacionada à Idade)\\ADAM\\__MACOSX\\ADAM\\Test\\Test-image-400\\._T0048.jpg'
._T0049.jpg,cannot identify image file 'D:\\OIO+\\DATASET_RETINA\\01.Originais\\AMD (Degeneração Macular Relacionada à Idade)\\ADAM\\__MACOSX\\ADAM\\Test\\Test-image-400\\._T0049.jpg'
._T0050.jpg,cannot identify image file 'D:\\OIO+\\DATASET_RETINA\\01.Originais\\AMD (Degeneração Macular Relacionada à Idade)\\ADAM\\__MACOSX\\ADAM\\Test\\Test-image-400\\._T0050.jpg'
._T0051.jpg,cannot identify image file 'D:\\OIO+\\DATASET_RETINA\\01.Originais\\AMD (Degeneração Macular Relacionada à Idade)\\ADAM\\__MACOSX\\ADAM\\Test\\Test-image-400\\._T0051.jpg'
._T0052.jpg,cannot identify image file 'D:\\OIO+\\DATASET_RETINA\\01.Originais\\AMD (Degeneração Macular Relacionada à Idade)\\ADAM\\__MACOSX\\ADAM\\Test\\Test-image-400\\._T0052.jpg'
._T0053.jpg,cannot identify image file 'D:\\OIO+\\DATASET_RETINA\\01.Originais\\AMD (Degeneração Macular Relacionada à Idade)\\ADAM\\__MACOSX\\ADAM\\Test\\Test-image-400\\._T0053.jpg'
._T0054.jpg,cannot identify image file 'D:\\OIO+\\DATASET_RETINA\\01.Originais\\AMD (Degeneração Macular Relacionada à Idade)\\ADAM\\__MACOSX\\ADAM\\Test\\Test-image-400\\._T0054.jpg'
._T0055.jpg,cannot identify image file 'D:\\OIO+\\DATASET_RETINA\\01.Originais\\AMD (Degeneração Macular Relacionada à Idade)\\ADAM\\__MACOSX\\ADAM\\Test\\Test-image-400\\._T0055.jpg'
._T0056.jpg,cannot identify image file 'D:\\OIO+\\DATASET_RETINA\\01.Originais\\AMD (Degeneração Macular Relacionada à Idade)\\ADAM\\__MACOSX\\ADAM\\Test\\Test-image-400\\._T0056.jpg'
._T0057.jpg,cannot identify image file 'D:\\OIO+\\DATASET_RETINA\\01.Originais\\AMD (Degeneração Macular Relacionada à Idade)\\ADAM\\__MACOSX\\ADAM\\Test\\Test-image-400\\._T0057.jpg'
._T0058.jpg,cannot identify image file 'D:\\OIO+\\DATASET_RETINA\\01.Originais\\AMD (Degeneração Macular Relacionada à Idade)\\ADAM\\__MACOSX\\ADAM\\Test\\Test-image-400\\._T0058.jpg'
._T0059.jpg,cannot identify image file 'D:\\OIO+\\DATASET_RETINA\\01.Originais\\AMD (Degeneração Macular Relacionada à Idade)\\ADAM\\__MACOSX\\ADAM\\Test\\Test-image-400\\._T0059.jpg'
._T0060.jpg,cannot identify image file 'D:\\OIO+\\DATASET_RETINA\\01.Originais\\AMD (Degeneração Macular Relacionada à Idade)\\ADAM\\__MACOSX\\ADAM\\Test\\Test-image-400\\._T0060.jpg'
._T0061.jpg,cannot identify image file 'D:\\OIO+\\DATASET_RETINA\\01.Originais\\AMD (Degeneração Macular Relacionada à Idade)\\ADAM\\__MACOSX\\ADAM\\Test\\Test-image-400\\._T0061.jpg'
._T0062.jpg,cannot identify image file 'D:\\OIO+\\DATASET_RETINA\\01.Originais\\AMD (Degeneração Macular Relacionada à Idade)\\ADAM\\__MACOSX\\ADAM\\Test\\Test-image-400\\._T0062.jpg'
._T0063.jpg,cannot identify image file 'D:\\OIO+\\DATASET_RETINA\\01.Originais\\AMD (Degeneração Macular Relacionada à Idade)\\ADAM\\__MACOSX\\ADAM\\Test\\Test-image-400\\._T0063.jpg'
._T0064.jpg,cannot identify image file 'D:\\OIO+\\DATASET_RETINA\\01.Originais\\AMD (Degeneração Macular Relacionada à Idade)\\ADAM\\__MACOSX\\ADAM\\Test\\Test-image-400\\._T0064.jpg'
._T0065.jpg,cannot identify image file 'D:\\OIO+\\DATASET_RETINA\\01.Originais\\AMD (Degeneração Macular Relacionada à Idade)\\ADAM\\__MACOSX\\ADAM\\Test\\Test-image-400\\._T0065.jpg'
._T0066.jpg,cannot identify image file 'D:\\OIO+\\DATASET_RETINA\\01.Originais\\AMD (Degeneração Macular Relacionada à Idade)\\ADAM\\__MACOSX\\ADAM\\Test\\Test-image-400\\._T0066.jpg'
._T0067.jpg,cannot identify image file 'D:\\OIO+\\DATASET_RETINA\\01.Originais\\AMD (Degeneração Macular Relacionada à Idade)\\ADAM\\__MACOSX\\ADAM\\Test\\Test-image-400\\._T0067.jpg'
._T0068.jpg,cannot identify image file 'D:\\OIO+\\DATASET_RETINA\\01.Originais\\AMD (Degeneração Macular Relacionada à Idade)\\ADAM\\__MACOSX\\ADAM\\Test\\Test-image-400\\._T0068.jpg'
._T0069.jpg,cannot identify image file 'D:\\OIO+\\DATASET_RETINA\\01.Originais\\AMD (Degeneração Macular Relacionada à Idade)\\ADAM\\__MACOSX\\ADAM\\Test\\Test-image-400\\._T0069.jpg'
._T0070.jpg,cannot identify image file 'D:\\OIO+\\DATASET_RETINA\\01.Originais\\AMD (Degeneração Macular Relacionada à Idade)\\ADAM\\__MACOSX\\ADAM\\Test\\Test-image-400\\._T0070.jpg'
._T0071.jpg,cannot identify image file 'D:\\OIO+\\DATASET_RETINA\\01.Originais\\AMD (Degeneração Macular Relacionada à Idade)\\ADAM\\__MACOSX\\ADAM\\Test\\Test-image-400\\._T0071.jpg'
._T0072.jpg,cannot identify image file 'D:\\OIO+\\DATASET_RETINA\\01.Originais\\AMD (Degeneração Macular Relacionada à Idade)\\ADAM\\__MACOSX\\ADAM\\Test\\Test-image-400\\._T0072.jpg'
._T0073.jpg,cannot identify image file 'D:\\OIO+\\DATASET_RETINA\\01.Originais\\AMD (Degeneração Macular Relacionada à Idade)\\ADAM\\__MACOSX\\ADAM\\Test\\Test-image-400\\._T0073.jpg'
._T0074.jpg,cannot identify image file 'D:\\OIO+\\DATASET_RETINA\\01.Originais\\AMD (Degeneração Macular Relacionada à Idade)\\ADAM\\__MACOSX\\ADAM\\Test\\Test-image-400\\._T0074.jpg'
._T0075.jpg,cannot identify image file 'D:\\OIO+\\DATASET_RETINA\\01.Originais\\AMD (Degeneração Macular Relacionada à Idade)\\ADAM\\__MACOSX\\ADAM\\Test\\Test-image-400\\._T0075.jpg'
._T0076.jpg,cannot identify image file 'D:\\OIO+\\DATASET_RETINA\\01.Originais\\AMD (Degeneração Macular Relacionada à Idade)\\ADAM\\__MACOSX\\ADAM\\Test\\Test-image-400\\._T0076.jpg'
._T0077.jpg,cannot identify image file 'D:\\OIO+\\DATASET_RETINA\\01.Originais\\AMD (Degeneração Macular Relacionada à Idade)\\ADAM\\__MACOSX\\ADAM\\Test\\Test-image-400\\._T0077.jpg'
._T0078.jpg,cannot identify image file 'D:\\OIO+\\DATASET_RETINA\\01.Originais\\AMD (Degeneração Macular Relacionada à Idade)\\ADAM\\__MACOSX\\ADAM\\Test\\Test-image-400\\._T0078.jpg'
._T0079.jpg,cannot identify image file 'D:\\OIO+\\DATASET_RETINA\\01.Originais\\AMD (Degeneração Macular Relacionada à Idade)\\ADAM\\__MACOSX\\ADAM\\Test\\Test-image-400\\._T0079.jpg'
._T0080.jpg,cannot identify image file 'D:\\OIO+\\DATASET_RETINA\\01.Originais\\AMD (Degeneração Macular Relacionada à Idade)\\ADAM\\__MACOSX\\ADAM\\Test\\Test-image-400\\._T0080.jpg'
._T0081.jpg,cannot identify image file 'D:\\OIO+\\DATASET_RETINA\\01.Originais\\AMD (Degeneração Macular Relacionada à Idade)\\ADAM\\__MACOSX\\ADAM\\Test\\Test-image-400\\._T0081.jpg'
._T0082.jpg,cannot identify image file 'D:\\OIO+\\DATASET_RETINA\\01.Originais\\AMD (Degeneração Macular Relacionada à Idade)\\ADAM\\__MACOSX\\ADAM\\Test\\Test-image-400\\._T0082.jpg'
._T0083.jpg,cannot identify image file 'D:\\OIO+\\DATASET_RETINA\\01.Originais\\AMD (Degeneração Macular Relacionada à Idade)\\ADAM\\__MACOSX\\ADAM\\Test\\Test-image-400\\._T0083.jpg'
._T0084.jpg,cannot identify image file 'D:\\OIO+\\DATASET_RETINA\\01.Originais\\AMD (Degeneração Macular Relacionada à Idade)\\ADAM\\__MACOSX\\ADAM\\Test\\Test-image-400\\._T0084.jpg'
._T0085.jpg,cannot identify image file 'D:\\OIO+\\DATASET_RETINA\\01.Originais\\AMD (Degeneração Macular Relacionada à Idade)\\ADAM\\__MACOSX\\ADAM\\Test\\Test-image-400\\._T0085.jpg'
._T0086.jpg,cannot identify image file 'D:\\OIO+\\DATASET_RETINA\\01.Originais\\AMD (Degeneração Macular Relacionada à Idade)\\ADAM\\__MACOSX\\ADAM\\Test\\Test-image-400\\._T0086.jpg'
._T0087.jpg,cannot identify image file 'D:\\OIO+\\DATASET_RETINA\\01.Originais\\AMD (Degeneração Macular Relacionada à Idade)\\ADAM\\__MACOSX\\ADAM\\Test\\Test-image-400\\._T0087.jpg'
._T0088.jpg,cannot identify image file 'D:\\OIO+\\DATASET_RETINA\\01.Originais\\AMD (Degeneração Macular Relacionada à Idade)\\ADAM\\__MACOSX\\ADAM\\Test\\Test-image-400\\._T0088.jpg'
._T0089.jpg,cannot identify image file 'D:\\OIO+\\DATASET_RETINA\\01.Originais\\AMD (Degeneração Macular Relacionada à Idade)\\ADAM\\__MACOSX\\ADAM\\Test\\Test-image-400\\._T0089.jpg'
._T0090.jpg,cannot identify image file 'D:\\OIO+\\DATASET_RETINA\\01.Originais\\AMD (Degeneração Macular Relacionada à Idade)\\ADAM\\__MACOSX\\ADAM\\Test\\Test-image-400\\._T0090.jpg'
._T0091.jpg,cannot identify image file 'D:\\OIO+\\DATASET_RETINA\\01.Originais\\AMD (Degeneração Macular Relacionada à Idade)\\ADAM\\__MACOSX\\ADAM\\Test\\Test-image-400\\._T0091.jpg'
._T0092.jpg,cannot identify image file 'D:\\OIO+\\DATASET_RETINA\\01.Originais\\AMD (Degeneração Macular Relacionada à Idade)\\ADAM\\__MACOSX\\ADAM\\Test\\Test-image-400\\._T0092.jpg'
._T0093.jpg,cannot identify image file 'D:\\OIO+\\DATASET_RETINA\\01.Originais\\AMD (Degeneração Macular Relacionada à Idade)\\ADAM\\__MACOSX\\ADAM\\Test\\Test-image-400\\._T0093.jpg'
._T0094.jpg,cannot identify image file 'D:\\OIO+\\DATASET_RETINA\\01.Originais\\AMD (Degeneração Macular Relacionada à Idade)\\ADAM\\__MACOSX\\ADAM\\Test\\Test-image-400\\._T0094.jpg'
._T0095.jpg,cannot identify image file 'D:\\OIO+\\DATASET_RETINA\\01.Originais\\AMD (Degeneração Macular Relacionada à Idade)\\ADAM\\__MACOSX\\ADAM\\Test\\Test-image-400\\._T0095.jpg'
._T0096.jpg,cannot identify image file 'D:\\OIO+\\DATASET_RETINA\\01.Originais\\AMD (Degeneração Macular Relacionada à Idade)\\ADAM\\__MACOSX\\ADAM\\Test\\Test-image-400\\._T0096.jpg'
._T0097.jpg,cannot identify image file 'D:\\OIO+\\DATASET_RETINA\\01.Originais\\AMD (Degeneração Macular Relacionada à Idade)\\ADAM\\__MACOSX\\ADAM\\Test\\Test-image-400\\._T0097.jpg'
._T0098.jpg,cannot identify image file 'D:\\OIO+\\DATASET_RETINA\\01.Originais\\AMD (Degeneração Macular Relacionada à Idade)\\ADAM\\__MACOSX\\ADAM\\Test\\Test-image-400\\._T0098.jpg'
._T0099.jpg,cannot identify image file 'D:\\OIO+\\DATASET_RETINA\\01.Originais\\AMD (Degeneração Macular Relacionada à Idade)\\ADAM\\__MACOSX\\ADAM\\Test\\Test-image-400\\._T0099.jpg'
._T0100.jpg,cannot identify image file 'D:\\OIO+\\DATASET_RETINA\\01.Originais\\AMD (Degeneração Macular Relacionada à Idade)\\ADAM\\__MACOSX\\ADAM\\Test\\Test-image-400\\._T0100.jpg'
._T0101.jpg,cannot identify image file 'D:\\OIO+\\DATASET_RETINA\\01.Originais\\AMD (Degeneração Macular Relacionada à Idade)\\ADAM\\__MACOSX\\ADAM\\Test\\Test-image-400\\._T0101.jpg'
._T0102.jpg,cannot identify image file 'D:\\OIO+\\DATASET_RETINA\\01.Originais\\AMD (Degeneração Macular Relacionada à Idade)\\ADAM\\__MACOSX\\ADAM\\Test\\Test-image-400\\._T0102.jpg'
._T0103.jpg,cannot identify image file 'D:\\OIO+\\DATASET_RETINA\\01.Originais\\AMD (Degeneração Macular Relacionada à Idade)\\ADAM\\__MACOSX\\ADAM\\Test\\Test-image-400\\._T0103.jpg'
._T0104.jpg,cannot identify image file 'D:\\OIO+\\DATASET_RETINA\\01.Originais\\AMD (Degeneração Macular Relacionada à Idade)\\ADAM\\__MACOSX\\ADAM\\Test\\Test-image-400\\._T0104.jpg'
._T0105.jpg,cannot identify image file 'D:\\OIO+\\DATASET_RETINA\\01.Originais\\AMD (Degeneração Macular Relacionada à Idade)\\ADAM\\__MACOSX\\ADAM\\Test\\Test-image-400\\._T0105.jpg'
._T0106.jpg,cannot identify image file 'D:\\OIO+\\DATASET_RETINA\\01.Originais\\AMD (Degeneração Macular Relacionada à Idade)\\ADAM\\__MACOSX\\ADAM\\Test\\Test-image-400\\._T0106.jpg'
._T0107.jpg,cannot identify image file 'D:\\OIO+\\DATASET_RETINA\\01.Originais\\AMD (Degeneração Macular Relacionada à Idade)\\ADAM\\__MACOSX\\ADAM\\Test\\Test-image-400\\._T0107.jpg'
._T0108.jpg,cannot identify image file 'D:\\OIO+\\DATASET_RETINA\\01.Originais\\AMD (Degeneração Macular Relacionada à Idade)\\ADAM\\__MACOSX\\ADAM\\Test\\Test-image-400\\._T0108.jpg'
._T0109.jpg,cannot identify image file 'D:\\OIO+\\DATASET_RETINA\\01.Originais\\AMD (Degeneração Macular Relacionada à Idade)\\ADAM\\__MACOSX\\ADAM\\Test\\Test-image-400\\._T0109.jpg'
._T0110.jpg,cannot identify image file 'D:\\OIO+\\DATASET_RETINA\\01.Originais\\AMD (Degeneração Macular Relacionada à Idade)\\ADAM\\__MACOSX\\ADAM\\Test\\Test-image-400\\._T0110.jpg'
._T0111.jpg,cannot identify image file 'D:\\OIO+\\DATASET_RETINA\\01.Originais\\AMD (Degeneração Macular Relacionada à Idade)\\ADAM\\__MACOSX\\ADAM\\Test\\Test-image-400\\._T0111.jpg'
._T0112.jpg,cannot identify image file 'D:\\OIO+\\DATASET_RETINA\\01.Originais\\AMD (Degeneração Macular Relacionada à Idade)\\ADAM\\__MACOSX\\ADAM\\Test\\Test-image-400\\._T0112.jpg'
._T0113.jpg,cannot identify image file 'D:\\OIO+\\DATASET_RETINA\\01.Originais\\AMD (Degeneração Macular Relacionada à Idade)\\ADAM\\__MACOSX\\ADAM\\Test\\Test-image-400\\._T0113.jpg'
._T0114.jpg,cannot identify image file 'D:\\OIO+\\DATASET_RETINA\\01.Originais\\AMD (Degeneração Macular Relacionada à Idade)\\ADAM\\__MACOSX\\ADAM\\Test\\Test-image-400\\._T0114.jpg'
._T0115.jpg,cannot identify image file 'D:\\OIO+\\DATASET_RETINA\\01.Originais\\AMD (Degeneração Macular Relacionada à Idade)\\ADAM\\__MACOSX\\ADAM\\Test\\Test-image-400\\._T0115.jpg'
._T0116.jpg,cannot identify image file 'D:\\OIO+\\DATASET_RETINA\\01.Originais\\AMD (Degeneração Macular Relacionada à Idade)\\ADAM\\__MACOSX\\ADAM\\Test\\Test-image-400\\._T0116.jpg'
._T0117.jpg,cannot identify image file 'D:\\OIO+\\DATASET_RETINA\\01.Originais\\AMD (Degeneração Macular Relacionada à Idade)\\ADAM\\__MACOSX\\ADAM\\Test\\Test-image-400\\._T0117.jpg'
._T0118.jpg,cannot identify image file 'D:\\OIO+\\DATASET_RETINA\\01.Originais\\AMD (Degeneração Macular Relacionada à Idade)\\ADAM\\__MACOSX\\ADAM\\Test\\Test-image-400\\._T0118.jpg'
._T0119.jpg,cannot identify image file 'D:\\OIO+\\DATASET_RETINA\\01.Originais\\AMD (Degeneração Macular Relacionada à Idade)\\ADAM\\__MACOSX\\ADAM\\Test\\Test-image-400\\._T0119.jpg'
._T0120.jpg,cannot identify image file 'D:\\OIO+\\DATASET_RETINA\\01.Originais\\AMD (Degeneração Macular Relacionada à Idade)\\ADAM\\__MACOSX\\ADAM\\Test\\Test-image-400\\._T0120.jpg'
._T0121.jpg,cannot identify image file 'D:\\OIO+\\DATASET_RETINA\\01.Originais\\AMD (Degeneração Macular Relacionada à Idade)\\ADAM\\__MACOSX\\ADAM\\Test\\Test-image-400\\._T0121.jpg'
._T0122.jpg,cannot identify image file 'D:\\OIO+\\DATASET_RETINA\\01.Originais\\AMD (Degeneração Macular Relacionada à Idade)\\ADAM\\__MACOSX\\ADAM\\Test\\Test-image-400\\._T0122.jpg'
._T0123.jpg,cannot identify image file 'D:\\OIO+\\DATASET_RETINA\\01.Originais\\AMD (Degeneração Macular Relacionada à Idade)\\ADAM\\__MACOSX\\ADAM\\Test\\Test-image-400\\._T0123.jpg'
._T0124.jpg,cannot identify image file 'D:\\OIO+\\DATASET_RETINA\\01.Originais\\AMD (Degeneração Macular Relacionada à Idade)\\ADAM\\__MACOSX\\ADAM\\Test\\Test-image-400\\._T0124.jpg'
._T0125.jpg,cannot identify image file 'D:\\OIO+\\DATASET_RETINA\\01.Originais\\AMD (Degeneração Macular Relacionada à Idade)\\ADAM\\__MACOSX\\ADAM\\Test\\Test-image-400\\._T0125.jpg'
._T0126.jpg,cannot identify image file 'D:\\OIO+\\DATASET_RETINA\\01.Originais\\AMD (Degeneração Macular Relacionada à Idade)\\ADAM\\__MACOSX\\ADAM\\Test\\Test-image-400\\._T0126.jpg'
._T0127.jpg,cannot identify image file 'D:\\OIO+\\DATASET_RETINA\\01.Originais\\AMD (Degeneração Macular Relacionada à Idade)\\ADAM\\__MACOSX\\ADAM\\Test\\Test-image-400\\._T0127.jpg'
._T0128.jpg,cannot identify image file 'D:\\OIO+\\DATASET_RETINA\\01.Originais\\AMD (Degeneração Macular Relacionada à Idade)\\ADAM\\__MACOSX\\ADAM\\Test\\Test-image-400\\._T0128.jpg'
._T0129.jpg,cannot identify image file 'D:\\OIO+\\DATASET_RETINA\\01.Originais\\AMD (Degeneração Macular Relacionada à Idade)\\ADAM\\__MACOSX\\ADAM\\Test\\Test-image-400\\._T0129.jpg'
._T0130.jpg,cannot identify image file 'D:\\OIO+\\DATASET_RETINA\\01.Originais\\AMD (Degeneração Macular Relacionada à Idade)\\ADAM\\__MACOSX\\ADAM\\Test\\Test-image-400\\._T0130.jpg'
._T0131.jpg,cannot identify image file 'D:\\OIO+\\DATASET_RETINA\\01.Originais\\AMD (Degeneração Macular Relacionada à Idade)\\ADAM\\__MACOSX\\ADAM\\Test\\Test-image-400\\._T0131.jpg'
._T0132.jpg,cannot identify image file 'D:\\OIO+\\DATASET_RETINA\\01.Originais\\AMD (Degeneração Macular Relacionada à Idade)\\ADAM\\__MACOSX\\ADAM\\Test\\Test-image-400\\._T0132.jpg'
._T0133.jpg,cannot identify image file 'D:\\OIO+\\DATASET_RETINA\\01.Originais\\AMD (Degeneração Macular Relacionada à Idade)\\ADAM\\__MACOSX\\ADAM\\Test\\Test-image-400\\._T0133.jpg'
._T0134.jpg,cannot identify image file 'D:\\OIO+\\DATASET_RETINA\\01.Originais\\AMD (Degeneração Macular Relacionada à Idade)\\ADAM\\__MACOSX\\ADAM\\Test\\Test-image-400\\._T0134.jpg'
._T0135.jpg,cannot identify image file 'D:\\OIO+\\DATASET_RETINA\\01.Originais\\AMD (Degeneração Macular Relacionada à Idade)\\ADAM\\__MACOSX\\ADAM\\Test\\Test-image-400\\._T0135.jpg'
._T0136.jpg,cannot identify image file 'D:\\OIO+\\DATASET_RETINA\\01.Originais\\AMD (Degeneração Macular Relacionada à Idade)\\ADAM\\__MACOSX\\ADAM\\Test\\Test-image-400\\._T0136.jpg'
._T0137.jpg,cannot identify image file 'D:\\OIO+\\DATASET_RETINA\\01.Originais\\AMD (Degeneração Macular Relacionada à Idade)\\ADAM\\__MACOSX\\ADAM\\Test\\Test-image-400\\._T0137.jpg'
._T0138.jpg,cannot identify image file 'D:\\OIO+\\DATASET_RETINA\\01.Originais\\AMD (Degeneração Macular Relacionada à Idade)\\ADAM\\__MACOSX\\ADAM\\Test\\Test-image-400\\._T0138.jpg'
._T0139.jpg,cannot identify image file 'D:\\OIO+\\DATASET_RETINA\\01.Originais\\AMD (Degeneração Macular Relacionada à Idade)\\ADAM\\__MACOSX\\ADAM\\Test\\Test-image-400\\._T0139.jpg'
._T0140.jpg,cannot identify image file 'D:\\OIO+\\DATASET_RETINA\\01.Originais\\AMD (Degeneração Macular Relacionada à Idade)\\ADAM\\__MACOSX\\ADAM\\Test\\Test-image-400\\._T0140.jpg'
._T0141.jpg,cannot identify image file 'D:\\OIO+\\DATASET_RETINA\\01.Originais\\AMD (Degeneração Macular Relacionada à Idade)\\ADAM\\__MACOSX\\ADAM\\Test\\Test-image-400\\._T0141.jpg'
._T0142.jpg,cannot identify image file 'D:\\OIO+\\DATASET_RETINA\\01.Originais\\AMD (Degeneração Macular Relacionada à Idade)\\ADAM\\__MACOSX\\ADAM\\Test\\Test-image-400\\._T0142.jpg'
._T0143.jpg,cannot identify image file 'D:\\OIO+\\DATASET_RETINA\\01.Originais\\AMD (Degeneração Macular Relacionada à Idade)\\ADAM\\__MACOSX\\ADAM\\Test\\Test-image-400\\._T0143.jpg'
._T0144.jpg,cannot identify image file 'D:\\OIO+\\DATASET_RETINA\\01.Originais\\AMD (Degeneração Macular Relacionada à Idade)\\ADAM\\__MACOSX\\ADAM\\Test\\Test-image-400\\._T0144.jpg'
._T0145.jpg,cannot identify image file 'D:\\OIO+\\DATASET_RETINA\\01.Originais\\AMD (Degeneração Macular Relacionada à Idade)\\ADAM\\__MACOSX\\ADAM\\Test\\Test-image-400\\._T0145.jpg'
._T0146.jpg,cannot identify image file 'D:\\OIO+\\DATASET_RETINA\\01.Originais\\AMD (Degeneração Macular Relacionada à Idade)\\ADAM\\__MACOSX\\ADAM\\Test\\Test-image-400\\._T0146.jpg'
._T0147.jpg,cannot identify image file 'D:\\OIO+\\DATASET_RETINA\\01.Originais\\AMD (Degeneração Macular Relacionada à Idade)\\ADAM\\__MACOSX\\ADAM\\Test\\Test-image-400\\._T0147.jpg'
._T0148.jpg,cannot identify image file 'D:\\OIO+\\DATASET_RETINA\\01.Originais\\AMD (Degeneração Macular Relacionada à Idade)\\ADAM\\__MACOSX\\ADAM\\Test\\Test-image-400\\._T0148.jpg'
._T0149.jpg,cannot identify image file 'D:\\OIO+\\DATASET_RETINA\\01.Originais\\AMD (Degeneração Macular Relacionada à Idade)\\ADAM\\__MACOSX\\ADAM\\Test\\Test-image-400\\._T0149.jpg'
._T0150.jpg,cannot identify image file 'D:\\OIO+\\DATASET_RETINA\\01.Originais\\AMD (Degeneração Macular Relacionada à Idade)\\ADAM\\__MACOSX\\ADAM\\Test\\Test-image-400\\._T0150.jpg'
._T0151.jpg,cannot identify image file 'D:\\OIO+\\DATASET_RETINA\\01.Originais\\AMD (Degeneração Macular Relacionada à Idade)\\ADAM\\__MACOSX\\ADAM\\Test\\Test-image-400\\._T0151.jpg'
._T0152.jpg,cannot identify image file 'D:\\OIO+\\DATASET_RETINA\\01.Originais\\AMD (Degeneração Macular Relacionada à Idade)\\ADAM\\__MACOSX\\ADAM\\Test\\Test-image-400\\._T0152.jpg'
._T0153.jpg,cannot identify image file 'D:\\OIO+\\DATASET_RETINA\\01.Originais\\AMD (Degeneração Macular Relacionada à Idade)\\ADAM\\__MACOSX\\ADAM\\Test\\Test-image-400\\._T0153.jpg'
._T0154.jpg,cannot identify image file 'D:\\OIO+\\DATASET_RETINA\\01.Originais\\AMD (Degeneração Macular Relacionada à Idade)\\ADAM\\__MACOSX\\ADAM\\Test\\Test-image-400\\._T0154.jpg'
._T0155.jpg,cannot identify image file 'D:\\OIO+\\DATASET_RETINA\\01.Originais\\AMD (Degeneração Macular Relacionada à Idade)\\ADAM\\__MACOSX\\ADAM\\Test\\Test-image-400\\._T0155.jpg'
._T0156.jpg,cannot identify image file 'D:\\OIO+\\DATASET_RETINA\\01.Originais\\AMD (Degeneração Macular Relacionada à Idade)\\ADAM\\__MACOSX\\ADAM\\Test\\Test-image-400\\._T0156.jpg'
._T0157.jpg,cannot identify image file 'D:\\OIO+\\DATASET_RETINA\\01.Originais\\AMD (Degeneração Macular Relacionada à Idade)\\ADAM\\__MACOSX\\ADAM\\Test\\Test-image-400\\._T0157.jpg'
._T0158.jpg,cannot identify image file 'D:\\OIO+\\DATASET_RETINA\\01.Originais\\AMD (Degeneração Macular Relacionada à Idade)\\ADAM\\__MACOSX\\ADAM\\Test\\Test-image-400\\._T0158.jpg'
._T0159.jpg,cannot identify image file 'D:\\OIO+\\DATASET_RETINA\\01.Originais\\AMD (Degeneração Macular Relacionada à Idade)\\ADAM\\__MACOSX\\ADAM\\Test\\Test-image-400\\._T0159.jpg'
._T0160.jpg,cannot identify image file 'D:\\OIO+\\DATASET_RETINA\\01.Originais\\AMD (Degeneração Macular Relacionada à Idade)\\ADAM\\__MACOSX\\ADAM\\Test\\Test-image-400\\._T0160.jpg'
._T0161.jpg,cannot identify image file 'D:\\OIO+\\DATASET_RETINA\\01.Originais\\AMD (Degeneração Macular Relacionada à Idade)\\ADAM\\__MACOSX\\ADAM\\Test\\Test-image-400\\._T0161.jpg'
._T0162.jpg,cannot identify image file 'D:\\OIO+\\DATASET_RETINA\\01.Originais\\AMD (Degeneração Macular Relacionada à Idade)\\ADAM\\__MACOSX\\ADAM\\Test\\Test-image-400\\._T0162.jpg'
._T0163.jpg,cannot identify image file 'D:\\OIO+\\DATASET_RETINA\\01.Originais\\AMD (Degeneração Macular Relacionada à Idade)\\ADAM\\__MACOSX\\ADAM\\Test\\Test-image-400\\._T0163.jpg'
._T0164.jpg,cannot identify image file 'D:\\OIO+\\DATASET_RETINA\\01.Originais\\AMD (Degeneração Macular Relacionada à Idade)\\ADAM\\__MACOSX\\ADAM\\Test\\Test-image-400\\._T0164.jpg'
._T0165.jpg,cannot identify image file 'D:\\OIO+\\DATASET_RETINA\\01.Originais\\AMD (Degeneração Macular Relacionada à Idade)\\ADAM\\__MACOSX\\ADAM\\Test\\Test-image-400\\._T0165.jpg'
._T0166.jpg,cannot identify image file 'D:\\OIO+\\DATASET_RETINA\\01.Originais\\AMD (Degeneração Macular Relacionada à Idade)\\ADAM\\__MACOSX\\ADAM\\Test\\Test-image-400\\._T0166.jpg'
._T0167.jpg,cannot identify image file 'D:\\OIO+\\DATASET_RETINA\\01.Originais\\AMD (Degeneração Macular Relacionada à Idade)\\ADAM\\__MACOSX\\ADAM\\Test\\Test-image-400\\._T0167.jpg'
._T0168.jpg,cannot identify image file 'D:\\OIO+\\DATASET_RETINA\\01.Originais\\AMD (Degeneração Macular Relacionada à Idade)\\ADAM\\__MACOSX\\ADAM\\Test\\Test-image-400\\._T0168.jpg'
._T0169.jpg,cannot identify image file 'D:\\OIO+\\DATASET_RETINA\\01.Originais\\AMD (Degeneração Macular Relacionada à Idade)\\ADAM\\__MACOSX\\ADAM\\Test\\Test-image-400\\._T0169.jpg'
._T0170.jpg,cannot identify image file 'D:\\OIO+\\DATASET_RETINA\\01.Originais\\AMD (Degeneração Macular Relacionada à Idade)\\ADAM\\__MACOSX\\ADAM\\Test\\Test-image-400\\._T0170.jpg'
._T0171.jpg,cannot identify image file 'D:\\OIO+\\DATASET_RETINA\\01.Originais\\AMD (Degeneração Macular Relacionada à Idade)\\ADAM\\__MACOSX\\ADAM\\Test\\Test-image-400\\._T0171.jpg'
._T0172.jpg,cannot identify image file 'D:\\OIO+\\DATASET_RETINA\\01.Originais\\AMD (Degeneração Macular Relacionada à Idade)\\ADAM\\__MACOSX\\ADAM\\Test\\Test-image-400\\._T0172.jpg'
._T0173.jpg,cannot identify image file 'D:\\OIO+\\DATASET_RETINA\\01.Originais\\AMD (Degeneração Macular Relacionada à Idade)\\ADAM\\__MACOSX\\ADAM\\Test\\Test-image-400\\._T0173.jpg'
._T0174.jpg,cannot identify image file 'D:\\OIO+\\DATASET_RETINA\\01.Originais\\AMD (Degeneração Macular Relacionada à Idade)\\ADAM\\__MACOSX\\ADAM\\Test\\Test-image-400\\._T0174.jpg'
._T0175.jpg,cannot identify image file 'D:\\OIO+\\DATASET_RETINA\\01.Originais\\AMD (Degeneração Macular Relacionada à Idade)\\ADAM\\__MACOSX\\ADAM\\Test\\Test-image-400\\._T0175.jpg'
._T0176.jpg,cannot identify image file 'D:\\OIO+\\DATASET_RETINA\\01.Originais\\AMD (Degeneração Macular Relacionada à Idade)\\ADAM\\__MACOSX\\ADAM\\Test\\Test-image-400\\._T0176.jpg'
._T0177.jpg,cannot identify image file 'D:\\OIO+\\DATASET_RETINA\\01.Originais\\AMD (Degeneração Macular Relacionada à Idade)\\ADAM\\__MACOSX\\ADAM\\Test\\Test-image-400\\._T0177.jpg'
._T0178.jpg,cannot identify image file 'D:\\OIO+\\DATASET_RETINA\\01.Originais\\AMD (Degeneração Macular Relacionada à Idade)\\ADAM\\__MACOSX\\ADAM\\Test\\Test-image-400\\._T0178.jpg'
._T0179.jpg,cannot identify image file 'D:\\OIO+\\DATASET_RETINA\\01.Originais\\AMD (Degeneração Macular Relacionada à Idade)\\ADAM\\__MACOSX\\ADAM\\Test\\Test-image-400\\._T0179.jpg'
._T0180.jpg,cannot identify image file 'D:\\OIO+\\DATASET_RETINA\\01.Originais\\AMD (Degeneração Macular Relacionada à Idade)\\ADAM\\__MACOSX\\ADAM\\Test\\Test-image-400\\._T0180.jpg'
._T0181.jpg,cannot identify image file 'D:\\OIO+\\DATASET_RETINA\\01.Originais\\AMD (Degeneração Macular Relacionada à Idade)\\ADAM\\__MACOSX\\ADAM\\Test\\Test-image-400\\._T0181.jpg'
._T0182.jpg,cannot identify image file 'D:\\OIO+\\DATASET_RETINA\\01.Originais\\AMD (Degeneração Macular Relacionada à Idade)\\ADAM\\__MACOSX\\ADAM\\Test\\Test-image-400\\._T0182.jpg'
._T0183.jpg,cannot identify image file 'D:\\OIO+\\DATASET_RETINA\\01.Originais\\AMD (Degeneração Macular Relacionada à Idade)\\ADAM\\__MACOSX\\ADAM\\Test\\Test-image-400\\._T0183.jpg'
._T0184.jpg,cannot identify image file 'D:\\OIO+\\DATASET_RETINA\\01.Originais\\AMD (Degeneração Macular Relacionada à Idade)\\ADAM\\__MACOSX\\ADAM\\Test\\Test-image-400\\._T0184.jpg'
._T0185.jpg,cannot identify image file 'D:\\OIO+\\DATASET_RETINA\\01.Originais\\AMD (Degeneração Macular Relacionada à Idade)\\ADAM\\__MACOSX\\ADAM\\Test\\Test-image-400\\._T0185.jpg'
._T0186.jpg,cannot identify image file 'D:\\OIO+\\DATASET_RETINA\\01.Originais\\AMD (Degeneração Macular Relacionada à Idade)\\ADAM\\__MACOSX\\ADAM\\Test\\Test-image-400\\._T0186.jpg'
._T0187.jpg,cannot identify image file 'D:\\OIO+\\DATASET_RETINA\\01.Originais\\AMD (Degeneração Macular Relacionada à Idade)\\ADAM\\__MACOSX\\ADAM\\Test\\Test-image-400\\._T0187.jpg'
._T0188.jpg,cannot identify image file 'D:\\OIO+\\DATASET_RETINA\\01.Originais\\AMD (Degeneração Macular Relacionada à Idade)\\ADAM\\__MACOSX\\ADAM\\Test\\Test-image-400\\._T0188.jpg'
._T0189.jpg,cannot identify image file 'D:\\OIO+\\DATASET_RETINA\\01.Originais\\AMD (Degeneração Macular Relacionada à Idade)\\ADAM\\__MACOSX\\ADAM\\Test\\Test-image-400\\._T0189.jpg'
._T0190.jpg,cannot identify image file 'D:\\OIO+\\DATASET_RETINA\\01.Originais\\AMD (Degeneração Macular Relacionada à Idade)\\ADAM\\__MACOSX\\ADAM\\Test\\Test-image-400\\._T0190.jpg'
._T0191.jpg,cannot identify image file 'D:\\OIO+\\DATASET_RETINA\\01.Originais\\AMD (Degeneração Macular Relacionada à Idade)\\ADAM\\__MACOSX\\ADAM\\Test\\Test-image-400\\._T0191.jpg'
._T0192.jpg,cannot identify image file 'D:\\OIO+\\DATASET_RETINA\\01.Originais\\AMD (Degeneração Macular Relacionada à Idade)\\ADAM\\__MACOSX\\ADAM\\Test\\Test-image-400\\._T0192.jpg'
._T0193.jpg,cannot identify image file 'D:\\OIO+\\DATASET_RETINA\\01.Originais\\AMD (Degeneração Macular Relacionada à Idade)\\ADAM\\__MACOSX\\ADAM\\Test\\Test-image-400\\._T0193.jpg'
._T0194.jpg,cannot identify image file 'D:\\OIO+\\DATASET_RETINA\\01.Originais\\AMD (Degeneração Macular Relacionada à Idade)\\ADAM\\__MACOSX\\ADAM\\Test\\Test-image-400\\._T0194.jpg'
._T0195.jpg,cannot identify image file 'D:\\OIO+\\DATASET_RETINA\\01.Originais\\AMD (Degeneração Macular Relacionada à Idade)\\ADAM\\__MACOSX\\ADAM\\Test\\Test-image-400\\._T0195.jpg'
._T0196.jpg,cannot identify image file 'D:\\OIO+\\DATASET_RETINA\\01.Originais\\AMD (Degeneração Macular Relacionada à Idade)\\ADAM\\__MACOSX\\ADAM\\Test\\Test-image-400\\._T0196.jpg'
._T0197.jpg,cannot identify image file 'D:\\OIO+\\DATASET_RETINA\\01.Originais\\AMD (Degeneração Macular Relacionada à Idade)\\ADAM\\__MACOSX\\ADAM\\Test\\Test-image-400\\._T0197.jpg'
._T0198.jpg,cannot identify image file 'D:\\OIO+\\DATASET_RETINA\\01.Originais\\AMD (Degeneração Macular Relacionada à Idade)\\ADAM\\__MACOSX\\ADAM\\Test\\Test-image-400\\._T0198.jpg'
._T0199.jpg,cannot identify image file 'D:\\OIO+\\DATASET_RETINA\\01.Originais\\AMD (Degeneração Macular Relacionada à Idade)\\ADAM\\__MACOSX\\ADAM\\Test\\Test-image-400\\._T0199.jpg'
._T0200.jpg,cannot identify image file 'D:\\OIO+\\DATASET_RETINA\\01.Originais\\AMD (Degeneração Macular Relacionada à Idade)\\ADAM\\__MACOSX\\ADAM\\Test\\Test-image-400\\._T0200.jpg'
._T0201.jpg,cannot identify image file 'D:\\OIO+\\DATASET_RETINA\\01.Originais\\AMD (Degeneração Macular Relacionada à Idade)\\ADAM\\__MACOSX\\ADAM\\Test\\Test-image-400\\._T0201.jpg'
._T0202.jpg,cannot identify image file 'D:\\OIO+\\DATASET_RETINA\\01.Originais\\AMD (Degeneração Macular Relacionada à Idade)\\ADAM\\__MACOSX\\ADAM\\Test\\Test-image-400\\._T0202.jpg'
._T0203.jpg,cannot identify image file 'D:\\OIO+\\DATASET_RETINA\\01.Originais\\AMD (Degeneração Macular Relacionada à Idade)\\ADAM\\__MACOSX\\ADAM\\Test\\Test-image-400\\._T0203.jpg'
._T0204.jpg,cannot identify image file 'D:\\OIO+\\DATASET_RETINA\\01.Originais\\AMD (Degeneração Macular Relacionada à Idade)\\ADAM\\__MACOSX\\ADAM\\Test\\Test-image-400\\._T0204.jpg'
._T0205.jpg,cannot identify image file 'D:\\OIO+\\DATASET_RETINA\\01.Originais\\AMD (Degeneração Macular Relacionada à Idade)\\ADAM\\__MACOSX\\ADAM\\Test\\Test-image-400\\._T0205.jpg'
._T0206.jpg,cannot identify image file 'D:\\OIO+\\DATASET_RETINA\\01.Originais\\AMD (Degeneração Macular Relacionada à Idade)\\ADAM\\__MACOSX\\ADAM\\Test\\Test-image-400\\._T0206.jpg'
._T0207.jpg,cannot identify image file 'D:\\OIO+\\DATASET_RETINA\\01.Originais\\AMD (Degeneração Macular Relacionada à Idade)\\ADAM\\__MACOSX\\ADAM\\Test\\Test-image-400\\._T0207.jpg'
._T0208.jpg,cannot identify image file 'D:\\OIO+\\DATASET_RETINA\\01.Originais\\AMD (Degeneração Macular Relacionada à Idade)\\ADAM\\__MACOSX\\ADAM\\Test\\Test-image-400\\._T0208.jpg'
._T0209.jpg,cannot identify image file 'D:\\OIO+\\DATASET_RETINA\\01.Originais\\AMD (Degeneração Macular Relacionada à Idade)\\ADAM\\__MACOSX\\ADAM\\Test\\Test-image-400\\._T0209.jpg'
._T0210.jpg,cannot identify image file 'D:\\OIO+\\DATASET_RETINA\\01.Originais\\AMD (Degeneração Macular Relacionada à Idade)\\ADAM\\__MACOSX\\ADAM\\Test\\Test-image-400\\._T0210.jpg'
._T0211.jpg,cannot identify image file 'D:\\OIO+\\DATASET_RETINA\\01.Originais\\AMD (Degeneração Macular Relacionada à Idade)\\ADAM\\__MACOSX\\ADAM\\Test\\Test-image-400\\._T0211.jpg'
._T0212.jpg,cannot identify image file 'D:\\OIO+\\DATASET_RETINA\\01.Originais\\AMD (Degeneração Macular Relacionada à Idade)\\ADAM\\__MACOSX\\ADAM\\Test\\Test-image-400\\._T0212.jpg'
._T0213.jpg,cannot identify image file 'D:\\OIO+\\DATASET_RETINA\\01.Originais\\AMD (Degeneração Macular Relacionada à Idade)\\ADAM\\__MACOSX\\ADAM\\Test\\Test-image-400\\._T0213.jpg'
._T0214.jpg,cannot identify image file 'D:\\OIO+\\DATASET_RETINA\\01.Originais\\AMD (Degeneração Macular Relacionada à Idade)\\ADAM\\__MACOSX\\ADAM\\Test\\Test-image-400\\._T0214.jpg'
._T0215.jpg,cannot identify image file 'D:\\OIO+\\DATASET_RETINA\\01.Originais\\AMD (Degeneração Macular Relacionada à Idade)\\ADAM\\__MACOSX\\ADAM\\Test\\Test-image-400\\._T0215.jpg'
._T0216.jpg,cannot identify image file 'D:\\OIO+\\DATASET_RETINA\\01.Originais\\AMD (Degeneração Macular Relacionada à Idade)\\ADAM\\__MACOSX\\ADAM\\Test\\Test-image-400\\._T0216.jpg'
._T0217.jpg,cannot identify image file 'D:\\OIO+\\DATASET_RETINA\\01.Originais\\AMD (Degeneração Macular Relacionada à Idade)\\ADAM\\__MACOSX\\ADAM\\Test\\Test-image-400\\._T0217.jpg'
._T0218.jpg,cannot identify image file 'D:\\OIO+\\DATASET_RETINA\\01.Originais\\AMD (Degeneração Macular Relacionada à Idade)\\ADAM\\__MACOSX\\ADAM\\Test\\Test-image-400\\._T0218.jpg'
._T0219.jpg,cannot identify image file 'D:\\OIO+\\DATASET_RETINA\\01.Originais\\AMD (Degeneração Macular Relacionada à Idade)\\ADAM\\__MACOSX\\ADAM\\Test\\Test-image-400\\._T0219.jpg'
._T0220.jpg,cannot identify image file 'D:\\OIO+\\DATASET_RETINA\\01.Originais\\AMD (Degeneração Macular Relacionada à Idade)\\ADAM\\__MACOSX\\ADAM\\Test\\Test-image-400\\._T0220.jpg'
._T0221.jpg,cannot identify image file 'D:\\OIO+\\DATASET_RETINA\\01.Originais\\AMD (Degeneração Macular Relacionada à Idade)\\ADAM\\__MACOSX\\ADAM\\Test\\Test-image-400\\._T0221.jpg'
._T0222.jpg,cannot identify image file 'D:\\OIO+\\DATASET_RETINA\\01.Originais\\AMD (Degeneração Macular Relacionada à Idade)\\ADAM\\__MACOSX\\ADAM\\Test\\Test-image-400\\._T0222.jpg'
._T0223.jpg,cannot identify image file 'D:\\OIO+\\DATASET_RETINA\\01.Originais\\AMD (Degeneração Macular Relacionada à Idade)\\ADAM\\__MACOSX\\ADAM\\Test\\Test-image-400\\._T0223.jpg'
._T0224.jpg,cannot identify image file 'D:\\OIO+\\DATASET_RETINA\\01.Originais\\AMD (Degeneração Macular Relacionada à Idade)\\ADAM\\__MACOSX\\ADAM\\Test\\Test-image-400\\._T0224.jpg'
._T0225.jpg,cannot identify image file 'D:\\OIO+\\DATASET_RETINA\\01.Originais\\AMD (Degeneração Macular Relacionada à Idade)\\ADAM\\__MACOSX\\ADAM\\Test\\Test-image-400\\._T0225.jpg'
._T0226.jpg,cannot identify image file 'D:\\OIO+\\DATASET_RETINA\\01.Originais\\AMD (Degeneração Macular Relacionada à Idade)\\ADAM\\__MACOSX\\ADAM\\Test\\Test-image-400\\._T0226.jpg'
._T0227.jpg,cannot identify image file 'D:\\OIO+\\DATASET_RETINA\\01.Originais\\AMD (Degeneração Macular Relacionada à Idade)\\ADAM\\__MACOSX\\ADAM\\Test\\Test-image-400\\._T0227.jpg'
._T0228.jpg,cannot identify image file 'D:\\OIO+\\DATASET_RETINA\\01.Originais\\AMD (Degeneração Macular Relacionada à Idade)\\ADAM\\__MACOSX\\ADAM\\Test\\Test-image-400\\._T0228.jpg'
._T0229.jpg,cannot identify image file 'D:\\OIO+\\DATASET_RETINA\\01.Originais\\AMD (Degeneração Macular Relacionada à Idade)\\ADAM\\__MACOSX\\ADAM\\Test\\Test-image-400\\._T0229.jpg'
._T0230.jpg,cannot identify image file 'D:\\OIO+\\DATASET_RETINA\\01.Originais\\AMD (Degeneração Macular Relacionada à Idade)\\ADAM\\__MACOSX\\ADAM\\Test\\Test-image-400\\._T0230.jpg'
._T0231.jpg,cannot identify image file 'D:\\OIO+\\DATASET_RETINA\\01.Originais\\AMD (Degeneração Macular Relacionada à Idade)\\ADAM\\__MACOSX\\ADAM\\Test\\Test-image-400\\._T0231.jpg'
._T0232.jpg,cannot identify image file 'D:\\OIO+\\DATASET_RETINA\\01.Originais\\AMD (Degeneração Macular Relacionada à Idade)\\ADAM\\__MACOSX\\ADAM\\Test\\Test-image-400\\._T0232.jpg'
._T0233.jpg,cannot identify image file 'D:\\OIO+\\DATASET_RETINA\\01.Originais\\AMD (Degeneração Macular Relacionada à Idade)\\ADAM\\__MACOSX\\ADAM\\Test\\Test-image-400\\._T0233.jpg'
._T0234.jpg,cannot identify image file 'D:\\OIO+\\DATASET_RETINA\\01.Originais\\AMD (Degeneração Macular Relacionada à Idade)\\ADAM\\__MACOSX\\ADAM\\Test\\Test-image-400\\._T0234.jpg'
._T0235.jpg,cannot identify image file 'D:\\OIO+\\DATASET_RETINA\\01.Originais\\AMD (Degeneração Macular Relacionada à Idade)\\ADAM\\__MACOSX\\ADAM\\Test\\Test-image-400\\._T0235.jpg'
._T0236.jpg,cannot identify image file 'D:\\OIO+\\DATASET_RETINA\\01.Originais\\AMD (Degeneração Macular Relacionada à Idade)\\ADAM\\__MACOSX\\ADAM\\Test\\Test-image-400\\._T0236.jpg'
._T0237.jpg,cannot identify image file 'D:\\OIO+\\DATASET_RETINA\\01.Originais\\AMD (Degeneração Macular Relacionada à Idade)\\ADAM\\__MACOSX\\ADAM\\Test\\Test-image-400\\._T0237.jpg'
._T0238.jpg,cannot identify image file 'D:\\OIO+\\DATASET_RETINA\\01.Originais\\AMD (Degeneração Macular Relacionada à Idade)\\ADAM\\__MACOSX\\ADAM\\Test\\Test-image-400\\._T0238.jpg'
._T0239.jpg,cannot identify image file 'D:\\OIO+\\DATASET_RETINA\\01.Originais\\AMD (Degeneração Macular Relacionada à Idade)\\ADAM\\__MACOSX\\ADAM\\Test\\Test-image-400\\._T0239.jpg'
._T0240.jpg,cannot identify image file 'D:\\OIO+\\DATASET_RETINA\\01.Originais\\AMD (Degeneração Macular Relacionada à Idade)\\ADAM\\__MACOSX\\ADAM\\Test\\Test-image-400\\._T0240.jpg'
._T0241.jpg,cannot identify image file 'D:\\OIO+\\DATASET_RETINA\\01.Originais\\AMD (Degeneração Macular Relacionada à Idade)\\ADAM\\__MACOSX\\ADAM\\Test\\Test-image-400\\._T0241.jpg'
._T0242.jpg,cannot identify image file 'D:\\OIO+\\DATASET_RETINA\\01.Originais\\AMD (Degeneração Macular Relacionada à Idade)\\ADAM\\__MACOSX\\ADAM\\Test\\Test-image-400\\._T0242.jpg'
._T0243.jpg,cannot identify image file 'D:\\OIO+\\DATASET_RETINA\\01.Originais\\AMD (Degeneração Macular Relacionada à Idade)\\ADAM\\__MACOSX\\ADAM\\Test\\Test-image-400\\._T0243.jpg'
._T0244.jpg,cannot identify image file 'D:\\OIO+\\DATASET_RETINA\\01.Originais\\AMD (Degeneração Macular Relacionada à Idade)\\ADAM\\__MACOSX\\ADAM\\Test\\Test-image-400\\._T0244.jpg'
._T0245.jpg,cannot identify image file 'D:\\OIO+\\DATASET_RETINA\\01.Originais\\AMD (Degeneração Macular Relacionada à Idade)\\ADAM\\__MACOSX\\ADAM\\Test\\Test-image-400\\._T0245.jpg'
._T0246.jpg,cannot identify image file 'D:\\OIO+\\DATASET_RETINA\\01.Originais\\AMD (Degeneração Macular Relacionada à Idade)\\ADAM\\__MACOSX\\ADAM\\Test\\Test-image-400\\._T0246.jpg'
._T0247.jpg,cannot identify image file 'D:\\OIO+\\DATASET_RETINA\\01.Originais\\AMD (Degeneração Macular Relacionada à Idade)\\ADAM\\__MACOSX\\ADAM\\Test\\Test-image-400\\._T0247.jpg'
._T0248.jpg,cannot identify image file 'D:\\OIO+\\DATASET_RETINA\\01.Originais\\AMD (Degeneração Macular Relacionada à Idade)\\ADAM\\__MACOSX\\ADAM\\Test\\Test-image-400\\._T0248.jpg'
._T0249.jpg,cannot identify image file 'D:\\OIO+\\DATASET_RETINA\\01.Originais\\AMD (Degeneração Macular Relacionada à Idade)\\ADAM\\__MACOSX\\ADAM\\Test\\Test-image-400\\._T0249.jpg'
._T0250.jpg,cannot identify image file 'D:\\OIO+\\DATASET_RETINA\\01.Originais\\AMD (Degeneração Macular Relacionada à Idade)\\ADAM\\__MACOSX\\ADAM\\Test\\Test-image-400\\._T0250.jpg'
._T0251.jpg,cannot identify image file 'D:\\OIO+\\DATASET_RETINA\\01.Originais\\AMD (Degeneração Macular Relacionada à Idade)\\ADAM\\__MACOSX\\ADAM\\Test\\Test-image-400\\._T0251.jpg'
._T0252.jpg,cannot identify image file 'D:\\OIO+\\DATASET_RETINA\\01.Originais\\AMD (Degeneração Macular Relacionada à Idade)\\ADAM\\__MACOSX\\ADAM\\Test\\Test-image-400\\._T0252.jpg'
._T0253.jpg,cannot identify image file 'D:\\OIO+\\DATASET_RETINA\\01.Originais\\AMD (Degeneração Macular Relacionada à Idade)\\ADAM\\__MACOSX\\ADAM\\Test\\Test-image-400\\._T0253.jpg'
._T0254.jpg,cannot identify image file 'D:\\OIO+\\DATASET_RETINA\\01.Originais\\AMD (Degeneração Macular Relacionada à Idade)\\ADAM\\__MACOSX\\ADAM\\Test\\Test-image-400\\._T0254.jpg'
._T0255.jpg,cannot identify image file 'D:\\OIO+\\DATASET_RETINA\\01.Originais\\AMD (Degeneração Macular Relacionada à Idade)\\ADAM\\__MACOSX\\ADAM\\Test\\Test-image-400\\._T0255.jpg'
._T0256.jpg,cannot identify image file 'D:\\OIO+\\DATASET_RETINA\\01.Originais\\AMD (Degeneração Macular Relacionada à Idade)\\ADAM\\__MACOSX\\ADAM\\Test\\Test-image-400\\._T0256.jpg'
._T0257.jpg,cannot identify image file 'D:\\OIO+\\DATASET_RETINA\\01.Originais\\AMD (Degeneração Macular Relacionada à Idade)\\ADAM\\__MACOSX\\ADAM\\Test\\Test-image-400\\._T0257.jpg'
._T0258.jpg,cannot identify image file 'D:\\OIO+\\DATASET_RETINA\\01.Originais\\AMD (Degeneração Macular Relacionada à Idade)\\ADAM\\__MACOSX\\ADAM\\Test\\Test-image-400\\._T0258.jpg'
._T0259.jpg,cannot identify image file 'D:\\OIO+\\DATASET_RETINA\\01.Originais\\AMD (Degeneração Macular Relacionada à Idade)\\ADAM\\__MACOSX\\ADAM\\Test\\Test-image-400\\._T0259.jpg'
._T0260.jpg,cannot identify image file 'D:\\OIO+\\DATASET_RETINA\\01.Originais\\AMD (Degeneração Macular Relacionada à Idade)\\ADAM\\__MACOSX\\ADAM\\Test\\Test-image-400\\._T0260.jpg'
._T0261.jpg,cannot identify image file 'D:\\OIO+\\DATASET_RETINA\\01.Originais\\AMD (Degeneração Macular Relacionada à Idade)\\ADAM\\__MACOSX\\ADAM\\Test\\Test-image-400\\._T0261.jpg'
._T0262.jpg,cannot identify image file 'D:\\OIO+\\DATASET_RETINA\\01.Originais\\AMD (Degeneração Macular Relacionada à Idade)\\ADAM\\__MACOSX\\ADAM\\Test\\Test-image-400\\._T0262.jpg'
._T0263.jpg,cannot identify image file 'D:\\OIO+\\DATASET_RETINA\\01.Originais\\AMD (Degeneração Macular Relacionada à Idade)\\ADAM\\__MACOSX\\ADAM\\Test\\Test-image-400\\._T0263.jpg'
._T0264.jpg,cannot identify image file 'D:\\OIO+\\DATASET_RETINA\\01.Originais\\AMD (Degeneração Macular Relacionada à Idade)\\ADAM\\__MACOSX\\ADAM\\Test\\Test-image-400\\._T0264.jpg'
._T0265.jpg,cannot identify image file 'D:\\OIO+\\DATASET_RETINA\\01.Originais\\AMD (Degeneração Macular Relacionada à Idade)\\ADAM\\__MACOSX\\ADAM\\Test\\Test-image-400\\._T0265.jpg'
._T0266.jpg,cannot identify image file 'D:\\OIO+\\DATASET_RETINA\\01.Originais\\AMD (Degeneração Macular Relacionada à Idade)\\ADAM\\__MACOSX\\ADAM\\Test\\Test-image-400\\._T0266.jpg'
._T0267.jpg,cannot identify image file 'D:\\OIO+\\DATASET_RETINA\\01.Originais\\AMD (Degeneração Macular Relacionada à Idade)\\ADAM\\__MACOSX\\ADAM\\Test\\Test-image-400\\._T0267.jpg'
._T0268.jpg,cannot identify image file 'D:\\OIO+\\DATASET_RETINA\\01.Originais\\AMD (Degeneração Macular Relacionada à Idade)\\ADAM\\__MACOSX\\ADAM\\Test\\Test-image-400\\._T0268.jpg'
._T0269.jpg,cannot identify image file 'D:\\OIO+\\DATASET_RETINA\\01.Originais\\AMD (Degeneração Macular Relacionada à Idade)\\ADAM\\__MACOSX\\ADAM\\Test\\Test-image-400\\._T0269.jpg'
._T0270.jpg,cannot identify image file 'D:\\OIO+\\DATASET_RETINA\\01.Originais\\AMD (Degeneração Macular Relacionada à Idade)\\ADAM\\__MACOSX\\ADAM\\Test\\Test-image-400\\._T0270.jpg'
._T0271.jpg,cannot identify image file 'D:\\OIO+\\DATASET_RETINA\\01.Originais\\AMD (Degeneração Macular Relacionada à Idade)\\ADAM\\__MACOSX\\ADAM\\Test\\Test-image-400\\._T0271.jpg'
._T0272.jpg,cannot identify image file 'D:\\OIO+\\DATASET_RETINA\\01.Originais\\AMD (Degeneração Macular Relacionada à Idade)\\ADAM\\__MACOSX\\ADAM\\Test\\Test-image-400\\._T0272.jpg'
._T0273.jpg,cannot identify image file 'D:\\OIO+\\DATASET_RETINA\\01.Originais\\AMD (Degeneração Macular Relacionada à Idade)\\ADAM\\__MACOSX\\ADAM\\Test\\Test-image-400\\._T0273.jpg'
._T0274.jpg,cannot identify image file 'D:\\OIO+\\DATASET_RETINA\\01.Originais\\AMD (Degeneração Macular Relacionada à Idade)\\ADAM\\__MACOSX\\ADAM\\Test\\Test-image-400\\._T0274.jpg'
._T0275.jpg,cannot identify image file 'D:\\OIO+\\DATASET_RETINA\\01.Originais\\AMD (Degeneração Macular Relacionada à Idade)\\ADAM\\__MACOSX\\ADAM\\Test\\Test-image-400\\._T0275.jpg'
._T0276.jpg,cannot identify image file 'D:\\OIO+\\DATASET_RETINA\\01.Originais\\AMD (Degeneração Macular Relacionada à Idade)\\ADAM\\__MACOSX\\ADAM\\Test\\Test-image-400\\._T0276.jpg'
._T0277.jpg,cannot identify image file 'D:\\OIO+\\DATASET_RETINA\\01.Originais\\AMD (Degeneração Macular Relacionada à Idade)\\ADAM\\__MACOSX\\ADAM\\Test\\Test-image-400\\._T0277.jpg'
._T0278.jpg,cannot identify image file 'D:\\OIO+\\DATASET_RETINA\\01.Originais\\AMD (Degeneração Macular Relacionada à Idade)\\ADAM\\__MACOSX\\ADAM\\Test\\Test-image-400\\._T0278.jpg'
._T0279.jpg,cannot identify image file 'D:\\OIO+\\DATASET_RETINA\\01.Originais\\AMD (Degeneração Macular Relacionada à Idade)\\ADAM\\__MACOSX\\ADAM\\Test\\Test-image-400\\._T0279.jpg'
._T0280.jpg,cannot identify image file 'D:\\OIO+\\DATASET_RETINA\\01.Originais\\AMD (Degeneração Macular Relacionada à Idade)\\ADAM\\__MACOSX\\ADAM\\Test\\Test-image-400\\._T0280.jpg'
._T0281.jpg,cannot identify image file 'D:\\OIO+\\DATASET_RETINA\\01.Originais\\AMD (Degeneração Macular Relacionada à Idade)\\ADAM\\__MACOSX\\ADAM\\Test\\Test-image-400\\._T0281.jpg'
._T0282.jpg,cannot identify image file 'D:\\OIO+\\DATASET_RETINA\\01.Originais\\AMD (Degeneração Macular Relacionada à Idade)\\ADAM\\__MACOSX\\ADAM\\Test\\Test-image-400\\._T0282.jpg'
._T0283.jpg,cannot identify image file 'D:\\OIO+\\DATASET_RETINA\\01.Originais\\AMD (Degeneração Macular Relacionada à Idade)\\ADAM\\__MACOSX\\ADAM\\Test\\Test-image-400\\._T0283.jpg'
._T0284.jpg,cannot identify image file 'D:\\OIO+\\DATASET_RETINA\\01.Originais\\AMD (Degeneração Macular Relacionada à Idade)\\ADAM\\__MACOSX\\ADAM\\Test\\Test-image-400\\._T0284.jpg'
._T0285.jpg,cannot identify image file 'D:\\OIO+\\DATASET_RETINA\\01.Originais\\AMD (Degeneração Macular Relacionada à Idade)\\ADAM\\__MACOSX\\ADAM\\Test\\Test-image-400\\._T0285.jpg'
._T0286.jpg,cannot identify image file 'D:\\OIO+\\DATASET_RETINA\\01.Originais\\AMD (Degeneração Macular Relacionada à Idade)\\ADAM\\__MACOSX\\ADAM\\Test\\Test-image-400\\._T0286.jpg'
._T0287.jpg,cannot identify image file 'D:\\OIO+\\DATASET_RETINA\\01.Originais\\AMD (Degeneração Macular Relacionada à Idade)\\ADAM\\__MACOSX\\ADAM\\Test\\Test-image-400\\._T0287.jpg'
._T0288.jpg,cannot identify image file 'D:\\OIO+\\DATASET_RETINA\\01.Originais\\AMD (Degeneração Macular Relacionada à Idade)\\ADAM\\__MACOSX\\ADAM\\Test\\Test-image-400\\._T0288.jpg'
._T0289.jpg,cannot identify image file 'D:\\OIO+\\DATASET_RETINA\\01.Originais\\AMD (Degeneração Macular Relacionada à Idade)\\ADAM\\__MACOSX\\ADAM\\Test\\Test-image-400\\._T0289.jpg'
._T0290.jpg,cannot identify image file 'D:\\OIO+\\DATASET_RETINA\\01.Originais\\AMD (Degeneração Macular Relacionada à Idade)\\ADAM\\__MACOSX\\ADAM\\Test\\Test-image-400\\._T0290.jpg'
._T0291.jpg,cannot identify image file 'D:\\OIO+\\DATASET_RETINA\\01.Originais\\AMD (Degeneração Macular Relacionada à Idade)\\ADAM\\__MACOSX\\ADAM\\Test\\Test-image-400\\._T0291.jpg'
._T0292.jpg,cannot identify image file 'D:\\OIO+\\DATASET_RETINA\\01.Originais\\AMD (Degeneração Macular Relacionada à Idade)\\ADAM\\__MACOSX\\ADAM\\Test\\Test-image-400\\._T0292.jpg'
._T0293.jpg,cannot identify image file 'D:\\OIO+\\DATASET_RETINA\\01.Originais\\AMD (Degeneração Macular Relacionada à Idade)\\ADAM\\__MACOSX\\ADAM\\Test\\Test-image-400\\._T0293.jpg'
._T0294.jpg,cannot identify image file 'D:\\OIO+\\DATASET_RETINA\\01.Originais\\AMD (Degeneração Macular Relacionada à Idade)\\ADAM\\__MACOSX\\ADAM\\Test\\Test-image-400\\._T0294.jpg'
._T0295.jpg,cannot identify image file 'D:\\OIO+\\DATASET_RETINA\\01.Originais\\AMD (Degeneração Macular Relacionada à Idade)\\ADAM\\__MACOSX\\ADAM\\Test\\Test-image-400\\._T0295.jpg'
._T0296.jpg,cannot identify image file 'D:\\OIO+\\DATASET_RETINA\\01.Originais\\AMD (Degeneração Macular Relacionada à Idade)\\ADAM\\__MACOSX\\ADAM\\Test\\Test-image-400\\._T0296.jpg'
._T0297.jpg,cannot identify image file 'D:\\OIO+\\DATASET_RETINA\\01.Originais\\AMD (Degeneração Macular Relacionada à Idade)\\ADAM\\__MACOSX\\ADAM\\Test\\Test-image-400\\._T0297.jpg'
._T0298.jpg,cannot identify image file 'D:\\OIO+\\DATASET_RETINA\\01.Originais\\AMD (Degeneração Macular Relacionada à Idade)\\ADAM\\__MACOSX\\ADAM\\Test\\Test-image-400\\._T0298.jpg'
._T0299.jpg,cannot identify image file 'D:\\OIO+\\DATASET_RETINA\\01.Originais\\AMD (Degeneração Macular Relacionada à Idade)\\ADAM\\__MACOSX\\ADAM\\Test\\Test-image-400\\._T0299.jpg'
._T0300.jpg,cannot identify image file 'D:\\OIO+\\DATASET_RETINA\\01.Originais\\AMD (Degeneração Macular Relacionada à Idade)\\ADAM\\__MACOSX\\ADAM\\Test\\Test-image-400\\._T0300.jpg'
._T0301.jpg,cannot identify image file 'D:\\OIO+\\DATASET_RETINA\\01.Originais\\AMD (Degeneração Macular Relacionada à Idade)\\ADAM\\__MACOSX\\ADAM\\Test\\Test-image-400\\._T0301.jpg'
._T0302.jpg,cannot identify image file 'D:\\OIO+\\DATASET_RETINA\\01.Originais\\AMD (Degeneração Macular Relacionada à Idade)\\ADAM\\__MACOSX\\ADAM\\Test\\Test-image-400\\._T0302.jpg'
._T0303.jpg,cannot identify image file 'D:\\OIO+\\DATASET_RETINA\\01.Originais\\AMD (Degeneração Macular Relacionada à Idade)\\ADAM\\__MACOSX\\ADAM\\Test\\Test-image-400\\._T0303.jpg'
._T0304.jpg,cannot identify image file 'D:\\OIO+\\DATASET_RETINA\\01.Originais\\AMD (Degeneração Macular Relacionada à Idade)\\ADAM\\__MACOSX\\ADAM\\Test\\Test-image-400\\._T0304.jpg'
._T0305.jpg,cannot identify image file 'D:\\OIO+\\DATASET_RETINA\\01.Originais\\AMD (Degeneração Macular Relacionada à Idade)\\ADAM\\__MACOSX\\ADAM\\Test\\Test-image-400\\._T0305.jpg'
._T0306.jpg,cannot identify image file 'D:\\OIO+\\DATASET_RETINA\\01.Originais\\AMD (Degeneração Macular Relacionada à Idade)\\ADAM\\__MACOSX\\ADAM\\Test\\Test-image-400\\._T0306.jpg'
._T0307.jpg,cannot identify image file 'D:\\OIO+\\DATASET_RETINA\\01.Originais\\AMD (Degeneração Macular Relacionada à Idade)\\ADAM\\__MACOSX\\ADAM\\Test\\Test-image-400\\._T0307.jpg'
._T0308.jpg,cannot identify image file 'D:\\OIO+\\DATASET_RETINA\\01.Originais\\AMD (Degeneração Macular Relacionada à Idade)\\ADAM\\__MACOSX\\ADAM\\Test\\Test-image-400\\._T0308.jpg'
._T0309.jpg,cannot identify image file 'D:\\OIO+\\DATASET_RETINA\\01.Originais\\AMD (Degeneração Macular Relacionada à Idade)\\ADAM\\__MACOSX\\ADAM\\Test\\Test-image-400\\._T0309.jpg'
._T0310.jpg,cannot identify image file 'D:\\OIO+\\DATASET_RETINA\\01.Originais\\AMD (Degeneração Macular Relacionada à Idade)\\ADAM\\__MACOSX\\ADAM\\Test\\Test-image-400\\._T0310.jpg'
._T0311.jpg,cannot identify image file 'D:\\OIO+\\DATASET_RETINA\\01.Originais\\AMD (Degeneração Macular Relacionada à Idade)\\ADAM\\__MACOSX\\ADAM\\Test\\Test-image-400\\._T0311.jpg'
._T0312.jpg,cannot identify image file 'D:\\OIO+\\DATASET_RETINA\\01.Originais\\AMD (Degeneração Macular Relacionada à Idade)\\ADAM\\__MACOSX\\ADAM\\Test\\Test-image-400\\._T0312.jpg'
._T0313.jpg,cannot identify image file 'D:\\OIO+\\DATASET_RETINA\\01.Originais\\AMD (Degeneração Macular Relacionada à Idade)\\ADAM\\__MACOSX\\ADAM\\Test\\Test-image-400\\._T0313.jpg'
._T0314.jpg,cannot identify image file 'D:\\OIO+\\DATASET_RETINA\\01.Originais\\AMD (Degeneração Macular Relacionada à Idade)\\ADAM\\__MACOSX\\ADAM\\Test\\Test-image-400\\._T0314.jpg'
._T0315.jpg,cannot identify image file 'D:\\OIO+\\DATASET_RETINA\\01.Originais\\AMD (Degeneração Macular Relacionada à Idade)\\ADAM\\__MACOSX\\ADAM\\Test\\Test-image-400\\._T0315.jpg'
._T0316.jpg,cannot identify image file 'D:\\OIO+\\DATASET_RETINA\\01.Originais\\AMD (Degeneração Macular Relacionada à Idade)\\ADAM\\__MACOSX\\ADAM\\Test\\Test-image-400\\._T0316.jpg'
._T0317.jpg,cannot identify image file 'D:\\OIO+\\DATASET_RETINA\\01.Originais\\AMD (Degeneração Macular Relacionada à Idade)\\ADAM\\__MACOSX\\ADAM\\Test\\Test-image-400\\._T0317.jpg'
._T0318.jpg,cannot identify image file 'D:\\OIO+\\DATASET_RETINA\\01.Originais\\AMD (Degeneração Macular Relacionada à Idade)\\ADAM\\__MACOSX\\ADAM\\Test\\Test-image-400\\._T0318.jpg'
._T0319.jpg,cannot identify image file 'D:\\OIO+\\DATASET_RETINA\\01.Originais\\AMD (Degeneração Macular Relacionada à Idade)\\ADAM\\__MACOSX\\ADAM\\Test\\Test-image-400\\._T0319.jpg'
._T0320.jpg,cannot identify image file 'D:\\OIO+\\DATASET_RETINA\\01.Originais\\AMD (Degeneração Macular Relacionada à Idade)\\ADAM\\__MACOSX\\ADAM\\Test\\Test-image-400\\._T0320.jpg'
._T0321.jpg,cannot identify image file 'D:\\OIO+\\DATASET_RETINA\\01.Originais\\AMD (Degeneração Macular Relacionada à Idade)\\ADAM\\__MACOSX\\ADAM\\Test\\Test-image-400\\._T0321.jpg'
._T0322.jpg,cannot identify image file 'D:\\OIO+\\DATASET_RETINA\\01.Originais\\AMD (Degeneração Macular Relacionada à Idade)\\ADAM\\__MACOSX\\ADAM\\Test\\Test-image-400\\._T0322.jpg'
._T0323.jpg,cannot identify image file 'D:\\OIO+\\DATASET_RETINA\\01.Originais\\AMD (Degeneração Macular Relacionada à Idade)\\ADAM\\__MACOSX\\ADAM\\Test\\Test-image-400\\._T0323.jpg'
._T0324.jpg,cannot identify image file 'D:\\OIO+\\DATASET_RETINA\\01.Originais\\AMD (Degeneração Macular Relacionada à Idade)\\ADAM\\__MACOSX\\ADAM\\Test\\Test-image-400\\._T0324.jpg'
._T0325.jpg,cannot identify image file 'D:\\OIO+\\DATASET_RETINA\\01.Originais\\AMD (Degeneração Macular Relacionada à Idade)\\ADAM\\__MACOSX\\ADAM\\Test\\Test-image-400\\._T0325.jpg'
._T0326.jpg,cannot identify image file 'D:\\OIO+\\DATASET_RETINA\\01.Originais\\AMD (Degeneração Macular Relacionada à Idade)\\ADAM\\__MACOSX\\ADAM\\Test\\Test-image-400\\._T0326.jpg'
._T0327.jpg,cannot identify image file 'D:\\OIO+\\DATASET_RETINA\\01.Originais\\AMD (Degeneração Macular Relacionada à Idade)\\ADAM\\__MACOSX\\ADAM\\Test\\Test-image-400\\._T0327.jpg'
._T0328.jpg,cannot identify image file 'D:\\OIO+\\DATASET_RETINA\\01.Originais\\AMD (Degeneração Macular Relacionada à Idade)\\ADAM\\__MACOSX\\ADAM\\Test\\Test-image-400\\._T0328.jpg'
._T0329.jpg,cannot identify image file 'D:\\OIO+\\DATASET_RETINA\\01.Originais\\AMD (Degeneração Macular Relacionada à Idade)\\ADAM\\__MACOSX\\ADAM\\Test\\Test-image-400\\._T0329.jpg'
._T0330.jpg,cannot identify image file 'D:\\OIO+\\DATASET_RETINA\\01.Originais\\AMD (Degeneração Macular Relacionada à Idade)\\ADAM\\__MACOSX\\ADAM\\Test\\Test-image-400\\._T0330.jpg'
._T0331.jpg,cannot identify image file 'D:\\OIO+\\DATASET_RETINA\\01.Originais\\AMD (Degeneração Macular Relacionada à Idade)\\ADAM\\__MACOSX\\ADAM\\Test\\Test-image-400\\._T0331.jpg'
._T0332.jpg,cannot identify image file 'D:\\OIO+\\DATASET_RETINA\\01.Originais\\AMD (Degeneração Macular Relacionada à Idade)\\ADAM\\__MACOSX\\ADAM\\Test\\Test-image-400\\._T0332.jpg'
._T0333.jpg,cannot identify image file 'D:\\OIO+\\DATASET_RETINA\\01.Originais\\AMD (Degeneração Macular Relacionada à Idade)\\ADAM\\__MACOSX\\ADAM\\Test\\Test-image-400\\._T0333.jpg'
._T0334.jpg,cannot identify image file 'D:\\OIO+\\DATASET_RETINA\\01.Originais\\AMD (Degeneração Macular Relacionada à Idade)\\ADAM\\__MACOSX\\ADAM\\Test\\Test-image-400\\._T0334.jpg'
._T0335.jpg,cannot identify image file 'D:\\OIO+\\DATASET_RETINA\\01.Originais\\AMD (Degeneração Macular Relacionada à Idade)\\ADAM\\__MACOSX\\ADAM\\Test\\Test-image-400\\._T0335.jpg'
._T0336.jpg,cannot identify image file 'D:\\OIO+\\DATASET_RETINA\\01.Originais\\AMD (Degeneração Macular Relacionada à Idade)\\ADAM\\__MACOSX\\ADAM\\Test\\Test-image-400\\._T0336.jpg'
._T0337.jpg,cannot identify image file 'D:\\OIO+\\DATASET_RETINA\\01.Originais\\AMD (Degeneração Macular Relacionada à Idade)\\ADAM\\__MACOSX\\ADAM\\Test\\Test-image-400\\._T0337.jpg'
._T0338.jpg,cannot identify image file 'D:\\OIO+\\DATASET_RETINA\\01.Originais\\AMD (Degeneração Macular Relacionada à Idade)\\ADAM\\__MACOSX\\ADAM\\Test\\Test-image-400\\._T0338.jpg'
._T0339.jpg,cannot identify image file 'D:\\OIO+\\DATASET_RETINA\\01.Originais\\AMD (Degeneração Macular Relacionada à Idade)\\ADAM\\__MACOSX\\ADAM\\Test\\Test-image-400\\._T0339.jpg'
._T0340.jpg,cannot identify image file 'D:\\OIO+\\DATASET_RETINA\\01.Originais\\AMD (Degeneração Macular Relacionada à Idade)\\ADAM\\__MACOSX\\ADAM\\Test\\Test-image-400\\._T0340.jpg'
._T0341.jpg,cannot identify image file 'D:\\OIO+\\DATASET_RETINA\\01.Originais\\AMD (Degeneração Macular Relacionada à Idade)\\ADAM\\__MACOSX\\ADAM\\Test\\Test-image-400\\._T0341.jpg'
._T0342.jpg,cannot identify image file 'D:\\OIO+\\DATASET_RETINA\\01.Originais\\AMD (Degeneração Macular Relacionada à Idade)\\ADAM\\__MACOSX\\ADAM\\Test\\Test-image-400\\._T0342.jpg'
._T0343.jpg,cannot identify image file 'D:\\OIO+\\DATASET_RETINA\\01.Originais\\AMD (Degeneração Macular Relacionada à Idade)\\ADAM\\__MACOSX\\ADAM\\Test\\Test-image-400\\._T0343.jpg'
._T0344.jpg,cannot identify image file 'D:\\OIO+\\DATASET_RETINA\\01.Originais\\AMD (Degeneração Macular Relacionada à Idade)\\ADAM\\__MACOSX\\ADAM\\Test\\Test-image-400\\._T0344.jpg'
._T0345.jpg,cannot identify image file 'D:\\OIO+\\DATASET_RETINA\\01.Originais\\AMD (Degeneração Macular Relacionada à Idade)\\ADAM\\__MACOSX\\ADAM\\Test\\Test-image-400\\._T0345.jpg'
._T0346.jpg,cannot identify image file 'D:\\OIO+\\DATASET_RETINA\\01.Originais\\AMD (Degeneração Macular Relacionada à Idade)\\ADAM\\__MACOSX\\ADAM\\Test\\Test-image-400\\._T0346.jpg'
._T0347.jpg,cannot identify image file 'D:\\OIO+\\DATASET_RETINA\\01.Originais\\AMD (Degeneração Macular Relacionada à Idade)\\ADAM\\__MACOSX\\ADAM\\Test\\Test-image-400\\._T0347.jpg'
._T0348.jpg,cannot identify image file 'D:\\OIO+\\DATASET_RETINA\\01.Originais\\AMD (Degeneração Macular Relacionada à Idade)\\ADAM\\__MACOSX\\ADAM\\Test\\Test-image-400\\._T0348.jpg'
._T0349.jpg,cannot identify image file 'D:\\OIO+\\DATASET_RETINA\\01.Originais\\AMD (Degeneração Macular Relacionada à Idade)\\ADAM\\__MACOSX\\ADAM\\Test\\Test-image-400\\._T0349.jpg'
._T0350.jpg,cannot identify image file 'D:\\OIO+\\DATASET_RETINA\\01.Originais\\AMD (Degeneração Macular Relacionada à Idade)\\ADAM\\__MACOSX\\ADAM\\Test\\Test-image-400\\._T0350.jpg'
._T0351.jpg,cannot identify image file 'D:\\OIO+\\DATASET_RETINA\\01.Originais\\AMD (Degeneração Macular Relacionada à Idade)\\ADAM\\__MACOSX\\ADAM\\Test\\Test-image-400\\._T0351.jpg'
._T0352.jpg,cannot identify image file 'D:\\OIO+\\DATASET_RETINA\\01.Originais\\AMD (Degeneração Macular Relacionada à Idade)\\ADAM\\__MACOSX\\ADAM\\Test\\Test-image-400\\._T0352.jpg'
._T0353.jpg,cannot identify image file 'D:\\OIO+\\DATASET_RETINA\\01.Originais\\AMD (Degeneração Macular Relacionada à Idade)\\ADAM\\__MACOSX\\ADAM\\Test\\Test-image-400\\._T0353.jpg'
._T0354.jpg,cannot identify image file 'D:\\OIO+\\DATASET_RETINA\\01.Originais\\AMD (Degeneração Macular Relacionada à Idade)\\ADAM\\__MACOSX\\ADAM\\Test\\Test-image-400\\._T0354.jpg'
._T0355.jpg,cannot identify image file 'D:\\OIO+\\DATASET_RETINA\\01.Originais\\AMD (Degeneração Macular Relacionada à Idade)\\ADAM\\__MACOSX\\ADAM\\Test\\Test-image-400\\._T0355.jpg'
._T0356.jpg,cannot identify image file 'D:\\OIO+\\DATASET_RETINA\\01.Originais\\AMD (Degeneração Macular Relacionada à Idade)\\ADAM\\__MACOSX\\ADAM\\Test\\Test-image-400\\._T0356.jpg'
._T0357.jpg,cannot identify image file 'D:\\OIO+\\DATASET_RETINA\\01.Originais\\AMD (Degeneração Macular Relacionada à Idade)\\ADAM\\__MACOSX\\ADAM\\Test\\Test-image-400\\._T0357.jpg'
._T0358.jpg,cannot identify image file 'D:\\OIO+\\DATASET_RETINA\\01.Originais\\AMD (Degeneração Macular Relacionada à Idade)\\ADAM\\__MACOSX\\ADAM\\Test\\Test-image-400\\._T0358.jpg'
._T0359.jpg,cannot identify image file 'D:\\OIO+\\DATASET_RETINA\\01.Originais\\AMD (Degeneração Macular Relacionada à Idade)\\ADAM\\__MACOSX\\ADAM\\Test\\Test-image-400\\._T0359.jpg'
._T0360.jpg,cannot identify image file 'D:\\OIO+\\DATASET_RETINA\\01.Originais\\AMD (Degeneração Macular Relacionada à Idade)\\ADAM\\__MACOSX\\ADAM\\Test\\Test-image-400\\._T0360.jpg'
._T0361.jpg,cannot identify image file 'D:\\OIO+\\DATASET_RETINA\\01.Originais\\AMD (Degeneração Macular Relacionada à Idade)\\ADAM\\__MACOSX\\ADAM\\Test\\Test-image-400\\._T0361.jpg'
._T0362.jpg,cannot identify image file 'D:\\OIO+\\DATASET_RETINA\\01.Originais\\AMD (Degeneração Macular Relacionada à Idade)\\ADAM\\__MACOSX\\ADAM\\Test\\Test-image-400\\._T0362.jpg'
._T0363.jpg,cannot identify image file 'D:\\OIO+\\DATASET_RETINA\\01.Originais\\AMD (Degeneração Macular Relacionada à Idade)\\ADAM\\__MACOSX\\ADAM\\Test\\Test-image-400\\._T0363.jpg'
._T0364.jpg,cannot identify image file 'D:\\OIO+\\DATASET_RETINA\\01.Originais\\AMD (Degeneração Macular Relacionada à Idade)\\ADAM\\__MACOSX\\ADAM\\Test\\Test-image-400\\._T0364.jpg'
._T0365.jpg,cannot identify image file 'D:\\OIO+\\DATASET_RETINA\\01.Originais\\AMD (Degeneração Macular Relacionada à Idade)\\ADAM\\__MACOSX\\ADAM\\Test\\Test-image-400\\._T0365.jpg'
._T0366.jpg,cannot identify image file 'D:\\OIO+\\DATASET_RETINA\\01.Originais\\AMD (Degeneração Macular Relacionada à Idade)\\ADAM\\__MACOSX\\ADAM\\Test\\Test-image-400\\._T0366.jpg'
._T0367.jpg,cannot identify image file 'D:\\OIO+\\DATASET_RETINA\\01.Originais\\AMD (Degeneração Macular Relacionada à Idade)\\ADAM\\__MACOSX\\ADAM\\Test\\Test-image-400\\._T0367.jpg'
._T0368.jpg,cannot identify image file 'D:\\OIO+\\DATASET_RETINA\\01.Originais\\AMD (Degeneração Macular Relacionada à Idade)\\ADAM\\__MACOSX\\ADAM\\Test\\Test-image-400\\._T0368.jpg'
._T0369.jpg,cannot identify image file 'D:\\OIO+\\DATASET_RETINA\\01.Originais\\AMD (Degeneração Macular Relacionada à Idade)\\ADAM\\__MACOSX\\ADAM\\Test\\Test-image-400\\._T0369.jpg'
._T0370.jpg,cannot identify image file 'D:\\OIO+\\DATASET_RETINA\\01.Originais\\AMD (Degeneração Macular Relacionada à Idade)\\ADAM\\__MACOSX\\ADAM\\Test\\Test-image-400\\._T0370.jpg'
._T0371.jpg,cannot identify image file 'D:\\OIO+\\DATASET_RETINA\\01.Originais\\AMD (Degeneração Macular Relacionada à Idade)\\ADAM\\__MACOSX\\ADAM\\Test\\Test-image-400\\._T0371.jpg'
._T0372.jpg,cannot identify image file 'D:\\OIO+\\DATASET_RETINA\\01.Originais\\AMD (Degeneração Macular Relacionada à Idade)\\ADAM\\__MACOSX\\ADAM\\Test\\Test-image-400\\._T0372.jpg'
._T0373.jpg,cannot identify image file 'D:\\OIO+\\DATASET_RETINA\\01.Originais\\AMD (Degeneração Macular Relacionada à Idade)\\ADAM\\__MACOSX\\ADAM\\Test\\Test-image-400\\._T0373.jpg'
._T0374.jpg,cannot identify image file 'D:\\OIO+\\DATASET_RETINA\\01.Originais\\AMD (Degeneração Macular Relacionada à Idade)\\ADAM\\__MACOSX\\ADAM\\Test\\Test-image-400\\._T0374.jpg'
._T0375.jpg,cannot identify image file 'D:\\OIO+\\DATASET_RETINA\\01.Originais\\AMD (Degeneração Macular Relacionada à Idade)\\ADAM\\__MACOSX\\ADAM\\Test\\Test-image-400\\._T0375.jpg'
._T0376.jpg,cannot identify image file 'D:\\OIO+\\DATASET_RETINA\\01.Originais\\AMD (Degeneração Macular Relacionada à Idade)\\ADAM\\__MACOSX\\ADAM\\Test\\Test-image-400\\._T0376.jpg'
._T0377.jpg,cannot identify image file 'D:\\OIO+\\DATASET_RETINA\\01.Originais\\AMD (Degeneração Macular Relacionada à Idade)\\ADAM\\__MACOSX\\ADAM\\Test\\Test-image-400\\._T0377.jpg'
._T0378.jpg,cannot identify image file 'D:\\OIO+\\DATASET_RETINA\\01.Originais\\AMD (Degeneração Macular Relacionada à Idade)\\ADAM\\__MACOSX\\ADAM\\Test\\Test-image-400\\._T0378.jpg'
._T0379.jpg,cannot identify image file 'D:\\OIO+\\DATASET_RETINA\\01.Originais\\AMD (Degeneração Macular Relacionada à Idade)\\ADAM\\__MACOSX\\ADAM\\Test\\Test-image-400\\._T0379.jpg'
._T0380.jpg,cannot identify image file 'D:\\OIO+\\DATASET_RETINA\\01.Originais\\AMD (Degeneração Macular Relacionada à Idade)\\ADAM\\__MACOSX\\ADAM\\Test\\Test-image-400\\._T0380.jpg'
._T0381.jpg,cannot identify image file 'D:\\OIO+\\DATASET_RETINA\\01.Originais\\AMD (Degeneração Macular Relacionada à Idade)\\ADAM\\__MACOSX\\ADAM\\Test\\Test-image-400\\._T0381.jpg'
._T0382.jpg,cannot identify image file 'D:\\OIO+\\DATASET_RETINA\\01.Originais\\AMD (Degeneração Macular Relacionada à Idade)\\ADAM\\__MACOSX\\ADAM\\Test\\Test-image-400\\._T0382.jpg'
._T0383.jpg,cannot identify image file 'D:\\OIO+\\DATASET_RETINA\\01.Originais\\AMD (Degeneração Macular Relacionada à Idade)\\ADAM\\__MACOSX\\ADAM\\Test\\Test-image-400\\._T0383.jpg'
._T0384.jpg,cannot identify image file 'D:\\OIO+\\DATASET_RETINA\\01.Originais\\AMD (Degeneração Macular Relacionada à Idade)\\ADAM\\__MACOSX\\ADAM\\Test\\Test-image-400\\._T0384.jpg'
._T0385.jpg,cannot identify image file 'D:\\OIO+\\DATASET_RETINA\\01.Originais\\AMD (Degeneração Macular Relacionada à Idade)\\ADAM\\__MACOSX\\ADAM\\Test\\Test-image-400\\._T0385.jpg'
._T0386.jpg,cannot identify image file 'D:\\OIO+\\DATASET_RETINA\\01.Originais\\AMD (Degeneração Macular Relacionada à Idade)\\ADAM\\__MACOSX\\ADAM\\Test\\Test-image-400\\._T0386.jpg'
._T0387.jpg,cannot identify image file 'D:\\OIO+\\DATASET_RETINA\\01.Originais\\AMD (Degeneração Macular Relacionada à Idade)\\ADAM\\__MACOSX\\ADAM\\Test\\Test-image-400\\._T0387.jpg'
._T0388.jpg,cannot identify image file 'D:\\OIO+\\DATASET_RETINA\\01.Originais\\AMD (Degeneração Macular Relacionada à Idade)\\ADAM\\__MACOSX\\ADAM\\Test\\Test-image-400\\._T0388.jpg'
._T0389.jpg,cannot identify image file 'D:\\OIO+\\DATASET_RETINA\\01.Originais\\AMD (Degeneração Macular Relacionada à Idade)\\ADAM\\__MACOSX\\ADAM\\Test\\Test-image-400\\._T0389.jpg'
._T0390.jpg,cannot identify image file 'D:\\OIO+\\DATASET_RETINA\\01.Originais\\AMD (Degeneração Macular Relacionada à Idade)\\ADAM\\__MACOSX\\ADAM\\Test\\Test-image-400\\._T0390.jpg'
._T0391.jpg,cannot identify image file 'D:\\OIO+\\DATASET_RETINA\\01.Originais\\AMD (Degeneração Macular Relacionada à Idade)\\ADAM\\__MACOSX\\ADAM\\Test\\Test-image-400\\._T0391.jpg'
._T0392.jpg,cannot identify image file 'D:\\OIO+\\DATASET_RETINA\\01.Originais\\AMD (Degeneração Macular Relacionada à Idade)\\ADAM\\__MACOSX\\ADAM\\Test\\Test-image-400\\._T0392.jpg'
._T0393.jpg,cannot identify image file 'D:\\OIO+\\DATASET_RETINA\\01.Originais\\AMD (Degeneração Macular Relacionada à Idade)\\ADAM\\__MACOSX\\ADAM\\Test\\Test-image-400\\._T0393.jpg'
._T0394.jpg,cannot identify image file 'D:\\OIO+\\DATASET_RETINA\\01.Originais\\AMD (Degeneração Macular Relacionada à Idade)\\ADAM\\__MACOSX\\ADAM\\Test\\Test-image-400\\._T0394.jpg'
._T0395.jpg,cannot identify image file 'D:\\OIO+\\DATASET_RETINA\\01.Originais\\AMD (Degeneração Macular Relacionada à Idade)\\ADAM\\__MACOSX\\ADAM\\Test\\Test-image-400\\._T0395.jpg'
._T0396.jpg,cannot identify image file 'D:\\OIO+\\DATASET_RETINA\\01.Originais\\AMD (Degeneração Macular Relacionada à Idade)\\ADAM\\__MACOSX\\ADAM\\Test\\Test-image-400\\._T0396.jpg'
._T0397.jpg,cannot identify image file 'D:\\OIO+\\DATASET_RETINA\\01.Originais\\AMD (Degeneração Macular Relacionada à Idade)\\ADAM\\__MACOSX\\ADAM\\Test\\Test-image-400\\._T0397.jpg'
._T0398.jpg,cannot identify image file 'D:\\OIO+\\DATASET_RETINA\\01.Originais\\AMD (Degeneração Macular Relacionada à Idade)\\ADAM\\__MACOSX\\ADAM\\Test\\Test-image-400\\._T0398.jpg'
._T0399.jpg,cannot identify image file 'D:\\OIO+\\DATASET_RETINA\\01.Originais\\AMD (Degeneração Macular Relacionada à Idade)\\ADAM\\__MACOSX\\ADAM\\Test\\Test-image-400\\._T0399.jpg'
._T0400.jpg,cannot identify image file 'D:\\OIO+\\DATASET_RETINA\\01.Originais\\AMD (Degeneração Macular Relacionada à Idade)\\ADAM\\__MACOSX\\ADAM\\Test\\Test-image-400\\._T0400.jpg'
._T0004.bmp,cannot identify image file 'D:\\OIO+\\DATASET_RETINA\\01.Originais\\AMD (Degeneração Macular Relacionada à Idade)\\ADAM\\__MACOSX\\ADAM\\Test\\Lesion_Masks\\Drusen\\._T0004.bmp'
._T0015.bmp,cannot identify image file 'D:\\OIO+\\DATASET_RETINA\\01.Originais\\AMD (Degeneração Macular Relacionada à Idade)\\ADAM\\__MACOSX\\ADAM\\Test\\Lesion_Masks\\Drusen\\._T0015.bmp'
._T0019.bmp,cannot identify image file 'D:\\OIO+\\DATASET_RETINA\\01.Originais\\AMD (Degeneração Macular Relacionada à Idade)\\ADAM\\__MACOSX\\ADAM\\Test\\Lesion_Masks\\Drusen\\._T0019.bmp'
._T0021.bmp,cannot identify image file 'D:\\OIO+\\DATASET_RETINA\\01.Originais\\AMD (Degeneração Macular Relacionada à Idade)\\ADAM\\__MACOSX\\ADAM\\Test\\Lesion_Masks\\Drusen\\._T0021.bmp'
._T0030.bmp,cannot identify image file 'D:\\OIO+\\DATASET_RETINA\\01.Originais\\AMD (Degeneração Macular Relacionada à Idade)\\ADAM\\__MACOSX\\ADAM\\Test\\Lesion_Masks\\Drusen\\._T0030.bmp'
._T0038.bmp,cannot identify image file 'D:\\OIO+\\DATASET_RETINA\\01.Originais\\AMD (Degeneração Macular Relacionada à Idade)\\ADAM\\__MACOSX\\ADAM\\Test\\Lesion_Masks\\Drusen\\._T0038.bmp'
._T0043.bmp,cannot identify image file 'D:\\OIO+\\DATASET_RETINA\\01.Originais\\AMD (Degeneração Macular Relacionada à Idade)\\ADAM\\__MACOSX\\ADAM\\Test\\Lesion_Masks\\Drusen\\._T0043.bmp'
._T0049.bmp,cannot identify image file 'D:\\OIO+\\DATASET_RETINA\\01.Originais\\AMD (Degeneração Macular Relacionada à Idade)\\ADAM\\__MACOSX\\ADAM\\Test\\Lesion_Masks\\Drusen\\._T0049.bmp'
._T0053.bmp,cannot identify image file 'D:\\OIO+\\DATASET_RETINA\\01.Originais\\AMD (Degeneração Macular Relacionada à Idade)\\ADAM\\__MACOSX\\ADAM\\Test\\Lesion_Masks\\Drusen\\._T0053.bmp'
._T0056.bmp,cannot identify image file 'D:\\OIO+\\DATASET_RETINA\\01.Originais\\AMD (Degeneração Macular Relacionada à Idade)\\ADAM\\__MACOSX\\ADAM\\Test\\Lesion_Masks\\Drusen\\._T0056.bmp'
._T0071.bmp,cannot identify image file 'D:\\OIO+\\DATASET_RETINA\\01.Originais\\AMD (Degeneração Macular Relacionada à Idade)\\ADAM\\__MACOSX\\ADAM\\Test\\Lesion_Masks\\Drusen\\._T0071.bmp'
._T0083.bmp,cannot identify image file 'D:\\OIO+\\DATASET_RETINA\\01.Originais\\AMD (Degeneração Macular Relacionada à Idade)\\ADAM\\__MACOSX\\ADAM\\Test\\Lesion_Masks\\Drusen\\._T0083.bmp'
._T0089.bmp,cannot identify image file 'D:\\OIO+\\DATASET_RETINA\\01.Originais\\AMD (Degeneração Macular Relacionada à Idade)\\ADAM\\__MACOSX\\ADAM\\Test\\Lesion_Masks\\Drusen\\._T0089.bmp'
._T0090.bmp,cannot identify image file 'D:\\OIO+\\DATASET_RETINA\\01.Originais\\AMD (Degeneração Macular Relacionada à Idade)\\ADAM\\__MACOSX\\ADAM\\Test\\Lesion_Masks\\Drusen\\._T0090.bmp'
._T0093.bmp,cannot identify image file 'D:\\OIO+\\DATASET_RETINA\\01.Originais\\AMD (Degeneração Macular Relacionada à Idade)\\ADAM\\__MACOSX\\ADAM\\Test\\Lesion_Masks\\Drusen\\._T0093.bmp'
._T0098.bmp,cannot identify image file 'D:\\OIO+\\DATASET_RETINA\\01.Originais\\AMD (Degeneração Macular Relacionada à Idade)\\ADAM\\__MACOSX\\ADAM\\Test\\Lesion_Masks\\Drusen\\._T0098.bmp'
._T0127.bmp,cannot identify image file 'D:\\OIO+\\DATASET_RETINA\\01.Originais\\AMD (Degeneração Macular Relacionada à Idade)\\ADAM\\__MACOSX\\ADAM\\Test\\Lesion_Masks\\Drusen\\._T0127.bmp'
._T0141.bmp,cannot identify image file 'D:\\OIO+\\DATASET_RETINA\\01.Originais\\AMD (Degeneração Macular Relacionada à Idade)\\ADAM\\__MACOSX\\ADAM\\Test\\Lesion_Masks\\Drusen\\._T0141.bmp'
._T0148.bmp,cannot identify image file 'D:\\OIO+\\DATASET_RETINA\\01.Originais\\AMD (Degeneração Macular Relacionada à Idade)\\ADAM\\__MACOSX\\ADAM\\Test\\Lesion_Masks\\Drusen\\._T0148.bmp'
._T0168.bmp,cannot identify image file 'D:\\OIO+\\DATASET_RETINA\\01.Originais\\AMD (Degeneração Macular Relacionada à Idade)\\ADAM\\__MACOSX\\ADAM\\Test\\Lesion_Masks\\Drusen\\._T0168.bmp'
._T0169.bmp,cannot identify image file 'D:\\OIO+\\DATASET_RETINA\\01.Originais\\AMD (Degeneração Macular Relacionada à Idade)\\ADAM\\__MACOSX\\ADAM\\Test\\Lesion_Masks\\Drusen\\._T0169.bmp'
._T0183.bmp,cannot identify image file 'D:\\OIO+\\DATASET_RETINA\\01.Originais\\AMD (Degeneração Macular Relacionada à Idade)\\ADAM\\__MACOSX\\ADAM\\Test\\Lesion_Masks\\Drusen\\._T0183.bmp'
._T0196.bmp,cannot identify image file 'D:\\OIO+\\DATASET_RETINA\\01.Originais\\AMD (Degeneração Macular Relacionada à Idade)\\ADAM\\__MACOSX\\ADAM\\Test\\Lesion_Masks\\Drusen\\._T0196.bmp'
._T0215.bmp,cannot identify image file 'D:\\OIO+\\DATASET_RETINA\\01.Originais\\AMD (Degeneração Macular Relacionada à Idade)\\ADAM\\__MACOSX\\ADAM\\Test\\Lesion_Masks\\Drusen\\._T0215.bmp'
._T0219.bmp,cannot identify image file 'D:\\OIO+\\DATASET_RETINA\\01.Originais\\AMD (Degeneração Macular Relacionada à Idade)\\ADAM\\__MACOSX\\ADAM\\Test\\Lesion_Masks\\Drusen\\._T0219.bmp'
._T0225.bmp,cannot identify image file 'D:\\OIO+\\DATASET_RETINA\\01.Originais\\AMD (Degeneração Macular Relacionada à Idade)\\ADAM\\__MACOSX\\ADAM\\Test\\Lesion_Masks\\Drusen\\._T0225.bmp'
._T0226.bmp,cannot identify image file 'D:\\OIO+\\DATASET_RETINA\\01.Originais\\AMD (Degeneração Macular Relacionada à Idade)\\ADAM\\__MACOSX\\ADAM\\Test\\Lesion_Masks\\Drusen\\._T0226.bmp'
._T0230.bmp,cannot identify image file 'D:\\OIO+\\DATASET_RETINA\\01.Originais\\AMD (Degeneração Macular Relacionada à Idade)\\ADAM\\__MACOSX\\ADAM\\Test\\Lesion_Masks\\Drusen\\._T0230.bmp'
._T0244.bmp,cannot identify image file 'D:\\OIO+\\DATASET_RETINA\\01.Originais\\AMD (Degeneração Macular Relacionada à Idade)\\ADAM\\__MACOSX\\ADAM\\Test\\Lesion_Masks\\Drusen\\._T0244.bmp'
._T0261.bmp,cannot identify image file 'D:\\OIO+\\DATASET_RETINA\\01.Originais\\AMD (Degeneração Macular Relacionada à Idade)\\ADAM\\__MACOSX\\ADAM\\Test\\Lesion_Masks\\Drusen\\._T0261.bmp'
._T0286.bmp,cannot identify image file 'D:\\OIO+\\DATASET_RETINA\\01.Originais\\AMD (Degeneração Macular Relacionada à Idade)\\ADAM\\__MACOSX\\ADAM\\Test\\Lesion_Masks\\Drusen\\._T0286.bmp'
._T0291.bmp,cannot identify image file 'D:\\OIO+\\DATASET_RETINA\\01.Originais\\AMD (Degeneração Macular Relacionada à Idade)\\ADAM\\__MACOSX\\ADAM\\Test\\Lesion_Masks\\Drusen\\._T0291.bmp'
._T0298.bmp,cannot identify image file 'D:\\OIO+\\DATASET_RETINA\\01.Originais\\AMD (Degeneração Macular Relacionada à Idade)\\ADAM\\__MACOSX\\ADAM\\Test\\Lesion_Masks\\Drusen\\._T0298.bmp'
._T0311.bmp,cannot identify image file 'D:\\OIO+\\DATASET_RETINA\\01.Originais\\AMD (Degeneração Macular Relacionada à Idade)\\ADAM\\__MACOSX\\ADAM\\Test\\Lesion_Masks\\Drusen\\._T0311.bmp'
._T0313.bmp,cannot identify image file 'D:\\OIO+\\DATASET_RETINA\\01.Originais\\AMD (Degeneração Macular Relacionada à Idade)\\ADAM\\__MACOSX\\ADAM\\Test\\Lesion_Masks\\Drusen\\._T0313.bmp'
._T0317.bmp,cannot identify image file 'D:\\OIO+\\DATASET_RETINA\\01.Originais\\AMD (Degeneração Macular Relacionada à Idade)\\ADAM\\__MACOSX\\ADAM\\Test\\Lesion_Masks\\Drusen\\._T0317.bmp'
._T0326.bmp,cannot identify image file 'D:\\OIO+\\DATASET_RETINA\\01.Originais\\AMD (Degeneração Macular Relacionada à Idade)\\ADAM\\__MACOSX\\ADAM\\Test\\Lesion_Masks\\Drusen\\._T0326.bmp'
._T0331.bmp,cannot identify image file 'D:\\OIO+\\DATASET_RETINA\\01.Originais\\AMD (Degeneração Macular Relacionada à Idade)\\ADAM\\__MACOSX\\ADAM\\Test\\Lesion_Masks\\Drusen\\._T0331.bmp'
._T0343.bmp,cannot identify image file 'D:\\OIO+\\DATASET_RETINA\\01.Originais\\AMD (Degeneração Macular Relacionada à Idade)\\ADAM\\__MACOSX\\ADAM\\Test\\Lesion_Masks\\Drusen\\._T0343.bmp'
._T0348.bmp,cannot identify image file 'D:\\OIO+\\DATASET_RETINA\\01.Originais\\AMD (Degeneração Macular Relacionada à Idade)\\ADAM\\__MACOSX\\ADAM\\Test\\Lesion_Masks\\Drusen\\._T0348.bmp'
._T0351.bmp,cannot identify image file 'D:\\OIO+\\DATASET_RETINA\\01.Originais\\AMD (Degeneração Macular Relacionada à Idade)\\ADAM\\__MACOSX\\ADAM\\Test\\Lesion_Masks\\Drusen\\._T0351.bmp'
._T0361.bmp,cannot identify image file 'D:\\OIO+\\DATASET_RETINA\\01.Originais\\AMD (Degeneração Macular Relacionada à Idade)\\ADAM\\__MACOSX\\ADAM\\Test\\Lesion_Masks\\Drusen\\._T0361.bmp'
._T0383.bmp,cannot identify image file 'D:\\OIO+\\DATASET_RETINA\\01.Originais\\AMD (Degeneração Macular Relacionada à Idade)\\ADAM\\__MACOSX\\ADAM\\Test\\Lesion_Masks\\Drusen\\._T0383.bmp'
._T0393.bmp,cannot identify image file 'D:\\OIO+\\DATASET_RETINA\\01.Originais\\AMD (Degeneração Macular Relacionada à Idade)\\ADAM\\__MACOSX\\ADAM\\Test\\Lesion_Masks\\Drusen\\._T0393.bmp'
._T0010.bmp,cannot identify image file 'D:\\OIO+\\DATASET_RETINA\\01.Originais\\AMD (Degeneração Macular Relacionada à Idade)\\ADAM\\__MACOSX\\ADAM\\Test\\Lesion_Masks\\Exudate\\._T0010.bmp'
._T0026.bmp,cannot identify image file 'D:\\OIO+\\DATASET_RETINA\\01.Originais\\AMD (Degeneração Macular Relacionada à Idade)\\ADAM\\__MACOSX\\ADAM\\Test\\Lesion_Masks\\Exudate\\._T0026.bmp'
._T0051.bmp,cannot identify image file 'D:\\OIO+\\DATASET_RETINA\\01.Originais\\AMD (Degeneração Macular Relacionada à Idade)\\ADAM\\__MACOSX\\ADAM\\Test\\Lesion_Masks\\Exudate\\._T0051.bmp'
._T0052.bmp,cannot identify image file 'D:\\OIO+\\DATASET_RETINA\\01.Originais\\AMD (Degeneração Macular Relacionada à Idade)\\ADAM\\__MACOSX\\ADAM\\Test\\Lesion_Masks\\Exudate\\._T0052.bmp'
._T0082.bmp,cannot identify image file 'D:\\OIO+\\DATASET_RETINA\\01.Originais\\AMD (Degeneração Macular Relacionada à Idade)\\ADAM\\__MACOSX\\ADAM\\Test\\Lesion_Masks\\Exudate\\._T0082.bmp'
._T0086.bmp,cannot identify image file 'D:\\OIO+\\DATASET_RETINA\\01.Originais\\AMD (Degeneração Macular Relacionada à Idade)\\ADAM\\__MACOSX\\ADAM\\Test\\Lesion_Masks\\Exudate\\._T0086.bmp'
._T0094.bmp,cannot identify image file 'D:\\OIO+\\DATASET_RETINA\\01.Originais\\AMD (Degeneração Macular Relacionada à Idade)\\ADAM\\__MACOSX\\ADAM\\Test\\Lesion_Masks\\Exudate\\._T0094.bmp'
._T0107.bmp,cannot identify image file 'D:\\OIO+\\DATASET_RETINA\\01.Originais\\AMD (Degeneração Macular Relacionada à Idade)\\ADAM\\__MACOSX\\ADAM\\Test\\Lesion_Masks\\Exudate\\._T0107.bmp'
._T0110.bmp,cannot identify image file 'D:\\OIO+\\DATASET_RETINA\\01.Originais\\AMD (Degeneração Macular Relacionada à Idade)\\ADAM\\__MACOSX\\ADAM\\Test\\Lesion_Masks\\Exudate\\._T0110.bmp'
._T0111.bmp,cannot identify image file 'D:\\OIO+\\DATASET_RETINA\\01.Originais\\AMD (Degeneração Macular Relacionada à Idade)\\ADAM\\__MACOSX\\ADAM\\Test\\Lesion_Masks\\Exudate\\._T0111.bmp'
._T0118.bmp,cannot identify image file 'D:\\OIO+\\DATASET_RETINA\\01.Originais\\AMD (Degeneração Macular Relacionada à Idade)\\ADAM\\__MACOSX\\ADAM\\Test\\Lesion_Masks\\Exudate\\._T0118.bmp'
._T0130.bmp,cannot identify image file 'D:\\OIO+\\DATASET_RETINA\\01.Originais\\AMD (Degeneração Macular Relacionada à Idade)\\ADAM\\__MACOSX\\ADAM\\Test\\Lesion_Masks\\Exudate\\._T0130.bmp'
._T0134.bmp,cannot identify image file 'D:\\OIO+\\DATASET_RETINA\\01.Originais\\AMD (Degeneração Macular Relacionada à Idade)\\ADAM\\__MACOSX\\ADAM\\Test\\Lesion_Masks\\Exudate\\._T0134.bmp'
._T0152.bmp,cannot identify image file 'D:\\OIO+\\DATASET_RETINA\\01.Originais\\AMD (Degeneração Macular Relacionada à Idade)\\ADAM\\__MACOSX\\ADAM\\Test\\Lesion_Masks\\Exudate\\._T0152.bmp'
._T0164.bmp,cannot identify image file 'D:\\OIO+\\DATASET_RETINA\\01.Originais\\AMD (Degeneração Macular Relacionada à Idade)\\ADAM\\__MACOSX\\ADAM\\Test\\Lesion_Masks\\Exudate\\._T0164.bmp'
._T0172.bmp,cannot identify image file 'D:\\OIO+\\DATASET_RETINA\\01.Originais\\AMD (Degeneração Macular Relacionada à Idade)\\ADAM\\__MACOSX\\ADAM\\Test\\Lesion_Masks\\Exudate\\._T0172.bmp'
._T0190.bmp,cannot identify image file 'D:\\OIO+\\DATASET_RETINA\\01.Originais\\AMD (Degeneração Macular Relacionada à Idade)\\ADAM\\__MACOSX\\ADAM\\Test\\Lesion_Masks\\Exudate\\._T0190.bmp'
._T0193.bmp,cannot identify image file 'D:\\OIO+\\DATASET_RETINA\\01.Originais\\AMD (Degeneração Macular Relacionada à Idade)\\ADAM\\__MACOSX\\ADAM\\Test\\Lesion_Masks\\Exudate\\._T0193.bmp'
._T0209.bmp,cannot identify image file 'D:\\OIO+\\DATASET_RETINA\\01.Originais\\AMD (Degeneração Macular Relacionada à Idade)\\ADAM\\__MACOSX\\ADAM\\Test\\Lesion_Masks\\Exudate\\._T0209.bmp'
._T0227.bmp,cannot identify image file 'D:\\OIO+\\DATASET_RETINA\\01.Originais\\AMD (Degeneração Macular Relacionada à Idade)\\ADAM\\__MACOSX\\ADAM\\Test\\Lesion_Masks\\Exudate\\._T0227.bmp'
._T0237.bmp,cannot identify image file 'D:\\OIO+\\DATASET_RETINA\\01.Originais\\AMD (Degeneração Macular Relacionada à Idade)\\ADAM\\__MACOSX\\ADAM\\Test\\Lesion_Masks\\Exudate\\._T0237.bmp'
._T0245.bmp,cannot identify image file 'D:\\OIO+\\DATASET_RETINA\\01.Originais\\AMD (Degeneração Macular Relacionada à Idade)\\ADAM\\__MACOSX\\ADAM\\Test\\Lesion_Masks\\Exudate\\._T0245.bmp'
._T0252.bmp,cannot identify image file 'D:\\OIO+\\DATASET_RETINA\\01.Originais\\AMD (Degeneração Macular Relacionada à Idade)\\ADAM\\__MACOSX\\ADAM\\Test\\Lesion_Masks\\Exudate\\._T0252.bmp'
._T0254.bmp,cannot identify image file 'D:\\OIO+\\DATASET_RETINA\\01.Originais\\AMD (Degeneração Macular Relacionada à Idade)\\ADAM\\__MACOSX\\ADAM\\Test\\Lesion_Masks\\Exudate\\._T0254.bmp'
._T0255.bmp,cannot identify image file 'D:\\OIO+\\DATASET_RETINA\\01.Originais\\AMD (Degeneração Macular Relacionada à Idade)\\ADAM\\__MACOSX\\ADAM\\Test\\Lesion_Masks\\Exudate\\._T0255.bmp'
._T0258.bmp,cannot identify image file 'D:\\OIO+\\DATASET_RETINA\\01.Originais\\AMD (Degeneração Macular Relacionada à Idade)\\ADAM\\__MACOSX\\ADAM\\Test\\Lesion_Masks\\Exudate\\._T0258.bmp'
._T0283.bmp,cannot identify image file 'D:\\OIO+\\DATASET_RETINA\\01.Originais\\AMD (Degeneração Macular Relacionada à Idade)\\ADAM\\__MACOSX\\ADAM\\Test\\Lesion_Masks\\Exudate\\._T0283.bmp'
._T0300.bmp,cannot identify image file 'D:\\OIO+\\DATASET_RETINA\\01.Originais\\AMD (Degeneração Macular Relacionada à Idade)\\ADAM\\__MACOSX\\ADAM\\Test\\Lesion_Masks\\Exudate\\._T0300.bmp'
._T0301.bmp,cannot identify image file 'D:\\OIO+\\DATASET_RETINA\\01.Originais\\AMD (Degeneração Macular Relacionada à Idade)\\ADAM\\__MACOSX\\ADAM\\Test\\Lesion_Masks\\Exudate\\._T0301.bmp'
._T0325.bmp,cannot identify image file 'D:\\OIO+\\DATASET_RETINA\\01.Originais\\AMD (Degeneração Macular Relacionada à Idade)\\ADAM\\__MACOSX\\ADAM\\Test\\Lesion_Masks\\Exudate\\._T0325.bmp'
._T0329.bmp,cannot identify image file 'D:\\OIO+\\DATASET_RETINA\\01.Originais\\AMD (Degeneração Macular Relacionada à Idade)\\ADAM\\__MACOSX\\ADAM\\Test\\Lesion_Masks\\Exudate\\._T0329.bmp'
._T0343.bmp,cannot identify image file 'D:\\OIO+\\DATASET_RETINA\\01.Originais\\AMD (Degeneração Macular Relacionada à Idade)\\ADAM\\__MACOSX\\ADAM\\Test\\Lesion_Masks\\Exudate\\._T0343.bmp'
._T0366.bmp,cannot identify image file 'D:\\OIO+\\DATASET_RETINA\\01.Originais\\AMD (Degeneração Macular Relacionada à Idade)\\ADAM\\__MACOSX\\ADAM\\Test\\Lesion_Masks\\Exudate\\._T0366.bmp'
._T0378.bmp,cannot identify image file 'D:\\OIO+\\DATASET_RETINA\\01.Originais\\AMD (Degeneração Macular Relacionada à Idade)\\ADAM\\__MACOSX\\ADAM\\Test\\Lesion_Masks\\Exudate\\._T0378.bmp'
._T0386.bmp,cannot identify image file 'D:\\OIO+\\DATASET_RETINA\\01.Originais\\AMD (Degeneração Macular Relacionada à Idade)\\ADAM\\__MACOSX\\ADAM\\Test\\Lesion_Masks\\Exudate\\._T0386.bmp'
._T0392.bmp,cannot identify image file 'D:\\OIO+\\DATASET_RETINA\\01.Originais\\AMD (Degeneração Macular Relacionada à Idade)\\ADAM\\__MACOSX\\ADAM\\Test\\Lesion_Masks\\Exudate\\._T0392.bmp'
._T0393.bmp,cannot identify image file 'D:\\OIO+\\DATASET_RETINA\\01.Originais\\AMD (Degeneração Macular Relacionada à Idade)\\ADAM\\__MACOSX\\ADAM\\Test\\Lesion_Masks\\Exudate\\._T0393.bmp'
._T0394.bmp,cannot identify image file 'D:\\OIO+\\DATASET_RETINA\\01.Originais\\AMD (Degeneração Macular Relacionada à Idade)\\ADAM\\__MACOSX\\ADAM\\Test\\Lesion_Masks\\Exudate\\._T0394.bmp'
._T0400.bmp,cannot identify image file 'D:\\OIO+\\DATASET_RETINA\\01.Originais\\AMD (Degeneração Macular Relacionada à Idade)\\ADAM\\__MACOSX\\ADAM\\Test\\Lesion_Masks\\Exudate\\._T0400.bmp'
._T0038.bmp,cannot identify image file 'D:\\OIO+\\DATASET_RETINA\\01.Originais\\AMD (Degeneração Macular Relacionada à Idade)\\ADAM\\__MACOSX\\ADAM\\Test\\Lesion_Masks\\Hemorrhage\\._T0038.bmp'
._T0045.bmp,cannot identify image file 'D:\\OIO+\\DATASET_RETINA\\01.Originais\\AMD (Degeneração Macular Relacionada à Idade)\\ADAM\\__MACOSX\\ADAM\\Test\\Lesion_Masks\\Hemorrhage\\._T0045.bmp'
._T0052.bmp,cannot identify image file 'D:\\OIO+\\DATASET_RETINA\\01.Originais\\AMD (Degeneração Macular Relacionada à Idade)\\ADAM\\__MACOSX\\ADAM\\Test\\Lesion_Masks\\Hemorrhage\\._T0052.bmp'
._T0057.bmp,cannot identify image file 'D:\\OIO+\\DATASET_RETINA\\01.Originais\\AMD (Degeneração Macular Relacionada à Idade)\\ADAM\\__MACOSX\\ADAM\\Test\\Lesion_Masks\\Hemorrhage\\._T0057.bmp'
._T0082.bmp,cannot identify image file 'D:\\OIO+\\DATASET_RETINA\\01.Originais\\AMD (Degeneração Macular Relacionada à Idade)\\ADAM\\__MACOSX\\ADAM\\Test\\Lesion_Masks\\Hemorrhage\\._T0082.bmp'
._T0120.bmp,cannot identify image file 'D:\\OIO+\\DATASET_RETINA\\01.Originais\\AMD (Degeneração Macular Relacionada à Idade)\\ADAM\\__MACOSX\\ADAM\\Test\\Lesion_Masks\\Hemorrhage\\._T0120.bmp'
._T0129.bmp,cannot identify image file 'D:\\OIO+\\DATASET_RETINA\\01.Originais\\AMD (Degeneração Macular Relacionada à Idade)\\ADAM\\__MACOSX\\ADAM\\Test\\Lesion_Masks\\Hemorrhage\\._T0129.bmp'
._T0134.bmp,cannot identify image file 'D:\\OIO+\\DATASET_RETINA\\01.Originais\\AMD (Degeneração Macular Relacionada à Idade)\\ADAM\\__MACOSX\\ADAM\\Test\\Lesion_Masks\\Hemorrhage\\._T0134.bmp'
._T0147.bmp,cannot identify image file 'D:\\OIO+\\DATASET_RETINA\\01.Originais\\AMD (Degeneração Macular Relacionada à Idade)\\ADAM\\__MACOSX\\ADAM\\Test\\Lesion_Masks\\Hemorrhage\\._T0147.bmp'
._T0166.bmp,cannot identify image file 'D:\\OIO+\\DATASET_RETINA\\01.Originais\\AMD (Degeneração Macular Relacionada à Idade)\\ADAM\\__MACOSX\\ADAM\\Test\\Lesion_Masks\\Hemorrhage\\._T0166.bmp'
._T0192.bmp,cannot identify image file 'D:\\OIO+\\DATASET_RETINA\\01.Originais\\AMD (Degeneração Macular Relacionada à Idade)\\ADAM\\__MACOSX\\ADAM\\Test\\Lesion_Masks\\Hemorrhage\\._T0192.bmp'
._T0227.bmp,cannot identify image file 'D:\\OIO+\\DATASET_RETINA\\01.Originais\\AMD (Degeneração Macular Relacionada à Idade)\\ADAM\\__MACOSX\\ADAM\\Test\\Lesion_Masks\\Hemorrhage\\._T0227.bmp'
._T0245.bmp,cannot identify image file 'D:\\OIO+\\DATASET_RETINA\\01.Originais\\AMD (Degeneração Macular Relacionada à Idade)\\ADAM\\__MACOSX\\ADAM\\Test\\Lesion_Masks\\Hemorrhage\\._T0245.bmp'
._T0255.bmp,cannot identify image file 'D:\\OIO+\\DATASET_RETINA\\01.Originais\\AMD (Degeneração Macular Relacionada à Idade)\\ADAM\\__MACOSX\\ADAM\\Test\\Lesion_Masks\\Hemorrhage\\._T0255.bmp'
._T0258.bmp,cannot identify image file 'D:\\OIO+\\DATASET_RETINA\\01.Originais\\AMD (Degeneração Macular Relacionada à Idade)\\ADAM\\__MACOSX\\ADAM\\Test\\Lesion_Masks\\Hemorrhage\\._T0258.bmp'
._T0261.bmp,cannot identify image file 'D:\\OIO+\\DATASET_RETINA\\01.Originais\\AMD (Degeneração Macular Relacionada à Idade)\\ADAM\\__MACOSX\\ADAM\\Test\\Lesion_Masks\\Hemorrhage\\._T0261.bmp'
._T0283.bmp,cannot identify image file 'D:\\OIO+\\DATASET_RETINA\\01.Originais\\AMD (Degeneração Macular Relacionada à Idade)\\ADAM\\__MACOSX\\ADAM\\Test\\Lesion_Masks\\Hemorrhage\\._T0283.bmp'
._T0326.bmp,cannot identify image file 'D:\\OIO+\\DATASET_RETINA\\01.Originais\\AMD (Degeneração Macular Relacionada à Idade)\\ADAM\\__MACOSX\\ADAM\\Test\\Lesion_Masks\\Hemorrhage\\._T0326.bmp'
._T0329.bmp,cannot identify image file 'D:\\OIO+\\DATASET_RETINA\\01.Originais\\AMD (Degeneração Macular Relacionada à Idade)\\ADAM\\__MACOSX\\ADAM\\Test\\Lesion_Masks\\Hemorrhage\\._T0329.bmp'
._T0364.bmp,cannot identify image file 'D:\\OIO+\\DATASET_RETINA\\01.Originais\\AMD (Degeneração Macular Relacionada à Idade)\\ADAM\\__MACOSX\\ADAM\\Test\\Lesion_Masks\\Hemorrhage\\._T0364.bmp'
._T0386.bmp,cannot identify image file 'D:\\OIO+\\DATASET_RETINA\\01.Originais\\AMD (Degeneração Macular Relacionada à Idade)\\ADAM\\__MACOSX\\ADAM\\Test\\Lesion_Masks\\Hemorrhage\\._T0386.bmp'
._T0394.bmp,cannot identify image file 'D:\\OIO+\\DATASET_RETINA\\01.Originais\\AMD (Degeneração Macular Relacionada à Idade)\\ADAM\\__MACOSX\\ADAM\\Test\\Lesion_Masks\\Hemorrhage\\._T0394.bmp'
._T0400.bmp,cannot identify image file 'D:\\OIO+\\DATASET_RETINA\\01.Originais\\AMD (Degeneração Macular Relacionada à Idade)\\ADAM\\__MACOSX\\ADAM\\Test\\Lesion_Masks\\Hemorrhage\\._T0400.bmp'
._T0298.bmp,cannot identify image file 'D:\\OIO+\\DATASET_RETINA\\01.Originais\\AMD (Degeneração Macular Relacionada à Idade)\\ADAM\\__MACOSX\\ADAM\\Test\\Lesion_Masks\\Other\\._T0298.bmp'
._T0361.bmp,cannot identify image file 'D:\\OIO+\\DATASET_RETINA\\01.Originais\\AMD (Degeneração Macular Relacionada à Idade)\\ADAM\\__MACOSX\\ADAM\\Test\\Lesion_Masks\\Other\\._T0361.bmp'
._T0003.bmp,cannot identify image file 'D:\\OIO+\\DATASET_RETINA\\01.Originais\\AMD (Degeneração Macular Relacionada à Idade)\\ADAM\\__MACOSX\\ADAM\\Test\\Lesion_Masks\\Scar\\._T0003.bmp'
._T0004.bmp,cannot identify image file 'D:\\OIO+\\DATASET_RETINA\\01.Originais\\AMD (Degeneração Macular Relacionada à Idade)\\ADAM\\__MACOSX\\ADAM\\Test\\Lesion_Masks\\Scar\\._T0004.bmp'
._T0038.bmp,cannot identify image file 'D:\\OIO+\\DATASET_RETINA\\01.Originais\\AMD (Degeneração Macular Relacionada à Idade)\\ADAM\\__MACOSX\\ADAM\\Test\\Lesion_Masks\\Scar\\._T0038.bmp'
._T0072.bmp,cannot identify image file 'D:\\OIO+\\DATASET_RETINA\\01.Originais\\AMD (Degeneração Macular Relacionada à Idade)\\ADAM\\__MACOSX\\ADAM\\Test\\Lesion_Masks\\Scar\\._T0072.bmp'
._T0105.bmp,cannot identify image file 'D:\\OIO+\\DATASET_RETINA\\01.Originais\\AMD (Degeneração Macular Relacionada à Idade)\\ADAM\\__MACOSX\\ADAM\\Test\\Lesion_Masks\\Scar\\._T0105.bmp'
._T0147.bmp,cannot identify image file 'D:\\OIO+\\DATASET_RETINA\\01.Originais\\AMD (Degeneração Macular Relacionada à Idade)\\ADAM\\__MACOSX\\ADAM\\Test\\Lesion_Masks\\Scar\\._T0147.bmp'
._T0154.bmp,cannot identify image file 'D:\\OIO+\\DATASET_RETINA\\01.Originais\\AMD (Degeneração Macular Relacionada à Idade)\\ADAM\\__MACOSX\\ADAM\\Test\\Lesion_Masks\\Scar\\._T0154.bmp'
._T0166.bmp,cannot identify image file 'D:\\OIO+\\DATASET_RETINA\\01.Originais\\AMD (Degeneração Macular Relacionada à Idade)\\ADAM\\__MACOSX\\ADAM\\Test\\Lesion_Masks\\Scar\\._T0166.bmp'
._T0170.bmp,cannot identify image file 'D:\\OIO+\\DATASET_RETINA\\01.Originais\\AMD (Degeneração Macular Relacionada à Idade)\\ADAM\\__MACOSX\\ADAM\\Test\\Lesion_Masks\\Scar\\._T0170.bmp'
._T0188.bmp,cannot identify image file 'D:\\OIO+\\DATASET_RETINA\\01.Originais\\AMD (Degeneração Macular Relacionada à Idade)\\ADAM\\__MACOSX\\ADAM\\Test\\Lesion_Masks\\Scar\\._T0188.bmp'
._T0189.bmp,cannot identify image file 'D:\\OIO+\\DATASET_RETINA\\01.Originais\\AMD (Degeneração Macular Relacionada à Idade)\\ADAM\\__MACOSX\\ADAM\\Test\\Lesion_Masks\\Scar\\._T0189.bmp'
._T0201.bmp,cannot identify image file 'D:\\OIO+\\DATASET_RETINA\\01.Originais\\AMD (Degeneração Macular Relacionada à Idade)\\ADAM\\__MACOSX\\ADAM\\Test\\Lesion_Masks\\Scar\\._T0201.bmp'
._T0209.bmp,cannot identify image file 'D:\\OIO+\\DATASET_RETINA\\01.Originais\\AMD (Degeneração Macular Relacionada à Idade)\\ADAM\\__MACOSX\\ADAM\\Test\\Lesion_Masks\\Scar\\._T0209.bmp'
._T0237.bmp,cannot identify image file 'D:\\OIO+\\DATASET_RETINA\\01.Originais\\AMD (Degeneração Macular Relacionada à Idade)\\ADAM\\__MACOSX\\ADAM\\Test\\Lesion_Masks\\Scar\\._T0237.bmp'
._T0247.bmp,cannot identify image file 'D:\\OIO+\\DATASET_RETINA\\01.Originais\\AMD (Degeneração Macular Relacionada à Idade)\\ADAM\\__MACOSX\\ADAM\\Test\\Lesion_Masks\\Scar\\._T0247.bmp'
._T0254.bmp,cannot identify image file 'D:\\OIO+\\DATASET_RETINA\\01.Originais\\AMD (Degeneração Macular Relacionada à Idade)\\ADAM\\__MACOSX\\ADAM\\Test\\Lesion_Masks\\Scar\\._T0254.bmp'
._T0255.bmp,cannot identify image file 'D:\\OIO+\\DATASET_RETINA\\01.Originais\\AMD (Degeneração Macular Relacionada à Idade)\\ADAM\\__MACOSX\\ADAM\\Test\\Lesion_Masks\\Scar\\._T0255.bmp'
._T0258.bmp,cannot identify image file 'D:\\OIO+\\DATASET_RETINA\\01.Originais\\AMD (Degeneração Macular Relacionada à Idade)\\ADAM\\__MACOSX\\ADAM\\Test\\Lesion_Masks\\Scar\\._T0258.bmp'
._T0261.bmp,cannot identify image file 'D:\\OIO+\\DATASET_RETINA\\01.Originais\\AMD (Degeneração Macular Relacionada à Idade)\\ADAM\\__MACOSX\\ADAM\\Test\\Lesion_Masks\\Scar\\._T0261.bmp'
._T0381.bmp,cannot identify image file 'D:\\OIO+\\DATASET_RETINA\\01.Originais\\AMD (Degeneração Macular Relacionada à Idade)\\ADAM\\__MACOSX\\ADAM\\Test\\Lesion_Masks\\Scar\\._T0381.bmp'
._T0392.bmp,cannot identify image file 'D:\\OIO+\\DATASET_RETINA\\01.Originais\\AMD (Degeneração Macular Relacionada à Idade)\\ADAM\\__MACOSX\\ADAM\\Test\\Lesion_Masks\\Scar\\._T0392.bmp'
