arquivo,codigo_diagnostico,diagnostico,largura,altura,resolucao,proporcao,formato,modo_cor,tamanho_bytes,tamanho_mb,hash_md5
000c1434d8d7.png,2,retinopatia_diabetica_moderada,3216,2136,3216x2136,1.5056179775280898,PNG,RGB,3218676,3.069568634033203,e6155d8339d40577f97a5ce270aa81d1
001639a390f0.png,4,retinopatia_diabetica_proliferativa,3216,2136,3216x2136,1.5056179775280898,PNG,RGB,2261129,2.1563806533813477,8f98205b18dfcc9111fe97037d9fe5ba
0024cdab0c1e.png,1,retinopatia_diabetica_leve,2416,1736,2416x1736,1.391705069124424,PNG,RGB,1882172,1.7949790954589844,43e417a95e1259bc318493e399670cb8
002c21358ce6.png,0,sem_retinopatia_diabetica,1050,1050,1050x1050,1.0,PNG,RGB,975218,0.9300403594970703,f96db7f8fc458a804b0db13739bc976d
005b95c28852.png,0,sem_retinopatia_diabetica,2048,1536,2048x1536,1.3333333333333333,PNG,RGB,1819430,1.7351436614990234,17ecb0becd4bd280b3572ad31dce75b9
0083ee8054ee.png,4,retinopatia_diabetica_proliferativa,3388,2588,3388x2588,1.3091190108191655,PNG,RGB,7401201,7.058335304260254,9ffd17ad2bbdd014b84fea4651b969a8
0097f532ac9f.png,0,sem_retinopatia_diabetica,2588,1958,2588x1958,1.3217568947906027,PNG,RGB,5223375,4.981398582458496,ac72515722d1dd51d5d7aa1f5647d056
00a8624548a9.png,2,retinopatia_diabetica_moderada,3216,2136,3216x2136,1.5056179775280898,PNG,RGB,2515726,2.3991832733154297,a9d9edcf3088004b97d4fec01f2f4f47
00b74780d31d.png,2,retinopatia_diabetica_moderada,2588,1958,2588x1958,1.3217568947906027,PNG,RGB,5064447,4.829833030700684,c3ccd5d62eb5b86765e74574b0730e57
00cb6555d108.png,1,retinopatia_diabetica_leve,2416,1736,2416x1736,1.391705069124424,PNG,RGB,2021665,1.9280099868774414,3ac647a4d7641b4e22dd19bd697a7817
00cc2b75cddd.png,0,sem_retinopatia_diabetica,1050,1050,1050x1050,1.0,PNG,RGB,901092,0.8593482971191406,acdd0109297153184d28eba92fa90970
00e4ddff966a.png,2,retinopatia_diabetica_moderada,2416,1736,2416x1736,1.391705069124424,PNG,RGB,2235611,2.132044792175293,cd65c2e9d2e2845f07e7aefc1e7b2171
00f6c1be5a33.png,0,sem_retinopatia_diabetica,1050,1050,1050x1050,1.0,PNG,RGB,941750,0.8981227874755859,fd4ecc3d56c38448ab8aa6c26fb78c03
0104b032c141.png,3,retinopatia_diabetica_grave,2416,1736,2416x1736,1.391705069124424,PNG,RGB,2440864,2.327789306640625,826de5c1dc82d4ca2998611f05558870
0124dffecf29.png,1,retinopatia_diabetica_leve,3216,2136,3216x2136,1.5056179775280898,PNG,RGB,3437954,3.278688430786133,ff8dec0c2245b6cd0ac8516cccc386da
0125fbd2e791.png,0,sem_retinopatia_diabetica,1050,1050,1050x1050,1.0,PNG,RGB,902442,0.8606357574462891,1bb1b4ed712dd042db170be9c69128ed
012a242ac6ff.png,2,retinopatia_diabetica_moderada,3216,2136,3216x2136,1.5056179775280898,PNG,RGB,6140663,5.856192588806152,028d27ff645aaeb21688586fbb0e9299
014508ccb9cb.png,0,sem_retinopatia_diabetica,819,614,819x614,1.3338762214983713,PNG,RGB,371967,0.3547353744506836,c28e6698faf2b843836573876b199d01
0151781fe50b.png,0,sem_retinopatia_diabetica,2048,1536,2048x1536,1.3333333333333333,PNG,RGB,1900351,1.8123159408569336,2bd0ff56faae2b716a59161d57330026
0161338f53cc.png,2,retinopatia_diabetica_moderada,1504,1000,1504x1000,1.504,PNG,RGB,1372778,1.309183120727539,02e855cb5c1eb05c81e6fd027ccdbcf2
0180bfa26c0b.png,2,retinopatia_diabetica_moderada,1844,1226,1844x1226,1.504078303425775,PNG,RGB,560542,0.5345745086669922,0fc9f9a26c4b6f553c6fdf3eed9e3db5
0182152c50de.png,0,sem_retinopatia_diabetica,1050,1050,1050x1050,1.0,PNG,RGB,824837,0.786625862121582,f611d1c6e290af66054a852f9f9c3d93
01b3aed3ed4c.png,1,retinopatia_diabetica_leve,2416,1736,2416x1736,1.391705069124424,PNG,RGB,1975236,1.8837318420410156,4cffadbd4e667bb5e13ea3ad921f9ed3
01c7808d901d.png,2,retinopatia_diabetica_moderada,4288,2848,4288x2848,1.5056179775280898,PNG,RGB,4199131,4.004603385925293,80b6038627dec4bc4de3244c2cc28ac1
01d9477b1171.png,0,sem_retinopatia_diabetica,819,614,819x614,1.3338762214983713,PNG,RGB,322269,0.3073396682739258,46da32ccccf310e120d8bc1f5c59f46d
01eb826f6467.png,2,retinopatia_diabetica_moderada,2416,1736,2416x1736,1.391705069124424,PNG,RGB,1937894,1.8481197357177734,ed6f4c5167bc2244ad6a0d6da877b9b1
01f7bb8be950.png,0,sem_retinopatia_diabetica,2588,1958,2588x1958,1.3217568947906027,PNG,RGB,5290554,5.045465469360352,cecab0a2d4e87b671c24e5d507b973b1
0212dd31f623.png,0,sem_retinopatia_diabetica,1050,1050,1050x1050,1.0,PNG,RGB,999997,0.9536714553833008,03d7777d9f6c6760b1740f566d2821c0
022f820027b8.png,0,sem_retinopatia_diabetica,2048,1536,2048x1536,1.3333333333333333,PNG,RGB,1934854,1.8452205657958984,a40a7a317b9240906aaf0ba88f0b69b3
0231642cf1c2.png,0,sem_retinopatia_diabetica,2588,1958,2588x1958,1.3217568947906027,PNG,RGB,5298953,5.053475379943848,4f7e45a8aa35de7fa7a8693e38aed9d5
0232dfea7547.png,0,sem_retinopatia_diabetica,1050,1050,1050x1050,1.0,PNG,RGB,983391,0.9378347396850586,f73d2d16dc43b07638442fb1eccb56af
02358b47ea89.png,0,sem_retinopatia_diabetica,2588,1958,2588x1958,1.3217568947906027,PNG,RGB,5395766,5.145803451538086,13ad2b5cc7b4fbbaa957595024c810eb
0243404e8a00.png,4,retinopatia_diabetica_proliferativa,2588,1958,2588x1958,1.3217568947906027,PNG,RGB,5370947,5.122134208679199,a2fbcf8fccbc27e8700ec218a645ed2e
025a169a0bb0.png,2,retinopatia_diabetica_moderada,1050,1050,1050x1050,1.0,PNG,RGB,1060388,1.0112648010253906,02c22eef367c9460b2f4928528fea2b7
02685f13cefd.png,4,retinopatia_diabetica_proliferativa,1844,1226,1844x1226,1.504078303425775,PNG,RGB,754040,0.7191085815429688,f4dafc2be06d9437e41289a04e1ff96f
026dcd9af143.png,2,retinopatia_diabetica_moderada,3216,2136,3216x2136,1.5056179775280898,PNG,RGB,5357270,5.109090805053711,98676a1c7620db82004eb9490750b657
02cd34a85b24.png,0,sem_retinopatia_diabetica,1050,1050,1050x1050,1.0,PNG,RGB,1012507,0.965601921081543,fe8b60eaeab598b37a1e58b7c941c355
02da652c74b8.png,0,sem_retinopatia_diabetica,1050,1050,1050x1050,1.0,PNG,RGB,938287,0.8948202133178711,b01dc9c1ba422820db48ace1f1bf1281
02dda30d3acf.png,4,retinopatia_diabetica_proliferativa,2588,1958,2588x1958,1.3217568947906027,PNG,RGB,5328939,5.0820722579956055,01e25f537953484d501664668eda856c
0304bedad8fe.png,0,sem_retinopatia_diabetica,1050,1050,1050x1050,1.0,PNG,RGB,1019054,0.9718456268310547,66528a4703e0edc51e443c818871ad9a
0318598cfd16.png,4,retinopatia_diabetica_proliferativa,2588,1958,2588x1958,1.3217568947906027,PNG,RGB,5561733,5.304081916809082,b059612215c1613f1ca7f5afb1d8e693
032d7b0b4bf6.png,2,retinopatia_diabetica_moderada,2588,1958,2588x1958,1.3217568947906027,PNG,RGB,5080043,4.8447065353393555,667e78f3fd8748f405f3279d066aeff4
033f2b43de6d.png,2,retinopatia_diabetica_moderada,2588,1958,2588x1958,1.3217568947906027,PNG,RGB,5020058,4.787500381469727,1981669ff6d7de71d13502f853f224d2
034cb07a550f.png,4,retinopatia_diabetica_proliferativa,3216,2136,3216x2136,1.5056179775280898,PNG,RGB,5966646,5.690237045288086,c04aefbe905a9452432f505d23329e1c
03676c71ed1b.png,2,retinopatia_diabetica_moderada,1050,1050,1050x1050,1.0,PNG,RGB,1022072,0.9747238159179688,eb0e4049d2b0cb019d9f824a4f7fecb3
0369f3efe69b.png,1,retinopatia_diabetica_leve,4288,2848,4288x2848,1.5056179775280898,PNG,RGB,6348706,6.054597854614258,c432d14e6082c934226932526f3ff3a4
03747397839f.png,2,retinopatia_diabetica_moderada,3216,2136,3216x2136,1.5056179775280898,PNG,RGB,2504028,2.3880271911621094,33fc1523bef7629aeb50402c6b76450f
03a7f4a5786f.png,4,retinopatia_diabetica_proliferativa,2588,1958,2588x1958,1.3217568947906027,PNG,RGB,3980427,3.7960309982299805,ccf24c12b70587fc245a85148adee491
03b373718013.png,0,sem_retinopatia_diabetica,1050,1050,1050x1050,1.0,PNG,RGB,751586,0.7167682647705078,1a7a084b76b2663d5b5b6b089c76e2ba
03c85870824c.png,3,retinopatia_diabetica_grave,2416,1736,2416x1736,1.391705069124424,PNG,RGB,2347420,2.2386741638183594,9d08ba38108afc7e81ce89894db43c40
03e25101e8e8.png,1,retinopatia_diabetica_leve,2588,1958,2588x1958,1.3217568947906027,PNG,RGB,4587050,4.374551773071289,5e92c561bb426fe3247de65eece79cf8
03fd50da928d.png,2,retinopatia_diabetica_moderada,3388,2588,3388x2588,1.3091190108191655,PNG,RGB,7202844,6.869167327880859,1eec0b7ea9363ea74189a72f22e1e51f
03ff7d159f10.png,2,retinopatia_diabetica_moderada,3216,2136,3216x2136,1.5056179775280898,PNG,RGB,2103533,2.0060853958129883,dcf9e9600f0a7321db41bcb66e29c9fb
0415fc68b176.png,2,retinopatia_diabetica_moderada,2588,1958,2588x1958,1.3217568947906027,PNG,RGB,5100910,4.864606857299805,95165fb983dfbebab5fe66473a6b4ceb
041f09eec1e8.png,2,retinopatia_diabetica_moderada,3216,2136,3216x2136,1.5056179775280898,PNG,RGB,2765459,2.6373472213745117,6478cc55d9b14f938a208ab9b6284d7f
0423237770a7.png,0,sem_retinopatia_diabetica,1050,1050,1050x1050,1.0,PNG,RGB,961078,0.9165554046630859,aaf78f4ca3c215002670bf822ee92962
042470a92154.png,3,retinopatia_diabetica_grave,2416,1736,2416x1736,1.391705069124424,PNG,RGB,2168885,2.0684099197387695,b3db60b3f784228d0f6cd05e4d92f276
04579e31e4be.png,0,sem_retinopatia_diabetica,1050,1050,1050x1050,1.0,PNG,RGB,1031373,0.9835939407348633,416e3b14990b6796614bd7de5c4d22db
04a6fc58dabc.png,2,retinopatia_diabetica_moderada,2416,1736,2416x1736,1.391705069124424,PNG,RGB,2357843,2.2486143112182617,9ad8807ddc5c7da5e29160b585b080cb
04ac765f91a1.png,1,retinopatia_diabetica_leve,2416,1736,2416x1736,1.391705069124424,PNG,RGB,2406834,2.2953357696533203,b5b0a2781910881117ddb397011f6f2a
04aef84a2cc1.png,0,sem_retinopatia_diabetica,819,614,819x614,1.3338762214983713,PNG,RGB,281904,0.2688446044921875,b62d2420577d96b08c3ad9de8f70c6fa
04d029cfb612.png,2,retinopatia_diabetica_moderada,3216,2136,3216x2136,1.5056179775280898,PNG,RGB,2581944,2.4623336791992188,98098371277568eefb76c9b67291d763
04efb1a284cc.png,0,sem_retinopatia_diabetica,1050,1050,1050x1050,1.0,PNG,RGB,1003991,0.9574804306030273,14f8341c8adf8d7e977529d576ec8116
050bb1eafa76.png,0,sem_retinopatia_diabetica,819,614,819x614,1.3338762214983713,PNG,RGB,298930,0.2850818634033203,8fb35e3bb682d6db358ef590133c4099
05113073b268.png,0,sem_retinopatia_diabetica,2588,1958,2588x1958,1.3217568947906027,PNG,RGB,5441702,5.189611434936523,c207c8707a3b1d523619713549c65896
05195a3db5e2.png,0,sem_retinopatia_diabetica,819,614,819x614,1.3338762214983713,PNG,RGB,348006,0.33188438415527344,8803bd6b73ab25274117467aaf4b6bbf
0519b934f6b1.png,2,retinopatia_diabetica_moderada,2588,1958,2588x1958,1.3217568947906027,PNG,RGB,5555745,5.298371315002441,05d7f47d0853c40736be28c8ec2a881e
052d9a3fe55a.png,2,retinopatia_diabetica_moderada,2588,1958,2588x1958,1.3217568947906027,PNG,RGB,5166466,4.927125930786133,2a38d2667f0dcef941f9fb9416d0dbb4
05339950962e.png,0,sem_retinopatia_diabetica,1050,1050,1050x1050,1.0,PNG,RGB,1043694,0.9953441619873047,3e22ea64f05d7817544af7c099bfb174
054b1b305160.png,0,sem_retinopatia_diabetica,1050,1050,1050x1050,1.0,PNG,RGB,968861,0.9239778518676758,c31ece4a937e59c6126ddf24ecd59590
0551676cc2aa.png,0,sem_retinopatia_diabetica,2588,1958,2588x1958,1.3217568947906027,PNG,RGB,5225022,4.982969284057617,37f8d6d289c708ef0de8cc8c01bfe295
059bc89df7f4.png,1,retinopatia_diabetica_leve,2416,1736,2416x1736,1.391705069124424,PNG,RGB,2517339,2.400721549987793,a4ea419be6c3c9926635a50da50a16a5
05a5183c92d0.png,1,retinopatia_diabetica_leve,2416,1736,2416x1736,1.391705069124424,PNG,RGB,2055886,1.9606456756591797,cf167b308c1501b136483264a98efb08
05b1bb2bdb81.png,0,sem_retinopatia_diabetica,2588,1958,2588x1958,1.3217568947906027,PNG,RGB,5412906,5.162149429321289,d8a254b7a281fa6bf335b8c64a561767
05cd0178ccfe.png,3,retinopatia_diabetica_grave,2416,1736,2416x1736,1.391705069124424,PNG,RGB,2432177,2.319504737854004,a9c537be01b15766c85d904168e24f8e
05e9126dfa5c.png,0,sem_retinopatia_diabetica,1050,1050,1050x1050,1.0,PNG,RGB,1058816,1.009765625,3922fee26b4116e9f09c14570c50f3d5
06024377d573.png,2,retinopatia_diabetica_moderada,640,480,640x480,1.3333333333333333,PNG,RGB,342094,0.3262462615966797,ae1fa6b0437b09e3822a5b311911164b
060e00d1e2ab.png,0,sem_retinopatia_diabetica,819,614,819x614,1.3338762214983713,PNG,RGB,301624,0.28765106201171875,01c944b83d08009a3a68109fc92725dd
064af6592ba6.png,2,retinopatia_diabetica_moderada,3388,2588,3388x2588,1.3091190108191655,PNG,RGB,3550748,3.3862571716308594,d43ccae4e58828a7cd3680be53b4fde0
06586082a24d.png,0,sem_retinopatia_diabetica,2048,1536,2048x1536,1.3333333333333333,PNG,RGB,1934041,1.8444452285766602,78fb0ef1e6b0bf6e5f37778b71126637
0684311afdfc.png,1,retinopatia_diabetica_leve,2416,1736,2416x1736,1.391705069124424,PNG,RGB,2218026,2.115274429321289,d38843a3169804176089cd3e48b45f46
069f43616fab.png,3,retinopatia_diabetica_grave,2896,1944,2896x1944,1.4897119341563787,PNG,RGB,1731163,1.650965690612793,b988a76cb9bfe909330732b0755e7596
06b71823f9cd.png,1,retinopatia_diabetica_leve,4288,2848,4288x2848,1.5056179775280898,PNG,RGB,4729772,4.510662078857422,255f5de3aa0b3d248bd57ecd7ed10fb0
06be1092a062.png,0,sem_retinopatia_diabetica,819,614,819x614,1.3338762214983713,PNG,RGB,283975,0.27081966400146484,4c427cd99d18e93061e38c3b08c5d338
07083738b75e.png,2,retinopatia_diabetica_moderada,3216,2136,3216x2136,1.5056179775280898,PNG,RGB,2813845,2.6834917068481445,9b7afb3d7bdf00731e41e768df30852a
0709652336e2.png,0,sem_retinopatia_diabetica,2048,1536,2048x1536,1.3333333333333333,PNG,RGB,1936661,1.8469438552856445,598bf1a8fc93ac945ec92c386f4948e8
070d4ce5fd90.png,0,sem_retinopatia_diabetica,2048,1536,2048x1536,1.3333333333333333,PNG,RGB,1674767,1.597182273864746,6df67688d4a8bfe70af7309797924415
070f67572d03.png,3,retinopatia_diabetica_grave,2416,1736,2416x1736,1.391705069124424,PNG,RGB,2007607,1.9146032333374023,4d9a6837aa53033bca2734e7c4f4612d
07122e268a1d.png,4,retinopatia_diabetica_proliferativa,1844,1226,1844x1226,1.504078303425775,PNG,RGB,936339,0.8929624557495117,435689d86e0c056dcd6d3be66645a97c
071435a218ec.png,2,retinopatia_diabetica_moderada,3216,2136,3216x2136,1.5056179775280898,PNG,RGB,3134937,2.98970890045166,572499e986af392e45100490b3b6f4f1
07419eddd6be.png,2,retinopatia_diabetica_moderada,2144,1424,2144x1424,1.5056179775280898,PNG,RGB,2632244,2.510303497314453,b18463e4dc88eebb8623b80025f4004f
07596907347b.png,0,sem_retinopatia_diabetica,1050,1050,1050x1050,1.0,PNG,RGB,955668,0.9113960266113281,96b68b2c53d8460a5916488bebc41739
0773a1c326ad.png,0,sem_retinopatia_diabetica,2048,1536,2048x1536,1.3333333333333333,PNG,RGB,1836697,1.7516107559204102,d1e610b00d625f0da88236dec9031c0c
07751b94a88a.png,0,sem_retinopatia_diabetica,1050,1050,1050x1050,1.0,PNG,RGB,978933,0.9335832595825195,0af7ba03cba62cef036a9a244fa95bde
0790515cf5af.png,0,sem_retinopatia_diabetica,1050,1050,1050x1050,1.0,PNG,RGB,905786,0.8638248443603516,14b8763cd3ea50d4cb26ec9b90332f0c
07929d32b5b3.png,1,retinopatia_diabetica_leve,2588,1958,2588x1958,1.3217568947906027,PNG,RGB,4173673,3.9803247451782227,92cea05eb8f9553ba6caf524763b34ee
07a0be6b347f.png,0,sem_retinopatia_diabetica,2048,1536,2048x1536,1.3333333333333333,PNG,RGB,1915869,1.8271150588989258,b8011b7c1e41633cfcd7ca46e52bf554
07a0e34c8d20.png,3,retinopatia_diabetica_grave,2588,1958,2588x1958,1.3217568947906027,PNG,RGB,5349687,5.101859092712402,f25ecbc6e58380bb297478c68a459c74
07a1c7073982.png,1,retinopatia_diabetica_leve,2588,1958,2588x1958,1.3217568947906027,PNG,RGB,3702413,3.5308961868286133,940bfac9fdea10b13d1c9ff2d219a04b
07a2b8cabf6b.png,0,sem_retinopatia_diabetica,1050,1050,1050x1050,1.0,PNG,RGB,1055945,1.0070276260375977,5c768d197d5db8fac1d14cc28fc387e0
07a3be30563b.png,2,retinopatia_diabetica_moderada,3216,2136,3216x2136,1.5056179775280898,PNG,RGB,2473704,2.3591079711914062,53f0347c880ed19d2cfc729127c8340c
07d8db76b301.png,2,retinopatia_diabetica_moderada,3216,2136,3216x2136,1.5056179775280898,PNG,RGB,2544280,2.4264144897460938,ef845a61bb88c3cf383ecd5327ba36cd
07e827469099.png,0,sem_retinopatia_diabetica,2048,1536,2048x1536,1.3333333333333333,PNG,RGB,1887322,1.7998905181884766,59c32001ec4b73999cb95ff54598e450
07f5d7baf907.png,0,sem_retinopatia_diabetica,2588,1958,2588x1958,1.3217568947906027,PNG,RGB,5668177,5.405594825744629,a04ffa3604c0a808f46053afa6a17d9b
08037e4490e5.png,0,sem_retinopatia_diabetica,819,614,819x614,1.3338762214983713,PNG,RGB,283524,0.2703895568847656,251f3d37f5c5c8e5dd445c581af0bff9
080ee76c958c.png,4,retinopatia_diabetica_proliferativa,3216,2136,3216x2136,1.5056179775280898,PNG,RGB,5935137,5.660187721252441,bfe25e7816993494b80866e9fa19e754
080f66eedfb9.png,4,retinopatia_diabetica_proliferativa,2416,1736,2416x1736,1.391705069124424,PNG,RGB,2151565,2.0518922805786133,f1a9d2b015a514201b54518d50fa019a
084c02cf077f.png,0,sem_retinopatia_diabetica,819,614,819x614,1.3338762214983713,PNG,RGB,283799,0.27065181732177734,8f3317dc2ef507c42452d5e22b187e37
0851d6a69589.png,0,sem_retinopatia_diabetica,1050,1050,1050x1050,1.0,PNG,RGB,954072,0.9098739624023438,675bcbae8db089338066403f41c4fd79
086d41d17da8.png,1,retinopatia_diabetica_leve,1844,1226,1844x1226,1.504078303425775,PNG,RGB,1066742,1.017324447631836,bb0c4de78e4c444ec3c1b4dc3473e748
08752092140d.png,2,retinopatia_diabetica_moderada,3388,2588,3388x2588,1.3091190108191655,PNG,RGB,7255867,6.919734001159668,96b2734e0cf58cdde62bddde25afff6f
08a3875063c3.png,4,retinopatia_diabetica_proliferativa,3216,2136,3216x2136,1.5056179775280898,PNG,RGB,3108384,2.964385986328125,6c4a0f042962420464e6d2ea4be5a46d
08b6e3240858.png,0,sem_retinopatia_diabetica,2588,1958,2588x1958,1.3217568947906027,PNG,RGB,5228284,4.986080169677734,6fb2d15749818a25e893df9d49373759
08bef347f40d.png,0,sem_retinopatia_diabetica,1050,1050,1050x1050,1.0,PNG,RGB,899713,0.8580331802368164,f537166d632545703ca420f8f9bfeace
08c17a2d95b7.png,2,retinopatia_diabetica_moderada,2588,1958,2588x1958,1.3217568947906027,PNG,RGB,5298152,5.052711486816406,77485fc680ade762db20328571c13ea4
08c60c647673.png,0,sem_retinopatia_diabetica,2588,1958,2588x1958,1.3217568947906027,PNG,RGB,5381313,5.132019996643066,39260dd24abcebf249c466252f6f331f
08ee569d4721.png,0,sem_retinopatia_diabetica,1050,1050,1050x1050,1.0,PNG,RGB,1040482,0.9922809600830078,0ae890d428e2a0eab6c4c6ca417d294a
08f8838d69bb.png,0,sem_retinopatia_diabetica,1050,1050,1050x1050,1.0,PNG,RGB,967680,0.9228515625,25a86c202309f8e88eb9db150f17c6da
09237bf783a4.png,0,sem_retinopatia_diabetica,1050,1050,1050x1050,1.0,PNG,RGB,1008486,0.9617671966552734,83fc290c1c1b4fe11318967e4660e2fc
0924cec998fa.png,0,sem_retinopatia_diabetica,2048,1536,2048x1536,1.3333333333333333,PNG,RGB,1935889,1.846207618713379,2a2300f62145cc98a840d607ff4a6e12
093a42649c29.png,3,retinopatia_diabetica_grave,4288,2848,4288x2848,1.5056179775280898,PNG,RGB,5088439,4.852713584899902,487c0a5904491ec578590bb0ff721706
093cf723fede.png,0,sem_retinopatia_diabetica,2048,1536,2048x1536,1.3333333333333333,PNG,RGB,1923478,1.834371566772461,be44e3651b0ded863093bceaad9f6cf7
094858f005ab.png,2,retinopatia_diabetica_moderada,2416,1736,2416x1736,1.391705069124424,PNG,RGB,1987571,1.8954954147338867,2768bb434786d6ffb7a8aec6d3c83173
0953c0ac1735.png,2,retinopatia_diabetica_moderada,3388,2588,3388x2588,1.3091190108191655,PNG,RGB,7249739,6.9138898849487305,af29fbd6bd1999bd90cac3cb115d784b
096436d68d06.png,0,sem_retinopatia_diabetica,2588,1958,2588x1958,1.3217568947906027,PNG,RGB,5497225,5.242562294006348,5cc44928fdb0448efc4bab910c588755
09662e462531.png,0,sem_retinopatia_diabetica,2588,1958,2588x1958,1.3217568947906027,PNG,RGB,5463759,5.210646629333496,032a6e057e5633efeb2db83f358bf6aa
0981195eb9fb.png,4,retinopatia_diabetica_proliferativa,4288,2848,4288x2848,1.5056179775280898,PNG,RGB,4656414,4.440702438354492,33690284337c66f7c60cc775e1919ef8
099021fac3c9.png,0,sem_retinopatia_diabetica,2048,1536,2048x1536,1.3333333333333333,PNG,RGB,1801457,1.718003273010254,530893fda5e3e3b7eb7dafac3684c28c
09934421c79e.png,0,sem_retinopatia_diabetica,2048,1536,2048x1536,1.3333333333333333,PNG,RGB,1711376,1.6320953369140625,8d7f60d17f415fd598685533b2580c21
09935d72892b.png,1,retinopatia_diabetica_leve,2588,1958,2588x1958,1.3217568947906027,PNG,RGB,5257216,5.013671875,dd97c3a2b9462652f004081b2a45a7bc
09c8323c612e.png,0,sem_retinopatia_diabetica,1050,1050,1050x1050,1.0,PNG,RGB,1009476,0.9627113342285156,a2cbee2a20d469ccac2f7b29841f2812
09eeafa9656a.png,2,retinopatia_diabetica_moderada,3216,2136,3216x2136,1.5056179775280898,PNG,RGB,2313233,2.206070899963379,ea51aa8b550bb1ec871b3097daabe03f
09f1111a388a.png,0,sem_retinopatia_diabetica,2048,1536,2048x1536,1.3333333333333333,PNG,RGB,1674106,1.5965518951416016,d001cec98141e35c53706d1e9838367e
09f6ab477654.png,2,retinopatia_diabetica_moderada,2416,1736,2416x1736,1.391705069124424,PNG,RGB,1933682,1.8441028594970703,9ca92faf3965abac04dc3cbef7b239aa
0a09aa7356c0.png,2,retinopatia_diabetica_moderada,2588,1958,2588x1958,1.3217568947906027,PNG,RGB,5236251,4.993678092956543,f91fc1fb2d87f36ad7ac22efd1ece228
0a1076183736.png,2,retinopatia_diabetica_moderada,3388,2588,3388x2588,1.3091190108191655,PNG,RGB,7043123,6.716845512390137,f243511e55fc1438ac2ecee74ccb4c97
0a3202889f4d.png,1,retinopatia_diabetica_leve,2416,1736,2416x1736,1.391705069124424,PNG,RGB,2042273,1.9476633071899414,c52cc05e35deff48e65ecc301c2f9fcb
0a38b552372d.png,0,sem_retinopatia_diabetica,1050,1050,1050x1050,1.0,PNG,RGB,1032248,0.9844284057617188,0950a325e0e9e0e37d50709105679747
0a4e1a29ffff.png,0,sem_retinopatia_diabetica,1050,1050,1050x1050,1.0,PNG,RGB,1011425,0.9645700454711914,a94841e1d3f51db175a91ebef37fc05b
0a61bddab956.png,1,retinopatia_diabetica_leve,2416,1736,2416x1736,1.391705069124424,PNG,RGB,1941125,1.851201057434082,264dacf764625fe4632fb82a054b09ed
0a74c92e287c.png,0,sem_retinopatia_diabetica,2048,1536,2048x1536,1.3333333333333333,PNG,RGB,1668073,1.5907983779907227,5f8d14de4cf34238f839154a3a80a5a8
0a85a1e8f9e9.png,0,sem_retinopatia_diabetica,2588,1958,2588x1958,1.3217568947906027,PNG,RGB,5590940,5.331935882568359,3d3e9b6783ec6e9368783b8981c49729
0a902c80d5da.png,0,sem_retinopatia_diabetica,1050,1050,1050x1050,1.0,PNG,RGB,858588,0.8188133239746094,cedde74f3cba053f44b82e9cdc7a7a83
0a9ec1e99ce4.png,2,retinopatia_diabetica_moderada,2588,1958,2588x1958,1.3217568947906027,PNG,RGB,5266891,5.0228986740112305,a2dbfda6fe14cf199c553782f2863234
0abf0c485f66.png,0,sem_retinopatia_diabetica,2048,1536,2048x1536,1.3333333333333333,PNG,RGB,1848509,1.7628755569458008,4a39c36394482aba0cb5ab2d6037b838
0ac436400db4.png,2,retinopatia_diabetica_moderada,1504,1000,1504x1000,1.504,PNG,RGB,1350730,1.288156509399414,89ecd9da08e22d225b70af86960ca4f6
0ad7f631dedb.png,1,retinopatia_diabetica_leve,2416,1736,2416x1736,1.391705069124424,PNG,RGB,1984757,1.8928117752075195,4ca2b7ad12c60d3929e8b29d65f5359a
0ada12c0e78f.png,4,retinopatia_diabetica_proliferativa,2588,1958,2588x1958,1.3217568947906027,PNG,RGB,5329391,5.082503318786621,e04c7248c3a785b5612464c10b58bfa9
0ae2dd2e09ea.png,0,sem_retinopatia_diabetica,1050,1050,1050x1050,1.0,PNG,RGB,822925,0.7848024368286133,2b5a29d6e7864b495f5c002a4fc82075
0af296d2f04a.png,2,retinopatia_diabetica_moderada,3216,2136,3216x2136,1.5056179775280898,PNG,RGB,3306331,3.153162956237793,b5cc00671a6f40c8176d74635dd798bb
0afbeeef0ff7.png,0,sem_retinopatia_diabetica,1050,1050,1050x1050,1.0,PNG,RGB,908039,0.8659734725952148,8e128674955a823479bd208ea4f2b44d
0afdfe5f422c.png,2,retinopatia_diabetica_moderada,3216,2136,3216x2136,1.5056179775280898,PNG,RGB,2634891,2.5128278732299805,05860b1649a8ffd7487fe2358b8d9ae0
0b00f8a77510.png,0,sem_retinopatia_diabetica,819,614,819x614,1.3338762214983713,PNG,RGB,344629,0.32866382598876953,0f75649eb13fee09d54970e905f40991
0b2ea8f268cf.png,0,sem_retinopatia_diabetica,819,614,819x614,1.3338762214983713,PNG,RGB,356746,0.34021949768066406,0faebf3fa8baf659a0330f387928fb73
0b3efe669365.png,0,sem_retinopatia_diabetica,2048,1536,2048x1536,1.3333333333333333,PNG,RGB,1761392,1.6797943115234375,6af4c8cec1756100e23b364d80d45c47
0b64a0a06f9a.png,0,sem_retinopatia_diabetica,819,614,819x614,1.3338762214983713,PNG,RGB,355671,0.33919429779052734,482024f662b96e89e8ca2343f8fa0c6d
0b8bdec9d869.png,0,sem_retinopatia_diabetica,2048,1536,2048x1536,1.3333333333333333,PNG,RGB,1921953,1.8329172134399414,1f616831ec1ddca01f42a5635c3203f9
0babc12807b2.png,0,sem_retinopatia_diabetica,2416,1736,2416x1736,1.391705069124424,PNG,RGB,2156206,2.0563182830810547,bc1444888bf9578dae5baa25e14d2063
0bf37ca3156a.png,4,retinopatia_diabetica_proliferativa,2588,1958,2588x1958,1.3217568947906027,PNG,RGB,5208485,4.967198371887207,eec8c384a5209ded9c941ea02cae815d
0c2e2369dfff.png,2,retinopatia_diabetica_moderada,1844,1226,1844x1226,1.504078303425775,PNG,RGB,947746,0.9038410186767578,02c6e9067fb30dd7b25b67aecb05cd1c
0c38940e1f80.png,0,sem_retinopatia_diabetica,819,614,819x614,1.3338762214983713,PNG,RGB,285871,0.2726278305053711,a261cb10f723b3aff083ae3a2d4bfbbf
0c43c79e8cfb.png,0,sem_retinopatia_diabetica,2588,1958,2588x1958,1.3217568947906027,PNG,RGB,5503915,5.2489423751831055,e020d63ba7b815506398d5ab6aa8c08c
0c55d58bebaf.png,2,retinopatia_diabetica_moderada,2416,1736,2416x1736,1.391705069124424,PNG,RGB,2239946,2.136178970336914,a571b013ee23869c16e8510ac1c0948d
0c76fd494af6.png,2,retinopatia_diabetica_moderada,3216,2136,3216x2136,1.5056179775280898,PNG,RGB,2731169,2.6046457290649414,ddef30ced5d01ab272bf7faa67cad25d
0c7e82daf5a0.png,2,retinopatia_diabetica_moderada,1504,1000,1504x1000,1.504,PNG,RGB,1343114,1.280893325805664,23990e3cba419d62846f8f90f7c589a2
0c917c372572.png,3,retinopatia_diabetica_grave,2416,1736,2416x1736,1.391705069124424,PNG,RGB,2220460,2.117595672607422,5405fed12e757f45c01cd49122510df1
0ca0aee4d57e.png,2,retinopatia_diabetica_moderada,4288,2848,4288x2848,1.5056179775280898,PNG,RGB,4465188,4.258335113525391,d655a56f43eb26a8f475c83bde256f81
0cae727cf119.png,0,sem_retinopatia_diabetica,2048,1536,2048x1536,1.3333333333333333,PNG,RGB,1926724,1.8374671936035156,0a551b74ee1f01073a9d25c742a86d9b
0cb14014117d.png,3,retinopatia_diabetica_grave,3216,2136,3216x2136,1.5056179775280898,PNG,RGB,5522063,5.266249656677246,91b2c675f15f09bcddc0613929de649b
0cb6b898389f.png,0,sem_retinopatia_diabetica,819,614,819x614,1.3338762214983713,PNG,RGB,275312,0.2625579833984375,ddb68b9c28e4bd917ed91946d7c57f69
0cbcc7b23613.png,0,sem_retinopatia_diabetica,2588,1958,2588x1958,1.3217568947906027,PNG,RGB,5091045,4.855198860168457,8d2333fe6bb6995c3dfb812d5d19e105
0cd31078cd08.png,0,sem_retinopatia_diabetica,2048,1536,2048x1536,1.3333333333333333,PNG,RGB,1870520,1.7838668823242188,9629551a4426e175067c631ef558bfb5
0ce062f26edc.png,0,sem_retinopatia_diabetica,819,614,819x614,1.3338762214983713,PNG,RGB,437727,0.4174489974975586,b5e2802e4e5daa8b850073f22d0ddd93
0ceb222f6629.png,4,retinopatia_diabetica_proliferativa,2416,1736,2416x1736,1.391705069124424,PNG,RGB,2391315,2.2805356979370117,eefdc3c74210cfa5fdc722399f3eff67
0cecc2864b7f.png,0,sem_retinopatia_diabetica,819,614,819x614,1.3338762214983713,PNG,RGB,346347,0.33030223846435547,573bf7bca8295949299c208ccef30140
0d0a21fd354f.png,2,retinopatia_diabetica_moderada,2588,1958,2588x1958,1.3217568947906027,PNG,RGB,5127203,4.889681816101074,02695075c816cb3c796bfbb9e9b85cce
0d0b8fc9ab5c.png,0,sem_retinopatia_diabetica,2048,1536,2048x1536,1.3333333333333333,PNG,RGB,1891993,1.8043451309204102,5daed9d052d8286dcc132054369bd4f2
0d310aba6373.png,1,retinopatia_diabetica_leve,2588,1958,2588x1958,1.3217568947906027,PNG,RGB,4131623,3.94022274017334,426095d67d4c084552df0605e5b35e5c
0d744aed4d64.png,0,sem_retinopatia_diabetica,1050,1050,1050x1050,1.0,PNG,RGB,948011,0.9040937423706055,94cade59ceee42a38756da0b7d6ad44a
0d8f60ed9280.png,0,sem_retinopatia_diabetica,2048,1536,2048x1536,1.3333333333333333,PNG,RGB,1724840,1.6449356079101562,eff6245d397efbc44b49adeb14d7043e
0d9a9896f801.png,0,sem_retinopatia_diabetica,1050,1050,1050x1050,1.0,PNG,RGB,974562,0.9294147491455078,14a8522fa789842d2efe6cc6aabb809e
0da09e3ce8f1.png,2,retinopatia_diabetica_moderada,3216,2136,3216x2136,1.5056179775280898,PNG,RGB,3038702,2.8979320526123047,301945862f7f6a2a956a99beaee7c75f
0da321efbce6.png,0,sem_retinopatia_diabetica,819,614,819x614,1.3338762214983713,PNG,RGB,347066,0.33098793029785156,186f87e75b6cd5a36047e7f6f450a358
0da632ca45e0.png,0,sem_retinopatia_diabetica,2048,1536,2048x1536,1.3333333333333333,PNG,RGB,1754152,1.6728897094726562,cb1fafd074984cddfcb0795f54df9c31
0daddc45d832.png,0,sem_retinopatia_diabetica,1050,1050,1050x1050,1.0,PNG,RGB,997201,0.9510049819946289,f2a131541bf180660dd78e4af2bcd20c
0db1d8dcf219.png,0,sem_retinopatia_diabetica,2048,1536,2048x1536,1.3333333333333333,PNG,RGB,1912764,1.8241539001464844,00fb474c89b64622448b94b2ba109ae0
0dbaa09a458c.png,2,retinopatia_diabetica_moderada,2416,1736,2416x1736,1.391705069124424,PNG,RGB,2440114,2.3270740509033203,e7fee662e9777802faabc06936f3ffda
0dbe6c26cedc.png,0,sem_retinopatia_diabetica,819,614,819x614,1.3338762214983713,PNG,RGB,307522,0.2932758331298828,76e5605538fd081d5cbcf61956ddebc0
0dc031c94225.png,1,retinopatia_diabetica_leve,2416,1736,2416x1736,1.391705069124424,PNG,RGB,2395344,2.2843780517578125,56f1a32c1b11aa130e71aa644de0c941
0dc8d25b3f69.png,3,retinopatia_diabetica_grave,2416,1736,2416x1736,1.391705069124424,PNG,RGB,2336977,2.228714942932129,4f18e8b81dccd14869088a8ba0750eea
0dce95217626.png,1,retinopatia_diabetica_leve,2416,1736,2416x1736,1.391705069124424,PNG,RGB,2309771,2.2027692794799805,1a78b60bc76f0b2ddf72f50a62086ac8
0e0003ddd8df.png,0,sem_retinopatia_diabetica,1050,1050,1050x1050,1.0,PNG,RGB,1013817,0.9668512344360352,c7bc68d29601fa799d11dfffef02f3e9
0e0fc1d9810c.png,4,retinopatia_diabetica_proliferativa,4288,2848,4288x2848,1.5056179775280898,PNG,RGB,5156093,4.917233467102051,a646309d04cd11b65944537c92047070
0e3572b5884a.png,0,sem_retinopatia_diabetica,1050,1050,1050x1050,1.0,PNG,RGB,1060362,1.011240005493164,4fcd76322e57222a5ef600517c8cb547
0e43c8298fc0.png,0,sem_retinopatia_diabetica,2048,1536,2048x1536,1.3333333333333333,PNG,RGB,1911983,1.823409080505371,8d370157dee1d3ab416b657cea4047d6
0e75d51152fc.png,2,retinopatia_diabetica_moderada,3216,2136,3216x2136,1.5056179775280898,PNG,RGB,3845080,3.6669540405273438,4ee9fc3ce10fe28bec65c9044d972a85
0e82bcacc475.png,4,retinopatia_diabetica_proliferativa,2588,1958,2588x1958,1.3217568947906027,PNG,RGB,5220917,4.9790544509887695,b4fc9de74e3bef666465b40792c2c1ed
0e94cd271c00.png,0,sem_retinopatia_diabetica,1050,1050,1050x1050,1.0,PNG,RGB,984763,0.939143180847168,0b6ec053e593fe74198cef8a79ec5af1
0eb52045349f.png,1,retinopatia_diabetica_leve,4288,2848,4288x2848,1.5056179775280898,PNG,RGB,5299579,5.054072380065918,199c066c8edc5254c37e410597d2a027
0eced86c9db8.png,0,sem_retinopatia_diabetica,2048,1536,2048x1536,1.3333333333333333,PNG,RGB,1928084,1.8387641906738281,5a5c72e18e96564a588b85bcad7e2464
0edadb2aa127.png,3,retinopatia_diabetica_grave,4288,2848,4288x2848,1.5056179775280898,PNG,RGB,4954942,4.725400924682617,d69fc7600014a5c9de0c34a9bc1eeb79
0ef4c61dc056.png,0,sem_retinopatia_diabetica,1050,1050,1050x1050,1.0,PNG,RGB,944609,0.9008493423461914,7b1d5395ebf3177f2625f845b7f6e698
0efc93ec838b.png,2,retinopatia_diabetica_moderada,3388,2588,3388x2588,1.3091190108191655,PNG,RGB,7240563,6.905138969421387,e2d0965163d9986f03a6229ab2cca237
0eff8eacb2f7.png,2,retinopatia_diabetica_moderada,2416,1736,2416x1736,1.391705069124424,PNG,RGB,2324076,2.216411590576172,a560f27bcd37d1b991b263ec45d4c23e
0f364b7d4384.png,0,sem_retinopatia_diabetica,2588,1958,2588x1958,1.3217568947906027,PNG,RGB,2887307,2.7535505294799805,1288897f38bda8254b76a0594ffac6d1
0f495d87656a.png,1,retinopatia_diabetica_leve,2416,1736,2416x1736,1.391705069124424,PNG,RGB,2185627,2.084376335144043,ae865cca789c91f3adec094be1cae029
0f6e645466a2.png,0,sem_retinopatia_diabetica,819,614,819x614,1.3338762214983713,PNG,RGB,292827,0.27926158905029297,9009fb201c06435dae9d06df7d9b95d2
0f882877bf13.png,3,retinopatia_diabetica_grave,2588,1958,2588x1958,1.3217568947906027,PNG,RGB,3624906,3.456979751586914,b2b9196b5ea8d8cb255f0cc142d9ecc1
0f96c358a250.png,3,retinopatia_diabetica_grave,2416,1736,2416x1736,1.391705069124424,PNG,RGB,2222084,2.1191444396972656,568e5624a4a1ba1b45a2e82c8555ed8b
0fb1053285cf.png,1,retinopatia_diabetica_leve,2416,1736,2416x1736,1.391705069124424,PNG,RGB,2140785,2.041611671447754,8c8a988a8f8ed77cdf026f29bf4879f5
0fb560f9adb2.png,2,retinopatia_diabetica_moderada,2588,1958,2588x1958,1.3217568947906027,PNG,RGB,5028034,4.795106887817383,4f3bc6545040cfaafed65009e63e072f
0fbbd665431f.png,0,sem_retinopatia_diabetica,819,614,819x614,1.3338762214983713,PNG,RGB,337997,0.3223390579223633,25f766f58f7477cf456d3728bef06320
0fc6829da85b.png,0,sem_retinopatia_diabetica,2588,1958,2588x1958,1.3217568947906027,PNG,RGB,4941516,4.712596893310547,31d1da22cf59662fb3fe9524d2e239a2
0fcfc6301f3d.png,2,retinopatia_diabetica_moderada,3216,2136,3216x2136,1.5056179775280898,PNG,RGB,3395471,3.238173484802246,fc1b5074d65660c967164d9f30a41574
0fd16b64697e.png,2,retinopatia_diabetica_moderada,1844,1226,1844x1226,1.504078303425775,PNG,RGB,1081354,1.031259536743164,fdb8d8ccaf741a88366e47e59a5ed395
0fe31196e0e8.png,0,sem_retinopatia_diabetica,1050,1050,1050x1050,1.0,PNG,RGB,1044183,0.9958105087280273,3fae73d95a90e469a6d3e0693d85735f
0fffa73e2402.png,2,retinopatia_diabetica_moderada,2416,1736,2416x1736,1.391705069124424,PNG,RGB,2210480,2.1080780029296875,4a7968c9102dd36fa5f72ea2d391c861
1002b5151b8e.png,0,sem_retinopatia_diabetica,819,614,819x614,1.3338762214983713,PNG,RGB,292369,0.2788248062133789,bafae8666cb2725e1e412cedd45c56e5
1002f3fe38f0.png,0,sem_retinopatia_diabetica,1050,1050,1050x1050,1.0,PNG,RGB,973782,0.9286708831787109,fffa860ce9319f2b0f51e2096aab504a
1006345f70b7.png,2,retinopatia_diabetica_moderada,2416,1736,2416x1736,1.391705069124424,PNG,RGB,2847183,2.715285301208496,a6e3a43a938c5632d1d6d000c8d62777
101b9ebfc720.png,1,retinopatia_diabetica_leve,2416,1736,2416x1736,1.391705069124424,PNG,RGB,2018139,1.924647331237793,36ae0ba37d6771e294e23f48deefa237
103abbd8b63e.png,0,sem_retinopatia_diabetica,2048,1536,2048x1536,1.3333333333333333,PNG,RGB,1927049,1.8377771377563477,8d9315442b4a9ce923b617795e987eb4
103f97a2ab15.png,0,sem_retinopatia_diabetica,2588,1958,2588x1958,1.3217568947906027,PNG,RGB,5064117,4.8295183181762695,af32401583d8557ac25054bc4558b145
107aea0d9289.png,1,retinopatia_diabetica_leve,2416,1736,2416x1736,1.391705069124424,PNG,RGB,2367908,2.2582130432128906,4b27704361cd04b9b813ea07066029d2
10a5026eb8e6.png,0,sem_retinopatia_diabetica,2588,1958,2588x1958,1.3217568947906027,PNG,RGB,5175120,4.9353790283203125,84ae434b1051a1466ffd93bc9cfbb099
10bf25731c08.png,0,sem_retinopatia_diabetica,1050,1050,1050x1050,1.0,PNG,RGB,1004621,0.9580812454223633,b43eaecb27c339d6936108d819e84bc7
10de500cf0c5.png,0,sem_retinopatia_diabetica,2048,1536,2048x1536,1.3333333333333333,PNG,RGB,1876638,1.7897014617919922,42e30e62a0dbfa5cabe1273024c0284a
10ecc5292ab1.png,2,retinopatia_diabetica_moderada,3388,2588,3388x2588,1.3091190108191655,PNG,RGB,3293254,3.1406917572021484,8791369bc0a87c6f986841ac6e9adbb1
10eefba568dd.png,2,retinopatia_diabetica_moderada,3216,2136,3216x2136,1.5056179775280898,PNG,RGB,3146912,3.001129150390625,96486ff81a7be1cb0a15a78804a79779
10f10fd30718.png,0,sem_retinopatia_diabetica,1050,1050,1050x1050,1.0,PNG,RGB,955307,0.9110517501831055,17bf3eebc5e10a2ba13fc0de962f31af
10f36b0239fb.png,1,retinopatia_diabetica_leve,4288,2848,4288x2848,1.5056179775280898,PNG,RGB,5227862,4.985677719116211,dcfa2aab8b63845cac9184ce62b8a1c0
10f6ef37fe43.png,0,sem_retinopatia_diabetica,1050,1050,1050x1050,1.0,PNG,RGB,1008961,0.9622201919555664,4335af72bcd249c2058bb2908a044565
10fca1abf338.png,4,retinopatia_diabetica_proliferativa,1844,1226,1844x1226,1.504078303425775,PNG,RGB,793936,0.7571563720703125,bbca9c396c94a9b7459e1c9eaf158a9f
1116271db4ea.png,1,retinopatia_diabetica_leve,2416,1736,2416x1736,1.391705069124424,PNG,RGB,2200270,2.0983409881591797,da6b948cc56f0f9982b26c03d2fabc0f
111898ab463d.png,1,retinopatia_diabetica_leve,2416,1736,2416x1736,1.391705069124424,PNG,RGB,2134363,2.035487174987793,5b3181be8aeefac80b1a03526a2c914a
1120f6d08d95.png,2,retinopatia_diabetica_moderada,2588,1958,2588x1958,1.3217568947906027,PNG,RGB,5548609,5.291565895080566,08a1df617d852e4013aae5f3a3cc8d0f
11242a67122d.png,4,retinopatia_diabetica_proliferativa,2144,1424,2144x1424,1.5056179775280898,PNG,RGB,2808247,2.6781530380249023,f5a81fd1e5907e2a9f66595e63e845cd
1124ffcd76c2.png,2,retinopatia_diabetica_moderada,3388,2588,3388x2588,1.3091190108191655,PNG,RGB,7039820,6.713695526123047,3ce63ba5c28d585b350ba993dfec173d
115e42dd6a81.png,2,retinopatia_diabetica_moderada,2416,1736,2416x1736,1.391705069124424,PNG,RGB,2284847,2.178999900817871,50bc9158760e39c2ecdb3760a208f151
1177d583c807.png,2,retinopatia_diabetica_moderada,2416,1736,2416x1736,1.391705069124424,PNG,RGB,2247360,2.14324951171875,d211e5fcf812d4689f9f9f92049e0fc7
11b220a397b8.png,0,sem_retinopatia_diabetica,2048,1536,2048x1536,1.3333333333333333,PNG,RGB,1850376,1.7646560668945312,205a350ac4e6d286ca6512bda5200a91
11b5c77fbf79.png,2,retinopatia_diabetica_moderada,2588,1958,2588x1958,1.3217568947906027,PNG,RGB,5740087,5.474173545837402,651d0fb5cffe60d9dbb8ac72f1192215
11d8e5eaee5b.png,0,sem_retinopatia_diabetica,1050,1050,1050x1050,1.0,PNG,RGB,996553,0.9503870010375977,5f4295af58f11dc79bdd943b9a77b657
12025b34deb8.png,2,retinopatia_diabetica_moderada,2588,1958,2588x1958,1.3217568947906027,PNG,RGB,5228406,4.986196517944336,7724d061ff801692d287ea692a1d6b8a
12058bbb8299.png,0,sem_retinopatia_diabetica,1050,1050,1050x1050,1.0,PNG,RGB,999333,0.953038215637207,5793efc9fa86107655946858fc58e893
1269ab57c2e6.png,2,retinopatia_diabetica_moderada,2416,1736,2416x1736,1.391705069124424,PNG,RGB,1987961,1.8958673477172852,1c59ab8b3cc999dcc86604133105b3ee
12a82fc7d73e.png,2,retinopatia_diabetica_moderada,3388,2588,3388x2588,1.3091190108191655,PNG,RGB,3590964,3.424610137939453,f972d8b1dd6a6d1649d5f5422c89a4cc
12ab2f6397f0.png,0,sem_retinopatia_diabetica,1050,1050,1050x1050,1.0,PNG,RGB,974254,0.9291210174560547,d0ee18e219079d1c51c98184ccefb40c
12ae44be0d38.png,0,sem_retinopatia_diabetica,1050,1050,1050x1050,1.0,PNG,RGB,920509,0.8778657913208008,d66f459cce5e4c28f2e6ed378f8e6e18
12b57dac703e.png,0,sem_retinopatia_diabetica,2588,1958,2588x1958,1.3217568947906027,PNG,RGB,5652447,5.390593528747559,b4ca12d53427cb3449baf2fca3991ab5
12bc439d373a.png,0,sem_retinopatia_diabetica,1050,1050,1050x1050,1.0,PNG,RGB,1017663,0.9705190658569336,2b749563f363bca0f9a6d933c97d80fb
12ce6a1a1f31.png,1,retinopatia_diabetica_leve,2416,1736,2416x1736,1.391705069124424,PNG,RGB,2179434,2.078470230102539,bafbcd824c71ba7428dc5f91670073bb
12e3f5f2cb17.png,1,retinopatia_diabetica_leve,2416,1736,2416x1736,1.391705069124424,PNG,RGB,1866320,1.7798614501953125,46f3762267786dd7c5758db84cef2b09
12e6e66c80a7.png,2,retinopatia_diabetica_moderada,640,480,640x480,1.3333333333333333,PNG,RGB,383273,0.36551761627197266,2eeb0af4ea73a240eb54651f0475a5c3
12ef75375322.png,0,sem_retinopatia_diabetica,1050,1050,1050x1050,1.0,PNG,RGB,932041,0.8888635635375977,f4f050c8e5d1031fe67c1c1c2faa4913
13063d1bc4ea.png,2,retinopatia_diabetica_moderada,2588,1958,2588x1958,1.3217568947906027,PNG,RGB,5054636,4.820476531982422,ab52ffcdacf0821009a5775a672c724b
13073f075a56.png,0,sem_retinopatia_diabetica,1050,1050,1050x1050,1.0,PNG,RGB,915072,0.8726806640625,82f03a30ae6580ddc8d8ba88b8df61ac
135575dc57c9.png,2,retinopatia_diabetica_moderada,1504,1000,1504x1000,1.504,PNG,RGB,1315099,1.254176139831543,7c503683d5df9841616568d658e8036c
13ab8db8c700.png,1,retinopatia_diabetica_leve,2416,1736,2416x1736,1.391705069124424,PNG,RGB,2217648,2.1149139404296875,273d6037c5a46fe5ddcd13149c6bf7fc
13c191b59ed0.png,0,sem_retinopatia_diabetica,2048,1536,2048x1536,1.3333333333333333,PNG,RGB,1649344,1.57293701171875,669f22aeefb33c303e67a58a94008a30
13d014ccd136.png,0,sem_retinopatia_diabetica,1050,1050,1050x1050,1.0,PNG,RGB,1046381,0.9979066848754883,a1c9aa27e9c956c921182d5bfdec4cb5
13d411c85ffd.png,0,sem_retinopatia_diabetica,1050,1050,1050x1050,1.0,PNG,RGB,1021844,0.9745063781738281,fbe23d7089f0f6580da7cc4a07e52dc6
13d71389563f.png,2,retinopatia_diabetica_moderada,2416,1736,2416x1736,1.391705069124424,PNG,RGB,2210492,2.1080894470214844,1fc0a307b4fad47c34293aa9307cbc8a
1409ab48175a.png,0,sem_retinopatia_diabetica,1050,1050,1050x1050,1.0,PNG,RGB,1015419,0.968379020690918,d89efcd4796eb5cebe5ae8f57fc1a363
1411c8ab7161.png,2,retinopatia_diabetica_moderada,1504,1000,1504x1000,1.504,PNG,RGB,1463845,1.396031379699707,70137cf193f130d2cae49768c75fc565
1414128bead0.png,2,retinopatia_diabetica_moderada,2588,1958,2588x1958,1.3217568947906027,PNG,RGB,5262304,5.018524169921875,5ddd33bfe295042ea03a0c5d0b41a2a0
141735b57ec0.png,2,retinopatia_diabetica_moderada,2416,1736,2416x1736,1.391705069124424,PNG,RGB,2384287,2.2738332748413086,4472aab64c10167bdf3c1407171bf907
1438288bb2e1.png,2,retinopatia_diabetica_moderada,2588,1958,2588x1958,1.3217568947906027,PNG,RGB,5065456,4.8307952880859375,75d1a1adf1c4142577ff8a5846fcfa75
143db89c11c8.png,0,sem_retinopatia_diabetica,1050,1050,1050x1050,1.0,PNG,RGB,872766,0.8323345184326172,fbf0288e70f10c383464f73d2139ead0
144a1a426137.png,2,retinopatia_diabetica_moderada,1050,1050,1050x1050,1.0,PNG,RGB,934529,0.8912363052368164,1ec95630669b1c4e8411603154db931b
144b01e7b993.png,2,retinopatia_diabetica_moderada,1504,1000,1504x1000,1.504,PNG,RGB,1326860,1.2653923034667969,c76f749a820f01b47be98198f039ae19
14515b8f19b6.png,2,retinopatia_diabetica_moderada,3216,2136,3216x2136,1.5056179775280898,PNG,RGB,5647715,5.386080741882324,972c611311946673ad19ba48c4d8bb9b
14c3b41d289c.png,0,sem_retinopatia_diabetica,2588,1958,2588x1958,1.3217568947906027,PNG,RGB,5560891,5.303278923034668,5f1ed4ec89b0115b81ff22d527a65467
14e3f84445f7.png,3,retinopatia_diabetica_grave,1504,1000,1504x1000,1.504,PNG,RGB,1314977,1.2540597915649414,197303f49434137ed6ab3c9906d76a13
14ee87d6cc42.png,2,retinopatia_diabetica_moderada,640,480,640x480,1.3333333333333333,PNG,RGB,278989,0.2660646438598633,1fbde77d143bd569f1d8bceaa080f226
1509d097b69a.png,0,sem_retinopatia_diabetica,1050,1050,1050x1050,1.0,PNG,RGB,986604,0.9408988952636719,1976bf6564ad23d6467b23bb0d05c418
150f92b45349.png,0,sem_retinopatia_diabetica,1050,1050,1050x1050,1.0,PNG,RGB,920545,0.8779001235961914,9b7304fd14ec18bd1f25319d9f45d82d
150fc7127582.png,0,sem_retinopatia_diabetica,1050,1050,1050x1050,1.0,PNG,RGB,1065406,1.0160503387451172,08f09586a52775fa48a1ebdfdcd00b51
152db3de8120.png,0,sem_retinopatia_diabetica,2048,1536,2048x1536,1.3333333333333333,PNG,RGB,1916700,1.8279075622558594,b38a924aa5cbd52c0c896b318799b778
1541226c5d72.png,2,retinopatia_diabetica_moderada,3216,2136,3216x2136,1.5056179775280898,PNG,RGB,2856810,2.724466323852539,f77a25db863eab8a4720889cf046a687
15528e740543.png,2,retinopatia_diabetica_moderada,2588,1958,2588x1958,1.3217568947906027,PNG,RGB,5668611,5.406008720397949,dae0ec8bcba8f81dd0e9111f3945f313
155e2df6bfcf.png,0,sem_retinopatia_diabetica,1050,1050,1050x1050,1.0,PNG,RGB,1048082,0.9995288848876953,4c26914a78cba23a52c853cc0e85a258
157d17349cc6.png,2,retinopatia_diabetica_moderada,3388,2588,3388x2588,1.3091190108191655,PNG,RGB,7355357,7.014615058898926,819f3b4839e7ced88e1f9e50103e86bb
1594ca6c30d3.png,2,retinopatia_diabetica_moderada,1844,1226,1844x1226,1.504078303425775,PNG,RGB,945819,0.902003288269043,7dd15dbc036528d70735cfeefcc802ec
15b21c80cc31.png,0,sem_retinopatia_diabetica,1050,1050,1050x1050,1.0,PNG,RGB,964058,0.9193973541259766,b3f72210944e0b8decfb3efad67d195d
15bed5adde74.png,3,retinopatia_diabetica_grave,2896,1944,2896x1944,1.4897119341563787,PNG,RGB,2208244,2.105945587158203,81e457ce4d237879cdf709c3a0d40e01
15c24478ac72.png,0,sem_retinopatia_diabetica,1050,1050,1050x1050,1.0,PNG,RGB,982089,0.9365930557250977,7eb3fb331c90a9cef3d04bfb5ba7feb7
15cc2aef772a.png,1,retinopatia_diabetica_leve,2416,1736,2416x1736,1.391705069124424,PNG,RGB,2047228,1.9523887634277344,9fdcd871e4455496f7ae6dfbf510af2c
15cd5f52d300.png,2,retinopatia_diabetica_moderada,3216,2136,3216x2136,1.5056179775280898,PNG,RGB,3131258,2.9862003326416016,91877693c6efcbb13b71e3d738329ec0
15e24b73d4a7.png,0,sem_retinopatia_diabetica,1050,1050,1050x1050,1.0,PNG,RGB,921863,0.8791570663452148,141c930a9837782440e139bd731db271
15e96e848b46.png,4,retinopatia_diabetica_proliferativa,2588,1958,2588x1958,1.3217568947906027,PNG,RGB,3616435,3.4489011764526367,09bed16822ca87bb6ab5269bb2053c1f
15f440753916.png,3,retinopatia_diabetica_grave,2416,1736,2416x1736,1.391705069124424,PNG,RGB,1946801,1.856614112854004,043a4cb303f6c313a126ba524d242b05
15f8d769935c.png,0,sem_retinopatia_diabetica,1050,1050,1050x1050,1.0,PNG,RGB,1035298,0.9873371124267578,289d08de81cef7b4bffb9f0d826d7fc6
1601c939412f.png,0,sem_retinopatia_diabetica,1050,1050,1050x1050,1.0,PNG,RGB,1099200,1.04827880859375,442585436b55f2943c0c7c5963a4cde4
16060f05d047.png,0,sem_retinopatia_diabetica,1050,1050,1050x1050,1.0,PNG,RGB,998466,0.9522113800048828,1b83d2d05cb8319badc43d9fbcdcd031
1608c82a263f.png,0,sem_retinopatia_diabetica,2588,1958,2588x1958,1.3217568947906027,PNG,RGB,5382868,5.133502960205078,13f4cbe641e47b70eef39b9ce043ab87
1623e8e3adc4.png,3,retinopatia_diabetica_grave,3216,2136,3216x2136,1.5056179775280898,PNG,RGB,2407777,2.2962350845336914,a8455d9125842152aa9474238f7e9781
1632c4311fc9.png,2,retinopatia_diabetica_moderada,2416,1736,2416x1736,1.391705069124424,PNG,RGB,2343764,2.235187530517578,6b82af09990c57a676fc03856e4b3400
1633f8291a80.png,0,sem_retinopatia_diabetica,819,614,819x614,1.3338762214983713,PNG,RGB,286240,0.272979736328125,21e6d53e893e9585c27e6230a23b9e94
1638404f385c.png,4,retinopatia_diabetica_proliferativa,1504,1000,1504x1000,1.504,PNG,RGB,1373194,1.309579849243164,43dfa00fbc2751c3dfa76bb11efd9014
164cd5a3a6cd.png,0,sem_retinopatia_diabetica,2588,1958,2588x1958,1.3217568947906027,PNG,RGB,1986967,1.8949193954467773,aa76fb7ff7c3a33b6ca5f9c4378c6f6e
165634a6167e.png,0,sem_retinopatia_diabetica,2588,1958,2588x1958,1.3217568947906027,PNG,RGB,5582790,5.324163436889648,b46f37c18189b07d04e9779780da9e6e
165c548185f8.png,0,sem_retinopatia_diabetica,1050,1050,1050x1050,1.0,PNG,RGB,1032299,0.9844770431518555,06fccfa1d7c4030e4d624a0c2b732bce
165cd2070ebd.png,4,retinopatia_diabetica_proliferativa,3216,2136,3216x2136,1.5056179775280898,PNG,RGB,2348077,2.2393007278442383,f3fa9664e627b8072e645f4537aa6263
166068a24416.png,3,retinopatia_diabetica_grave,2416,1736,2416x1736,1.391705069124424,PNG,RGB,2074057,1.9779748916625977,c37b4392963e811170e64e24dfcbf847
16ce555748d8.png,4,retinopatia_diabetica_proliferativa,2416,1736,2416x1736,1.391705069124424,PNG,RGB,2064773,1.969120979309082,4254019f50b65ac750fc638776488901
17188c13e635.png,2,retinopatia_diabetica_moderada,2588,1958,2588x1958,1.3217568947906027,PNG,RGB,5221225,4.979348182678223,b3d134cfc01c50f05842fb8eea68737b
172df1330a60.png,1,retinopatia_diabetica_leve,2416,1736,2416x1736,1.391705069124424,PNG,RGB,1856335,1.770339012145996,60a48eab76263ee76a1c346923ffc15e
174db0854291.png,0,sem_retinopatia_diabetica,1050,1050,1050x1050,1.0,PNG,RGB,961029,0.916508674621582,27e527d19c365c532549ad46575843b3
175dd560810a.png,2,retinopatia_diabetica_moderada,2416,1736,2416x1736,1.391705069124424,PNG,RGB,2130042,2.0313663482666016,b3f2a6977d50b3eb9eba3be119311857
1782142e17d9.png,0,sem_retinopatia_diabetica,1050,1050,1050x1050,1.0,PNG,RGB,975198,0.9300212860107422,442dea2cc8f6329f76f8810a418e7f41
178412895d5e.png,0,sem_retinopatia_diabetica,2048,1536,2048x1536,1.3333333333333333,PNG,RGB,1940051,1.8501768112182617,d71b23064c7bc4667892f78cc26dad6d
17d7d6b092f4.png,0,sem_retinopatia_diabetica,2048,1536,2048x1536,1.3333333333333333,PNG,RGB,1804325,1.720738410949707,ee9854b109c1b9bbd635387caf191086
17d997fe1090.png,0,sem_retinopatia_diabetica,2588,1958,2588x1958,1.3217568947906027,PNG,RGB,5123137,4.885804176330566,24313037636426586483749c1a12c235
17e6116b89b3.png,0,sem_retinopatia_diabetica,1050,1050,1050x1050,1.0,PNG,RGB,965044,0.9203376770019531,545c3e478318340b924275df4dd94e6b
17eb5d4ad740.png,2,retinopatia_diabetica_moderada,3216,2136,3216x2136,1.5056179775280898,PNG,RGB,2835799,2.7044286727905273,3e1b3092eaf8121de487f79446b8ef26
17eff993386f.png,1,retinopatia_diabetica_leve,2416,1736,2416x1736,1.391705069124424,PNG,RGB,2353700,2.2446632385253906,f25e3d79f0fba71c1544588f7e4c9d99
17f6c7072f61.png,0,sem_retinopatia_diabetica,1050,1050,1050x1050,1.0,PNG,RGB,934006,0.8907375335693359,d3b12bc438eaedc763dfb60c85f1bbf9
180afe1d5ef7.png,2,retinopatia_diabetica_moderada,2416,1736,2416x1736,1.391705069124424,PNG,RGB,1737350,1.6568660736083984,663e3a63d49ba48bf5de032acf519a9e
18323d8f2470.png,2,retinopatia_diabetica_moderada,1844,1226,1844x1226,1.504078303425775,PNG,RGB,1060800,1.01165771484375,4e14422bd8d91841214b068ade4a956b
1844a039b4ea.png,2,retinopatia_diabetica_moderada,3388,2588,3388x2588,1.3091190108191655,PNG,RGB,3373548,3.217266082763672,e7c839ebe4ce912164b81801b63e675d
184a185e7447.png,0,sem_retinopatia_diabetica,819,614,819x614,1.3338762214983713,PNG,RGB,337504,0.321868896484375,e6320418dff8b8e83e1d0384c62476e9
18621b9ca978.png,0,sem_retinopatia_diabetica,819,614,819x614,1.3338762214983713,PNG,RGB,333743,0.3182821273803711,df3e282548b510892e5e9b9ccd2d7582
1864d3411143.png,0,sem_retinopatia_diabetica,2048,1536,2048x1536,1.3333333333333333,PNG,RGB,1941341,1.8514070510864258,3c145c86162e876ebb9768b7e494bb80
186c1835eec5.png,0,sem_retinopatia_diabetica,1050,1050,1050x1050,1.0,PNG,RGB,862238,0.8222942352294922,884c41428c3dc3978cef6bed13c04495
187f6ccda87a.png,4,retinopatia_diabetica_proliferativa,4288,2848,4288x2848,1.5056179775280898,PNG,RGB,5805468,5.536525726318359,118c213082fb21d214e842de822b94dd
188219f2d9c6.png,0,sem_retinopatia_diabetica,2048,1536,2048x1536,1.3333333333333333,PNG,RGB,1942092,1.8521232604980469,74dcac72a0e4f0b3b8c7e4a9163a7b98
188a9323be03.png,2,retinopatia_diabetica_moderada,640,480,640x480,1.3333333333333333,PNG,RGB,391982,0.3738231658935547,d39190a00b822a38218306721b1fa383
1891698febce.png,0,sem_retinopatia_diabetica,2588,1958,2588x1958,1.3217568947906027,PNG,RGB,5139136,4.90106201171875,58245fbce8b3558740ee677cb177b70d
189cbbc9e5e3.png,0,sem_retinopatia_diabetica,2048,1536,2048x1536,1.3333333333333333,PNG,RGB,1934385,1.844773292541504,e4f2552c231b76918b82c73cc08da9fb
18af532e7e1e.png,2,retinopatia_diabetica_moderada,2588,1958,2588x1958,1.3217568947906027,PNG,RGB,5332789,5.0857439041137695,64046bea067a6aa7e2f7e80bdb873a87
18b06f56ab27.png,1,retinopatia_diabetica_leve,3388,2588,3388x2588,1.3091190108191655,PNG,RGB,7189702,6.856634140014648,4c30a212ad0b9c16ae9993c0176c0fcb
18b7e34eab8f.png,0,sem_retinopatia_diabetica,1050,1050,1050x1050,1.0,PNG,RGB,947777,0.9038705825805664,27c7bec5165c5d241e2e70d04d43d3eb
18b99159a14f.png,0,sem_retinopatia_diabetica,1050,1050,1050x1050,1.0,PNG,RGB,963602,0.9189624786376953,834f80afa1f732cc721f894387483482
18cde9649e90.png,0,sem_retinopatia_diabetica,2048,1536,2048x1536,1.3333333333333333,PNG,RGB,1892523,1.8048505783081055,0f66c17c1da1dced6ffbe14eb3810222
18ce0cdc473d.png,0,sem_retinopatia_diabetica,2588,1958,2588x1958,1.3217568947906027,PNG,RGB,5535242,5.278818130493164,fe6d5dbcfa0569dce525f77e23a388a6
18d8fdb140b7.png,2,retinopatia_diabetica_moderada,3216,2136,3216x2136,1.5056179775280898,PNG,RGB,2246243,2.142184257507324,8828a001cacf5f13da1b7bfa85dfad5f
18f1f979d30d.png,2,retinopatia_diabetica_moderada,2588,1958,2588x1958,1.3217568947906027,PNG,RGB,5218743,4.976981163024902,b0143c545a16086512e01cc2210c5378
190a309f2cc5.png,0,sem_retinopatia_diabetica,819,614,819x614,1.3338762214983713,PNG,RGB,277924,0.2650489807128906,255d10e435c3023ba54be23e5bd106fc
19113e5f45ec.png,2,retinopatia_diabetica_moderada,3216,2136,3216x2136,1.5056179775280898,PNG,RGB,2708637,2.583157539367676,f26df58193302a39d99aa198f28eb290
191348830ddf.png,2,retinopatia_diabetica_moderada,2588,1958,2588x1958,1.3217568947906027,PNG,RGB,5313053,5.066922187805176,2057b9c795a63baa072f321fac2df055
191a711852bd.png,3,retinopatia_diabetica_grave,2416,1736,2416x1736,1.391705069124424,PNG,RGB,2116314,2.0182743072509766,8354e8ba7441469128d94ecd82fc2b1c
191cf5668f33.png,0,sem_retinopatia_diabetica,1050,1050,1050x1050,1.0,PNG,RGB,1000994,0.9546222686767578,e0a01942fba4c3d77c22cf6ed9aa92ee
19244004583f.png,3,retinopatia_diabetica_grave,2416,1736,2416x1736,1.391705069124424,PNG,RGB,2156859,2.056941032409668,8286aa6896e73266b86a73a8e155bc31
1943983492e5.png,2,retinopatia_diabetica_moderada,3216,2136,3216x2136,1.5056179775280898,PNG,RGB,2456533,2.3427324295043945,3eaa5dd31cd7c7247285bbd49d6f70d6
194814669fee.png,1,retinopatia_diabetica_leve,2416,1736,2416x1736,1.391705069124424,PNG,RGB,2146265,2.04683780670166,23f171494d1cd973b4468184f32e0abc
19545647508e.png,0,sem_retinopatia_diabetica,1050,1050,1050x1050,1.0,PNG,RGB,1022851,0.9754667282104492,54f229accb7584eb5cd91c8f64cc3f3a
1968183f0e61.png,2,retinopatia_diabetica_moderada,3216,2136,3216x2136,1.5056179775280898,PNG,RGB,2483949,2.3688783645629883,1d13af94201105d20ca05829c6502297
196e6a186452.png,2,retinopatia_diabetica_moderada,2416,1736,2416x1736,1.391705069124424,PNG,RGB,2416379,2.304438591003418,397ad783ac1952fd8941ae2878e11ec5
19722bff5a09.png,1,retinopatia_diabetica_leve,2416,1736,2416x1736,1.391705069124424,PNG,RGB,2168916,2.068439483642578,f531664675320df675bab2274044de4f
197af0de76e2.png,0,sem_retinopatia_diabetica,1050,1050,1050x1050,1.0,PNG,RGB,1039677,0.9915132522583008,83fe2a53ca7742437b028f067993266b
19b0e3c734f5.png,0,sem_retinopatia_diabetica,1050,1050,1050x1050,1.0,PNG,RGB,930950,0.8878231048583984,0ac1d38a19853ff1c03b4e60c0155ac2
19e350c7c83c.png,1,retinopatia_diabetica_leve,2416,1736,2416x1736,1.391705069124424,PNG,RGB,2168916,2.068439483642578,f531664675320df675bab2274044de4f
19ef4d292196.png,4,retinopatia_diabetica_proliferativa,1844,1226,1844x1226,1.504078303425775,PNG,RGB,913095,0.8707952499389648,3e3f07ac9cd240db5446744390823c6b
1a03a7970337.png,1,retinopatia_diabetica_leve,2416,1736,2416x1736,1.391705069124424,PNG,RGB,1982643,1.8907957077026367,8258c8620ef1e9cce6f38913e26b3885
1a0dbc6c0cda.png,0,sem_retinopatia_diabetica,1050,1050,1050x1050,1.0,PNG,RGB,924103,0.8812932968139648,b1deb994740ec18d7ce3e08129b6a22f
1a19f2ef4472.png,0,sem_retinopatia_diabetica,2588,1958,2588x1958,1.3217568947906027,PNG,RGB,5444271,5.192061424255371,4410a137b2c3ab1429e5cba5a868d339
1a1b4b2450ca.png,2,retinopatia_diabetica_moderada,3216,2136,3216x2136,1.5056179775280898,PNG,RGB,6066237,5.785214424133301,b0096445fdcb0bfe78b842bd1b013c1d
1a1e974a7dbf.png,0,sem_retinopatia_diabetica,1050,1050,1050x1050,1.0,PNG,RGB,1094695,1.0439825057983398,df7b039d8d7a7e74729a9282f736eda1
1a369baf9ee6.png,2,retinopatia_diabetica_moderada,2588,1958,2588x1958,1.3217568947906027,PNG,RGB,5445707,5.1934309005737305,82ab9a080f7d57495dfb7fc218e6d028
1a7e3356b39c.png,4,retinopatia_diabetica_proliferativa,4288,2848,4288x2848,1.5056179775280898,PNG,RGB,5189683,4.949267387390137,b8e2baab4f8ea6c32851da3dc39825c0
1a90fad9ffa2.png,4,retinopatia_diabetica_proliferativa,3388,2588,3388x2588,1.3091190108191655,PNG,RGB,7448000,7.10296630859375,be791ccc7daef6493db5d2a0794ee555
1ab3f1c71a5f.png,3,retinopatia_diabetica_grave,3216,2136,3216x2136,1.5056179775280898,PNG,RGB,3460608,3.30029296875,b77bb3b055fbd4f600d33bcb1c2cc57a
1ab8d3431ffc.png,0,sem_retinopatia_diabetica,2588,1958,2588x1958,1.3217568947906027,PNG,RGB,5649556,5.387836456298828,9d634ae125ce8477f49252b3dc96ff3d
1ade1e949383.png,2,retinopatia_diabetica_moderada,3216,2136,3216x2136,1.5056179775280898,PNG,RGB,2785598,2.656553268432617,9338f905c6355a675f591ffa4419ef03
1ae3c58759fb.png,0,sem_retinopatia_diabetica,1050,1050,1050x1050,1.0,PNG,RGB,975503,0.9303121566772461,34c38a99e63a5b6a0028694cb3f2e4a7
1ae8c165fd53.png,2,retinopatia_diabetica_moderada,3216,2136,3216x2136,1.5056179775280898,PNG,RGB,2102381,2.0049867630004883,28d0e4881c6126e523c4eb6652b4caf0
1b329a127307.png,1,retinopatia_diabetica_leve,2588,1958,2588x1958,1.3217568947906027,PNG,RGB,5269196,5.025096893310547,50495429c08976464150c5a7d46d839b
1b32e1d775ea.png,4,retinopatia_diabetica_proliferativa,1504,1000,1504x1000,1.504,PNG,RGB,1286964,1.2273445129394531,35d85367a6a9bd45a934deaec391be7b
1b3647865779.png,0,sem_retinopatia_diabetica,819,614,819x614,1.3338762214983713,PNG,RGB,300710,0.28677940368652344,9d4d156a8b227ac0f46bdeac0ae4775d
1b398c0494d1.png,0,sem_retinopatia_diabetica,1050,1050,1050x1050,1.0,PNG,RGB,910772,0.8685798645019531,f0b7c4ed1312a25870d15bf40fc41167
1b4625877527.png,2,retinopatia_diabetica_moderada,1504,1000,1504x1000,1.504,PNG,RGB,1367147,1.3038129806518555,832da9ad4da3837e03629b8ab7ceffb7
1b495ac025b7.png,3,retinopatia_diabetica_grave,2416,1736,2416x1736,1.391705069124424,PNG,RGB,2298579,2.1920957565307617,b2f66cb515b251368cacde4f38620987
1b862fb6f65d.png,0,sem_retinopatia_diabetica,1050,1050,1050x1050,1.0,PNG,RGB,1036413,0.9884004592895508,ffcc11b4a9f936317641dfe4702470b6
1b8701231c8f.png,0,sem_retinopatia_diabetica,819,614,819x614,1.3338762214983713,PNG,RGB,291570,0.2780628204345703,8b041467fb309dd4d9b7a3616302d1ce
1b8ad0afe9fb.png,2,retinopatia_diabetica_moderada,2588,1958,2588x1958,1.3217568947906027,PNG,RGB,5477665,5.223908424377441,53131a5527e46969af47210780e6d690
1bb0ddfe753a.png,1,retinopatia_diabetica_leve,2416,1736,2416x1736,1.391705069124424,PNG,RGB,2563139,2.444399833679199,7d807e13b41eea6616bafb8a99516ac0
1bea04b2bb2d.png,2,retinopatia_diabetica_moderada,3216,2136,3216x2136,1.5056179775280898,PNG,RGB,2070946,1.9750080108642578,54a563f21a9e3e9d45c8b03187f0a343
1bf30c84bbad.png,4,retinopatia_diabetica_proliferativa,4288,2848,4288x2848,1.5056179775280898,PNG,RGB,4530336,4.320465087890625,933003b24f7f376a7ebcc96d6c07a5bd
1c0cf251b426.png,1,retinopatia_diabetica_leve,2416,1736,2416x1736,1.391705069124424,PNG,RGB,2321976,2.2144088745117188,bfe7f2f22313e460385c832c81fa1fb1
1c0e5dd1b14c.png,2,retinopatia_diabetica_moderada,3216,2136,3216x2136,1.5056179775280898,PNG,RGB,2215291,2.112666130065918,85a75337c0f3309a02b7049db5d2b9a7
1c13a1483f4a.png,0,sem_retinopatia_diabetica,1050,1050,1050x1050,1.0,PNG,RGB,917840,0.8753204345703125,a948c718c213184a041da55566122e2c
1c3a6b4449e9.png,1,retinopatia_diabetica_leve,2416,1736,2416x1736,1.391705069124424,PNG,RGB,1909289,1.8208398818969727,3e11cb49196c72c817a3272e37db0a35
1c47815f4a6b.png,0,sem_retinopatia_diabetica,1476,1117,1476x1117,1.3213965980304387,PNG,RGB,1056679,1.0077276229858398,834548efc00f7fd0d10e8065271c77c8
1c4d87baaffc.png,2,retinopatia_diabetica_moderada,2416,1736,2416x1736,1.391705069124424,PNG,RGB,1957904,1.8672027587890625,6b85fba99dee00867ca00d47f8676d5d
1c4f3aa4df06.png,4,retinopatia_diabetica_proliferativa,3216,2136,3216x2136,1.5056179775280898,PNG,RGB,2901103,2.766707420349121,637474aee3c8813070d1673c9faaa8d5
1c578b72d7b3.png,2,retinopatia_diabetica_moderada,3388,2588,3388x2588,1.3091190108191655,PNG,RGB,3694290,3.5231494903564453,b1256002a7d8332213ebdca18025821c
1c5ad36fb799.png,2,retinopatia_diabetica_moderada,3216,2136,3216x2136,1.5056179775280898,PNG,RGB,2428567,2.3160619735717773,35a69bc3ec57ea45d91005394d38537b
1c5e6cdc7ee1.png,2,retinopatia_diabetica_moderada,2144,1424,2144x1424,1.5056179775280898,PNG,RGB,2634003,2.5119810104370117,621ea25694ed9b66999b2a4ec91fe632
1c6d119c3d70.png,2,retinopatia_diabetica_moderada,1504,1000,1504x1000,1.504,PNG,RGB,1272159,1.2132253646850586,20ace75a463236852918e4455195a6e0
1c7a013eeba7.png,0,sem_retinopatia_diabetica,1050,1050,1050x1050,1.0,PNG,RGB,971796,0.9267768859863281,fb86598e1c106eb74b1b4b045b982f04
1c9521878baf.png,3,retinopatia_diabetica_grave,3216,2136,3216x2136,1.5056179775280898,PNG,RGB,2665593,2.542107582092285,00e22d686f37ce9527ab77dc9f42744c
1c9c583c10bf.png,0,sem_retinopatia_diabetica,2416,1736,2416x1736,1.391705069124424,PNG,RGB,2376845,2.2667360305786133,d81ce47a6d4b99561bdbd8ac3bd41728
1ca35d483772.png,0,sem_retinopatia_diabetica,1050,1050,1050x1050,1.0,PNG,RGB,970274,0.9253253936767578,b14ad951d88a6b8976ba728ad26bb5ad
1ca62b3e4fd3.png,0,sem_retinopatia_diabetica,2588,1958,2588x1958,1.3217568947906027,PNG,RGB,5246346,5.003305435180664,9202512eea68a1cb238fcc7578a9039b
1ca91751be4d.png,0,sem_retinopatia_diabetica,1050,1050,1050x1050,1.0,PNG,RGB,966971,0.922175407409668,b237c145c322410867f6a3679d2540d3
1caba2fb38f6.png,0,sem_retinopatia_diabetica,1050,1050,1050x1050,1.0,PNG,RGB,1050818,1.0021381378173828,99c600e7d1a396b9ced9d02ab79ac9be
1cb6961d141c.png,0,sem_retinopatia_diabetica,819,614,819x614,1.3338762214983713,PNG,RGB,298693,0.28485584259033203,a0abc5dcc3da90c0638e2c143bfc0e4e
1cb814ed6332.png,2,retinopatia_diabetica_moderada,1504,1000,1504x1000,1.504,PNG,RGB,1306382,1.2458629608154297,700273276919a1b23331825d9b4e6108
1cc58b15f466.png,0,sem_retinopatia_diabetica,2588,1958,2588x1958,1.3217568947906027,PNG,RGB,5467719,5.214423179626465,eda38c29edbf4df52407d81b2e23223c
1d0b93317aa8.png,0,sem_retinopatia_diabetica,2048,1536,2048x1536,1.3333333333333333,PNG,RGB,1678693,1.600926399230957,6fe509318cc6985f6e0cd6364e923b7d
1d11794057ff.png,1,retinopatia_diabetica_leve,819,614,819x614,1.3338762214983713,PNG,RGB,345246,0.3292522430419922,d734237bacfdeb378528e061cc57702a
1d14dd912671.png,2,retinopatia_diabetica_moderada,3216,2136,3216x2136,1.5056179775280898,PNG,RGB,2232030,2.128629684448242,3e2a9d32367f1b60027e5772a92930b4
1d2472849dce.png,0,sem_retinopatia_diabetica,1050,1050,1050x1050,1.0,PNG,RGB,1034547,0.9866209030151367,26d915bfbccc15c5096ea2a97004a026
1d29cb2f4296.png,0,sem_retinopatia_diabetica,2588,1958,2588x1958,1.3217568947906027,PNG,RGB,5353190,5.105199813842773,3a8cac14432690b5928a8020aed3be55
1d37f1c8b6d8.png,0,sem_retinopatia_diabetica,1050,1050,1050x1050,1.0,PNG,RGB,916459,0.8740034103393555,1ccbdc1f33b343932710cf27d45ef2c6
1d3e9b939732.png,0,sem_retinopatia_diabetica,1050,1050,1050x1050,1.0,PNG,RGB,930012,0.8869285583496094,7b640b90914ec08a7794f7329c3e63c7
1d46f1326394.png,0,sem_retinopatia_diabetica,1050,1050,1050x1050,1.0,PNG,RGB,1055588,1.0066871643066406,ebb8509f43d9572d11470f26d7f2edc1
1d55e689cf84.png,2,retinopatia_diabetica_moderada,3388,2588,3388x2588,1.3091190108191655,PNG,RGB,6915751,6.59537410736084,ba00b901b411db6f2b127c1c6d1a0be6
1d674e2e32e0.png,1,retinopatia_diabetica_leve,4288,2848,4288x2848,1.5056179775280898,PNG,RGB,4974392,4.743949890136719,bdddc538541fa6ef218169e25049d2a4
1d74c4713e21.png,0,sem_retinopatia_diabetica,2048,1536,2048x1536,1.3333333333333333,PNG,RGB,1929875,1.8404722213745117,a044e92dd9a8a36fe84f5c09c6cfec98
1da25637859b.png,2,retinopatia_diabetica_moderada,3388,2588,3388x2588,1.3091190108191655,PNG,RGB,7377176,7.035423278808594,3ff2e44334f203b0de50402d334fd4ce
1da4a17c18c9.png,0,sem_retinopatia_diabetica,1050,1050,1050x1050,1.0,PNG,RGB,1040025,0.9918451309204102,04d2c66ad2ad65fa41bc1a910650765b
1db0393cdbc1.png,0,sem_retinopatia_diabetica,819,614,819x614,1.3338762214983713,PNG,RGB,341186,0.3253803253173828,d4dea5b63b1e9c95b8c4734db21c846c
1db18bdd43aa.png,2,retinopatia_diabetica_moderada,2588,1958,2588x1958,1.3217568947906027,PNG,RGB,5068503,4.833701133728027,95bf516438b6884efad44c7605286a4b
1db6bb46c102.png,0,sem_retinopatia_diabetica,1050,1050,1050x1050,1.0,PNG,RGB,1011760,0.9648895263671875,e76198febef7bf1904da978b0844cdc9
1dbdc32c17db.png,2,retinopatia_diabetica_moderada,640,480,640x480,1.3333333333333333,PNG,RGB,380247,0.36263179779052734,b1836f8c1ad1a245ab3e66ffac5ffea4
1dd9adcbfff4.png,2,retinopatia_diabetica_moderada,3388,2588,3388x2588,1.3091190108191655,PNG,RGB,3968032,3.784210205078125,add5d286df39500b8b9b8efbc60801c7
1df0431bfa73.png,0,sem_retinopatia_diabetica,2048,1536,2048x1536,1.3333333333333333,PNG,RGB,1931442,1.8419666290283203,ce6eb6b2baf14ba8aa0f61e02a40d157
1df0a4c23c95.png,0,sem_retinopatia_diabetica,819,614,819x614,1.3338762214983713,PNG,RGB,292912,0.2793426513671875,40fde78cd6925cd8faaaadadbd9b0e83
1df1530b9b8d.png,0,sem_retinopatia_diabetica,1050,1050,1050x1050,1.0,PNG,RGB,1067137,1.0177011489868164,8527269d8764bf253849ab4cefc95095
1df3e03a8f5f.png,1,retinopatia_diabetica_leve,2416,1736,2416x1736,1.391705069124424,PNG,RGB,2186691,2.085391044616699,05d68c63d8ad6a324d1a8e5a0b903e06
1dfbede13143.png,2,retinopatia_diabetica_moderada,2144,1424,2144x1424,1.5056179775280898,PNG,RGB,2700206,2.5751171112060547,05f30df45f7e07befe26b995f39cad64
1dfe599d12a9.png,0,sem_retinopatia_diabetica,819,614,819x614,1.3338762214983713,PNG,RGB,297760,0.283966064453125,9c07b23fb782a3f20e0cbf1b17ac7b28
1e036f2e7095.png,0,sem_retinopatia_diabetica,2588,1958,2588x1958,1.3217568947906027,PNG,RGB,5276373,5.0319414138793945,04b1484336500ead4cdcc6e071d25423
1e143fa3de57.png,2,retinopatia_diabetica_moderada,1504,1000,1504x1000,1.504,PNG,RGB,1326860,1.2653923034667969,c76f749a820f01b47be98198f039ae19
1e1fb019710d.png,2,retinopatia_diabetica_moderada,2416,1736,2416x1736,1.391705069124424,PNG,RGB,2329394,2.2214832305908203,c2b7d84695902222630c6dabadd252d0
1e4650743fa2.png,2,retinopatia_diabetica_moderada,3216,2136,3216x2136,1.5056179775280898,PNG,RGB,2584048,2.4643402099609375,70c98754dadd777204438e1e726a970c
1e4b3b823b95.png,2,retinopatia_diabetica_moderada,2588,1958,2588x1958,1.3217568947906027,PNG,RGB,5515379,5.259875297546387,40394bfc146526b0291112221cb68cdd
1e742358e0b9.png,0,sem_retinopatia_diabetica,1476,1117,1476x1117,1.3213965980304387,PNG,RGB,2106456,2.0088729858398438,07c591f22bcd8c535b9164676719fd3b
1e7ccd4a1c87.png,0,sem_retinopatia_diabetica,2588,1958,2588x1958,1.3217568947906027,PNG,RGB,5658514,5.396379470825195,0336126c2eb87efdbe0ad95631a39a51
1e8a1fdee5b9.png,1,retinopatia_diabetica_leve,2416,1736,2416x1736,1.391705069124424,PNG,RGB,1714449,1.635025978088379,fcfda099faac74a2ee724032d1566d7f
1e8c31e29dd3.png,0,sem_retinopatia_diabetica,1050,1050,1050x1050,1.0,PNG,RGB,965951,0.9212026596069336,9a723471cae5e777920bb7fe2d9808b6
1e9224ccca95.png,4,retinopatia_diabetica_proliferativa,3216,2136,3216x2136,1.5056179775280898,PNG,RGB,5897203,5.624011039733887,23d0e6d9ea565768b4b1a55ed17392da
1ec95179cdfe.png,0,sem_retinopatia_diabetica,819,614,819x614,1.3338762214983713,PNG,RGB,375794,0.3583850860595703,1542c775323fed2c9f1d1535dce8002f
1ee1eb7943db.png,2,retinopatia_diabetica_moderada,3216,2136,3216x2136,1.5056179775280898,PNG,RGB,5703399,5.43918514251709,ec7b3c14d910adb43373f6df0b155517
1ee355480567.png,0,sem_retinopatia_diabetica,2048,1536,2048x1536,1.3333333333333333,PNG,RGB,1713533,1.6341524124145508,2dcb2312d01c527777d50717bac9b285
1eee55494271.png,0,sem_retinopatia_diabetica,2048,1536,2048x1536,1.3333333333333333,PNG,RGB,1631783,1.5561895370483398,1509436658a7fb57205117f4d670ba26
1efa5d443707.png,4,retinopatia_diabetica_proliferativa,1844,1226,1844x1226,1.504078303425775,PNG,RGB,907802,0.8657474517822266,088a516edfd44ef0cac1fb699b39d9ba
1f07dae3cadb.png,2,retinopatia_diabetica_moderada,3216,2136,3216x2136,1.5056179775280898,PNG,RGB,6140663,5.856192588806152,028d27ff645aaeb21688586fbb0e9299
1f0e223b8055.png,2,retinopatia_diabetica_moderada,3388,2588,3388x2588,1.3091190108191655,PNG,RGB,4231092,4.035083770751953,7856761e9da49dad3d51087899edb89a
1f15ca672675.png,0,sem_retinopatia_diabetica,2048,1536,2048x1536,1.3333333333333333,PNG,RGB,1878898,1.7918567657470703,48df4f411b2badd2be5dc9725a79baf5
1f31701dd61b.png,0,sem_retinopatia_diabetica,1050,1050,1050x1050,1.0,PNG,RGB,765287,0.7298345565795898,2edd731fe7848d5149665589a011b335
1f3f32efaf20.png,0,sem_retinopatia_diabetica,1050,1050,1050x1050,1.0,PNG,RGB,960390,0.9158992767333984,7c50bc692dfcffba9383d0f15562a06c
1f4bf8e28b41.png,2,retinopatia_diabetica_moderada,2416,1736,2416x1736,1.391705069124424,PNG,RGB,1794076,1.7109642028808594,720dcecd063f270dd42a1ff7104b2ad4
1f4fb37e0854.png,0,sem_retinopatia_diabetica,819,614,819x614,1.3338762214983713,PNG,RGB,371453,0.3542451858520508,d323da5c072e2d2c469a8aba516201e4
1f543a86c4d4.png,2,retinopatia_diabetica_moderada,3216,2136,3216x2136,1.5056179775280898,PNG,RGB,2085283,1.9886808395385742,6d0cf5e83ba5c29bf29b49639fefb55b
1f5496352859.png,0,sem_retinopatia_diabetica,2048,1536,2048x1536,1.3333333333333333,PNG,RGB,1946962,1.8567676544189453,0c1592ae8c032be1de43a1e8ed09de28
1f63d44d9e3c.png,2,retinopatia_diabetica_moderada,1050,1050,1050x1050,1.0,PNG,RGB,866565,0.826420783996582,155dd4efbce70d7057f72a22f2e9dfa7
1f9ccda4ddf2.png,0,sem_retinopatia_diabetica,819,614,819x614,1.3338762214983713,PNG,RGB,329811,0.3145322799682617,546387458991bb288f36b46d2f6c77d7
1faf8664816c.png,0,sem_retinopatia_diabetica,1050,1050,1050x1050,1.0,PNG,RGB,922249,0.8795251846313477,64bff7c965aed4e52bba7cf557bc2bd7
1fb455685328.png,0,sem_retinopatia_diabetica,1050,1050,1050x1050,1.0,PNG,RGB,1001443,0.9550504684448242,2fa531d3a322d55dac80e3220fd92374
1fd5d860d4d7.png,4,retinopatia_diabetica_proliferativa,3388,2588,3388x2588,1.3091190108191655,PNG,RGB,7549287,7.19956111907959,e6a9a5ab9a5a69bcd7064faa91b02962
1fddd7c98fd2.png,0,sem_retinopatia_diabetica,2588,1958,2588x1958,1.3217568947906027,PNG,RGB,5051385,4.817376136779785,a251cbdefada1adcb0bd42e6892a58ab
1ffaa51a6245.png,2,retinopatia_diabetica_moderada,640,480,640x480,1.3333333333333333,PNG,RGB,426050,0.4063129425048828,0a7c37cc5a4bdd68c13ddfbbc83dd033
200d947f75db.png,1,retinopatia_diabetica_leve,2144,1424,2144x1424,1.5056179775280898,PNG,RGB,2873248,2.740142822265625,fb57929dd1eda768ca3a6d4ef92597c3
2017cd92c63d.png,4,retinopatia_diabetica_proliferativa,2416,1736,2416x1736,1.391705069124424,PNG,RGB,2136285,2.037320137023926,4a4ed47da115e9db3477c00ff646ca81
201f6e10c108.png,0,sem_retinopatia_diabetica,1050,1050,1050x1050,1.0,PNG,RGB,1005632,0.95904541015625,2507e9c63a01d2962c7795e812ddc221
201f882365d3.png,0,sem_retinopatia_diabetica,819,614,819x614,1.3338762214983713,PNG,RGB,416658,0.3973560333251953,de61a4d2be5f769df1917dbb98bf4ca5
203275daf46d.png,2,retinopatia_diabetica_moderada,2416,1736,2416x1736,1.391705069124424,PNG,RGB,2177259,2.0763959884643555,4a1eddb0465a8c4dedff2357e79e664b
20404ec7b518.png,2,retinopatia_diabetica_moderada,2416,1736,2416x1736,1.391705069124424,PNG,RGB,2490591,2.3752126693725586,21393f2f2f897d5bc76708807a0409cc
20688cb25704.png,2,retinopatia_diabetica_moderada,2416,1736,2416x1736,1.391705069124424,PNG,RGB,2350830,2.2419261932373047,0009d9a8175ad63f6bb8e3ec01ad6c12
207a580de0ea.png,2,retinopatia_diabetica_moderada,3216,2136,3216x2136,1.5056179775280898,PNG,RGB,2901785,2.76735782623291,4cf001305fac8ef196ef77086b565ea1
207dd0487264.png,0,sem_retinopatia_diabetica,1050,1050,1050x1050,1.0,PNG,RGB,1019424,0.972198486328125,298df119091c10afe2025a68dc0ff19b
20c883d3bd38.png,2,retinopatia_diabetica_moderada,3388,2588,3388x2588,1.3091190108191655,PNG,RGB,7251275,6.9153547286987305,a472a1d2f308e8a8c99a38f876e2d6c2
20d5fdd450ae.png,4,retinopatia_diabetica_proliferativa,3216,2136,3216x2136,1.5056179775280898,PNG,RGB,2752189,2.624691963195801,769b4f5c13ba9e8bed28dc3bdd4b35dc
20f86e068276.png,0,sem_retinopatia_diabetica,2588,1958,2588x1958,1.3217568947906027,PNG,RGB,5512219,5.256861686706543,1490979ca4ee64f19512002fa49cdfa7
21037f5c7790.png,0,sem_retinopatia_diabetica,1050,1050,1050x1050,1.0,PNG,RGB,892785,0.8514261245727539,76bc6ac3994c2f0c8f2ea8114e1d9384
210bfe0127c6.png,0,sem_retinopatia_diabetica,2588,1958,2588x1958,1.3217568947906027,PNG,RGB,5581507,5.322939872741699,0befb23c9e36486b85a414adf5f5a497
211518c46162.png,4,retinopatia_diabetica_proliferativa,3388,2588,3388x2588,1.3091190108191655,PNG,RGB,7270106,6.933313369750977,579f76ee256eedaca62d48ecd2a29683
2131aa3a1e6f.png,2,retinopatia_diabetica_moderada,1844,1226,1844x1226,1.504078303425775,PNG,RGB,690981,0.658970832824707,57d9460d829b8dbc5e85d4746c54db4a
215d2b7c3fde.png,0,sem_retinopatia_diabetica,819,614,819x614,1.3338762214983713,PNG,RGB,347022,0.3309459686279297,8653c372ee6c773469060820b86af365
217dad18a5ed.png,2,retinopatia_diabetica_moderada,3388,2588,3388x2588,1.3091190108191655,PNG,RGB,7319160,6.980094909667969,19bc777afead6f9c1d99a558d41277ef
218c822a3dd9.png,0,sem_retinopatia_diabetica,2588,1958,2588x1958,1.3217568947906027,PNG,RGB,5682890,5.419626235961914,9238dda7aaa270fdcb6aa1d12535c7a8
21abd36095a1.png,4,retinopatia_diabetica_proliferativa,3216,2136,3216x2136,1.5056179775280898,PNG,RGB,2732370,2.6057910919189453,2f5e2778ccc4eee036f8ad7900150ba2
21d18b022429.png,4,retinopatia_diabetica_proliferativa,2588,1958,2588x1958,1.3217568947906027,PNG,RGB,5394295,5.144400596618652,022663c4470c1970841f8481629d2661
22098b1fe461.png,1,retinopatia_diabetica_leve,2896,1944,2896x1944,1.4897119341563787,PNG,RGB,2285669,2.179783821105957,65f2379f85847d88aa9f17ff9d8859f1
2209daf71aab.png,0,sem_retinopatia_diabetica,2588,1958,2588x1958,1.3217568947906027,PNG,RGB,5274005,5.0296831130981445,7d6a273175dc257370137463389abaa7
2221cf5c7935.png,0,sem_retinopatia_diabetica,2588,1958,2588x1958,1.3217568947906027,PNG,RGB,5682215,5.41898250579834,a00fcbafc93918501b1ca13879819877
222d0ac042b4.png,2,retinopatia_diabetica_moderada,2588,1958,2588x1958,1.3217568947906027,PNG,RGB,5391898,5.142114639282227,f471960a601716840c01052aec504624
222f3ee3a1e8.png,4,retinopatia_diabetica_proliferativa,2416,1736,2416x1736,1.391705069124424,PNG,RGB,1792584,1.7095413208007812,c4048174526538cd71e3e0521df08610
22325552a4e3.png,1,retinopatia_diabetica_leve,2416,1736,2416x1736,1.391705069124424,PNG,RGB,2029295,1.935286521911621,428aaf21b517a56824962a6254c06fc2
2241b7e90782.png,2,retinopatia_diabetica_moderada,640,480,640x480,1.3333333333333333,PNG,RGB,292963,0.2793912887573242,cb4c8df4646b901cb6a30b4140c0d2b3
22449af52060.png,0,sem_retinopatia_diabetica,1050,1050,1050x1050,1.0,PNG,RGB,1007759,0.9610738754272461,99672624e709d264f5a7b0702e30b135
224bb938e2dd.png,2,retinopatia_diabetica_moderada,3216,2136,3216x2136,1.5056179775280898,PNG,RGB,3079972,2.9372901916503906,0f787ab4a9483cd7a9f00f419eb4d40b
224c14366e11.png,0,sem_retinopatia_diabetica,1050,1050,1050x1050,1.0,PNG,RGB,1044694,0.9962978363037109,3e8319859cb516badbff99b003636318
226c6ceb9185.png,0,sem_retinopatia_diabetica,2048,1536,2048x1536,1.3333333333333333,PNG,RGB,1673155,1.5956449508666992,584c04096d6b298d52f8e59cc04432b2
22895c89792f.png,4,retinopatia_diabetica_proliferativa,1504,1000,1504x1000,1.504,PNG,RGB,1419847,1.3540716171264648,0a20d5b84db6d380d9ce66be03b3369c
22a6da005395.png,1,retinopatia_diabetica_leve,2416,1736,2416x1736,1.391705069124424,PNG,RGB,2206163,2.1039609909057617,95e101a51993c31dc4edb5148105485e
22ce8ef69357.png,2,retinopatia_diabetica_moderada,2588,1958,2588x1958,1.3217568947906027,PNG,RGB,5551007,5.293852806091309,28a9fa02f1b3bfa122c0d4890b179e10
22d843b2bbd1.png,0,sem_retinopatia_diabetica,2048,1536,2048x1536,1.3333333333333333,PNG,RGB,1689157,1.610905647277832,67e80e28880f0fa8502eb51930e0510b
23148a40ecb0.png,2,retinopatia_diabetica_moderada,2416,1736,2416x1736,1.391705069124424,PNG,RGB,2174045,2.073330879211426,ca9e726bfe970c8bae0ff16f15c7cdd0
23175b7ef453.png,2,retinopatia_diabetica_moderada,3216,2136,3216x2136,1.5056179775280898,PNG,RGB,2107778,2.010133743286133,b9b1ef9b1473153d72538e9a8989623c
232549883508.png,2,retinopatia_diabetica_moderada,2416,1736,2416x1736,1.391705069124424,PNG,RGB,1974877,1.8833894729614258,1b9675c1d94962f5a255e8afade20d31
233d948e2544.png,0,sem_retinopatia_diabetica,2588,1958,2588x1958,1.3217568947906027,PNG,RGB,5473398,5.219839096069336,76c08d962f2886d8efb6b69d63662796
234399352d36.png,2,retinopatia_diabetica_moderada,1844,1226,1844x1226,1.504078303425775,PNG,RGB,899255,0.8575963973999023,f7778882506754e08de6907452479dc4
236f56771ec6.png,2,retinopatia_diabetica_moderada,2416,1736,2416x1736,1.391705069124424,PNG,RGB,2274637,2.1692628860473633,3dbadc5efc209584ccc8b4f636999e53
2376e5415458.png,2,retinopatia_diabetica_moderada,2588,1958,2588x1958,1.3217568947906027,PNG,RGB,5638928,5.3777008056640625,9318f33824c784d6c9de5f4eab549232
237aa50edc34.png,0,sem_retinopatia_diabetica,2588,1958,2588x1958,1.3217568947906027,PNG,RGB,2679758,2.5556163787841797,cd7fd832a690f22143f56303b09f79a5
237c078d00fc.png,3,retinopatia_diabetica_grave,2588,1958,2588x1958,1.3217568947906027,PNG,RGB,5473373,5.219815254211426,fad69ad2b88c90643f930ed47c1e9a35
2399d68d407f.png,0,sem_retinopatia_diabetica,2048,1536,2048x1536,1.3333333333333333,PNG,RGB,1938538,1.848733901977539,6368962f54add79be47cad86a137cac2
239f2c348ea4.png,2,retinopatia_diabetica_moderada,2588,1958,2588x1958,1.3217568947906027,PNG,RGB,5044920,4.811210632324219,acebe4b4742fa9229e799570e1c5d836
23d7ca170bdb.png,2,retinopatia_diabetica_moderada,2144,1424,2144x1424,1.5056179775280898,PNG,RGB,2829943,2.6988439559936523,de4d6b745deb0c337b7c3bca50d9b0a3
23fca0693e2a.png,2,retinopatia_diabetica_moderada,2416,1736,2416x1736,1.391705069124424,PNG,RGB,2292635,2.186427116394043,2d43d21bbf8ed9877eaff64a29701922
2408799a09b2.png,0,sem_retinopatia_diabetica,1050,1050,1050x1050,1.0,PNG,RGB,1027879,0.9802618026733398,a91ecbfb3d3a4e72538ea41ae1ed430d
240b25a7debe.png,0,sem_retinopatia_diabetica,819,614,819x614,1.3338762214983713,PNG,RGB,354187,0.33777904510498047,6adfd494c5a384e85beed48ca8228805
242fc19be06f.png,0,sem_retinopatia_diabetica,1050,1050,1050x1050,1.0,PNG,RGB,1042368,0.99407958984375,dbca791b94dea54e733b42c12f9e3ccd
2463bb04ebc3.png,2,retinopatia_diabetica_moderada,3216,2136,3216x2136,1.5056179775280898,PNG,RGB,3086259,2.9432859420776367,a560229fa97fab9a1362e222d450e1d5
246e4506824a.png,2,retinopatia_diabetica_moderada,3216,2136,3216x2136,1.5056179775280898,PNG,RGB,2410264,2.2986068725585938,a79f74928b096a631591e1b1833abf6b
247ac63e5510.png,4,retinopatia_diabetica_proliferativa,3216,2136,3216x2136,1.5056179775280898,PNG,RGB,2975402,2.837564468383789,b23f86aa0213ff7435445b63e21b0f74
247e98aba610.png,4,retinopatia_diabetica_proliferativa,2416,1736,2416x1736,1.391705069124424,PNG,RGB,2443669,2.3304643630981445,546841f624c6a2994bca4d06660aa76d
248139c423c4.png,1,retinopatia_diabetica_leve,2588,1958,2588x1958,1.3217568947906027,PNG,RGB,4453963,4.2476301193237305,fb9140f0f3c7b63e53920fdf8d2c7ffc
248dec89b3a2.png,0,sem_retinopatia_diabetica,819,614,819x614,1.3338762214983713,PNG,RGB,310360,0.29598236083984375,5bdff5acf10f644ea79cca3df32288d2
24b87f744598.png,3,retinopatia_diabetica_grave,3216,2136,3216x2136,1.5056179775280898,PNG,RGB,2551825,2.433609962463379,d64189f9a0d311131b9fb1d78e8f7f00
24b943fe725e.png,1,retinopatia_diabetica_leve,1844,1226,1844x1226,1.504078303425775,PNG,RGB,729672,0.6958694458007812,6a7110d0b58d78e42880e0032d0e3fe1
24de56d433cd.png,0,sem_retinopatia_diabetica,1050,1050,1050x1050,1.0,PNG,RGB,1013339,0.966395378112793,7b3094070837f73287e728eaf26ad5ae
24f271c87e73.png,0,sem_retinopatia_diabetica,2588,1958,2588x1958,1.3217568947906027,PNG,RGB,5559489,5.301941871643066,74b2e7adf35470ae9001ae834ffb43db
24f3e70f0419.png,0,sem_retinopatia_diabetica,2588,1958,2588x1958,1.3217568947906027,PNG,RGB,5315313,5.069077491760254,1d53a5ca085799cc18b460d07ddbe79c
25002fe43f92.png,2,retinopatia_diabetica_moderada,2588,1958,2588x1958,1.3217568947906027,PNG,RGB,5654919,5.392951011657715,a1bb7ffd52f00145c442242ea590ed1e
252305189b3a.png,0,sem_retinopatia_diabetica,1050,1050,1050x1050,1.0,PNG,RGB,1061912,1.0127182006835938,1a52462ea6ebc938706d1e66f5a95e18
2532613a584a.png,2,retinopatia_diabetica_moderada,3388,2588,3388x2588,1.3091190108191655,PNG,RGB,7492310,7.145223617553711,eca01e14bd0008a4e8063fcf3acb507a
253e96488cfb.png,0,sem_retinopatia_diabetica,2416,1736,2416x1736,1.391705069124424,PNG,RGB,2146344,2.0469131469726562,e7ed2f3aee79a4ebaab6b47d1a916e58
254052cf3e48.png,4,retinopatia_diabetica_proliferativa,3216,2136,3216x2136,1.5056179775280898,PNG,RGB,3066233,2.924187660217285,727ab595ca022c2c9797e0f2baf6383e
2585bbc91909.png,0,sem_retinopatia_diabetica,2048,1536,2048x1536,1.3333333333333333,PNG,RGB,1654305,1.5776681900024414,05c232f4b5480fc676d2364bc7a52f56
259d30f693b6.png,1,retinopatia_diabetica_leve,1050,1050,1050x1050,1.0,PNG,RGB,987632,0.9418792724609375,990edeaa887b1cce2d828c53c2bf8d75
25a0a1e41afd.png,0,sem_retinopatia_diabetica,1050,1050,1050x1050,1.0,PNG,RGB,1051569,1.002854347229004,496e7bea8eb19fcab4ee13ab90639da9
25b0e72705a8.png,3,retinopatia_diabetica_grave,2416,1736,2416x1736,1.391705069124424,PNG,RGB,2116283,2.018244743347168,78225ac5b87800215a65301e8d6008fc
25b4080f598b.png,0,sem_retinopatia_diabetica,2048,1536,2048x1536,1.3333333333333333,PNG,RGB,1929295,1.839919090270996,1f778c5fba84b33a74830caed627c73f
25d069089c5e.png,4,retinopatia_diabetica_proliferativa,2416,1736,2416x1736,1.391705069124424,PNG,RGB,2651130,2.5283145904541016,2d9b060e6d74371fad765e91b36839c6
25dc1b41ed9c.png,2,retinopatia_diabetica_moderada,2588,1958,2588x1958,1.3217568947906027,PNG,RGB,5536986,5.280481338500977,3a9251e751a66a17403c563f38635ab9
25e9fd872182.png,1,retinopatia_diabetica_leve,2416,1736,2416x1736,1.391705069124424,PNG,RGB,2499301,2.383519172668457,a82b1e8f1317a977dbce9e4ea9cd99bb
2608e1dac5b1.png,2,retinopatia_diabetica_moderada,2416,1736,2416x1736,1.391705069124424,PNG,RGB,2158048,2.058074951171875,f7f85c85b989be1546308bc40e20346e
260a455692b5.png,0,sem_retinopatia_diabetica,2048,1536,2048x1536,1.3333333333333333,PNG,RGB,1898658,1.8107013702392578,18adb0e6e292d13a8180d3ee86a13a74
261c6bd63bff.png,2,retinopatia_diabetica_moderada,3388,2588,3388x2588,1.3091190108191655,PNG,RGB,3940473,3.757927894592285,49f8fcff635f12cf1a08e75e999377ff
2628305cbb29.png,4,retinopatia_diabetica_proliferativa,2416,1736,2416x1736,1.391705069124424,PNG,RGB,2206849,2.1046152114868164,092ebff0c1fbe741bd1e89660b91e36a
262ad704319c.png,4,retinopatia_diabetica_proliferativa,640,480,640x480,1.3333333333333333,PNG,RGB,326057,0.31095218658447266,437d7e6776af3b9eca0afcf0d4a48722
263d8851e33b.png,0,sem_retinopatia_diabetica,2048,1536,2048x1536,1.3333333333333333,PNG,RGB,1914955,1.8262434005737305,c09040b87250df657cec3db8a47a2735
26453eb7e989.png,2,retinopatia_diabetica_moderada,640,480,640x480,1.3333333333333333,PNG,RGB,367952,0.3509063720703125,784f2f50b8d0776471101db40aeb303d
26463a5fb949.png,4,retinopatia_diabetica_proliferativa,4288,2848,4288x2848,1.5056179775280898,PNG,RGB,4708282,4.490167617797852,a640056b30f052efef221114d5917f7d
2665f72e2dd3.png,3,retinopatia_diabetica_grave,2896,1944,2896x1944,1.4897119341563787,PNG,RGB,2028789,1.9348039627075195,c20d68d97b068253cb4186c7c940f9e2
266fbefa58fb.png,0,sem_retinopatia_diabetica,1050,1050,1050x1050,1.0,PNG,RGB,1011624,0.9647598266601562,6a5f0569b86221acc51abd889472d376
2682e6da9050.png,0,sem_retinopatia_diabetica,2588,1958,2588x1958,1.3217568947906027,PNG,RGB,5042375,4.808783531188965,ccd84fd9c410c7e149011ac0f133f844
26999ebc21de.png,2,retinopatia_diabetica_moderada,2416,1736,2416x1736,1.391705069124424,PNG,RGB,2124481,2.0260629653930664,255418738851cd0cb42b00367203e6a2
269b44e628eb.png,3,retinopatia_diabetica_grave,2588,1958,2588x1958,1.3217568947906027,PNG,RGB,5183002,4.942895889282227,2d1a6303736a144e4a309e21d6faffaa
269f0792f11f.png,2,retinopatia_diabetica_moderada,2588,1958,2588x1958,1.3217568947906027,PNG,RGB,3187959,3.0402746200561523,fdca3d4554d18b07697d49bf56b3c4cc
26cd40b57ad1.png,0,sem_retinopatia_diabetica,1050,1050,1050x1050,1.0,PNG,RGB,1051516,1.0028038024902344,ea350eaedbe16839b4f3cbf03b5691f1
26d60db3bbfd.png,0,sem_retinopatia_diabetica,819,614,819x614,1.3338762214983713,PNG,RGB,365190,0.34827232360839844,23e3666dd2bfe8acd5b0bcb6c0d0e922
26d9576e8043.png,0,sem_retinopatia_diabetica,819,614,819x614,1.3338762214983713,PNG,RGB,312367,0.2978963851928711,7d7089657d28ba08862c4c1099c8c1be
26e231747848.png,2,retinopatia_diabetica_moderada,1504,1000,1504x1000,1.504,PNG,RGB,1283623,1.2241582870483398,a91ddc619ae3b19f7343b87fb1a5fc41
26fc2358a38d.png,0,sem_retinopatia_diabetica,1050,1050,1050x1050,1.0,PNG,RGB,1002768,0.9563140869140625,8556620240d035876504ecdb3bafa856
2700754f71e9.png,2,retinopatia_diabetica_moderada,819,614,819x614,1.3338762214983713,PNG,RGB,409700,0.3907203674316406,02dbb5d60be77832fa7b0242c59abc27
272d9c043c81.png,2,retinopatia_diabetica_moderada,3388,2588,3388x2588,1.3091190108191655,PNG,RGB,7540627,7.191302299499512,ecc40f3f117f069e5f98cfdb6ff545f9
2735be026d44.png,2,retinopatia_diabetica_moderada,3388,2588,3388x2588,1.3091190108191655,PNG,RGB,3586972,3.4208030700683594,43f8136048bf38612c64e3c1525415e4
274f4de2a59d.png,0,sem_retinopatia_diabetica,1050,1050,1050x1050,1.0,PNG,RGB,1093748,1.0430793762207031,0e98100b50f7d1f08f914cb94ffaee0e
274f5029189b.png,1,retinopatia_diabetica_leve,2416,1736,2416x1736,1.391705069124424,PNG,RGB,2351153,2.242234230041504,e8f17c0f6ccd3fbaa7373dc6c1f71f71
276b14f72328.png,0,sem_retinopatia_diabetica,2588,1958,2588x1958,1.3217568947906027,PNG,RGB,5315026,5.068803787231445,a7e92ccb212a1c5efc1d3976f80fe9fc
2776d70724d3.png,2,retinopatia_diabetica_moderada,3216,2136,3216x2136,1.5056179775280898,PNG,RGB,2836409,2.705010414123535,29ee312d6ea8c6a636bb89fc3d7dcdd4
278aa860dffd.png,1,retinopatia_diabetica_leve,2416,1736,2416x1736,1.391705069124424,PNG,RGB,2086570,1.989908218383789,b985387a6d90af5b7ffd767a769e15ae
27933cdbe0cc.png,0,sem_retinopatia_diabetica,1050,1050,1050x1050,1.0,PNG,RGB,942488,0.8988265991210938,2190ae0f233ca8fb99aced3d6a5e08e1
27b68863349f.png,2,retinopatia_diabetica_moderada,2416,1736,2416x1736,1.391705069124424,PNG,RGB,2415321,2.30342960357666,852dd0ffea3e8e6a47057a92c4c0016d
27bab1432f61.png,2,retinopatia_diabetica_moderada,2416,1736,2416x1736,1.391705069124424,PNG,RGB,2124566,2.026144027709961,d0c0342b98bbd6ed4f6f6f4153a88677
27e2be850a99.png,4,retinopatia_diabetica_proliferativa,2416,1736,2416x1736,1.391705069124424,PNG,RGB,2178407,2.07749080657959,977a15cedda284b2f31fe118c438bd9b
27e4c800a449.png,1,retinopatia_diabetica_leve,2416,1736,2416x1736,1.391705069124424,PNG,RGB,2433798,2.3210506439208984,0e2894e265486fe7b3150f73a83de1da
27f82ada84ac.png,0,sem_retinopatia_diabetica,819,614,819x614,1.3338762214983713,PNG,RGB,299834,0.28594398498535156,342a80bfcd5c12a29ca96deefd0ca5b1
27fca9f12b3c.png,2,retinopatia_diabetica_moderada,2416,1736,2416x1736,1.391705069124424,PNG,RGB,2145250,2.045869827270508,49d1cb472015d37abb4a71989b3232a1
281d7b7c7676.png,4,retinopatia_diabetica_proliferativa,3388,2588,3388x2588,1.3091190108191655,PNG,RGB,7395178,7.052591323852539,92555da608e7669071f83358771e52e3
2821998fc002.png,0,sem_retinopatia_diabetica,1050,1050,1050x1050,1.0,PNG,RGB,953663,0.9094839096069336,7ecab7e7c187292312a2ce477457966f
282bc792d23a.png,2,retinopatia_diabetica_moderada,3216,2136,3216x2136,1.5056179775280898,PNG,RGB,3122391,2.9777441024780273,358ab42d1aa936a656a20d954c198e4f
283c3aeba594.png,0,sem_retinopatia_diabetica,2048,1536,2048x1536,1.3333333333333333,PNG,RGB,1944501,1.8544206619262695,4b956691f70d745da5fbfcfb11636f74
28503940d10b.png,0,sem_retinopatia_diabetica,1050,1050,1050x1050,1.0,PNG,RGB,925137,0.8822793960571289,995e6bf652d70d7f1df3afdfa5f105f3
286e9981dd9b.png,0,sem_retinopatia_diabetica,2588,1958,2588x1958,1.3217568947906027,PNG,RGB,5236511,4.993926048278809,379572bdb6d08c2c273127b3a5239192
28751f290ba3.png,0,sem_retinopatia_diabetica,1050,1050,1050x1050,1.0,PNG,RGB,1068913,1.019394874572754,059d6b22c989e296ec864bf26394ca5a
28824d12d31d.png,2,retinopatia_diabetica_moderada,4288,2848,4288x2848,1.5056179775280898,PNG,RGB,5202045,4.961056709289551,432d822b738637755287739b3a069267
289a47dcbb82.png,0,sem_retinopatia_diabetica,2048,1536,2048x1536,1.3333333333333333,PNG,RGB,1886081,1.7987070083618164,5b468f857f32a9929c5a1390d3c04f8d
28a4d00927b7.png,2,retinopatia_diabetica_moderada,2588,1958,2588x1958,1.3217568947906027,PNG,RGB,4767728,4.5468597412109375,0feec93972dca8afee4bc800be385349
28dc010a0780.png,0,sem_retinopatia_diabetica,1050,1050,1050x1050,1.0,PNG,RGB,1030774,0.9830226898193359,c71c48362a21e8a055b5ee5096106c58
28f73575e1f2.png,0,sem_retinopatia_diabetica,819,614,819x614,1.3338762214983713,PNG,RGB,301770,0.28779029846191406,f098cbb45e3442036a76a2e446f2c7d0
28f93cad89c5.png,2,retinopatia_diabetica_moderada,3388,2588,3388x2588,1.3091190108191655,PNG,RGB,6862465,6.544556617736816,6495c364cec0fb6090289ff2814c8599
28f98cfe3858.png,1,retinopatia_diabetica_leve,3388,2588,3388x2588,1.3091190108191655,PNG,RGB,3100445,2.956814765930176,c38f1c481786136ef1a35604d9ecf294
290ecdba359f.png,2,retinopatia_diabetica_moderada,3388,2588,3388x2588,1.3091190108191655,PNG,RGB,7422351,7.078505516052246,4a3c79a1870cb5570d1f9ae223b67e41
29192375ab1b.png,0,sem_retinopatia_diabetica,1050,1050,1050x1050,1.0,PNG,RGB,998326,0.9520778656005859,4195e776b7b2fa0a63845b682228c18d
291e2ff3d834.png,2,retinopatia_diabetica_moderada,2416,1736,2416x1736,1.391705069124424,PNG,RGB,1744739,1.6639127731323242,6a359d6b4b1f2593ed3cea8d2cc07b51
291f581d365e.png,0,sem_retinopatia_diabetica,2416,1736,2416x1736,1.391705069124424,PNG,RGB,2189478,2.0880489349365234,34b4cd7d072142057d82ed17f13b284b
2923971566fe.png,0,sem_retinopatia_diabetica,2416,1736,2416x1736,1.391705069124424,PNG,RGB,2236092,2.1325035095214844,cac2bb4f4311440d35942098b685cfdd
2927665214e1.png,0,sem_retinopatia_diabetica,1050,1050,1050x1050,1.0,PNG,RGB,914711,0.8723363876342773,cc080b71ec839d3ea48a178487f0bb15
29580bed2f7d.png,2,retinopatia_diabetica_moderada,2416,1736,2416x1736,1.391705069124424,PNG,RGB,1595639,1.5217199325561523,1d19095d9e02e866d73477a24d8edadc
295fdc964f6e.png,2,retinopatia_diabetica_moderada,2416,1736,2416x1736,1.391705069124424,PNG,RGB,2261537,2.1567697525024414,214cf455d7d232da8fe8904f16011346
2967e578939f.png,2,retinopatia_diabetica_moderada,2588,1958,2588x1958,1.3217568947906027,PNG,RGB,4998058,4.766519546508789,df3321e8b3616a50a3ab9d75ad0b6800
2974c6ad1d58.png,0,sem_retinopatia_diabetica,1050,1050,1050x1050,1.0,PNG,RGB,985256,0.9396133422851562,c5e0b97c657e2cdea31854313f6ba485
299086c6d1b5.png,3,retinopatia_diabetica_grave,2588,1958,2588x1958,1.3217568947906027,PNG,RGB,5086174,4.850553512573242,3f87863e757d93e38b9533fc115c7a6c
2994f17f58a5.png,1,retinopatia_diabetica_leve,2416,1736,2416x1736,1.391705069124424,PNG,RGB,2145000,2.0456314086914062,a359fe3dca9701ea6a3adcfce47f6fe5
29a13e666266.png,0,sem_retinopatia_diabetica,1050,1050,1050x1050,1.0,PNG,RGB,963782,0.9191341400146484,5e56134198b42dd30f5576cd63acd913
29b52f64d2db.png,1,retinopatia_diabetica_leve,2896,1944,2896x1944,1.4897119341563787,PNG,RGB,2275203,2.169802665710449,06cb578333e7617034033a262f5ea7f7
29bc0e721cfe.png,4,retinopatia_diabetica_proliferativa,3388,2588,3388x2588,1.3091190108191655,PNG,RGB,7227820,6.892986297607422,bf5717ad7e2341223036ee239be48b67
29d059522fa1.png,0,sem_retinopatia_diabetica,1050,1050,1050x1050,1.0,PNG,RGB,1050438,1.0017757415771484,c0eec2393d6097e2bc9e5fbc6b3c909a
29f44aea93a4.png,2,retinopatia_diabetica_moderada,3216,2136,3216x2136,1.5056179775280898,PNG,RGB,2398018,2.286928176879883,822b08a2b9d4af53578c949165eb84b4
29f9e1ac9507.png,0,sem_retinopatia_diabetica,819,614,819x614,1.3338762214983713,PNG,RGB,279621,0.26666736602783203,d69aaf33d80740d7fc3d74e2ba64bc0d
2a08ed6bbcbc.png,1,retinopatia_diabetica_leve,2416,1736,2416x1736,1.391705069124424,PNG,RGB,1821395,1.7370176315307617,4a78c08403ded8df564552dd4fa05d10
2a099b247b10.png,2,retinopatia_diabetica_moderada,1050,1050,1050x1050,1.0,PNG,RGB,979881,0.9344873428344727,ea7f4ba1d3bfa0182e92b03eb2c4a2db
2a2274bcb00a.png,0,sem_retinopatia_diabetica,2588,1958,2588x1958,1.3217568947906027,PNG,RGB,5659335,5.397162437438965,8cdf31eedc0eb5afcf1cb5f664edc56e
2a2a6435f7f3.png,0,sem_retinopatia_diabetica,1050,1050,1050x1050,1.0,PNG,RGB,1101835,1.0507917404174805,d4fb1ada74dddbf5a9630abf2796ca37
2a3378bcfbcc.png,2,retinopatia_diabetica_moderada,2416,1736,2416x1736,1.391705069124424,PNG,RGB,1827502,1.7428417205810547,0e858fd23afcc15b931d4ae7ef5aaa18
2a3a1ed1c285.png,2,retinopatia_diabetica_moderada,3216,2136,3216x2136,1.5056179775280898,PNG,RGB,5654772,5.392810821533203,fc9975c1046cd6401c1900b351fc41ea
2a4520f1f9a3.png,0,sem_retinopatia_diabetica,1050,1050,1050x1050,1.0,PNG,RGB,1009075,0.9623289108276367,d10459f9c2584586ba31685add97f6b3
2a47e5b21791.png,2,retinopatia_diabetica_moderada,2416,1736,2416x1736,1.391705069124424,PNG,RGB,2189308,2.0878868103027344,006f25913d0b0095e7a6f887dcd4a8eb
2a5a8b744f08.png,2,retinopatia_diabetica_moderada,2416,1736,2416x1736,1.391705069124424,PNG,RGB,2315062,2.207815170288086,57086d4dafa43c57d2af434988caa0ce
2a7373eeb352.png,0,sem_retinopatia_diabetica,819,614,819x614,1.3338762214983713,PNG,RGB,344872,0.32889556884765625,f29905b8daececd375967b8138db5f69
2a8a9e957a6c.png,1,retinopatia_diabetica_leve,2416,1736,2416x1736,1.391705069124424,PNG,RGB,2082890,1.986398696899414,3f225ed7b2d4f24e1ec84ebe50a3cda1
2a93334f663a.png,0,sem_retinopatia_diabetica,1050,1050,1050x1050,1.0,PNG,RGB,990312,0.9444351196289062,6a36a7906f93a112b8dae452512284e8
2af1bf226f51.png,2,retinopatia_diabetica_moderada,2588,1958,2588x1958,1.3217568947906027,PNG,RGB,3230350,3.0807018280029297,bf94cba0e358d60a4721b42b98b5822e
2b074afdf626.png,2,retinopatia_diabetica_moderada,2416,1736,2416x1736,1.391705069124424,PNG,RGB,2030376,1.9363174438476562,56bab85cd47f65c74206a368257b6a68
2b07790a2422.png,2,retinopatia_diabetica_moderada,3388,2588,3388x2588,1.3091190108191655,PNG,RGB,6817327,6.501509666442871,d8441319c05fbaca4d934c57d9bea04c
2b10f138e67d.png,0,sem_retinopatia_diabetica,819,614,819x614,1.3338762214983713,PNG,RGB,295586,0.2818927764892578,633bcc705ee866294825266970cfc97e
2b21d293fdf2.png,2,retinopatia_diabetica_moderada,3216,2136,3216x2136,1.5056179775280898,PNG,RGB,5654772,5.392810821533203,fc9975c1046cd6401c1900b351fc41ea
2b2f5a0f880d.png,0,sem_retinopatia_diabetica,2048,1536,2048x1536,1.3333333333333333,PNG,RGB,1941787,1.851832389831543,36a7a3cd469bb3f5ce73e90a1559eaf6
2b3a4a81d748.png,0,sem_retinopatia_diabetica,1050,1050,1050x1050,1.0,PNG,RGB,1074587,1.024806022644043,3e88967b9c5801b8b694033bfe43b70f
2b48daf24be0.png,3,retinopatia_diabetica_grave,2416,1736,2416x1736,1.391705069124424,PNG,RGB,1902849,1.8146982192993164,5e94c9769e009a46559da8e6dd4f4a7d
2b4c7b5f1f1e.png,0,sem_retinopatia_diabetica,1050,1050,1050x1050,1.0,PNG,RGB,839733,0.8008317947387695,c74f49cbc57b1f2409cb905454239db6
2b5bb6d33959.png,0,sem_retinopatia_diabetica,2048,1536,2048x1536,1.3333333333333333,PNG,RGB,1917487,1.828658103942871,e5cb205f096e1b478624b29068d47f1d
2b88cb6e31cd.png,2,retinopatia_diabetica_moderada,3216,2136,3216x2136,1.5056179775280898,PNG,RGB,2189919,2.0884695053100586,2ebaecace6c2aef70ec92b8c6913ae73
2ba0b0d9bda2.png,2,retinopatia_diabetica_moderada,2416,1736,2416x1736,1.391705069124424,PNG,RGB,2239390,2.135648727416992,139a8265682102abf4050cbeed33c156
2bb063318cf1.png,3,retinopatia_diabetica_grave,3216,2136,3216x2136,1.5056179775280898,PNG,RGB,3340305,3.185563087463379,3e91357a44ed128c01e5a77814c35bc8
2bb3c492d6d3.png,0,sem_retinopatia_diabetica,2588,1958,2588x1958,1.3217568947906027,PNG,RGB,5091029,4.8551836013793945,5afb05eeb06f31770db1f46dd31e0d87
2bbcfdc477db.png,4,retinopatia_diabetica_proliferativa,1844,1226,1844x1226,1.504078303425775,PNG,RGB,969879,0.9249486923217773,2420209117c44633337c031666730d8c
2bbd1f99ecc3.png,3,retinopatia_diabetica_grave,2896,1944,2896x1944,1.4897119341563787,PNG,RGB,1893469,1.8057527542114258,b39fe669a632b5ccf92a704658e20a2a
2bd4d4fbed5c.png,2,retinopatia_diabetica_moderada,3216,2136,3216x2136,1.5056179775280898,PNG,RGB,3076806,2.9342708587646484,28f3bbe87f9f7eac35a97a8d2a92cf29
2c1d5be654dd.png,2,retinopatia_diabetica_moderada,3388,2588,3388x2588,1.3091190108191655,PNG,RGB,7313263,6.974471092224121,7adc82b3450acf16483956ab0e85cfd2
2c2aa057afc5.png,2,retinopatia_diabetica_moderada,1504,1000,1504x1000,1.504,PNG,RGB,1315099,1.254176139831543,7c503683d5df9841616568d658e8036c
2c77bf969079.png,0,sem_retinopatia_diabetica,2588,1958,2588x1958,1.3217568947906027,PNG,RGB,5074150,4.839086532592773,f8d5a90f23a0e0c1b817d42b074ecfa2
2c8101f14723.png,0,sem_retinopatia_diabetica,2048,1536,2048x1536,1.3333333333333333,PNG,RGB,1801603,1.7181425094604492,d137aa896c309e002ffd11df79289c0c
2c827005b8f8.png,0,sem_retinopatia_diabetica,1050,1050,1050x1050,1.0,PNG,RGB,1051936,1.003204345703125,577ad617169db3f3c278c750525a5360
2c9dfc270f1b.png,0,sem_retinopatia_diabetica,1050,1050,1050x1050,1.0,PNG,RGB,1017235,0.9701108932495117,e4d730437b1247016ec2359863db1c12
2cacdb0dffae.png,0,sem_retinopatia_diabetica,1050,1050,1050x1050,1.0,PNG,RGB,1020512,0.973236083984375,0822f88574f456a525c41f7b81bf9020
2cbfc6182ba2.png,2,retinopatia_diabetica_moderada,3216,2136,3216x2136,1.5056179775280898,PNG,RGB,3616893,3.449337959289551,e1a3cf7a2eeda17969c357d85f6acab1
2cceb07ff706.png,2,retinopatia_diabetica_moderada,1504,1000,1504x1000,1.504,PNG,RGB,1376699,1.312922477722168,9de693d1d4aa57e91748bc3aaf0a77d6
2cdcc910778d.png,0,sem_retinopatia_diabetica,819,614,819x614,1.3338762214983713,PNG,RGB,293394,0.2798023223876953,28dd435820fc19b019dc49bc19192a29
2cef97083e6f.png,2,retinopatia_diabetica_moderada,3216,2136,3216x2136,1.5056179775280898,PNG,RGB,2262527,2.1577138900756836,ab193f429bb9ffba5184169765624265
2cf18033da31.png,0,sem_retinopatia_diabetica,2048,1536,2048x1536,1.3333333333333333,PNG,RGB,1919373,1.8304567337036133,d83c99632952537f15899daee7ea5c74
2cfe8703f265.png,0,sem_retinopatia_diabetica,2588,1958,2588x1958,1.3217568947906027,PNG,RGB,5389869,5.140179634094238,e5fa5036651d921dfe36ad00828ef1ee
2d04cead4d3a.png,0,sem_retinopatia_diabetica,2048,1536,2048x1536,1.3333333333333333,PNG,RGB,1906422,1.818105697631836,68449277e329db90c1333139c3524e5f
2d07162a13b1.png,0,sem_retinopatia_diabetica,2588,1958,2588x1958,1.3217568947906027,PNG,RGB,5094350,4.85835075378418,22f72a239e5a6a71cb6a49a2f7509a9d
2d3f4094c08a.png,0,sem_retinopatia_diabetica,2048,1536,2048x1536,1.3333333333333333,PNG,RGB,1949128,1.8588333129882812,af7112bf024d4f328d29812a5cfffe5b
2d552318eb07.png,2,retinopatia_diabetica_moderada,474,358,474x358,1.324022346368715,PNG,RGB,234100,0.22325515747070312,f1e46e611cd3157dee02b3673293a9e1
2d558de2cabe.png,0,sem_retinopatia_diabetica,2048,1536,2048x1536,1.3333333333333333,PNG,RGB,1760078,1.6785411834716797,593c2e0731e106bb187deee479017e7c
2d7666b8884f.png,1,retinopatia_diabetica_leve,1844,1226,1844x1226,1.504078303425775,PNG,RGB,1051765,1.0030412673950195,aa606d55337be453d9a7946e908574b5
2d870833c0c9.png,2,retinopatia_diabetica_moderada,3388,2588,3388x2588,1.3091190108191655,PNG,RGB,6777331,6.463366508483887,bf87053831cd1d665541f5290d64f076
2d9d97a6e713.png,1,retinopatia_diabetica_leve,2416,1736,2416x1736,1.391705069124424,PNG,RGB,2128033,2.0294504165649414,8600504ee05ee45043feebd95be0be10
2da82d14e1b7.png,0,sem_retinopatia_diabetica,1050,1050,1050x1050,1.0,PNG,RGB,935808,0.8924560546875,2e99a5a36dd5df88e761c38c063aab90
2db0cd3e30da.png,0,sem_retinopatia_diabetica,2588,1958,2588x1958,1.3217568947906027,PNG,RGB,5283264,5.03851318359375,5e50e08dc7b74a8825ca67ffe5b673c0
2dc647e00ad3.png,0,sem_retinopatia_diabetica,2588,1958,2588x1958,1.3217568947906027,PNG,RGB,5119956,4.882770538330078,5d84e144629ff26c91c5da0d6cd77738
2dd28ac497d2.png,0,sem_retinopatia_diabetica,1050,1050,1050x1050,1.0,PNG,RGB,1034294,0.9863796234130859,1042a28f9a52cbd3e2fb2047b9b35be7
2df07eb5779f.png,4,retinopatia_diabetica_proliferativa,3216,2136,3216x2136,1.5056179775280898,PNG,RGB,2626547,2.5048704147338867,9cec7a539307e196cfb77da86c8d6af5
2e26762daed5.png,2,retinopatia_diabetica_moderada,3216,2136,3216x2136,1.5056179775280898,PNG,RGB,2175603,2.0748167037963867,e5aa2df92d103f2aae951865a230d449
2e79041ef722.png,2,retinopatia_diabetica_moderada,2588,1958,2588x1958,1.3217568947906027,PNG,RGB,4999184,4.7675933837890625,6acaa4b55133da32a6c99d3b6041d35c
2eba4279e503.png,0,sem_retinopatia_diabetica,1050,1050,1050x1050,1.0,PNG,RGB,911983,0.8697347640991211,23417c0cd9c7400cadf50d888364ba39
2ecbc2e3f239.png,1,retinopatia_diabetica_leve,3388,2588,3388x2588,1.3091190108191655,PNG,RGB,4160047,3.967329978942871,a1aabe6439dec2c6f7f7b06349cbfe21
2ef10194e80d.png,0,sem_retinopatia_diabetica,2048,1536,2048x1536,1.3333333333333333,PNG,RGB,1906753,1.8184213638305664,ec413839fd946fb40fba012d6c99f4f8
2ef4a04aed1b.png,0,sem_retinopatia_diabetica,1050,1050,1050x1050,1.0,PNG,RGB,1029666,0.9819660186767578,4b43f86c329bcafdd89065f934cf465d
2ef955d6d9ff.png,0,sem_retinopatia_diabetica,819,614,819x614,1.3338762214983713,PNG,RGB,277646,0.2647838592529297,c971ef5658f4975676192f01fc859169
2f143453bb71.png,0,sem_retinopatia_diabetica,2588,1958,2588x1958,1.3217568947906027,PNG,RGB,5368501,5.1198015213012695,3caf5dbf1286de3935a891bbdf5a2e50
2f284b6a1940.png,4,retinopatia_diabetica_proliferativa,2416,1736,2416x1736,1.391705069124424,PNG,RGB,2302930,2.1962451934814453,f89060c3bb14c573b5edbba2119a22ec
2f2e1949ad56.png,1,retinopatia_diabetica_leve,2416,1736,2416x1736,1.391705069124424,PNG,RGB,2018286,1.9247875213623047,9d37a3a514a826386862f5bd3408b89b
2f42e20db938.png,3,retinopatia_diabetica_grave,2588,1958,2588x1958,1.3217568947906027,PNG,RGB,5310048,5.064056396484375,12695bb1a2b175eaac577c72e4b5771f
2f4e81787d9b.png,1,retinopatia_diabetica_leve,3388,2588,3388x2588,1.3091190108191655,PNG,RGB,3934609,3.752335548400879,8293cb0c5a801aec0f605aaba4ce33d2
2f5c9cdfb333.png,2,retinopatia_diabetica_moderada,2588,1958,2588x1958,1.3217568947906027,PNG,RGB,5390792,5.141059875488281,958e23cf619f34bc06e1aa7997c11d98
2f7789c1e046.png,4,retinopatia_diabetica_proliferativa,1504,1000,1504x1000,1.504,PNG,RGB,1344209,1.281937599182129,b7efca477da20c2db8ffd7a9a2867f2f
2f7fbdcc9a4b.png,0,sem_retinopatia_diabetica,2048,1536,2048x1536,1.3333333333333333,PNG,RGB,1929525,1.8401384353637695,32c288c25b7667eb8fce6176a7d83868
2f81ee5f2926.png,0,sem_retinopatia_diabetica,819,614,819x614,1.3338762214983713,PNG,RGB,322271,0.3073415756225586,550acaaaf7cd3fcaa336b26ececd1bc2
2f8d14a7d390.png,0,sem_retinopatia_diabetica,2588,1958,2588x1958,1.3217568947906027,PNG,RGB,4943470,4.714460372924805,a0d963da48ef56233169bc652604bb42
2f9b66784109.png,2,retinopatia_diabetica_moderada,3216,2136,3216x2136,1.5056179775280898,PNG,RGB,3054501,2.912999153137207,32449ea1d26b1da71a3415d45a94d254
2fb3a8606a77.png,2,retinopatia_diabetica_moderada,3388,2588,3388x2588,1.3091190108191655,PNG,RGB,7196127,6.862761497497559,2db3bf5237153e1fd40b175f7d24ecc2
2fde69f20585.png,4,retinopatia_diabetica_proliferativa,4288,2848,4288x2848,1.5056179775280898,PNG,RGB,5228410,4.986200332641602,4e5f41f1e07ab4b5a8d83fbf80e3e197
2fdfb80ea53c.png,0,sem_retinopatia_diabetica,1050,1050,1050x1050,1.0,PNG,RGB,861817,0.8218927383422852,67aec16ab8451476668fadc88baf7250
2fdffb6160a6.png,2,retinopatia_diabetica_moderada,2416,1736,2416x1736,1.391705069124424,PNG,RGB,2018958,1.9254283905029297,be8de833a6057a87db314eb3fe08c44f
2fe06bedb2c4.png,4,retinopatia_diabetica_proliferativa,2588,1958,2588x1958,1.3217568947906027,PNG,RGB,5665755,5.403285026550293,de60aed5abc9d7f66e2d5564ef509e72
2fefb720869a.png,0,sem_retinopatia_diabetica,2048,1536,2048x1536,1.3333333333333333,PNG,RGB,1929626,1.8402347564697266,00c773cbfaa58bfa2b14319936c17a18
300305ce82d2.png,2,retinopatia_diabetica_moderada,3216,2136,3216x2136,1.5056179775280898,PNG,RGB,2369891,2.260104179382324,6f259183c94d764f9004cefdd7b38e17
30263a7d5609.png,0,sem_retinopatia_diabetica,2588,1958,2588x1958,1.3217568947906027,PNG,RGB,5013117,4.780880928039551,5e72ef5aec2c5ab820a6f746d1228867
302bcdb635ff.png,2,retinopatia_diabetica_moderada,1844,1226,1844x1226,1.504078303425775,PNG,RGB,1095939,1.0451688766479492,d9f82e522f3c9ac61e05737fbcb69f95
3044022c6969.png,1,retinopatia_diabetica_leve,2416,1736,2416x1736,1.391705069124424,PNG,RGB,2406834,2.2953357696533203,b5b0a2781910881117ddb397011f6f2a
306c841af3fc.png,0,sem_retinopatia_diabetica,2588,1958,2588x1958,1.3217568947906027,PNG,RGB,5694651,5.430842399597168,d8ad559a3b887663cf3f50a09f73acb3
3079490a4b9c.png,0,sem_retinopatia_diabetica,1050,1050,1050x1050,1.0,PNG,RGB,819622,0.7816524505615234,9f63f52947c3a6d9d868ecc7530c4002
308f7fce6f0d.png,2,retinopatia_diabetica_moderada,2588,1958,2588x1958,1.3217568947906027,PNG,RGB,5202936,4.961906433105469,924dca7e7f0b16b54d49da1984fb3f3d
30941b65348b.png,1,retinopatia_diabetica_leve,2416,1736,2416x1736,1.391705069124424,PNG,RGB,2073329,1.977280616760254,67161855e6214ef9adb7ff6becf71572
30cab14951ac.png,1,retinopatia_diabetica_leve,2416,1736,2416x1736,1.391705069124424,PNG,RGB,2342720,2.23419189453125,cea1f713f6a0738a09ede3e4bdabebc0
30db694bee42.png,0,sem_retinopatia_diabetica,2048,1536,2048x1536,1.3333333333333333,PNG,RGB,1932727,1.8431921005249023,c7df22478816e44d1e3e5dac3bdd74e5
310c27067ac0.png,2,retinopatia_diabetica_moderada,1050,1050,1050x1050,1.0,PNG,RGB,919231,0.8766469955444336,540b151169abbfbba7de3c5043f422e3
312694ea8e6a.png,4,retinopatia_diabetica_proliferativa,2416,1736,2416x1736,1.391705069124424,PNG,RGB,2367189,2.2575273513793945,821702ad2398f79af47ab391b590ab6c
3128eb593012.png,2,retinopatia_diabetica_moderada,2588,1958,2588x1958,1.3217568947906027,PNG,RGB,5006730,4.774789810180664,1ab9306c7702f8d2cdcd821c58f72010
3132556f5352.png,0,sem_retinopatia_diabetica,1050,1050,1050x1050,1.0,PNG,RGB,925283,0.8824186325073242,e151edbaf046df8c4f6fecc62fcc9531
31360e44ac64.png,0,sem_retinopatia_diabetica,2588,1958,2588x1958,1.3217568947906027,PNG,RGB,5164615,4.925360679626465,41cc387e2c056fa4c68d8c0c89cf7fed
31452ad8808c.png,2,retinopatia_diabetica_moderada,1844,1226,1844x1226,1.504078303425775,PNG,RGB,914776,0.8723983764648438,d2438be9553fff9cce252b4ebf349d13
314862758acf.png,2,retinopatia_diabetica_moderada,2416,1736,2416x1736,1.391705069124424,PNG,RGB,1607607,1.5331335067749023,d67def12302ac6628d2b6180cd16044f
315c1a0d87fd.png,0,sem_retinopatia_diabetica,1050,1050,1050x1050,1.0,PNG,RGB,948694,0.9047451019287109,3f9175bd65972ab17d82defcbfa43ff7
31616ff6b53b.png,3,retinopatia_diabetica_grave,2416,1736,2416x1736,1.391705069124424,PNG,RGB,1991145,1.8989038467407227,d3ba1752abb5ddc934291c290ad0f4d2
3178559fbf57.png,0,sem_retinopatia_diabetica,1050,1050,1050x1050,1.0,PNG,RGB,907871,0.8658132553100586,f23d293c380aedc29e50daeea6ba8f45
318eb706a134.png,0,sem_retinopatia_diabetica,2048,1536,2048x1536,1.3333333333333333,PNG,RGB,1897529,1.8096246719360352,0c38aa960c3a10683df320992c96b0e1
31b5d6fb0256.png,2,retinopatia_diabetica_moderada,2416,1736,2416x1736,1.391705069124424,PNG,RGB,2534361,2.41695499420166,3ae44eaccfe7470a21323fc26ded4060
31cb39681f6a.png,1,retinopatia_diabetica_leve,1844,1226,1844x1226,1.504078303425775,PNG,RGB,790535,0.7539129257202148,2dfca52767ea503a3f295ca2740ea593
3206171db5be.png,4,retinopatia_diabetica_proliferativa,4288,2848,4288x2848,1.5056179775280898,PNG,RGB,5118744,4.881614685058594,fd5fe39a7ed4bada38ee88075cadb25e
3218a6d8eb2c.png,3,retinopatia_diabetica_grave,3388,2588,3388x2588,1.3091190108191655,PNG,RGB,3811032,3.6344833374023438,3b4103be2346113ad526669a5a80ad17
3232b34cbe99.png,0,sem_retinopatia_diabetica,1050,1050,1050x1050,1.0,PNG,RGB,1019522,0.9722919464111328,8efb2c0c8526f6f2800fc9ca914b3566
3246f07e65b4.png,2,retinopatia_diabetica_moderada,1844,1226,1844x1226,1.504078303425775,PNG,RGB,955421,0.9111604690551758,4d9c87e379e1b6d86d4742f5884a080f
3254e48c8aa0.png,0,sem_retinopatia_diabetica,1050,1050,1050x1050,1.0,PNG,RGB,992793,0.9468011856079102,66479b47ace918233e903b3cce32b4fd
3286073a976e.png,0,sem_retinopatia_diabetica,819,614,819x614,1.3338762214983713,PNG,RGB,339528,0.32379913330078125,1c6376ec129d3ec08902ee62065a9bec
328d141ed3aa.png,0,sem_retinopatia_diabetica,1050,1050,1050x1050,1.0,PNG,RGB,1038531,0.9904203414916992,fb7941faf84345e296816440c3b142fa
32a3eb37ff40.png,2,retinopatia_diabetica_moderada,2416,1736,2416x1736,1.391705069124424,PNG,RGB,2263778,2.158906936645508,9e94cf896df0285cc2bb3d98456225f0
32d7d360d891.png,0,sem_retinopatia_diabetica,1050,1050,1050x1050,1.0,PNG,RGB,894329,0.8528985977172852,c3392147351d83e149425b04f736ff97
32ed318235b8.png,0,sem_retinopatia_diabetica,1050,1050,1050x1050,1.0,PNG,RGB,950967,0.9069128036499023,cacb8ac418f768f45bb264d867f1147f
33105f9b3a04.png,1,retinopatia_diabetica_leve,2416,1736,2416x1736,1.391705069124424,PNG,RGB,2134363,2.035487174987793,5b3181be8aeefac80b1a03526a2c914a
331121c65e88.png,0,sem_retinopatia_diabetica,2048,1536,2048x1536,1.3333333333333333,PNG,RGB,1915020,1.8263053894042969,d10a7ee17d00c2843bd672d8892eb1e8
331b87d1b9d1.png,2,retinopatia_diabetica_moderada,2416,1736,2416x1736,1.391705069124424,PNG,RGB,1883559,1.7963018417358398,241f22845794174f2c680fd8084e1b7e
3323fd59782e.png,0,sem_retinopatia_diabetica,1050,1050,1050x1050,1.0,PNG,RGB,969899,0.9249677658081055,132fa6481fdf637d736028b0f4d019c7
3325b1fe55d2.png,0,sem_retinopatia_diabetica,1050,1050,1050x1050,1.0,PNG,RGB,918206,0.8756694793701172,607b5677676e983091a7cc86f2bfae8a
33596a635b53.png,0,sem_retinopatia_diabetica,2048,1536,2048x1536,1.3333333333333333,PNG,RGB,1940672,1.85076904296875,ed56b1eb1ffc39a470cbd787bfbf8a03
33778d136069.png,3,retinopatia_diabetica_grave,1476,1117,1476x1117,1.3213965980304387,PNG,RGB,1532542,1.4615459442138672,d73e458c31d92ee7cdc55490766ea493
338326891d84.png,0,sem_retinopatia_diabetica,2048,1536,2048x1536,1.3333333333333333,PNG,RGB,1838831,1.753645896911621,4bf24de537886ac8a11fa1c666784dc8
33b893e18eb3.png,1,retinopatia_diabetica_leve,2416,1736,2416x1736,1.391705069124424,PNG,RGB,2032647,1.9384832382202148,f55d2ee110e025fdecae5b7a1d036a3c
33b91def2035.png,0,sem_retinopatia_diabetica,819,614,819x614,1.3338762214983713,PNG,RGB,306225,0.2920389175415039,ca11fc345d49e61a9126f98cd7a091e2
33b978734eab.png,0,sem_retinopatia_diabetica,2048,1536,2048x1536,1.3333333333333333,PNG,RGB,1827645,1.7429780960083008,ff6ee7ffaa98e305b0bd84e7c4fbf1c3
33d72035c27a.png,0,sem_retinopatia_diabetica,2048,1536,2048x1536,1.3333333333333333,PNG,RGB,1923633,1.834519386291504,c34cab722c331f0d8b6d1628c7943e5a
33e7bf536fc5.png,0,sem_retinopatia_diabetica,2588,1958,2588x1958,1.3217568947906027,PNG,RGB,5228985,4.986748695373535,954224d8271065a91da08745bab62af1
33e8e26a75d4.png,2,retinopatia_diabetica_moderada,2416,1736,2416x1736,1.391705069124424,PNG,RGB,2221528,2.1186141967773438,da95fdeb2d4e0b75dee59e42df3cc332
33ffddea8c6e.png,1,retinopatia_diabetica_leve,1050,1050,1050x1050,1.0,PNG,RGB,1085687,1.0353918075561523,c9eb325f48abe6bbaef76686481a2a9f
3402124408ea.png,2,retinopatia_diabetica_moderada,2416,1736,2416x1736,1.391705069124424,PNG,RGB,2561910,2.443227767944336,f2d402cc7a3153204d59232c1b8d8fda
3428230bf1bd.png,2,retinopatia_diabetica_moderada,2416,1736,2416x1736,1.391705069124424,PNG,RGB,2084438,1.987874984741211,23dde598461b1e629ea270a78c70c94b
342edf9b889d.png,0,sem_retinopatia_diabetica,819,614,819x614,1.3338762214983713,PNG,RGB,320886,0.30602073669433594,1b2c9cb5a1e620cd8140752a9887857e
3435fd8675a2.png,3,retinopatia_diabetica_grave,1476,1117,1476x1117,1.3213965980304387,PNG,RGB,1617338,1.5424137115478516,9425d59a8cf9005d4f81587e6eebb23f
345b1f0abbba.png,0,sem_retinopatia_diabetica,2588,1958,2588x1958,1.3217568947906027,PNG,RGB,5439688,5.187690734863281,6779b90ea677756b326815fcb9f98fd1
3461dc601cc2.png,1,retinopatia_diabetica_leve,2588,1958,2588x1958,1.3217568947906027,PNG,RGB,3437504,3.27825927734375,d93d96fbfdd9ca3871126f87071c576f
34723fae6475.png,2,retinopatia_diabetica_moderada,2416,1736,2416x1736,1.391705069124424,PNG,RGB,2159742,2.059690475463867,3096f4a6706ff9f1a177226f9375d0a3
348598d01e18.png,0,sem_retinopatia_diabetica,1050,1050,1050x1050,1.0,PNG,RGB,991764,0.9458198547363281,ad04de0e4c3e3169f55d64073596efc0
3486f7096276.png,0,sem_retinopatia_diabetica,2588,1958,2588x1958,1.3217568947906027,PNG,RGB,5415643,5.164759635925293,979d947ac97b3a8b886d9a064f955ef4
349f3c0ac83e.png,2,retinopatia_diabetica_moderada,2588,1958,2588x1958,1.3217568947906027,PNG,RGB,5047046,4.813238143920898,a357cd023fb853caad831c320da42987
34a7dbd3f05c.png,0,sem_retinopatia_diabetica,2048,1536,2048x1536,1.3333333333333333,PNG,RGB,1913182,1.8245525360107422,e3323c85696db020252e3d619c3d1ad7
34acae864963.png,0,sem_retinopatia_diabetica,2048,1536,2048x1536,1.3333333333333333,PNG,RGB,1928448,1.839111328125,02113c056ff854e6a27b7cbdf25d849a
351e842842a2.png,0,sem_retinopatia_diabetica,2588,1958,2588x1958,1.3217568947906027,PNG,RGB,5289754,5.044702529907227,b7da0ce2d538f68f98c404c3698b1b1b
352e4a939242.png,3,retinopatia_diabetica_grave,2588,1958,2588x1958,1.3217568947906027,PNG,RGB,5683335,5.420050621032715,8510ce1155188960f4b6c4031fb8ef4d
35362d43e753.png,0,sem_retinopatia_diabetica,1050,1050,1050x1050,1.0,PNG,RGB,783597,0.7472963333129883,13055ecbf8f9c92c0fdb12c635227d00
354b8911d6ed.png,2,retinopatia_diabetica_moderada,3388,2588,3388x2588,1.3091190108191655,PNG,RGB,6981877,6.6584367752075195,5848b263f8fccf08b1c9027e469e239f
356304d15a5c.png,0,sem_retinopatia_diabetica,1050,1050,1050x1050,1.0,PNG,RGB,959498,0.9150485992431641,a70862695e898e68fab82765f4aec05f
35777eb7859d.png,0,sem_retinopatia_diabetica,2588,1958,2588x1958,1.3217568947906027,PNG,RGB,5499732,5.244953155517578,bfd4d5a207229b18d706f3b0430eb7f3
357f02a779d7.png,0,sem_retinopatia_diabetica,1050,1050,1050x1050,1.0,PNG,RGB,956435,0.9121274948120117,776549afc900aab30a81628c166a9fc1
3580a545016d.png,0,sem_retinopatia_diabetica,1050,1050,1050x1050,1.0,PNG,RGB,1080318,1.0302715301513672,f0528ffcfe788892839e9ff133341425
358d2224de73.png,1,retinopatia_diabetica_leve,3388,2588,3388x2588,1.3091190108191655,PNG,RGB,3642833,3.474076271057129,1d9c581aeb709ff78b548db92a36e5ab
3599029efeb3.png,0,sem_retinopatia_diabetica,2588,1958,2588x1958,1.3217568947906027,PNG,RGB,5254833,5.011399269104004,6d428af207ab81ca9952093dc1c64f58
359bab5d784b.png,0,sem_retinopatia_diabetica,1050,1050,1050x1050,1.0,PNG,RGB,933180,0.8899497985839844,c17ca6d576b10ae6de8ae480a12f9cfa
35aa7f5c2ec0.png,1,retinopatia_diabetica_leve,2416,1736,2416x1736,1.391705069124424,PNG,RGB,1957904,1.8672027587890625,6b85fba99dee00867ca00d47f8676d5d
35ac70c0d08f.png,0,sem_retinopatia_diabetica,1050,1050,1050x1050,1.0,PNG,RGB,1076207,1.026350975036621,205876a090836d49cd6a9b5b5677d963
35beb47fe159.png,0,sem_retinopatia_diabetica,1050,1050,1050x1050,1.0,PNG,RGB,1023076,0.9756813049316406,3993d7159507d8bc4c507c0dc49cea3e
35cd9832fc0a.png,0,sem_retinopatia_diabetica,1050,1050,1050x1050,1.0,PNG,RGB,1037134,0.9890880584716797,5ddac7b47f3e1c6c10377fc51d90f127
35d6c4c50072.png,1,retinopatia_diabetica_leve,2416,1736,2416x1736,1.391705069124424,PNG,RGB,2032263,1.9381170272827148,38b838ef4d93ecc7ef0474c61eb13c76
35df2bc6ae95.png,0,sem_retinopatia_diabetica,1050,1050,1050x1050,1.0,PNG,RGB,980106,0.9347019195556641,0ed2250a4cb8f41f1c97cb543f5350f4
3601dac9bed7.png,0,sem_retinopatia_diabetica,2588,1958,2588x1958,1.3217568947906027,PNG,RGB,5520181,5.2644548416137695,ec7ada75fd0c55b302bc1d016dbf576e
36041171f441.png,1,retinopatia_diabetica_leve,2416,1736,2416x1736,1.391705069124424,PNG,RGB,2109976,2.0122299194335938,73596fbf13ee7fb3fef8a6be6cea049f
360832d84ce0.png,0,sem_retinopatia_diabetica,819,614,819x614,1.3338762214983713,PNG,RGB,291909,0.27838611602783203,548469fecb3d56b060b535c6e92f4df7
362c4a96cebb.png,2,retinopatia_diabetica_moderada,4288,2848,4288x2848,1.5056179775280898,PNG,RGB,5674493,5.411618232727051,8901abed5e74c1fb63f72690f53319fd
365f8c01d994.png,1,retinopatia_diabetica_leve,1050,1050,1050x1050,1.0,PNG,RGB,822619,0.784510612487793,4ecf1a2023314b86d6dbd4488c629cc2
36677b70b1ef.png,1,retinopatia_diabetica_leve,2416,1736,2416x1736,1.391705069124424,PNG,RGB,2214945,2.1123361587524414,4c301ac57f6743f7dcfb3e6f0eb28282
367c7049929c.png,2,retinopatia_diabetica_moderada,1050,1050,1050x1050,1.0,PNG,RGB,978886,0.9335384368896484,1329ab492ab68ef2e9b571f838a57215
36865bbc64d6.png,3,retinopatia_diabetica_grave,2896,1944,2896x1944,1.4897119341563787,PNG,RGB,2090111,1.9932851791381836,658b62ef301cd194dbb932cec988ea4f
369229040a34.png,0,sem_retinopatia_diabetica,1050,1050,1050x1050,1.0,PNG,RGB,941562,0.8979434967041016,025f8466960455a3f6ed179f209996de
3694e8c8e09a.png,0,sem_retinopatia_diabetica,2588,1958,2588x1958,1.3217568947906027,PNG,RGB,5407323,5.156825065612793,bca2ef776982c414e16100b5f6537636
36a1e3c780a0.png,2,retinopatia_diabetica_moderada,2416,1736,2416x1736,1.391705069124424,PNG,RGB,2197337,2.09554386138916,a286a22ab2adb59094fe40782ac07289
36b5b3c9fb32.png,3,retinopatia_diabetica_grave,2588,1958,2588x1958,1.3217568947906027,PNG,RGB,5621679,5.361250877380371,fb008060f4aba6d9cab929366ac1744a
36e4b704b905.png,0,sem_retinopatia_diabetica,819,614,819x614,1.3338762214983713,PNG,RGB,355313,0.3388528823852539,42523886819062f6c02f7a94bec4df6f
36ec36c301c1.png,2,retinopatia_diabetica_moderada,1504,1000,1504x1000,1.504,PNG,RGB,1283623,1.2241582870483398,a91ddc619ae3b19f7343b87fb1a5fc41
370f575adb23.png,0,sem_retinopatia_diabetica,1050,1050,1050x1050,1.0,PNG,RGB,1029009,0.9813394546508789,c1b76657b72730c1746e4c181674f992
3710ff45299c.png,0,sem_retinopatia_diabetica,1050,1050,1050x1050,1.0,PNG,RGB,1053603,1.0047941207885742,9651423108c2b70b45c37d6bfb16a0f6
3730c322d35b.png,0,sem_retinopatia_diabetica,1050,1050,1050x1050,1.0,PNG,RGB,997216,0.951019287109375,6090619d7efdd5a82aa2230e3aca1d81
3732de8b416f.png,0,sem_retinopatia_diabetica,2588,1958,2588x1958,1.3217568947906027,PNG,RGB,5590822,5.331823348999023,525d3977a1c994e524175a51f58cbd83
374535e0adb8.png,4,retinopatia_diabetica_proliferativa,4288,2848,4288x2848,1.5056179775280898,PNG,RGB,5971253,5.6946306228637695,3b5f2b4308006f1dd6347a382d05ef39
3748349334f6.png,2,retinopatia_diabetica_moderada,3216,2136,3216x2136,1.5056179775280898,PNG,RGB,2215309,2.1126832962036133,c7bbe984255b10646afa532b6e5e054e
378963f9df22.png,4,retinopatia_diabetica_proliferativa,1844,1226,1844x1226,1.504078303425775,PNG,RGB,1168810,1.114664077758789,7faf48da62ecce42a534000d13c2b3ab
3796af4d987a.png,4,retinopatia_diabetica_proliferativa,2588,1958,2588x1958,1.3217568947906027,PNG,RGB,5190746,4.950281143188477,785fdb83fbf9f331185dfb64b6bdff78
37c4dfe03aba.png,4,retinopatia_diabetica_proliferativa,640,480,640x480,1.3333333333333333,PNG,RGB,383454,0.3656902313232422,11e2a3095adf66d331f0e41a70cb1d05
37c523296d42.png,0,sem_retinopatia_diabetica,1050,1050,1050x1050,1.0,PNG,RGB,1055103,1.0062246322631836,ed42391768657df56764f19830ed3dd6
37de05ef12a5.png,2,retinopatia_diabetica_moderada,3216,2136,3216x2136,1.5056179775280898,PNG,RGB,2791292,2.6619834899902344,f3aa6fab19230a818e8e0427f4676a09
38055d8b9f08.png,3,retinopatia_diabetica_grave,2416,1736,2416x1736,1.391705069124424,PNG,RGB,2059982,1.9645519256591797,920f175de0465228ee4d01c41251ec48
3810040096cb.png,4,retinopatia_diabetica_proliferativa,3216,2136,3216x2136,1.5056179775280898,PNG,RGB,3367363,3.211367607116699,a4555d9a3f5cd646dce291b5dd03f72f
3823acc4e464.png,0,sem_retinopatia_diabetica,2048,1536,2048x1536,1.3333333333333333,PNG,RGB,1946007,1.8558568954467773,444417cf7b98469b209e1df682fa9d9d
382752f6694a.png,1,retinopatia_diabetica_leve,2416,1736,2416x1736,1.391705069124424,PNG,RGB,2173296,2.0726165771484375,946ecfa68cb35fe9f63b1ab6f11902da
38373431d996.png,0,sem_retinopatia_diabetica,2048,1536,2048x1536,1.3333333333333333,PNG,RGB,1971838,1.8804912567138672,dffd4eb0c2d693602af59ed3e8356cf0
383e72af1955.png,3,retinopatia_diabetica_grave,2416,1736,2416x1736,1.391705069124424,PNG,RGB,2377966,2.2678050994873047,2c0f64920eaa5416a046020f49222fe8
384631079d1e.png,1,retinopatia_diabetica_leve,3388,2588,3388x2588,1.3091190108191655,PNG,RGB,7224523,6.8898420333862305,d0f3d6236ad075c5e34e74a890fbbc84
38487e1a5b1f.png,2,retinopatia_diabetica_moderada,1504,1000,1504x1000,1.504,PNG,RGB,1249925,1.192021369934082,4a1e67e016810e9c9ba08c9ae8be1b98
384db24ebbd7.png,0,sem_retinopatia_diabetica,1050,1050,1050x1050,1.0,PNG,RGB,939318,0.8958034515380859,0207218d37f5d4bbdfc86ddf968a6a56
384e6c915722.png,0,sem_retinopatia_diabetica,2588,1958,2588x1958,1.3217568947906027,PNG,RGB,5178388,4.938495635986328,89c63e9baefb6cee5428472d4e6cf633
387138ddf43d.png,0,sem_retinopatia_diabetica,819,614,819x614,1.3338762214983713,PNG,RGB,329359,0.3141012191772461,4cfd74ee6322ea90dcd66d972441c7de
388279491b5d.png,0,sem_retinopatia_diabetica,2048,1536,2048x1536,1.3333333333333333,PNG,RGB,1933348,1.8437843322753906,cc51d31cc395b7f22c1548b103d3cae1
388f12e8df0b.png,2,retinopatia_diabetica_moderada,3216,2136,3216x2136,1.5056179775280898,PNG,RGB,2430562,2.317964553833008,f7bf7aed3496149e929204e44609271a
389552047476.png,0,sem_retinopatia_diabetica,1050,1050,1050x1050,1.0,PNG,RGB,932443,0.889246940612793,61e4ef9f3ff09ac7c1e71b2ac32e17b1
38b9bb961847.png,1,retinopatia_diabetica_leve,1050,1050,1050x1050,1.0,PNG,RGB,838024,0.7992019653320312,6cd89ecad8b8b0213c155fd5b800ee5d
38c7153457e2.png,0,sem_retinopatia_diabetica,1050,1050,1050x1050,1.0,PNG,RGB,1096294,1.0455074310302734,e4a57680bdf10a4021945f2cc0ea95f5
38e0e28d35d3.png,1,retinopatia_diabetica_leve,1050,1050,1050x1050,1.0,PNG,RGB,986850,0.9411334991455078,9a375241eb38f98b3a44aae00e3a73b2
38e111cac46f.png,2,retinopatia_diabetica_moderada,3388,2588,3388x2588,1.3091190108191655,PNG,RGB,3879811,3.700076103210449,aaf333458d8c61b04a90b1ee2fb6a1f3
38f1901f214a.png,0,sem_retinopatia_diabetica,2588,1958,2588x1958,1.3217568947906027,PNG,RGB,5277503,5.033019065856934,29248b2f0e05d9475d536c42372b2e4a
38fe9f854046.png,2,retinopatia_diabetica_moderada,2144,1424,2144x1424,1.5056179775280898,PNG,RGB,2700206,2.5751171112060547,05f30df45f7e07befe26b995f39cad64
3908b3cfd620.png,0,sem_retinopatia_diabetica,1050,1050,1050x1050,1.0,PNG,RGB,1020858,0.9735660552978516,586d30192cee4be9ac101dc17119aa43
39134907127a.png,2,retinopatia_diabetica_moderada,3216,2136,3216x2136,1.5056179775280898,PNG,RGB,3296602,3.1438846588134766,058c55f356f09a40b362542b1880f1b7
393fa5a023a5.png,0,sem_retinopatia_diabetica,1050,1050,1050x1050,1.0,PNG,RGB,807518,0.7701091766357422,6aa506038aa9cfe8ed7fc601f4de6c55
39923b29988a.png,2,retinopatia_diabetica_moderada,1844,1226,1844x1226,1.504078303425775,PNG,RGB,994316,0.9482536315917969,3d9796197cbaaf890d96f1531361116a
39aa3cd93c50.png,3,retinopatia_diabetica_grave,2588,1958,2588x1958,1.3217568947906027,PNG,RGB,5501068,5.246227264404297,c0d2c0c25db5cfa0b02bc2dcf5deb8bb
39b5b05d6cd9.png,2,retinopatia_diabetica_moderada,2588,1958,2588x1958,1.3217568947906027,PNG,RGB,3225226,3.075815200805664,8d338c05899849a32a3ac46d7f9e26a2
39f8935185e6.png,0,sem_retinopatia_diabetica,1050,1050,1050x1050,1.0,PNG,RGB,1061351,1.0121831893920898,c1cf704131fbf8782b4e2944632b2a6c
39fd8ef3a45c.png,0,sem_retinopatia_diabetica,1050,1050,1050x1050,1.0,PNG,RGB,980342,0.9349269866943359,1cfd112271d7e2eb33fc14a4df72da7e
3a122851e526.png,2,retinopatia_diabetica_moderada,640,480,640x480,1.3333333333333333,PNG,RGB,347763,0.3316526412963867,b1c3c6737f4c2714dfba0ab8ec78121d
3a1d3ce00f0c.png,2,retinopatia_diabetica_moderada,3216,2136,3216x2136,1.5056179775280898,PNG,RGB,5798238,5.529630661010742,acc1c260da1ea686568a6f2917921775
3a1ecf5e2839.png,4,retinopatia_diabetica_proliferativa,2416,1736,2416x1736,1.391705069124424,PNG,RGB,2033212,1.9390220642089844,290efb4f8c6f31442802ef9915d5c814
3a4cfea0a766.png,0,sem_retinopatia_diabetica,1050,1050,1050x1050,1.0,PNG,RGB,969701,0.924778938293457,cfddbf32ab49c31c080b33a2168a4a03
3a61e690f4bb.png,2,retinopatia_diabetica_moderada,640,480,640x480,1.3333333333333333,PNG,RGB,342191,0.3263387680053711,c6a9726bb16e7f62c770627cbd687966
3a643599f852.png,0,sem_retinopatia_diabetica,2048,1536,2048x1536,1.3333333333333333,PNG,RGB,1678399,1.6006460189819336,0d2fa9dca36c568438268668178657fb
3a6e9730b298.png,4,retinopatia_diabetica_proliferativa,2588,1958,2588x1958,1.3217568947906027,PNG,RGB,5015274,4.782938003540039,da1d79ba55a20930a8c69caa492d5648
3aa2b1ce6700.png,2,retinopatia_diabetica_moderada,2416,1736,2416x1736,1.391705069124424,PNG,RGB,2607521,2.4867258071899414,33d0fba69155bc9407332834798ad97d
3abac0961bfd.png,0,sem_retinopatia_diabetica,1050,1050,1050x1050,1.0,PNG,RGB,964534,0.9198513031005859,603f2c695f06220464e1c7a1e247014d
3ac3fbfca7d4.png,4,retinopatia_diabetica_proliferativa,3216,2136,3216x2136,1.5056179775280898,PNG,RGB,2500703,2.3848562240600586,437618e56c1016f72a572ab0b553dd8f
3ac92ac3d65a.png,0,sem_retinopatia_diabetica,2048,1536,2048x1536,1.3333333333333333,PNG,RGB,1800834,1.7174091339111328,a7930de064d614d9f7353d82bd5a263a
3af9aaa880e9.png,0,sem_retinopatia_diabetica,1050,1050,1050x1050,1.0,PNG,RGB,1018291,0.9711179733276367,2ca1d8f038da79a064af0dfd0fc0b9d2
3b018e8b7303.png,3,retinopatia_diabetica_grave,2588,1958,2588x1958,1.3217568947906027,PNG,RGB,2592448,2.47235107421875,df8b123fa6274567b7d0aec0fa373198
3b0190bbe615.png,0,sem_retinopatia_diabetica,1050,1050,1050x1050,1.0,PNG,RGB,1017477,0.970341682434082,1d27e8670936aefe16b2c9c5811dc3a0
3b10191dfd25.png,0,sem_retinopatia_diabetica,819,614,819x614,1.3338762214983713,PNG,RGB,377522,0.3600330352783203,86d717f37bff14d906076d9bb26d704e
3b185ac445d0.png,4,retinopatia_diabetica_proliferativa,640,480,640x480,1.3333333333333333,PNG,RGB,354630,0.33820152282714844,1d9c37ffb3c7038a6e46d8ef53a3603c
3b232b394e4f.png,4,retinopatia_diabetica_proliferativa,2588,1958,2588x1958,1.3217568947906027,PNG,RGB,5976124,5.699275970458984,e42dc8d366cf56b671a976eb42ff2bdc
3b2b91590590.png,0,sem_retinopatia_diabetica,1050,1050,1050x1050,1.0,PNG,RGB,1048447,0.9998769760131836,0ccf42d09a2d7cd869355f2ab4fce7b2
3b4a5fcbe5e0.png,4,retinopatia_diabetica_proliferativa,1504,1000,1504x1000,1.504,PNG,RGB,1373861,1.310215950012207,8e6abcd4614321a1c334377cf9b78dde
3b58b02c89ed.png,2,retinopatia_diabetica_moderada,3216,2136,3216x2136,1.5056179775280898,PNG,RGB,3278233,3.12636661529541,1b5aa1166b70491fd69945d7678f8f70
3b5dffe159b6.png,0,sem_retinopatia_diabetica,1050,1050,1050x1050,1.0,PNG,RGB,1026730,0.9791660308837891,cd5c9630b6f6cc0682b9691305405b56
3b73a3a4a734.png,1,retinopatia_diabetica_leve,2416,1736,2416x1736,1.391705069124424,PNG,RGB,2037346,1.9429645538330078,763f43030d0dd3e5ab1bbcd0b92ab4c7
3b9817a39adf.png,0,sem_retinopatia_diabetica,1050,1050,1050x1050,1.0,PNG,RGB,953897,0.9097070693969727,b0400b1271059bccefbe5808c2fc43d2
3b9c1f42c2f2.png,2,retinopatia_diabetica_moderada,3216,2136,3216x2136,1.5056179775280898,PNG,RGB,2736627,2.6098508834838867,a23d320545d11cc5f9e801edeb1dec62
3bf2deaa5ef0.png,0,sem_retinopatia_diabetica,1050,1050,1050x1050,1.0,PNG,RGB,1029861,0.982151985168457,9fcd6e3dfc24f06572ebbc449ac3b381
3bf3085ac167.png,0,sem_retinopatia_diabetica,1050,1050,1050x1050,1.0,PNG,RGB,1040209,0.9920206069946289,70338117cb779139af4e69360b1dde1d
3c1efa38d0da.png,2,retinopatia_diabetica_moderada,2588,1958,2588x1958,1.3217568947906027,PNG,RGB,5072187,4.837214469909668,996d65fdb073fe8dbc6fbe4a6277bdea
3c28fd846b43.png,0,sem_retinopatia_diabetica,1050,1050,1050x1050,1.0,PNG,RGB,938269,0.8948030471801758,38239dd1c6bb4b9c0d8e719c688dc765
3c311c9109b0.png,2,retinopatia_diabetica_moderada,2416,1736,2416x1736,1.391705069124424,PNG,RGB,2257886,2.153287887573242,653b0f8bc0de3cef927d7ab1a157a2a6
3c326543fff6.png,0,sem_retinopatia_diabetica,2048,1536,2048x1536,1.3333333333333333,PNG,RGB,1872464,1.7857208251953125,dad781ba5eea1fe5c71ff9884bebf893
3c42512c81e0.png,0,sem_retinopatia_diabetica,1050,1050,1050x1050,1.0,PNG,RGB,953767,0.9095830917358398,4d74d626ac856b343b5816c0ece23e05
3c53198519f7.png,2,retinopatia_diabetica_moderada,2144,1424,2144x1424,1.5056179775280898,PNG,RGB,2634003,2.5119810104370117,621ea25694ed9b66999b2a4ec91fe632
3c726de3ee90.png,1,retinopatia_diabetica_leve,3216,2136,3216x2136,1.5056179775280898,PNG,RGB,2625679,2.504042625427246,5ad201a2ffc37910540fc0a2324f71b4
3c72f580d4ba.png,1,retinopatia_diabetica_leve,1050,1050,1050x1050,1.0,PNG,RGB,857555,0.8178281784057617,3d20d42f93825daf3d83a8dd564d02e0
3c78bfca247b.png,4,retinopatia_diabetica_proliferativa,3388,2588,3388x2588,1.3091190108191655,PNG,RGB,7223757,6.889111518859863,b0d54688ecf77c32711f34c40b50a62d
3c9529918097.png,0,sem_retinopatia_diabetica,1050,1050,1050x1050,1.0,PNG,RGB,981233,0.9357767105102539,2ad5f3d34580afe05c4e19eb94ef9292
3ca12e02dd4e.png,0,sem_retinopatia_diabetica,1050,1050,1050x1050,1.0,PNG,RGB,1059740,1.0106468200683594,09698961df8235ccd88d2f3404b9c9bc
3ca637fddd56.png,4,retinopatia_diabetica_proliferativa,1504,1000,1504x1000,1.504,PNG,RGB,1373861,1.310215950012207,8e6abcd4614321a1c334377cf9b78dde
3ca8be3b40d6.png,0,sem_retinopatia_diabetica,819,614,819x614,1.3338762214983713,PNG,RGB,289364,0.2759590148925781,ef8a302271e5b657463bc3a2765a1f93
3cab32dd6ef9.png,0,sem_retinopatia_diabetica,1050,1050,1050x1050,1.0,PNG,RGB,1007420,0.9607505798339844,4a4530208e91c4da9679043a86deb41e
3ccf96c1dd6d.png,4,retinopatia_diabetica_proliferativa,3216,2136,3216x2136,1.5056179775280898,PNG,RGB,3092215,2.9489660263061523,10fc2f844f8d547ba117671babc93732
3cd801ffdbf0.png,2,retinopatia_diabetica_moderada,1504,1000,1504x1000,1.504,PNG,RGB,1383016,1.3189468383789062,22f5076c4ee1788e4e80c44b3d459e93
3cd9713c0ecb.png,0,sem_retinopatia_diabetica,1050,1050,1050x1050,1.0,PNG,RGB,965164,0.9204521179199219,b1a2c409d4139092b9fb7bd91250b530
3cdda8b3df19.png,2,retinopatia_diabetica_moderada,2416,1736,2416x1736,1.391705069124424,PNG,RGB,2090426,1.9935855865478516,d6bc67dfce7c3b687092a720525db71c
3cdef7c591cc.png,0,sem_retinopatia_diabetica,819,614,819x614,1.3338762214983713,PNG,RGB,284758,0.27156639099121094,e5c7fe8a6dd491c8918a653f4141b4ec
3ce2f8a77a32.png,0,sem_retinopatia_diabetica,2048,1536,2048x1536,1.3333333333333333,PNG,RGB,1647342,1.5710277557373047,a47802756b8526789d0cc05e848e58bf
3d2ecffe0386.png,0,sem_retinopatia_diabetica,819,614,819x614,1.3338762214983713,PNG,RGB,284189,0.2710237503051758,4aef6b0e745ae446a1ab4d76d727ecf6
3d3e288d490e.png,2,retinopatia_diabetica_moderada,2896,1944,2896x1944,1.4897119341563787,PNG,RGB,2182567,2.08145809173584,146859b74a79294cd389204fac2db9c4
3d663a6a50a3.png,2,retinopatia_diabetica_moderada,1844,1226,1844x1226,1.504078303425775,PNG,RGB,859645,0.8198213577270508,d55da00565be4f0d2fa966ddd8bc6d97
3dbc90c7ee7d.png,1,retinopatia_diabetica_leve,2588,1958,2588x1958,1.3217568947906027,PNG,RGB,4716737,4.498230934143066,49d0ff42f054513b603452831b7c876b
3dbfbc11e105.png,2,retinopatia_diabetica_moderada,3216,2136,3216x2136,1.5056179775280898,PNG,RGB,6185982,5.899412155151367,aa0c64b332d5317ae2b0634820d10bb9
3ddb86eb530e.png,2,retinopatia_diabetica_moderada,2588,1958,2588x1958,1.3217568947906027,PNG,RGB,2812590,2.6822948455810547,94b52a8f1ebd919f2e54e7b7fdf5f50c
3de8ad4151e1.png,1,retinopatia_diabetica_leve,2416,1736,2416x1736,1.391705069124424,PNG,RGB,2042577,1.947953224182129,12e9e5a5153a87d7b714821245be0176
3dec415b188a.png,0,sem_retinopatia_diabetica,1050,1050,1050x1050,1.0,PNG,RGB,1000084,0.9537544250488281,33fe03bbd46fbfb2589abe6fb3f1189a
3dfc50108072.png,2,retinopatia_diabetica_moderada,2416,1736,2416x1736,1.391705069124424,PNG,RGB,1666626,1.5894184112548828,21b4c8f81d908c1cb21ff34a4c0a1ece
3e1f8fecb06f.png,2,retinopatia_diabetica_moderada,1504,1000,1504x1000,1.504,PNG,RGB,780909,0.7447328567504883,4be64fe19dc9a5c29c345aebf9f796f6
3e3a3955b9c5.png,3,retinopatia_diabetica_grave,2416,1736,2416x1736,1.391705069124424,PNG,RGB,2098819,2.001589775085449,b35f08012b36c190a23c2755d893851f
3e61703b5ab2.png,0,sem_retinopatia_diabetica,2048,1536,2048x1536,1.3333333333333333,PNG,RGB,1843375,1.757979393005371,8cb79d48f15a24de0a01177d87790772
3e6bfc4d5c65.png,2,retinopatia_diabetica_moderada,2588,1958,2588x1958,1.3217568947906027,PNG,RGB,5299453,5.053952217102051,2f54ac6b618bcf71d3ca8547e3a6138b
3e86335bc2fd.png,2,retinopatia_diabetica_moderada,1504,1000,1504x1000,1.504,PNG,RGB,1343114,1.280893325805664,23990e3cba419d62846f8f90f7c589a2
3ee17aa12e46.png,1,retinopatia_diabetica_leve,2416,1736,2416x1736,1.391705069124424,PNG,RGB,2024417,1.9306344985961914,cacd2dd1504cad913d26f45a61f4e849
3ee4841936ef.png,4,retinopatia_diabetica_proliferativa,2416,1736,2416x1736,1.391705069124424,PNG,RGB,2177928,2.0770339965820312,904f4908413390a79e0c6f294f056796
3f0d3629d69e.png,0,sem_retinopatia_diabetica,2048,1536,2048x1536,1.3333333333333333,PNG,RGB,1965539,1.8744840621948242,8444268ce9ab5d7313378cf71c759602
3f3de2a6b0f5.png,2,retinopatia_diabetica_moderada,2588,1958,2588x1958,1.3217568947906027,PNG,RGB,3153348,3.0072669982910156,a648e67e7c24a43dcfe5898709e6dd91
3f44d749cd0b.png,0,sem_retinopatia_diabetica,2416,1736,2416x1736,1.391705069124424,PNG,RGB,1778424,1.6960372924804688,319b37310cab5383d72f3ecdd6385fd2
3f47f83217b5.png,2,retinopatia_diabetica_moderada,2416,1736,2416x1736,1.391705069124424,PNG,RGB,1950979,1.8605985641479492,f1cb15c42a6ee4d6b641d6fed1d27e76
3f49f8d100e9.png,3,retinopatia_diabetica_grave,2588,1958,2588x1958,1.3217568947906027,PNG,RGB,5281223,5.036566734313965,cb08127c794641222ffcb85752e2e8e9
3f5b4c2948e8.png,2,retinopatia_diabetica_moderada,1050,1050,1050x1050,1.0,PNG,RGB,981486,0.9360179901123047,7721ee04aa26f3df9a1a300c50d62160
3f6bccf21ce8.png,0,sem_retinopatia_diabetica,1050,1050,1050x1050,1.0,PNG,RGB,1035548,0.9875755310058594,a0621976f567eaeb7f564fda3355c9ee
3f6c627e2ff2.png,0,sem_retinopatia_diabetica,1050,1050,1050x1050,1.0,PNG,RGB,899767,0.8580846786499023,13bb0179548ccdd67a87ef6ba432c603
3f73c91b7e32.png,1,retinopatia_diabetica_leve,2416,1736,2416x1736,1.391705069124424,PNG,RGB,2077627,1.981379508972168,ed28c974a8b32191d3616d101b3a144c
3f752fcccec0.png,4,retinopatia_diabetica_proliferativa,2416,1736,2416x1736,1.391705069124424,PNG,RGB,2342957,2.2344179153442383,ccf82490d340f969e69dafda99da3467
3f82631e9080.png,0,sem_retinopatia_diabetica,2048,1536,2048x1536,1.3333333333333333,PNG,RGB,1925806,1.8365917205810547,7c0e15f03406279b12c43b6d7c46c386
3f8d5c940ba4.png,2,retinopatia_diabetica_moderada,3388,2588,3388x2588,1.3091190108191655,PNG,RGB,7318451,6.979418754577637,7ca5f863229fa6dd6b716547b8dad9dd
3f98be586fe3.png,0,sem_retinopatia_diabetica,1050,1050,1050x1050,1.0,PNG,RGB,870180,0.8298683166503906,b153262e459d34fe7183b3ee7b75b592
3fa4f4d77177.png,3,retinopatia_diabetica_grave,2416,1736,2416x1736,1.391705069124424,PNG,RGB,2092808,1.9958572387695312,57fa79d606698d6e6b36a4049106d9dc
3fc219927a97.png,2,retinopatia_diabetica_moderada,2416,1736,2416x1736,1.391705069124424,PNG,RGB,2585095,2.465338706970215,8bc786218a8a8768e6b1fe4c285e1867
3fd45879afe6.png,0,sem_retinopatia_diabetica,1050,1050,1050x1050,1.0,PNG,RGB,883702,0.8427639007568359,5a6a00ba1c82128c3dd63dd8e9ac520d
3fd7df6099e3.png,2,retinopatia_diabetica_moderada,2144,1424,2144x1424,1.5056179775280898,PNG,RGB,2781409,2.6525583267211914,41c7dd89e5657c1808c2aa87ee3310cd
3fe282197c1c.png,0,sem_retinopatia_diabetica,2048,1536,2048x1536,1.3333333333333333,PNG,RGB,1943865,1.8538141250610352,d2b0cf56d6c50a73eeac79b8f5089765
3ffa14d60b24.png,2,retinopatia_diabetica_moderada,3216,2136,3216x2136,1.5056179775280898,PNG,RGB,2396783,2.285750389099121,081b51bdd8a61be667c3071076790226
40140a925c43.png,2,retinopatia_diabetica_moderada,2416,1736,2416x1736,1.391705069124424,PNG,RGB,2089862,1.9930477142333984,12b145c259f5c425d6571bc5ae894262
401fdfd0db07.png,0,sem_retinopatia_diabetica,1050,1050,1050x1050,1.0,PNG,RGB,1027248,0.9796600341796875,926867c3cca8577a880dc736badf4798
4029d70e9d8a.png,1,retinopatia_diabetica_leve,4288,2848,4288x2848,1.5056179775280898,PNG,RGB,4600054,4.386953353881836,4ff962b0d4ea400049e9095680a421b0
4036471a1bb7.png,0,sem_retinopatia_diabetica,2048,1536,2048x1536,1.3333333333333333,PNG,RGB,1879754,1.792673110961914,f51522dbf061759d0187f17da3571347
404ede327e98.png,0,sem_retinopatia_diabetica,819,614,819x614,1.3338762214983713,PNG,RGB,305583,0.2914266586303711,a6f1b4ff09d986185221e2fa4b9c03b4
405085b53d7b.png,0,sem_retinopatia_diabetica,1050,1050,1050x1050,1.0,PNG,RGB,1049671,1.0010442733764648,8d030bfe5e4d8f7606453ccb8ef67f17
40527a5e95dd.png,2,retinopatia_diabetica_moderada,2416,1736,2416x1736,1.391705069124424,PNG,RGB,2041833,1.9472436904907227,79bbbb01cfc876fd4cf157ac808f8e0d
405b4f78658f.png,3,retinopatia_diabetica_grave,2146,1764,2146x1764,1.2165532879818595,PNG,RGB,1903521,1.8153390884399414,dd719f4b029b6f53240c995fc9fa383c
408ea9d5e082.png,4,retinopatia_diabetica_proliferativa,3388,2588,3388x2588,1.3091190108191655,PNG,RGB,6809501,6.494046211242676,74b78dac315e8cd0c553dfc4ea63d07d
40c24aded50c.png,0,sem_retinopatia_diabetica,1050,1050,1050x1050,1.0,PNG,RGB,909845,0.8676958084106445,39f45aec75bc8dcadf1e281d9e5eab32
40dd4e6e4444.png,0,sem_retinopatia_diabetica,2048,1536,2048x1536,1.3333333333333333,PNG,RGB,1940441,1.8505487442016602,1787001b2967e9db83f8eea92d94ac22
40e9b5630438.png,1,retinopatia_diabetica_leve,2416,1736,2416x1736,1.391705069124424,PNG,RGB,2272382,2.167112350463867,e7ec65d286ccf33375db4c82254b2ab5
41345cec5957.png,0,sem_retinopatia_diabetica,2048,1536,2048x1536,1.3333333333333333,PNG,RGB,1683390,1.6054058074951172,a7322af808f5f081f19031c9562b3dc0
4134b290f5f3.png,0,sem_retinopatia_diabetica,2588,1958,2588x1958,1.3217568947906027,PNG,RGB,5840384,5.56982421875,eaf382e7ead4c070d1251d23ce746c9d
4145dcb25053.png,0,sem_retinopatia_diabetica,2048,1536,2048x1536,1.3333333333333333,PNG,RGB,1917196,1.8283805847167969,76331f8f561bc2d42a470a2cabe927c6
4158c340fa49.png,0,sem_retinopatia_diabetica,2588,1958,2588x1958,1.3217568947906027,PNG,RGB,2399587,2.288424491882324,16ddd9194addba4c4600db633f4719d3
415d5c5e785f.png,0,sem_retinopatia_diabetica,1050,1050,1050x1050,1.0,PNG,RGB,903156,0.8613166809082031,34caa9e19b98aa01aaf152cab3058680
415f2d2bd2a1.png,0,sem_retinopatia_diabetica,1050,1050,1050x1050,1.0,PNG,RGB,1026734,0.9791698455810547,94c386a52857832a7ba6dc2a3845f8ae
417f408ee8e0.png,2,retinopatia_diabetica_moderada,2588,1958,2588x1958,1.3217568947906027,PNG,RGB,4946289,4.717148780822754,1a851ab7e6ce6c9b98093e5912030811
4189d4e631ec.png,2,retinopatia_diabetica_moderada,2416,1736,2416x1736,1.391705069124424,PNG,RGB,2392952,2.2820968627929688,f7f3876b101caf4771dfd18059acbc64
419406328dcd.png,2,retinopatia_diabetica_moderada,3216,2136,3216x2136,1.5056179775280898,PNG,RGB,2599781,2.479344367980957,d93b64ee5ddc54712c553a29ea2aacae
41960d5f58c2.png,0,sem_retinopatia_diabetica,2588,1958,2588x1958,1.3217568947906027,PNG,RGB,5672924,5.410121917724609,85730ce47705c493ef4f12e575e52cc3
41ab357d103f.png,0,sem_retinopatia_diabetica,819,614,819x614,1.3338762214983713,PNG,RGB,296949,0.28319263458251953,c9a6ad0d7bf66ce8e56ee24e57484943
4205e9deb058.png,0,sem_retinopatia_diabetica,1050,1050,1050x1050,1.0,PNG,RGB,616830,0.5882549285888672,23c907e5dc51a36a53ee3c2ae7c4d3c9
4210809074c1.png,0,sem_retinopatia_diabetica,1050,1050,1050x1050,1.0,PNG,RGB,1104909,1.0537233352661133,44cf4f6ffcf50d912410e4c2a0966d94
423abbaa5fad.png,2,retinopatia_diabetica_moderada,3216,2136,3216x2136,1.5056179775280898,PNG,RGB,2949571,2.812930107116699,7742c1f9023aecb1ca800461dab9a2f3
4242c0d87f57.png,2,retinopatia_diabetica_moderada,2588,1958,2588x1958,1.3217568947906027,PNG,RGB,5424660,5.173358917236328,7cda848d1e457263b59a28515b40898c
4246ed634f25.png,2,retinopatia_diabetica_moderada,2416,1736,2416x1736,1.391705069124424,PNG,RGB,1807805,1.7240571975708008,d097bf92e05d5f606df65d214705bdab
4276b82e4489.png,0,sem_retinopatia_diabetica,2048,1536,2048x1536,1.3333333333333333,PNG,RGB,1905057,1.8168039321899414,ad80a4bc8b2a36b4a36531122930d3fd
4289af3afbd2.png,2,retinopatia_diabetica_moderada,3216,2136,3216x2136,1.5056179775280898,PNG,RGB,3260830,3.109769821166992,82e34b255e14756949a917f9ffd39cac
4294a14c656a.png,3,retinopatia_diabetica_grave,3216,2136,3216x2136,1.5056179775280898,PNG,RGB,2796239,2.666701316833496,44d94ff08d3bced748d7d19ea34e33c4
42985aa2e32f.png,0,sem_retinopatia_diabetica,2416,1736,2416x1736,1.391705069124424,PNG,RGB,2023860,1.9301033020019531,744cd9e1e5b28be9b4ed20c7698e2634
42a67337fa8e.png,2,retinopatia_diabetica_moderada,2588,1958,2588x1958,1.3217568947906027,PNG,RGB,5152918,4.914205551147461,fea746f1796af555bc25a1c9444de5e7
42a850acd2ac.png,2,retinopatia_diabetica_moderada,2416,1736,2416x1736,1.391705069124424,PNG,RGB,2511826,2.3954639434814453,ece61abc754cc776d087ab5ba13e3837
42af7282349b.png,0,sem_retinopatia_diabetica,2588,1958,2588x1958,1.3217568947906027,PNG,RGB,5093318,4.857366561889648,b44457ccee0776fac54baa25e3412038
42b08dca9b2f.png,2,retinopatia_diabetica_moderada,2416,1736,2416x1736,1.391705069124424,PNG,RGB,2088877,1.9921083450317383,d3de22072d9d307b3a3c9b2b5e4b3e80
42b93b574f23.png,2,retinopatia_diabetica_moderada,1050,1050,1050x1050,1.0,PNG,RGB,835306,0.7966098785400391,eb0bf5df9fa33b3eccfbe97bcfb433fa
42b9c1977681.png,0,sem_retinopatia_diabetica,1050,1050,1050x1050,1.0,PNG,RGB,1144776,1.0917434692382812,d0ac26bd7f02ecf08af5276dff604b53
42c65af5ab16.png,0,sem_retinopatia_diabetica,2048,1536,2048x1536,1.3333333333333333,PNG,RGB,1791779,1.7087736129760742,d3b370c005309b5a410a20a149119338
42cc993f23a9.png,3,retinopatia_diabetica_grave,2588,1958,2588x1958,1.3217568947906027,PNG,RGB,5378987,5.1298017501831055,d97144a26d13bb4878e0eb3fbb1df444
4318b6adeb97.png,0,sem_retinopatia_diabetica,2048,1536,2048x1536,1.3333333333333333,PNG,RGB,1924142,1.8350048065185547,e71ce2cb3d1bacf1346652038dfb4468
4350a1b2f3cb.png,0,sem_retinopatia_diabetica,1050,1050,1050x1050,1.0,PNG,RGB,895797,0.8542985916137695,eb259d963fba73d2d7725265072bb425
435414ccccf7.png,0,sem_retinopatia_diabetica,2048,1536,2048x1536,1.3333333333333333,PNG,RGB,1933703,1.8441228866577148,619ce3e72fd8feb8d3468bfbb25cd3eb
435d900fa7b2.png,2,retinopatia_diabetica_moderada,2416,1736,2416x1736,1.391705069124424,PNG,RGB,2847183,2.715285301208496,a6e3a43a938c5632d1d6d000c8d62777
4360a112db10.png,3,retinopatia_diabetica_grave,2896,1944,2896x1944,1.4897119341563787,PNG,RGB,2215747,2.113101005554199,864d899929af6093fa1e7830d36aac5f
436e1793d240.png,2,retinopatia_diabetica_moderada,2588,1958,2588x1958,1.3217568947906027,PNG,RGB,5148513,4.910004615783691,790c4656b7ad6ef25b49dee4a1a448db
436e7a7af761.png,0,sem_retinopatia_diabetica,2048,1536,2048x1536,1.3333333333333333,PNG,RGB,1902958,1.8148021697998047,ae12e3f0ee8e1b9b93b8dec78d5eea47
436fa3fd145a.png,0,sem_retinopatia_diabetica,2048,1536,2048x1536,1.3333333333333333,PNG,RGB,1859823,1.773665428161621,527979d8f0570b5f7744a41ff355475d
437900a99871.png,2,retinopatia_diabetica_moderada,2588,1958,2588x1958,1.3217568947906027,PNG,RGB,5219142,4.977361679077148,467b8d01f3c11c0ec8c737092dccc3c0
437cbec4a3f8.png,2,retinopatia_diabetica_moderada,2416,1736,2416x1736,1.391705069124424,PNG,RGB,2253307,2.148921012878418,09e5ffe4a29a6a06f6cea6d9ab9cfabe
43823561c3f0.png,0,sem_retinopatia_diabetica,2048,1536,2048x1536,1.3333333333333333,PNG,RGB,1914981,1.826268196105957,481d7c2040bf228fd03dbe750c7bfbd7
4384fa687afa.png,2,retinopatia_diabetica_moderada,2416,1736,2416x1736,1.391705069124424,PNG,RGB,2209761,2.1073923110961914,7e0bc10162e7d08de3e7fddb82d4258b
4393c5bc576a.png,1,retinopatia_diabetica_leve,2896,1944,2896x1944,1.4897119341563787,PNG,RGB,2342078,2.233579635620117,47673a2b1f0e0970a15d2a9b251904cd
43bc7c066dfb.png,0,sem_retinopatia_diabetica,1050,1050,1050x1050,1.0,PNG,RGB,1099562,1.048624038696289,5ef0b7c3792e9c1d839b2998fa028378
43ddd0ab0cc4.png,2,retinopatia_diabetica_moderada,3388,2588,3388x2588,1.3091190108191655,PNG,RGB,7141534,6.810697555541992,cd58015492350ec09a7232a0041c276a
43e9c66eb0f3.png,0,sem_retinopatia_diabetica,2588,1958,2588x1958,1.3217568947906027,PNG,RGB,5525991,5.26999568939209,281431a1315f86692577c9fdee635db9
43f22d1be8dd.png,0,sem_retinopatia_diabetica,819,614,819x614,1.3338762214983713,PNG,RGB,305070,0.2909374237060547,5f69a9c371b955ed058b8edafd946bc4
43fb6eda9b97.png,2,retinopatia_diabetica_moderada,2144,1424,2144x1424,1.5056179775280898,PNG,RGB,2751322,2.6238651275634766,781b4bf238bc2bba180d85f615a988a6
4403538fb50f.png,0,sem_retinopatia_diabetica,1050,1050,1050x1050,1.0,PNG,RGB,983106,0.9375629425048828,8493c4938292705abc6ef364689af21a
4409965eb2a4.png,0,sem_retinopatia_diabetica,1050,1050,1050x1050,1.0,PNG,RGB,945170,0.9013843536376953,d27f5e258cd568d225d1a954bef62f2d
441117562359.png,2,retinopatia_diabetica_moderada,3216,2136,3216x2136,1.5056179775280898,PNG,RGB,2866872,2.7340621948242188,9609ff36ff43af139938ee5043a715d2
441848e0f308.png,0,sem_retinopatia_diabetica,819,614,819x614,1.3338762214983713,PNG,RGB,320378,0.30553627014160156,ee639ecef40867503c50cb954d0eb6c6
441affbe99aa.png,2,retinopatia_diabetica_moderada,640,480,640x480,1.3333333333333333,PNG,RGB,367366,0.35034751892089844,b0fa8cf7954aaa802d02a87cfddd0249
44271f3cb18f.png,0,sem_retinopatia_diabetica,819,614,819x614,1.3338762214983713,PNG,RGB,303132,0.2890892028808594,73b0ab87b8b884029644a3e2b6a68632
445a8a6da55c.png,0,sem_retinopatia_diabetica,1050,1050,1050x1050,1.0,PNG,RGB,915751,0.8733282089233398,87bb426925f4a6fde01dc7602b002b4a
4462fba1d2a1.png,4,retinopatia_diabetica_proliferativa,3216,2136,3216x2136,1.5056179775280898,PNG,RGB,2829058,2.697999954223633,acab13bbe1df4e50f5c4ab78be122542
4464bb62bf20.png,0,sem_retinopatia_diabetica,2588,1958,2588x1958,1.3217568947906027,PNG,RGB,5483061,5.2290544509887695,2bb3c2931c7580f31a4a05bc943dd524
4478b870e549.png,2,retinopatia_diabetica_moderada,2416,1736,2416x1736,1.391705069124424,PNG,RGB,1979267,1.8875761032104492,68f75c9743a9d3da65563398bd08007a
44855f666225.png,2,retinopatia_diabetica_moderada,2588,1958,2588x1958,1.3217568947906027,PNG,RGB,3791373,3.6157350540161133,c7058a0418d18098dbdb7bb6417d96e1
44878f34e31f.png,0,sem_retinopatia_diabetica,1050,1050,1050x1050,1.0,PNG,RGB,946857,0.9029932022094727,4c6642f0f9cae3df4f9ee00aba697c41
4489d421e5aa.png,2,retinopatia_diabetica_moderada,3216,2136,3216x2136,1.5056179775280898,PNG,RGB,2984121,2.845879554748535,e34fef51ee1e9a82d96195f74faa807d
44976c3b11a6.png,0,sem_retinopatia_diabetica,2588,1958,2588x1958,1.3217568947906027,PNG,RGB,5346144,5.098480224609375,ddcb6ab693b7e9d5aec2ed20188b9a3e
44a4d04162cc.png,0,sem_retinopatia_diabetica,1050,1050,1050x1050,1.0,PNG,RGB,1099368,1.0484390258789062,17704ddc9fb24d161ba852d1b1849d87
44a86263117b.png,0,sem_retinopatia_diabetica,1050,1050,1050x1050,1.0,PNG,RGB,952918,0.9087734222412109,551ce6fff4bd744b180613dc5f65a8c2
44c869174e3a.png,2,retinopatia_diabetica_moderada,3216,2136,3216x2136,1.5056179775280898,PNG,RGB,2001257,1.9085474014282227,761daff0007129e66a8a59d4b8f1dd96
44e0d56e9d42.png,2,retinopatia_diabetica_moderada,3216,2136,3216x2136,1.5056179775280898,PNG,RGB,1961364,1.8705024719238281,33364fc99dcd993969ca6a9587158a8b
44e951e45dca.png,2,retinopatia_diabetica_moderada,2416,1736,2416x1736,1.391705069124424,PNG,RGB,1902454,1.814321517944336,44951de275d7f269ce3aae900b6af285
44ecf3f4efa5.png,4,retinopatia_diabetica_proliferativa,2416,1736,2416x1736,1.391705069124424,PNG,RGB,2088245,1.9915056228637695,10c3411a9ee61bbe8588638edda6335c
44f4ae58990e.png,2,retinopatia_diabetica_moderada,2416,1736,2416x1736,1.391705069124424,PNG,RGB,1808555,1.7247724533081055,349ad8248a9521fe2605ccc30816e7ff
44f7f3ef9d50.png,0,sem_retinopatia_diabetica,2588,1958,2588x1958,1.3217568947906027,PNG,RGB,5185106,4.944902420043945,5d693932b6237fe617657005fb5776a0
4528fbbd43a3.png,0,sem_retinopatia_diabetica,1050,1050,1050x1050,1.0,PNG,RGB,1131960,1.0795211791992188,6c74498761410d22e3a0bfa89993a7df
45369821d6a3.png,0,sem_retinopatia_diabetica,1050,1050,1050x1050,1.0,PNG,RGB,998108,0.9518699645996094,63d45afa314ca4edc5936804ad9bf0d9
453a1e2754b2.png,2,retinopatia_diabetica_moderada,640,480,640x480,1.3333333333333333,PNG,RGB,305138,0.2910022735595703,0c15a7e90f0ecd28713ec62a47ac1ae8
453d553b0a94.png,2,retinopatia_diabetica_moderada,3216,2136,3216x2136,1.5056179775280898,PNG,RGB,2726581,2.6002702713012695,f9b9ca513cbf518e4802c6c3b8a309ee
454792eb6e05.png,0,sem_retinopatia_diabetica,2048,1536,2048x1536,1.3333333333333333,PNG,RGB,1907014,1.8186702728271484,b37b75e96a7e496cedcc29b24ce6ffcd
454a944eb557.png,0,sem_retinopatia_diabetica,819,614,819x614,1.3338762214983713,PNG,RGB,299151,0.2852926254272461,3b7787a20554deff15834c7ac4bbb17b
4554062fa836.png,0,sem_retinopatia_diabetica,2588,1958,2588x1958,1.3217568947906027,PNG,RGB,5221567,4.979674339294434,eeda04743925fd550184be5b7280d4a0
45693d027798.png,0,sem_retinopatia_diabetica,1050,1050,1050x1050,1.0,PNG,RGB,1022289,0.9749307632446289,553f26609a076e6d61555bb007ade37b
457c7c927e27.png,3,retinopatia_diabetica_grave,2588,1958,2588x1958,1.3217568947906027,PNG,RGB,5143139,4.904879570007324,f09c2074640fa732ab0359a1c5f97cb5
45ae04cfde5d.png,2,retinopatia_diabetica_moderada,3216,2136,3216x2136,1.5056179775280898,PNG,RGB,3349286,3.1941280364990234,1c750ab46cb3849a50daf0c1be3fe7d9
45c39ab9e797.png,2,retinopatia_diabetica_moderada,2588,1958,2588x1958,1.3217568947906027,PNG,RGB,5340133,5.092747688293457,ae925559af1f79245bad595c630887b1
45e4b7eada54.png,1,retinopatia_diabetica_leve,2416,1736,2416x1736,1.391705069124424,PNG,RGB,2374452,2.264453887939453,da3f8015d26b9044d47b222436722fa9
460893cd86e3.png,2,retinopatia_diabetica_moderada,1050,1050,1050x1050,1.0,PNG,RGB,904370,0.8624744415283203,0090a38df21fea899f5e1f66dbf0692d
461fa5292fda.png,0,sem_retinopatia_diabetica,1050,1050,1050x1050,1.0,PNG,RGB,1056856,1.0078964233398438,a5124f1f557cd43c551b468adf7ae9bc
462937ece243.png,0,sem_retinopatia_diabetica,1050,1050,1050x1050,1.0,PNG,RGB,1013967,0.9669942855834961,0aa2ecdd898c04038f4e43d661523bd1
465c618f7b23.png,2,retinopatia_diabetica_moderada,2416,1736,2416x1736,1.391705069124424,PNG,RGB,2301658,2.1950321197509766,c7b3a87cc3d214c322329d6c6faaf5d0
4661006f3ba6.png,1,retinopatia_diabetica_leve,2416,1736,2416x1736,1.391705069124424,PNG,RGB,2156991,2.0570669174194336,35de461d39d2866018643c0f23c3e294
467b7d9d811c.png,2,retinopatia_diabetica_moderada,2416,1736,2416x1736,1.391705069124424,PNG,RGB,2252307,2.1479673385620117,c61a72a1be62bcd1afe0d4e228f89aca
4689b739d240.png,4,retinopatia_diabetica_proliferativa,2416,1736,2416x1736,1.391705069124424,PNG,RGB,2295190,2.188863754272461,ec16f81f103e4f231b8b7ce9773cbe40
46923eea9a4e.png,2,retinopatia_diabetica_moderada,2416,1736,2416x1736,1.391705069124424,PNG,RGB,2230088,2.1267776489257812,2709c193536ed42c1a38fec49915ded4
46acc506fa61.png,0,sem_retinopatia_diabetica,1050,1050,1050x1050,1.0,PNG,RGB,1006531,0.9599027633666992,c6497a4739b093980dda2fe80f9b0cdd
46c1548d730e.png,2,retinopatia_diabetica_moderada,2588,1958,2588x1958,1.3217568947906027,PNG,RGB,5263170,5.019350051879883,d6251c5f2b87d83a9ec350af341f9e27
46cdc8b685bd.png,4,retinopatia_diabetica_proliferativa,3216,2136,3216x2136,1.5056179775280898,PNG,RGB,6034926,5.755353927612305,c87e2f95a75a7ab965aa58e730a0d4cc
46d3316c4857.png,4,retinopatia_diabetica_proliferativa,3216,2136,3216x2136,1.5056179775280898,PNG,RGB,5849898,5.578897476196289,a43bf7f6130c2446fe57acf9037988e7
46f56c38051f.png,2,retinopatia_diabetica_moderada,3388,2588,3388x2588,1.3091190108191655,PNG,RGB,7576023,7.225058555603027,6051563ec8ac0e25c321ade0ab949cb3
4704dbb59536.png,0,sem_retinopatia_diabetica,2048,1536,2048x1536,1.3333333333333333,PNG,RGB,1926688,1.837432861328125,0701ceda669be33726bb95f887ebedbf
4731e708ede3.png,0,sem_retinopatia_diabetica,819,614,819x614,1.3338762214983713,PNG,RGB,288542,0.2751750946044922,8f7b0904923b7c5ff81f930c93d14d8c
475300735b7f.png,0,sem_retinopatia_diabetica,1050,1050,1050x1050,1.0,PNG,RGB,1028806,0.9811458587646484,f77bd2afd7b77f8fb09c173eea5485c3
47536db39f00.png,0,sem_retinopatia_diabetica,2588,1958,2588x1958,1.3217568947906027,PNG,RGB,5365146,5.116601943969727,dc7ccb0225f45da00d7c5d7c88feca9c
475c7ded0f7a.png,2,retinopatia_diabetica_moderada,3388,2588,3388x2588,1.3091190108191655,PNG,RGB,7177237,6.8447465896606445,141cbcaa4c01e0fa5ca17005f282815f
478fc46eaa49.png,0,sem_retinopatia_diabetica,1050,1050,1050x1050,1.0,PNG,RGB,905613,0.8636598587036133,2a03655f8606166778960df9b92c3933
47b756014447.png,2,retinopatia_diabetica_moderada,2416,1736,2416x1736,1.391705069124424,PNG,RGB,1664822,1.587697982788086,04d0ec2df04c6870b3fdb5fafdf51ce4
47d1603a555b.png,1,retinopatia_diabetica_leve,2416,1736,2416x1736,1.391705069124424,PNG,RGB,1937170,1.8474292755126953,37f0fb99bbca0b00e519f0a452045582
47e51065b819.png,2,retinopatia_diabetica_moderada,3216,2136,3216x2136,1.5056179775280898,PNG,RGB,2329793,2.2218637466430664,d67e8d8a3063c20ad55f56659295b1b6
4818672273af.png,2,retinopatia_diabetica_moderada,3388,2588,3388x2588,1.3091190108191655,PNG,RGB,7183862,6.851064682006836,e6fb4b5580655859a15334bc741df32b
482088e6be44.png,0,sem_retinopatia_diabetica,2048,1536,2048x1536,1.3333333333333333,PNG,RGB,1959791,1.869002342224121,06ddf088e6e45098e5fc5c96213de625
4826d10030b3.png,0,sem_retinopatia_diabetica,1050,1050,1050x1050,1.0,PNG,RGB,937392,0.8939666748046875,e450de909843335d20dafacad4f65909
484dbeb9bf2a.png,0,sem_retinopatia_diabetica,2048,1536,2048x1536,1.3333333333333333,PNG,RGB,1925096,1.8359146118164062,00f5e31b71dc37008b8fa977d78802d5
48543037d0b3.png,2,retinopatia_diabetica_moderada,2416,1736,2416x1736,1.391705069124424,PNG,RGB,2419202,2.307130813598633,544e195794184c1c0f09b808466c1fb0
4860f7813654.png,0,sem_retinopatia_diabetica,2588,1958,2588x1958,1.3217568947906027,PNG,RGB,5098341,4.862156867980957,65a5e5dd24e3dc1e94e5a1b6e2fdcedd
486e852a3b4d.png,0,sem_retinopatia_diabetica,819,614,819x614,1.3338762214983713,PNG,RGB,378163,0.3606443405151367,903d5d31b970f7567293b72f82339ff7
48a45619d1a3.png,0,sem_retinopatia_diabetica,819,614,819x614,1.3338762214983713,PNG,RGB,310787,0.2963895797729492,f1274b1e058d5bf7780897cb8817fd57
48afe8c47454.png,2,retinopatia_diabetica_moderada,3216,2136,3216x2136,1.5056179775280898,PNG,RGB,2935494,2.7995052337646484,b0c84ff04f1677959e8dde98142e309c
48c49f662f7d.png,2,retinopatia_diabetica_moderada,1504,1000,1504x1000,1.504,PNG,RGB,1324184,1.2628402709960938,e7699fcab7a16c18350e96d8e9890cff
48c72dec46e5.png,2,retinopatia_diabetica_moderada,2416,1736,2416x1736,1.391705069124424,PNG,RGB,2667713,2.5441293716430664,a799a4554b3984f4d8c0b281e46be661
48fda42bd5d4.png,2,retinopatia_diabetica_moderada,3216,2136,3216x2136,1.5056179775280898,PNG,RGB,3306980,3.1537818908691406,47caad8e30c92e015284a5fd5ce59767
4926dea289f8.png,0,sem_retinopatia_diabetica,1050,1050,1050x1050,1.0,PNG,RGB,1000277,0.9539384841918945,548f8291efefbe8765d66db0ab59ab3a
4927945ecfed.png,0,sem_retinopatia_diabetica,1050,1050,1050x1050,1.0,PNG,RGB,1035822,0.9878368377685547,d38ce5957a17832ea180bf393fd51e49
49386d603494.png,1,retinopatia_diabetica_leve,2416,1736,2416x1736,1.391705069124424,PNG,RGB,2223596,2.120586395263672,b7d90ecea54b3b34de2944e452e08882
493d99f030e2.png,0,sem_retinopatia_diabetica,2588,1958,2588x1958,1.3217568947906027,PNG,RGB,5482744,5.228752136230469,60ad8a616b526d4f2fc2b550406e2ee4
49419f8d5cb4.png,2,retinopatia_diabetica_moderada,3216,2136,3216x2136,1.5056179775280898,PNG,RGB,2986986,2.848611831665039,eaba284fa05fd0d639632fec5f74dc51
494fc9c745a3.png,1,retinopatia_diabetica_leve,2416,1736,2416x1736,1.391705069124424,PNG,RGB,2323549,2.215909004211426,d2cb997b743fe51fdcc1d63229513007
495106ae3b68.png,0,sem_retinopatia_diabetica,1050,1050,1050x1050,1.0,PNG,RGB,968643,0.9237699508666992,fcff40bbf880aa2ece7663ba56c64b62
495255c7492f.png,1,retinopatia_diabetica_leve,2416,1736,2416x1736,1.391705069124424,PNG,RGB,2255819,2.1513166427612305,4cb11232b4bcebdba0de75b590b8fc6b
4958bfcc9f38.png,0,sem_retinopatia_diabetica,1050,1050,1050x1050,1.0,PNG,RGB,1004861,0.9583101272583008,173d41bc1a78ee087e7bea6a87aed00f
496155f71d0a.png,0,sem_retinopatia_diabetica,1050,1050,1050x1050,1.0,PNG,RGB,1000227,0.9538908004760742,854170c06f7fed73f61902a93729fc18
4982378d72f9.png,0,sem_retinopatia_diabetica,2048,1536,2048x1536,1.3333333333333333,PNG,RGB,1929802,1.840402603149414,e65e97ac81ceb47221a7ea0435a36ddd
498f143c0374.png,3,retinopatia_diabetica_grave,4288,2848,4288x2848,1.5056179775280898,PNG,RGB,4824757,4.6012468338012695,89a717d58c22d3cbe2566fd3676a85db
499c8df39222.png,4,retinopatia_diabetica_proliferativa,2416,1736,2416x1736,1.391705069124424,PNG,RGB,2137571,2.038546562194824,4ddb4c3c1322b4bca434767cbe93f463
49a4765f8822.png,2,retinopatia_diabetica_moderada,3216,2136,3216x2136,1.5056179775280898,PNG,RGB,3009324,2.869915008544922,0e87bd67324b10762f489e383336fe2a
49c5e7f6b8d2.png,1,retinopatia_diabetica_leve,2416,1736,2416x1736,1.391705069124424,PNG,RGB,1855025,1.769089698791504,d78147471517885f3960b1d621e265e7
49d69c4c6290.png,2,retinopatia_diabetica_moderada,2416,1736,2416x1736,1.391705069124424,PNG,RGB,2155421,2.055569648742676,d45de89899decc778724e00184bd244e
49e4b95ee2dc.png,0,sem_retinopatia_diabetica,2588,1958,2588x1958,1.3217568947906027,PNG,RGB,4865211,4.639826774597168,7c987b42fbf852915fa57423ab830822
49eb73968c44.png,0,sem_retinopatia_diabetica,819,614,819x614,1.3338762214983713,PNG,RGB,267961,0.25554752349853516,2537253783d13d13867b9275d3a1685a
4a05f81b3aba.png,0,sem_retinopatia_diabetica,819,614,819x614,1.3338762214983713,PNG,RGB,339153,0.3234415054321289,4f60773978be6cb11bd54abc2ccbcb60
4a0890b08532.png,2,retinopatia_diabetica_moderada,3216,2136,3216x2136,1.5056179775280898,PNG,RGB,3007896,2.8685531616210938,ead1484058f2cb688cd91bfe69c86ebd
4a0bba3b7d83.png,2,retinopatia_diabetica_moderada,2416,1736,2416x1736,1.391705069124424,PNG,RGB,1640628,1.5646247863769531,a15cc5b7e4e2e50969c716656e284728
4a1afe4044f4.png,0,sem_retinopatia_diabetica,819,614,819x614,1.3338762214983713,PNG,RGB,311273,0.29685306549072266,8e669eb1c718c4ed1eb079bc15d1de42
4a213b405ee4.png,1,retinopatia_diabetica_leve,3388,2588,3388x2588,1.3091190108191655,PNG,RGB,3605366,3.438344955444336,03ebd1f7dfdd68e0913f4347ed27e53a
4a3da369b227.png,4,retinopatia_diabetica_proliferativa,3216,2136,3216x2136,1.5056179775280898,PNG,RGB,2954374,2.8175106048583984,c5add9fc5a035788e78e02aa1388008d
4a44cc840ebe.png,2,retinopatia_diabetica_moderada,3216,2136,3216x2136,1.5056179775280898,PNG,RGB,5522063,5.266249656677246,91b2c675f15f09bcddc0613929de649b
4a4cb731f91a.png,0,sem_retinopatia_diabetica,2048,1536,2048x1536,1.3333333333333333,PNG,RGB,1821059,1.7366971969604492,518c0651607737c7c8f774d533484e53
4a558a1cd243.png,2,retinopatia_diabetica_moderada,2588,1958,2588x1958,1.3217568947906027,PNG,RGB,5402232,5.151969909667969,c36834abdb3a9b9a0cbb7897d0abd62f
4a589edaea60.png,0,sem_retinopatia_diabetica,1050,1050,1050x1050,1.0,PNG,RGB,894503,0.8530645370483398,86251a22dfa59c6c100807c2a8bbe38d
4a5a6efc0bef.png,0,sem_retinopatia_diabetica,1050,1050,1050x1050,1.0,PNG,RGB,965212,0.9204978942871094,d9e7e4cf399a8e355e66868b3de3b146
4a693dd3921a.png,4,retinopatia_diabetica_proliferativa,2588,1958,2588x1958,1.3217568947906027,PNG,RGB,5054501,4.820347785949707,01c87ba98338305f5a3285ae2b7c41e8
4a7dc013e802.png,4,retinopatia_diabetica_proliferativa,2588,1958,2588x1958,1.3217568947906027,PNG,RGB,4865195,4.6398115158081055,fb101c2cb499f81d8852842372e95abc
4a96c28f3f07.png,0,sem_retinopatia_diabetica,819,614,819x614,1.3338762214983713,PNG,RGB,280575,0.2675771713256836,7585758213f4a45957163383e8e31b36
4aa07d720638.png,1,retinopatia_diabetica_leve,2416,1736,2416x1736,1.391705069124424,PNG,RGB,2044714,1.949991226196289,efd385f7c4279af2008ba84d91102e10
4aa3d771c5e4.png,0,sem_retinopatia_diabetica,1050,1050,1050x1050,1.0,PNG,RGB,1076293,1.026432991027832,233fc4b5826ba4046be3556e7d03663c
4ab8c0cece7f.png,0,sem_retinopatia_diabetica,1050,1050,1050x1050,1.0,PNG,RGB,897296,0.8557281494140625,aa059dd69cfddd0fc78a25f73838a8a7
4abca30b676b.png,4,retinopatia_diabetica_proliferativa,2416,1736,2416x1736,1.391705069124424,PNG,RGB,2069614,1.9737377166748047,7a7f7c91b70f0e6a6685e895e7cb5aa5
4ad6109706e8.png,2,retinopatia_diabetica_moderada,3216,2136,3216x2136,1.5056179775280898,PNG,RGB,2070248,1.9743423461914062,0c2d5121f25d0a474e3cb38df5eb822f
4ad8d3ec8789.png,0,sem_retinopatia_diabetica,2048,1536,2048x1536,1.3333333333333333,PNG,RGB,1768479,1.6865530014038086,c80d1ec61009f122b439a5ce1df7a816
4b1001050f1d.png,2,retinopatia_diabetica_moderada,2588,1958,2588x1958,1.3217568947906027,PNG,RGB,5455782,5.203039169311523,8643e981c41143479f0a10624206816f
4b237b958555.png,0,sem_retinopatia_diabetica,1050,1050,1050x1050,1.0,PNG,RGB,1046119,0.9976568222045898,97fab3f9648ad4cede0a5c2ed7eb48db
4b422b48d0d4.png,2,retinopatia_diabetica_moderada,2588,1958,2588x1958,1.3217568947906027,PNG,RGB,5106777,4.87020206451416,4356b6636130287db5ceeecbe4d5f187
4b5ffea77373.png,2,retinopatia_diabetica_moderada,3216,2136,3216x2136,1.5056179775280898,PNG,RGB,3281703,3.12967586517334,c9cf1f958b0181979c6b5fb3c6753e03
4b618537d52f.png,3,retinopatia_diabetica_grave,2416,1736,2416x1736,1.391705069124424,PNG,RGB,1869688,1.7830734252929688,96003cad4ed51f8c426748c2ae480e11
4b6895d0cf8d.png,0,sem_retinopatia_diabetica,819,614,819x614,1.3338762214983713,PNG,RGB,321823,0.3069143295288086,50f186a6531e4930d29703390e93b874
4b6cb0bcfd44.png,0,sem_retinopatia_diabetica,2048,1536,2048x1536,1.3333333333333333,PNG,RGB,1836171,1.7511091232299805,dd1672f0aa6d9607333edf59f846754f
4bcee3cbe232.png,0,sem_retinopatia_diabetica,1050,1050,1050x1050,1.0,PNG,RGB,1070811,1.021204948425293,f72a886dfe1807918d7a23a2f98a8a4f
4bd5d0b30198.png,0,sem_retinopatia_diabetica,1050,1050,1050x1050,1.0,PNG,RGB,1018681,0.9714899063110352,a6909fa58f87d1bd059c403bbb72fa98
4bd941611343.png,4,retinopatia_diabetica_proliferativa,2588,1958,2588x1958,1.3217568947906027,PNG,RGB,3966441,3.7826929092407227,29f927bd50b87687eccbdca5bf0dd861
4beeca5cc859.png,0,sem_retinopatia_diabetica,1050,1050,1050x1050,1.0,PNG,RGB,1005999,0.9593954086303711,5ceef503990ae3f16591e9782c907660
4c129470cec4.png,1,retinopatia_diabetica_leve,2416,1736,2416x1736,1.391705069124424,PNG,RGB,1958394,1.8676700592041016,df8c101d39665b513fe5f83bc874b1c8
4c17e85686f0.png,0,sem_retinopatia_diabetica,1050,1050,1050x1050,1.0,PNG,RGB,886663,0.8455877304077148,1bf80195c6e14d27a7ebcd3cac6c3fa4
4c389d033cb0.png,0,sem_retinopatia_diabetica,2048,1536,2048x1536,1.3333333333333333,PNG,RGB,1915867,1.827113151550293,e72059017b455b4def4a4d104e43ed6a
4c3c1ed09771.png,1,retinopatia_diabetica_leve,2416,1736,2416x1736,1.391705069124424,PNG,RGB,2075037,1.9789094924926758,6862119dffbea51f07db05e5f37da811
4c52922f3bfd.png,2,retinopatia_diabetica_moderada,2416,1736,2416x1736,1.391705069124424,PNG,RGB,2307146,2.200265884399414,f6cd7348d33fac25aa3cf626db4c72b0
4c53cc97ea13.png,0,sem_retinopatia_diabetica,2048,1536,2048x1536,1.3333333333333333,PNG,RGB,1827949,1.7432680130004883,30d01a39f9646dae2b1e9157d705d601
4c570172778b.png,3,retinopatia_diabetica_grave,3388,2588,3388x2588,1.3091190108191655,PNG,RGB,4358775,4.156851768493652,2b17d36b532b0bb9bab3b4647f6e6364
4c5ab774a381.png,0,sem_retinopatia_diabetica,2048,1536,2048x1536,1.3333333333333333,PNG,RGB,1905428,1.8171577453613281,d4dce25861753526c3f35132999e7ba6
4c60b10a3a6a.png,3,retinopatia_diabetica_grave,2588,1958,2588x1958,1.3217568947906027,PNG,RGB,5174626,4.934907913208008,68d5c8af3360f2d95ff007a6b3131fd8
4c60f6fcea75.png,0,sem_retinopatia_diabetica,819,614,819x614,1.3338762214983713,PNG,RGB,287170,0.2738666534423828,27a027d21b3014fc7f5ebd76031bf387
4c635a01593d.png,0,sem_retinopatia_diabetica,2048,1536,2048x1536,1.3333333333333333,PNG,RGB,1637779,1.5619077682495117,5def2a03edd6644dd06aff6baf59a1d7
4c6c5a1bf5ab.png,0,sem_retinopatia_diabetica,819,614,819x614,1.3338762214983713,PNG,RGB,374550,0.35719871520996094,7f926c8f37323caeb40cc8b3d214dad0
4c78d9d18da9.png,2,retinopatia_diabetica_moderada,2416,1736,2416x1736,1.391705069124424,PNG,RGB,2016477,1.9230623245239258,299aa8f48a3f3c3c823d8519bb082b99
4c9f0fdaaef7.png,3,retinopatia_diabetica_grave,2588,1958,2588x1958,1.3217568947906027,PNG,RGB,5008073,4.776070594787598,31db0a0a6d73c4f546bc5b757f2322cd
4cae247d9909.png,1,retinopatia_diabetica_leve,1050,1050,1050x1050,1.0,PNG,RGB,889985,0.8487558364868164,f37dd2f60de0e64fe720c9db3764686f
4ccee4db09b6.png,0,sem_retinopatia_diabetica,2048,1536,2048x1536,1.3333333333333333,PNG,RGB,1935675,1.846003532409668,aa36a85cb1c1851a6307a20a75615502
4ccfa0b4e96c.png,4,retinopatia_diabetica_proliferativa,1476,1117,1476x1117,1.3213965980304387,PNG,RGB,1624538,1.5492801666259766,9cf2cd970502c8026a8377499aa1bf98
4cddfc22b0ad.png,0,sem_retinopatia_diabetica,819,614,819x614,1.3338762214983713,PNG,RGB,347567,0.3314657211303711,e5b954d169fb6a94a826d5d801042fb5
4cde86044ad1.png,0,sem_retinopatia_diabetica,1050,1050,1050x1050,1.0,PNG,RGB,1015796,0.9687385559082031,098345a8b3372d6cbad2fd9f198babe9
4ce74e5eb51d.png,2,retinopatia_diabetica_moderada,3216,2136,3216x2136,1.5056179775280898,PNG,RGB,2141583,2.042372703552246,b5b7d8571461326767d14d895f56f41e
4cf4d528c08e.png,0,sem_retinopatia_diabetica,2048,1536,2048x1536,1.3333333333333333,PNG,RGB,1808436,1.7246589660644531,3fd40a2b2ad6dd0cc412d2c2671e4e7b
4cfd22ae43d4.png,0,sem_retinopatia_diabetica,1050,1050,1050x1050,1.0,PNG,RGB,918301,0.8757600784301758,57998ae745121e0e7b7f48509fa550ca
4d009cebabc9.png,2,retinopatia_diabetica_moderada,3216,2136,3216x2136,1.5056179775280898,PNG,RGB,2923317,2.7878923416137695,ca9920722ee5b6afdc3ac9f2346b0013
4d167ca69ea8.png,0,sem_retinopatia_diabetica,1050,1050,1050x1050,1.0,PNG,RGB,1032695,0.9848546981811523,bfb4f46b7fa62a60db053effd2d6a7ed
4d17559ac1e2.png,0,sem_retinopatia_diabetica,2588,1958,2588x1958,1.3217568947906027,PNG,RGB,5498377,5.243660926818848,892c2359e042fe7cc21d71cb06110dba
4d1cf360b2d7.png,2,retinopatia_diabetica_moderada,3388,2588,3388x2588,1.3091190108191655,PNG,RGB,7365147,7.023951530456543,691b1d28dc441dd7e3acb943ba1349ab
4d1e7def7624.png,0,sem_retinopatia_diabetica,2588,1958,2588x1958,1.3217568947906027,PNG,RGB,5296046,5.050703048706055,b02d99f727d06f04792138915b560c19
4d21ce39c905.png,2,retinopatia_diabetica_moderada,3216,2136,3216x2136,1.5056179775280898,PNG,RGB,2467795,2.3534727096557617,0d8f68ee37df15ec768cf2774bb847f1
4d3de40ced3a.png,0,sem_retinopatia_diabetica,1050,1050,1050x1050,1.0,PNG,RGB,1015127,0.9681005477905273,a1c2c258c537927160e1fbf7907e2c13
4d47300e3ddb.png,3,retinopatia_diabetica_grave,2588,1958,2588x1958,1.3217568947906027,PNG,RGB,5277249,5.032776832580566,8e6c277c9d95af826bf36c8ba45fe3b7
4d7d6928534a.png,1,retinopatia_diabetica_leve,1504,1000,1504x1000,1.504,PNG,RGB,1290907,1.231104850769043,cb7523a83e7304c837e86cd5afdef5ab
4d9fc85a8259.png,3,retinopatia_diabetica_grave,2416,1736,2416x1736,1.391705069124424,PNG,RGB,1964158,1.8731670379638672,ef39188df43c0878c8aa2f1723ad743c
4da2961e62fe.png,1,retinopatia_diabetica_leve,2588,1958,2588x1958,1.3217568947906027,PNG,RGB,5317899,5.0715436935424805,82cf5ae0d192929965de48cab2697f24
4da6e2089d57.png,2,retinopatia_diabetica_moderada,3216,2136,3216x2136,1.5056179775280898,PNG,RGB,2546361,2.428399085998535,0cddf77ce731ede2bc96d237cfa6db89
4dbce359d0e1.png,2,retinopatia_diabetica_moderada,3388,2588,3388x2588,1.3091190108191655,PNG,RGB,7065259,6.7379560470581055,22f25fb952c513672777063b86605daf
4dc2211a1c31.png,4,retinopatia_diabetica_proliferativa,2588,1958,2588x1958,1.3217568947906027,PNG,RGB,5572723,5.314562797546387,de92d120a2b556406911cbb925d8f101
4dd14c380696.png,0,sem_retinopatia_diabetica,819,614,819x614,1.3338762214983713,PNG,RGB,282220,0.2691459655761719,662508acf6786a65060d5abce084da2b
4dd4a4bf2421.png,0,sem_retinopatia_diabetica,1050,1050,1050x1050,1.0,PNG,RGB,1013018,0.9660892486572266,8620892b4ec54a6093d6fe93269638bf
4dd5d5ccddcf.png,1,retinopatia_diabetica_leve,2416,1736,2416x1736,1.391705069124424,PNG,RGB,2070085,1.974186897277832,d87896f4da3fe7179a8f08a878b3dbea
4dd71fc7f22b.png,4,retinopatia_diabetica_proliferativa,640,480,640x480,1.3333333333333333,PNG,RGB,357098,0.34055519104003906,25b79d0bed7178c2fc0160e8e69c2085
4dd7b322f342.png,0,sem_retinopatia_diabetica,819,614,819x614,1.3338762214983713,PNG,RGB,394953,0.37665653228759766,d0a6a0a930b32c98ab35a2796d94c5af
4dd9d29eae5d.png,1,retinopatia_diabetica_leve,2588,1958,2588x1958,1.3217568947906027,PNG,RGB,5065678,4.83100700378418,a8846a6d3fbf9f70e3fab2e697571e1a
4df6a81b476e.png,3,retinopatia_diabetica_grave,2588,1958,2588x1958,1.3217568947906027,PNG,RGB,5615503,5.355360984802246,83eb59a55cd1ee5c9d873050377e3cd4
4e0656629d02.png,1,retinopatia_diabetica_leve,2588,1958,2588x1958,1.3217568947906027,PNG,RGB,5417156,5.166202545166016,aacfc3518da3e40aa09be3d55d661eba
4e1e252317b5.png,0,sem_retinopatia_diabetica,1050,1050,1050x1050,1.0,PNG,RGB,977010,0.9317493438720703,fb58427fb033708bed01b75afdd03608
4e231670b48c.png,0,sem_retinopatia_diabetica,1050,1050,1050x1050,1.0,PNG,RGB,1110541,1.0590944290161133,3ed73f44efd22437767f95c4be5d4c78
4e43d05cc2ef.png,2,retinopatia_diabetica_moderada,2416,1736,2416x1736,1.391705069124424,PNG,RGB,2226907,2.123744010925293,bfd98da4560b805024d3838d0e1858bd
4e4a6224a04e.png,0,sem_retinopatia_diabetica,1050,1050,1050x1050,1.0,PNG,RGB,1027487,0.9798879623413086,0bf624e34887851bd14a994b692d8dd3
4e54ccfd49b2.png,0,sem_retinopatia_diabetica,1050,1050,1050x1050,1.0,PNG,RGB,915797,0.8733720779418945,0fbf3a8c876efbbc917649a47ab7a814
4e6071b73120.png,1,retinopatia_diabetica_leve,1844,1226,1844x1226,1.504078303425775,PNG,RGB,999595,0.9532880783081055,b4fd72d2e2980b5bd9c385bc262d9dd8
4e7694eebb91.png,2,retinopatia_diabetica_moderada,2416,1736,2416x1736,1.391705069124424,PNG,RGB,2162378,2.062204360961914,f852c24da2e6567d3024b72e8a2ac1f1
4e82c3c8d31f.png,1,retinopatia_diabetica_leve,3388,2588,3388x2588,1.3091190108191655,PNG,RGB,7261377,6.924988746643066,59da59949984d5684647e78ae87aedb2
4e8585a96739.png,0,sem_retinopatia_diabetica,819,614,819x614,1.3338762214983713,PNG,RGB,372272,0.3550262451171875,c1f0a7bdd0466c37a88ca6573040363f
4e85aa647534.png,0,sem_retinopatia_diabetica,819,614,819x614,1.3338762214983713,PNG,RGB,285889,0.2726449966430664,715ded70673318a8237cdd99be4bc47c
4eabad7948cf.png,0,sem_retinopatia_diabetica,2048,1536,2048x1536,1.3333333333333333,PNG,RGB,1769165,1.6872072219848633,cc1f5c25713156143141f28edf09fda1
4eaf2f81819d.png,0,sem_retinopatia_diabetica,1050,1050,1050x1050,1.0,PNG,RGB,994875,0.948786735534668,44977f457624565728dfca862a89a5cc
4ec7796df40e.png,0,sem_retinopatia_diabetica,2048,1536,2048x1536,1.3333333333333333,PNG,RGB,1906882,1.8185443878173828,ff4071ea889772db2bcf85de1253daaf
4ecd1fdd1435.png,1,retinopatia_diabetica_leve,2416,1736,2416x1736,1.391705069124424,PNG,RGB,2223735,2.1207189559936523,c77a5acfac43ffe1c5b0985babbbb786
4ed31cc07366.png,2,retinopatia_diabetica_moderada,3216,2136,3216x2136,1.5056179775280898,PNG,RGB,3201390,3.0530834197998047,3ded0b8b4ba6bbaffb6afece7a08cafe
4ee1ad981a6d.png,2,retinopatia_diabetica_moderada,2588,1958,2588x1958,1.3217568947906027,PNG,RGB,5391200,5.141448974609375,0add39f7e055337ceb105611d6289813
4ef0b485a7da.png,2,retinopatia_diabetica_moderada,1050,1050,1050x1050,1.0,PNG,RGB,865475,0.8253812789916992,8f95fce44579bfe7f3fb6b8bf2e6c43e
4ef16a53d899.png,0,sem_retinopatia_diabetica,819,614,819x614,1.3338762214983713,PNG,RGB,288283,0.27492809295654297,e3d24da8385e619345cac2ff4eea32b1
4ef7144e24ff.png,1,retinopatia_diabetica_leve,2416,1736,2416x1736,1.391705069124424,PNG,RGB,1878399,1.7913808822631836,ac91e3d7cc57bd4ae7d03b9f16ae2121
4f0866b90c27.png,3,retinopatia_diabetica_grave,2896,1944,2896x1944,1.4897119341563787,PNG,RGB,2006556,1.9136009216308594,1e3884d2bfdbaa390f30e9ba4ec04d89
4f20f9a9a65b.png,2,retinopatia_diabetica_moderada,2588,1958,2588x1958,1.3217568947906027,PNG,RGB,5221985,4.980072975158691,fc5328af7a41456d354f3f75ae34de32
4f46d7ee61ed.png,2,retinopatia_diabetica_moderada,3216,2136,3216x2136,1.5056179775280898,PNG,RGB,2942547,2.8062314987182617,0493dab085b8d22caa5cabd8dc6f2bbe
4f5dd7660b17.png,0,sem_retinopatia_diabetica,2416,1736,2416x1736,1.391705069124424,PNG,RGB,1974599,1.8831243515014648,ea525c146377846feb2a255884e9594b
4f60129e9a5b.png,2,retinopatia_diabetica_moderada,3216,2136,3216x2136,1.5056179775280898,PNG,RGB,2856499,2.7241697311401367,4c845ad672761d9bd4fc6f7c01dd6ac8
4f6abc40c72d.png,0,sem_retinopatia_diabetica,1050,1050,1050x1050,1.0,PNG,RGB,829816,0.7913742065429688,ad8f7ea71f167a349b8a68591d6f1e74
4f7755e74a9e.png,1,retinopatia_diabetica_leve,2416,1736,2416x1736,1.391705069124424,PNG,RGB,2157277,2.057339668273926,90e0f34c0a427732b489f55bc466a6ef
4fa26d065ad3.png,1,retinopatia_diabetica_leve,2416,1736,2416x1736,1.391705069124424,PNG,RGB,2378478,2.2682933807373047,1997f7e27faea145fd03419a6e1886c9
4faf4063db8c.png,0,sem_retinopatia_diabetica,1050,1050,1050x1050,1.0,PNG,RGB,1017496,0.9703598022460938,eb918c36f8400d25d341b2b753609d61
4fd5ec0dca09.png,0,sem_retinopatia_diabetica,819,614,819x614,1.3338762214983713,PNG,RGB,297068,0.2833061218261719,5f6b161ed312657c3b78ea2c65148d37
4fecf87184e6.png,3,retinopatia_diabetica_grave,2416,1736,2416x1736,1.391705069124424,PNG,RGB,2470764,2.356304168701172,76773eca8d3a286e9baf4c146745d912
4fef9ed8a4c5.png,3,retinopatia_diabetica_grave,3216,2136,3216x2136,1.5056179775280898,PNG,RGB,2845845,2.7140092849731445,e0ca2119a0d239a85a1f430b3cb36a90
4ffa38550c95.png,0,sem_retinopatia_diabetica,2048,1536,2048x1536,1.3333333333333333,PNG,RGB,1872864,1.786102294921875,08e7968938080095ebe8d97bf038ad69
500aad15b7c8.png,0,sem_retinopatia_diabetica,2048,1536,2048x1536,1.3333333333333333,PNG,RGB,1935048,1.8454055786132812,fe0992b16250412835b778c445aebcf1
501c319f7a9f.png,0,sem_retinopatia_diabetica,1050,1050,1050x1050,1.0,PNG,RGB,970158,0.9252147674560547,da88839938023f1fedb7fc4f3c3e944c
504a69096fcb.png,0,sem_retinopatia_diabetica,1050,1050,1050x1050,1.0,PNG,RGB,1053897,1.0050745010375977,90414f3b8b74416dd8b15fe55182aa3c
5056fa7d505f.png,0,sem_retinopatia_diabetica,819,614,819x614,1.3338762214983713,PNG,RGB,325148,0.3100852966308594,cfa8d34e29503aaa25802a9e336c3f9a
5069feccd866.png,0,sem_retinopatia_diabetica,2048,1536,2048x1536,1.3333333333333333,PNG,RGB,1920894,1.8319072723388672,84cc1df3c05d77cbbb4efd03f407cc9c
5077cdb88aed.png,0,sem_retinopatia_diabetica,1050,1050,1050x1050,1.0,PNG,RGB,988259,0.9424772262573242,00bc10344f0d73cb8f2d8fe926a94906
5078caaf1f57.png,0,sem_retinopatia_diabetica,819,614,819x614,1.3338762214983713,PNG,RGB,298286,0.2844676971435547,adea241fc485a464ac0ebc327ad63496
50840c36f0b4.png,1,retinopatia_diabetica_leve,2588,1958,2588x1958,1.3217568947906027,PNG,RGB,5598006,5.338674545288086,0d20ccaeb318d3772f70678a002bd6e1
5090917a2676.png,1,retinopatia_diabetica_leve,2588,1958,2588x1958,1.3217568947906027,PNG,RGB,5473351,5.219794273376465,34438c9cc40171ad17bbdb6378bf7f01
50915e2329a1.png,0,sem_retinopatia_diabetica,2048,1536,2048x1536,1.3333333333333333,PNG,RGB,1917612,1.8287773132324219,53012df610f9344d201545de396c4ff3
50916d67bb51.png,0,sem_retinopatia_diabetica,1050,1050,1050x1050,1.0,PNG,RGB,900891,0.859156608581543,5736a8a1e6000df320530b5be714947e
50a2aef380c8.png,3,retinopatia_diabetica_grave,3216,2136,3216x2136,1.5056179775280898,PNG,RGB,2890924,2.756999969482422,f9c5d93c9552cfa4904274c97778615c
50d8249f7bc9.png,0,sem_retinopatia_diabetica,2048,1536,2048x1536,1.3333333333333333,PNG,RGB,1897318,1.8094234466552734,b20d9a013bff5c77b8946de57909975f
50d8a8fb7737.png,2,retinopatia_diabetica_moderada,2588,1958,2588x1958,1.3217568947906027,PNG,RGB,5215074,4.973482131958008,2d203013ae730a59b18b45e1bac288bf
50ddd7d976df.png,0,sem_retinopatia_diabetica,2588,1958,2588x1958,1.3217568947906027,PNG,RGB,5256895,5.013365745544434,644485c7b92fddecc85e84dd1a95401d
50f5201fd18a.png,0,sem_retinopatia_diabetica,819,614,819x614,1.3338762214983713,PNG,RGB,306055,0.29187679290771484,8e502de9cb5f6c3246876a7286e00da0
51030843fde2.png,2,retinopatia_diabetica_moderada,3216,2136,3216x2136,1.5056179775280898,PNG,RGB,2558399,2.4398794174194336,4a1311250a7658c53149606c744be60d
510aa0a898fa.png,2,retinopatia_diabetica_moderada,2588,1958,2588x1958,1.3217568947906027,PNG,RGB,5300226,5.054689407348633,ea1368d217183b0a7c460575482a42d3
51131b48f9d4.png,1,retinopatia_diabetica_leve,2416,1736,2416x1736,1.391705069124424,PNG,RGB,2511826,2.3954639434814453,ece61abc754cc776d087ab5ba13e3837
511fd66b2df8.png,0,sem_retinopatia_diabetica,2588,1958,2588x1958,1.3217568947906027,PNG,RGB,5552392,5.295173645019531,57d4e1480c0316bd968e7dd05dec54e4
51269b77d312.png,3,retinopatia_diabetica_grave,2416,1736,2416x1736,1.391705069124424,PNG,RGB,2451030,2.337484359741211,8c2026d802bcf128168afa54b02c3ef4
513b0a4651fa.png,1,retinopatia_diabetica_leve,1050,1050,1050x1050,1.0,PNG,RGB,965577,0.9208459854125977,e42546b09edf09bb981105449bcd5636
51405d042000.png,2,retinopatia_diabetica_moderada,3216,2136,3216x2136,1.5056179775280898,PNG,RGB,3020342,2.880422592163086,5404bb4396dbddeec732aba34f047a32
5152bf091152.png,2,retinopatia_diabetica_moderada,3216,2136,3216x2136,1.5056179775280898,PNG,RGB,2268714,2.163614273071289,a1acad08164ae2d79540d4baa2b27ae5
5173d54fc214.png,2,retinopatia_diabetica_moderada,3216,2136,3216x2136,1.5056179775280898,PNG,RGB,3139202,2.993776321411133,ea785c939889aa4825caa132dfb18be5
5188a8afa879.png,2,retinopatia_diabetica_moderada,3216,2136,3216x2136,1.5056179775280898,PNG,RGB,2131526,2.0327816009521484,5e0265546ad62dd1cbb2732e31fa72cd
518e880613de.png,4,retinopatia_diabetica_proliferativa,3216,2136,3216x2136,1.5056179775280898,PNG,RGB,2557536,2.439056396484375,b2369487b21940031935c7bd9b2c0969
519c6e8f78dc.png,0,sem_retinopatia_diabetica,2048,1536,2048x1536,1.3333333333333333,PNG,RGB,1956196,1.8655738830566406,8e74cd81fda421a88f6ff78476b0e919
51a078d6d43a.png,0,sem_retinopatia_diabetica,1050,1050,1050x1050,1.0,PNG,RGB,950349,0.9063234329223633,0632af078d7eec7c4fb300c08061ac88
51a1d162e223.png,4,retinopatia_diabetica_proliferativa,1844,1226,1844x1226,1.504078303425775,PNG,RGB,1048855,1.0002660751342773,a9ab33c0cc4cb9b222b4afa3d2fa1d26
51aa3361294c.png,0,sem_retinopatia_diabetica,819,614,819x614,1.3338762214983713,PNG,RGB,347066,0.33098793029785156,37df59d27dc018eab06ccea27a2743d0
51af8a689511.png,0,sem_retinopatia_diabetica,1050,1050,1050x1050,1.0,PNG,RGB,929380,0.8863258361816406,3533277abacfec20429ac51ec71efe48
51af8c112682.png,4,retinopatia_diabetica_proliferativa,2588,1958,2588x1958,1.3217568947906027,PNG,RGB,5371016,5.122200012207031,05a5ddd7eca88afa42c365fa06dcf113
51cd8d2057fa.png,0,sem_retinopatia_diabetica,1050,1050,1050x1050,1.0,PNG,RGB,1025253,0.977757453918457,3b64abfb0ac283ce1626083993a282f0
51cfeccaf40d.png,2,retinopatia_diabetica_moderada,3216,2136,3216x2136,1.5056179775280898,PNG,RGB,2224872,2.1218032836914062,a139c1fb43b78f4c1f9847d0583241b0
51d0034d177d.png,2,retinopatia_diabetica_moderada,2588,1958,2588x1958,1.3217568947906027,PNG,RGB,4881929,4.655770301818848,30c34c6e3dcad5ff3b956d96f4502d4f
51d574513bcb.png,2,retinopatia_diabetica_moderada,1844,1226,1844x1226,1.504078303425775,PNG,RGB,995875,0.9497404098510742,6cf57e326187902dc6988eb332d0bc3b
51d780864365.png,2,retinopatia_diabetica_moderada,2416,1736,2416x1736,1.391705069124424,PNG,RGB,2435095,2.3222875595092773,97050645324f01e9ff084314834f6aa9
51da6aebba8f.png,3,retinopatia_diabetica_grave,2588,1958,2588x1958,1.3217568947906027,PNG,RGB,5161045,4.9219560623168945,74146defc4e396d0c975d33d85a8a8cc
51e656e5a541.png,0,sem_retinopatia_diabetica,819,614,819x614,1.3338762214983713,PNG,RGB,286727,0.27344417572021484,496a9941b8f2b61ec75180d0e7132da4
521b5377a727.png,0,sem_retinopatia_diabetica,819,614,819x614,1.3338762214983713,PNG,RGB,314701,0.3001222610473633,51b9b667685eb1cb6fba93d53a1968d5
521d3e264d71.png,2,retinopatia_diabetica_moderada,1504,1000,1504x1000,1.504,PNG,RGB,1314334,1.2534465789794922,bd50c5d39c29e48294f5a73dbf0e43a5
52230bbef30e.png,2,retinopatia_diabetica_moderada,2416,1736,2416x1736,1.391705069124424,PNG,RGB,2012691,1.9194517135620117,2c7346f51870255f34d072a90e7a98b2
523b3f0fc646.png,1,retinopatia_diabetica_leve,2588,1958,2588x1958,1.3217568947906027,PNG,RGB,5145410,4.907045364379883,0ebb56387145c56d7dee8d0e390ee04b
523d0c2cb4d6.png,2,retinopatia_diabetica_moderada,3216,2136,3216x2136,1.5056179775280898,PNG,RGB,2776899,2.648257255554199,ea04a28b5f02fad8cf676292104270dd
523ff163211b.png,2,retinopatia_diabetica_moderada,4288,2848,4288x2848,1.5056179775280898,PNG,RGB,5504778,5.249765396118164,6c48f2dea0992e2566e6e24fa860a552
524f240e0c90.png,2,retinopatia_diabetica_moderada,3216,2136,3216x2136,1.5056179775280898,PNG,RGB,3087778,2.944734573364258,a1692aa764639bbdae555bcbd37746e9
5257cb536da2.png,0,sem_retinopatia_diabetica,819,614,819x614,1.3338762214983713,PNG,RGB,393758,0.3755168914794922,d9f38a9caa5ce7b6a328aab39ab66702
525acfea47e8.png,2,retinopatia_diabetica_moderada,2416,1736,2416x1736,1.391705069124424,PNG,RGB,2138503,2.039435386657715,2a93e16084b256b5525287285b93079b
525d0dd8dc45.png,0,sem_retinopatia_diabetica,819,614,819x614,1.3338762214983713,PNG,RGB,340064,0.324310302734375,a1a1b713e72280cc7da9b034c08cba6a
5264a54e1830.png,0,sem_retinopatia_diabetica,819,614,819x614,1.3338762214983713,PNG,RGB,317895,0.30316829681396484,e77e17582c35f09b934d025f006255e5
5265dc9acdf8.png,2,retinopatia_diabetica_moderada,3216,2136,3216x2136,1.5056179775280898,PNG,RGB,2473046,2.358480453491211,60037e8d4f549aa3ca2258de9132df53
527bea76116c.png,2,retinopatia_diabetica_moderada,2416,1736,2416x1736,1.391705069124424,PNG,RGB,2193227,2.0916242599487305,2b9a3aefa006296dff27b76d9bb11b3d
52886bed8a07.png,2,retinopatia_diabetica_moderada,3216,2136,3216x2136,1.5056179775280898,PNG,RGB,2488266,2.372995376586914,cac6dfc97497373a156b1b857a126525
5288f7441f64.png,0,sem_retinopatia_diabetica,819,614,819x614,1.3338762214983713,PNG,RGB,258426,0.24645423889160156,3bd33d26b55dd0c75d579c14a89b846e
5293576816aa.png,0,sem_retinopatia_diabetica,1050,1050,1050x1050,1.0,PNG,RGB,1022442,0.9750766754150391,e20f5babd85d46be0afd243e26354885
529906ff9dfa.png,0,sem_retinopatia_diabetica,1050,1050,1050x1050,1.0,PNG,RGB,902850,0.8610248565673828,9de15289e6b49f7452d99edce9625e48
5299a532f0e0.png,0,sem_retinopatia_diabetica,1050,1050,1050x1050,1.0,PNG,RGB,885006,0.8440074920654297,0319974b1115f4917d2208cc193f9a15
52ae917fcea4.png,1,retinopatia_diabetica_leve,2416,1736,2416x1736,1.391705069124424,PNG,RGB,2623005,2.501492500305176,89ed829f811e6e52a31961c4db059b65
52dbec057cc8.png,2,retinopatia_diabetica_moderada,3216,2136,3216x2136,1.5056179775280898,PNG,RGB,2198669,2.0968141555786133,b4b17c6c23ff3e1c2a739236d34b906e
52ddde91a349.png,0,sem_retinopatia_diabetica,1050,1050,1050x1050,1.0,PNG,RGB,1027956,0.9803352355957031,2e286bf00f78f49b97f9a93cb39f743c
52edbe29d655.png,0,sem_retinopatia_diabetica,1050,1050,1050x1050,1.0,PNG,RGB,907072,0.86505126953125,36172e046108f1fa30414f57ad504140
530d78467615.png,2,retinopatia_diabetica_moderada,3216,2136,3216x2136,1.5056179775280898,PNG,RGB,5851912,5.580818176269531,27e6970be8d58fb48d4385eb902d9f74
531b39880c32.png,1,retinopatia_diabetica_leve,2416,1736,2416x1736,1.391705069124424,PNG,RGB,2062144,1.96661376953125,15f5d78f0a5fab1d424b8227f70a0247
5321ab64f9ea.png,0,sem_retinopatia_diabetica,1050,1050,1050x1050,1.0,PNG,RGB,1086623,1.0362844467163086,dd51326a7d23197425f6521e3cb3e4ee
53273d664cd8.png,0,sem_retinopatia_diabetica,1050,1050,1050x1050,1.0,PNG,RGB,1006816,0.960174560546875,2f9aa4788cf90744ea999b30f91f67b0
5327f88a1919.png,2,retinopatia_diabetica_moderada,2588,1958,2588x1958,1.3217568947906027,PNG,RGB,5143075,4.904818534851074,4f60d1a8622cf51bca348ca6dbf0fb23
53327edb9e4d.png,0,sem_retinopatia_diabetica,1050,1050,1050x1050,1.0,PNG,RGB,842002,0.8029956817626953,d467158a608f4bb097e38daa26ec603e
5347b4c8e9b3.png,1,retinopatia_diabetica_leve,2588,1958,2588x1958,1.3217568947906027,PNG,RGB,3952957,3.769833564758301,7f5ec12be278a6171097e97ce8080ae1
535682537302.png,0,sem_retinopatia_diabetica,1050,1050,1050x1050,1.0,PNG,RGB,879204,0.8384742736816406,905e91eb8d31c13064a80f26bec65a36
53704c80f0d8.png,1,retinopatia_diabetica_leve,2416,1736,2416x1736,1.391705069124424,PNG,RGB,2279187,2.1736021041870117,b9c45f007a11dbe5bfb5253be6fda4ab
537e50fdf22e.png,3,retinopatia_diabetica_grave,2896,1944,2896x1944,1.4897119341563787,PNG,RGB,2533829,2.416447639465332,7824f4e6aff83387c666ac074c7f65bb
537e5c578f40.png,0,sem_retinopatia_diabetica,819,614,819x614,1.3338762214983713,PNG,RGB,351532,0.3352470397949219,488d3330eeb90de886ece618d2475bb7
53c874dbc594.png,0,sem_retinopatia_diabetica,2048,1536,2048x1536,1.3333333333333333,PNG,RGB,1845106,1.7596302032470703,ccfb5123746a6a4c3fd6ad4f26adcc74
53ddae6a619e.png,0,sem_retinopatia_diabetica,2048,1536,2048x1536,1.3333333333333333,PNG,RGB,1933981,1.8443880081176758,c5194e75f29b139533cf81626c928594
53f6c1c65c04.png,1,retinopatia_diabetica_leve,2416,1736,2416x1736,1.391705069124424,PNG,RGB,2230046,2.126737594604492,fc7c53b888e6991afa5c96b5989560ea
54038e56131d.png,0,sem_retinopatia_diabetica,1050,1050,1050x1050,1.0,PNG,RGB,1010267,0.963465690612793,27241cf6ace96b6790f9181e584d7d47
540e4973829e.png,0,sem_retinopatia_diabetica,819,614,819x614,1.3338762214983713,PNG,RGB,286327,0.27306270599365234,991e27e157efbe79ad20dbbda1609ad0
541db13517e2.png,2,retinopatia_diabetica_moderada,1844,1226,1844x1226,1.504078303425775,PNG,RGB,786364,0.7499351501464844,49ea735d9510ec1d131cb1761c68ccf1
542964865b1e.png,0,sem_retinopatia_diabetica,1050,1050,1050x1050,1.0,PNG,RGB,1044948,0.9965400695800781,0f15dfe20ea257c8d32b29a4edcc357b
54334705a34d.png,0,sem_retinopatia_diabetica,2048,1536,2048x1536,1.3333333333333333,PNG,RGB,1925081,1.8359003067016602,c3d8c976536a7da04f1f6fd5c5088f31
5445255635f0.png,0,sem_retinopatia_diabetica,2588,1958,2588x1958,1.3217568947906027,PNG,RGB,5763109,5.496129035949707,e1a30ea89d56a39226ddc6fc5b8614e9
545df1bbcd61.png,1,retinopatia_diabetica_leve,1050,1050,1050x1050,1.0,PNG,RGB,1007418,0.9607486724853516,823ac230152f0d7d47b94f5e0e2bddd6
547b37da9223.png,2,retinopatia_diabetica_moderada,3388,2588,3388x2588,1.3091190108191655,PNG,RGB,6665861,6.357060432434082,5311d569836427839d3a9c44d716e0da
5486da4273d7.png,2,retinopatia_diabetica_moderada,3388,2588,3388x2588,1.3091190108191655,PNG,RGB,7466023,7.12015438079834,f5c0bc7363277c3c8cbe7119ee7ba924
549381330191.png,0,sem_retinopatia_diabetica,1050,1050,1050x1050,1.0,PNG,RGB,1068157,1.0186738967895508,e4edb64c1a13b3bcef68057fb3c1688e
54b322c66d01.png,0,sem_retinopatia_diabetica,2048,1536,2048x1536,1.3333333333333333,PNG,RGB,1933415,1.8438482284545898,3872b65886ae68284fba21323b61ffca
54bbe3da103e.png,2,retinopatia_diabetica_moderada,2588,1958,2588x1958,1.3217568947906027,PNG,RGB,5229898,4.987619400024414,5cea4804717e4e77a886f5712ed57784
54bdcdecd8f3.png,0,sem_retinopatia_diabetica,2048,1536,2048x1536,1.3333333333333333,PNG,RGB,1935294,1.8456401824951172,fda7e2527b0018c2d8ff7e4dd7cf2251
54cab3596214.png,2,retinopatia_diabetica_moderada,1050,1050,1050x1050,1.0,PNG,RGB,1013545,0.9665918350219727,6c160de869bae37fe756d0889f7bd841
54dc6e8107cd.png,2,retinopatia_diabetica_moderada,2416,1736,2416x1736,1.391705069124424,PNG,RGB,1848592,1.7629547119140625,6f60bd7cea3f4ddb6ba5c478a3466e6b
54f57cf26126.png,0,sem_retinopatia_diabetica,2048,1536,2048x1536,1.3333333333333333,PNG,RGB,1944491,1.8544111251831055,9ff8259f045c678e457dbf53ca1db9c0
55034b1dbff2.png,2,retinopatia_diabetica_moderada,3216,2136,3216x2136,1.5056179775280898,PNG,RGB,3469731,3.308993339538574,54cccd83b2bf748eb66be152a8855d3b
55092c0071eb.png,2,retinopatia_diabetica_moderada,2416,1736,2416x1736,1.391705069124424,PNG,RGB,2353542,2.2445125579833984,bbb22c0c0e46c8a69dbfcedb02cb2e0d
5511f114e7ee.png,0,sem_retinopatia_diabetica,2048,1536,2048x1536,1.3333333333333333,PNG,RGB,1945806,1.8556652069091797,06f9af6005633a40fec6cae65d5f22a6
5548a7961a3e.png,1,retinopatia_diabetica_leve,2588,1958,2588x1958,1.3217568947906027,PNG,RGB,4868464,4.6429290771484375,fcddfbf2e91f2e1526008484d3885710
555d0bef3c5b.png,0,sem_retinopatia_diabetica,1050,1050,1050x1050,1.0,PNG,RGB,915638,0.8732204437255859,cc14f93d220f6ab4504bfc3fa3695e24
55968f0e63c4.png,0,sem_retinopatia_diabetica,1050,1050,1050x1050,1.0,PNG,RGB,913907,0.8715696334838867,28d2d4669fef1fa7b2f5e349501c927a
55eac26bd383.png,1,retinopatia_diabetica_leve,2416,1736,2416x1736,1.391705069124424,PNG,RGB,2069880,1.9739913940429688,4be681817a360f7f02671c36ac3ced5f
55eb405ec71e.png,4,retinopatia_diabetica_proliferativa,3388,2588,3388x2588,1.3091190108191655,PNG,RGB,3771246,3.5965404510498047,c05df51a119d39219b2b25f60e0bdd75
55f7f018c61c.png,0,sem_retinopatia_diabetica,2588,1958,2588x1958,1.3217568947906027,PNG,RGB,5170839,4.931296348571777,6077a2188f720082270f7c0402282318
55fd453001cc.png,2,retinopatia_diabetica_moderada,2416,1736,2416x1736,1.391705069124424,PNG,RGB,2435940,2.3230934143066406,9322c18061fdc4da77633e92948d1d72
5633ced07d8e.png,1,retinopatia_diabetica_leve,2416,1736,2416x1736,1.391705069124424,PNG,RGB,2079910,1.9835567474365234,af2cb17e50d2eb8495c922842713945d
565f3404f9b2.png,0,sem_retinopatia_diabetica,1050,1050,1050x1050,1.0,PNG,RGB,1004105,0.9575891494750977,ec5e264bfbea1d11fcb551e1e7f906d7
5671eb95512b.png,1,retinopatia_diabetica_leve,2416,1736,2416x1736,1.391705069124424,PNG,RGB,2507094,2.390951156616211,44f4c92963fa67fcd2642ee2b501b9e6
568455854a11.png,0,sem_retinopatia_diabetica,819,614,819x614,1.3338762214983713,PNG,RGB,302067,0.2880735397338867,02e58ca17c0901e45b15db40aa251aa1
56e56aa08362.png,2,retinopatia_diabetica_moderada,3216,2136,3216x2136,1.5056179775280898,PNG,RGB,2961919,2.8247060775756836,5edf040eb40f765eeec88bd0a889abad
5712e2aa73a2.png,1,retinopatia_diabetica_leve,2416,1736,2416x1736,1.391705069124424,PNG,RGB,2091392,1.9945068359375,4fc8233244a45a61b7abad4e3fe93398
571bbdbf585e.png,0,sem_retinopatia_diabetica,1050,1050,1050x1050,1.0,PNG,RGB,994236,0.9481773376464844,1798a8115738d06df460e323e0f4b72c
5723d0ec895e.png,2,retinopatia_diabetica_moderada,2588,1958,2588x1958,1.3217568947906027,PNG,RGB,5261280,5.017547607421875,514c011b421f4c78bd43c680b8f95400
5728b8aa98ef.png,0,sem_retinopatia_diabetica,1050,1050,1050x1050,1.0,PNG,RGB,1014829,0.9678163528442383,fdae639ef00afc0350ee73aff8496f5c
573ea80a53be.png,0,sem_retinopatia_diabetica,2048,1536,2048x1536,1.3333333333333333,PNG,RGB,1945864,1.8557205200195312,b6d217c3a4a244f2e4684309bbc1182b
57469423a012.png,2,retinopatia_diabetica_moderada,2416,1736,2416x1736,1.391705069124424,PNG,RGB,2280734,2.175077438354492,f7ef4d0acaf9b543114c0762df7c7c01
576e189d23d4.png,4,retinopatia_diabetica_proliferativa,1504,1000,1504x1000,1.504,PNG,RGB,1373194,1.309579849243164,43dfa00fbc2751c3dfa76bb11efd9014
57760be09c03.png,2,retinopatia_diabetica_moderada,3216,2136,3216x2136,1.5056179775280898,PNG,RGB,3445508,3.2858924865722656,24883932a09255987f9446c4eeeece75
5777ef74c9ec.png,1,retinopatia_diabetica_leve,2416,1736,2416x1736,1.391705069124424,PNG,RGB,2170567,2.070013999938965,dcba5dac7683345904ff61d99549e4ed
578109578b46.png,1,retinopatia_diabetica_leve,2588,1958,2588x1958,1.3217568947906027,PNG,RGB,4488340,4.280414581298828,d20d55345c9a68c1b5d2d4d8ae035278
57a5e4274275.png,0,sem_retinopatia_diabetica,2048,1536,2048x1536,1.3333333333333333,PNG,RGB,1930983,1.8415288925170898,0eace87c60a876da5fdef70df272a128
57a5f1015504.png,2,retinopatia_diabetica_moderada,3216,2136,3216x2136,1.5056179775280898,PNG,RGB,2483704,2.3686447143554688,a0b1a9223d7609f21f8da8f21e8e0f10
57a710de68a4.png,0,sem_retinopatia_diabetica,1050,1050,1050x1050,1.0,PNG,RGB,980721,0.9352884292602539,16362bffc3b91b1532cc96fd7a5cf83a
57ce57a8cfb0.png,2,retinopatia_diabetica_moderada,2416,1736,2416x1736,1.391705069124424,PNG,RGB,2077371,1.981135368347168,f60a8899d1bd0ada11e0864ff02d5316
57db4781e7ec.png,0,sem_retinopatia_diabetica,1050,1050,1050x1050,1.0,PNG,RGB,999837,0.9535188674926758,e18d33bbdb139cc4565a35d6dfc440a0
57f5ad4b5b29.png,0,sem_retinopatia_diabetica,819,614,819x614,1.3338762214983713,PNG,RGB,412580,0.3934669494628906,850532a9a30c1a610d1c3b70a61e0ea2
57f933d3d7c7.png,2,retinopatia_diabetica_moderada,2588,1958,2588x1958,1.3217568947906027,PNG,RGB,5082531,4.847079277038574,74c73801eda5ffe49bbbb768f6198b2e
58059e73d2d4.png,0,sem_retinopatia_diabetica,819,614,819x614,1.3338762214983713,PNG,RGB,313850,0.29931068420410156,1837a816406f217a4f25588b58a74d3e
5814cbd2e9bf.png,0,sem_retinopatia_diabetica,1050,1050,1050x1050,1.0,PNG,RGB,953982,0.9097881317138672,9c6123d3f86fb22107021a132118ee4b
58184d6fd087.png,1,retinopatia_diabetica_leve,2416,1736,2416x1736,1.391705069124424,PNG,RGB,1692110,1.6137218475341797,8ceaf531bcc811d088257e8a7ad730dd
582115961a3d.png,1,retinopatia_diabetica_leve,2416,1736,2416x1736,1.391705069124424,PNG,RGB,2358394,2.2491397857666016,9ff38b3d62bcd6be40827ceb910a1738
582f739b8f62.png,2,retinopatia_diabetica_moderada,2416,1736,2416x1736,1.391705069124424,PNG,RGB,2270329,2.165154457092285,c6e9146a731e2bf244c20a9902d1115b
58529a8638d0.png,2,retinopatia_diabetica_moderada,3216,2136,3216x2136,1.5056179775280898,PNG,RGB,2744611,2.617465019226074,d020ed294e1b0b31c78281ab6e00ebb3
586f5c56081e.png,0,sem_retinopatia_diabetica,1050,1050,1050x1050,1.0,PNG,RGB,972396,0.9273490905761719,d45f4cb679592f92f9f2ed39ac1fddfb
587146a55885.png,1,retinopatia_diabetica_leve,2416,1736,2416x1736,1.391705069124424,PNG,RGB,1858757,1.772648811340332,3051cf26abc068a9bbf418dbc079a842
5879285f9d8d.png,1,retinopatia_diabetica_leve,2588,1958,2588x1958,1.3217568947906027,PNG,RGB,5662214,5.399908065795898,7ce5538a407e4e62bb9cb8e600e7a28a
5889a0c75cac.png,0,sem_retinopatia_diabetica,1050,1050,1050x1050,1.0,PNG,RGB,1072141,1.0224733352661133,c02bc267f52dd3fad86d5ef773d9f87c
58a9e0d7f7af.png,0,sem_retinopatia_diabetica,1050,1050,1050x1050,1.0,PNG,RGB,1037996,0.9899101257324219,0c7b72ba83aa149f748f9d1c71261e0e
58af2c054ced.png,0,sem_retinopatia_diabetica,1050,1050,1050x1050,1.0,PNG,RGB,1022150,0.9747982025146484,cca3b3b8f51c34630d08cdccfce2c0d9
58b866484a05.png,4,retinopatia_diabetica_proliferativa,1844,1226,1844x1226,1.504078303425775,PNG,RGB,795231,0.7583913803100586,faad11cb3c7319bc3be785dc4bc130cc
58c12863f33d.png,0,sem_retinopatia_diabetica,1050,1050,1050x1050,1.0,PNG,RGB,953142,0.9089870452880859,1e995f1b9838b9430e8e41d353fb1db0
58ccba7eec9c.png,1,retinopatia_diabetica_leve,2416,1736,2416x1736,1.391705069124424,PNG,RGB,1987735,1.8956518173217773,9e6d2e90dfdf404220cedebe317e911e
58eb3809f456.png,0,sem_retinopatia_diabetica,2048,1536,2048x1536,1.3333333333333333,PNG,RGB,1775926,1.693655014038086,7c203554fb11124601ef7a16c5b23d74
58f07741ee3b.png,0,sem_retinopatia_diabetica,2048,1536,2048x1536,1.3333333333333333,PNG,RGB,1929028,1.8396644592285156,33943b3195b2faff63f827ebf01b1e08
5905a9b06a73.png,2,retinopatia_diabetica_moderada,2588,1958,2588x1958,1.3217568947906027,PNG,RGB,5429715,5.178179740905762,88254fafa7401a437cd9c136657580e8
594f69b503ad.png,2,retinopatia_diabetica_moderada,4288,2848,4288x2848,1.5056179775280898,PNG,RGB,4480502,4.272939682006836,b2b2949a3eae5ec50c1f7cc9d01e5aed
595446774178.png,1,retinopatia_diabetica_leve,2416,1736,2416x1736,1.391705069124424,PNG,RGB,2109976,2.0122299194335938,73596fbf13ee7fb3fef8a6be6cea049f
596f4fdb0004.png,0,sem_retinopatia_diabetica,1050,1050,1050x1050,1.0,PNG,RGB,1056046,1.0071239471435547,882430dcbc485304a7fbacb57084acda
598b8f5b3822.png,0,sem_retinopatia_diabetica,819,614,819x614,1.3338762214983713,PNG,RGB,280084,0.2671089172363281,9500811bc580616a543ccdb15857de89
59928f999ae7.png,0,sem_retinopatia_diabetica,2048,1536,2048x1536,1.3333333333333333,PNG,RGB,1929841,1.840439796447754,5695a3e708197fb63d67312bb1336aa1
599498e9e4bc.png,0,sem_retinopatia_diabetica,2048,1536,2048x1536,1.3333333333333333,PNG,RGB,1773294,1.6911449432373047,c63fe4a2e09c5deed230ae4d3518a440
5995321563b7.png,0,sem_retinopatia_diabetica,1050,1050,1050x1050,1.0,PNG,RGB,1043899,0.995539665222168,be95c1dacdecbca57c494e9da599e7fa
599b89048034.png,2,retinopatia_diabetica_moderada,3388,2588,3388x2588,1.3091190108191655,PNG,RGB,7398620,7.055873870849609,4642d060128d125d0cd1971a9ad26714
59bd19c1c5bb.png,0,sem_retinopatia_diabetica,1050,1050,1050x1050,1.0,PNG,RGB,1019998,0.9727458953857422,0b89d5dbffdb2b0112d8577f3aa2e908
59e5212f7139.png,1,retinopatia_diabetica_leve,2416,1736,2416x1736,1.391705069124424,PNG,RGB,1886417,1.799027442932129,f06858c3ad6f3f7ea6683fe6fcd5ca6e
59ee65760535.png,2,retinopatia_diabetica_moderada,2588,1958,2588x1958,1.3217568947906027,PNG,RGB,5119089,4.881943702697754,288fe2ad7459fb3c5c691836962103ae
59f3f70abddd.png,2,retinopatia_diabetica_moderada,3216,2136,3216x2136,1.5056179775280898,PNG,RGB,2542802,2.4250049591064453,51f5271ff6a5263da31ee4ffc5b7dd54
59fee5bc3479.png,4,retinopatia_diabetica_proliferativa,2588,1958,2588x1958,1.3217568947906027,PNG,RGB,4999407,4.767806053161621,3eeb1f3eb774f312a66f1d025cf46f4e
5a03fe3ed15c.png,2,retinopatia_diabetica_moderada,2416,1736,2416x1736,1.391705069124424,PNG,RGB,2358111,2.2488698959350586,bda445c4ee4fe94d6794fb93ea45270a
5a091e8cd95c.png,1,retinopatia_diabetica_leve,2416,1736,2416x1736,1.391705069124424,PNG,RGB,2407257,2.29573917388916,f768ef55c36d60ddea154ab0202b5bba
5a0fe0ee4301.png,0,sem_retinopatia_diabetica,1050,1050,1050x1050,1.0,PNG,RGB,1034633,0.9867029190063477,6beea0ff8b3bbacef6420bd779b13952
5a11d21c2828.png,2,retinopatia_diabetica_moderada,3388,2588,3388x2588,1.3091190108191655,PNG,RGB,7295968,6.957977294921875,c9381c3c5a0d436f848931b1fdb360b7
5a179c123fd8.png,0,sem_retinopatia_diabetica,819,614,819x614,1.3338762214983713,PNG,RGB,392671,0.3744802474975586,e20cc28f8208b6ee407808e14788e444
5a27b9b2a9c1.png,0,sem_retinopatia_diabetica,819,614,819x614,1.3338762214983713,PNG,RGB,361890,0.3451251983642578,87252b6526faa2b3b6667b894a805406
5a2c27b95c7c.png,2,retinopatia_diabetica_moderada,2416,1736,2416x1736,1.391705069124424,PNG,RGB,2513828,2.3973731994628906,359d544df611f1139e18b8c0ba9481bf
5a36cea278ae.png,2,retinopatia_diabetica_moderada,3216,2136,3216x2136,1.5056179775280898,PNG,RGB,2102381,2.0049867630004883,28d0e4881c6126e523c4eb6652b4caf0
5a444c32cd9a.png,0,sem_retinopatia_diabetica,1050,1050,1050x1050,1.0,PNG,RGB,1003378,0.9568958282470703,a089c80faf4999b4996f392792b19ea5
5a5d3798c357.png,2,retinopatia_diabetica_moderada,3216,2136,3216x2136,1.5056179775280898,PNG,RGB,2262675,2.1578550338745117,02b7ab33698feac58f03f44940c0ff27
5a93c0f783c4.png,0,sem_retinopatia_diabetica,819,614,819x614,1.3338762214983713,PNG,RGB,341713,0.3258829116821289,da78f5dd6e010111b1bf40fb91e796a4
5ac7a414560e.png,0,sem_retinopatia_diabetica,1050,1050,1050x1050,1.0,PNG,RGB,997978,0.9517459869384766,1aaf809d7a26967b2a6969b4d23046b0
5ad3dabeb2cd.png,0,sem_retinopatia_diabetica,1050,1050,1050x1050,1.0,PNG,RGB,994030,0.9479808807373047,cef309de0c8bc37c269109b69e3b89ed
5b068765e846.png,1,retinopatia_diabetica_leve,2416,1736,2416x1736,1.391705069124424,PNG,RGB,2590621,2.470608711242676,ea7af32b88030c1e4f400364748c4088
5b0e53f53ef3.png,1,retinopatia_diabetica_leve,2416,1736,2416x1736,1.391705069124424,PNG,RGB,2384775,2.274298667907715,736564149e7d85d846d3574c50ec73e0
5b1c4cefeb24.png,0,sem_retinopatia_diabetica,2048,1536,2048x1536,1.3333333333333333,PNG,RGB,1907847,1.8194646835327148,1ff7441c21fe9fd382c04465c814dfdb
5b2648ad455e.png,0,sem_retinopatia_diabetica,2048,1536,2048x1536,1.3333333333333333,PNG,RGB,1959923,1.8691282272338867,14451cd65c16479a0a85eeaaf0cb46ed
5b301a6d1ac7.png,2,retinopatia_diabetica_moderada,2588,1958,2588x1958,1.3217568947906027,PNG,RGB,4777417,4.556099891662598,b102e3420c74d51041cab2e226394a99
5b32ece9c627.png,0,sem_retinopatia_diabetica,1050,1050,1050x1050,1.0,PNG,RGB,926350,0.8834362030029297,185409f1bc0505bf28670753bbe891d7
5b3d41626ec5.png,0,sem_retinopatia_diabetica,1050,1050,1050x1050,1.0,PNG,RGB,1037229,0.9891786575317383,d1ca90183e2ec8db631fbd53a6796448
5b3e7197ac1c.png,3,retinopatia_diabetica_grave,2416,1736,2416x1736,1.391705069124424,PNG,RGB,2266203,2.161219596862793,a42ab9c342c0ad1e67193415efe39c6d
5b47043942f4.png,0,sem_retinopatia_diabetica,819,614,819x614,1.3338762214983713,PNG,RGB,309477,0.29514026641845703,0aeae877a37557dbec69ec4f283246d3
5b5b80a3edee.png,4,retinopatia_diabetica_proliferativa,2588,1958,2588x1958,1.3217568947906027,PNG,RGB,5429990,5.178442001342773,e663003e3b57c227bc7b3224983f70d4
5b644a403e1f.png,2,retinopatia_diabetica_moderada,2416,1736,2416x1736,1.391705069124424,PNG,RGB,2361614,2.2522106170654297,cb2512ddf55e044b7fe0dc95cbc0ad1f
5b72ff04333d.png,1,retinopatia_diabetica_leve,2416,1736,2416x1736,1.391705069124424,PNG,RGB,2131815,2.03305721282959,2afecb6bb1045ef2524bfc2888825144
5b76117c4bcb.png,4,retinopatia_diabetica_proliferativa,2416,1736,2416x1736,1.391705069124424,PNG,RGB,2250069,2.1458330154418945,bc7a44a01c566a98d6b19ca435b18830
5b804948e35f.png,1,retinopatia_diabetica_leve,819,614,819x614,1.3338762214983713,PNG,RGB,345458,0.3294544219970703,ab5ff3c66e768ac3a585ac57c5871fcc
5b994ff78547.png,0,sem_retinopatia_diabetica,1050,1050,1050x1050,1.0,PNG,RGB,1045356,0.9969291687011719,299dd5abf3af3de61cdcdd43ece25f12
5ba156a35ff2.png,0,sem_retinopatia_diabetica,1050,1050,1050x1050,1.0,PNG,RGB,1110632,1.0591812133789062,2da65153db1d62cce0e5f973c6a9ef4d
5baed382f062.png,0,sem_retinopatia_diabetica,819,614,819x614,1.3338762214983713,PNG,RGB,268382,0.2559490203857422,d504e0aa29bd28e0faad3a89091532f4
5bda2ed09e62.png,4,retinopatia_diabetica_proliferativa,3388,2588,3388x2588,1.3091190108191655,PNG,RGB,7005786,6.681238174438477,0d9dcf978392638552ba20b17f9ca413
5bea250d8bf5.png,0,sem_retinopatia_diabetica,1050,1050,1050x1050,1.0,PNG,RGB,953421,0.9092531204223633,ccea80578b7e25fda069d9d25584075b
5bf3357a2823.png,0,sem_retinopatia_diabetica,2048,1536,2048x1536,1.3333333333333333,PNG,RGB,1784344,1.7016830444335938,e70aadebec21c61fb5dd0bb6fe917eec
5bf6f2958e53.png,0,sem_retinopatia_diabetica,1050,1050,1050x1050,1.0,PNG,RGB,913842,0.8715076446533203,14bb4c1365abd3dd678d5bb221566088
5c6194562ed2.png,2,retinopatia_diabetica_moderada,3216,2136,3216x2136,1.5056179775280898,PNG,RGB,2115773,2.017758369445801,274483a10355ba92d3528d11737ea4aa
5c7ab966a3ee.png,4,retinopatia_diabetica_proliferativa,2588,1958,2588x1958,1.3217568947906027,PNG,RGB,5020783,4.788191795349121,6bbb8e28398fb4ef8f026b7a2ad7104a
5c817060c0ed.png,0,sem_retinopatia_diabetica,1050,1050,1050x1050,1.0,PNG,RGB,1047675,0.999140739440918,67d1fdac5a4b309ae36b2ca1dc83069e
5c8482926a08.png,2,retinopatia_diabetica_moderada,3216,2136,3216x2136,1.5056179775280898,PNG,RGB,2893598,2.759550094604492,551048ac4b990834e6ca8c47f10cc45d
5c85d22bd0de.png,0,sem_retinopatia_diabetica,1050,1050,1050x1050,1.0,PNG,RGB,923113,0.8803491592407227,c2ce6967757d4dbe11cf9e8ff830c6e7
5ca73d28f17f.png,0,sem_retinopatia_diabetica,2048,1536,2048x1536,1.3333333333333333,PNG,RGB,1913158,1.8245296478271484,49b2a45ceb66042ec035924b2c3059ca
5ca779ace6e7.png,0,sem_retinopatia_diabetica,1050,1050,1050x1050,1.0,PNG,RGB,967226,0.9224185943603516,8f4efce405e1ab5c8d6a32331aab3cd6
5cab3ef4b31c.png,1,retinopatia_diabetica_leve,2588,1958,2588x1958,1.3217568947906027,PNG,RGB,3616118,3.448598861694336,a1519bdb320332fafbc2d68b3a2fe78e
5cbe88914a72.png,0,sem_retinopatia_diabetica,1050,1050,1050x1050,1.0,PNG,RGB,1015426,0.9683856964111328,8928003faa4fc09d4bb03d25209e6b4a
5cc6dea19614.png,2,retinopatia_diabetica_moderada,2588,1958,2588x1958,1.3217568947906027,PNG,RGB,5143043,4.904788017272949,77531b77f79b0dba6a4d75dca4aa78ad
5cde55f745af.png,2,retinopatia_diabetica_moderada,2416,1736,2416x1736,1.391705069124424,PNG,RGB,2051090,1.9560718536376953,2a26416579e6926362927113f48f3361
5ce5eeaf757a.png,0,sem_retinopatia_diabetica,2048,1536,2048x1536,1.3333333333333333,PNG,RGB,1767650,1.6857624053955078,9b021fd15affdce6e1d154c0e1f5e7c9
5cf9127f251a.png,2,retinopatia_diabetica_moderada,3216,2136,3216x2136,1.5056179775280898,PNG,RGB,3576077,3.4104127883911133,c9f3f408563c190ad6c7ed85c5ec89ff
5d024177e214.png,2,retinopatia_diabetica_moderada,3216,2136,3216x2136,1.5056179775280898,PNG,RGB,2176193,2.0753793716430664,82756bda0835cd4d5d90d49791342113
5d3c8c1f57da.png,0,sem_retinopatia_diabetica,819,614,819x614,1.3338762214983713,PNG,RGB,305903,0.2917318344116211,db29cb915caa0f77ce366ba434b6e135
5d4e5fd34d91.png,0,sem_retinopatia_diabetica,2048,1536,2048x1536,1.3333333333333333,PNG,RGB,1828667,1.743952751159668,28e4729e8027fac2bc91338b42460e01
5d5b5da5f939.png,0,sem_retinopatia_diabetica,1050,1050,1050x1050,1.0,PNG,RGB,1082753,1.0325937271118164,3906cd549c8f4e26de60a14ac9e26201
5d6239c0fd39.png,0,sem_retinopatia_diabetica,1050,1050,1050x1050,1.0,PNG,RGB,904218,0.8623294830322266,c0a67bccd368603ca2afe2ee34950b1c
5d74f98d62be.png,4,retinopatia_diabetica_proliferativa,1844,1226,1844x1226,1.504078303425775,PNG,RGB,733061,0.699101448059082,c6b16ddae8b627e65846b05a69520f2c
5d9c841eb245.png,0,sem_retinopatia_diabetica,2048,1536,2048x1536,1.3333333333333333,PNG,RGB,1935355,1.845698356628418,a1e2a16fa7aa490ff49e18f86bd2084f
5db2e3a4594a.png,0,sem_retinopatia_diabetica,1050,1050,1050x1050,1.0,PNG,RGB,919912,0.8772964477539062,7f88914302db37b85e812bd9c9a4a179
5db895d3f1fc.png,0,sem_retinopatia_diabetica,2048,1536,2048x1536,1.3333333333333333,PNG,RGB,1735970,1.6555500030517578,74446c32129fcaa9a5aaf386e8ad14ec
5dc23e440de3.png,2,retinopatia_diabetica_moderada,3216,2136,3216x2136,1.5056179775280898,PNG,RGB,6048552,5.768348693847656,e696ddd2ab0544e99e4a6050586875a9
5dd2e26fc244.png,4,retinopatia_diabetica_proliferativa,1050,1050,1050x1050,1.0,PNG,RGB,831701,0.7931718826293945,fa7ce73df38ca296e4027c27832640d6
5de4615a5161.png,0,sem_retinopatia_diabetica,1050,1050,1050x1050,1.0,PNG,RGB,938443,0.8949689865112305,59d78afade9ae9f31abc1eb6f6234be0
5e18af29d812.png,2,retinopatia_diabetica_moderada,2416,1736,2416x1736,1.391705069124424,PNG,RGB,2251091,2.1468076705932617,4b6f073a21ed5944eb2a00c4f1ee8a82
5e505e25cd3e.png,0,sem_retinopatia_diabetica,2048,1536,2048x1536,1.3333333333333333,PNG,RGB,1911758,1.8231945037841797,6935e14f84e20ee7ee879f4940b88bb1
5e5275ddee29.png,0,sem_retinopatia_diabetica,1050,1050,1050x1050,1.0,PNG,RGB,1052361,1.0036096572875977,d004286e9e3cae8b91f0e9d61de06d05
5e52c9fe676f.png,2,retinopatia_diabetica_moderada,2588,1958,2588x1958,1.3217568947906027,PNG,RGB,3277270,3.125448226928711,eb9f3a62c7af4155b62c8f62026486c7
5e7630f8438e.png,2,retinopatia_diabetica_moderada,3216,2136,3216x2136,1.5056179775280898,PNG,RGB,3544462,3.3802623748779297,567bb68567904744ff9aeb569a246533
5e7cc6ab4ac4.png,2,retinopatia_diabetica_moderada,2416,1736,2416x1736,1.391705069124424,PNG,RGB,2043582,1.9489116668701172,231881b1d6e2198e7c34749a2da355ea
5e7db41b3bee.png,4,retinopatia_diabetica_proliferativa,3216,2136,3216x2136,1.5056179775280898,PNG,RGB,5471204,5.217746734619141,b61e2db328e9cca61c40bebdcb147586
5e97cb2b0888.png,0,sem_retinopatia_diabetica,819,614,819x614,1.3338762214983713,PNG,RGB,326761,0.31162357330322266,00ff5a54460526066c29bb92a7f1c83d
5ea9e447bb62.png,0,sem_retinopatia_diabetica,1050,1050,1050x1050,1.0,PNG,RGB,993028,0.9470252990722656,5a9d4671237be1507492b7fd16105a0a
5ead17e894ae.png,0,sem_retinopatia_diabetica,819,614,819x614,1.3338762214983713,PNG,RGB,325321,0.31025028228759766,f6d87629d55d719441d80304bffd0abd
5eb311bcb5f9.png,2,retinopatia_diabetica_moderada,1504,1000,1504x1000,1.504,PNG,RGB,1366673,1.303360939025879,d4fde9f76b4e7cc88059684cf9dc0ed2
5eb8fb1aad41.png,0,sem_retinopatia_diabetica,1050,1050,1050x1050,1.0,PNG,RGB,1049056,1.000457763671875,fd135a8a05b68d63c8d470605d9fe4bc
5ed6dc419e4d.png,2,retinopatia_diabetica_moderada,2416,1736,2416x1736,1.391705069124424,PNG,RGB,2177361,2.076493263244629,f2b92d1c7741d0eab84d190cfb8199a0
5efa24b03d5e.png,1,retinopatia_diabetica_leve,2896,1944,2896x1944,1.4897119341563787,PNG,RGB,2495784,2.3801651000976562,88d1e6d0309fb674d5bd0af83fd684f3
5f13e8a07344.png,3,retinopatia_diabetica_grave,640,480,640x480,1.3333333333333333,PNG,RGB,314473,0.29990482330322266,9cd277c3d4404a0f8e0c42f6384a8d5d
5f4a8c074bd5.png,0,sem_retinopatia_diabetica,1050,1050,1050x1050,1.0,PNG,RGB,1065085,1.0157442092895508,7e22bfbdbf82ef3b9fa399f77b1fb4a5
5f51192841f7.png,0,sem_retinopatia_diabetica,1050,1050,1050x1050,1.0,PNG,RGB,934060,0.8907890319824219,f75b456a67eddf168184b627f0ed11ca
5f6db235c04d.png,0,sem_retinopatia_diabetica,1050,1050,1050x1050,1.0,PNG,RGB,946965,0.9030961990356445,b89e153da213d5ce2066a7a935ba691a
5f70ad48a525.png,2,retinopatia_diabetica_moderada,3388,2588,3388x2588,1.3091190108191655,PNG,RGB,7226391,6.891623497009277,68547680dfa133e06d783c8bc6ec6af5
5fcff7280019.png,0,sem_retinopatia_diabetica,819,614,819x614,1.3338762214983713,PNG,RGB,365845,0.34889698028564453,ecbeef62ffb5cd54fb4e374e8c166a67
6028a575dc27.png,1,retinopatia_diabetica_leve,2416,1736,2416x1736,1.391705069124424,PNG,RGB,2269700,2.1645545959472656,d4bc08d768be78e710b6316d9b16d89f
6061f5b7378d.png,3,retinopatia_diabetica_grave,2896,1944,2896x1944,1.4897119341563787,PNG,RGB,1769837,1.6878480911254883,7f3951f1cfa9b554f05574b05b3f22ce
606daaf0bfc7.png,0,sem_retinopatia_diabetica,819,614,819x614,1.3338762214983713,PNG,RGB,377245,0.3597688674926758,e137bbff75962df14890adc7df40f6d8
6089fa333013.png,3,retinopatia_diabetica_grave,2588,1958,2588x1958,1.3217568947906027,PNG,RGB,5202706,4.961687088012695,e35a74f0239fc544f2ebdfce599a4791
609be3ca5ddf.png,0,sem_retinopatia_diabetica,819,614,819x614,1.3338762214983713,PNG,RGB,310899,0.2964963912963867,a292ddc0223b741c26d8f4200ea24d9c
60aa4e649abf.png,0,sem_retinopatia_diabetica,2588,1958,2588x1958,1.3217568947906027,PNG,RGB,5536168,5.279701232910156,c69b0ed7b8728409013b6744521317b8
60e269e3e188.png,2,retinopatia_diabetica_moderada,2416,1736,2416x1736,1.391705069124424,PNG,RGB,2164971,2.0646772384643555,c87eeb2f21b8f8af851ed9e1bbc3eb22
60edda7b4871.png,0,sem_retinopatia_diabetica,2048,1536,2048x1536,1.3333333333333333,PNG,RGB,1900756,1.8127021789550781,a8df2d8668c474887359425212344862
60eeae3ba23d.png,2,retinopatia_diabetica_moderada,3216,2136,3216x2136,1.5056179775280898,PNG,RGB,2137583,2.038558006286621,303d50891f2087e0261b1b92147e4f52
60f15dd68d30.png,4,retinopatia_diabetica_proliferativa,2896,1944,2896x1944,1.4897119341563787,PNG,RGB,2190209,2.0887460708618164,fc193ee5b4467caaeeb4cbb68d442535
6107a2e9f60e.png,0,sem_retinopatia_diabetica,1476,1117,1476x1117,1.3213965980304387,PNG,RGB,2271563,2.1663312911987305,4eb9f9400ea875e04d77171c3e74cfa6
6110ecb3bb1c.png,0,sem_retinopatia_diabetica,1050,1050,1050x1050,1.0,PNG,RGB,1035006,0.9870586395263672,dd33dc60582ab0523f0f38ad130b906b
612f2df37a1d.png,4,retinopatia_diabetica_proliferativa,2416,1736,2416x1736,1.391705069124424,PNG,RGB,2130654,2.031949996948242,b5fc7546e9f3bccc1d41e04ba6357673
613028ede6a0.png,4,retinopatia_diabetica_proliferativa,1050,1050,1050x1050,1.0,PNG,RGB,940222,0.8966655731201172,11c9eac4678c2460f947ea6d4027d323
613bacb35c05.png,1,retinopatia_diabetica_leve,2416,1736,2416x1736,1.391705069124424,PNG,RGB,2132002,2.033235549926758,23b31ed1b94fc73b297c2927e84c32dc
6155cf375354.png,0,sem_retinopatia_diabetica,1050,1050,1050x1050,1.0,PNG,RGB,913189,0.870884895324707,d9922d31ec21238fbe48ef60349290e7
6165081b9021.png,1,retinopatia_diabetica_leve,2416,1736,2416x1736,1.391705069124424,PNG,RGB,2023860,1.9301033020019531,744cd9e1e5b28be9b4ed20c7698e2634
6180920bc224.png,0,sem_retinopatia_diabetica,1050,1050,1050x1050,1.0,PNG,RGB,935422,0.8920879364013672,b5f24c144afa73b50a2188de5445962d
6181aa9f75f4.png,3,retinopatia_diabetica_grave,2588,1958,2588x1958,1.3217568947906027,PNG,RGB,3782645,3.6074113845825195,e2fedf54119e0b2b9b355f9975b77fd4
6194e0fff071.png,4,retinopatia_diabetica_proliferativa,1844,1226,1844x1226,1.504078303425775,PNG,RGB,895183,0.8537130355834961,e604ae5a9afe190ea4bf15703f157437
61a62b1dcc36.png,0,sem_retinopatia_diabetica,2048,1536,2048x1536,1.3333333333333333,PNG,RGB,1768411,1.686488151550293,78daaa4f46c661eb0dcbd8d974c3d332
61ac9b0dc6b9.png,2,retinopatia_diabetica_moderada,4288,2848,4288x2848,1.5056179775280898,PNG,RGB,4568466,4.356828689575195,05fe3d9a967d3a5bac8be7cb8feba520
61bbc11fe503.png,4,retinopatia_diabetica_proliferativa,2416,1736,2416x1736,1.391705069124424,PNG,RGB,1995410,1.9029712677001953,4d0a7bdfeced105f4c983135a41739c1
61bbe8db6f3a.png,1,retinopatia_diabetica_leve,2416,1736,2416x1736,1.391705069124424,PNG,RGB,2183953,2.082779884338379,49b8e35672c2f5c76b70ebd6f4bc5147
61c2fbd16e38.png,2,retinopatia_diabetica_moderada,2588,1958,2588x1958,1.3217568947906027,PNG,RGB,5208884,4.967578887939453,96da980539d307d390fa0434d5be2684
61c667663f2f.png,0,sem_retinopatia_diabetica,1050,1050,1050x1050,1.0,PNG,RGB,1015135,0.9681081771850586,f0989eb3a73fc70c4cf17415a69d1667
61d9c88a3a4b.png,0,sem_retinopatia_diabetica,2048,1536,2048x1536,1.3333333333333333,PNG,RGB,1745637,1.664769172668457,c638eab54b2d59710337398b41c9d7da
61da799bf0aa.png,0,sem_retinopatia_diabetica,2588,1958,2588x1958,1.3217568947906027,PNG,RGB,5071628,4.836681365966797,d8cea8ffe373c9e40e1a86f6c2a146d6
61e301bd3c25.png,4,retinopatia_diabetica_proliferativa,3388,2588,3388x2588,1.3091190108191655,PNG,RGB,7381274,7.039331436157227,00411449bb17208728235e6e0f36c92a
61f403fdb434.png,4,retinopatia_diabetica_proliferativa,2588,1958,2588x1958,1.3217568947906027,PNG,RGB,5518468,5.262821197509766,e621354c3a1b394e6d77dcae3d80f44c
62318d514160.png,4,retinopatia_diabetica_proliferativa,2416,1736,2416x1736,1.391705069124424,PNG,RGB,2093954,1.9969501495361328,845a2fafeadddbaafa6d1e671f577e5f
624fb7317106.png,2,retinopatia_diabetica_moderada,2416,1736,2416x1736,1.391705069124424,PNG,RGB,2147915,2.0484113693237305,72ba898b91e2176d04ec48a0c952ac76
6253f23229b1.png,3,retinopatia_diabetica_grave,2896,1944,2896x1944,1.4897119341563787,PNG,RGB,2121583,2.023299217224121,292a349e96cc5560aeb965019b116180
628b581aa905.png,0,sem_retinopatia_diabetica,2048,1536,2048x1536,1.3333333333333333,PNG,RGB,1848942,1.7632884979248047,00c7934deb532564d1e4deb4330ea3e8
6294b378d09f.png,0,sem_retinopatia_diabetica,819,614,819x614,1.3338762214983713,PNG,RGB,286512,0.2732391357421875,48a2263cb1aaa05c61eff350101c7cbf
6298468d7d75.png,1,retinopatia_diabetica_leve,3388,2588,3388x2588,1.3091190108191655,PNG,RGB,7116816,6.7871246337890625,ae7ae0c797f6b3b22ab7573eb7760797
62ab144d5cee.png,2,retinopatia_diabetica_moderada,2144,1424,2144x1424,1.5056179775280898,PNG,RGB,2939621,2.803441047668457,d4913c08bb0b1a3f58e2211c68b7084a
62b4be2799ca.png,0,sem_retinopatia_diabetica,1050,1050,1050x1050,1.0,PNG,RGB,996377,0.9502191543579102,cfa654d3f049bee48b278c789347434e
62b826899151.png,0,sem_retinopatia_diabetica,1050,1050,1050x1050,1.0,PNG,RGB,1011354,0.9645023345947266,21c4f0b7dab4a6c828f5292adeed7d2c
62cc7ddb53b6.png,2,retinopatia_diabetica_moderada,3216,2136,3216x2136,1.5056179775280898,PNG,RGB,3633561,3.46523380279541,a8121770221a17d6ed1d4cf6f4eff46b
62e6f814c8f5.png,2,retinopatia_diabetica_moderada,2416,1736,2416x1736,1.391705069124424,PNG,RGB,2082415,1.985945701599121,c97a331141ea94d37f05df30e86dc9d4
62ecdc90dd42.png,2,retinopatia_diabetica_moderada,1050,1050,1050x1050,1.0,PNG,RGB,1017492,0.9703559875488281,75c3db30cabfc5952a7d2e54e7bf4c4c
6324d77cf926.png,0,sem_retinopatia_diabetica,1050,1050,1050x1050,1.0,PNG,RGB,1043395,0.9950590133666992,f693915fe041d0f87df3b975b7e14623
63363410389a.png,1,retinopatia_diabetica_leve,2416,1736,2416x1736,1.391705069124424,PNG,RGB,2164051,2.0637998580932617,cb51315962c707bf8e15431f1a2210a7
633fe9dbaf39.png,0,sem_retinopatia_diabetica,2588,1958,2588x1958,1.3217568947906027,PNG,RGB,2445339,2.332056999206543,aed5c7c9a14107d8c30981b0df48a35d
6363b360aefb.png,2,retinopatia_diabetica_moderada,3216,2136,3216x2136,1.5056179775280898,PNG,RGB,2871679,2.7386465072631836,1d82fdd586e97b4d66870933418db32b
6377e23928f6.png,1,retinopatia_diabetica_leve,3216,2136,3216x2136,1.5056179775280898,PNG,RGB,2913202,2.7782459259033203,287c068d308d802f199ab1c042d74175
639915f58a2f.png,0,sem_retinopatia_diabetica,1050,1050,1050x1050,1.0,PNG,RGB,1019274,0.9720554351806641,83bce2b286ffd2af2671c772e0606d59
63a03880939c.png,1,retinopatia_diabetica_leve,2416,1736,2416x1736,1.391705069124424,PNG,RGB,2055886,1.9606456756591797,cf167b308c1501b136483264a98efb08
63b4d030b016.png,4,retinopatia_diabetica_proliferativa,2416,1736,2416x1736,1.391705069124424,PNG,RGB,1860980,1.7747688293457031,c7ce41e045f0a70f5a7adde5d97d4dfc
63b71347e95d.png,0,sem_retinopatia_diabetica,1050,1050,1050x1050,1.0,PNG,RGB,899047,0.8573980331420898,88a904ccd48cfc6903d2be96a42de610
63c0eafd6aa9.png,0,sem_retinopatia_diabetica,1050,1050,1050x1050,1.0,PNG,RGB,1074123,1.0243635177612305,26673e2b77eaf14e1d9d066351dcc4fd
63c3c571b8ee.png,2,retinopatia_diabetica_moderada,640,480,640x480,1.3333333333333333,PNG,RGB,330760,0.31543731689453125,fa0e4d88e9e4869becd0e46543b2d0d9
63c7b0265775.png,0,sem_retinopatia_diabetica,1476,1117,1476x1117,1.3213965980304387,PNG,RGB,2049175,1.9542455673217773,bd63386631c8159952180f76f29434f4
63d217b059b6.png,2,retinopatia_diabetica_moderada,2416,1736,2416x1736,1.391705069124424,PNG,RGB,2087331,1.9906339645385742,f92ed62929ea1ffe0b364dac8ba39b97
63e041a757eb.png,0,sem_retinopatia_diabetica,2588,1958,2588x1958,1.3217568947906027,PNG,RGB,5549658,5.292566299438477,dc77c33e9c25401042ca77c4ae6f95ea
64678182d8a8.png,1,retinopatia_diabetica_leve,2416,1736,2416x1736,1.391705069124424,PNG,RGB,2148090,2.0485782623291016,7b9295a4e13c2b6684a249675b34cd38
64a13949e879.png,2,retinopatia_diabetica_moderada,3216,2136,3216x2136,1.5056179775280898,PNG,RGB,3524799,3.3615102767944336,3a35171cf32f96f02439b896c0b19a33
64ac539f58cb.png,0,sem_retinopatia_diabetica,2048,1536,2048x1536,1.3333333333333333,PNG,RGB,1906845,1.8185091018676758,2da8394197c44ca25b8b91964a0343cd
64b9206afb3f.png,0,sem_retinopatia_diabetica,1050,1050,1050x1050,1.0,PNG,RGB,915629,0.8732118606567383,fab37a423043541bea8a0253e1097c08
64bad93fde3f.png,4,retinopatia_diabetica_proliferativa,1844,1226,1844x1226,1.504078303425775,PNG,RGB,1135691,1.0830793380737305,b19e2af0216a5edca686d05b70735238
64c6c6ee0d98.png,0,sem_retinopatia_diabetica,2588,1958,2588x1958,1.3217568947906027,PNG,RGB,5255759,5.012282371520996,3e27710926da9438fcebf313f3bf0842
64eb5a79dfdd.png,1,retinopatia_diabetica_leve,2588,1958,2588x1958,1.3217568947906027,PNG,RGB,4558904,4.347709655761719,3fd99b47150db1e215aa907b08bdd31d
64fedbf97473.png,4,retinopatia_diabetica_proliferativa,2588,1958,2588x1958,1.3217568947906027,PNG,RGB,5171947,4.9323530197143555,6af22f417166a3b9b46578e39a360b81
650104ede84c.png,0,sem_retinopatia_diabetica,1050,1050,1050x1050,1.0,PNG,RGB,1041412,0.9931678771972656,ccb623327c11d3e67d9243abc4350d50
6504b703c429.png,0,sem_retinopatia_diabetica,1050,1050,1050x1050,1.0,PNG,RGB,898448,0.8568267822265625,9df732cc9fc5fb58eae78032e449adfc
650fbed3fdca.png,2,retinopatia_diabetica_moderada,3216,2136,3216x2136,1.5056179775280898,PNG,RGB,2257233,2.152665138244629,680fb362e91d41bb833fb13b77eb9ea0
6531070bf03c.png,2,retinopatia_diabetica_moderada,3216,2136,3216x2136,1.5056179775280898,PNG,RGB,2468798,2.354429244995117,48281ae9f25638148c9051f950a74b10
653534ded339.png,2,retinopatia_diabetica_moderada,1050,1050,1050x1050,1.0,PNG,RGB,942235,0.898585319519043,14977a023b2884ece04e932663249194
655cafb4c932.png,1,retinopatia_diabetica_leve,2416,1736,2416x1736,1.391705069124424,PNG,RGB,1882579,1.7953672409057617,4780dc682b754485ab9749b3a8e1c64b
657859f893d9.png,2,retinopatia_diabetica_moderada,3216,2136,3216x2136,1.5056179775280898,PNG,RGB,3056158,2.914579391479492,cfb9c09b9dc8c090487403967fbc4bea
658ad9f09f5d.png,0,sem_retinopatia_diabetica,819,614,819x614,1.3338762214983713,PNG,RGB,298320,0.2845001220703125,8cd0d005f90003e972242fe4c1cb2185
65a3b13ad9a0.png,0,sem_retinopatia_diabetica,2416,1736,2416x1736,1.391705069124424,PNG,RGB,2246266,2.1422061920166016,3516573d68f326275ab67b0f93e8bd27
65a7fe9482fe.png,0,sem_retinopatia_diabetica,1050,1050,1050x1050,1.0,PNG,RGB,1050561,1.0018930435180664,f4e584a998b6a8194e6bef2ef185e12c
65c958379680.png,4,retinopatia_diabetica_proliferativa,2144,1424,2144x1424,1.5056179775280898,PNG,RGB,2808247,2.6781530380249023,f5a81fd1e5907e2a9f66595e63e845cd
65cf00be6fb4.png,0,sem_retinopatia_diabetica,819,614,819x614,1.3338762214983713,PNG,RGB,300647,0.28671932220458984,be1b3ab0687c5b2110352aa8608b473f
65dda202653d.png,0,sem_retinopatia_diabetica,2588,1958,2588x1958,1.3217568947906027,PNG,RGB,5140521,4.902382850646973,859288e1d467c20e07f2869c0eab9b15
65e120143825.png,4,retinopatia_diabetica_proliferativa,2416,1736,2416x1736,1.391705069124424,PNG,RGB,2113447,2.01554012298584,f9df4bace04b42144d2cb783bdb9b0fe
65e51e18242b.png,1,retinopatia_diabetica_leve,2416,1736,2416x1736,1.391705069124424,PNG,RGB,2454927,2.341200828552246,c4554a3c1170517ea907f3577a548871
65e530ee2e79.png,2,retinopatia_diabetica_moderada,1467,1110,1467x1110,1.3216216216216217,PNG,RGB,2160549,2.060460090637207,b47f63cd10b41fa545595082ef2042df
65e6f1bd9875.png,0,sem_retinopatia_diabetica,2588,1958,2588x1958,1.3217568947906027,PNG,RGB,5397881,5.147820472717285,22c5a3076bb9e3153d28cd80c6052ca5
65f5d2a6eb7e.png,0,sem_retinopatia_diabetica,1050,1050,1050x1050,1.0,PNG,RGB,906584,0.8645858764648438,f89005be84064916f8c093ca72895975
65f69234c8a7.png,0,sem_retinopatia_diabetica,1050,1050,1050x1050,1.0,PNG,RGB,1007066,0.9604129791259766,9cf878630bb5ac0f5b2f53708dcc403f
6630f8675a97.png,4,retinopatia_diabetica_proliferativa,4288,2848,4288x2848,1.5056179775280898,PNG,RGB,5205560,4.964408874511719,9da4020912c4dc56edba6acdddd0d8af
66366a90d1ef.png,0,sem_retinopatia_diabetica,2588,1958,2588x1958,1.3217568947906027,PNG,RGB,2588361,2.4684534072875977,d07de0494898ffc4aba3a8c62c695018
66375b3c64db.png,4,retinopatia_diabetica_proliferativa,3388,2588,3388x2588,1.3091190108191655,PNG,RGB,3698336,3.527008056640625,fb99ee94f95c9fe0ede6f6ef99e7c83b
66393d8c60ba.png,0,sem_retinopatia_diabetica,1050,1050,1050x1050,1.0,PNG,RGB,1064733,1.0154085159301758,020bc668fb19ae3305d20f21efbc7859
663a923d5398.png,2,retinopatia_diabetica_moderada,2588,1958,2588x1958,1.3217568947906027,PNG,RGB,5171821,4.932232856750488,9e99677e9b61f5175721b05b00d73656
66460ecab347.png,0,sem_retinopatia_diabetica,2048,1536,2048x1536,1.3333333333333333,PNG,RGB,1760429,1.6788759231567383,3a58f8705dc8bb5b6d807f21ae0e48f1
664b1f9a2087.png,4,retinopatia_diabetica_proliferativa,3216,2136,3216x2136,1.5056179775280898,PNG,RGB,2710908,2.5853233337402344,630692b141065e2df70276fda681206b
6653ad026901.png,0,sem_retinopatia_diabetica,1050,1050,1050x1050,1.0,PNG,RGB,959721,0.9152612686157227,1a923062dc21357644724dea742c4f41
665ce639a331.png,1,retinopatia_diabetica_leve,2416,1736,2416x1736,1.391705069124424,PNG,RGB,2160256,2.0601806640625,52f0b0382241f63dce914cb4d3b08800
6666c4f18396.png,2,retinopatia_diabetica_moderada,3216,2136,3216x2136,1.5056179775280898,PNG,RGB,5962073,5.68587589263916,3fe71f031a023ed6f4020f9f968f1a2c
668a319c2d23.png,0,sem_retinopatia_diabetica,1050,1050,1050x1050,1.0,PNG,RGB,1056326,1.0073909759521484,cd781250eb3230a5631fe83c10026547
668e853258cd.png,2,retinopatia_diabetica_moderada,2588,1958,2588x1958,1.3217568947906027,PNG,RGB,5070598,4.835699081420898,784e0dc4f42d9e449c81476fa6afec41
66a0bf258013.png,4,retinopatia_diabetica_proliferativa,2416,1736,2416x1736,1.391705069124424,PNG,RGB,2258460,2.1538352966308594,d2f734586d1ef60612aa8fb5c3ad37a7
66b88a4bc474.png,0,sem_retinopatia_diabetica,2048,1536,2048x1536,1.3333333333333333,PNG,RGB,1914178,1.8255023956298828,42fb097596dfdd72fde25ee4b1884dbb
66bae1ba227f.png,2,retinopatia_diabetica_moderada,4288,2848,4288x2848,1.5056179775280898,PNG,RGB,4414893,4.210370063781738,fb4427772f544ec207a0eb0a0615f3a6
66bfec8d6bcd.png,0,sem_retinopatia_diabetica,1050,1050,1050x1050,1.0,PNG,RGB,949534,0.9055461883544922,66196a5edd17b2fb9823e137f67b0314
66cd9c28e636.png,1,retinopatia_diabetica_leve,2416,1736,2416x1736,1.391705069124424,PNG,RGB,1844671,1.7592153549194336,6e71c028b884ff39c628b3c022130347
66d2ca47aa44.png,2,retinopatia_diabetica_moderada,2588,1958,2588x1958,1.3217568947906027,PNG,RGB,5043319,4.809683799743652,9390ce34b709f3771841d383a227c14e
6733544ae7a6.png,2,retinopatia_diabetica_moderada,2588,1958,2588x1958,1.3217568947906027,PNG,RGB,3257901,3.1069765090942383,0652ec8c13493c57ef0e412a28cdf7c5
6735931000ec.png,3,retinopatia_diabetica_grave,3216,2136,3216x2136,1.5056179775280898,PNG,RGB,3280752,3.1287689208984375,bbace394111891f9ffe0cf4912930cb2
674057ab250c.png,2,retinopatia_diabetica_moderada,2588,1958,2588x1958,1.3217568947906027,PNG,RGB,5309175,5.063223838806152,1d7e2852c00395bd36f41ef03e5445ad
675de69373f8.png,0,sem_retinopatia_diabetica,819,614,819x614,1.3338762214983713,PNG,RGB,333139,0.3177061080932617,11acaf55ec19849b7effa77b5523857d
6762b2b48ea5.png,1,retinopatia_diabetica_leve,2416,1736,2416x1736,1.391705069124424,PNG,RGB,2408197,2.296635627746582,a914c662af6307d3ada5ca94c693a39d
677f087cd697.png,1,retinopatia_diabetica_leve,2416,1736,2416x1736,1.391705069124424,PNG,RGB,2174592,2.0738525390625,a29d8fd1c41baeb5cda4e4f6ef1992a7
67844c46bc61.png,2,retinopatia_diabetica_moderada,3216,2136,3216x2136,1.5056179775280898,PNG,RGB,3152222,3.006193161010742,cd3c2570aab925ac6daa588ce677d90b
67c03349bb31.png,2,retinopatia_diabetica_moderada,1050,1050,1050x1050,1.0,PNG,RGB,926454,0.8835353851318359,3fdcc16eaefb21aef2a9f32cba771075
67d8f94f04e0.png,0,sem_retinopatia_diabetica,2048,1536,2048x1536,1.3333333333333333,PNG,RGB,1930121,1.8407068252563477,5171ba0eb08a6e1d36cb9a228288441b
67ed8cc78b97.png,0,sem_retinopatia_diabetica,819,614,819x614,1.3338762214983713,PNG,RGB,294662,0.28101158142089844,965c09196fa8a02318075975edb0a93f
67f5d89da548.png,1,retinopatia_diabetica_leve,2416,1736,2416x1736,1.391705069124424,PNG,RGB,2220668,2.1177940368652344,8fd5b16dc4c978845366c6e4190b38db
6810410187a0.png,2,retinopatia_diabetica_moderada,3216,2136,3216x2136,1.5056179775280898,PNG,RGB,2740626,2.6136646270751953,8f65224942cbccb0f543f1c51ca427dd
681c3c115684.png,2,retinopatia_diabetica_moderada,2588,1958,2588x1958,1.3217568947906027,PNG,RGB,4995379,4.763964653015137,06891cc0ae202b98b33fe5fa1a49aec9
682312e82ee3.png,0,sem_retinopatia_diabetica,2588,1958,2588x1958,1.3217568947906027,PNG,RGB,5505967,5.250899314880371,ab667d9026d269d7059419cdf7cbf838
683023cda6a5.png,0,sem_retinopatia_diabetica,819,614,819x614,1.3338762214983713,PNG,RGB,294049,0.2804269790649414,6eea1b1a38a371e31ca2dfd5f465219f
68332fdcaa70.png,1,retinopatia_diabetica_leve,2416,1736,2416x1736,1.391705069124424,PNG,RGB,2143457,2.0441598892211914,c018040a60996e17debbca55416f5adb
684dd88a0d49.png,0,sem_retinopatia_diabetica,819,614,819x614,1.3338762214983713,PNG,RGB,326644,0.3115119934082031,d07a457f11f1fffc74abf07d128e9449
6852f4531591.png,0,sem_retinopatia_diabetica,1050,1050,1050x1050,1.0,PNG,RGB,1032953,0.9851007461547852,0fbb496fce3e34711fd50131b5f4b87b
686ed1dbae20.png,2,retinopatia_diabetica_moderada,2144,1424,2144x1424,1.5056179775280898,PNG,RGB,2515610,2.3990726470947266,7f5ae8d14e38b5465e559649739d5ec3
687759336b0d.png,3,retinopatia_diabetica_grave,2588,1958,2588x1958,1.3217568947906027,PNG,RGB,5528142,5.27204704284668,0257b855c1594301cc972bf6af02bc10
6889bc64ab09.png,2,retinopatia_diabetica_moderada,2588,1958,2588x1958,1.3217568947906027,PNG,RGB,5096126,4.860044479370117,46296fcd45ed1a486ae665bea12ede8c
68987fb159ab.png,0,sem_retinopatia_diabetica,1050,1050,1050x1050,1.0,PNG,RGB,1011705,0.9648370742797852,6c4554128c6bf08390378a480c289223
68ddb15a74de.png,0,sem_retinopatia_diabetica,1050,1050,1050x1050,1.0,PNG,RGB,1015162,0.9681339263916016,8406b9bfb0c9350569462214013341ad
691eeb59b4cb.png,0,sem_retinopatia_diabetica,1050,1050,1050x1050,1.0,PNG,RGB,978123,0.9328107833862305,a09cb1457dec0b95e3bb11c754960882
692e946b1f85.png,0,sem_retinopatia_diabetica,1050,1050,1050x1050,1.0,PNG,RGB,905091,0.8631620407104492,a2bbaafab651d8d3332f17fe3995bd52
69591ebb198d.png,2,retinopatia_diabetica_moderada,3216,2136,3216x2136,1.5056179775280898,PNG,RGB,2839018,2.707498550415039,b5058ed49490456b6c84d89d081b3180
6966abf40b8c.png,0,sem_retinopatia_diabetica,1050,1050,1050x1050,1.0,PNG,RGB,1043540,0.9951972961425781,11df16e9b1fc768172c86cb31c9c9c1b
697538183db5.png,3,retinopatia_diabetica_grave,2896,1944,2896x1944,1.4897119341563787,PNG,RGB,2310117,2.203099250793457,9178111757e4b12d6432175bac12c898
6987804eb464.png,2,retinopatia_diabetica_moderada,1844,1226,1844x1226,1.504078303425775,PNG,RGB,1003766,0.9572658538818359,3f5fe1c0975a46f6c6fa6ac9777a239a
698d6e422a80.png,2,retinopatia_diabetica_moderada,640,480,640x480,1.3333333333333333,PNG,RGB,333931,0.31846141815185547,f27775eb17ec6bc768f3ac1a56865523
69b3a00927fc.png,0,sem_retinopatia_diabetica,1050,1050,1050x1050,1.0,PNG,RGB,984151,0.9385595321655273,6bfa7e714e27f9f611de019c32fd0979
69c4cbb630de.png,0,sem_retinopatia_diabetica,819,614,819x614,1.3338762214983713,PNG,RGB,308589,0.2942934036254883,17ed1452e8ca51d338bb0b51859dccb9
69df7ade0575.png,2,retinopatia_diabetica_moderada,2416,1736,2416x1736,1.391705069124424,PNG,RGB,2060731,1.965266227722168,633361f2d59bb412d0bd3bc981525708
69f43381317b.png,0,sem_retinopatia_diabetica,2048,1536,2048x1536,1.3333333333333333,PNG,RGB,1913903,1.825240135192871,fc80bb2efcc0e13690f15a60cf93c22d
69fff98cb32a.png,4,retinopatia_diabetica_proliferativa,2416,1736,2416x1736,1.391705069124424,PNG,RGB,1948134,1.8578853607177734,efde031b2abe81748e97ed6e2235f894
6a244e855d0e.png,3,retinopatia_diabetica_grave,3216,2136,3216x2136,1.5056179775280898,PNG,RGB,1568199,1.4955511093139648,ea95586a0124444758a79287cb8666e8
6a2642131e4a.png,0,sem_retinopatia_diabetica,1050,1050,1050x1050,1.0,PNG,RGB,981448,0.9359817504882812,f835aaf31b7f92aee83bdf709ada8db6
6a2c3f4ef329.png,0,sem_retinopatia_diabetica,2588,1958,2588x1958,1.3217568947906027,PNG,RGB,5173814,4.934133529663086,1575a3abf76fddb9470a20e603ab9dd7
6a57a3db3eff.png,0,sem_retinopatia_diabetica,1050,1050,1050x1050,1.0,PNG,RGB,1020286,0.9730205535888672,5781d73dcbcf7c0ff59e1cf8a846dfd3
6a905a7202d2.png,0,sem_retinopatia_diabetica,1050,1050,1050x1050,1.0,PNG,RGB,997723,0.951502799987793,f816b83d272370d4f50ffa0945dacc1a
6a91eb157f47.png,2,retinopatia_diabetica_moderada,3388,2588,3388x2588,1.3091190108191655,PNG,RGB,7275583,6.938536643981934,ff699cdc64173d700f9ba1c99426d10b
6af071b0ac6e.png,0,sem_retinopatia_diabetica,2588,1958,2588x1958,1.3217568947906027,PNG,RGB,5278024,5.033515930175781,86812b0edbb1e3a7cb65d3ba48c590a7
6b00cb764237.png,1,retinopatia_diabetica_leve,2416,1736,2416x1736,1.391705069124424,PNG,RGB,2148090,2.0485782623291016,7b9295a4e13c2b6684a249675b34cd38
6b07971c3bf6.png,1,retinopatia_diabetica_leve,819,614,819x614,1.3338762214983713,PNG,RGB,325767,0.31067562103271484,99a06910c933379cde2ef2f578af7efc
6b128e648646.png,3,retinopatia_diabetica_grave,3216,2136,3216x2136,1.5056179775280898,PNG,RGB,3027164,2.8869285583496094,128d4099d8cb3341c4ad53700ca4338c
6b30767595d8.png,0,sem_retinopatia_diabetica,2048,1536,2048x1536,1.3333333333333333,PNG,RGB,1930538,1.841104507446289,8a7251f69f4115407ced523eb7b4515c
6b3860e8f64f.png,0,sem_retinopatia_diabetica,1050,1050,1050x1050,1.0,PNG,RGB,920052,0.8774299621582031,e3520ac1042e0378354c67075daf4718
6b664ed2a938.png,0,sem_retinopatia_diabetica,2048,1536,2048x1536,1.3333333333333333,PNG,RGB,1913577,1.8249292373657227,e7268f5c1c84d2cb1c7c4d6d578a9f93
6b66b0e86f7e.png,0,sem_retinopatia_diabetica,1050,1050,1050x1050,1.0,PNG,RGB,923412,0.8806343078613281,7a7873e9092868de19aa9b56100ed668
6b7cf869622a.png,2,retinopatia_diabetica_moderada,2588,1958,2588x1958,1.3217568947906027,PNG,RGB,5002716,4.770961761474609,4f7e11d32bdbf4fa22d078f8552f5c27
6b869f37cdf3.png,2,retinopatia_diabetica_moderada,2416,1736,2416x1736,1.391705069124424,PNG,RGB,2302493,2.195828437805176,aa12debe2e38508e9e83c4faba72bc49
6b91e99c9408.png,0,sem_retinopatia_diabetica,2048,1536,2048x1536,1.3333333333333333,PNG,RGB,1946354,1.8561878204345703,2b1bb134c50c9a2bf6c1fec336f29e0e
6ba5ed791444.png,2,retinopatia_diabetica_moderada,3388,2588,3388x2588,1.3091190108191655,PNG,RGB,7397031,7.05435848236084,ea4c045570089f47113fc2d99c545f2a
6baafa56895c.png,3,retinopatia_diabetica_grave,2588,1958,2588x1958,1.3217568947906027,PNG,RGB,5338692,5.091373443603516,ba99bb27ccbdb4e43fc823f379312d06
6bb30ec3231a.png,0,sem_retinopatia_diabetica,1050,1050,1050x1050,1.0,PNG,RGB,1059310,1.0102367401123047,8839bd2a25e2ff6174690066ae53730d
6bcce181be65.png,0,sem_retinopatia_diabetica,2588,1958,2588x1958,1.3217568947906027,PNG,RGB,5724359,5.459174156188965,5204b8d4635b7eb7c9cebde7b81210d1
6bf26b777e3a.png,0,sem_retinopatia_diabetica,2588,1958,2588x1958,1.3217568947906027,PNG,RGB,5136174,4.898237228393555,3469942502f27bb84163cf8b8012a7b4
6bf2a81a5d91.png,0,sem_retinopatia_diabetica,819,614,819x614,1.3338762214983713,PNG,RGB,306560,0.2923583984375,2e8e2d092014db6b52f07e38c09162dc
6c00dd8bf708.png,0,sem_retinopatia_diabetica,1050,1050,1050x1050,1.0,PNG,RGB,937400,0.8939743041992188,f6e34d1e2755a50984a14444ee5dbb68
6c250a30593b.png,4,retinopatia_diabetica_proliferativa,2416,1736,2416x1736,1.391705069124424,PNG,RGB,2221241,2.118340492248535,b9960b44c59228ea75876a9cf2067310
6c2555a9cae4.png,2,retinopatia_diabetica_moderada,2416,1736,2416x1736,1.391705069124424,PNG,RGB,2300173,2.1936159133911133,b1dd6abf121ac4be1fe6f29073598b8f
6c30dd481717.png,0,sem_retinopatia_diabetica,819,614,819x614,1.3338762214983713,PNG,RGB,317196,0.3025016784667969,add5bc1a5ee2e461744a57e57d18f0b7
6c315ad3d07f.png,2,retinopatia_diabetica_moderada,640,480,640x480,1.3333333333333333,PNG,RGB,350760,0.33451080322265625,a789185e2333f28932ef20197919f4e3
6c3589d7ed8d.png,0,sem_retinopatia_diabetica,1050,1050,1050x1050,1.0,PNG,RGB,1090396,1.0398826599121094,a5d29873b90d7f5ea5185470d34813be
6c3745a222da.png,4,retinopatia_diabetica_proliferativa,1050,1050,1050x1050,1.0,PNG,RGB,950365,0.9063386917114258,e4b6268985b346018804a921801508d1
6c4ec95dd8ba.png,0,sem_retinopatia_diabetica,2588,1958,2588x1958,1.3217568947906027,PNG,RGB,5063341,4.828778266906738,2ba042652493bbe048f56f1d76960189
6c6505a0c637.png,0,sem_retinopatia_diabetica,2048,1536,2048x1536,1.3333333333333333,PNG,RGB,1715513,1.6360406875610352,73f92fa6491f089c72a6e2d41408484f
6c6efb6b1358.png,1,retinopatia_diabetica_leve,4288,2848,4288x2848,1.5056179775280898,PNG,RGB,5195876,4.955173492431641,a82a411d300cc0746ecbaca3febe3760
6c9c902a97de.png,0,sem_retinopatia_diabetica,1050,1050,1050x1050,1.0,PNG,RGB,929960,0.8868789672851562,b45da7859afbb947e6af3d76462d9b09
6cb96a6fb029.png,0,sem_retinopatia_diabetica,2048,1536,2048x1536,1.3333333333333333,PNG,RGB,1832439,1.7475500106811523,60eca2ae3c8111626ce933cea7fa84f3
6cb98da77e3e.png,2,retinopatia_diabetica_moderada,1504,1000,1504x1000,1.504,PNG,RGB,1324184,1.2628402709960938,e7699fcab7a16c18350e96d8e9890cff
6cbc3dad809c.png,2,retinopatia_diabetica_moderada,3216,2136,3216x2136,1.5056179775280898,PNG,RGB,3129965,2.9849672317504883,da5de6209f5699871b25dd0991c7f1f8
6ccfdb031184.png,0,sem_retinopatia_diabetica,819,614,819x614,1.3338762214983713,PNG,RGB,371766,0.35454368591308594,063d9471e2a332f13edb415a022374eb
6cd606dc52e9.png,4,retinopatia_diabetica_proliferativa,4288,2848,4288x2848,1.5056179775280898,PNG,RGB,4451579,4.245356559753418,ac3d86a46924732d836651a525a9b82a
6cdd0f985270.png,1,retinopatia_diabetica_leve,4288,2848,4288x2848,1.5056179775280898,PNG,RGB,4445159,4.23923397064209,c05b8c94399b930ad200f16cbd1d6d9d
6cee2e148520.png,0,sem_retinopatia_diabetica,2588,1958,2588x1958,1.3217568947906027,PNG,RGB,5446550,5.194234848022461,512f25c680af661a687f6f9b130e3c9c
6cfb7b44ef6f.png,4,retinopatia_diabetica_proliferativa,1844,1226,1844x1226,1.504078303425775,PNG,RGB,870425,0.8301019668579102,f10b380787f26e320f42c1238dd25e09
6cffc6c6851a.png,0,sem_retinopatia_diabetica,819,614,819x614,1.3338762214983713,PNG,RGB,284488,0.27130889892578125,afb1e07a14e6fef70ecafb4e288c3c17
6d0c0531083f.png,3,retinopatia_diabetica_grave,2416,1736,2416x1736,1.391705069124424,PNG,RGB,2020903,1.9272832870483398,afdb1bb140a6f56b17117ace5efffd89
6d10709053ae.png,0,sem_retinopatia_diabetica,1050,1050,1050x1050,1.0,PNG,RGB,970381,0.9254274368286133,252bc00d513c215a232cc84564c7a3d9
6d259b5b4c76.png,4,retinopatia_diabetica_proliferativa,3388,2588,3388x2588,1.3091190108191655,PNG,RGB,3457244,3.2970848083496094,7ac8ee3385d5c18f20bf82eb9ba88791
6d292ca4c9ad.png,1,retinopatia_diabetica_leve,2416,1736,2416x1736,1.391705069124424,PNG,RGB,2320193,2.2127084732055664,275230b47674e33ff15f9d5a7c8327f7
6d3d1fe6c32a.png,2,retinopatia_diabetica_moderada,2416,1736,2416x1736,1.391705069124424,PNG,RGB,2157144,2.0572128295898438,fee4f7e1f851065079c71267eb7d8633
6d454444f17c.png,2,retinopatia_diabetica_moderada,2416,1736,2416x1736,1.391705069124424,PNG,RGB,1943739,1.853693962097168,8b27b77100fdd9012cb55487b80dc5af
6d4f6c9a8406.png,0,sem_retinopatia_diabetica,1050,1050,1050x1050,1.0,PNG,RGB,939939,0.8963956832885742,4a2705a558e69f38ddf641991febd2e8
6d5a8362dd1e.png,0,sem_retinopatia_diabetica,2588,1958,2588x1958,1.3217568947906027,PNG,RGB,5125026,4.887605667114258,d7d4d71ae93ff08081b4913fd85a2dc2
6d6be4cfc73f.png,0,sem_retinopatia_diabetica,1050,1050,1050x1050,1.0,PNG,RGB,1044965,0.996556282043457,599a2ab123158fbd50dc9d398ccbc9b3
6d6fcf49e515.png,0,sem_retinopatia_diabetica,1050,1050,1050x1050,1.0,PNG,RGB,967358,0.9225444793701172,ef1e2269e23b459f3141bf24125363da
6d7d26025122.png,4,retinopatia_diabetica_proliferativa,3388,2588,3388x2588,1.3091190108191655,PNG,RGB,7481208,7.134635925292969,a37215fff9d3782866978b11ad82ae12
6d9effbcde78.png,0,sem_retinopatia_diabetica,2588,1958,2588x1958,1.3217568947906027,PNG,RGB,2460876,2.346874237060547,fe2ae9614e74d731a4f907f6008f4973
6daef3e5ca22.png,4,retinopatia_diabetica_proliferativa,1844,1226,1844x1226,1.504078303425775,PNG,RGB,833906,0.7952747344970703,3cd5611987b5d6e2a06f10fbb3ae5022
6dc0281f11e3.png,0,sem_retinopatia_diabetica,1050,1050,1050x1050,1.0,PNG,RGB,937761,0.8943185806274414,ba4aebbf519e5c122841d806088d767f
6dc07f968794.png,0,sem_retinopatia_diabetica,1050,1050,1050x1050,1.0,PNG,RGB,1004011,0.9574995040893555,fac212c619c24853e78fe6c2df5cd3ef
6dcde47060f9.png,2,retinopatia_diabetica_moderada,3216,2136,3216x2136,1.5056179775280898,PNG,RGB,2279379,2.1737852096557617,12e6166bcbfee4e1c3c8f171377a89fb
6de39b94f634.png,0,sem_retinopatia_diabetica,2048,1536,2048x1536,1.3333333333333333,PNG,RGB,1950318,1.8599681854248047,03f32e72a2c546729aa731c77ca79f51
6df8b7b6e837.png,0,sem_retinopatia_diabetica,2588,1958,2588x1958,1.3217568947906027,PNG,RGB,5308298,5.062387466430664,80513426d9901203c472a32a6a184d02
6dfd80748e72.png,2,retinopatia_diabetica_moderada,2416,1736,2416x1736,1.391705069124424,PNG,RGB,2261683,2.1569089889526367,2c9633742d7d56108a413af6f603cdd7
6e018411ba4a.png,0,sem_retinopatia_diabetica,2588,1958,2588x1958,1.3217568947906027,PNG,RGB,5745942,5.479757308959961,37d4b28da0c80dcb44c5438645d0b0cb
6e092b306fe1.png,2,retinopatia_diabetica_moderada,2588,1958,2588x1958,1.3217568947906027,PNG,RGB,5348649,5.100869178771973,9822e23089820ee6711688ced6dfa965
6e092caa065f.png,0,sem_retinopatia_diabetica,1050,1050,1050x1050,1.0,PNG,RGB,1010508,0.9636955261230469,7d0b247eab0903444cd552d29eee5b78
6e0f78e188ff.png,0,sem_retinopatia_diabetica,2588,1958,2588x1958,1.3217568947906027,PNG,RGB,5458496,5.20562744140625,354a931b536615ea6d73ae78dba196e3
6e1db8711879.png,0,sem_retinopatia_diabetica,2048,1536,2048x1536,1.3333333333333333,PNG,RGB,1969698,1.8784503936767578,e97e908284132d94f2b8bf16bbe1db6f
6e3526053de0.png,0,sem_retinopatia_diabetica,819,614,819x614,1.3338762214983713,PNG,RGB,343027,0.3271360397338867,976acc3e6f3042686bb571267275ca3d
6e44f6d04fc9.png,0,sem_retinopatia_diabetica,1050,1050,1050x1050,1.0,PNG,RGB,1004660,0.9581184387207031,5428a412af9429e9418a1abb0e22de2c
6e68e742f5bc.png,2,retinopatia_diabetica_moderada,3216,2136,3216x2136,1.5056179775280898,PNG,RGB,2635697,2.513596534729004,c3e1b4d4b630af09d757a734217dd0d3
6e73acb2cf60.png,4,retinopatia_diabetica_proliferativa,2416,1736,2416x1736,1.391705069124424,PNG,RGB,2092169,1.9952478408813477,777fdb10ed30727366c517cb9e28c618
6e861bc3bd7b.png,0,sem_retinopatia_diabetica,819,614,819x614,1.3338762214983713,PNG,RGB,282334,0.2692546844482422,8e4d952f5ce44ff6b4d0aef9081b01af
6e92b1c5ac8e.png,3,retinopatia_diabetica_grave,2144,1424,2144x1424,1.5056179775280898,PNG,RGB,2708524,2.583049774169922,f9f3914e7ff337cb501cbbbe3ff0a1bb
6ea07d19b4ce.png,1,retinopatia_diabetica_leve,3216,2136,3216x2136,1.5056179775280898,PNG,RGB,2266335,2.1613454818725586,b4b87d8d9512bffb6cbf3f616427614e
6efa36d59ada.png,3,retinopatia_diabetica_grave,2588,1958,2588x1958,1.3217568947906027,PNG,RGB,5302282,5.056650161743164,6919a5fedba843ff5630c2fbda6481d5
6f0463c1ff18.png,2,retinopatia_diabetica_moderada,3216,2136,3216x2136,1.5056179775280898,PNG,RGB,2812754,2.6824512481689453,23ce6133d85fe33da7f10852b4af00f1
6f0e5848d9ce.png,0,sem_retinopatia_diabetica,1050,1050,1050x1050,1.0,PNG,RGB,977895,0.9325933456420898,778976babde9c06dd1b85326b2b72547
6f3b62e5b7f5.png,0,sem_retinopatia_diabetica,819,614,819x614,1.3338762214983713,PNG,RGB,351920,0.3356170654296875,1eea436aca2541eda66661eafb8bf6e9
6f460f9968c7.png,0,sem_retinopatia_diabetica,1050,1050,1050x1050,1.0,PNG,RGB,907236,0.8652076721191406,c6c298051da41f5d080eff1c011fcce5
6f4719c6bb4b.png,4,retinopatia_diabetica_proliferativa,2588,1958,2588x1958,1.3217568947906027,PNG,RGB,4956915,4.727282524108887,ebaef48c4499624644f7c1340ffff08f
6f4e0538d1e4.png,2,retinopatia_diabetica_moderada,2416,1736,2416x1736,1.391705069124424,PNG,RGB,2222981,2.119999885559082,023d68903001045e51e7bc93486707b9
6f689fced922.png,0,sem_retinopatia_diabetica,1050,1050,1050x1050,1.0,PNG,RGB,1023145,0.9757471084594727,64f21c52bd7b4a9857e8141a122230f1
6f923b60934b.png,4,retinopatia_diabetica_proliferativa,2416,1736,2416x1736,1.391705069124424,PNG,RGB,1868864,1.78228759765625,d6d0aee931cf16c280e6d4f7512b0ddd
6fb656d506b2.png,3,retinopatia_diabetica_grave,3388,2588,3388x2588,1.3091190108191655,PNG,RGB,4055943,3.868048667907715,3b75624dc1a3c101ed7e3a57734299df
6fbaaf8eb67a.png,0,sem_retinopatia_diabetica,819,614,819x614,1.3338762214983713,PNG,RGB,291274,0.27778053283691406,b1bff6ada656fa06bad1f3fff2b9953f
6fe4751a3b42.png,0,sem_retinopatia_diabetica,1050,1050,1050x1050,1.0,PNG,RGB,1012328,0.9654312133789062,9411c4b52dd040e0f1df484a7a2e6af3
6fe67482bfae.png,4,retinopatia_diabetica_proliferativa,3216,2136,3216x2136,1.5056179775280898,PNG,RGB,2194153,2.0925073623657227,61c922f570ec8e4690dc387a89abd4c7
6fe67fd7f5d1.png,0,sem_retinopatia_diabetica,1050,1050,1050x1050,1.0,PNG,RGB,1095833,1.0450677871704102,0cc859d5fdcb049fbf0ec28a61bce7ba
7005be54cab1.png,1,retinopatia_diabetica_leve,2416,1736,2416x1736,1.391705069124424,PNG,RGB,2177928,2.0770339965820312,904f4908413390a79e0c6f294f056796
702de9dcde32.png,4,retinopatia_diabetica_proliferativa,2416,1736,2416x1736,1.391705069124424,PNG,RGB,2264396,2.159496307373047,b059dc059898d36312ef09347d2295cc
705f508d1e42.png,0,sem_retinopatia_diabetica,1050,1050,1050x1050,1.0,PNG,RGB,1080407,1.0303564071655273,ff3640278e2a1537eaa738f3cb391c73
709784f7fcc2.png,2,retinopatia_diabetica_moderada,1844,1226,1844x1226,1.504078303425775,PNG,RGB,1020020,0.9727668762207031,263cc1f899eb251cdfbc640200cc8117
70d0392397de.png,0,sem_retinopatia_diabetica,2588,1958,2588x1958,1.3217568947906027,PNG,RGB,1977514,1.885904312133789,05cc52e89618886c8c3e76fd27c741ee
70d657f8f503.png,4,retinopatia_diabetica_proliferativa,1050,1050,1050x1050,1.0,PNG,RGB,889173,0.8479814529418945,a1c81946dad9855fe5f1644cf46059d2
70ed3ec68b94.png,2,retinopatia_diabetica_moderada,2416,1736,2416x1736,1.391705069124424,PNG,RGB,2316576,2.209259033203125,8eb53cde67dc585fbf215ba5d18634b9
70f5caf5f305.png,2,retinopatia_diabetica_moderada,1050,1050,1050x1050,1.0,PNG,RGB,1011435,0.9645795822143555,8c9cd8353be6a7beb8f31217c76653a5
7102f29e052e.png,2,retinopatia_diabetica_moderada,3388,2588,3388x2588,1.3091190108191655,PNG,RGB,7021155,6.695895195007324,3bcb96368af57f5b7a3834006c62480a
710b05a96e0f.png,4,retinopatia_diabetica_proliferativa,4288,2848,4288x2848,1.5056179775280898,PNG,RGB,4350974,4.149412155151367,851b0e43b4ee36ce6f974243b539fb92
7116128c65ab.png,1,retinopatia_diabetica_leve,1844,1226,1844x1226,1.504078303425775,PNG,RGB,799838,0.7627849578857422,6e98281de9086cb6690c8f54536c079e
711d1480d2e3.png,2,retinopatia_diabetica_moderada,2416,1736,2416x1736,1.391705069124424,PNG,RGB,2427867,2.315394401550293,0d3c902ceb0ac70765738d8f7c876c10
7131bf4c9e6f.png,0,sem_retinopatia_diabetica,819,614,819x614,1.3338762214983713,PNG,RGB,324641,0.3096017837524414,ce7772259763273f1e1cbfca37c795ee
7179f85bfd6f.png,0,sem_retinopatia_diabetica,819,614,819x614,1.3338762214983713,PNG,RGB,348639,0.3324880599975586,d786e87ef96e1ca1f8c13d1a4596b11e
71a39c660432.png,3,retinopatia_diabetica_grave,3216,2136,3216x2136,1.5056179775280898,PNG,RGB,3682364,3.5117759704589844,551d411f5e195956ba27106f264459ca
71c1a3cdbe47.png,1,retinopatia_diabetica_leve,2416,1736,2416x1736,1.391705069124424,PNG,RGB,2064698,1.9690494537353516,a8317a69910d9f044779c51f19d02b20
71c22da3d6c6.png,0,sem_retinopatia_diabetica,2048,1536,2048x1536,1.3333333333333333,PNG,RGB,1960281,1.8694696426391602,173bf3a1575c2ff7521119ce311b6d44
71e4130bf5c8.png,2,retinopatia_diabetica_moderada,3216,2136,3216x2136,1.5056179775280898,PNG,RGB,3167548,3.0208091735839844,8f16f1a2c1ec7e77a01b4a95f10d8dfc
71e43b4f8ba6.png,0,sem_retinopatia_diabetica,1050,1050,1050x1050,1.0,PNG,RGB,1015686,0.9686336517333984,69b69c37223b5722c8ec35a9be33fda6
71f6a6e4620a.png,1,retinopatia_diabetica_leve,2416,1736,2416x1736,1.391705069124424,PNG,RGB,2405278,2.293851852416992,642afeb3aaec370b9b327cc8d375a326
720b5f62ce80.png,0,sem_retinopatia_diabetica,2048,1536,2048x1536,1.3333333333333333,PNG,RGB,1763069,1.6813936233520508,9c6daaa432a1d29e2497624ac8a28342
721214151233.png,0,sem_retinopatia_diabetica,1050,1050,1050x1050,1.0,PNG,RGB,962478,0.9178905487060547,6c494a9d4a96cb74d0947ed00894de53
7214fc7cbe03.png,0,sem_retinopatia_diabetica,2048,1536,2048x1536,1.3333333333333333,PNG,RGB,1796572,1.7133445739746094,e3bcfa3c78339fee6c222346ec8d0600
7247a2c97f71.png,2,retinopatia_diabetica_moderada,3216,2136,3216x2136,1.5056179775280898,PNG,RGB,2190850,2.089357376098633,3349228d1d8ec828151caa5aca0695a1
72595230840c.png,3,retinopatia_diabetica_grave,2588,1958,2588x1958,1.3217568947906027,PNG,RGB,5542685,5.285916328430176,a162f9942ba9c1113fba00b673e21512
72606afaf3da.png,0,sem_retinopatia_diabetica,2048,1536,2048x1536,1.3333333333333333,PNG,RGB,2022893,1.9291810989379883,51c3842438988260c981d2d3a6762b1e
7269a1d84a57.png,0,sem_retinopatia_diabetica,2048,1536,2048x1536,1.3333333333333333,PNG,RGB,1800459,1.7170515060424805,9c7bbe52370888ef5163260b5cf68e18
726dff37edc0.png,0,sem_retinopatia_diabetica,819,614,819x614,1.3338762214983713,PNG,RGB,346447,0.3303976058959961,e82c6d026c88397048452ed6bdb57455
7270367410a1.png,4,retinopatia_diabetica_proliferativa,3216,2136,3216x2136,1.5056179775280898,PNG,RGB,2664351,2.5409231185913086,a1cec6a974c3756619f182977cedc898
72a867980067.png,0,sem_retinopatia_diabetica,819,614,819x614,1.3338762214983713,PNG,RGB,366458,0.34948158264160156,37bf582dac48de74b4f89724a44c118e
72c31aa48e2c.png,0,sem_retinopatia_diabetica,1050,1050,1050x1050,1.0,PNG,RGB,1031422,0.9836406707763672,83ac250874fc789866696cba6a4489bf
72d98188648f.png,4,retinopatia_diabetica_proliferativa,3388,2588,3388x2588,1.3091190108191655,PNG,RGB,7297546,6.959482192993164,17406b1c7bda4304e388da8bad4ed762
731b19a460ad.png,2,retinopatia_diabetica_moderada,2416,1736,2416x1736,1.391705069124424,PNG,RGB,2264226,2.159334182739258,2688e363197253fa4da5305751e7df55
7335a2d43ada.png,1,retinopatia_diabetica_leve,4288,2848,4288x2848,1.5056179775280898,PNG,RGB,5659218,5.397050857543945,7ce747839238bca89acd6db7dc695bfc
7347bd23ba80.png,0,sem_retinopatia_diabetica,1050,1050,1050x1050,1.0,PNG,RGB,991930,0.9459781646728516,5454c9129e7e54f64bca7b0e9f12c2d9
7347f5133a6a.png,1,retinopatia_diabetica_leve,2416,1736,2416x1736,1.391705069124424,PNG,RGB,1874155,1.7873334884643555,174674747a8adcea7f1f9a947bdbd8f3
7350c50667c5.png,2,retinopatia_diabetica_moderada,2416,1736,2416x1736,1.391705069124424,PNG,RGB,2047913,1.9530420303344727,e7f8a726d2f99f2200885e84ba77ecfb
7356dd08b0ae.png,2,retinopatia_diabetica_moderada,640,480,640x480,1.3333333333333333,PNG,RGB,340524,0.3247489929199219,af9a45640b283dc7207e358f74e47bb9
735836b1ffa6.png,0,sem_retinopatia_diabetica,2416,1736,2416x1736,1.391705069124424,PNG,RGB,2177102,2.0762462615966797,29517ed30ef8c57840a70f1dc73edcca
737ef6226677.png,0,sem_retinopatia_diabetica,1050,1050,1050x1050,1.0,PNG,RGB,987713,0.9419565200805664,24fc4a0ef384e2304bd2758ff6e6935a
73881f55a3ec.png,1,retinopatia_diabetica_leve,2416,1736,2416x1736,1.391705069124424,PNG,RGB,2233615,2.130141258239746,d768906d9ad6c45a8dd19bdfccae7878
73a07e2ea23e.png,0,sem_retinopatia_diabetica,819,614,819x614,1.3338762214983713,PNG,RGB,278964,0.2660408020019531,8c67028561275c08557926a0dd3a289f
73ba798fee25.png,0,sem_retinopatia_diabetica,1050,1050,1050x1050,1.0,PNG,RGB,917463,0.8749608993530273,9b40bb58298b01dde6b3d869cc509814
73d40ce06a67.png,0,sem_retinopatia_diabetica,1050,1050,1050x1050,1.0,PNG,RGB,1009282,0.9625263214111328,9ab21bd8085ee4ff63b42e00d006bf7c
73e83a07a16d.png,2,retinopatia_diabetica_moderada,2588,1958,2588x1958,1.3217568947906027,PNG,RGB,5173198,4.93354606628418,afc43ada80f189053666e403b5a4e561
73ef3c3dcbe4.png,0,sem_retinopatia_diabetica,2588,1958,2588x1958,1.3217568947906027,PNG,RGB,5325582,5.07887077331543,9dd0025904a4c6b0826e05c3d9a9318d
74211a2b6dcf.png,0,sem_retinopatia_diabetica,2588,1958,2588x1958,1.3217568947906027,PNG,RGB,5406988,5.156505584716797,34d8fb1e40755082c50057138b99de61
7427dedafccf.png,1,retinopatia_diabetica_leve,4288,2848,4288x2848,1.5056179775280898,PNG,RGB,4158096,3.9654693603515625,95f40e23fa44c4d091e91c62bd8b14dc
7435e9a3e36e.png,0,sem_retinopatia_diabetica,2588,1958,2588x1958,1.3217568947906027,PNG,RGB,5359998,5.111692428588867,5f1074a387cac4ee874eb70510185da5
74418f620068.png,2,retinopatia_diabetica_moderada,3216,2136,3216x2136,1.5056179775280898,PNG,RGB,2997427,2.8585691452026367,f6bdf81cf488d6657213d0fbe443d3e7
7455e2b5fc57.png,2,retinopatia_diabetica_moderada,3388,2588,3388x2588,1.3091190108191655,PNG,RGB,7329769,6.990212440490723,e352ddea3700dda89a06a2036c5fd9e1
74898f372d2b.png,0,sem_retinopatia_diabetica,2588,1958,2588x1958,1.3217568947906027,PNG,RGB,5290025,5.044960975646973,b8266c08614b9793cf46f93b9e412f34
74eee788edee.png,3,retinopatia_diabetica_grave,2416,1736,2416x1736,1.391705069124424,PNG,RGB,1954136,1.8636093139648438,038aebd42fcd0e818ca8f7ffa4ebdc0d
750e0168399d.png,0,sem_retinopatia_diabetica,2048,1536,2048x1536,1.3333333333333333,PNG,RGB,1927552,1.8382568359375,26c77360b2894cd5a0c20bc44457e115
75238d945315.png,0,sem_retinopatia_diabetica,1050,1050,1050x1050,1.0,PNG,RGB,1023222,0.9758205413818359,2cc66338f79a72af20e7191f5905fa4c
7525ebb3434d.png,3,retinopatia_diabetica_grave,1504,1000,1504x1000,1.504,PNG,RGB,1383016,1.3189468383789062,22f5076c4ee1788e4e80c44b3d459e93
7526c59c36d3.png,0,sem_retinopatia_diabetica,1050,1050,1050x1050,1.0,PNG,RGB,1112488,1.0609512329101562,25d5bf30855d9f09da8326499f3b0a14
7526cf435753.png,0,sem_retinopatia_diabetica,819,614,819x614,1.3338762214983713,PNG,RGB,371407,0.3542013168334961,3259c95b4eb2ad88bb9e4f86bea5e266
75369248dba0.png,0,sem_retinopatia_diabetica,1050,1050,1050x1050,1.0,PNG,RGB,1004457,0.9579248428344727,e4ac2e9f4d450094dcff97bca9ce8a5c
753b14c27c83.png,4,retinopatia_diabetica_proliferativa,2416,1736,2416x1736,1.391705069124424,PNG,RGB,2240322,2.136537551879883,1ae47150dcff4f134bc1a0321694222d
7550966ef777.png,2,retinopatia_diabetica_moderada,2144,1424,2144x1424,1.5056179775280898,PNG,RGB,2832308,2.701099395751953,73341fb3fe7160f070afff19b20332ed
7569ac24762e.png,0,sem_retinopatia_diabetica,2048,1536,2048x1536,1.3333333333333333,PNG,RGB,1852472,1.7666549682617188,e19ff49623699effa4ffd4e7c0e7029e
756b0d6488bb.png,1,retinopatia_diabetica_leve,2416,1736,2416x1736,1.391705069124424,PNG,RGB,2207076,2.1048316955566406,7141c4fd91c7531b1706f650cc733fc8
757572337fd0.png,2,retinopatia_diabetica_moderada,3216,2136,3216x2136,1.5056179775280898,PNG,RGB,1968879,1.877669334411621,1758fcfe8289375fb433aa7c5cd2e7b1
757e39293591.png,0,sem_retinopatia_diabetica,1050,1050,1050x1050,1.0,PNG,RGB,1135831,1.0832128524780273,181e61ddd0c5d54e8f7a003d7c27fbc6
75a071608ea6.png,0,sem_retinopatia_diabetica,1050,1050,1050x1050,1.0,PNG,RGB,1031912,0.9841079711914062,d1707e2c183bfd40d51bd2fe680f9c5a
75a4343b12f9.png,0,sem_retinopatia_diabetica,2416,1736,2416x1736,1.391705069124424,PNG,RGB,2127765,2.0291948318481445,7ec0217df96daf7c7b8e55a47aae49db
75a7bc945b7d.png,2,retinopatia_diabetica_moderada,2416,1736,2416x1736,1.391705069124424,PNG,RGB,2191514,2.0899906158447266,7dec9b9409bbe91d196a4923135b4c4e
75c180e04f65.png,0,sem_retinopatia_diabetica,1050,1050,1050x1050,1.0,PNG,RGB,1002062,0.9556407928466797,ebd9752132fce6b2e9deb460c3c2b143
75ed83dbccce.png,0,sem_retinopatia_diabetica,1050,1050,1050x1050,1.0,PNG,RGB,1023275,0.9758710861206055,6798e75903b0a15714c8a02ddfbb93ea
76095c338728.png,0,sem_retinopatia_diabetica,1050,1050,1050x1050,1.0,PNG,RGB,1011643,0.964777946472168,a1aac1d8c0dd198c8bed4971276cc308
760b6f4c6d82.png,2,retinopatia_diabetica_moderada,2416,1736,2416x1736,1.391705069124424,PNG,RGB,2092261,1.995335578918457,79d5bea696baa4fe463d618de6d5190d
762d6e5d5068.png,3,retinopatia_diabetica_grave,2416,1736,2416x1736,1.391705069124424,PNG,RGB,2216449,2.1137704849243164,d157a6aec2042f1f8f034662e900f6d8
7635921c5efb.png,0,sem_retinopatia_diabetica,2048,1536,2048x1536,1.3333333333333333,PNG,RGB,1904995,1.8167448043823242,0b465907d2fbe70b2412bffb24fdec82
763ad1236efe.png,0,sem_retinopatia_diabetica,1050,1050,1050x1050,1.0,PNG,RGB,897474,0.8558979034423828,620ba7cea585921a8ef3b16b159a4578
76516f828d88.png,0,sem_retinopatia_diabetica,1050,1050,1050x1050,1.0,PNG,RGB,974522,0.9293766021728516,5771de2d4b4953611b2495aba8c24a43
7663aba8d762.png,2,retinopatia_diabetica_moderada,2416,1736,2416x1736,1.391705069124424,PNG,RGB,1811558,1.7276363372802734,e44a68f63f5c42abfce8ce3b2f0b0cbf
767d777ee889.png,0,sem_retinopatia_diabetica,2048,1536,2048x1536,1.3333333333333333,PNG,RGB,1928579,1.8392362594604492,271e385be826530aac6143ee81e417ef
76b950c6ed5e.png,0,sem_retinopatia_diabetica,2048,1536,2048x1536,1.3333333333333333,PNG,RGB,1980639,1.8888845443725586,5958783965bfcb501a019fdbd2304afc
76bc31e0d3be.png,0,sem_retinopatia_diabetica,2048,1536,2048x1536,1.3333333333333333,PNG,RGB,1923425,1.8343210220336914,b87502819e7bb00aa6e8281c938c6ecc
76be29bb30b2.png,1,retinopatia_diabetica_leve,2416,1736,2416x1736,1.391705069124424,PNG,RGB,2402545,2.291245460510254,f9be99c965df88db4e0576fa431819de
76c0c7e1b6cb.png,2,retinopatia_diabetica_moderada,2416,1736,2416x1736,1.391705069124424,PNG,RGB,1717851,1.638270378112793,4ac3df1624ea4ccc4ad9c93555f00bc2
76cab26493f1.png,0,sem_retinopatia_diabetica,819,614,819x614,1.3338762214983713,PNG,RGB,295848,0.28214263916015625,abaa7f67316d63b2ebebe3bb2985457b
76cb010f7aa0.png,0,sem_retinopatia_diabetica,2048,1536,2048x1536,1.3333333333333333,PNG,RGB,1939970,1.8500995635986328,ceff4b2544127a0f3aa34606746fa2d0
76cfe8967f7d.png,2,retinopatia_diabetica_moderada,2896,1944,2896x1944,1.4897119341563787,PNG,RGB,2121583,2.023299217224121,292a349e96cc5560aeb965019b116180
76df141d966b.png,0,sem_retinopatia_diabetica,2048,1536,2048x1536,1.3333333333333333,PNG,RGB,1926921,1.8376550674438477,a6446f66572b6d1f60017fcc31e2329b
76e589911303.png,1,retinopatia_diabetica_leve,2416,1736,2416x1736,1.391705069124424,PNG,RGB,1911926,1.823354721069336,e1f83abb4934a96cc5c623979b0a80f2
76e5b50f95a7.png,0,sem_retinopatia_diabetica,1050,1050,1050x1050,1.0,PNG,RGB,916099,0.8736600875854492,aeca5532b6ea87185a91967076e353b0
76e6a9238570.png,2,retinopatia_diabetica_moderada,3216,2136,3216x2136,1.5056179775280898,PNG,RGB,2391285,2.2805070877075195,ed96affa3d9c1d00c82a9af7b5473784
76f3473df8a6.png,0,sem_retinopatia_diabetica,2048,1536,2048x1536,1.3333333333333333,PNG,RGB,1793279,1.7102041244506836,ca03f11399806b42ae7c544fdcf3eb02
76fe19ff64fb.png,2,retinopatia_diabetica_moderada,3216,2136,3216x2136,1.5056179775280898,PNG,RGB,2554768,2.4364166259765625,c686612ad80b35fe94b427826d961de4
772af553b8b7.png,3,retinopatia_diabetica_grave,2896,1944,2896x1944,1.4897119341563787,PNG,RGB,2068389,1.972569465637207,37a1dbe84388b77fa56ee5f5d6bda0fc
7743f4e04a6d.png,2,retinopatia_diabetica_moderada,3216,2136,3216x2136,1.5056179775280898,PNG,RGB,3018009,2.87819766998291,3a67fe9da8ee54e0eb9708800da8a9cf
77543f66a84a.png,2,retinopatia_diabetica_moderada,640,480,640x480,1.3333333333333333,PNG,RGB,310792,0.29639434814453125,ed2ff13c85770558602ba999d9e39347
77a1f1398fdb.png,0,sem_retinopatia_diabetica,2588,1958,2588x1958,1.3217568947906027,PNG,RGB,5465025,5.211853981018066,f3eabb90a805b553c0c89305a067b0bb
77a9538b8362.png,1,retinopatia_diabetica_leve,2416,1736,2416x1736,1.391705069124424,PNG,RGB,2272382,2.167112350463867,e7ec65d286ccf33375db4c82254b2ab5
77ab222bf85c.png,0,sem_retinopatia_diabetica,819,614,819x614,1.3338762214983713,PNG,RGB,289043,0.2756528854370117,892b11d55617cdfd076c2e4eef19b593
77acc2cafee1.png,0,sem_retinopatia_diabetica,1050,1050,1050x1050,1.0,PNG,RGB,1019165,0.9719514846801758,9dea439baa32133c390b584a4013cecd
77b7b71ebcc3.png,0,sem_retinopatia_diabetica,1050,1050,1050x1050,1.0,PNG,RGB,1046693,0.998204231262207,049c56fa898eeb2fa0589de38ac3ded7
77baa08a1345.png,2,retinopatia_diabetica_moderada,2588,1958,2588x1958,1.3217568947906027,PNG,RGB,4688980,4.471759796142578,341433883eda7fbef6d5a36d6bf2be80
77e15f213b04.png,0,sem_retinopatia_diabetica,2048,1536,2048x1536,1.3333333333333333,PNG,RGB,1903850,1.815652847290039,9120bb2f38385ac9ed09e12cf5770165
77e7c7a160c8.png,2,retinopatia_diabetica_moderada,1050,1050,1050x1050,1.0,PNG,RGB,987435,0.9416913986206055,91e7bc0d7b0f52300409b20cc67f17e0
77f69c7ff324.png,2,retinopatia_diabetica_moderada,2588,1958,2588x1958,1.3217568947906027,PNG,RGB,5258758,5.015142440795898,1c53a12d22206c988d8184450a4e8365
780be525036d.png,0,sem_retinopatia_diabetica,1050,1050,1050x1050,1.0,PNG,RGB,949806,0.9058055877685547,035024e32cb49a1b81fadaa129a15e37
780f9c237c56.png,0,sem_retinopatia_diabetica,1050,1050,1050x1050,1.0,PNG,RGB,826375,0.7880926132202148,f24b530a56ca5bf11c292ed1dd096aa7
780f9daaa24b.png,0,sem_retinopatia_diabetica,1050,1050,1050x1050,1.0,PNG,RGB,1030454,0.9827175140380859,099428d283ba33cbc225cfa5ff2d953f
7828dd083cdc.png,0,sem_retinopatia_diabetica,1050,1050,1050x1050,1.0,PNG,RGB,1043156,0.9948310852050781,db777b810055897c8f6a0c189f662554
7831ce1d895e.png,0,sem_retinopatia_diabetica,1050,1050,1050x1050,1.0,PNG,RGB,986573,0.9408693313598633,d0641dbcf9216ca3f55969e897a46d5b
784d6d302f98.png,0,sem_retinopatia_diabetica,1050,1050,1050x1050,1.0,PNG,RGB,1023371,0.9759626388549805,eeb14e409bb3d341331c4560ab35a6cf
785777558f05.png,4,retinopatia_diabetica_proliferativa,2588,1958,2588x1958,1.3217568947906027,PNG,RGB,5392588,5.142772674560547,60805638e6d3e0a29dcb5e8a738e9aac
7877be80901c.png,2,retinopatia_diabetica_moderada,3216,2136,3216x2136,1.5056179775280898,PNG,RGB,6055899,5.775355339050293,ec96fe859062b331093a609ae243341a
788ddb0b70b7.png,3,retinopatia_diabetica_grave,2588,1958,2588x1958,1.3217568947906027,PNG,RGB,5147903,4.909422874450684,ec70adcf9121c05a0cf6c162b61f9bad
78937523f7a8.png,0,sem_retinopatia_diabetica,819,614,819x614,1.3338762214983713,PNG,RGB,333864,0.31839752197265625,e55ca9b7a8c80a34fce56e185501387e
789434d095d1.png,4,retinopatia_diabetica_proliferativa,3216,2136,3216x2136,1.5056179775280898,PNG,RGB,2662022,2.5387020111083984,bedfb075fc09a172059638a6b2c84d04
789c60cba801.png,0,sem_retinopatia_diabetica,819,614,819x614,1.3338762214983713,PNG,RGB,278776,0.26586151123046875,40562ed9aae5e7a06fddc506015626f4
789f0ec1eab8.png,0,sem_retinopatia_diabetica,1050,1050,1050x1050,1.0,PNG,RGB,1006217,0.9596033096313477,0fafb1f7fac9ddd7781d971466b2ec7b
78a577c3e0bf.png,2,retinopatia_diabetica_moderada,2588,1958,2588x1958,1.3217568947906027,PNG,RGB,4946647,4.717490196228027,17bc75a61575367ef94a4bb62fa57f98
78b3f819dcc5.png,4,retinopatia_diabetica_proliferativa,2588,1958,2588x1958,1.3217568947906027,PNG,RGB,5157494,4.918569564819336,8183f0fe17e55d667b9cbdd7405a629b
78bcdffb8785.png,1,retinopatia_diabetica_leve,1844,1226,1844x1226,1.504078303425775,PNG,RGB,1065815,1.0164403915405273,cf041ce50157b4779829ef1af338680a
78d53c82a23e.png,2,retinopatia_diabetica_moderada,640,480,640x480,1.3333333333333333,PNG,RGB,418996,0.3995857238769531,27bf17a99026864771b2ae830ebfa7ca
79059d0592c4.png,2,retinopatia_diabetica_moderada,3216,2136,3216x2136,1.5056179775280898,PNG,RGB,2635140,2.5130653381347656,9e2e5df5f930ab5c4d9635c8bb5bc7a9
79540be95177.png,2,retinopatia_diabetica_moderada,3216,2136,3216x2136,1.5056179775280898,PNG,RGB,2854876,2.7226219177246094,6872c90cffbb437527661a912967e408
799214e8b07c.png,0,sem_retinopatia_diabetica,1050,1050,1050x1050,1.0,PNG,RGB,840530,0.8015918731689453,3d8202b76cfbfe6fff1d6ab5c137b779
799cb4c816ae.png,2,retinopatia_diabetica_moderada,2416,1736,2416x1736,1.391705069124424,PNG,RGB,1894166,1.806417465209961,39df7ccf3bce91c9453dbe6fcb9fed5c
79ade634c633.png,0,sem_retinopatia_diabetica,2048,1536,2048x1536,1.3333333333333333,PNG,RGB,1693636,1.6151771545410156,307c4534cad3abcf8f216374a0db79ed
79be2ff796bf.png,2,retinopatia_diabetica_moderada,3216,2136,3216x2136,1.5056179775280898,PNG,RGB,2950875,2.814173698425293,21b25bf89638cd5969933fbeb39585c3
79cbae28d8b2.png,0,sem_retinopatia_diabetica,1050,1050,1050x1050,1.0,PNG,RGB,935523,0.8921842575073242,d6ee718b2eee9cace1d8b497e472277a
79ce83c07588.png,1,retinopatia_diabetica_leve,2416,1736,2416x1736,1.391705069124424,PNG,RGB,2064698,1.9690494537353516,a8317a69910d9f044779c51f19d02b20
79d44db3da2d.png,4,retinopatia_diabetica_proliferativa,4288,2848,4288x2848,1.5056179775280898,PNG,RGB,5952483,5.676730155944824,f95aa132e4a4c722b62491f7628618bb
7a06ea127e02.png,0,sem_retinopatia_diabetica,1050,1050,1050x1050,1.0,PNG,RGB,1046290,0.9978199005126953,eba3fc8d995229f1492ee7a1430267b6
7a0cff4c24b2.png,2,retinopatia_diabetica_moderada,3216,2136,3216x2136,1.5056179775280898,PNG,RGB,6323715,6.030764579772949,8fcda303040d5beddf94056fb8c90fdb
7a12f49e29df.png,0,sem_retinopatia_diabetica,2588,1958,2588x1958,1.3217568947906027,PNG,RGB,5209815,4.968466758728027,c6f0e2d0b54762ba7e8344e5c710fa3a
7a238a1d3cf3.png,4,retinopatia_diabetica_proliferativa,2416,1736,2416x1736,1.391705069124424,PNG,RGB,1933064,1.8435134887695312,41e131d4b19bf7f784a6616ab12f93b3
7a39c91416e2.png,0,sem_retinopatia_diabetica,1050,1050,1050x1050,1.0,PNG,RGB,1063884,1.0145988464355469,1625d80ae52ad2058c01ad61c5a4a5b1
7a3ea1779b13.png,1,retinopatia_diabetica_leve,2416,1736,2416x1736,1.391705069124424,PNG,RGB,1758561,1.6770944595336914,7466afedd7c8d829f842228478bc65ee
7a42443ed106.png,0,sem_retinopatia_diabetica,1050,1050,1050x1050,1.0,PNG,RGB,1127454,1.0752239227294922,34d1ed21da916455cb86cbece4e68546
7a46cfa69bae.png,0,sem_retinopatia_diabetica,1050,1050,1050x1050,1.0,PNG,RGB,956687,0.9123678207397461,7b35e558455aed54fc088ea5ea5d0435
7a6495a39d87.png,0,sem_retinopatia_diabetica,1476,1117,1476x1117,1.3213965980304387,PNG,RGB,2179664,2.0786895751953125,78f82d26053378e8e1faf82f2a0dc988
7a6e384a0846.png,3,retinopatia_diabetica_grave,2588,1958,2588x1958,1.3217568947906027,PNG,RGB,5144546,4.906221389770508,f6e5e3da5f97caf52a285bcedd09d202
7a77c3eb468c.png,0,sem_retinopatia_diabetica,1050,1050,1050x1050,1.0,PNG,RGB,1022488,0.9751205444335938,a802383947014574655ef64cd0e1d178
7a9f45fdf29b.png,0,sem_retinopatia_diabetica,1050,1050,1050x1050,1.0,PNG,RGB,1030479,0.9827413558959961,dca53464101deebe44968e827cad4d06
7aabd768abff.png,0,sem_retinopatia_diabetica,2588,1958,2588x1958,1.3217568947906027,PNG,RGB,5450395,5.197901725769043,be38680ba5d52ada4baac86b11b1a4a7
7ad0c4975890.png,0,sem_retinopatia_diabetica,2416,1736,2416x1736,1.391705069124424,PNG,RGB,2191812,2.0902748107910156,bb965c0fe12d11a472824c1d4858fa06
7adfb8fc0621.png,0,sem_retinopatia_diabetica,1050,1050,1050x1050,1.0,PNG,RGB,1048890,1.0002994537353516,f5d8284a49050ba99bdbaee7f57aa38d
7ae69d22075a.png,1,retinopatia_diabetica_leve,1050,1050,1050x1050,1.0,PNG,RGB,985123,0.9394865036010742,b628bc3cac3857c2390e10a02363c83d
7af4d8704032.png,0,sem_retinopatia_diabetica,1050,1050,1050x1050,1.0,PNG,RGB,984269,0.9386720657348633,1d5e99234c1eff03bbcfb3990e25600e
7b20210d9120.png,1,retinopatia_diabetica_leve,2416,1736,2416x1736,1.391705069124424,PNG,RGB,1680068,1.6022377014160156,2e04d5fe499552e22b2b2078f1e5df73
7b211d8bd249.png,4,retinopatia_diabetica_proliferativa,3388,2588,3388x2588,1.3091190108191655,PNG,RGB,7225350,6.890630722045898,19382436cdb6aa582c512e834d780580
7b29e3783919.png,3,retinopatia_diabetica_grave,2588,1958,2588x1958,1.3217568947906027,PNG,RGB,4614908,4.401119232177734,73a696f8de8478c8b8784178d834793d
7b49041cbf17.png,3,retinopatia_diabetica_grave,2588,1958,2588x1958,1.3217568947906027,PNG,RGB,5834387,5.564105033874512,bff2d7cce5560999c253e738d7ec9edc
7b691d9ced34.png,0,sem_retinopatia_diabetica,2416,1736,2416x1736,1.391705069124424,PNG,RGB,2477295,2.362532615661621,6207f33919babcb3e65625538a4118e1
7b87b0015282.png,0,sem_retinopatia_diabetica,1050,1050,1050x1050,1.0,PNG,RGB,1002519,0.9560766220092773,51f3101537c6e47a209b11da4aa0a78f
7b8c78b41c0d.png,2,retinopatia_diabetica_moderada,2588,1958,2588x1958,1.3217568947906027,PNG,RGB,5407775,5.157256126403809,5665309ef5b73f486845b738ce2fccde
7b9d519cbd66.png,0,sem_retinopatia_diabetica,2588,1958,2588x1958,1.3217568947906027,PNG,RGB,5281901,5.037213325500488,ca42bef2235077e8a6736913677cac52
7ba6b23c4b46.png,0,sem_retinopatia_diabetica,819,614,819x614,1.3338762214983713,PNG,RGB,344275,0.3283262252807617,5daa6dab9a9f77470828a8f6c2269f74
7bc00e58d419.png,0,sem_retinopatia_diabetica,1050,1050,1050x1050,1.0,PNG,RGB,1043202,0.9948749542236328,3c87b26c018b300eefc5bfdf49f78a3a
7bc2e0fa3f72.png,2,retinopatia_diabetica_moderada,2588,1958,2588x1958,1.3217568947906027,PNG,RGB,5118302,4.881193161010742,b4a921eaacad1842811a0567da5e839c
7bc4dd99eee5.png,4,retinopatia_diabetica_proliferativa,4288,2848,4288x2848,1.5056179775280898,PNG,RGB,5517485,5.261883735656738,fd88c9652121c32fa416248fd7f118d1
7bda86d95c5b.png,2,retinopatia_diabetica_moderada,3216,2136,3216x2136,1.5056179775280898,PNG,RGB,3388335,3.231368064880371,88715358dc08ead89e5c41bf9a2e4a3b
7be1b9aa78aa.png,0,sem_retinopatia_diabetica,1050,1050,1050x1050,1.0,PNG,RGB,976245,0.9310197830200195,8549f7dbef7321bb51b203243f6fdafa
7bf981d9c7fe.png,1,retinopatia_diabetica_leve,2416,1736,2416x1736,1.391705069124424,PNG,RGB,2214945,2.1123361587524414,4c301ac57f6743f7dcfb3e6f0eb28282
7c2e852171c0.png,0,sem_retinopatia_diabetica,1050,1050,1050x1050,1.0,PNG,RGB,1021203,0.9738950729370117,56698fbaffc64cab397922dfa9daa686
7c2f820a6425.png,2,retinopatia_diabetica_moderada,2416,1736,2416x1736,1.391705069124424,PNG,RGB,2252934,2.1485652923583984,8ede29daf1e365d542912e47d37ca34a
7c3747c0b2c3.png,0,sem_retinopatia_diabetica,2048,1536,2048x1536,1.3333333333333333,PNG,RGB,1922115,1.8330717086791992,f1f7ee9c856c71bda24e9c91ce1721c2
7c52fe73e748.png,2,retinopatia_diabetica_moderada,1504,1000,1504x1000,1.504,PNG,RGB,1318082,1.2570209503173828,921fcd6831c1d642cbdad255ef97dcd6
7c629b491d1a.png,4,retinopatia_diabetica_proliferativa,3216,2136,3216x2136,1.5056179775280898,PNG,RGB,2601474,2.480958938598633,dd0d1150a2851057b6693b9f83690364
7c6594b50690.png,0,sem_retinopatia_diabetica,1050,1050,1050x1050,1.0,PNG,RGB,955384,0.9111251831054688,16798d0a7fc06e06f4cd2240b529f576
7c90ab025331.png,4,retinopatia_diabetica_proliferativa,3216,2136,3216x2136,1.5056179775280898,PNG,RGB,2811331,2.681094169616699,bbaa0df770f56d25cbd9473e33184ff0
7cc4b7aabe04.png,4,retinopatia_diabetica_proliferativa,2416,1736,2416x1736,1.391705069124424,PNG,RGB,2199915,2.0980024337768555,e6892caa64ce260769d85bb8575e5016
7ccb267fd394.png,1,retinopatia_diabetica_leve,2416,1736,2416x1736,1.391705069124424,PNG,RGB,1939788,1.8499259948730469,9b75a01d429308c31d4be0e0e1503f81
7ccf9d25dc48.png,0,sem_retinopatia_diabetica,1050,1050,1050x1050,1.0,PNG,RGB,1053023,1.0042409896850586,a5ae395c971e0a0e0cd5c99447c9a014
7ce671f952be.png,0,sem_retinopatia_diabetica,1050,1050,1050x1050,1.0,PNG,RGB,948218,0.9042911529541016,45cf3db1e5578effb8d2519cf2cfcda6
7d0a871c45db.png,0,sem_retinopatia_diabetica,1050,1050,1050x1050,1.0,PNG,RGB,1008307,0.9615964889526367,76fbc81929e83ac8c37e790d5ba583cd
7d11dbc1e738.png,0,sem_retinopatia_diabetica,2048,1536,2048x1536,1.3333333333333333,PNG,RGB,1923763,1.8346433639526367,1f4332101837deb69200a396a46b3f09
7d1b40fdbd86.png,2,retinopatia_diabetica_moderada,1050,1050,1050x1050,1.0,PNG,RGB,1022868,0.9754829406738281,77c204d7a135ab3114e62227430f1ec4
7d1da90d3ca9.png,2,retinopatia_diabetica_moderada,2588,1958,2588x1958,1.3217568947906027,PNG,RGB,5545354,5.288461685180664,fba0f795387e54e58803d83168aafa66
7d261f986bef.png,2,retinopatia_diabetica_moderada,2144,1424,2144x1424,1.5056179775280898,PNG,RGB,2747144,2.6198806762695312,3dff539fe2c5e2dfcb8dac73b0424f16
7d37a2939f12.png,2,retinopatia_diabetica_moderada,3216,2136,3216x2136,1.5056179775280898,PNG,RGB,2709208,2.5837020874023438,d9199e6981ec9f7cd8f708cf31009d6d
7d3835e4e63a.png,3,retinopatia_diabetica_grave,3216,2136,3216x2136,1.5056179775280898,PNG,RGB,3039090,2.8983020782470703,1c8e22c2b948527300805ece355d35ca
7d48f8cdfb69.png,0,sem_retinopatia_diabetica,2048,1536,2048x1536,1.3333333333333333,PNG,RGB,1912494,1.8238964080810547,c3a0174f31a8b653c2ccdc73b073330c
7d626a7ffe76.png,4,retinopatia_diabetica_proliferativa,2416,1736,2416x1736,1.391705069124424,PNG,RGB,2560041,2.4414453506469727,7f3986231cabdfebd2fe56bee78bbfcd
7d8f67cadc29.png,2,retinopatia_diabetica_moderada,3216,2136,3216x2136,1.5056179775280898,PNG,RGB,2511215,2.394881248474121,2db5e68db5c084e862ab64264d77568d
7d94a000c2d0.png,0,sem_retinopatia_diabetica,1050,1050,1050x1050,1.0,PNG,RGB,949901,0.9058961868286133,f23ed074985342657134e5bf76194280
7da558d92100.png,0,sem_retinopatia_diabetica,819,614,819x614,1.3338762214983713,PNG,RGB,270675,0.2581357955932617,6ff7e5d7c92500ad8df8875f7040bb24
7ddcfcea7369.png,0,sem_retinopatia_diabetica,2048,1536,2048x1536,1.3333333333333333,PNG,RGB,1661095,1.5841436386108398,68dd506870f04a8e2effb80338193fd6
7dee6bf8b9c1.png,2,retinopatia_diabetica_moderada,2416,1736,2416x1736,1.391705069124424,PNG,RGB,2248903,2.144721031188965,63e3f81a7e80fed35e020cb406ecae39
7e0598cc88a0.png,4,retinopatia_diabetica_proliferativa,2416,1736,2416x1736,1.391705069124424,PNG,RGB,2234876,2.1313438415527344,c03ce025c98bc746a6a590806817790d
7e160c8b611e.png,3,retinopatia_diabetica_grave,3216,2136,3216x2136,1.5056179775280898,PNG,RGB,5827610,5.557641983032227,165540476389b5d13f68c4468bcb4ed4
7e4019ac7f5a.png,4,retinopatia_diabetica_proliferativa,3216,2136,3216x2136,1.5056179775280898,PNG,RGB,2563432,2.4446792602539062,5d1a8e5a3bf4a8fa248ecd7e31a1448b
7e5a76c4e103.png,0,sem_retinopatia_diabetica,2048,1536,2048x1536,1.3333333333333333,PNG,RGB,1823914,1.739419937133789,0de9b03a235e0f2e8a5c2674da45878c
7e6e90a93aa5.png,2,retinopatia_diabetica_moderada,3216,2136,3216x2136,1.5056179775280898,PNG,RGB,2866537,2.7337427139282227,c03c3a0525701ca17434615c714bc177
7e70344b0c25.png,0,sem_retinopatia_diabetica,2048,1536,2048x1536,1.3333333333333333,PNG,RGB,1920050,1.8311023712158203,4e1e48672d926bbf06620438c4a92466
7e77b61e1639.png,0,sem_retinopatia_diabetica,1050,1050,1050x1050,1.0,PNG,RGB,913228,0.8709220886230469,a26e67d23627830b3c63662bf863e34f
7e9081e95bf6.png,0,sem_retinopatia_diabetica,1050,1050,1050x1050,1.0,PNG,RGB,1019519,0.9722890853881836,0c13d371fde2de389e7bf473f55b686b
7e9458de5707.png,2,retinopatia_diabetica_moderada,2416,1736,2416x1736,1.391705069124424,PNG,RGB,2237294,2.1336498260498047,6511da1d31ee3d1468953086f5d48001
7e980424868e.png,0,sem_retinopatia_diabetica,1050,1050,1050x1050,1.0,PNG,RGB,1009674,0.9629001617431641,dfdf2b88ca1c1c2d0169ae5f05c8f63e
7ea756985353.png,1,retinopatia_diabetica_leve,2416,1736,2416x1736,1.391705069124424,PNG,RGB,2332614,2.2245540618896484,afbe12764bcaa620e1a02bd9a4a7ad2a
7ec0e61a7e29.png,0,sem_retinopatia_diabetica,1050,1050,1050x1050,1.0,PNG,RGB,992496,0.9465179443359375,30a6539c16a23c4603a6628f7f02a8ea
7ec1ffe8220b.png,2,retinopatia_diabetica_moderada,3216,2136,3216x2136,1.5056179775280898,PNG,RGB,3036338,2.8956775665283203,7f1aba98bc56e70476bd036bf5fea9ae
7ed4128b2a4e.png,0,sem_retinopatia_diabetica,1050,1050,1050x1050,1.0,PNG,RGB,1065852,1.0164756774902344,01c087edf75a4653ef72617e425e761a
7ee6de71c140.png,0,sem_retinopatia_diabetica,1050,1050,1050x1050,1.0,PNG,RGB,995474,0.9493579864501953,73ed713b9ab5c45f797e5109705614c6
7eeb191ad06b.png,0,sem_retinopatia_diabetica,1050,1050,1050x1050,1.0,PNG,RGB,1035347,0.9873838424682617,a2b286a83f0b724bc17bcc4156d8acea
7eee3d1f1268.png,0,sem_retinopatia_diabetica,2588,1958,2588x1958,1.3217568947906027,PNG,RGB,4805418,4.582803726196289,3160722c9aec6d1af7e26a1da448156d
7ef5ff774a48.png,1,retinopatia_diabetica_leve,819,614,819x614,1.3338762214983713,PNG,RGB,311513,0.29708194732666016,8f8aaf2c0f32eaa85d50b5113fe842a0
7efc91af4ae6.png,4,retinopatia_diabetica_proliferativa,474,358,474x358,1.324022346368715,PNG,RGB,221737,0.21146488189697266,f772adc2d12bbe75a1830431f17a0290
7f0ffeb0a333.png,0,sem_retinopatia_diabetica,2588,1958,2588x1958,1.3217568947906027,PNG,RGB,5778218,5.510538101196289,46f539301f64c872c25f0a4ff815e592
7f1f3269f546.png,0,sem_retinopatia_diabetica,1050,1050,1050x1050,1.0,PNG,RGB,962947,0.9183378219604492,1f6290b0fb520d5ca399dc637a00b75f
7f2123bc89a3.png,0,sem_retinopatia_diabetica,819,614,819x614,1.3338762214983713,PNG,RGB,287551,0.2742300033569336,408b36dd237a96275fddf33fadda1446
7f2cce721e19.png,0,sem_retinopatia_diabetica,1050,1050,1050x1050,1.0,PNG,RGB,984382,0.9387798309326172,54a76df112fb274a2f63cd6c802cc18c
7f39c36469b5.png,0,sem_retinopatia_diabetica,1050,1050,1050x1050,1.0,PNG,RGB,1076490,1.026620864868164,a700d14ffbb807ffd62ed773a4fee67b
7f43becd3e83.png,0,sem_retinopatia_diabetica,819,614,819x614,1.3338762214983713,PNG,RGB,365155,0.3482389450073242,2efb962e94779c95a22b74640afd5ba2
7f60f2a083d3.png,1,retinopatia_diabetica_leve,2416,1736,2416x1736,1.391705069124424,PNG,RGB,2132154,2.0333805084228516,4309420c88285bd80a63c2f55e891e1b
7f6690fa390a.png,0,sem_retinopatia_diabetica,2048,1536,2048x1536,1.3333333333333333,PNG,RGB,1799753,1.7163782119750977,03b9ee9599f08e737bb24f3d5257b3a8
7f6ce40f306b.png,2,retinopatia_diabetica_moderada,1504,1000,1504x1000,1.504,PNG,RGB,1302424,1.2420883178710938,e7440b2f698cd9e00f00ab3296a14430
7f84284598f5.png,2,retinopatia_diabetica_moderada,2588,1958,2588x1958,1.3217568947906027,PNG,RGB,5137675,4.8996686935424805,2f51d46882167ac7e8dcb59919c108d1
7fc3a8bb40de.png,0,sem_retinopatia_diabetica,1050,1050,1050x1050,1.0,PNG,RGB,1038149,0.990056037902832,37dad5c2dcd514564c45b201403e8aa8
7fdb177b8f7d.png,0,sem_retinopatia_diabetica,1050,1050,1050x1050,1.0,PNG,RGB,995727,0.9495992660522461,639a1ced3f01634decf5dcb87e45accc
7fe7309d0b4f.png,0,sem_retinopatia_diabetica,1050,1050,1050x1050,1.0,PNG,RGB,1074454,1.024679183959961,d07857cd9dfd3aaecd7affa8b7309663
8000a6b97a84.png,2,retinopatia_diabetica_moderada,4288,2848,4288x2848,1.5056179775280898,PNG,RGB,4512343,4.303305625915527,a1635aa1d24c6048b0e05482eaf74f7c
8010c931321f.png,0,sem_retinopatia_diabetica,1050,1050,1050x1050,1.0,PNG,RGB,1046567,0.9980840682983398,3a70e525395dc3c864ed0fd1d2f327a1
803120c5d287.png,2,retinopatia_diabetica_moderada,3388,2588,3388x2588,1.3091190108191655,PNG,RGB,7460822,7.115194320678711,f43b45fa1a1da4a02680c0a50d731e90
807135cbc438.png,2,retinopatia_diabetica_moderada,2588,1958,2588x1958,1.3217568947906027,PNG,RGB,4874827,4.6489973068237305,c082fdc8f5c96c0398a03115c9210754
80964d8e0863.png,4,retinopatia_diabetica_proliferativa,1504,1000,1504x1000,1.504,PNG,RGB,1325770,1.264352798461914,374fb66d60f97af7ff2c679f81063fbb
80a02014b418.png,1,retinopatia_diabetica_leve,2896,1944,2896x1944,1.4897119341563787,PNG,RGB,2496726,2.381063461303711,3ed87b009b749af59af8fff4a85b63f0
80b5697f2a5e.png,0,sem_retinopatia_diabetica,1050,1050,1050x1050,1.0,PNG,RGB,1032553,0.9847192764282227,df0e9b7066a2201016b8fe64385ebcb8
80b5a9519aec.png,2,retinopatia_diabetica_moderada,2588,1958,2588x1958,1.3217568947906027,PNG,RGB,5019308,4.786785125732422,9cb8d134ab3a66781434d33b373aaebf
80c67efc8101.png,0,sem_retinopatia_diabetica,1050,1050,1050x1050,1.0,PNG,RGB,943058,0.8993701934814453,9ec4eb21df6be18854f5422954a4da96
80ca40196225.png,3,retinopatia_diabetica_grave,2588,1958,2588x1958,1.3217568947906027,PNG,RGB,4369906,4.16746711730957,b3814384203c24392f021627ec456c61
80d24897669f.png,1,retinopatia_diabetica_leve,2416,1736,2416x1736,1.391705069124424,PNG,RGB,1884614,1.7973079681396484,70f1921d018abf3eb649fe94cdda57d7
80dbeb0fdc75.png,0,sem_retinopatia_diabetica,1050,1050,1050x1050,1.0,PNG,RGB,1013544,0.9665908813476562,bc88cf29ccc16d09f3b504718fb6e871
80e6e425f966.png,0,sem_retinopatia_diabetica,1050,1050,1050x1050,1.0,PNG,RGB,913689,0.8713617324829102,6d890c5ddc57411991d90bc425188a32
80e7cc0a0649.png,3,retinopatia_diabetica_grave,2588,1958,2588x1958,1.3217568947906027,PNG,RGB,4311619,4.111880302429199,1e22812d577a545fb0f48d0bb3a284d3
80ed04a84a16.png,0,sem_retinopatia_diabetica,2048,1536,2048x1536,1.3333333333333333,PNG,RGB,1660477,1.5835542678833008,7cc4992bb605ebc724eff4eb727cb059
80f6b30ece8c.png,0,sem_retinopatia_diabetica,2048,1536,2048x1536,1.3333333333333333,PNG,RGB,1849328,1.7636566162109375,8c330f96514e4f15bf8cf02374c5d5c4
80feb1f7ca5e.png,2,retinopatia_diabetica_moderada,3216,2136,3216x2136,1.5056179775280898,PNG,RGB,6156817,5.871598243713379,6bce9101e760604a547a99d783f05209
810d3779abd9.png,3,retinopatia_diabetica_grave,640,480,640x480,1.3333333333333333,PNG,RGB,346877,0.3308076858520508,a4c7b0422296040786710d4070655a2c
810ed108f5b7.png,0,sem_retinopatia_diabetica,2048,1536,2048x1536,1.3333333333333333,PNG,RGB,1924919,1.8357458114624023,95e9f7fc8172b3fd7aa8483b77200805
8114d6a160df.png,1,retinopatia_diabetica_leve,4288,2848,4288x2848,1.5056179775280898,PNG,RGB,4977348,4.746768951416016,147b11ce6578cc31bf5b9c41cff51e0f
812d5adafaf2.png,2,retinopatia_diabetica_moderada,2416,1736,2416x1736,1.391705069124424,PNG,RGB,2449287,2.335822105407715,6beb6078115302cf704d9aa04eb61031
81371b0c01ad.png,0,sem_retinopatia_diabetica,819,614,819x614,1.3338762214983713,PNG,RGB,318522,0.30376625061035156,16a7dd2ab603d240f3b6284cb91cfb60
81704925f759.png,0,sem_retinopatia_diabetica,2048,1536,2048x1536,1.3333333333333333,PNG,RGB,1944758,1.854665756225586,b01aa0c58a55e9dd7d693283460927f1
8185ce1cdcef.png,0,sem_retinopatia_diabetica,1050,1050,1050x1050,1.0,PNG,RGB,1004901,0.958348274230957,5b0ca21777908595e7e7ff273cf6db0e
81914ceb4e74.png,0,sem_retinopatia_diabetica,1050,1050,1050x1050,1.0,PNG,RGB,973441,0.9283456802368164,77f7be8dce65a6b598e89de82e74c34c
8191ae701985.png,0,sem_retinopatia_diabetica,2588,1958,2588x1958,1.3217568947906027,PNG,RGB,5123295,4.885954856872559,44f96377624f2e5d9f3835e186a1089f
81b0a2651c45.png,2,retinopatia_diabetica_moderada,2144,1424,2144x1424,1.5056179775280898,PNG,RGB,2632244,2.510303497314453,b18463e4dc88eebb8623b80025f4004f
81bc03e2ff2b.png,2,retinopatia_diabetica_moderada,3216,2136,3216x2136,1.5056179775280898,PNG,RGB,2798007,2.6683874130249023,18d7bb5b5ea161ee69bfe21c44d7c0f8
81d79d53ed7b.png,0,sem_retinopatia_diabetica,2588,1958,2588x1958,1.3217568947906027,PNG,RGB,5393652,5.143787384033203,c557377a4b87c3c3627889a95b22b62f
8201cab8322d.png,3,retinopatia_diabetica_grave,640,480,640x480,1.3333333333333333,PNG,RGB,412913,0.3937845230102539,7941d75cdeff70197923f2c1f5014ea4
82088c6734e6.png,0,sem_retinopatia_diabetica,1050,1050,1050x1050,1.0,PNG,RGB,1030643,0.9828977584838867,1d7a19a22d1983567dd0229174114291
821789e9053f.png,1,retinopatia_diabetica_leve,1050,1050,1050x1050,1.0,PNG,RGB,972805,0.927739143371582,a6d66d571e97d979a395c7e483eb0551
8241e43408a8.png,0,sem_retinopatia_diabetica,1050,1050,1050x1050,1.0,PNG,RGB,1050581,1.0019121170043945,68e21c456e134d2e0ef6f793c061b079
8273fdb4405e.png,1,retinopatia_diabetica_leve,2416,1736,2416x1736,1.391705069124424,PNG,RGB,2128878,2.0302562713623047,1f5367b539eb154d9113b33eb65cac5d
82910bba4753.png,2,retinopatia_diabetica_moderada,2588,1958,2588x1958,1.3217568947906027,PNG,RGB,4110851,3.920413017272949,ef66d335f9eb9ae98b5fd9f615df82bf
82ac8463fadd.png,1,retinopatia_diabetica_leve,1050,1050,1050x1050,1.0,PNG,RGB,1030811,0.983057975769043,805803b129ab8af1b14743bab2516a06
82bb8a01935f.png,4,retinopatia_diabetica_proliferativa,4288,2848,4288x2848,1.5056179775280898,PNG,RGB,4664931,4.448824882507324,d0ac52533e2ea5ca2055f5e474233929
82d364726a58.png,0,sem_retinopatia_diabetica,2588,1958,2588x1958,1.3217568947906027,PNG,RGB,5439499,5.1875104904174805,a816358bca0ab3618707f9b4d18b9919
82deb07a6618.png,2,retinopatia_diabetica_moderada,3216,2136,3216x2136,1.5056179775280898,PNG,RGB,2778174,2.649473190307617,1d6c17badf84a0744f12733c7586035b
82e5bc01f8a4.png,0,sem_retinopatia_diabetica,1050,1050,1050x1050,1.0,PNG,RGB,1005672,0.9590835571289062,eafd9829acd4d1b0341c7e9bbd059545
82f2784ead76.png,2,retinopatia_diabetica_moderada,3216,2136,3216x2136,1.5056179775280898,PNG,RGB,3178106,3.0308780670166016,afc91357d2beede1ec342f25be25326b
83038ca49b6d.png,0,sem_retinopatia_diabetica,1050,1050,1050x1050,1.0,PNG,RGB,1033133,0.9852724075317383,7ac84dc94f774c903c346ba765059065
830e297965a1.png,0,sem_retinopatia_diabetica,2048,1536,2048x1536,1.3333333333333333,PNG,RGB,1930455,1.8410253524780273,2e1afaff20f10c7178a3c09d17df4e13
8329e80c10ac.png,0,sem_retinopatia_diabetica,1050,1050,1050x1050,1.0,PNG,RGB,1161675,1.1078596115112305,6bd142cc8f536efa633f4e506334a439
8344c783da65.png,0,sem_retinopatia_diabetica,1050,1050,1050x1050,1.0,PNG,RGB,947742,0.9038372039794922,8465903d07c5b8d50e69572c9d6d0b17
83517eaeccb9.png,0,sem_retinopatia_diabetica,1050,1050,1050x1050,1.0,PNG,RGB,1031600,0.9838104248046875,66b019af4c30b56b83cd167bf6265e74
835b9f6e12ba.png,0,sem_retinopatia_diabetica,1050,1050,1050x1050,1.0,PNG,RGB,805041,0.7677469253540039,252e4e78312c9cfe3c18145f0d5e9463
837acf120946.png,0,sem_retinopatia_diabetica,819,614,819x614,1.3338762214983713,PNG,RGB,358757,0.34213733673095703,759102489ac1f69020930d17d2170513
838b3e4d0bb4.png,0,sem_retinopatia_diabetica,2588,1958,2588x1958,1.3217568947906027,PNG,RGB,5684092,5.420772552490234,a12d94a56c5607132bcb08d72dea5f13
838c87c63422.png,4,retinopatia_diabetica_proliferativa,2416,1736,2416x1736,1.391705069124424,PNG,RGB,2003677,1.9108552932739258,ac5dcf5a68f046ae0368469161fc2e6c
83a63c4a3e4a.png,0,sem_retinopatia_diabetica,1050,1050,1050x1050,1.0,PNG,RGB,1028391,0.9807500839233398,1f3bd1c5e1142a39d484d9064038e89c
83b61051737f.png,2,retinopatia_diabetica_moderada,3216,2136,3216x2136,1.5056179775280898,PNG,RGB,2975962,2.8380985260009766,45ce6144592380b69fab1becc8345e3f
83d6e40c869f.png,2,retinopatia_diabetica_moderada,1844,1226,1844x1226,1.504078303425775,PNG,RGB,769570,0.7339191436767578,25e2f2d9212aacf34ce72a541119235e
83d81ba5959c.png,0,sem_retinopatia_diabetica,2048,1536,2048x1536,1.3333333333333333,PNG,RGB,1942566,1.8525753021240234,90bedc9fd49fb450c8a27a6d06ddcd90
83df53d58f28.png,0,sem_retinopatia_diabetica,1050,1050,1050x1050,1.0,PNG,RGB,945714,0.9019031524658203,902c73d72c0b437c577f75d3b7806e10
83e529e95b0e.png,1,retinopatia_diabetica_leve,2416,1736,2416x1736,1.391705069124424,PNG,RGB,2162807,2.0626134872436523,2f7970e9982036f5ea5e1a751838f079
83fda7c0500b.png,0,sem_retinopatia_diabetica,2588,1958,2588x1958,1.3217568947906027,PNG,RGB,5640476,5.379177093505859,e42aa6efe4eb8e3f2ae9a6465162653a
840527bc6628.png,2,retinopatia_diabetica_moderada,3216,2136,3216x2136,1.5056179775280898,PNG,RGB,2328394,2.220529556274414,3f22b0fbc171e5b46a06a54783e662cf
840a06a9c690.png,0,sem_retinopatia_diabetica,1050,1050,1050x1050,1.0,PNG,RGB,1011928,0.9650497436523438,0240cd8080117b6c067c637d35714f02
8421107255ae.png,2,retinopatia_diabetica_moderada,3216,2136,3216x2136,1.5056179775280898,PNG,RGB,2554606,2.4362621307373047,cee92f21d6ecfd994dad1df120461c92
842d697884f6.png,2,retinopatia_diabetica_moderada,1050,1050,1050x1050,1.0,PNG,RGB,941687,0.8980627059936523,ef3a9768072de49a6a23e0dad271eccd
8433a032b96c.png,0,sem_retinopatia_diabetica,2048,1536,2048x1536,1.3333333333333333,PNG,RGB,1937497,1.8477411270141602,aafa07f365fc0eb8fec0ea6b157ad7e4
8446826853d0.png,2,retinopatia_diabetica_moderada,3216,2136,3216x2136,1.5056179775280898,PNG,RGB,6243258,5.954034805297852,d5595a2c533362dcbadf66195c3bc3bb
8448af27ba07.png,0,sem_retinopatia_diabetica,1050,1050,1050x1050,1.0,PNG,RGB,1110781,1.0593233108520508,9432874160c8c1352e20fc616183a118
847b04287c9c.png,0,sem_retinopatia_diabetica,1050,1050,1050x1050,1.0,PNG,RGB,985003,0.9393720626831055,476e47750d85dec8c1f61dee946c9031
848e66b9e199.png,0,sem_retinopatia_diabetica,2588,1958,2588x1958,1.3217568947906027,PNG,RGB,5451381,5.1988420486450195,66b3060874ab150154081df9f331a09c
849a91e9ab28.png,1,retinopatia_diabetica_leve,2416,1736,2416x1736,1.391705069124424,PNG,RGB,2312547,2.205416679382324,e2b7269f2c1b3af505b3fdb497ccea83
84a72e15b23c.png,1,retinopatia_diabetica_leve,2416,1736,2416x1736,1.391705069124424,PNG,RGB,2107849,2.0102014541625977,ea14c1f17deaa7077f8b1630be51fde3
84b472c49cfa.png,0,sem_retinopatia_diabetica,819,614,819x614,1.3338762214983713,PNG,RGB,318777,0.30400943756103516,927334aed390d3e21aef30ba06b18f31
84b4da14bc23.png,0,sem_retinopatia_diabetica,1050,1050,1050x1050,1.0,PNG,RGB,825315,0.7870817184448242,2d0f2cfeb1c3879d5ca22d36ab1cbf69
84b79243e430.png,0,sem_retinopatia_diabetica,1050,1050,1050x1050,1.0,PNG,RGB,996486,0.9503231048583984,2ed503de87e5feac0e0527fdc71a141d
84b88e8d3bca.png,0,sem_retinopatia_diabetica,819,614,819x614,1.3338762214983713,PNG,RGB,357306,0.34075355529785156,7055a904a0bd8d0bb22c428aaab29442
84c663f39632.png,4,retinopatia_diabetica_proliferativa,3388,2588,3388x2588,1.3091190108191655,PNG,RGB,7009934,6.68519401550293,8772272d4661185cb6999d0df9decfb9
84e8c62165b5.png,2,retinopatia_diabetica_moderada,3216,2136,3216x2136,1.5056179775280898,PNG,RGB,2559176,2.4406204223632812,b1fa4fb83d9c105979098f1736e0cde7
851e40a21f81.png,0,sem_retinopatia_diabetica,1050,1050,1050x1050,1.0,PNG,RGB,944591,0.9008321762084961,dadc1973979fcc2e29d7f392889209c7
8543a801dce0.png,2,retinopatia_diabetica_moderada,3388,2588,3388x2588,1.3091190108191655,PNG,RGB,3793768,3.6180191040039062,2c6c58a5dcc3061dab74052d4e948d11
855f0a5442b6.png,2,retinopatia_diabetica_moderada,3388,2588,3388x2588,1.3091190108191655,PNG,RGB,4075445,3.8866472244262695,2786cbd1f21b799f4afe740e1845ad74
8564b7aa3c1a.png,0,sem_retinopatia_diabetica,1050,1050,1050x1050,1.0,PNG,RGB,956364,0.9120597839355469,11058963be83fb761d9caa8dbf6a6a7e
857002ed4e49.png,2,retinopatia_diabetica_moderada,3216,2136,3216x2136,1.5056179775280898,PNG,RGB,2328394,2.220529556274414,3f22b0fbc171e5b46a06a54783e662cf
857230f64a2e.png,4,retinopatia_diabetica_proliferativa,1844,1226,1844x1226,1.504078303425775,PNG,RGB,952071,0.9079656600952148,8dfe30196af4aa1059c4a84e22aa05ca
8596a24a14bd.png,4,retinopatia_diabetica_proliferativa,2416,1736,2416x1736,1.391705069124424,PNG,RGB,2447466,2.334085464477539,21df3f6681222a9170aba4eee2c90b23
85cbb84ac8e0.png,4,retinopatia_diabetica_proliferativa,2416,1736,2416x1736,1.391705069124424,PNG,RGB,2263449,2.15859317779541,717259cc6a51660f3104c1d83300dd19
85cc6d636898.png,2,retinopatia_diabetica_moderada,2416,1736,2416x1736,1.391705069124424,PNG,RGB,2227145,2.1239709854125977,fd286541126388ff33752385c4e65ef2
85f99e7e4052.png,0,sem_retinopatia_diabetica,2588,1958,2588x1958,1.3217568947906027,PNG,RGB,5365718,5.117147445678711,f110f750542bbc3cacfe2110cbb904da
85fce24084da.png,2,retinopatia_diabetica_moderada,3216,2136,3216x2136,1.5056179775280898,PNG,RGB,2105145,2.007622718811035,4ebe5904e4adf6a8dd736aafac8397f7
86410aa13b3e.png,0,sem_retinopatia_diabetica,1050,1050,1050x1050,1.0,PNG,RGB,933773,0.8905153274536133,c30430aadb1186b77d2bcd833ec1366f
8650d32f4a9e.png,0,sem_retinopatia_diabetica,819,614,819x614,1.3338762214983713,PNG,RGB,307012,0.2927894592285156,1f9d7793594b8030549adfcfe71f7764
8660e1864665.png,0,sem_retinopatia_diabetica,1050,1050,1050x1050,1.0,PNG,RGB,1032695,0.9848546981811523,fd7e9feda04337c2615b9d729f77b720
86722fcd802c.png,2,retinopatia_diabetica_moderada,2416,1736,2416x1736,1.391705069124424,PNG,RGB,2603983,2.483351707458496,67c1e3092f6b5f5489bcab763c7c8a23
8676427e4625.png,1,retinopatia_diabetica_leve,2588,1958,2588x1958,1.3217568947906027,PNG,RGB,4009197,3.8234682083129883,42e2712357b31c821138938aa220bcbf
8688f3d0fcaf.png,3,retinopatia_diabetica_grave,1050,1050,1050x1050,1.0,PNG,RGB,931685,0.888524055480957,49a6201602c5263c7f0191eaf8984d5e
8693ab1fd2be.png,0,sem_retinopatia_diabetica,819,614,819x614,1.3338762214983713,PNG,RGB,346584,0.33052825927734375,e52f6d269f4deaaed731edc7f91bb6d2
869bbd3170cc.png,2,retinopatia_diabetica_moderada,3216,2136,3216x2136,1.5056179775280898,PNG,RGB,2905871,2.771254539489746,27273259f83a5edb92f4f4efcb570784
86b3a7929bec.png,2,retinopatia_diabetica_moderada,1504,1000,1504x1000,1.504,PNG,RGB,1367147,1.3038129806518555,832da9ad4da3837e03629b8ab7ceffb7
86baef833ae0.png,2,retinopatia_diabetica_moderada,3216,2136,3216x2136,1.5056179775280898,PNG,RGB,6323715,6.030764579772949,8fcda303040d5beddf94056fb8c90fdb
86d58f850a0c.png,0,sem_retinopatia_diabetica,819,614,819x614,1.3338762214983713,PNG,RGB,403451,0.38476085662841797,75d5bb9889f48421b5c42c6336835b22
86d6808f0609.png,3,retinopatia_diabetica_grave,2416,1736,2416x1736,1.391705069124424,PNG,RGB,2130360,2.0316696166992188,72a906aa40300b89fb15145619b0c384
86e7f98f73f1.png,2,retinopatia_diabetica_moderada,3216,2136,3216x2136,1.5056179775280898,PNG,RGB,2483896,2.3688278198242188,e0ee1b72ae0b532a120e5d782d360e1d
86fbac86ed3e.png,2,retinopatia_diabetica_moderada,2416,1736,2416x1736,1.391705069124424,PNG,RGB,2218895,2.116103172302246,af8160c05e463b690480e87856d04f54
870f433e8f37.png,0,sem_retinopatia_diabetica,1050,1050,1050x1050,1.0,PNG,RGB,920379,0.877741813659668,3162ddd126718dfa0677dc1fdf9324fd
870fbe6eaa68.png,0,sem_retinopatia_diabetica,1050,1050,1050x1050,1.0,PNG,RGB,914811,0.872431755065918,8fe51dddf4bc2a5fe68bb5b2da23a5b8
8714d17bb6da.png,1,retinopatia_diabetica_leve,1844,1226,1844x1226,1.504078303425775,PNG,RGB,796712,0.7598037719726562,61cb745d0d0e94c72fc6ea8092d81467
87295c5fa1cc.png,0,sem_retinopatia_diabetica,1050,1050,1050x1050,1.0,PNG,RGB,1021189,0.973881721496582,3e64d3821a2d206afd069bdb5e701aff
873dcc0b468f.png,4,retinopatia_diabetica_proliferativa,2416,1736,2416x1736,1.391705069124424,PNG,RGB,2288093,2.182095527648926,2b3fc8d01784100f09cd9e905dfd4574
873fe0404d6e.png,2,retinopatia_diabetica_moderada,4288,2848,4288x2848,1.5056179775280898,PNG,RGB,4874320,4.6485137939453125,16d21f44a62353cb4d398d5f319368de
874f8c1929f6.png,0,sem_retinopatia_diabetica,1050,1050,1050x1050,1.0,PNG,RGB,944112,0.9003753662109375,9ce8b6740d416f5e3e02122df3cbdb69
875a2fc5fe23.png,4,retinopatia_diabetica_proliferativa,2896,1944,2896x1944,1.4897119341563787,PNG,RGB,1932515,1.8429899215698242,5088e6085d96ec1b735fce0a5d5307c5
875d2ffcbf47.png,0,sem_retinopatia_diabetica,1050,1050,1050x1050,1.0,PNG,RGB,1026795,0.9792280197143555,ceb98d2dea79cbfd78b6b0f14fb345ad
876deb29f000.png,0,sem_retinopatia_diabetica,2048,1536,2048x1536,1.3333333333333333,PNG,RGB,1636315,1.560511589050293,1c318b255de19bcb1fdd9d3830ec5436
876e1dd12d38.png,2,retinopatia_diabetica_moderada,3216,2136,3216x2136,1.5056179775280898,PNG,RGB,3232500,3.082752227783203,9a98c9097be679e8af98f25014957cdb
87774aafe068.png,4,retinopatia_diabetica_proliferativa,2416,1736,2416x1736,1.391705069124424,PNG,RGB,2294843,2.188532829284668,838d56e6f3568fb747e0639a513446d6
8785b71238d8.png,4,retinopatia_diabetica_proliferativa,2588,1958,2588x1958,1.3217568947906027,PNG,RGB,5200075,4.9591779708862305,ed98948730b7192a1a029951db7b9d97
878a3a097436.png,2,retinopatia_diabetica_moderada,3216,2136,3216x2136,1.5056179775280898,PNG,RGB,6156817,5.871598243713379,6bce9101e760604a547a99d783f05209
878e356c8fc9.png,0,sem_retinopatia_diabetica,1050,1050,1050x1050,1.0,PNG,RGB,1063313,1.014054298400879,57dd0f4873ab8fbd20d7f0c4df4e2a23
879744b9dc65.png,2,retinopatia_diabetica_moderada,3216,2136,3216x2136,1.5056179775280898,PNG,RGB,3482322,3.3210010528564453,f38bd714ec4b2a4814ca1a0245e70a80
87a9f4d20f07.png,0,sem_retinopatia_diabetica,1050,1050,1050x1050,1.0,PNG,RGB,950644,0.9066047668457031,6950e4dee8335af8d2b3c251ed1bb48e
87b1938994b5.png,2,retinopatia_diabetica_moderada,3216,2136,3216x2136,1.5056179775280898,PNG,RGB,2736079,2.609328269958496,3045d2c3ae286fc6629a36ae51eca943
87b671c6d4c5.png,0,sem_retinopatia_diabetica,1050,1050,1050x1050,1.0,PNG,RGB,814203,0.776484489440918,4d97b4fa1fca8f4c80072e53dcf650d3
87d46b1cc4e9.png,0,sem_retinopatia_diabetica,2048,1536,2048x1536,1.3333333333333333,PNG,RGB,1808682,1.724893569946289,35f3e5b12fd0e930909e517af90a9e05
880edb2cdb69.png,0,sem_retinopatia_diabetica,1050,1050,1050x1050,1.0,PNG,RGB,999366,0.9530696868896484,ac16bf3023ff21aae72db078134762ac
881ec6186e68.png,0,sem_retinopatia_diabetica,1050,1050,1050x1050,1.0,PNG,RGB,1087492,1.0371131896972656,a8b8f0b13c69d8b8b287eda64663b84b
882a71de424e.png,2,retinopatia_diabetica_moderada,2416,1736,2416x1736,1.391705069124424,PNG,RGB,1706013,1.6269807815551758,5105479b25c805117348b2b4df45a714
883c6a184f16.png,0,sem_retinopatia_diabetica,1050,1050,1050x1050,1.0,PNG,RGB,974135,0.9290075302124023,eb8c294af5b36ffca2c5927c4540287b
883ddb650967.png,0,sem_retinopatia_diabetica,1050,1050,1050x1050,1.0,PNG,RGB,943172,0.8994789123535156,615ffc898c5ff2636d25bc57e9b3d684
8846b09384a4.png,0,sem_retinopatia_diabetica,2588,1958,2588x1958,1.3217568947906027,PNG,RGB,5248745,5.005593299865723,31d651c3786246fec6c35a1f25d242c4
885fa5fc5da8.png,0,sem_retinopatia_diabetica,1050,1050,1050x1050,1.0,PNG,RGB,935542,0.8922023773193359,3b01c8e1ce71da456079aad93e9ab13d
8860c7b11530.png,2,retinopatia_diabetica_moderada,3216,2136,3216x2136,1.5056179775280898,PNG,RGB,2613167,2.492110252380371,4827b1112cd6a35c00c8e2b45898ba26
8871e6a26596.png,2,retinopatia_diabetica_moderada,3216,2136,3216x2136,1.5056179775280898,PNG,RGB,3032570,2.8920841217041016,4989f8e7d072cae96f1bd916792a9713
887c26fc0e1f.png,4,retinopatia_diabetica_proliferativa,3216,2136,3216x2136,1.5056179775280898,PNG,RGB,3466485,3.3058977127075195,e05a022f6954d50d28f915efe802caae
88e4399d207c.png,0,sem_retinopatia_diabetica,1050,1050,1050x1050,1.0,PNG,RGB,1035365,0.987401008605957,2336d22b9aec45e30318e97cb1eb42b9
88e5051f65bd.png,0,sem_retinopatia_diabetica,2048,1536,2048x1536,1.3333333333333333,PNG,RGB,1975274,1.883768081665039,07abde761d2229c03bf28d2482ea785a
8906c9ed54a2.png,0,sem_retinopatia_diabetica,2048,1536,2048x1536,1.3333333333333333,PNG,RGB,1931065,1.8416070938110352,3233bb41a8a8f876cfbb566f3a777077
891329021e12.png,0,sem_retinopatia_diabetica,1050,1050,1050x1050,1.0,PNG,RGB,1013749,0.9667863845825195,8b32199f45f38f49f64cbc8ecf511ef7
891392c9683c.png,2,retinopatia_diabetica_moderada,2588,1958,2588x1958,1.3217568947906027,PNG,RGB,5047131,4.813319206237793,61c233362022fd5ed45e8119efdf262b
894a37fc3738.png,0,sem_retinopatia_diabetica,2048,1536,2048x1536,1.3333333333333333,PNG,RGB,1676029,1.5983858108520508,fc1240c1929cb9bc8c9db319e8ed2b5a
8958a4d17b7e.png,3,retinopatia_diabetica_grave,2416,1736,2416x1736,1.391705069124424,PNG,RGB,2654893,2.5319032669067383,44663c4f5b883474a43b0f7cbb6135e1
895fe2bfc5b6.png,0,sem_retinopatia_diabetica,2048,1536,2048x1536,1.3333333333333333,PNG,RGB,1904116,1.8159065246582031,301b87acf2c4c6d6dae7fb96681a9c44
896ad584a841.png,0,sem_retinopatia_diabetica,1050,1050,1050x1050,1.0,PNG,RGB,905012,0.8630867004394531,8b75d87d6562a6d7649ded21fab4bbd1
898f0bc8acfa.png,0,sem_retinopatia_diabetica,2048,1536,2048x1536,1.3333333333333333,PNG,RGB,1945281,1.8551645278930664,2863ac1d0dbd27525c93475ad3e8686a
89b044cbaf85.png,2,retinopatia_diabetica_moderada,2416,1736,2416x1736,1.391705069124424,PNG,RGB,2745173,2.6180009841918945,5583cc1bb918aea89a5278913d87c82e
89b725411cee.png,2,retinopatia_diabetica_moderada,2416,1736,2416x1736,1.391705069124424,PNG,RGB,2195063,2.0933752059936523,afc777260c77a4e315d9e67d6d7bd4d3
89d2a7403a06.png,2,retinopatia_diabetica_moderada,2588,1958,2588x1958,1.3217568947906027,PNG,RGB,5234599,4.99210262298584,9e175f7ae5079eb748fa1d9ac60f4497
89d9c071a56f.png,1,retinopatia_diabetica_leve,2416,1736,2416x1736,1.391705069124424,PNG,RGB,1997982,1.9054241180419922,f3a1cde062c927a0e121ce1ed77e6f1f
89ed6a0dd53f.png,1,retinopatia_diabetica_leve,2416,1736,2416x1736,1.391705069124424,PNG,RGB,2340848,2.2324066162109375,26266bd47876fdb7ecd8a1b806b34eca
89ee1fa16f90.png,2,retinopatia_diabetica_moderada,2416,1736,2416x1736,1.391705069124424,PNG,RGB,1914412,1.8257255554199219,3f1812d1140beda28b4e5918c897722f
89fc080f7e83.png,2,retinopatia_diabetica_moderada,3216,2136,3216x2136,1.5056179775280898,PNG,RGB,2813780,2.683429718017578,8bd50da12df98ce164986ca95175afc8
8a01daa423f7.png,1,retinopatia_diabetica_leve,2416,1736,2416x1736,1.391705069124424,PNG,RGB,2484597,2.3694963455200195,d3371106dfcf1049f212f871a22a7847
8a234d68b27e.png,3,retinopatia_diabetica_grave,2588,1958,2588x1958,1.3217568947906027,PNG,RGB,3928725,3.7467241287231445,8307142ea13e9a2940531fd2557bc4d8
8a25a080f28f.png,1,retinopatia_diabetica_leve,1844,1226,1844x1226,1.504078303425775,PNG,RGB,999593,0.9532861709594727,f52cdc9fdde9571b31b49d62e6f37bea
8a3eb86ae4bd.png,0,sem_retinopatia_diabetica,2048,1536,2048x1536,1.3333333333333333,PNG,RGB,1898895,1.810927391052246,ea3f37b7d6e3de2663e7930a301920aa
8a482c024fc2.png,0,sem_retinopatia_diabetica,1050,1050,1050x1050,1.0,PNG,RGB,915836,0.8734092712402344,6a6348a818b02edaeba1e7786fcd8641
8a67f1efa315.png,2,retinopatia_diabetica_moderada,2416,1736,2416x1736,1.391705069124424,PNG,RGB,2136702,2.037717819213867,e1dfe8ddf7c3b276bda340327a826f99
8a759f94613a.png,2,retinopatia_diabetica_moderada,1504,1000,1504x1000,1.504,PNG,RGB,1376699,1.312922477722168,9de693d1d4aa57e91748bc3aaf0a77d6
8a7765e785fb.png,0,sem_retinopatia_diabetica,2048,1536,2048x1536,1.3333333333333333,PNG,RGB,1924915,1.8357419967651367,96b0e3d515bee416561e42cbb50c2e6a
8a81f62320d6.png,0,sem_retinopatia_diabetica,1050,1050,1050x1050,1.0,PNG,RGB,1025937,0.9784097671508789,c26b5fdd4f61e81a91e377bfd948be30
8a87dd2a784e.png,0,sem_retinopatia_diabetica,819,614,819x614,1.3338762214983713,PNG,RGB,276708,0.2638893127441406,b567bf9fb95c2fb6d3702e5b1309dd55
8a8a251770cd.png,0,sem_retinopatia_diabetica,1050,1050,1050x1050,1.0,PNG,RGB,1034382,0.9864635467529297,6651894dd3a5f19fe2bfde8161532202
8a9bef2fbd4e.png,3,retinopatia_diabetica_grave,2416,1736,2416x1736,1.391705069124424,PNG,RGB,2062745,1.9671869277954102,3001277e3fbc0eb5671f40b4631f4252
8aa3c4681542.png,0,sem_retinopatia_diabetica,1050,1050,1050x1050,1.0,PNG,RGB,969345,0.9244394302368164,d4e1dc4834ced3019ce6bcf7f99a5f7e
8aab201c0691.png,2,retinopatia_diabetica_moderada,1844,1226,1844x1226,1.504078303425775,PNG,RGB,891842,0.8505268096923828,ebe0fb0cda26c829816443f7087a55c9
8ab3faa3701f.png,0,sem_retinopatia_diabetica,2048,1536,2048x1536,1.3333333333333333,PNG,RGB,1941336,1.8514022827148438,efc2d14fa34934dc1548fd670e9ed175
8ab8d9b3ce3f.png,2,retinopatia_diabetica_moderada,3216,2136,3216x2136,1.5056179775280898,PNG,RGB,3505054,3.342679977416992,5f913539ce053fa2fa0cdfc946167763
8ac0c44bbf24.png,4,retinopatia_diabetica_proliferativa,2416,1736,2416x1736,1.391705069124424,PNG,RGB,2547255,2.4292516708374023,598bbd1f97e471820b8fd49cc57b6b5f
8acdf12f412a.png,0,sem_retinopatia_diabetica,1050,1050,1050x1050,1.0,PNG,RGB,1050186,1.001535415649414,4d6164376359b03f46a5f8204d942937
8acffaf1f4b9.png,2,retinopatia_diabetica_moderada,1504,1000,1504x1000,1.504,PNG,RGB,1463845,1.396031379699707,70137cf193f130d2cae49768c75fc565
8ae049175db6.png,4,retinopatia_diabetica_proliferativa,2588,1958,2588x1958,1.3217568947906027,PNG,RGB,5042694,4.809087753295898,21d8f02f54aceff663bdc512acd81faf
8af50c9d0a86.png,0,sem_retinopatia_diabetica,1476,1117,1476x1117,1.3213965980304387,PNG,RGB,2160207,2.060133934020996,da6f0ce388bdc11fbce307d846d6d90b
8af6a4e5396f.png,4,retinopatia_diabetica_proliferativa,2416,1736,2416x1736,1.391705069124424,PNG,RGB,1889208,1.8016891479492188,20c2984cdf8dc8776a186177481e5395
8b079e79035f.png,0,sem_retinopatia_diabetica,1050,1050,1050x1050,1.0,PNG,RGB,753816,0.7188949584960938,42a97b476b570b82bb731be832229e2a
8b26d3cd61e8.png,2,retinopatia_diabetica_moderada,2144,1424,2144x1424,1.5056179775280898,PNG,RGB,2712831,2.5871572494506836,1cfbf8b5587db193f79a92ef0b3d0d59
8b568d47a1fd.png,0,sem_retinopatia_diabetica,1050,1050,1050x1050,1.0,PNG,RGB,985274,0.9396305084228516,ce7dca812d1037317f598e4bc4d5bcba
8b58f9a338e8.png,0,sem_retinopatia_diabetica,819,614,819x614,1.3338762214983713,PNG,RGB,286752,0.273468017578125,2155f8ce93d0dac6adeec735a239909c
8b76c3c5cb3e.png,3,retinopatia_diabetica_grave,2588,1958,2588x1958,1.3217568947906027,PNG,RGB,5469287,5.21591854095459,aae0ea1502bcb70f774507f19382a9dc
8b8fe3fc8950.png,0,sem_retinopatia_diabetica,819,614,819x614,1.3338762214983713,PNG,RGB,368603,0.35152721405029297,94a31da419bfe284946802449911a16a
8bad12d70368.png,4,retinopatia_diabetica_proliferativa,2588,1958,2588x1958,1.3217568947906027,PNG,RGB,5377668,5.128543853759766,f7a7aae4ca087a4dbe6c572257f0f6f7
8bbd7835e9aa.png,1,retinopatia_diabetica_leve,2416,1736,2416x1736,1.391705069124424,PNG,RGB,2401672,2.2904129028320312,c029606e5689caea904dea31db9aaf39
8bc6716c2238.png,1,retinopatia_diabetica_leve,2588,1958,2588x1958,1.3217568947906027,PNG,RGB,5215668,4.974048614501953,5c0826721fffb80abe92f6cd1117d123
8bdb891661a8.png,2,retinopatia_diabetica_moderada,2588,1958,2588x1958,1.3217568947906027,PNG,RGB,5329648,5.0827484130859375,c2d69ae5a1954fdf4acff9192d7625cb
8be6629a6039.png,0,sem_retinopatia_diabetica,2588,1958,2588x1958,1.3217568947906027,PNG,RGB,3780719,3.605574607849121,e6cb409642516ef378e087b97a34a6e5
8bed09514c3b.png,4,retinopatia_diabetica_proliferativa,2416,1736,2416x1736,1.391705069124424,PNG,RGB,1860463,1.774275779724121,c33804fc444c08672093e58f1f9d61c2
8bf05909e1e1.png,0,sem_retinopatia_diabetica,1050,1050,1050x1050,1.0,PNG,RGB,1050592,1.001922607421875,6668fc375f552bb1906e168286f7756d
8bf2d925dc0c.png,0,sem_retinopatia_diabetica,1050,1050,1050x1050,1.0,PNG,RGB,955596,0.9113273620605469,9fe7afa9859f7fdcc024c3731b702ea3
8c0d05233238.png,3,retinopatia_diabetica_grave,2588,1958,2588x1958,1.3217568947906027,PNG,RGB,5025388,4.792583465576172,94daab06bb6ae628db05a50461e85389
8c29a76fa08c.png,0,sem_retinopatia_diabetica,1050,1050,1050x1050,1.0,PNG,RGB,986143,0.9404592514038086,bea6244c2b4bdc19115af179a1714957
8c2f0f04e1ed.png,1,retinopatia_diabetica_leve,2416,1736,2416x1736,1.391705069124424,PNG,RGB,2358716,2.2494468688964844,6a9b0ea4929ea13780a6c82bebb815b4
8c4ceddeb1c6.png,0,sem_retinopatia_diabetica,2048,1536,2048x1536,1.3333333333333333,PNG,RGB,1754443,1.6731672286987305,3c8b1e7328bc2971d7b828d3dfc0424d
8c7c26c52a6c.png,4,retinopatia_diabetica_proliferativa,2416,1736,2416x1736,1.391705069124424,PNG,RGB,2281666,2.175966262817383,bd2636023e6ab247c48ec1c9fee7e452
8c84e96d9b01.png,0,sem_retinopatia_diabetica,819,614,819x614,1.3338762214983713,PNG,RGB,415921,0.3966531753540039,a20b036a825f24e666982369d64e6a2b
8c87bd748996.png,2,retinopatia_diabetica_moderada,3216,2136,3216x2136,1.5056179775280898,PNG,RGB,3645300,3.476428985595703,287aedd0a6a1252f7c51b4c81649dc06
8cb6b0efaaac.png,2,retinopatia_diabetica_moderada,2416,1736,2416x1736,1.391705069124424,PNG,RGB,2511826,2.3954639434814453,ece61abc754cc776d087ab5ba13e3837
8cb6b5b2f19c.png,2,retinopatia_diabetica_moderada,3216,2136,3216x2136,1.5056179775280898,PNG,RGB,3477807,3.316695213317871,2694319c811276b8bfe76ca9bb0d19c1
8ceff4c4c860.png,0,sem_retinopatia_diabetica,1050,1050,1050x1050,1.0,PNG,RGB,965299,0.9205808639526367,526550338ffec09e9a302cd88f7338b1
8d13c46e7d75.png,0,sem_retinopatia_diabetica,1050,1050,1050x1050,1.0,PNG,RGB,897032,0.8554763793945312,7f4408707e0e8baa7fd0e78324d5ceb4
8d3d67661620.png,2,retinopatia_diabetica_moderada,2416,1736,2416x1736,1.391705069124424,PNG,RGB,2104780,2.007274627685547,28acc171dd4e590fbcb2454a6c1caf8e
8d4d14a4ab07.png,0,sem_retinopatia_diabetica,1050,1050,1050x1050,1.0,PNG,RGB,959273,0.9148340225219727,ca4de6277bf12fe6754490fbe86e87bd
8d4ff745a409.png,0,sem_retinopatia_diabetica,1050,1050,1050x1050,1.0,PNG,RGB,979766,0.9343776702880859,9021a668283cbabdf9dda5dd4467507e
8d62ba9cb22a.png,2,retinopatia_diabetica_moderada,2588,1958,2588x1958,1.3217568947906027,PNG,RGB,2393677,2.2827882766723633,4ae257b08736e22ff7dfaf3a47a7bc9a
8d7bb0649a02.png,2,retinopatia_diabetica_moderada,2144,1424,2144x1424,1.5056179775280898,PNG,RGB,2832308,2.701099395751953,73341fb3fe7160f070afff19b20332ed
8d8aca52c07b.png,4,retinopatia_diabetica_proliferativa,2588,1958,2588x1958,1.3217568947906027,PNG,RGB,5936724,5.661701202392578,dff111ecf1d7d99e310ac4b831bea15e
8d9516ea3587.png,0,sem_retinopatia_diabetica,1050,1050,1050x1050,1.0,PNG,RGB,1028311,0.9806737899780273,10a025e8f10fce9cd01e024770d7871d
8dafa62f9322.png,0,sem_retinopatia_diabetica,1050,1050,1050x1050,1.0,PNG,RGB,984640,0.93902587890625,c3e513d0497536fd069ddfa92187353b
8db2ce991101.png,4,retinopatia_diabetica_proliferativa,2588,1958,2588x1958,1.3217568947906027,PNG,RGB,5125157,4.887730598449707,8c6746d28d28d494aaf92ba5f57d6fb1
8dba09a4e5ed.png,2,retinopatia_diabetica_moderada,3388,2588,3388x2588,1.3091190108191655,PNG,RGB,7004757,6.6802568435668945,53a714f6458b21e6e365e1066a1cdb0b
8dc22e65c06f.png,1,retinopatia_diabetica_leve,2588,1958,2588x1958,1.3217568947906027,PNG,RGB,5034670,4.801435470581055,52ce79ea21506b54110112ec2fc95c2f
8dfa629ca74e.png,2,retinopatia_diabetica_moderada,1050,1050,1050x1050,1.0,PNG,RGB,871266,0.8309040069580078,01e9c0f8833e086198824046d86f92a2
8dfff47b06b7.png,2,retinopatia_diabetica_moderada,3216,2136,3216x2136,1.5056179775280898,PNG,RGB,2726454,2.600149154663086,8bba0cfafd99ad2f653f62f0aa760a91
8e20b8fac7c3.png,2,retinopatia_diabetica_moderada,3216,2136,3216x2136,1.5056179775280898,PNG,RGB,2665786,2.5422916412353516,a39173688427ef8ffee206c61d2694f8
8e2a3978c244.png,0,sem_retinopatia_diabetica,1050,1050,1050x1050,1.0,PNG,RGB,1004147,0.9576292037963867,75d5ab99fe06d913c8bcdbea3f92aa52
8e3b79e1f1f7.png,2,retinopatia_diabetica_moderada,2588,1958,2588x1958,1.3217568947906027,PNG,RGB,5230811,4.988490104675293,4ef3d0b6142e4343a20dc64f82075db9
8e4a354e3da2.png,0,sem_retinopatia_diabetica,2048,1536,2048x1536,1.3333333333333333,PNG,RGB,1944213,1.8541460037231445,36633163bef0dca42d72292dfaebc54d
8e63fc4ab532.png,2,retinopatia_diabetica_moderada,3216,2136,3216x2136,1.5056179775280898,PNG,RGB,3142629,2.997044563293457,31092184aceefebe3a4c38b5c4ed9c99
8e67f2d7e0ee.png,0,sem_retinopatia_diabetica,1050,1050,1050x1050,1.0,PNG,RGB,1039346,0.9911975860595703,c1d4213a8afaf284597862c529eb5c49
8e6df9eedcd8.png,0,sem_retinopatia_diabetica,2588,1958,2588x1958,1.3217568947906027,PNG,RGB,5842988,5.572307586669922,3e32a81b3f4558085a773269011be7f5
8e76054f0831.png,0,sem_retinopatia_diabetica,1050,1050,1050x1050,1.0,PNG,RGB,956294,0.9119930267333984,0d2501e8774021cb724e128ced3abd4b
8e7981855125.png,0,sem_retinopatia_diabetica,2588,1958,2588x1958,1.3217568947906027,PNG,RGB,5235320,4.992790222167969,8b715e0045e013a0c3e39a2ce37221c6
8ead17dfb6a6.png,0,sem_retinopatia_diabetica,2048,1536,2048x1536,1.3333333333333333,PNG,RGB,1873470,1.7866802215576172,96418e90df21653d6190dc84527fa58d
8ead8f37423c.png,0,sem_retinopatia_diabetica,1050,1050,1050x1050,1.0,PNG,RGB,867811,0.8276090621948242,4c6fd9f0713ecfb97d6e27f6af923aa8
8eb3337a54e9.png,2,retinopatia_diabetica_moderada,3216,2136,3216x2136,1.5056179775280898,PNG,RGB,1969450,1.878213882446289,45415fa572fc6a153eb83a96cc2889e7
8ed586c43023.png,0,sem_retinopatia_diabetica,1050,1050,1050x1050,1.0,PNG,RGB,1006683,0.960047721862793,66325e1cb0ff68d3afa1eea0569cf315
8ee50c26fc13.png,0,sem_retinopatia_diabetica,819,614,819x614,1.3338762214983713,PNG,RGB,312387,0.2979154586791992,171b63cd5bd30431bc18fb5f1528c2f3
8eeac97f02f0.png,4,retinopatia_diabetica_proliferativa,4288,2848,4288x2848,1.5056179775280898,PNG,RGB,5453770,5.201120376586914,c812a3e7cf1be8e13e37858a3b5a6a7a
8ef2eb8c51c4.png,1,retinopatia_diabetica_leve,3216,2136,3216x2136,1.5056179775280898,PNG,RGB,6243258,5.954034805297852,d5595a2c533362dcbadf66195c3bc3bb
8f06ca4642bd.png,0,sem_retinopatia_diabetica,819,614,819x614,1.3338762214983713,PNG,RGB,286731,0.27344799041748047,0bde166b5d8c7431e0f3524869011e35
8f10e41a2f02.png,0,sem_retinopatia_diabetica,1050,1050,1050x1050,1.0,PNG,RGB,906844,0.8648338317871094,27711e353abeb7bf7f20b00408e549a3
8f14bca04b47.png,0,sem_retinopatia_diabetica,2048,1536,2048x1536,1.3333333333333333,PNG,RGB,1920281,1.8313226699829102,bf08c64554b98a4baeafc3c29ed42b70
8f1e7433a95d.png,2,retinopatia_diabetica_moderada,3388,2588,3388x2588,1.3091190108191655,PNG,RGB,7143987,6.813036918640137,bc331b082f3d242e12d1886f866c4004
8f2996b8d855.png,1,retinopatia_diabetica_leve,2416,1736,2416x1736,1.391705069124424,PNG,RGB,2409361,2.297745704650879,2b76c4907253149e13df26cf6d182cc1
8f318a978844.png,4,retinopatia_diabetica_proliferativa,1844,1226,1844x1226,1.504078303425775,PNG,RGB,715652,0.6824989318847656,1dcf97ac261f8659e36e90d4d363d848
8f9819752ca0.png,0,sem_retinopatia_diabetica,1050,1050,1050x1050,1.0,PNG,RGB,1043257,0.9949274063110352,53213d7b147cec80824e226fccbd96ae
8fbb2ca39911.png,0,sem_retinopatia_diabetica,1050,1050,1050x1050,1.0,PNG,RGB,1019706,0.9724674224853516,7b79fb06fb0b423c9537a7590dfc624d
8fc09fecd22f.png,1,retinopatia_diabetica_leve,2416,1736,2416x1736,1.391705069124424,PNG,RGB,2188865,2.0874643325805664,9a0aac8db3b1c536864cc6bafd8905a6
8fd7ad26e691.png,4,retinopatia_diabetica_proliferativa,3216,2136,3216x2136,1.5056179775280898,PNG,RGB,3314327,3.1607885360717773,f8ff5469a7d1eaab9b965fc2564eca5f
8ff2733f6aef.png,2,retinopatia_diabetica_moderada,3388,2588,3388x2588,1.3091190108191655,PNG,RGB,6848170,6.530923843383789,06ebf493de8827ac7b79665723c6a263
8ff863f8874f.png,1,retinopatia_diabetica_leve,2588,1958,2588x1958,1.3217568947906027,PNG,RGB,2344261,2.235661506652832,910d75a782e6e50c446db7d28d8cdb4a
8ffa608170d3.png,0,sem_retinopatia_diabetica,819,614,819x614,1.3338762214983713,PNG,RGB,361853,0.3450899124145508,2784559b83a0f6e5309079cf35a15854
901a3552fe26.png,0,sem_retinopatia_diabetica,1050,1050,1050x1050,1.0,PNG,RGB,1069448,1.0199050903320312,bcb1c23b1b0adc6affc7eb1671808b51
902dc5a91a3f.png,0,sem_retinopatia_diabetica,1050,1050,1050x1050,1.0,PNG,RGB,1044102,0.9957332611083984,7a0967286247763e50f013dd663bccd3
9033f1493da1.png,2,retinopatia_diabetica_moderada,3216,2136,3216x2136,1.5056179775280898,PNG,RGB,2006410,1.913461685180664,e65442581155a0e669b1805135bbf734
9039cbfcbb2f.png,0,sem_retinopatia_diabetica,819,614,819x614,1.3338762214983713,PNG,RGB,322610,0.3076648712158203,bc4b21e0615aae57f6d7f18781024ac7
9041eb43456e.png,2,retinopatia_diabetica_moderada,3216,2136,3216x2136,1.5056179775280898,PNG,RGB,2497428,2.381732940673828,989da820a250b2ce669d12fec7d2845f
904b03ad5594.png,0,sem_retinopatia_diabetica,2588,1958,2588x1958,1.3217568947906027,PNG,RGB,4942075,4.713129997253418,cff0ec635e3b45af01c007e59821bec7
905cc86bf100.png,4,retinopatia_diabetica_proliferativa,3216,2136,3216x2136,1.5056179775280898,PNG,RGB,2855416,2.7231369018554688,ee66220f17f4ca6f8ade1466b8b85618
906d02fb822d.png,0,sem_retinopatia_diabetica,2416,1736,2416x1736,1.391705069124424,PNG,RGB,2538220,2.420635223388672,46c634487f3586097900e0fbb564a63c
907aaff827e5.png,2,retinopatia_diabetica_moderada,3216,2136,3216x2136,1.5056179775280898,PNG,RGB,3459703,3.2994298934936523,bfc4842422cf04c8f9513a3176b29047
9095d43fb132.png,0,sem_retinopatia_diabetica,2588,1958,2588x1958,1.3217568947906027,PNG,RGB,5485586,5.231462478637695,73f21c49d2521f07ca28e65bcad82204
90960ddf4d14.png,0,sem_retinopatia_diabetica,2048,1536,2048x1536,1.3333333333333333,PNG,RGB,1995692,1.9032402038574219,8b160d62bcb3e140d56bed02b761be40
90a786abe58e.png,0,sem_retinopatia_diabetica,1050,1050,1050x1050,1.0,PNG,RGB,1056213,1.0072832107543945,9c01e1212014dff229069baba3b9b553
90a9a41eec6d.png,0,sem_retinopatia_diabetica,819,614,819x614,1.3338762214983713,PNG,RGB,330475,0.31516551971435547,5468968f2855d1c2025c1ae537b4b9cb
90b8bf342032.png,3,retinopatia_diabetica_grave,2416,1736,2416x1736,1.391705069124424,PNG,RGB,2640150,2.517843246459961,b56818b19a9842e14cbe94f2a0acb644
90bde2ff8953.png,0,sem_retinopatia_diabetica,1050,1050,1050x1050,1.0,PNG,RGB,954582,0.9103603363037109,0768a7890bc6e73caffb37ac926782a2
90c982cc2d96.png,1,retinopatia_diabetica_leve,2416,1736,2416x1736,1.391705069124424,PNG,RGB,2232881,2.129441261291504,32fc65076a8479eab3893c5eaaa9db5e
910bfd38e2f5.png,3,retinopatia_diabetica_grave,3216,2136,3216x2136,1.5056179775280898,PNG,RGB,2620432,2.4990386962890625,0444d6020c5d2be6d615b5624eafe207
9122b31414d3.png,0,sem_retinopatia_diabetica,1050,1050,1050x1050,1.0,PNG,RGB,1013040,0.9661102294921875,90de6a7c9764ae14bec45383c8f06caa
912fbe06407e.png,0,sem_retinopatia_diabetica,1050,1050,1050x1050,1.0,PNG,RGB,1024170,0.9767246246337891,55241e6bec00abdea0a9912e0613dc05
913490237ad4.png,3,retinopatia_diabetica_grave,2588,1958,2588x1958,1.3217568947906027,PNG,RGB,5774826,5.507303237915039,1fa2aca6b9eaf8292862b6bf8c419932
913b1890ed1e.png,2,retinopatia_diabetica_moderada,3216,2136,3216x2136,1.5056179775280898,PNG,RGB,2665534,2.542051315307617,15f1f69deca4a11ca1c070d2a107160a
916915f01e17.png,0,sem_retinopatia_diabetica,1050,1050,1050x1050,1.0,PNG,RGB,985742,0.9400768280029297,83824865db8dede333450ca1a0484684
916ec976ff30.png,3,retinopatia_diabetica_grave,2416,1736,2416x1736,1.391705069124424,PNG,RGB,2445256,2.3319778442382812,1c4365a126dfb58e408aa2ddb3263f73
917f76f360b6.png,2,retinopatia_diabetica_moderada,2588,1958,2588x1958,1.3217568947906027,PNG,RGB,5172464,4.9328460693359375,089eea854155d3e8bd26fd58372b1e73
91a88d3b0358.png,2,retinopatia_diabetica_moderada,2416,1736,2416x1736,1.391705069124424,PNG,RGB,2228063,2.1248464584350586,064ad7cdc1fff681d163edcdcbecce89
91b6ebaa3678.png,3,retinopatia_diabetica_grave,3216,2136,3216x2136,1.5056179775280898,PNG,RGB,5827610,5.557641983032227,165540476389b5d13f68c4468bcb4ed4
91b7a4179ecf.png,0,sem_retinopatia_diabetica,819,614,819x614,1.3338762214983713,PNG,RGB,346845,0.3307771682739258,12a3e67f6881d467ff09a32cd9df978a
91cbe1c775ef.png,2,retinopatia_diabetica_moderada,2144,1424,2144x1424,1.5056179775280898,PNG,RGB,2747144,2.6198806762695312,3dff539fe2c5e2dfcb8dac73b0424f16
91cf56d3d1af.png,3,retinopatia_diabetica_grave,2416,1736,2416x1736,1.391705069124424,PNG,RGB,2349715,2.2408628463745117,52bdeb7adcd72842bb6e96021a8190ae
91e2c2890c9f.png,2,retinopatia_diabetica_moderada,2588,1958,2588x1958,1.3217568947906027,PNG,RGB,5209049,4.96773624420166,bad6eb4c141a441b30f1b55dce9f43e9
91e82fe4e434.png,0,sem_retinopatia_diabetica,1050,1050,1050x1050,1.0,PNG,RGB,927085,0.8841371536254883,8dad29a39c1ca3ccf2d3443bf6f2bb62
91e8af9ceee9.png,2,retinopatia_diabetica_moderada,3216,2136,3216x2136,1.5056179775280898,PNG,RGB,2468566,2.354207992553711,8906489f715593c43c14d944264f6f31
91f3c4c1e72b.png,0,sem_retinopatia_diabetica,2588,1958,2588x1958,1.3217568947906027,PNG,RGB,5791926,5.523611068725586,917626d09da717d37c44a9ef462e696f
921433215353.png,2,retinopatia_diabetica_moderada,3216,2136,3216x2136,1.5056179775280898,PNG,RGB,2067308,1.9715385437011719,a6930e49754b6c089a1bf27749448d46
922586d86cd8.png,0,sem_retinopatia_diabetica,1050,1050,1050x1050,1.0,PNG,RGB,1028028,0.9804039001464844,12abbc3b9440206fa743b914950608aa
9232dc06cfdc.png,0,sem_retinopatia_diabetica,1050,1050,1050x1050,1.0,PNG,RGB,1060049,1.010941505432129,9be9ba2ce042c350c513193137b4865e
92587e494d51.png,0,sem_retinopatia_diabetica,2048,1536,2048x1536,1.3333333333333333,PNG,RGB,1903800,1.8156051635742188,dce18b78726d50269ed7acb879289f6d
9274e75dc4d5.png,0,sem_retinopatia_diabetica,1050,1050,1050x1050,1.0,PNG,RGB,977382,0.9321041107177734,e74320a7f710a8c42255ea75aa8c3aa9
9287e57326d0.png,0,sem_retinopatia_diabetica,2048,1536,2048x1536,1.3333333333333333,PNG,RGB,1895602,1.8077869415283203,6ed7ee210905a65daa6d257e04b5fefe
92889b863ae6.png,0,sem_retinopatia_diabetica,2588,1958,2588x1958,1.3217568947906027,PNG,RGB,5606887,5.34714412689209,e3dbb47588750f1a2a027ca99122bcc4
929cd3867815.png,2,retinopatia_diabetica_moderada,2588,1958,2588x1958,1.3217568947906027,PNG,RGB,5426347,5.1749677658081055,a9a87f597eb98229e90c123c4ae2f1ee
92b0d27fc0ec.png,2,retinopatia_diabetica_moderada,3216,2136,3216x2136,1.5056179775280898,PNG,RGB,6066237,5.785214424133301,b0096445fdcb0bfe78b842bd1b013c1d
92d8a7c8e718.png,2,retinopatia_diabetica_moderada,2588,1958,2588x1958,1.3217568947906027,PNG,RGB,3534539,3.3707990646362305,ac843e48e8d510314284e3ee610592e0
92d9e9f08709.png,1,retinopatia_diabetica_leve,2896,1944,2896x1944,1.4897119341563787,PNG,RGB,2203992,2.1018905639648438,102892594c7b73a41b39222f813a9fee
92e3d608fd3c.png,0,sem_retinopatia_diabetica,1050,1050,1050x1050,1.0,PNG,RGB,1069758,1.0202007293701172,4c512b4122a31b694c80d2e7380c9ab9
92f313287a29.png,2,retinopatia_diabetica_moderada,2416,1736,2416x1736,1.391705069124424,PNG,RGB,2153944,2.0541610717773438,97defab956e3d71543498fac55ff449f
92fcf50b3562.png,0,sem_retinopatia_diabetica,2048,1536,2048x1536,1.3333333333333333,PNG,RGB,1891782,1.8041439056396484,941edc23f2cd168a7ea4003315783203
930fee99213a.png,0,sem_retinopatia_diabetica,1050,1050,1050x1050,1.0,PNG,RGB,1057581,1.0085878372192383,735d6cead8b7449899f91123b16b8e06
932181b93b2f.png,2,retinopatia_diabetica_moderada,2416,1736,2416x1736,1.391705069124424,PNG,RGB,2242993,2.139084815979004,250eb1aceb5e99c92294cf14d1d282ef
934104859e68.png,0,sem_retinopatia_diabetica,1050,1050,1050x1050,1.0,PNG,RGB,959683,0.9152250289916992,d54625f8d093b5a6320f1ab5fd9cb112
93421787f520.png,0,sem_retinopatia_diabetica,1050,1050,1050x1050,1.0,PNG,RGB,1074275,1.0245084762573242,96e0bb6973f71aaa5bd6d7e21700182a
936299166bea.png,0,sem_retinopatia_diabetica,819,614,819x614,1.3338762214983713,PNG,RGB,301976,0.28798675537109375,3b10a0dbd58d746ca6a12d0e4b5aff61
937bc1b924b1.png,0,sem_retinopatia_diabetica,1050,1050,1050x1050,1.0,PNG,RGB,1093186,1.0425434112548828,6ba68f012d94d2aa0effc327252cc7ad
93802d1e3c41.png,0,sem_retinopatia_diabetica,1050,1050,1050x1050,1.0,PNG,RGB,981372,0.9359092712402344,eeec5f5d3d8d34ffba4c33bda32ea043
93a1b984de84.png,0,sem_retinopatia_diabetica,1050,1050,1050x1050,1.0,PNG,RGB,1000302,0.9539623260498047,5154752b637bb63d244a4b40874e1a0f
93be637084a2.png,1,retinopatia_diabetica_leve,2416,1736,2416x1736,1.391705069124424,PNG,RGB,2423731,2.3114500045776367,b54618ebe582e8fc2942ac3c253de1f8
93d6d20a5ee3.png,0,sem_retinopatia_diabetica,1050,1050,1050x1050,1.0,PNG,RGB,1019634,0.9723987579345703,958b83b1efa72051a4c0b667881525ca
94076a9fb9b5.png,0,sem_retinopatia_diabetica,1050,1050,1050x1050,1.0,PNG,RGB,959548,0.9150962829589844,eb973aeeca094d640a5a592887253330
94111ed3d276.png,1,retinopatia_diabetica_leve,1844,1226,1844x1226,1.504078303425775,PNG,RGB,766994,0.7314624786376953,4d1f8c5b0ff8054a82e82066cc347b20
94145d1f42cf.png,0,sem_retinopatia_diabetica,2048,1536,2048x1536,1.3333333333333333,PNG,RGB,1909155,1.8207120895385742,f24cd7ba02d21587cda932d0ca58e0b3
941d874c8afb.png,0,sem_retinopatia_diabetica,1050,1050,1050x1050,1.0,PNG,RGB,1050296,1.0016403198242188,265480ea0db150eb26491341e150b2dd
942f544c4e15.png,0,sem_retinopatia_diabetica,1050,1050,1050x1050,1.0,PNG,RGB,1031625,0.9838342666625977,88806958bd3eb9a6d87ba0ed2612f8be
94372043d55b.png,1,retinopatia_diabetica_leve,2416,1736,2416x1736,1.391705069124424,PNG,RGB,2309771,2.2027692794799805,1a78b60bc76f0b2ddf72f50a62086ac8
944a233fbf8e.png,1,retinopatia_diabetica_leve,2416,1736,2416x1736,1.391705069124424,PNG,RGB,2335017,2.2268457412719727,dc6395ebcc9f103720bfe481a16a515b
946545473380.png,0,sem_retinopatia_diabetica,1050,1050,1050x1050,1.0,PNG,RGB,996741,0.950566291809082,47250811139cc5ceb34af48c2dd03561
949710bead24.png,0,sem_retinopatia_diabetica,1050,1050,1050x1050,1.0,PNG,RGB,987413,0.9416704177856445,9e98a18edeb80ad4727f5e51d0adaec5
94a67ec0714f.png,2,retinopatia_diabetica_moderada,2416,1736,2416x1736,1.391705069124424,PNG,RGB,2163975,2.063727378845215,1900ff775b4929d525a29d944f5be8bc
94b1d8ad35ec.png,1,retinopatia_diabetica_leve,1504,1000,1504x1000,1.504,PNG,RGB,1290907,1.231104850769043,cb7523a83e7304c837e86cd5afdef5ab
94b9ccc73bb9.png,0,sem_retinopatia_diabetica,819,614,819x614,1.3338762214983713,PNG,RGB,302018,0.2880268096923828,35de25b38ed579db540793d119f8a6f3
94dcb491143f.png,2,retinopatia_diabetica_moderada,3388,2588,3388x2588,1.3091190108191655,PNG,RGB,3262329,3.111199378967285,15cfb1cf6a926aa0d51d3cca53babfbb
94ef1d14597f.png,4,retinopatia_diabetica_proliferativa,3388,2588,3388x2588,1.3091190108191655,PNG,RGB,7271549,6.934689521789551,0299c2088a357f0057bd6423523c1831
94f9ecf4b8d2.png,0,sem_retinopatia_diabetica,819,614,819x614,1.3338762214983713,PNG,RGB,369009,0.3519144058227539,89d6f688ccd03d47d922b60f5284a226
9519a590985d.png,0,sem_retinopatia_diabetica,1050,1050,1050x1050,1.0,PNG,RGB,964396,0.9197196960449219,cb7d543830135fd6cc1fb2187bb1f4ab
956765d5f46d.png,0,sem_retinopatia_diabetica,819,614,819x614,1.3338762214983713,PNG,RGB,442204,0.4217185974121094,3bbb263c926e326f3a8d719453621924
9568eb7e9c08.png,2,retinopatia_diabetica_moderada,2588,1958,2588x1958,1.3217568947906027,PNG,RGB,5048370,4.81450080871582,0fa71d95dda098a01a7ede223457bf34
958c1fa044ba.png,0,sem_retinopatia_diabetica,1050,1050,1050x1050,1.0,PNG,RGB,980268,0.9348564147949219,e718f3103f19f70e4be9a93fce428e4e
959bb2d01091.png,0,sem_retinopatia_diabetica,819,614,819x614,1.3338762214983713,PNG,RGB,320907,0.30604076385498047,c34f74cc43eeb1ef7bd54f883fbec80d
959dc602febc.png,2,retinopatia_diabetica_moderada,3216,2136,3216x2136,1.5056179775280898,PNG,RGB,2277649,2.172135353088379,e3f9fea7e96e77727380a47769f30e6e
95a4cc805c7b.png,1,retinopatia_diabetica_leve,2588,1958,2588x1958,1.3217568947906027,PNG,RGB,5172036,4.932437896728516,88b923d024898842d91c5c4b91a78c3a
95e732e043a1.png,4,retinopatia_diabetica_proliferativa,1504,1000,1504x1000,1.504,PNG,RGB,1260065,1.2016916275024414,60b5506f2fdfae4dbe0cc4a49c7c1152
962c0fc85e13.png,0,sem_retinopatia_diabetica,2048,1536,2048x1536,1.3333333333333333,PNG,RGB,1946516,1.8563423156738281,e68be2de9effcadfa8a12460d72affab
962cf85e4f6d.png,2,retinopatia_diabetica_moderada,2416,1736,2416x1736,1.391705069124424,PNG,RGB,2248668,2.1444969177246094,f9fced8174fdc2280f84e813a662d741
966c07831334.png,0,sem_retinopatia_diabetica,1050,1050,1050x1050,1.0,PNG,RGB,1072987,1.023280143737793,b801cce57669255154ad26289b8aeabb
96793edb1003.png,0,sem_retinopatia_diabetica,819,614,819x614,1.3338762214983713,PNG,RGB,426469,0.40671253204345703,98cab1fbaff51c2b2678dc941c53c237
9688c6ef5dc5.png,0,sem_retinopatia_diabetica,1050,1050,1050x1050,1.0,PNG,RGB,954611,0.9103879928588867,98fd6bfac2f68cacf56aacd6f38b597d
969f92a390db.png,0,sem_retinopatia_diabetica,1050,1050,1050x1050,1.0,PNG,RGB,1010644,0.9638252258300781,78e66300f3f9b4e0ccefb5bf94d4026f
96a9706b8534.png,1,retinopatia_diabetica_leve,3388,2588,3388x2588,1.3091190108191655,PNG,RGB,7257981,6.921750068664551,892097e2f68d1a7ec57b1f257869004f
96b5474ae604.png,0,sem_retinopatia_diabetica,1050,1050,1050x1050,1.0,PNG,RGB,941587,0.8979673385620117,1ad1ccc540235b9fef05b70f09ead434
96c3e3db68bc.png,2,retinopatia_diabetica_moderada,3388,2588,3388x2588,1.3091190108191655,PNG,RGB,7049673,6.723092079162598,5ee79ad13460db46a834e57db00ef8ec
96c699221180.png,0,sem_retinopatia_diabetica,1050,1050,1050x1050,1.0,PNG,RGB,1040501,0.9922990798950195,7579906b859bf65c9429583c622341ad
96ce10a1dbd7.png,0,sem_retinopatia_diabetica,1050,1050,1050x1050,1.0,PNG,RGB,1027660,0.9800529479980469,ede4060cb73cf3a69ac0e8909eb66e4a
96d48b073f18.png,2,retinopatia_diabetica_moderada,1844,1226,1844x1226,1.504078303425775,PNG,RGB,827007,0.7886953353881836,f25b8dd160c0ccda44c48ad01f741c6d
96ea316ed0ab.png,0,sem_retinopatia_diabetica,819,614,819x614,1.3338762214983713,PNG,RGB,307803,0.29354381561279297,e5f32fbe67e904197b882b1d6654cfbb
971bb98ab935.png,0,sem_retinopatia_diabetica,819,614,819x614,1.3338762214983713,PNG,RGB,338643,0.3229551315307617,15980700d19e8ec45b3a20f551abfb11
973b0facfa9b.png,0,sem_retinopatia_diabetica,1050,1050,1050x1050,1.0,PNG,RGB,1071952,1.0222930908203125,1f79bc9625f878ec08a58ab60a5baa34
974c7d7b9c64.png,0,sem_retinopatia_diabetica,1050,1050,1050x1050,1.0,PNG,RGB,949057,0.9050912857055664,f1e872dbeb8f6f7a8a6a4b9b94b2d32d
975252e325e3.png,2,retinopatia_diabetica_moderada,3388,2588,3388x2588,1.3091190108191655,PNG,RGB,7338118,6.998174667358398,2e703ac2821ca079ebbba93191002718
976082127e2a.png,0,sem_retinopatia_diabetica,1050,1050,1050x1050,1.0,PNG,RGB,929740,0.8866691589355469,a1ee22a8f7152a4217b25379f29db779
977e1ca77653.png,1,retinopatia_diabetica_leve,2416,1736,2416x1736,1.391705069124424,PNG,RGB,2054574,1.9593944549560547,72861c3d8c7d3fda5324b0b20cfebe32
9782c0489eca.png,1,retinopatia_diabetica_leve,2416,1736,2416x1736,1.391705069124424,PNG,RGB,2191845,2.090306282043457,5dfa5cda0583ba3678bc735db5fcc415
9785805af1b8.png,2,retinopatia_diabetica_moderada,640,480,640x480,1.3333333333333333,PNG,RGB,353310,0.3369426727294922,1b23ddf398acb2770946b78921ec1729
97a235367f9d.png,0,sem_retinopatia_diabetica,819,614,819x614,1.3338762214983713,PNG,RGB,357932,0.3413505554199219,9acdb0456cda8fce776aa5c048d8425b
97a5ad7548b7.png,2,retinopatia_diabetica_moderada,3388,2588,3388x2588,1.3091190108191655,PNG,RGB,3507284,3.344806671142578,d5cfd865302a2835880e27ae9e9d1368
97bf61736b86.png,2,retinopatia_diabetica_moderada,3216,2136,3216x2136,1.5056179775280898,PNG,RGB,2333921,2.2258005142211914,aa64ce71bf11df5765353d2321da32d6
97c6cb55866d.png,0,sem_retinopatia_diabetica,2588,1958,2588x1958,1.3217568947906027,PNG,RGB,5576293,5.317967414855957,1544c99ff9d17275da19b81be803589e
97d02a9b94f7.png,0,sem_retinopatia_diabetica,1050,1050,1050x1050,1.0,PNG,RGB,1038974,0.9908428192138672,c62fca5ac2e12ea48b4917637ec6b3cc
97da093947e8.png,4,retinopatia_diabetica_proliferativa,3216,2136,3216x2136,1.5056179775280898,PNG,RGB,2948547,2.811953544616699,999d8f969910e98a7879193f8d6175d0
97f290d31813.png,0,sem_retinopatia_diabetica,2588,1958,2588x1958,1.3217568947906027,PNG,RGB,5514151,5.25870418548584,755b2b12a0b0fe57a5eb034ea6ff5af0
97fdee242fea.png,0,sem_retinopatia_diabetica,819,614,819x614,1.3338762214983713,PNG,RGB,391668,0.3735237121582031,0c2bf319d478d4d06aafe3be00f04121
98104c8c67eb.png,2,retinopatia_diabetica_moderada,2416,1736,2416x1736,1.391705069124424,PNG,RGB,2191514,2.0899906158447266,7dec9b9409bbe91d196a4923135b4c4e
98277aeb96a7.png,0,sem_retinopatia_diabetica,2048,1536,2048x1536,1.3333333333333333,PNG,RGB,1966890,1.875772476196289,01fb86c04bb338153e176b75ec8a0dd2
9837048b85dc.png,2,retinopatia_diabetica_moderada,1504,1000,1504x1000,1.504,PNG,RGB,1486651,1.417780876159668,1856eda9eabd7be77ddc236c7c59b10c
983c98354e9c.png,0,sem_retinopatia_diabetica,1050,1050,1050x1050,1.0,PNG,RGB,883149,0.8422365188598633,d31f71056cde3482b14cacbf45745a03
98441214557f.png,0,sem_retinopatia_diabetica,1050,1050,1050x1050,1.0,PNG,RGB,936890,0.8934879302978516,65bbc63d01393790b66b7583d9072ae8
9858cc2ae073.png,0,sem_retinopatia_diabetica,2048,1536,2048x1536,1.3333333333333333,PNG,RGB,1948052,1.8578071594238281,8e52a79677b67bdcdf6aec6b51082ccd
9859e2a6cc24.png,4,retinopatia_diabetica_proliferativa,1050,1050,1050x1050,1.0,PNG,RGB,940058,0.8965091705322266,f9fe222d22810c5b1514be3f1d738c2a
9870ce41cac4.png,0,sem_retinopatia_diabetica,2048,1536,2048x1536,1.3333333333333333,PNG,RGB,1757262,1.6758556365966797,4f34fc4d758a208eac2be121be0a9e18
9878db94d9f3.png,3,retinopatia_diabetica_grave,2896,1944,2896x1944,1.4897119341563787,PNG,RGB,2786375,2.657294273376465,6371fb35e3933e15f8cf9d335e33ece4
98d41bce73a8.png,0,sem_retinopatia_diabetica,2048,1536,2048x1536,1.3333333333333333,PNG,RGB,1840245,1.7549943923950195,677f5b41f68789b70e95cd6825f3decc
98e44127872f.png,0,sem_retinopatia_diabetica,1050,1050,1050x1050,1.0,PNG,RGB,867619,0.8274259567260742,60052e6d530cd97c6f022eb8040e01e7
98e8adcf085c.png,2,retinopatia_diabetica_moderada,3216,2136,3216x2136,1.5056179775280898,PNG,RGB,5357270,5.109090805053711,98676a1c7620db82004eb9490750b657
98f48850ebce.png,2,retinopatia_diabetica_moderada,3388,2588,3388x2588,1.3091190108191655,PNG,RGB,7474651,7.128382682800293,e1cb1150c031d56eb790fc3ade41d87a
98f7136d2e7a.png,2,retinopatia_diabetica_moderada,1504,1000,1504x1000,1.504,PNG,RGB,1370683,1.307185173034668,f52144fec260494290f0ba7b23653c02
98fbe56dcc2c.png,1,retinopatia_diabetica_leve,2416,1736,2416x1736,1.391705069124424,PNG,RGB,2300158,2.193601608276367,03c2dce77121deb70be472d0fc0dc65c
9904939ab83d.png,2,retinopatia_diabetica_moderada,3388,2588,3388x2588,1.3091190108191655,PNG,RGB,3681866,3.511301040649414,bf17837f3989646bf8e6cdf4a707894c
9910c827e2fe.png,0,sem_retinopatia_diabetica,1050,1050,1050x1050,1.0,PNG,RGB,921471,0.8787832260131836,a9cd9bef5f401ac64f0c8bf381b58558
99132193eaa0.png,1,retinopatia_diabetica_leve,2416,1736,2416x1736,1.391705069124424,PNG,RGB,2216091,2.113429069519043,5beb5aa8d81072862516fe6c3cf44f3f
991a0b7a8c87.png,0,sem_retinopatia_diabetica,819,614,819x614,1.3338762214983713,PNG,RGB,311007,0.2965993881225586,07fb8026e44b9898d7bf054e687308aa
99240ee00485.png,0,sem_retinopatia_diabetica,1050,1050,1050x1050,1.0,PNG,RGB,968675,0.9238004684448242,78bed8caf22a331141fe02e02160c354
992599744a23.png,0,sem_retinopatia_diabetica,2588,1958,2588x1958,1.3217568947906027,PNG,RGB,5414922,5.164072036743164,dd87acade766cf7425d41671aa712dda
992b9a07b25f.png,0,sem_retinopatia_diabetica,2588,1958,2588x1958,1.3217568947906027,PNG,RGB,5123395,4.886050224304199,45fb5f7c78f0d323f57e6ed655a3321a
996f57c86ba5.png,3,retinopatia_diabetica_grave,2144,1424,2144x1424,1.5056179775280898,PNG,RGB,2830051,2.698946952819824,a5860fb93abb41508aa95dc5fe0fbb54
996f9bba4ef0.png,0,sem_retinopatia_diabetica,1050,1050,1050x1050,1.0,PNG,RGB,989302,0.9434719085693359,75a2ae37bce274708088b259884b9c9d
9985375d709f.png,0,sem_retinopatia_diabetica,1050,1050,1050x1050,1.0,PNG,RGB,1041242,0.9930057525634766,abcdff253c3aec51acecc2b97c3af121
999115d9386b.png,2,retinopatia_diabetica_moderada,3216,2136,3216x2136,1.5056179775280898,PNG,RGB,3289431,3.1370458602905273,b2465a5bf01c45bc723921130231d390
999ad827ed35.png,0,sem_retinopatia_diabetica,1050,1050,1050x1050,1.0,PNG,RGB,965677,0.9209413528442383,3b72e93f639878a352c015b643ef53be
99c626e58464.png,0,sem_retinopatia_diabetica,2048,1536,2048x1536,1.3333333333333333,PNG,RGB,1925303,1.8361120223999023,fbcc013c99febabd5f3ac59acb9aa8fa
99c6a123ed6a.png,0,sem_retinopatia_diabetica,1050,1050,1050x1050,1.0,PNG,RGB,863873,0.8238534927368164,6e3a38d995c78dd058e33672126f4802
99e8bf998285.png,2,retinopatia_diabetica_moderada,3216,2136,3216x2136,1.5056179775280898,PNG,RGB,1686493,1.6083650588989258,4cc3257bc5076439151066e6fdd2c120
99ecdb41d5e7.png,1,retinopatia_diabetica_leve,3388,2588,3388x2588,1.3091190108191655,PNG,RGB,7159262,6.827604293823242,2eb6e0fbcb308f51e65abc303c767af5
9a1029536d78.png,0,sem_retinopatia_diabetica,1050,1050,1050x1050,1.0,PNG,RGB,1041783,0.9935216903686523,b9f44de517c565b93ca689743f07756d
9a159d4674cd.png,0,sem_retinopatia_diabetica,819,614,819x614,1.3338762214983713,PNG,RGB,326796,0.3116569519042969,d02812830afb9b2095dbf5dd338e24fa
9a28d4e8aef0.png,2,retinopatia_diabetica_moderada,3216,2136,3216x2136,1.5056179775280898,PNG,RGB,3040435,2.8995847702026367,dbc1e11e578bcbe6870a5ef4388d2e16
9a3109657ac1.png,1,retinopatia_diabetica_leve,2416,1736,2416x1736,1.391705069124424,PNG,RGB,2019870,1.9262981414794922,3b1ced873d9ca5f98ca123050bb1630c
9a326446c431.png,0,sem_retinopatia_diabetica,2588,1958,2588x1958,1.3217568947906027,PNG,RGB,5281351,5.036688804626465,c4a3bcceaf7fde7813e7188f79e2026c
9a3c03a5ad0f.png,2,retinopatia_diabetica_moderada,3216,2136,3216x2136,1.5056179775280898,PNG,RGB,6232251,5.943537712097168,3be1e5644df038399c1d31319e733af1
9a496b1e20f9.png,4,retinopatia_diabetica_proliferativa,2588,1958,2588x1958,1.3217568947906027,PNG,RGB,5036254,4.802946090698242,4fb7a2ea0667654e276d10288e8e2757
9a4f370d341b.png,2,retinopatia_diabetica_moderada,2416,1736,2416x1736,1.391705069124424,PNG,RGB,2129760,2.031097412109375,adf132b0caff25c70eb7870062e55f02
9a56cfb980ec.png,0,sem_retinopatia_diabetica,2048,1536,2048x1536,1.3333333333333333,PNG,RGB,1929235,1.8398618698120117,6aca0f9bec00fe6b7d7fe67c1a7162fa
9a78c6a7b1c2.png,2,retinopatia_diabetica_moderada,2416,1736,2416x1736,1.391705069124424,PNG,RGB,2341313,2.2328500747680664,9a6ca7fdc8c3aafe03cb6c5db8a9d6e2
9a7bd084395e.png,2,retinopatia_diabetica_moderada,2588,1958,2588x1958,1.3217568947906027,PNG,RGB,5324765,5.078091621398926,89116f071b0559bc9854d7f7510056b1
9a94e0316ee3.png,3,retinopatia_diabetica_grave,2416,1736,2416x1736,1.391705069124424,PNG,RGB,2040954,1.9464054107666016,b9495ba1c5cb8c2db3bab1ce0c63ae3a
9a9b21215c55.png,2,retinopatia_diabetica_moderada,2588,1958,2588x1958,1.3217568947906027,PNG,RGB,4944679,4.71561336517334,4bc5a5bb1d38c8823f8a7f0e7a2abbe7
9ab18a4a957f.png,0,sem_retinopatia_diabetica,2048,1536,2048x1536,1.3333333333333333,PNG,RGB,1845843,1.7603330612182617,32fb98c3df223e01d3550a37df20785d
9ac2e3e9fca5.png,0,sem_retinopatia_diabetica,1050,1050,1050x1050,1.0,PNG,RGB,975066,0.9298954010009766,bbc28e5334dee0a7bf0f78f0208251ba
9ac41b9a809e.png,0,sem_retinopatia_diabetica,1050,1050,1050x1050,1.0,PNG,RGB,960096,0.915618896484375,f3dbb8023616c2c406ae850096fca03a
9ad92f1c1542.png,2,retinopatia_diabetica_moderada,2416,1736,2416x1736,1.391705069124424,PNG,RGB,2381410,2.271089553833008,8142020470e9b4d4e6fdb82bcba5d389
9ae54843c69a.png,0,sem_retinopatia_diabetica,2588,1958,2588x1958,1.3217568947906027,PNG,RGB,5154247,4.915472984313965,57bb980ac85186d0581ab197ac4d30d4
9b093fe95d6b.png,3,retinopatia_diabetica_grave,2896,1944,2896x1944,1.4897119341563787,PNG,RGB,2391987,2.2811765670776367,9d031feff0f0abfb1f0909629c78af7d
9b0eb9f41da4.png,2,retinopatia_diabetica_moderada,2588,1958,2588x1958,1.3217568947906027,PNG,RGB,5280997,5.036351203918457,19647430fe4dab22ace791f4285bc4ce
9b32e8ef0ca0.png,2,retinopatia_diabetica_moderada,2416,1736,2416x1736,1.391705069124424,PNG,RGB,1888625,1.801133155822754,711902fa983501707939c072ff430530
9b418ce42c13.png,2,retinopatia_diabetica_moderada,1504,1000,1504x1000,1.504,PNG,RGB,1486302,1.4174480438232422,502eeb59021479778423eb06ff749d11
9b4fc15df3c8.png,0,sem_retinopatia_diabetica,819,614,819x614,1.3338762214983713,PNG,RGB,275718,0.26294517517089844,f0f9dca8c609cd17f24cecc953203398
9b57e43b44e7.png,0,sem_retinopatia_diabetica,2588,1958,2588x1958,1.3217568947906027,PNG,RGB,5497685,5.2430009841918945,f1f46d3d9fa25fedf8958afa9ec00404
9b70f84400af.png,0,sem_retinopatia_diabetica,819,614,819x614,1.3338762214983713,PNG,RGB,354692,0.3382606506347656,97616a5524a428dca186faf27a605e10
9b7b6e4db1d5.png,2,retinopatia_diabetica_moderada,1504,1000,1504x1000,1.504,PNG,RGB,1447585,1.3805246353149414,bff7a72c5c20fb6d8e505a59e13eb440
9b95d6203406.png,2,retinopatia_diabetica_moderada,640,480,640x480,1.3333333333333333,PNG,RGB,353551,0.3371725082397461,3df5ac3f67c64dc995e6e30a97ea6ccc
9ba469af2980.png,0,sem_retinopatia_diabetica,2588,1958,2588x1958,1.3217568947906027,PNG,RGB,2308527,2.201582908630371,c683735ad66dbd1162f3eba50b117535
9bafbbd152d2.png,3,retinopatia_diabetica_grave,2588,1958,2588x1958,1.3217568947906027,PNG,RGB,5200012,4.959117889404297,75ec6200edee9bb5737c03424c76a189
9bbb6c455913.png,0,sem_retinopatia_diabetica,1050,1050,1050x1050,1.0,PNG,RGB,908422,0.8663387298583984,8673c22b6b818beb3b60411a919c16cb
9bd008aab548.png,0,sem_retinopatia_diabetica,1050,1050,1050x1050,1.0,PNG,RGB,1013931,0.9669599533081055,bae9e5b01fd1541e89435709ee06ef50
9be0683649ff.png,0,sem_retinopatia_diabetica,2048,1536,2048x1536,1.3333333333333333,PNG,RGB,1833579,1.7486371994018555,dcfe27e65f17ddfcdf6cdb270d1adba4
9be71d6d7e59.png,0,sem_retinopatia_diabetica,1050,1050,1050x1050,1.0,PNG,RGB,994247,0.9481878280639648,08b8a86b8d255079088eaf595421ac27
9bf060db8376.png,3,retinopatia_diabetica_grave,2416,1736,2416x1736,1.391705069124424,PNG,RGB,2470764,2.356304168701172,76773eca8d3a286e9baf4c146745d912
9c088d2d1559.png,2,retinopatia_diabetica_moderada,2588,1958,2588x1958,1.3217568947906027,PNG,RGB,2243344,2.1394195556640625,5489480112528ac1962f57392d7772c3
9c14ce27cbfc.png,0,sem_retinopatia_diabetica,2048,1536,2048x1536,1.3333333333333333,PNG,RGB,1740417,1.6597909927368164,ebe0ced8474e947ea2682aff8f9eca39
9c514d2d5b3f.png,0,sem_retinopatia_diabetica,1050,1050,1050x1050,1.0,PNG,RGB,998480,0.9522247314453125,573ce99a6990309da1bfa1ec8c16f4dd
9c52b87d01f1.png,3,retinopatia_diabetica_grave,2144,1424,2144x1424,1.5056179775280898,PNG,RGB,2708524,2.583049774169922,f9f3914e7ff337cb501cbbbe3ff0a1bb
9c5dd3612f0c.png,2,retinopatia_diabetica_moderada,1504,1000,1504x1000,1.504,PNG,RGB,1514791,1.4446172714233398,5e85c7ff25e879de224c15aacb11d553
9c6512166557.png,0,sem_retinopatia_diabetica,819,614,819x614,1.3338762214983713,PNG,RGB,345100,0.3291130065917969,d4eff290dbe65a1e4cb397739f759cf3
9c72ed6befa0.png,4,retinopatia_diabetica_proliferativa,2588,1958,2588x1958,1.3217568947906027,PNG,RGB,5119587,4.882418632507324,b3ee961ce59288093a77e051f90f5299
9c893e16c055.png,0,sem_retinopatia_diabetica,1050,1050,1050x1050,1.0,PNG,RGB,957527,0.9131689071655273,3b093cedc1a21cda229826485119f5f6
9cc6b1f9bcbd.png,4,retinopatia_diabetica_proliferativa,2588,1958,2588x1958,1.3217568947906027,PNG,RGB,5600658,5.341203689575195,57394db5e56b62a29a95b79e00e84de9
9ce46d400cd6.png,0,sem_retinopatia_diabetica,1050,1050,1050x1050,1.0,PNG,RGB,892095,0.8507680892944336,843cc85d9fb0cd9e52b86bdbf0ead8c6
9cedf5c7016b.png,2,retinopatia_diabetica_moderada,2588,1958,2588x1958,1.3217568947906027,PNG,RGB,5226298,4.984186172485352,ce684980e6e8c15baca29d26c957aeae
9cf7c1349673.png,0,sem_retinopatia_diabetica,1050,1050,1050x1050,1.0,PNG,RGB,1055354,1.0064640045166016,68fba5fb2a056b6c1e939e7664fedab3
9d1feed37610.png,0,sem_retinopatia_diabetica,1050,1050,1050x1050,1.0,PNG,RGB,941637,0.898015022277832,bb3195f0cee8a91a97fdfc36835de7c2
9d62478042b6.png,0,sem_retinopatia_diabetica,2588,1958,2588x1958,1.3217568947906027,PNG,RGB,5774165,5.5066728591918945,4087f6b929aacaff675288cb2e0cf0f6
9d74428188bb.png,2,retinopatia_diabetica_moderada,3388,2588,3388x2588,1.3091190108191655,PNG,RGB,7148140,6.816997528076172,613f0488a541d5a37e6e7aee2b20cf73
9d75de31f1b8.png,0,sem_retinopatia_diabetica,1050,1050,1050x1050,1.0,PNG,RGB,975052,0.9298820495605469,4c2caaea8c1ea9a77584eaea3ff7f2b9
9d98a0b585f2.png,2,retinopatia_diabetica_moderada,1050,1050,1050x1050,1.0,PNG,RGB,1006995,0.9603452682495117,86c5f5d71d68cdf4fb9ac1742f938e7e
9d9bfefa809c.png,2,retinopatia_diabetica_moderada,3216,2136,3216x2136,1.5056179775280898,PNG,RGB,2773509,2.645024299621582,82dcd530494e8d2b32831377adcbab19
9da74370835a.png,2,retinopatia_diabetica_moderada,2416,1736,2416x1736,1.391705069124424,PNG,RGB,2431379,2.3187437057495117,9cef4d6a7213032513f7038d5001fae9
9dab2e6ba44b.png,2,retinopatia_diabetica_moderada,2588,1958,2588x1958,1.3217568947906027,PNG,RGB,5376680,5.127601623535156,d387d6826940390da52a8cd6686bb92e
9de9421f17e3.png,0,sem_retinopatia_diabetica,1050,1050,1050x1050,1.0,PNG,RGB,930660,0.8875465393066406,df575b1b7cbb44a12abd4c8f5b0cd629
9df31421cdd2.png,2,retinopatia_diabetica_moderada,2588,1958,2588x1958,1.3217568947906027,PNG,RGB,5500950,5.246114730834961,e1596c7a7cfec59d6bf89da5339a531a
9e2058917304.png,0,sem_retinopatia_diabetica,1050,1050,1050x1050,1.0,PNG,RGB,932698,0.8894901275634766,292dcab4fe504810069063b0d54cdef7
9e2a8135f471.png,0,sem_retinopatia_diabetica,1050,1050,1050x1050,1.0,PNG,RGB,973739,0.9286298751831055,8378773a0a81aa84b9d144e1bd7e05f0
9e2ba2b979f1.png,0,sem_retinopatia_diabetica,2048,1536,2048x1536,1.3333333333333333,PNG,RGB,2001912,1.9091720581054688,8aa0a8cb4eeab932879150c7e1daa840
9e3510963315.png,4,retinopatia_diabetica_proliferativa,1504,1000,1504x1000,1.504,PNG,RGB,1343974,1.2817134857177734,2a613e17fe7eebeca8a21ac5f46e8ec2
9e5737f771c3.png,0,sem_retinopatia_diabetica,2048,1536,2048x1536,1.3333333333333333,PNG,RGB,1937998,1.8482189178466797,b4d89e5d8e52bf91ef62bdea72686834
9e5ec293267c.png,2,retinopatia_diabetica_moderada,3388,2588,3388x2588,1.3091190108191655,PNG,RGB,3759806,3.585630416870117,1e1c17288139edcc127642e8580130c6
9e7a63b2fc6a.png,0,sem_retinopatia_diabetica,2588,1958,2588x1958,1.3217568947906027,PNG,RGB,5653424,5.3915252685546875,45b4d2734ebe4d7bd64c13ff853c4eb7
9e99ae6ee7af.png,0,sem_retinopatia_diabetica,2048,1536,2048x1536,1.3333333333333333,PNG,RGB,1669358,1.5920238494873047,7ceacbb80ce6317aee905349a518712f
9eaac43744f5.png,2,retinopatia_diabetica_moderada,3216,2136,3216x2136,1.5056179775280898,PNG,RGB,2149302,2.049734115600586,213e10c5e662dac1b605a02fe3e7045f
9eaf735cf01f.png,1,retinopatia_diabetica_leve,2416,1736,2416x1736,1.391705069124424,PNG,RGB,1812094,1.7281475067138672,22a1e3ccd0503f406ac51dcc76676d98
9ed666e982cd.png,1,retinopatia_diabetica_leve,2416,1736,2416x1736,1.391705069124424,PNG,RGB,2248637,2.144467353820801,4fa990df0cef4480cb0a14e095aa9b06
9ed6c2b25767.png,0,sem_retinopatia_diabetica,819,614,819x614,1.3338762214983713,PNG,RGB,342049,0.3262033462524414,41a4dcf8ca82b947143b1a5feb0d6684
9f1b14dfa14c.png,0,sem_retinopatia_diabetica,819,614,819x614,1.3338762214983713,PNG,RGB,279702,0.26674461364746094,5425df8125957cc50e0dea983524e455
9f1efb799b7b.png,2,retinopatia_diabetica_moderada,1504,1000,1504x1000,1.504,PNG,RGB,1306011,1.245509147644043,985d2ef214d747b029d0390eacbb90cd
9f285b3e57ed.png,0,sem_retinopatia_diabetica,1050,1050,1050x1050,1.0,PNG,RGB,928896,0.8858642578125,9ab255271d94b32222a14c483fabedd9
9f37c98b8187.png,3,retinopatia_diabetica_grave,2588,1958,2588x1958,1.3217568947906027,PNG,RGB,5389685,5.1400041580200195,8ba5246afd01f4b531b5375a9be27f6d
9f4132bd6ed6.png,2,retinopatia_diabetica_moderada,1504,1000,1504x1000,1.504,PNG,RGB,1447585,1.3805246353149414,bff7a72c5c20fb6d8e505a59e13eb440
9f436886e056.png,2,retinopatia_diabetica_moderada,1050,1050,1050x1050,1.0,PNG,RGB,870787,0.8304471969604492,f4e368013366d0c496d95a78706654a1
9f5a8665cf2e.png,2,retinopatia_diabetica_moderada,2416,1736,2416x1736,1.391705069124424,PNG,RGB,2224666,2.1216068267822266,5b5f107d4b0e031bbfb30bfa0b42753c
9f8112c710be.png,0,sem_retinopatia_diabetica,1050,1050,1050x1050,1.0,PNG,RGB,939054,0.8955516815185547,18c5ad62989b6aed64ac33dba6f2dfec
9f935fb38440.png,0,sem_retinopatia_diabetica,819,614,819x614,1.3338762214983713,PNG,RGB,267103,0.2547292709350586,62d91ea96c351d4fd81f1cc17e81f708
9fa02dfb5553.png,0,sem_retinopatia_diabetica,1050,1050,1050x1050,1.0,PNG,RGB,1088025,1.0376214981079102,edf69310ba8b9745e279266bc53665df
9faad91b6578.png,2,retinopatia_diabetica_moderada,2416,1736,2416x1736,1.391705069124424,PNG,RGB,2441766,2.3286495208740234,76529980200e2a9a3d3bad932c849be4
9fab29e69a6b.png,4,retinopatia_diabetica_proliferativa,1844,1226,1844x1226,1.504078303425775,PNG,RGB,1015097,0.9680719375610352,75731f5e9ab01ba3686b113a34539623
9fefe2b44795.png,3,retinopatia_diabetica_grave,3388,2588,3388x2588,1.3091190108191655,PNG,RGB,3890479,3.710249900817871,02178257a91e4c2404e4edeb11bf9331
a00b4cb250a7.png,1,retinopatia_diabetica_leve,2416,1736,2416x1736,1.391705069124424,PNG,RGB,2204614,2.1024837493896484,4d0809695852a3d21fe555e897e533b4
a01024054596.png,1,retinopatia_diabetica_leve,2416,1736,2416x1736,1.391705069124424,PNG,RGB,2506169,2.390069007873535,201898c3217efe2e9aac470ecf36b950
a015ce4f51ad.png,2,retinopatia_diabetica_moderada,3216,2136,3216x2136,1.5056179775280898,PNG,RGB,2271493,2.166264533996582,faf5c854dfc033970c9797975e417369
a01c590c444f.png,2,retinopatia_diabetica_moderada,2416,1736,2416x1736,1.391705069124424,PNG,RGB,2106133,2.0085649490356445,88491d64590e5e987d95d72748044750
a0267206d51e.png,2,retinopatia_diabetica_moderada,2416,1736,2416x1736,1.391705069124424,PNG,RGB,1940675,1.8507719039916992,ab04cc8949c82709ac6eb6d3e19cfc0c
a02dfd67a925.png,0,sem_retinopatia_diabetica,819,614,819x614,1.3338762214983713,PNG,RGB,360686,0.3439769744873047,5edeba32014074be217679da738ab4d1
a0445785e2f7.png,0,sem_retinopatia_diabetica,2048,1536,2048x1536,1.3333333333333333,PNG,RGB,1942442,1.852457046508789,30d148a65ed3445afd9ff575a7097998
a04fb36db784.png,2,retinopatia_diabetica_moderada,2416,1736,2416x1736,1.391705069124424,PNG,RGB,2341143,2.2326879501342773,24695be3548ee74e615e0190061b0f56
a06a63d866b2.png,0,sem_retinopatia_diabetica,1050,1050,1050x1050,1.0,PNG,RGB,767060,0.7315254211425781,6868e2aaff4ca4a8b7639e8acacdcf96
a06b353e7bed.png,0,sem_retinopatia_diabetica,2048,1536,2048x1536,1.3333333333333333,PNG,RGB,1880750,1.7936229705810547,a0bdb084561846eb3deaa35763065ae1
a06e41bd2634.png,2,retinopatia_diabetica_moderada,2416,1736,2416x1736,1.391705069124424,PNG,RGB,2415730,2.3038196563720703,5f7249c0887085107548a0a9ff748081
a06e5ac695ce.png,0,sem_retinopatia_diabetica,2048,1536,2048x1536,1.3333333333333333,PNG,RGB,1907896,1.8195114135742188,01a972cdc6e80eecbf28c428c3815172
a07d571bf7ba.png,0,sem_retinopatia_diabetica,819,614,819x614,1.3338762214983713,PNG,RGB,388176,0.3701934814453125,78cac87d65a7dd2b396e09cc86294e3c
a07d9a5045cb.png,0,sem_retinopatia_diabetica,1050,1050,1050x1050,1.0,PNG,RGB,996746,0.9505710601806641,acb90f25b3479a4ac1994e9cf67b5015
a07efb1ecfc0.png,0,sem_retinopatia_diabetica,2048,1536,2048x1536,1.3333333333333333,PNG,RGB,1971146,1.879831314086914,9042c8ae41d9c672f0ce65f869236bb7
a08a0133754a.png,0,sem_retinopatia_diabetica,1050,1050,1050x1050,1.0,PNG,RGB,951982,0.9078807830810547,3e3b307173b6490ea3ba60ef75f6a382
a0a0cd8af5a6.png,2,retinopatia_diabetica_moderada,1844,1226,1844x1226,1.504078303425775,PNG,RGB,779711,0.7435903549194336,e587ef3074166db62214949b4a017832
a0adbe677508.png,0,sem_retinopatia_diabetica,1050,1050,1050x1050,1.0,PNG,RGB,1006443,0.9598188400268555,c4a3643e0cb45cd2dc91f62e6fb33cd0
a0b7ad98df57.png,0,sem_retinopatia_diabetica,1050,1050,1050x1050,1.0,PNG,RGB,950189,0.9061708450317383,1ebdb4258557ff7fe09b7def71c94b12
a0cd7bffdaa0.png,4,retinopatia_diabetica_proliferativa,1050,1050,1050x1050,1.0,PNG,RGB,825962,0.7876987457275391,5346925ccbff2807398a5fc719e1a922
a0d04a19cf40.png,2,retinopatia_diabetica_moderada,3216,2136,3216x2136,1.5056179775280898,PNG,RGB,2730460,2.6039695739746094,769d3d954a8ddc595647434512991b3f
a0e635689259.png,0,sem_retinopatia_diabetica,819,614,819x614,1.3338762214983713,PNG,RGB,275807,0.2630300521850586,5eaabda746ae4eb9de2ea312612e4d77
a0fd94e2ad76.png,0,sem_retinopatia_diabetica,1050,1050,1050x1050,1.0,PNG,RGB,980811,0.9353742599487305,9a85613b9dc3b4e33d30d7d06e3785d7
a11bf2edd470.png,4,retinopatia_diabetica_proliferativa,2588,1958,2588x1958,1.3217568947906027,PNG,RGB,5668728,5.406120300292969,7aa3856c38c62d71b2e5c1d3bbeea8b7
a11c62cb3f86.png,0,sem_retinopatia_diabetica,2588,1958,2588x1958,1.3217568947906027,PNG,RGB,5497428,5.242755889892578,085efa05dabae788da27030ccf7dc71b
a125377fb985.png,2,retinopatia_diabetica_moderada,3216,2136,3216x2136,1.5056179775280898,PNG,RGB,2271863,2.1666173934936523,5c5b7132824bff7accd7aa548b4c0d86
a12ca80bb8c7.png,0,sem_retinopatia_diabetica,2048,1536,2048x1536,1.3333333333333333,PNG,RGB,1902893,1.8147401809692383,194e1e2fac8d04620634854014524648
a14bbd9a583e.png,3,retinopatia_diabetica_grave,2416,1736,2416x1736,1.391705069124424,PNG,RGB,2016931,1.9234952926635742,fa765a92e0d763a9e47af1635cd82f19
a14fcf84bfe1.png,3,retinopatia_diabetica_grave,3216,2136,3216x2136,1.5056179775280898,PNG,RGB,3387452,3.2305259704589844,e446c936b8d45684386db7267361d6cd
a150ff5dfe07.png,2,retinopatia_diabetica_moderada,3388,2588,3388x2588,1.3091190108191655,PNG,RGB,7574524,7.223628997802734,3a5a591a331271e706d3af3beff49ed0
a15470303941.png,2,retinopatia_diabetica_moderada,2416,1736,2416x1736,1.391705069124424,PNG,RGB,2254170,2.1497440338134766,599b66a5a5623a8e49a1db76071ef32a
a15590a7d774.png,2,retinopatia_diabetica_moderada,3388,2588,3388x2588,1.3091190108191655,PNG,RGB,7377108,7.035358428955078,951755f3a609c0d6ea606075e54dda1f
a15652b22ab8.png,2,retinopatia_diabetica_moderada,2416,1736,2416x1736,1.391705069124424,PNG,RGB,1888625,1.801133155822754,711902fa983501707939c072ff430530
a1822dd8d05d.png,0,sem_retinopatia_diabetica,1050,1050,1050x1050,1.0,PNG,RGB,914198,0.8718471527099609,aa4a948d04f06888cc66bd2f95105a14
a182b5b191de.png,4,retinopatia_diabetica_proliferativa,3216,2136,3216x2136,1.5056179775280898,PNG,RGB,2358342,2.2490901947021484,b5e8b730b5e66262e1258f8ef603f9a9
a1872f9c0cba.png,0,sem_retinopatia_diabetica,2048,1536,2048x1536,1.3333333333333333,PNG,RGB,1920850,1.8318653106689453,32b7144bc665656addd9a62c16c26a9e
a188c60b93fb.png,0,sem_retinopatia_diabetica,2588,1958,2588x1958,1.3217568947906027,PNG,RGB,5937607,5.662543296813965,5614c374e164160d1efb54fcb3a8717d
a19507501b40.png,2,retinopatia_diabetica_moderada,3216,2136,3216x2136,1.5056179775280898,PNG,RGB,5798238,5.529630661010742,acc1c260da1ea686568a6f2917921775
a19ecd0a706e.png,1,retinopatia_diabetica_leve,2416,1736,2416x1736,1.391705069124424,PNG,RGB,1878961,1.791916847229004,be6bf228f9816722893e4b684d867fd4
a1b12fdce6c3.png,2,retinopatia_diabetica_moderada,3216,2136,3216x2136,1.5056179775280898,PNG,RGB,5471204,5.217746734619141,b61e2db328e9cca61c40bebdcb147586
a1b28bcbce00.png,0,sem_retinopatia_diabetica,819,614,819x614,1.3338762214983713,PNG,RGB,329309,0.3140535354614258,399b2a5c1ba7e58e2be7aad806f3530e
a1e236fbc863.png,0,sem_retinopatia_diabetica,819,614,819x614,1.3338762214983713,PNG,RGB,339102,0.3233928680419922,4c9da6759f00a903a01d51c290f35281
a1eb88562239.png,0,sem_retinopatia_diabetica,1050,1050,1050x1050,1.0,PNG,RGB,828103,0.7897405624389648,201f388a2f0a0ab8ea6c0989421a5fe3
a1edf0e66592.png,0,sem_retinopatia_diabetica,1050,1050,1050x1050,1.0,PNG,RGB,1033372,0.9855003356933594,51815a73bd66e56333a5b2b1ec61737a
a1faeb4d5f10.png,0,sem_retinopatia_diabetica,1050,1050,1050x1050,1.0,PNG,RGB,1060103,1.0109930038452148,220a96bee052ca132e04d895f03e0458
a2163f0c2af5.png,0,sem_retinopatia_diabetica,1050,1050,1050x1050,1.0,PNG,RGB,944915,0.9011411666870117,71c7f99c3ce44c4d937c0ad14df357ef
a21b37719f9b.png,2,retinopatia_diabetica_moderada,2416,1736,2416x1736,1.391705069124424,PNG,RGB,2092461,1.9955263137817383,66ec51adea38aafc0e065760a4a949d6
a247961a5cd9.png,0,sem_retinopatia_diabetica,1050,1050,1050x1050,1.0,PNG,RGB,1105008,1.0538177490234375,513304a907b97fc50a277e691d2a6a5a
a2696f444ecb.png,1,retinopatia_diabetica_leve,2416,1736,2416x1736,1.391705069124424,PNG,RGB,2171252,2.070667266845703,08cd8e11be79ff0d9f8702be21513b99
a26f50218b84.png,0,sem_retinopatia_diabetica,819,614,819x614,1.3338762214983713,PNG,RGB,335147,0.31962108612060547,d2a20fadec91d38314697f2c58be08ee
a2811f512c1c.png,0,sem_retinopatia_diabetica,1050,1050,1050x1050,1.0,PNG,RGB,971433,0.9264307022094727,891a0f9b38b08ab3cad807d0fd62f7d2
a28bfb772f50.png,1,retinopatia_diabetica_leve,1844,1226,1844x1226,1.504078303425775,PNG,RGB,790032,0.7534332275390625,26b56003d90fb12eaa9bafd16671b5bf
a2ad3da4c7d6.png,2,retinopatia_diabetica_moderada,2416,1736,2416x1736,1.391705069124424,PNG,RGB,2007486,1.9144878387451172,a2ff5271b5c752cc222f731a10c8040c
a2b97d98f130.png,0,sem_retinopatia_diabetica,2588,1958,2588x1958,1.3217568947906027,PNG,RGB,5275064,5.030693054199219,18ec3a3467c9f848e5ee3693dea4effc
a2b995b81692.png,0,sem_retinopatia_diabetica,1050,1050,1050x1050,1.0,PNG,RGB,847824,0.8085479736328125,38522a8b6091c0b6758d4d50ef61d3da
a2d349f567a6.png,2,retinopatia_diabetica_moderada,1050,1050,1050x1050,1.0,PNG,RGB,935976,0.8926162719726562,ebdf35491fc2601c95e68b91b1408d11
a2ddabee14e9.png,4,retinopatia_diabetica_proliferativa,2416,1736,2416x1736,1.391705069124424,PNG,RGB,2123235,2.024874687194824,a38d6dcd47e3b374ed9491a962f1e961
a2dff8dbc9f8.png,0,sem_retinopatia_diabetica,2048,1536,2048x1536,1.3333333333333333,PNG,RGB,1907909,1.819523811340332,97cab2f0eb64a15b78f576079e75ed2a
a30a143a53a3.png,0,sem_retinopatia_diabetica,1050,1050,1050x1050,1.0,PNG,RGB,1067654,1.0181941986083984,d828dd39bb0738d4085b5c08cc6c3422
a3132c8828e4.png,0,sem_retinopatia_diabetica,2048,1536,2048x1536,1.3333333333333333,PNG,RGB,1919209,1.8303003311157227,13db7fe3616c2fd67e32681cab003f24
a32886cb31ab.png,1,retinopatia_diabetica_leve,2416,1736,2416x1736,1.391705069124424,PNG,RGB,2224110,2.1210765838623047,13f4661fe2fe62e472761286b5643a94
a32b5ce3d48a.png,4,retinopatia_diabetica_proliferativa,2416,1736,2416x1736,1.391705069124424,PNG,RGB,2004515,1.9116544723510742,6d5ebdf8dbce738c38fa8c5d6498e685
a3475dc3ac80.png,2,retinopatia_diabetica_moderada,2416,1736,2416x1736,1.391705069124424,PNG,RGB,2306522,2.1996707916259766,529dd5cfc9af1ee0c708cc142c5dcdfc
a34fc5376669.png,0,sem_retinopatia_diabetica,1050,1050,1050x1050,1.0,PNG,RGB,936599,0.8932104110717773,eddcb5976547928713ca0e7d4761d699
a3706ce27869.png,2,retinopatia_diabetica_moderada,1050,1050,1050x1050,1.0,PNG,RGB,1042119,0.9938421249389648,5e90fe53ba4eeaa9bdbe1783d4200256
a3802934bad7.png,2,retinopatia_diabetica_moderada,640,480,640x480,1.3333333333333333,PNG,RGB,350361,0.33413028717041016,aca34e1110d46e0fb9009999d0c7ccbb
a384e688e228.png,0,sem_retinopatia_diabetica,1050,1050,1050x1050,1.0,PNG,RGB,956374,0.9120693206787109,c29b84dc13182b351e10c04adc5727e4
a386ec9aabde.png,2,retinopatia_diabetica_moderada,2416,1736,2416x1736,1.391705069124424,PNG,RGB,2010194,1.9170703887939453,235e4aa59907338464ee4d64142c8129
a3957df90a78.png,2,retinopatia_diabetica_moderada,3216,2136,3216x2136,1.5056179775280898,PNG,RGB,2729938,2.6034717559814453,4ca7af5276bb1017f3ddfa72d24d46f0
a3ad6c2db6f1.png,1,retinopatia_diabetica_leve,2416,1736,2416x1736,1.391705069124424,PNG,RGB,2113640,2.0157241821289062,7481cbfdec8506b4e095430a006f7609
a3b2e93d058b.png,2,retinopatia_diabetica_moderada,2144,1424,2144x1424,1.5056179775280898,PNG,RGB,2781409,2.6525583267211914,41c7dd89e5657c1808c2aa87ee3310cd
a3bd2e034614.png,0,sem_retinopatia_diabetica,2588,1958,2588x1958,1.3217568947906027,PNG,RGB,1646367,1.5700979232788086,19bc526acca4b7cb5f929abe84c22887
a3d2a0c4cd17.png,1,retinopatia_diabetica_leve,2416,1736,2416x1736,1.391705069124424,PNG,RGB,2405276,2.2938499450683594,f8bec8cd970d0d62b66ac9a1c3fa0899
a3fcf42ff56d.png,4,retinopatia_diabetica_proliferativa,3388,2588,3388x2588,1.3091190108191655,PNG,RGB,7019581,6.694394111633301,24ec307e7d055b2c24559a681b48bb46
a4012932e18d.png,0,sem_retinopatia_diabetica,2416,1736,2416x1736,1.391705069124424,PNG,RGB,2538220,2.420635223388672,46c634487f3586097900e0fbb564a63c
a419fcb2dfb5.png,0,sem_retinopatia_diabetica,819,614,819x614,1.3338762214983713,PNG,RGB,290555,0.27709484100341797,9ed6f1f102e0b6e641aeb372b9118ded
a4359815f152.png,2,retinopatia_diabetica_moderada,2588,1958,2588x1958,1.3217568947906027,PNG,RGB,5299957,5.0544328689575195,2478829b2e72f64ab36498b91eb7569a
a44345b27804.png,0,sem_retinopatia_diabetica,1050,1050,1050x1050,1.0,PNG,RGB,919283,0.8766965866088867,919882f5d9410d4b415c5ef5b1d387b7
a443c4fd489c.png,1,retinopatia_diabetica_leve,1050,1050,1050x1050,1.0,PNG,RGB,948707,0.9047574996948242,3ee8d21ecc60ff8564fbaaef88cc16c1
a45c30da0c72.png,0,sem_retinopatia_diabetica,819,614,819x614,1.3338762214983713,PNG,RGB,349676,0.3334770202636719,3821fe0804eb44020fb0d5d60ded607e
a45d77edf8d9.png,2,retinopatia_diabetica_moderada,3388,2588,3388x2588,1.3091190108191655,PNG,RGB,7358123,7.0172529220581055,4690eebc00ca6c6f33bbe7e98fbe9afc
a47432cd41e7.png,1,retinopatia_diabetica_leve,2416,1736,2416x1736,1.391705069124424,PNG,RGB,1714449,1.635025978088379,fcfda099faac74a2ee724032d1566d7f
a476fd984005.png,2,retinopatia_diabetica_moderada,3388,2588,3388x2588,1.3091190108191655,PNG,RGB,3708569,3.53676700592041,df8f0a3720d51467856cbb0956b0e0fc
a47878630dc2.png,2,retinopatia_diabetica_moderada,2588,1958,2588x1958,1.3217568947906027,PNG,RGB,5023761,4.791031837463379,ede2b63bc44579c79a7153f40595db1f
a484bdf85b4c.png,0,sem_retinopatia_diabetica,1050,1050,1050x1050,1.0,PNG,RGB,979244,0.9338798522949219,6f947536f5ea6b7f462a507b2113b91c
a49b0b4484ea.png,2,retinopatia_diabetica_moderada,2588,1958,2588x1958,1.3217568947906027,PNG,RGB,5199182,4.95832633972168,ba41b05357dcb4be5717ac2bc9c0504a
a4b8de38eac1.png,3,retinopatia_diabetica_grave,2896,1944,2896x1944,1.4897119341563787,PNG,RGB,2103843,2.006381034851074,b10eef4c4b20476040f7abffe779a87e
a4d41c495666.png,2,retinopatia_diabetica_moderada,2588,1958,2588x1958,1.3217568947906027,PNG,RGB,5330360,5.083427429199219,c9c34568fac2f4aea05774b7f1b27956
a4d4b69f7404.png,3,retinopatia_diabetica_grave,2416,1736,2416x1736,1.391705069124424,PNG,RGB,2324617,2.2169275283813477,ee425c6e007519d2364f651654aae301
a4ee03ecff60.png,0,sem_retinopatia_diabetica,1050,1050,1050x1050,1.0,PNG,RGB,981836,0.9363517761230469,e9b8976c14907fe3b0f07d2052c7e7ef
a505981d1cab.png,2,retinopatia_diabetica_moderada,2144,1424,2144x1424,1.5056179775280898,PNG,RGB,2596370,2.4760913848876953,2a1eb3b532c97ebd35b34812ed2bbffc
a528be013a04.png,0,sem_retinopatia_diabetica,1050,1050,1050x1050,1.0,PNG,RGB,1030235,0.982508659362793,4c695cffa82de4c1d4be77a77e5e7264
a53d6d2472a6.png,0,sem_retinopatia_diabetica,1050,1050,1050x1050,1.0,PNG,RGB,1090056,1.0395584106445312,da4134e952253726d2a923468b6e7f34
a56230242a95.png,2,retinopatia_diabetica_moderada,1504,1000,1504x1000,1.504,PNG,RGB,1272159,1.2132253646850586,20ace75a463236852918e4455195a6e0
a56729de89e9.png,2,retinopatia_diabetica_moderada,1050,1050,1050x1050,1.0,PNG,RGB,921306,0.8786258697509766,cf4cb4d44863ae308d4c74b079b13c0a
a5a2a7003d60.png,1,retinopatia_diabetica_leve,2416,1736,2416x1736,1.391705069124424,PNG,RGB,2431219,2.3185911178588867,1b9fe8efacffb1bb96efe17f9ea42f99
a5bb85afc6e8.png,0,sem_retinopatia_diabetica,1050,1050,1050x1050,1.0,PNG,RGB,1044879,0.9964742660522461,c26e5de1f66596117bd93f59e26d6fd7
a5c9a8c726b2.png,4,retinopatia_diabetica_proliferativa,1050,1050,1050x1050,1.0,PNG,RGB,1028584,0.9809341430664062,67e96a74984cf42db96ac6a476415162
a61723fc38c2.png,0,sem_retinopatia_diabetica,1050,1050,1050x1050,1.0,PNG,RGB,1039923,0.9917478561401367,5aae3bd77a050b2ddbb9a21aeafb8e68
a627eb8c08c5.png,0,sem_retinopatia_diabetica,819,614,819x614,1.3338762214983713,PNG,RGB,314392,0.29982757568359375,45bbdc6b98010112f187e4e241776323
a62e995f167c.png,0,sem_retinopatia_diabetica,2048,1536,2048x1536,1.3333333333333333,PNG,RGB,1674244,1.5966835021972656,2923d6814fc02664b5efd98ac7b2452e
a62ea0043aa7.png,2,retinopatia_diabetica_moderada,2416,1736,2416x1736,1.391705069124424,PNG,RGB,2265244,2.1603050231933594,8d813e43dc9ce4a30aadebbada737551
a6356a3c5d11.png,0,sem_retinopatia_diabetica,2588,1958,2588x1958,1.3217568947906027,PNG,RGB,5501114,5.246271133422852,072cff548ada4a558b6bdd1d6155de04
a64273801bde.png,2,retinopatia_diabetica_moderada,2588,1958,2588x1958,1.3217568947906027,PNG,RGB,5599950,5.34052848815918,00e973bf2afe952a2d281edba2411b71
a646c084928c.png,0,sem_retinopatia_diabetica,1050,1050,1050x1050,1.0,PNG,RGB,889961,0.8487329483032227,31965ba0980d07727a0ad74c6c4ce625
a654b25124c3.png,0,sem_retinopatia_diabetica,1050,1050,1050x1050,1.0,PNG,RGB,1004264,0.9577407836914062,d044e54e66bb21c7ed392f6f6434dfad
a664d2055886.png,2,retinopatia_diabetica_moderada,2416,1736,2416x1736,1.391705069124424,PNG,RGB,2423825,2.311539649963379,b380a009ac4396711e5de7d180422849
a66c3165876f.png,2,retinopatia_diabetica_moderada,2416,1736,2416x1736,1.391705069124424,PNG,RGB,2019004,1.9254722595214844,d8a98689b508ba7f548ea487c5779302
a673193cd5a9.png,0,sem_retinopatia_diabetica,1050,1050,1050x1050,1.0,PNG,RGB,1012711,0.9657964706420898,dcdf286761041c5402e057d101b5997a
a6731dd737af.png,0,sem_retinopatia_diabetica,1050,1050,1050x1050,1.0,PNG,RGB,1086901,1.0365495681762695,ccf7243dacd74d625a515f96d47f3adb
a688f20f8895.png,2,retinopatia_diabetica_moderada,3216,2136,3216x2136,1.5056179775280898,PNG,RGB,2098123,2.0009260177612305,9862d53cdeeae8b60cb114811b648ed9
a6b6d27c1b32.png,0,sem_retinopatia_diabetica,2048,1536,2048x1536,1.3333333333333333,PNG,RGB,1919284,1.8303718566894531,76514040dcbbe9afa2e2d1f5ce7610c9
a6c9e96a10d7.png,2,retinopatia_diabetica_moderada,640,480,640x480,1.3333333333333333,PNG,RGB,323052,0.3080863952636719,c0c7f13fef9a0c2fba9f0672922331b2
a6d45de20e4d.png,4,retinopatia_diabetica_proliferativa,3216,2136,3216x2136,1.5056179775280898,PNG,RGB,3057914,2.9162540435791016,8bbc3adf64e8b09e573a8ad562b3c5f8
a70d0f12a641.png,0,sem_retinopatia_diabetica,1050,1050,1050x1050,1.0,PNG,RGB,1097509,1.046666145324707,c6574b4d8c744491fb8e7aec3d98baca
a721efb1e049.png,2,retinopatia_diabetica_moderada,3216,2136,3216x2136,1.5056179775280898,PNG,RGB,2897626,2.7633914947509766,cf3c1c6ed1ff997f80d10c0c7ac92c37
a73c3d516c59.png,0,sem_retinopatia_diabetica,819,614,819x614,1.3338762214983713,PNG,RGB,353463,0.33708858489990234,b9d7a26a4693f638551dafc227ecf018
a73d012c4c38.png,0,sem_retinopatia_diabetica,1050,1050,1050x1050,1.0,PNG,RGB,1032159,0.9843435287475586,8656c5d6dd775a6aa3e1060c318652af
a75bab2463d4.png,1,retinopatia_diabetica_leve,2416,1736,2416x1736,1.391705069124424,PNG,RGB,2343764,2.235187530517578,6b82af09990c57a676fc03856e4b3400
a76132e79688.png,0,sem_retinopatia_diabetica,1050,1050,1050x1050,1.0,PNG,RGB,1012172,0.9652824401855469,ab7148223018f2285297fe42e9648e24
a763661f98a5.png,3,retinopatia_diabetica_grave,3216,2136,3216x2136,1.5056179775280898,PNG,RGB,2902192,2.7677459716796875,71c3e0e7dbb471d5707d223a06bea15e
a7673ac44509.png,0,sem_retinopatia_diabetica,2588,1958,2588x1958,1.3217568947906027,PNG,RGB,5216083,4.974444389343262,7f61b9db04b8317acd076b4001580911
a76b69e443ce.png,4,retinopatia_diabetica_proliferativa,2588,1958,2588x1958,1.3217568947906027,PNG,RGB,5041632,4.808074951171875,84966f9b4cc97c4c26d8aa970356fe0d
a77dbec966d4.png,1,retinopatia_diabetica_leve,2588,1958,2588x1958,1.3217568947906027,PNG,RGB,4492810,4.284677505493164,fd8b3a945eae1631c05f0a112d0960c4
a77eb914b383.png,0,sem_retinopatia_diabetica,819,614,819x614,1.3338762214983713,PNG,RGB,451125,0.43022632598876953,30a2c9878fcfaf0cf95fb18ecfce3957
a790a3b36390.png,2,retinopatia_diabetica_moderada,2416,1736,2416x1736,1.391705069124424,PNG,RGB,2218453,2.1156816482543945,956dc1e9d7f15ada09fbbe8e580488e2
a7b03e58a6e1.png,0,sem_retinopatia_diabetica,1050,1050,1050x1050,1.0,PNG,RGB,1076995,1.0271024703979492,16f4b97a76e32802a5ff2eff7ea22654
a7b0d0c51731.png,2,retinopatia_diabetica_moderada,1504,1000,1504x1000,1.504,PNG,RGB,1306382,1.2458629608154297,700273276919a1b23331825d9b4e6108
a7b7dc8788b9.png,2,retinopatia_diabetica_moderada,3216,2136,3216x2136,1.5056179775280898,PNG,RGB,2901583,2.767165184020996,f2af48dca8f5541564089bac16c5b984
a7c10ca6c117.png,0,sem_retinopatia_diabetica,1050,1050,1050x1050,1.0,PNG,RGB,1011989,0.9651079177856445,a7053e09ee2ea68f9b96d4d9d9912ebc
a7ec056502e7.png,1,retinopatia_diabetica_leve,4288,2848,4288x2848,1.5056179775280898,PNG,RGB,5249740,5.006542205810547,a525167e627330319c85bee52988ce31
a804cef3e51f.png,2,retinopatia_diabetica_moderada,3216,2136,3216x2136,1.5056179775280898,PNG,RGB,2656395,2.5333356857299805,ed87d208fb86e6fb54d7ea3b9ccee057
a80dab8eddf4.png,3,retinopatia_diabetica_grave,2416,1736,2416x1736,1.391705069124424,PNG,RGB,2401258,2.290018081665039,645acb0155de1527d196598949e436d3
a81b06f50612.png,4,retinopatia_diabetica_proliferativa,4288,2848,4288x2848,1.5056179775280898,PNG,RGB,4687860,4.470691680908203,85639d52a566bb5a1a068caa25a1d728
a821b6ecef33.png,0,sem_retinopatia_diabetica,819,614,819x614,1.3338762214983713,PNG,RGB,319828,0.3050117492675781,f120e7d45439708391735fe088ed0f60
a8263d248523.png,0,sem_retinopatia_diabetica,2588,1958,2588x1958,1.3217568947906027,PNG,RGB,5261097,5.017373085021973,d07513b85f8765649aa40e592a4615f7
a82a12ad3fb1.png,0,sem_retinopatia_diabetica,819,614,819x614,1.3338762214983713,PNG,RGB,312651,0.29816722869873047,ab88c8260eb730efc17b2f319e8eee05
a8582e346df0.png,1,retinopatia_diabetica_leve,2416,1736,2416x1736,1.391705069124424,PNG,RGB,1758561,1.6770944595336914,7466afedd7c8d829f842228478bc65ee
a85cda5f725d.png,0,sem_retinopatia_diabetica,1050,1050,1050x1050,1.0,PNG,RGB,779096,0.7430038452148438,d22fa74c0d9d146bf1542bc02f558b1b
a86128b601a7.png,0,sem_retinopatia_diabetica,1050,1050,1050x1050,1.0,PNG,RGB,1010010,0.9632205963134766,0fbf22a955219c57a5a9f6ba961a08d3
a8652b2de23f.png,2,retinopatia_diabetica_moderada,2416,1736,2416x1736,1.391705069124424,PNG,RGB,1870329,1.7836847305297852,d3cab8fe54bfac6fa1a7e1b88a35c83e
a86c6283fd78.png,2,retinopatia_diabetica_moderada,2416,1736,2416x1736,1.391705069124424,PNG,RGB,1769424,1.6874542236328125,0f708fb4550d8909c28c6e38897c9dff
a879c3569552.png,2,retinopatia_diabetica_moderada,3216,2136,3216x2136,1.5056179775280898,PNG,RGB,3365016,3.2091293334960938,4453d8fea8986e2092ac0165809bf1e9
a87f53bc984a.png,2,retinopatia_diabetica_moderada,3216,2136,3216x2136,1.5056179775280898,PNG,RGB,2759911,2.63205623626709,e54ccae625dc7eb98dc1587b06ccc7c9
a88365134c3c.png,0,sem_retinopatia_diabetica,1050,1050,1050x1050,1.0,PNG,RGB,1045877,0.9974260330200195,90bd96de1a7fb8200f6a380f5a9a1eb1
a8854768549f.png,0,sem_retinopatia_diabetica,2048,1536,2048x1536,1.3333333333333333,PNG,RGB,1931320,1.8418502807617188,fd61c343a550e10e92172d4221cd3fa9
a88f68b0b114.png,2,retinopatia_diabetica_moderada,3388,2588,3388x2588,1.3091190108191655,PNG,RGB,7071364,6.743778228759766,a80b7d8de06e9d1f3567549f817d8f0d
a8a6588c8eb7.png,0,sem_retinopatia_diabetica,2048,1536,2048x1536,1.3333333333333333,PNG,RGB,1927612,1.8383140563964844,d386ad11ba2889254358d11c45fdb1d8
a8aed92940fb.png,0,sem_retinopatia_diabetica,819,614,819x614,1.3338762214983713,PNG,RGB,272607,0.2599782943725586,5dd968252c260c7822d6a387d564c64f
a8b3c0961d42.png,0,sem_retinopatia_diabetica,819,614,819x614,1.3338762214983713,PNG,RGB,355398,0.33893394470214844,ce82f4aeaf10487bf37dee6ae470feaf
a8b637abd96b.png,0,sem_retinopatia_diabetica,2416,1736,2416x1736,1.391705069124424,PNG,RGB,2233799,2.130316734313965,6c6d0a03f7ddbc2958802f8de44d34c2
a8c54e2a4b79.png,1,retinopatia_diabetica_leve,3216,2136,3216x2136,1.5056179775280898,PNG,RGB,2687181,2.5626955032348633,170cfbfcd857032e43a4c0d5e1efb21d
a8c950a99107.png,1,retinopatia_diabetica_leve,2416,1736,2416x1736,1.391705069124424,PNG,RGB,2414681,2.30281925201416,b8f083c9c9454094a7870211bfb6fae0
a8c9fcdbc0be.png,0,sem_retinopatia_diabetica,2588,1958,2588x1958,1.3217568947906027,PNG,RGB,5305859,5.060061454772949,b8d38a7634f0a3a48b7bcde9cdf2c16f
a8dea22ef903.png,0,sem_retinopatia_diabetica,1050,1050,1050x1050,1.0,PNG,RGB,1067009,1.0175790786743164,fbe9804eef55ac57c00b851ea38dbc5a
a8e08e7fe016.png,2,retinopatia_diabetica_moderada,2416,1736,2416x1736,1.391705069124424,PNG,RGB,2462728,2.3486404418945312,4b8d39c5bdab7f3e9a1a51d91e714a18
a8e88d4891c4.png,3,retinopatia_diabetica_grave,1504,1000,1504x1000,1.504,PNG,RGB,1344209,1.281937599182129,b7efca477da20c2db8ffd7a9a2867f2f
a8eb35b3bcd2.png,2,retinopatia_diabetica_moderada,2416,1736,2416x1736,1.391705069124424,PNG,RGB,2324365,2.2166872024536133,10eb063d684e8743fee1b5b978b4c2f5
a93f1ea3ff4a.png,2,retinopatia_diabetica_moderada,3216,2136,3216x2136,1.5056179775280898,PNG,RGB,2971801,2.83413028717041,ce3a5ae7cf46125dc97a4857ae588e1a
a94da3d3b5c0.png,0,sem_retinopatia_diabetica,2048,1536,2048x1536,1.3333333333333333,PNG,RGB,1967950,1.8767833709716797,326e366c4c22e4ad4314a6aad541e648
a95858e052d6.png,1,retinopatia_diabetica_leve,3216,2136,3216x2136,1.5056179775280898,PNG,RGB,2292947,2.1867246627807617,d5bb5401fd6df35d4ea9c4e35dc7e00f
a95d9d61ddd4.png,0,sem_retinopatia_diabetica,1050,1050,1050x1050,1.0,PNG,RGB,1059291,1.010218620300293,399a4e1c4aeed55208dad2f8ba4d20f4
a963ac561580.png,0,sem_retinopatia_diabetica,1050,1050,1050x1050,1.0,PNG,RGB,1007824,0.9611358642578125,e846a5123a0a6c3de8cbab1c760462ff
a96ff96bbae5.png,0,sem_retinopatia_diabetica,1050,1050,1050x1050,1.0,PNG,RGB,953888,0.909698486328125,a5e9ad191a2a1dfb3e5c8f842b2d31a2
a987aa7aac37.png,0,sem_retinopatia_diabetica,1050,1050,1050x1050,1.0,PNG,RGB,981844,0.9363594055175781,dc62d64c2ae0daaa9b7007847496f72f
a9a28c37c8c4.png,2,retinopatia_diabetica_moderada,3216,2136,3216x2136,1.5056179775280898,PNG,RGB,2921992,2.7866287231445312,8d74f63dedd51a0e6a64080ad8e1d38a
a9a3225cf4b5.png,0,sem_retinopatia_diabetica,1050,1050,1050x1050,1.0,PNG,RGB,988593,0.9427957534790039,ddfba25e3ed557a32f3ff1d7e76370d9
a9b3177f01c0.png,0,sem_retinopatia_diabetica,819,614,819x614,1.3338762214983713,PNG,RGB,286529,0.2732553482055664,f5b76fb5ae3dd9060b2fdc75c257a102
a9bc2f892cb3.png,0,sem_retinopatia_diabetica,819,614,819x614,1.3338762214983713,PNG,RGB,378410,0.36087989807128906,dae2e8f6a205ddfb67195c00b21617e2
a9c7b83caf81.png,2,retinopatia_diabetica_moderada,2588,1958,2588x1958,1.3217568947906027,PNG,RGB,3736758,3.563650131225586,c3792078ff77096f22e70ce9e7771746
a9d0c900b6a9.png,2,retinopatia_diabetica_moderada,2588,1958,2588x1958,1.3217568947906027,PNG,RGB,5217242,4.975549697875977,ed86d0040ce56488b157705895c173ac
a9dc80cba9a4.png,0,sem_retinopatia_diabetica,2588,1958,2588x1958,1.3217568947906027,PNG,RGB,5136666,4.898706436157227,462449908b5ce523695ef9152be76f98
a9e3d186cd1b.png,0,sem_retinopatia_diabetica,819,614,819x614,1.3338762214983713,PNG,RGB,321461,0.30656909942626953,99fb0e38e485a76b81d80c955e3f7fce
a9e984b57556.png,3,retinopatia_diabetica_grave,1504,1000,1504x1000,1.504,PNG,RGB,1366673,1.303360939025879,d4fde9f76b4e7cc88059684cf9dc0ed2
aa0afc41ed19.png,2,retinopatia_diabetica_moderada,2416,1736,2416x1736,1.391705069124424,PNG,RGB,2122350,2.0240306854248047,c8ee56249cf2960513b13dc5cfad878d
aa10a4b2e709.png,0,sem_retinopatia_diabetica,1050,1050,1050x1050,1.0,PNG,RGB,1065845,1.0164690017700195,5a6d2ef288ceca6932b3ff1b329008c5
aa31bc6b8f4d.png,2,retinopatia_diabetica_moderada,3216,2136,3216x2136,1.5056179775280898,PNG,RGB,2562581,2.4438676834106445,3cc5d4b2019da888cf2c4871ed8886ed
aa4407aab872.png,0,sem_retinopatia_diabetica,1050,1050,1050x1050,1.0,PNG,RGB,1051986,1.0032520294189453,ad0508f78907e33d7ede9b017f71dbb6
aa5ce75edcf5.png,2,retinopatia_diabetica_moderada,2416,1736,2416x1736,1.391705069124424,PNG,RGB,2432497,2.319809913635254,3ff0b7f0b6bd1e68bb194e58170ab513
aa60813e1a8d.png,0,sem_retinopatia_diabetica,2588,1958,2588x1958,1.3217568947906027,PNG,RGB,5451550,5.199003219604492,6347765381af5666030b6e881328a14e
aa6242f9e08c.png,0,sem_retinopatia_diabetica,2048,1536,2048x1536,1.3333333333333333,PNG,RGB,1859988,1.7738227844238281,8477ba5d1a01706dc1d04f8227b273b5
aa6673241154.png,4,retinopatia_diabetica_proliferativa,2416,1736,2416x1736,1.391705069124424,PNG,RGB,2155280,2.0554351806640625,077432c187d0c5987567204dab14f4f8
aa841de1ee82.png,2,retinopatia_diabetica_moderada,2588,1958,2588x1958,1.3217568947906027,PNG,RGB,5585250,5.326509475708008,a0d9e3d16997e091991ee8e5d58655eb
aa8a1e814811.png,0,sem_retinopatia_diabetica,1050,1050,1050x1050,1.0,PNG,RGB,960550,0.9160518646240234,36a39962f6f54d38a6f1f217d2510c73
aa94cc4bfd84.png,0,sem_retinopatia_diabetica,1050,1050,1050x1050,1.0,PNG,RGB,966128,0.9213714599609375,43ea326d1158df7f7dfafe277aa968a8
aa9b8f05f4bf.png,2,retinopatia_diabetica_moderada,2416,1736,2416x1736,1.391705069124424,PNG,RGB,2008510,1.9154644012451172,e8019ffc3523bff07cb3b8a3b5d4c37d
aa9cfe639ef1.png,2,retinopatia_diabetica_moderada,3388,2588,3388x2588,1.3091190108191655,PNG,RGB,4523231,4.313689231872559,05eb15784d0fa219fc78474302873dd0
aaaadb174012.png,0,sem_retinopatia_diabetica,1050,1050,1050x1050,1.0,PNG,RGB,965962,0.9212131500244141,5b0796e2b0432b65e9c12b1c9cd591dc
aabd867043cf.png,0,sem_retinopatia_diabetica,1050,1050,1050x1050,1.0,PNG,RGB,930469,0.887364387512207,379759495eccdf87b7dffd431bdb04f8
aad0c0ee9268.png,2,retinopatia_diabetica_moderada,1050,1050,1050x1050,1.0,PNG,RGB,1057038,1.0080699920654297,9132ed2e577b2a6d8c4fef78b84689cb
aae8f9f3ef8c.png,3,retinopatia_diabetica_grave,3216,2136,3216x2136,1.5056179775280898,PNG,RGB,2700780,2.575664520263672,103204ee1aa38d1ead4c4fd3780c74e8
aafb0c944f14.png,0,sem_retinopatia_diabetica,1050,1050,1050x1050,1.0,PNG,RGB,1070596,1.0209999084472656,28a838dc5a05d45e82b9a2f10d7c882c
aafe980edd0c.png,0,sem_retinopatia_diabetica,1050,1050,1050x1050,1.0,PNG,RGB,1058652,1.0096092224121094,3a71c9c016a1d9f44918a7c33ed0197d
ab03d50bba2f.png,0,sem_retinopatia_diabetica,2048,1536,2048x1536,1.3333333333333333,PNG,RGB,1655963,1.579249382019043,1c20165f8bd94661fce6266003dd50e0
ab1c20a94f3f.png,4,retinopatia_diabetica_proliferativa,1050,1050,1050x1050,1.0,PNG,RGB,949236,0.9052619934082031,708c323e81cb6abc201e1249ab4c36ff
ab32db41c409.png,0,sem_retinopatia_diabetica,2588,1958,2588x1958,1.3217568947906027,PNG,RGB,5724175,5.458998680114746,136128fc43c031cf6e1b989af0d9a049
ab3c505b624f.png,0,sem_retinopatia_diabetica,819,614,819x614,1.3338762214983713,PNG,RGB,289282,0.2758808135986328,997ac61b1111222f6bb5911bbf8134db
ab50123abadb.png,2,retinopatia_diabetica_moderada,1504,1000,1504x1000,1.504,PNG,RGB,1325770,1.264352798461914,374fb66d60f97af7ff2c679f81063fbb
ab653b8554c0.png,0,sem_retinopatia_diabetica,1050,1050,1050x1050,1.0,PNG,RGB,976209,0.9309854507446289,82f56a1d71132b2e578440fb83c57234
ab686895533e.png,0,sem_retinopatia_diabetica,1050,1050,1050x1050,1.0,PNG,RGB,1066799,1.017378807067871,a97d0bcfe7e0f1c4b09e7d21ecb2f214
ab724603ee93.png,0,sem_retinopatia_diabetica,2048,1536,2048x1536,1.3333333333333333,PNG,RGB,2002226,1.9094715118408203,15b46b54d94e6521c0dc3eb952bd444c
ab78a66dee6a.png,0,sem_retinopatia_diabetica,1050,1050,1050x1050,1.0,PNG,RGB,933699,0.8904447555541992,358ee8dbb27c8f9407f8fe92b2dc5b71
ab7991df166b.png,0,sem_retinopatia_diabetica,819,614,819x614,1.3338762214983713,PNG,RGB,349067,0.33289623260498047,110f96d0ef924adb57a27236b38170ce
ab88081e5654.png,0,sem_retinopatia_diabetica,2048,1536,2048x1536,1.3333333333333333,PNG,RGB,1652841,1.5762720108032227,ccd9c011f4a04a4a1beb008a87896403
aba3063c5413.png,3,retinopatia_diabetica_grave,2416,1736,2416x1736,1.391705069124424,PNG,RGB,2070006,1.974111557006836,1fcc40936f6a1220f03281af434502db
ababe19ed448.png,1,retinopatia_diabetica_leve,2588,1958,2588x1958,1.3217568947906027,PNG,RGB,4604660,4.391345977783203,740b4b709c71e37ab547921c308b6407
abbb8791785e.png,0,sem_retinopatia_diabetica,1050,1050,1050x1050,1.0,PNG,RGB,1028723,0.9810667037963867,84c48077faba369dbc11c740fd4e33b6
abdb365cacbc.png,1,retinopatia_diabetica_leve,2416,1736,2416x1736,1.391705069124424,PNG,RGB,1957537,1.8668527603149414,61d4261984ef9ef07647ef4b35bba61b
abe940882578.png,0,sem_retinopatia_diabetica,1050,1050,1050x1050,1.0,PNG,RGB,917276,0.8747825622558594,2f99f90525401b90841e0e189c3ad5a6
abf09c44d5f4.png,2,retinopatia_diabetica_moderada,3216,2136,3216x2136,1.5056179775280898,PNG,RGB,3146735,3.000960350036621,ecfdb68ebc72697f618b3fe0c463940b
abf0f56c6f12.png,2,retinopatia_diabetica_moderada,3216,2136,3216x2136,1.5056179775280898,PNG,RGB,2033581,1.9393739700317383,7cd8b87e27097d46a8a5cdcb73834006
ac0a48ccbf70.png,0,sem_retinopatia_diabetica,819,614,819x614,1.3338762214983713,PNG,RGB,360955,0.34423351287841797,2f0e9e7d490359152b65aa0dd0d784bd
ac1667fac512.png,0,sem_retinopatia_diabetica,1050,1050,1050x1050,1.0,PNG,RGB,931952,0.8887786865234375,75724b6d2aa67b6fe9a1678c996afb69
ac17cc18a994.png,0,sem_retinopatia_diabetica,1050,1050,1050x1050,1.0,PNG,RGB,959343,0.9149007797241211,29bd0ee28dc87f49aa4ec8f81f342be2
ac2c814949f9.png,2,retinopatia_diabetica_moderada,3216,2136,3216x2136,1.5056179775280898,PNG,RGB,2649198,2.5264720916748047,a43170958dd1847682aea0859e0cd3e2
ac5b5dddf91b.png,2,retinopatia_diabetica_moderada,2416,1736,2416x1736,1.391705069124424,PNG,RGB,2135497,2.0365686416625977,7e56375c84abf00da097b0707d17f638
ac720570dd0f.png,2,retinopatia_diabetica_moderada,2588,1958,2588x1958,1.3217568947906027,PNG,RGB,5028531,4.795580863952637,3f73944a150d9209fddbae3ad7c47e8f
ac81fc200162.png,0,sem_retinopatia_diabetica,2588,1958,2588x1958,1.3217568947906027,PNG,RGB,5374330,5.125360488891602,a59354a2b59f4a0c3208d101d857f77c
aca88f566228.png,2,retinopatia_diabetica_moderada,3216,2136,3216x2136,1.5056179775280898,PNG,RGB,5656638,5.394590377807617,3b0291e1bd8aee40226b1808c916eb8a
acc9f29538c4.png,2,retinopatia_diabetica_moderada,3216,2136,3216x2136,1.5056179775280898,PNG,RGB,2754629,2.627018928527832,50e3984d6a5342deae627833d5cf18a8
ace2281f00c4.png,0,sem_retinopatia_diabetica,2048,1536,2048x1536,1.3333333333333333,PNG,RGB,1940176,1.8502960205078125,780e775a4f6c48a09cb672c7f2bc74e7
ace287a5c991.png,0,sem_retinopatia_diabetica,819,614,819x614,1.3338762214983713,PNG,RGB,423253,0.40364551544189453,beac5bee39285d12a6a69c3f192b04a1
acf976efd7ce.png,0,sem_retinopatia_diabetica,1050,1050,1050x1050,1.0,PNG,RGB,1031364,0.9835853576660156,60819d27f69c29c06494e375bfb8a932
ad029ba7fa8b.png,0,sem_retinopatia_diabetica,819,614,819x614,1.3338762214983713,PNG,RGB,287608,0.27428436279296875,126d23a5137e8f9d363309e1260b252d
ad12cde115ab.png,0,sem_retinopatia_diabetica,2048,1536,2048x1536,1.3333333333333333,PNG,RGB,1982788,1.8909339904785156,41805c7c51a54e19f022a04ebdd54d7f
ad1aa75d5630.png,0,sem_retinopatia_diabetica,2048,1536,2048x1536,1.3333333333333333,PNG,RGB,1912138,1.823556900024414,0735b7859f70404d21e3f4f21ad38d0d
ad1f7445b1a8.png,1,retinopatia_diabetica_leve,2416,1736,2416x1736,1.391705069124424,PNG,RGB,2431198,2.318571090698242,7f82c37bab4fa22328629427bd4917d9
ad20080452de.png,0,sem_retinopatia_diabetica,1050,1050,1050x1050,1.0,PNG,RGB,891007,0.8497304916381836,5eb354c799cc2fcee852ee72a76e2d7d
ad2f0b9d059c.png,3,retinopatia_diabetica_grave,640,480,640x480,1.3333333333333333,PNG,RGB,343427,0.3275175094604492,b02fdefda9d59112df112070e2f87f14
ad312ca98202.png,0,sem_retinopatia_diabetica,1050,1050,1050x1050,1.0,PNG,RGB,1019160,0.9719467163085938,45295dd099fd3852720c4423590a5629
ad3fc5076852.png,1,retinopatia_diabetica_leve,2416,1736,2416x1736,1.391705069124424,PNG,RGB,2158394,2.0584049224853516,ed940a183a253ed93949ed5c7c7715dc
ad570b850a4f.png,2,retinopatia_diabetica_moderada,2588,1958,2588x1958,1.3217568947906027,PNG,RGB,5236730,4.994134902954102,9448ebc1735efa5d8f653594840eaa55
ad6b07d5c338.png,0,sem_retinopatia_diabetica,2048,1536,2048x1536,1.3333333333333333,PNG,RGB,1941956,1.8519935607910156,f5d6ade4838e58f3f6553123f597b8ab
ad93d88c87ea.png,0,sem_retinopatia_diabetica,1050,1050,1050x1050,1.0,PNG,RGB,1055518,1.0066204071044922,98d651c84d2e70743744d32be9a63c11
ad944bd56bb6.png,0,sem_retinopatia_diabetica,2048,1536,2048x1536,1.3333333333333333,PNG,RGB,1917011,1.8282041549682617,84f1d84c55c8977e61d8e06ab0331f70
adb56cecafaf.png,3,retinopatia_diabetica_grave,2416,1736,2416x1736,1.391705069124424,PNG,RGB,2313440,2.206268310546875,6e12e80152650ad7500a1ce5c0c45489
add1d681d712.png,2,retinopatia_diabetica_moderada,640,480,640x480,1.3333333333333333,PNG,RGB,343352,0.32744598388671875,ae50810079abe56a6b3b03bbd0ba2b2b
addf66a50f42.png,0,sem_retinopatia_diabetica,1050,1050,1050x1050,1.0,PNG,RGB,912604,0.8703269958496094,48818cca260aea8228bc95567b3241c2
ae1344610ebe.png,2,retinopatia_diabetica_moderada,1844,1226,1844x1226,1.504078303425775,PNG,RGB,1051502,1.0027904510498047,513ee4f5f0e9f5f8b21614a13dc706ce
ae20112e7a1e.png,0,sem_retinopatia_diabetica,819,614,819x614,1.3338762214983713,PNG,RGB,373403,0.35610485076904297,a83ce852fef919a2102c0e064935b0bb
ae2c3f6312ef.png,0,sem_retinopatia_diabetica,1050,1050,1050x1050,1.0,PNG,RGB,1006801,0.9601602554321289,96d36ce0e18ef6465e233dedaf761a17
ae2e888905ba.png,0,sem_retinopatia_diabetica,2048,1536,2048x1536,1.3333333333333333,PNG,RGB,1905997,1.8177003860473633,12d0b1f3d4f8f2f1f4e6b656896559e9
ae49cc60f251.png,0,sem_retinopatia_diabetica,1050,1050,1050x1050,1.0,PNG,RGB,1001445,0.955052375793457,fd6cbc15319acc384706aa176c4056e8
ae57c8630249.png,0,sem_retinopatia_diabetica,1050,1050,1050x1050,1.0,PNG,RGB,1062060,1.0128593444824219,23a7756778506e2a92a2946cf12774c0
ae58ccb5905e.png,0,sem_retinopatia_diabetica,1050,1050,1050x1050,1.0,PNG,RGB,1011384,0.9645309448242188,eed9a353dc9fc8bcfdc91fcd9f60a7a1
ae5d31979f19.png,0,sem_retinopatia_diabetica,2416,1736,2416x1736,1.391705069124424,PNG,RGB,2361448,2.2520523071289062,8c73e9306f8c2ee23a204a9fafdbf3e3
ae61e19fb766.png,0,sem_retinopatia_diabetica,2048,1536,2048x1536,1.3333333333333333,PNG,RGB,1888876,1.8013725280761719,ec6bbc44e873fc34df6a600a09ee4289
ae8424cdb029.png,2,retinopatia_diabetica_moderada,2588,1958,2588x1958,1.3217568947906027,PNG,RGB,5360923,5.112574577331543,731920d7fbce980d03ac62a1db04aabb
ae8472f8d310.png,1,retinopatia_diabetica_leve,2416,1736,2416x1736,1.391705069124424,PNG,RGB,2160642,2.060548782348633,257504c6360ff5fa80b499e4b8a55a57
ae94ce412de9.png,0,sem_retinopatia_diabetica,2588,1958,2588x1958,1.3217568947906027,PNG,RGB,5539309,5.282696723937988,27a09272e6885c2ea067f4dee21eb4ea
ae975c43bd8b.png,0,sem_retinopatia_diabetica,1050,1050,1050x1050,1.0,PNG,RGB,945418,0.9016208648681641,b8630e809e9c7953232e2c51605ee9a7
aea59ebec445.png,3,retinopatia_diabetica_grave,3216,2136,3216x2136,1.5056179775280898,PNG,RGB,2304277,2.1975297927856445,bf4c35896ef4cbf266336408b2cf6a2e
aeab0a63bcaf.png,0,sem_retinopatia_diabetica,2048,1536,2048x1536,1.3333333333333333,PNG,RGB,1894284,1.8065299987792969,e52cda10dcf832ac1e1eae9b7cb0a31c
aeb6f4fd2eed.png,0,sem_retinopatia_diabetica,2048,1536,2048x1536,1.3333333333333333,PNG,RGB,1878971,1.791926383972168,f3167d937c3838675e920920bd951461
aebe87a423c8.png,0,sem_retinopatia_diabetica,819,614,819x614,1.3338762214983713,PNG,RGB,274861,0.2621278762817383,877f11638f7ff4d7e3d85f566deba3e0
aec51513cf45.png,0,sem_retinopatia_diabetica,819,614,819x614,1.3338762214983713,PNG,RGB,306124,0.2919425964355469,c9b534546018e68425e0a87946d4ad02
aeccef0bdc26.png,0,sem_retinopatia_diabetica,1050,1050,1050x1050,1.0,PNG,RGB,1013988,0.9670143127441406,d306cefc2948eb65ad5c622e73a531d2
aed4e743c230.png,2,retinopatia_diabetica_moderada,2416,1736,2416x1736,1.391705069124424,PNG,RGB,2302549,2.1958818435668945,68df4eb00ab505ff9da755c54b1b5a4d
aeed1f251ceb.png,4,retinopatia_diabetica_proliferativa,3216,2136,3216x2136,1.5056179775280898,PNG,RGB,6269673,5.979226112365723,b22bb5d93f07a39b8479ca6e3ad8ae5c
aef9016557ca.png,2,retinopatia_diabetica_moderada,640,480,640x480,1.3333333333333333,PNG,RGB,276027,0.26323986053466797,667091b3b904537864b9526eb65f1dd3
af133a85ea0c.png,1,retinopatia_diabetica_leve,2416,1736,2416x1736,1.391705069124424,PNG,RGB,2103589,2.006138801574707,14be75457092f0c340ed3f21e9ea14ca
af345c68e836.png,0,sem_retinopatia_diabetica,1050,1050,1050x1050,1.0,PNG,RGB,988197,0.942418098449707,88c60fd123caeabc8756a689e67b429d
af3b0115aad1.png,3,retinopatia_diabetica_grave,2416,1736,2416x1736,1.391705069124424,PNG,RGB,2281291,2.1756086349487305,0b5ee166e09f04c319883c6309ffa888
af5a0bc4e1fa.png,0,sem_retinopatia_diabetica,819,614,819x614,1.3338762214983713,PNG,RGB,397111,0.37871456146240234,926855d1a5496fc4672cc0da847ff3d1
af6166d57f13.png,0,sem_retinopatia_diabetica,2048,1536,2048x1536,1.3333333333333333,PNG,RGB,1697154,1.6185321807861328,5aa2d6e02d9a79ee67057d3839f109d9
af6a1508cd95.png,0,sem_retinopatia_diabetica,2588,1958,2588x1958,1.3217568947906027,PNG,RGB,5525105,5.269150733947754,821b49790f287e8c315db051039ba9b9
af7a36454670.png,0,sem_retinopatia_diabetica,1050,1050,1050x1050,1.0,PNG,RGB,959134,0.9147014617919922,6ad4afeef0c29cd26787d50abae4567e
af828dab3ffc.png,2,retinopatia_diabetica_moderada,3216,2136,3216x2136,1.5056179775280898,PNG,RGB,2192716,2.091136932373047,699eb5645d30c3772b16906377be3bc1
af831c158744.png,2,retinopatia_diabetica_moderada,3216,2136,3216x2136,1.5056179775280898,PNG,RGB,3189216,3.041473388671875,ca1bc47aed48b5a301513fc4b79f723f
af87d48ffe01.png,0,sem_retinopatia_diabetica,2048,1536,2048x1536,1.3333333333333333,PNG,RGB,1932169,1.8426599502563477,43aca4698f191be7f6b9a09df0f2759b
af8aa32beee4.png,2,retinopatia_diabetica_moderada,2416,1736,2416x1736,1.391705069124424,PNG,RGB,2354554,2.2454776763916016,1379b7b6d7ce89d01f21216d9cb96bfb
afc345cc9145.png,0,sem_retinopatia_diabetica,2588,1958,2588x1958,1.3217568947906027,PNG,RGB,5479258,5.225427627563477,232b4628b88c86a4184ceef018dfdbba
afc744fad65e.png,0,sem_retinopatia_diabetica,1050,1050,1050x1050,1.0,PNG,RGB,996396,0.9502372741699219,3307c3c88dfd4a85350bbb8dc036742a
b019a49787c1.png,3,retinopatia_diabetica_grave,2896,1944,2896x1944,1.4897119341563787,PNG,RGB,2431292,2.3186607360839844,04601b7be1e047810153a436dec370b4
b033ab4fb723.png,2,retinopatia_diabetica_moderada,1844,1226,1844x1226,1.504078303425775,PNG,RGB,1066156,1.0167655944824219,b51944129e1af813c8eb257510f2a060
b05922e7abd3.png,0,sem_retinopatia_diabetica,1050,1050,1050x1050,1.0,PNG,RGB,919554,0.8769550323486328,6c5daac78a9a7673d2328115e736d26e
b0619ca93a5f.png,0,sem_retinopatia_diabetica,1050,1050,1050x1050,1.0,PNG,RGB,954033,0.9098367691040039,7014d9d152a914df70e34b4cf1604155
b06dabab4f09.png,2,retinopatia_diabetica_moderada,1504,1000,1504x1000,1.504,PNG,RGB,1395162,1.3305301666259766,4a705364c825e1b27d8a1c1a167a64ce
b07bc463b718.png,1,retinopatia_diabetica_leve,2588,1958,2588x1958,1.3217568947906027,PNG,RGB,3613931,3.4465131759643555,898e7556ebb552e91c0d06f4c69fbb68
b085caa513a8.png,0,sem_retinopatia_diabetica,819,614,819x614,1.3338762214983713,PNG,RGB,300050,0.2861499786376953,ccaf4f2b46926d612cf8615ffa51310d
b086c7cd3868.png,0,sem_retinopatia_diabetica,1050,1050,1050x1050,1.0,PNG,RGB,991580,0.9456443786621094,78fcf2bf85950f3a1440e769922b0f6e
b09101adb478.png,0,sem_retinopatia_diabetica,1050,1050,1050x1050,1.0,PNG,RGB,1058334,1.0093059539794922,532d0825b0be0bfa211cc53a2590f88b
b0acd3593310.png,0,sem_retinopatia_diabetica,2588,1958,2588x1958,1.3217568947906027,PNG,RGB,5636407,5.375296592712402,d87e8fb09aa98708897a0f3b68d8f25d
b0b3b16fc305.png,0,sem_retinopatia_diabetica,1050,1050,1050x1050,1.0,PNG,RGB,1086238,1.0359172821044922,96883f9c80592db13562fae25ec64837
b0c9a492e068.png,0,sem_retinopatia_diabetica,2588,1958,2588x1958,1.3217568947906027,PNG,RGB,5148542,4.910032272338867,8228e4aefa7e214cd257b4592fbecc49
b0cc9f8d06e4.png,2,retinopatia_diabetica_moderada,3388,2588,3388x2588,1.3091190108191655,PNG,RGB,3578174,3.412412643432617,c1590ea3c3df572614be8b407ae96364
b0d35981708b.png,2,retinopatia_diabetica_moderada,3216,2136,3216x2136,1.5056179775280898,PNG,RGB,2786286,2.6572093963623047,341485a55958bfc2e6717c91ddc03649
b0d6417bad3e.png,2,retinopatia_diabetica_moderada,2416,1736,2416x1736,1.391705069124424,PNG,RGB,2091838,1.9949321746826172,543ce567ae5f333ca45ed1b0dc2792b9
b0eeae01b8ab.png,2,retinopatia_diabetica_moderada,640,480,640x480,1.3333333333333333,PNG,RGB,309902,0.2955455780029297,436c16d7086b8deafc2c4239f1bb0385
b0f0fa677d5f.png,0,sem_retinopatia_diabetica,1050,1050,1050x1050,1.0,PNG,RGB,1072942,1.0232372283935547,56914304426a7c660fd97dc95d4a8fa9
b0f8613305a3.png,0,sem_retinopatia_diabetica,2416,1736,2416x1736,1.391705069124424,PNG,RGB,2384829,2.274350166320801,2e0bd2dba1bc448596b77772911b3a99
b10fca20c885.png,0,sem_retinopatia_diabetica,1050,1050,1050x1050,1.0,PNG,RGB,932558,0.8893566131591797,da0a9d394d649173521efecbae55022c
b1197f2cc9b3.png,1,retinopatia_diabetica_leve,2416,1736,2416x1736,1.391705069124424,PNG,RGB,2042571,1.9479475021362305,4a2d79dbcff7c652a9e0a7e2b710148f
b11dcdcbc8c8.png,0,sem_retinopatia_diabetica,2588,1958,2588x1958,1.3217568947906027,PNG,RGB,5534944,5.278533935546875,605a7208a85b7f9ba6141560a9ca266c
b13d72ceea26.png,2,retinopatia_diabetica_moderada,1504,1000,1504x1000,1.504,PNG,RGB,1275292,1.2162132263183594,2a8b966c339427f048e994ba0e0e4e6b
b16dd4483ca5.png,0,sem_retinopatia_diabetica,2048,1536,2048x1536,1.3333333333333333,PNG,RGB,1915706,1.8269596099853516,85ff8dce05d13c0b7d97a0b50f1a6070
b17f0b81dab3.png,1,retinopatia_diabetica_leve,2416,1736,2416x1736,1.391705069124424,PNG,RGB,2190556,2.0890769958496094,0e23361bf23ab85233097cbd33a6f66b
b187b3c93afb.png,2,retinopatia_diabetica_moderada,1504,1000,1504x1000,1.504,PNG,RGB,1343974,1.2817134857177734,2a613e17fe7eebeca8a21ac5f46e8ec2
b191ba0a2b12.png,3,retinopatia_diabetica_grave,2588,1958,2588x1958,1.3217568947906027,PNG,RGB,4967251,4.737139701843262,13da0ba4fe5ec94893450fe08110dc62
b1b3e7d0a5f3.png,4,retinopatia_diabetica_proliferativa,2416,1736,2416x1736,1.391705069124424,PNG,RGB,2245898,2.141855239868164,bf53e1b74c9878e832b4b083195c67b7
b1c6f0997e27.png,0,sem_retinopatia_diabetica,1050,1050,1050x1050,1.0,PNG,RGB,866315,0.8261823654174805,1b2c6c88a2890f08b1508bd07c357b67
b1f4122fd36a.png,2,retinopatia_diabetica_moderada,2416,1736,2416x1736,1.391705069124424,PNG,RGB,1737663,1.6571645736694336,2ab6ef83f263aedcb37b181e92e53edb
b200c23b299b.png,0,sem_retinopatia_diabetica,1050,1050,1050x1050,1.0,PNG,RGB,1069215,1.0196828842163086,87cc9f5d70cd0db0c83ad6c126aa4a8c
b21abe5d9722.png,0,sem_retinopatia_diabetica,819,614,819x614,1.3338762214983713,PNG,RGB,305022,0.2908916473388672,e35e0d12849183deb0607936be011bb5
b22354b5f94b.png,1,retinopatia_diabetica_leve,2416,1736,2416x1736,1.391705069124424,PNG,RGB,2255562,2.151071548461914,73847600cf478501b700931510084e4e
b22cc1bf0b8a.png,0,sem_retinopatia_diabetica,1050,1050,1050x1050,1.0,PNG,RGB,1066836,1.0174140930175781,42f40a9a58b52caf5456f7b694c15e91
b2748ac28fc1.png,2,retinopatia_diabetica_moderada,4288,2848,4288x2848,1.5056179775280898,PNG,RGB,5455195,5.202479362487793,8b15ca45e4e475bb67cf36c12fc5af27
b294927b14b0.png,0,sem_retinopatia_diabetica,1050,1050,1050x1050,1.0,PNG,RGB,998797,0.9525270462036133,6613fccecee0824896695764b3e3cdec
b2aaa81cc8f0.png,2,retinopatia_diabetica_moderada,1504,1000,1504x1000,1.504,PNG,RGB,712468,0.6794624328613281,4183a68caec2537b50da356d5f107b8b
b2b79b37d314.png,0,sem_retinopatia_diabetica,1050,1050,1050x1050,1.0,PNG,RGB,932759,0.8895483016967773,e91a5c3252de408a35910d83be7a7eea
b2b7ccd34cbd.png,0,sem_retinopatia_diabetica,1050,1050,1050x1050,1.0,PNG,RGB,877445,0.836796760559082,0556b0df6e4510ca7339648709634836
b2ffa3e18559.png,3,retinopatia_diabetica_grave,2416,1736,2416x1736,1.391705069124424,PNG,RGB,2507310,2.3911571502685547,6e931bdc3107da994083f857ddc9c302
b310bd564329.png,3,retinopatia_diabetica_grave,2416,1736,2416x1736,1.391705069124424,PNG,RGB,2220277,2.1174211502075195,b83b889f57c0a308b4dedf67445e807e
b351ae99413a.png,0,sem_retinopatia_diabetica,1050,1050,1050x1050,1.0,PNG,RGB,1033687,0.9858007431030273,6b5d2c14ccdb986588e9069473e53edf
b35cad8fe2d7.png,0,sem_retinopatia_diabetica,2588,1958,2588x1958,1.3217568947906027,PNG,RGB,5568144,5.3101959228515625,45483435fce216d20a72f01cac7931f5
b376def52ccc.png,2,retinopatia_diabetica_moderada,1504,1000,1504x1000,1.504,PNG,RGB,1249925,1.192021369934082,4a1e67e016810e9c9ba08c9ae8be1b98
b37aae3c8fe1.png,4,retinopatia_diabetica_proliferativa,2416,1736,2416x1736,1.391705069124424,PNG,RGB,2174047,2.0733327865600586,bf88aee98ecff8e2f87bd29d873c18dd
b3819a805dca.png,4,retinopatia_diabetica_proliferativa,2588,1958,2588x1958,1.3217568947906027,PNG,RGB,5507871,5.252715110778809,b9cd00fcb08398c67c5efdba4781afa9
b3a994760537.png,0,sem_retinopatia_diabetica,1050,1050,1050x1050,1.0,PNG,RGB,1029301,0.9816179275512695,30c639bf048a1674d23b08f4b12e2e03
b3c0c3330278.png,2,retinopatia_diabetica_moderada,3216,2136,3216x2136,1.5056179775280898,PNG,RGB,2341172,2.232715606689453,5d35b3debd8d17fd0b795df3627803e9
b3d12069e1c5.png,2,retinopatia_diabetica_moderada,2588,1958,2588x1958,1.3217568947906027,PNG,RGB,5302047,5.056426048278809,94c46c719603b4f67fd275d6cef228fd
b3d135bd3bb5.png,3,retinopatia_diabetica_grave,2416,1736,2416x1736,1.391705069124424,PNG,RGB,2486683,2.371485710144043,d71feb73c824c725f1e15e7467234f18
b3f31c371e59.png,0,sem_retinopatia_diabetica,1050,1050,1050x1050,1.0,PNG,RGB,982938,0.9374027252197266,885c1cd309438b7b95875fb400b50db0
b402b18d99a5.png,2,retinopatia_diabetica_moderada,2416,1736,2416x1736,1.391705069124424,PNG,RGB,1775283,1.6930418014526367,5874e463b2a042bca65e3b0b5ecc65f2
b402daa0864c.png,2,retinopatia_diabetica_moderada,3216,2136,3216x2136,1.5056179775280898,PNG,RGB,2484989,2.369870185852051,4673fa20e24c013bba4635c817b9f24d
b43440c6ebe4.png,0,sem_retinopatia_diabetica,2588,1958,2588x1958,1.3217568947906027,PNG,RGB,5340948,5.093524932861328,61223769877b09e5a01e347748ae9dba
b460ca9fa26f.png,0,sem_retinopatia_diabetica,1050,1050,1050x1050,1.0,PNG,RGB,905309,0.8633699417114258,0758e75b13eef4d510373c1a154de473
b468ebf5cb11.png,2,retinopatia_diabetica_moderada,3216,2136,3216x2136,1.5056179775280898,PNG,RGB,2746351,2.619124412536621,fba2f497209a49e713f79f17f4d330b6
b46b09a45f39.png,0,sem_retinopatia_diabetica,1050,1050,1050x1050,1.0,PNG,RGB,1025378,0.9778766632080078,78244612bf14b162d386d61bec0a5b55
b498b84d383f.png,2,retinopatia_diabetica_moderada,3388,2588,3388x2588,1.3091190108191655,PNG,RGB,7278159,6.940993309020996,d69f74cef2cf3084a68a2bee53d9e2c4
b49b2fac2514.png,4,retinopatia_diabetica_proliferativa,3388,2588,3388x2588,1.3091190108191655,PNG,RGB,7120931,6.791049003601074,2a60be575c321b826149a4fedeb12961
b4b04d81acbb.png,0,sem_retinopatia_diabetica,1050,1050,1050x1050,1.0,PNG,RGB,940191,0.8966360092163086,8a6da415b04974d00fd2dcf4ec216819
b4e15102cd7a.png,0,sem_retinopatia_diabetica,2588,1958,2588x1958,1.3217568947906027,PNG,RGB,5196552,4.955818176269531,c08c0d06d291379868a962dc0ee8ff05
b4f41b5bf0ef.png,1,retinopatia_diabetica_leve,2416,1736,2416x1736,1.391705069124424,PNG,RGB,2083061,1.9865617752075195,52cdc4bca101237436819dcb489ad883
b50b30aa6e6c.png,1,retinopatia_diabetica_leve,3216,2136,3216x2136,1.5056179775280898,PNG,RGB,2521777,2.404953956604004,b54a661170868a2a55c567cef21890fe
b5204c0decc7.png,0,sem_retinopatia_diabetica,1050,1050,1050x1050,1.0,PNG,RGB,972672,0.9276123046875,6b9d89098f4e47c1812fc22229913305
b532dedd928c.png,0,sem_retinopatia_diabetica,2048,1536,2048x1536,1.3333333333333333,PNG,RGB,1921515,1.8324995040893555,58e97ff56cc3f4f50b947cf6f9a11c13
b549af91bd30.png,0,sem_retinopatia_diabetica,1050,1050,1050x1050,1.0,PNG,RGB,1005991,0.9593877792358398,6ac8c1997700dfdb0dc275db41749180
b553e7909535.png,0,sem_retinopatia_diabetica,1050,1050,1050x1050,1.0,PNG,RGB,963699,0.9190549850463867,94d22d1d5a9fa9c47fdedaf1df844178
b55d2ddb3e75.png,4,retinopatia_diabetica_proliferativa,3216,2136,3216x2136,1.5056179775280898,PNG,RGB,2468972,2.354595184326172,9028bac426ab30f0ae14bacfa1f58c4c
b56340f472d2.png,1,retinopatia_diabetica_leve,2416,1736,2416x1736,1.391705069124424,PNG,RGB,2119971,2.021761894226074,085ba3e5ae80647a22422f83b9faf8be
b574d229ec4c.png,2,retinopatia_diabetica_moderada,3216,2136,3216x2136,1.5056179775280898,PNG,RGB,2463996,2.3498497009277344,84bc08974e78ef478691318247e53e44
b576c5269ad1.png,1,retinopatia_diabetica_leve,2416,1736,2416x1736,1.391705069124424,PNG,RGB,2027545,1.9336175918579102,aa6b1c883760169608082b35fc0e480d
b5834ee64541.png,3,retinopatia_diabetica_grave,2416,1736,2416x1736,1.391705069124424,PNG,RGB,1923632,1.8345184326171875,15567733fe2737b12d86ded6aeb1b93f
b598bc9753c2.png,0,sem_retinopatia_diabetica,1050,1050,1050x1050,1.0,PNG,RGB,979383,0.9340124130249023,0922e0968704e01a6e76a3833786f032
b5a3ca5c0a80.png,0,sem_retinopatia_diabetica,1050,1050,1050x1050,1.0,PNG,RGB,1055022,1.0061473846435547,bdf8c9854a56b9437f8e1c33cf95408d
b5b913358b32.png,0,sem_retinopatia_diabetica,1050,1050,1050x1050,1.0,PNG,RGB,1043502,0.9951610565185547,8ada3b70f180ebbb351a48820be4457c
b5bf7b84fc66.png,0,sem_retinopatia_diabetica,1050,1050,1050x1050,1.0,PNG,RGB,966620,0.9218406677246094,6ad743b386f5cf5ba5cb8ec8696aa484
b5c80d0ed0ff.png,2,retinopatia_diabetica_moderada,1050,1050,1050x1050,1.0,PNG,RGB,1063564,1.0142936706542969,9b755b320c0f4f164c70c6687c041b00
b5e6ae31493c.png,0,sem_retinopatia_diabetica,1050,1050,1050x1050,1.0,PNG,RGB,985256,0.9396133422851562,66c508cf969a575c805566ddfec2f0dd
b60dbf9f0744.png,2,retinopatia_diabetica_moderada,2416,1736,2416x1736,1.391705069124424,PNG,RGB,2367344,2.2576751708984375,7abf6ecea6b6c81420d6c122cfff7c0b
b6304c545f95.png,2,retinopatia_diabetica_moderada,2588,1958,2588x1958,1.3217568947906027,PNG,RGB,4835766,4.611745834350586,5fd36435f7b3decd490a514e78ea3b9a
b640e3bdff75.png,1,retinopatia_diabetica_leve,2416,1736,2416x1736,1.391705069124424,PNG,RGB,2179803,2.078822135925293,64af0669eaab9fc4043756aedd15786f
b64e1eef3d63.png,0,sem_retinopatia_diabetica,2048,1536,2048x1536,1.3333333333333333,PNG,RGB,1966748,1.8756370544433594,da24ab3a198390946adeadf6806cb599
b65ff67743b2.png,2,retinopatia_diabetica_moderada,3216,2136,3216x2136,1.5056179775280898,PNG,RGB,2251527,2.147223472595215,4d094e91d90156aacfd005443ff02559
b665041e1633.png,2,retinopatia_diabetica_moderada,2588,1958,2588x1958,1.3217568947906027,PNG,RGB,4902744,4.675621032714844,68c7a3d37aaf795c8bcb37ce70310b83
b66f23ffa730.png,0,sem_retinopatia_diabetica,1050,1050,1050x1050,1.0,PNG,RGB,1091973,1.041386604309082,f5582c64f5dfd64fa2f4d5a8a2e47bbd
b67ae80f7eba.png,0,sem_retinopatia_diabetica,819,614,819x614,1.3338762214983713,PNG,RGB,328963,0.3137235641479492,aa1a70515e1eed694f9497ce51adb197
b69c224edd6e.png,0,sem_retinopatia_diabetica,2588,1958,2588x1958,1.3217568947906027,PNG,RGB,5593817,5.33467960357666,956ad2c8f3f50901418e637790214b6c
b6a0e348a01e.png,1,retinopatia_diabetica_leve,2588,1958,2588x1958,1.3217568947906027,PNG,RGB,4375111,4.172430992126465,632c849cdba62614cd350f6f72a51ba8
b6bf847fbcb2.png,0,sem_retinopatia_diabetica,1050,1050,1050x1050,1.0,PNG,RGB,865988,0.8258705139160156,c6ec634bb1030a3310cefd3bebbc7418
b6bfe9db60e5.png,3,retinopatia_diabetica_grave,2416,1736,2416x1736,1.391705069124424,PNG,RGB,2073043,1.9770078659057617,f0fb22165fd043456e0c991730adbcfc
b6d9974443ce.png,0,sem_retinopatia_diabetica,2048,1536,2048x1536,1.3333333333333333,PNG,RGB,1943429,1.853398323059082,21e3a225666886c98e270fb1e16393e2
b6fd109b1bc9.png,0,sem_retinopatia_diabetica,2588,1958,2588x1958,1.3217568947906027,PNG,RGB,5128914,4.891313552856445,f508d78017230474f3b769e1f25ca1ef
b70cb31b9abb.png,4,retinopatia_diabetica_proliferativa,3216,2136,3216x2136,1.5056179775280898,PNG,RGB,3515395,3.352541923522949,10028a69d19b1995deff96a44d04edde
b70e7c26f51e.png,0,sem_retinopatia_diabetica,1050,1050,1050x1050,1.0,PNG,RGB,1116377,1.0646600723266602,4f5b4e1984d390da7e01aa1399e496c9
b71428739d4e.png,1,retinopatia_diabetica_leve,1050,1050,1050x1050,1.0,PNG,RGB,971100,0.9261131286621094,7402aaae7df8b987b2b27a87bb14fca0
b7278b4f2448.png,1,retinopatia_diabetica_leve,4288,2848,4288x2848,1.5056179775280898,PNG,RGB,4916235,4.6884870529174805,5bbdbcdfb784ae46fbade440efb1159f
b72a86d61959.png,0,sem_retinopatia_diabetica,1050,1050,1050x1050,1.0,PNG,RGB,1058587,1.009547233581543,498e24471fd34386b534c762b695af02
b72f59b85f7c.png,0,sem_retinopatia_diabetica,2048,1536,2048x1536,1.3333333333333333,PNG,RGB,1949452,1.8591423034667969,b08aec2ea0874875b37ad6e6c019a606
b73d0bcd3d33.png,0,sem_retinopatia_diabetica,819,614,819x614,1.3338762214983713,PNG,RGB,259728,0.2476959228515625,7e81ea8bd8cbc8bf0b725cc2f36e3c66
b746a6681ba9.png,2,retinopatia_diabetica_moderada,3216,2136,3216x2136,1.5056179775280898,PNG,RGB,2509248,2.39300537109375,8deae1816c155db949e37d36afe1c5e1
b74de20d73de.png,0,sem_retinopatia_diabetica,2048,1536,2048x1536,1.3333333333333333,PNG,RGB,1925991,1.8367681503295898,1d46059febc45d6e22b87086d1406d62
b759cbef90c5.png,0,sem_retinopatia_diabetica,1050,1050,1050x1050,1.0,PNG,RGB,927129,0.8841791152954102,598527acddba069eb42742f815dc8cb4
b762c29cf2f3.png,2,retinopatia_diabetica_moderada,2416,1736,2416x1736,1.391705069124424,PNG,RGB,2384930,2.274446487426758,94e3f510f1c1af55fbd8af9fb437d629
b77b88926843.png,0,sem_retinopatia_diabetica,1050,1050,1050x1050,1.0,PNG,RGB,986654,0.9409465789794922,d9deb230594d5a9a17a889df4dc88991
b77b8a1f09f1.png,4,retinopatia_diabetica_proliferativa,2416,1736,2416x1736,1.391705069124424,PNG,RGB,1844438,1.758993148803711,bfb1c5105586fa60245bb33805c145c4
b7983cb3f270.png,0,sem_retinopatia_diabetica,1050,1050,1050x1050,1.0,PNG,RGB,1000138,0.9538059234619141,f023926a66e05a64cde7898c3b43903c
b7a1bb106051.png,0,sem_retinopatia_diabetica,1050,1050,1050x1050,1.0,PNG,RGB,1071687,1.0220403671264648,26e671bc7458ecbf5e57294319f19a91
b7aca95b97b9.png,0,sem_retinopatia_diabetica,819,614,819x614,1.3338762214983713,PNG,RGB,395739,0.37740612030029297,1161409731fa844943146413d717f44a
b7bd4a6627b6.png,0,sem_retinopatia_diabetica,1050,1050,1050x1050,1.0,PNG,RGB,1026054,0.9785213470458984,acbf7f2e5bf745a82608532e85342c0e
b7ce561a7328.png,0,sem_retinopatia_diabetica,1050,1050,1050x1050,1.0,PNG,RGB,1050082,1.0014362335205078,4a3dd59e061dd928187772250f7d5739
b7e0f95353f2.png,3,retinopatia_diabetica_grave,3216,2136,3216x2136,1.5056179775280898,PNG,RGB,2323883,2.2162275314331055,d8a825503375a78cb01cda75aba639ac
b7f0bc7d399e.png,0,sem_retinopatia_diabetica,2588,1958,2588x1958,1.3217568947906027,PNG,RGB,5526176,5.270172119140625,86ebefa15882719b8b918c63052a2743
b8297a2291f5.png,0,sem_retinopatia_diabetica,1050,1050,1050x1050,1.0,PNG,RGB,1051562,1.002847671508789,4d6d1162d6b66787e4708fb53f19b89f
b82d5f1f1145.png,2,retinopatia_diabetica_moderada,1844,1226,1844x1226,1.504078303425775,PNG,RGB,1162508,1.1086540222167969,1fa77108a8de34425c3aeb395fa305ec
b82dfa63a75f.png,0,sem_retinopatia_diabetica,2048,1536,2048x1536,1.3333333333333333,PNG,RGB,1926532,1.8372840881347656,66c3bef86f0742d159c05d186cd7f978
b835b6e31a59.png,0,sem_retinopatia_diabetica,1050,1050,1050x1050,1.0,PNG,RGB,1000757,0.9543962478637695,29663cf2b03cc4283f993ea6aa6d3ad4
b83a6eca125f.png,2,retinopatia_diabetica_moderada,3216,2136,3216x2136,1.5056179775280898,PNG,RGB,2766249,2.6381006240844727,199016d90d51f6780910654d56373d92
b842b43cb7fb.png,0,sem_retinopatia_diabetica,2048,1536,2048x1536,1.3333333333333333,PNG,RGB,1820326,1.7359981536865234,18158c919a472e9dce8e053d6063d11f
b86fb2d5be1a.png,0,sem_retinopatia_diabetica,2588,1958,2588x1958,1.3217568947906027,PNG,RGB,5687562,5.424081802368164,20a3c146d6e8c684e875090df1457cf2
b87f9c59748b.png,4,retinopatia_diabetica_proliferativa,2588,1958,2588x1958,1.3217568947906027,PNG,RGB,5598470,5.339117050170898,a317368225df7b4efda0c28ea50d63e6
b89938407ee6.png,2,retinopatia_diabetica_moderada,2588,1958,2588x1958,1.3217568947906027,PNG,RGB,5602932,5.343372344970703,7c14685609c87d0f6563f16ee72c31d5
b8ac328009e0.png,2,retinopatia_diabetica_moderada,1504,1000,1504x1000,1.504,PNG,RGB,1332868,1.2711219787597656,6de1e04f816fb915da5832eba82b0a1a
b8dab47a260e.png,0,sem_retinopatia_diabetica,1050,1050,1050x1050,1.0,PNG,RGB,1031062,0.9832973480224609,5f17f3e32eaab5e3dcea4593ce68783e
b8e20c076b03.png,0,sem_retinopatia_diabetica,2588,1958,2588x1958,1.3217568947906027,PNG,RGB,5730772,5.465290069580078,6444ba6f1e6f626c024a6625a989869d
b8e9a8f4617d.png,0,sem_retinopatia_diabetica,1050,1050,1050x1050,1.0,PNG,RGB,987614,0.9418621063232422,6459834515d1b4a2073ba2d6a145b819
b8ebedd382de.png,1,retinopatia_diabetica_leve,2416,1736,2416x1736,1.391705069124424,PNG,RGB,1714449,1.635025978088379,fcfda099faac74a2ee724032d1566d7f
b8f1b30877db.png,2,retinopatia_diabetica_moderada,2416,1736,2416x1736,1.391705069124424,PNG,RGB,2110273,2.0125131607055664,8e87c9e17febf31bf4a9a4fddc388f80
b8fb9f55cd6d.png,2,retinopatia_diabetica_moderada,3216,2136,3216x2136,1.5056179775280898,PNG,RGB,2518833,2.402146339416504,53a727f3b935db533049f50207fdc0be
b90bc89ce8d8.png,4,retinopatia_diabetica_proliferativa,3388,2588,3388x2588,1.3091190108191655,PNG,RGB,6976395,6.6532087326049805,57765b4f727ef32b300c2847677b577b
b9127e38d9b9.png,2,retinopatia_diabetica_moderada,1504,1000,1504x1000,1.504,PNG,RGB,1412508,1.3470726013183594,7dfc81788fb0ba952897c36bb59dc431
b91ef82e723a.png,2,retinopatia_diabetica_moderada,3216,2136,3216x2136,1.5056179775280898,PNG,RGB,2626547,2.5048704147338867,9cec7a539307e196cfb77da86c8d6af5
b927a9238434.png,2,retinopatia_diabetica_moderada,3216,2136,3216x2136,1.5056179775280898,PNG,RGB,3154379,3.0082502365112305,f0beea9c985d60bf3565b612ce069793
b92eacd1392a.png,0,sem_retinopatia_diabetica,1050,1050,1050x1050,1.0,PNG,RGB,914004,0.8716621398925781,c2033f9570ae96376bd589050fb0d9c1
b94c58d063bf.png,1,retinopatia_diabetica_leve,2588,1958,2588x1958,1.3217568947906027,PNG,RGB,3748306,3.5746631622314453,ab8ab0d771fb64a807d83c39f97acbd1
b9519abce0c1.png,0,sem_retinopatia_diabetica,819,614,819x614,1.3338762214983713,PNG,RGB,284146,0.2709827423095703,372d55fb253350fd4461656f4fb2af5e
b95d4dd8e5e2.png,2,retinopatia_diabetica_moderada,3216,2136,3216x2136,1.5056179775280898,PNG,RGB,3690011,3.519068717956543,1bcf64314348f0c91e88f0f0b6ee7763
b960142a8de7.png,3,retinopatia_diabetica_grave,2896,1944,2896x1944,1.4897119341563787,PNG,RGB,2276697,2.17122745513916,dffa10e87626226b85dddb79f802b8d4
b963a11638f2.png,0,sem_retinopatia_diabetica,819,614,819x614,1.3338762214983713,PNG,RGB,318177,0.3034372329711914,1834995cead9264c58afe4d925fb6bce
b96b518596b3.png,4,retinopatia_diabetica_proliferativa,4288,2848,4288x2848,1.5056179775280898,PNG,RGB,5840001,5.569458961486816,654553bcb8923c5f67364150a88cfb68
b98f77098b9d.png,2,retinopatia_diabetica_moderada,2588,1958,2588x1958,1.3217568947906027,PNG,RGB,3278738,3.1268482208251953,6e00deb581028b683788e7a0a9263722
b99794a0beed.png,2,retinopatia_diabetica_moderada,3216,2136,3216x2136,1.5056179775280898,PNG,RGB,2558660,2.4401283264160156,32cf28a6eeb8df7ba767947eb523eb77
b99afe7137fb.png,4,retinopatia_diabetica_proliferativa,2588,1958,2588x1958,1.3217568947906027,PNG,RGB,5283006,5.038267135620117,525dc2244cf803104f1b475590cef34b
b99c825b93c5.png,2,retinopatia_diabetica_moderada,3216,2136,3216x2136,1.5056179775280898,PNG,RGB,2903936,2.7694091796875,7204e87cf5c777e29fda5b86c436f58b
b9b6ee2b9453.png,2,retinopatia_diabetica_moderada,1467,1110,1467x1110,1.3216216216216217,PNG,RGB,2215380,2.112751007080078,8c375cccd72af752fa2458233a809ca5
b9b99dad668d.png,1,retinopatia_diabetica_leve,2416,1736,2416x1736,1.391705069124424,PNG,RGB,2266298,2.1613101959228516,eec6d5e45d17159b6c17f381ffaff4c6
b9bc81fcb075.png,0,sem_retinopatia_diabetica,1050,1050,1050x1050,1.0,PNG,RGB,1035870,0.9878826141357422,72f7e71cf84bb09d9e81ef1e21703b00
b9c7c5182075.png,0,sem_retinopatia_diabetica,1050,1050,1050x1050,1.0,PNG,RGB,1048134,0.9995784759521484,51561a4e371ca8b422dc101aa05e1566
b9d0b83d70c3.png,0,sem_retinopatia_diabetica,819,614,819x614,1.3338762214983713,PNG,RGB,295409,0.2817239761352539,bd551430ea0d5ac7f4fd8218b9762245
b9fe7da14a32.png,0,sem_retinopatia_diabetica,819,614,819x614,1.3338762214983713,PNG,RGB,373897,0.35657596588134766,54626091ea23d2dcfc969a46cc9e5ffa
ba0107fb1bfd.png,0,sem_retinopatia_diabetica,1050,1050,1050x1050,1.0,PNG,RGB,1008651,0.9619245529174805,8437c9026701b0d925b6fde98d0658f3
ba08cee68c71.png,4,retinopatia_diabetica_proliferativa,2416,1736,2416x1736,1.391705069124424,PNG,RGB,2214654,2.112058639526367,6c6f58a2f95afd571b14817727278f3b
ba25f947f4ec.png,2,retinopatia_diabetica_moderada,3216,2136,3216x2136,1.5056179775280898,PNG,RGB,2501719,2.3858251571655273,704a36fce0f034d087b3678215c218d8
ba2624883599.png,2,retinopatia_diabetica_moderada,3216,2136,3216x2136,1.5056179775280898,PNG,RGB,5647715,5.386080741882324,972c611311946673ad19ba48c4d8bb9b
ba2ea9182090.png,0,sem_retinopatia_diabetica,1050,1050,1050x1050,1.0,PNG,RGB,964419,0.9197416305541992,742c138ed78ce847b26a2a9ac4e8223e
ba4d2c4b3039.png,4,retinopatia_diabetica_proliferativa,3388,2588,3388x2588,1.3091190108191655,PNG,RGB,7238894,6.903547286987305,7a2686f924a7910fb682438639e265f9
ba4e62c11cc0.png,0,sem_retinopatia_diabetica,1050,1050,1050x1050,1.0,PNG,RGB,1011181,0.9643373489379883,78de294dd47a335c106351f9df74eb58
ba735b286d62.png,4,retinopatia_diabetica_proliferativa,2416,1736,2416x1736,1.391705069124424,PNG,RGB,2539545,2.42189884185791,6c9d26bab272c4b6d0d4333de16f61d4
baaca2f7e1f0.png,0,sem_retinopatia_diabetica,1050,1050,1050x1050,1.0,PNG,RGB,726227,0.6925840377807617,f29f84cf43dc6388f4e067f02bdad885
bab776139279.png,0,sem_retinopatia_diabetica,2048,1536,2048x1536,1.3333333333333333,PNG,RGB,1951569,1.861161231994629,6f1f4c38cc6a8c77386bddc7e48c35c0
bac1744955c2.png,0,sem_retinopatia_diabetica,1050,1050,1050x1050,1.0,PNG,RGB,1092949,1.0423173904418945,7969aad1bd34bea6ccaf8142eb7fc59c
bacfa2b8e706.png,0,sem_retinopatia_diabetica,1050,1050,1050x1050,1.0,PNG,RGB,930739,0.8876218795776367,b4bfdc05e1195dcf17f7c4a2f5fb46c8
bacfb1029f6b.png,1,retinopatia_diabetica_leve,2416,1736,2416x1736,1.391705069124424,PNG,RGB,2261457,2.156693458557129,7f5c8a0ffdecf70c9064e9517f327af9
badb5ff8d3c7.png,0,sem_retinopatia_diabetica,2416,1736,2416x1736,1.391705069124424,PNG,RGB,2236092,2.1325035095214844,cac2bb4f4311440d35942098b685cfdd
bb08949dd70a.png,0,sem_retinopatia_diabetica,819,614,819x614,1.3338762214983713,PNG,RGB,361918,0.3451519012451172,a55ae60fb0c1b76d97156df3450b0bf1
bb11db08584a.png,1,retinopatia_diabetica_leve,2416,1736,2416x1736,1.391705069124424,PNG,RGB,2553032,2.4347610473632812,571527fcad3ad9c9f29dc96ee9f4ae83
bb2f89488ecd.png,0,sem_retinopatia_diabetica,1050,1050,1050x1050,1.0,PNG,RGB,895757,0.8542604446411133,82ae63bbfcac1ab8bdb01af23af8982c
bb45257258cc.png,1,retinopatia_diabetica_leve,2416,1736,2416x1736,1.391705069124424,PNG,RGB,1846468,1.7609291076660156,8e5c57cfe46f182d7438d940908cfbe4
bb5083fae98f.png,3,retinopatia_diabetica_grave,2416,1736,2416x1736,1.391705069124424,PNG,RGB,2208114,2.1058216094970703,50604688a9e5c83744b74d5d842aace0
bb733062f494.png,2,retinopatia_diabetica_moderada,3216,2136,3216x2136,1.5056179775280898,PNG,RGB,2930933,2.7951555252075195,3a6d5bc326a1dab66b5f86644c150647
bb752b179751.png,0,sem_retinopatia_diabetica,1050,1050,1050x1050,1.0,PNG,RGB,1095373,1.0446290969848633,5f109e12630cd752a1d15d97b1f0a865
bb783d8e496f.png,1,retinopatia_diabetica_leve,2416,1736,2416x1736,1.391705069124424,PNG,RGB,2023780,1.9300270080566406,eb42e4ccc1fd1ddad49ef1e82637c42f
bb7e0a2544cd.png,3,retinopatia_diabetica_grave,1504,1000,1504x1000,1.504,PNG,RGB,1387393,1.3231210708618164,4504e9549c404aea6f9424817dbafd5b
bb85097857fa.png,0,sem_retinopatia_diabetica,2048,1536,2048x1536,1.3333333333333333,PNG,RGB,1911397,1.822850227355957,808c74e072d8c068036ffb6a435e565f
bb9a3d835a94.png,1,retinopatia_diabetica_leve,2416,1736,2416x1736,1.391705069124424,PNG,RGB,2133482,2.034646987915039,ff39484b425acfa384fefdabc38543db
bba38f2294a3.png,4,retinopatia_diabetica_proliferativa,2416,1736,2416x1736,1.391705069124424,PNG,RGB,2300716,2.194133758544922,83bcd3ac564ce98ddbfb7396d03441c7
bc23f74e14dd.png,2,retinopatia_diabetica_moderada,2588,1958,2588x1958,1.3217568947906027,PNG,RGB,4926154,4.697946548461914,5efc6438e653eb01ec09ca2ea024118e
bc34ed91c9bc.png,4,retinopatia_diabetica_proliferativa,3388,2588,3388x2588,1.3091190108191655,PNG,RGB,6909221,6.589146614074707,c6563b55ad4d36f7129735521779ac7c
bc34f52c37c7.png,0,sem_retinopatia_diabetica,2048,1536,2048x1536,1.3333333333333333,PNG,RGB,1918687,1.8298025131225586,ad777cbadb9c9fb6036f581315d0af14
bc73ce76ec43.png,1,retinopatia_diabetica_leve,1050,1050,1050x1050,1.0,PNG,RGB,1005239,0.9586706161499023,93edc7cc33baf598cb191d7895d5ee8f
bc7bf19b84e3.png,0,sem_retinopatia_diabetica,1050,1050,1050x1050,1.0,PNG,RGB,1000879,0.9545125961303711,4e3cdb2e43221f107a03b4031afbbd3f
bc8c6a778cde.png,0,sem_retinopatia_diabetica,819,614,819x614,1.3338762214983713,PNG,RGB,324724,0.3096809387207031,1aa168b6268ba18218b678be6c6eaf20
bc92a61a1f9c.png,0,sem_retinopatia_diabetica,1050,1050,1050x1050,1.0,PNG,RGB,929922,0.8868427276611328,335011f9842c10ec48d6b9248fdc2e2e
bca2bdc15fc5.png,2,retinopatia_diabetica_moderada,2588,1958,2588x1958,1.3217568947906027,PNG,RGB,5172674,4.933046340942383,bffbfcec270cdf0c5e2c5d7437d6221f
bcb0498ed2c1.png,0,sem_retinopatia_diabetica,2588,1958,2588x1958,1.3217568947906027,PNG,RGB,5219296,4.977508544921875,7f4f3ac3834860befde7b831cee0485d
bcc762618e7d.png,2,retinopatia_diabetica_moderada,1844,1226,1844x1226,1.504078303425775,PNG,RGB,871517,0.8311433792114258,2ccf858a20cfa98b39f361fd80a49bdd
bcd503c726ba.png,4,retinopatia_diabetica_proliferativa,2416,1736,2416x1736,1.391705069124424,PNG,RGB,2626966,2.505270004272461,c019473ce53f1e2064de3b16dca2d2e2
bcdc8db5423b.png,2,retinopatia_diabetica_moderada,3216,2136,3216x2136,1.5056179775280898,PNG,RGB,5968823,5.692313194274902,c7660cb49b8811ccef8d04f6c962a321
bd06028eb7dd.png,0,sem_retinopatia_diabetica,1050,1050,1050x1050,1.0,PNG,RGB,966667,0.9218854904174805,f44fb81e5aed1016ed365abcc1eea886
bd269a1f0e4d.png,1,retinopatia_diabetica_leve,2416,1736,2416x1736,1.391705069124424,PNG,RGB,2299210,2.192697525024414,65af527160a5a0d9da339110aebc9666
bd34a0639575.png,0,sem_retinopatia_diabetica,1050,1050,1050x1050,1.0,PNG,RGB,978805,0.9334611892700195,185e7cf623cabeb105d15ad48a4be188
bd375ba756b1.png,0,sem_retinopatia_diabetica,2048,1536,2048x1536,1.3333333333333333,PNG,RGB,1903021,1.8148622512817383,b2cb48b7ff1904e45962148dfb86a425
bd500a73beae.png,0,sem_retinopatia_diabetica,1050,1050,1050x1050,1.0,PNG,RGB,1032787,0.9849424362182617,b64114ebe87de6a4cb83c4e397158111
bd5013540a13.png,4,retinopatia_diabetica_proliferativa,1504,1000,1504x1000,1.504,PNG,RGB,1419847,1.3540716171264648,0a20d5b84db6d380d9ce66be03b3369c
bd9904495ccd.png,4,retinopatia_diabetica_proliferativa,3216,2136,3216x2136,1.5056179775280898,PNG,RGB,2683234,2.558931350708008,1aa207c46ae7930ff802a508860ec8e0
bda7ff3b1562.png,2,retinopatia_diabetica_moderada,3388,2588,3388x2588,1.3091190108191655,PNG,RGB,7226978,6.892183303833008,11b817b14afaa92ba1d71dc1a5d9b364
bda8c973b09d.png,2,retinopatia_diabetica_moderada,3216,2136,3216x2136,1.5056179775280898,PNG,RGB,1885306,1.7979679107666016,6735d78cb90df26bc23517a302ee318f
bda91b76095b.png,0,sem_retinopatia_diabetica,1476,1117,1476x1117,1.3213965980304387,PNG,RGB,2291128,2.1849899291992188,fe38b77518bf50d7341f976e8ae9897d
bdb98063fe84.png,2,retinopatia_diabetica_moderada,2588,1958,2588x1958,1.3217568947906027,PNG,RGB,5177734,4.937871932983398,f99ee8ea5fdff2865591f5d3937354ae
bdc6c60e9133.png,0,sem_retinopatia_diabetica,2048,1536,2048x1536,1.3333333333333333,PNG,RGB,1909422,1.8209667205810547,cebdd8337289e5f6f4eb7e27d7917387
bde1063a5dd7.png,0,sem_retinopatia_diabetica,2588,1958,2588x1958,1.3217568947906027,PNG,RGB,5443664,5.1914825439453125,1485b004f63695e5f5c322d12c56e86c
bdf47b9f10c4.png,0,sem_retinopatia_diabetica,1050,1050,1050x1050,1.0,PNG,RGB,1015232,0.96820068359375,d4b1d60602c2fc8f4c0e08148589addf
bdff5d8bddf8.png,4,retinopatia_diabetica_proliferativa,3216,2136,3216x2136,1.5056179775280898,PNG,RGB,2347639,2.2388830184936523,aa7865a86e0ee7301acc51939bec1612
be161517d3ac.png,2,retinopatia_diabetica_moderada,1504,1000,1504x1000,1.504,PNG,RGB,1486302,1.4174480438232422,502eeb59021479778423eb06ff749d11
be197b663520.png,0,sem_retinopatia_diabetica,1050,1050,1050x1050,1.0,PNG,RGB,1029880,0.9821701049804688,3894ce327e0c2f4b37b346a0e66e1f95
be21d8b60e2a.png,2,retinopatia_diabetica_moderada,1050,1050,1050x1050,1.0,PNG,RGB,981493,0.9360246658325195,cf8d9e06d890a1db97609abca3a33fca
be3a7d9e981e.png,0,sem_retinopatia_diabetica,2048,1536,2048x1536,1.3333333333333333,PNG,RGB,1716215,1.6367101669311523,29db0aed24318f9515a02e11fa57ba41
be521870a0ea.png,0,sem_retinopatia_diabetica,819,614,819x614,1.3338762214983713,PNG,RGB,331299,0.3159513473510742,9e75e9940fa19d70efcfe0d2751fb61e
be68322c7223.png,2,retinopatia_diabetica_moderada,3216,2136,3216x2136,1.5056179775280898,PNG,RGB,2872586,2.739511489868164,5630b46c34009454110dbc20ce8d3792
be6cbf6e5b10.png,0,sem_retinopatia_diabetica,2048,1536,2048x1536,1.3333333333333333,PNG,RGB,1926805,1.8375444412231445,bf70ff6980c572f36d350ab109f977b0
be7bc89f5fec.png,2,retinopatia_diabetica_moderada,640,480,640x480,1.3333333333333333,PNG,RGB,304250,0.29015541076660156,62fb1956bc67aad7e9ccd62aafbbbdea
be7f791a7877.png,0,sem_retinopatia_diabetica,2048,1536,2048x1536,1.3333333333333333,PNG,RGB,1799461,1.716099739074707,7c9d8b71393e6350bae0310e64f8acb3
be8697eb2078.png,0,sem_retinopatia_diabetica,1050,1050,1050x1050,1.0,PNG,RGB,1053775,1.004958152770996,8893839644e5669216fd5223d8c83b94
beb00fa6e7c9.png,0,sem_retinopatia_diabetica,2588,1958,2588x1958,1.3217568947906027,PNG,RGB,5202460,4.961452484130859,89eeb26d731bd92da8c41a51e98a14c4
beb2ad14fd2d.png,0,sem_retinopatia_diabetica,2588,1958,2588x1958,1.3217568947906027,PNG,RGB,5031254,4.798177719116211,56a9b479f7c5cdda5edccf084e1e84d3
bebb3f167654.png,1,retinopatia_diabetica_leve,2416,1736,2416x1736,1.391705069124424,PNG,RGB,2009136,1.9160614013671875,93378fb8ad0de6a992c820f54f6e109d
bebfbd907cac.png,0,sem_retinopatia_diabetica,1050,1050,1050x1050,1.0,PNG,RGB,984329,0.9387292861938477,96e79ea2f04fc660261f913ed44561a1
bec0acd539b2.png,3,retinopatia_diabetica_grave,3216,2136,3216x2136,1.5056179775280898,PNG,RGB,2939800,2.8036117553710938,a3943d99c1f7588ece81f14e7f006feb
bed8296c8dfe.png,0,sem_retinopatia_diabetica,2048,1536,2048x1536,1.3333333333333333,PNG,RGB,1939235,1.8493986129760742,7992c2441a90c5e173ecf0f1d16a8391
beeca5f14618.png,0,sem_retinopatia_diabetica,819,614,819x614,1.3338762214983713,PNG,RGB,342695,0.32681941986083984,9e454f35a67213275950fb7212ce7154
bf18ff30a8f6.png,1,retinopatia_diabetica_leve,2416,1736,2416x1736,1.391705069124424,PNG,RGB,1758981,1.677495002746582,e55882d6823438a303fb1beebb83bcea
bf1b7e21e774.png,2,retinopatia_diabetica_moderada,1844,1226,1844x1226,1.504078303425775,PNG,RGB,915408,0.8730010986328125,3cf83db932e210662ca89f8092d7d56c
bf6cbccacf39.png,0,sem_retinopatia_diabetica,819,614,819x614,1.3338762214983713,PNG,RGB,304087,0.28999996185302734,dcca28857e81b6f1a032091079f35bdc
bf7047dc683c.png,2,retinopatia_diabetica_moderada,2416,1736,2416x1736,1.391705069124424,PNG,RGB,2347609,2.23885440826416,4f7d0bece36e14b78c75071c62b82482
bf7221a016b5.png,0,sem_retinopatia_diabetica,2588,1958,2588x1958,1.3217568947906027,PNG,RGB,5660965,5.398716926574707,d56d3872831185d962b780fb0b5d6081
bf7b4eae7ad0.png,0,sem_retinopatia_diabetica,1050,1050,1050x1050,1.0,PNG,RGB,1010607,0.9637899398803711,0b14bec22d96655c77a03acf8e9c999a
bf8092e4001d.png,3,retinopatia_diabetica_grave,2896,1944,2896x1944,1.4897119341563787,PNG,RGB,5073231,4.838210105895996,cea83d1d06e401157afc06eeca3bcf05
bf811911acf9.png,0,sem_retinopatia_diabetica,1050,1050,1050x1050,1.0,PNG,RGB,1058533,1.009495735168457,5ead1d7942f5b6cc916da7ec6557c18c
bf87aedf2489.png,0,sem_retinopatia_diabetica,1050,1050,1050x1050,1.0,PNG,RGB,971241,0.9262475967407227,440d72bed9e794e4c32062e03eb9793b
bf9cba745efc.png,2,retinopatia_diabetica_moderada,1050,1050,1050x1050,1.0,PNG,RGB,933056,0.88983154296875,04efc1b63bf8927199343a7017f76b05
bfa30ebf63a8.png,0,sem_retinopatia_diabetica,1050,1050,1050x1050,1.0,PNG,RGB,1061797,1.012608528137207,0a778c39fb66ef647f658eeea0213dfc
bfaa0080ab61.png,2,retinopatia_diabetica_moderada,2416,1736,2416x1736,1.391705069124424,PNG,RGB,2133945,2.035088539123535,5692caa64a0cca5dac75749684fd2fd6
bfb578c0e8d8.png,0,sem_retinopatia_diabetica,2588,1958,2588x1958,1.3217568947906027,PNG,RGB,5374800,5.1258087158203125,f1e890392faa1ffd24280566ce6f4143
bfd5c0e55420.png,2,retinopatia_diabetica_moderada,3216,2136,3216x2136,1.5056179775280898,PNG,RGB,3212225,3.0634164810180664,48ef58807584a7bb6a2c0791b7fcff1b
bfda2fd0533a.png,2,retinopatia_diabetica_moderada,2416,1736,2416x1736,1.391705069124424,PNG,RGB,2374587,2.264582633972168,5a8c86cde2030a5d6be9eb37ec3d4862
bfdee9be1f1d.png,4,retinopatia_diabetica_proliferativa,2588,1958,2588x1958,1.3217568947906027,PNG,RGB,5102217,4.865853309631348,806d9304390a1734b1577eeeda4fc5d5
bfe467b7e997.png,2,retinopatia_diabetica_moderada,3216,2136,3216x2136,1.5056179775280898,PNG,RGB,2110782,2.012998580932617,fea0e1e3cb2f9a9f1da22edca487839e
bfefa7344e7d.png,4,retinopatia_diabetica_proliferativa,1050,1050,1050x1050,1.0,PNG,RGB,975016,0.9298477172851562,79aa4d8483a0be779709681da49d9beb
bff51afc76d4.png,0,sem_retinopatia_diabetica,2588,1958,2588x1958,1.3217568947906027,PNG,RGB,5530421,5.2742204666137695,809eb05de42f775d7f1d7f6f247510ac
bffca6eeb2bf.png,0,sem_retinopatia_diabetica,1050,1050,1050x1050,1.0,PNG,RGB,963075,0.9184598922729492,7cdb8c215d712567c706561c0010fff0
c013e869acce.png,0,sem_retinopatia_diabetica,2048,1536,2048x1536,1.3333333333333333,PNG,RGB,1913502,1.8248577117919922,deaab0056dd550596145683591e25471
c01eae4b4939.png,4,retinopatia_diabetica_proliferativa,4288,2848,4288x2848,1.5056179775280898,PNG,RGB,5774457,5.506951332092285,ada66c7acaa012ef164a0c79057931ad
c0202976c670.png,2,retinopatia_diabetica_moderada,3388,2588,3388x2588,1.3091190108191655,PNG,RGB,7223414,6.888784408569336,6c2c4371f3bce294ec626b11e807ef1e
c027e5482e8c.png,1,retinopatia_diabetica_leve,2416,1736,2416x1736,1.391705069124424,PNG,RGB,1758561,1.6770944595336914,7466afedd7c8d829f842228478bc65ee
c05b7b4c22fe.png,2,retinopatia_diabetica_moderada,3216,2136,3216x2136,1.5056179775280898,PNG,RGB,5656638,5.394590377807617,3b0291e1bd8aee40226b1808c916eb8a
c06024f05a16.png,0,sem_retinopatia_diabetica,1050,1050,1050x1050,1.0,PNG,RGB,1074208,1.024444580078125,e46697e2db8e36224ca11c361ceb91be
c096131ad065.png,0,sem_retinopatia_diabetica,1050,1050,1050x1050,1.0,PNG,RGB,918221,0.8756837844848633,c42e8a559246b39db75fd07b079b0dd0
c0968d41eb93.png,1,retinopatia_diabetica_leve,2416,1736,2416x1736,1.391705069124424,PNG,RGB,2166321,2.065964698791504,19f00b75368cb888f923249b6d66a43a
c0a0828e01b4.png,3,retinopatia_diabetica_grave,3216,2136,3216x2136,1.5056179775280898,PNG,RGB,2871786,2.738748550415039,05980a732cb2f861cb2a3f3546e2b84f
c0a117de7d0a.png,0,sem_retinopatia_diabetica,2048,1536,2048x1536,1.3333333333333333,PNG,RGB,1941306,1.8513736724853516,f15ab0a4a085d2d90df2e8c5868a92fe
c0e15e8e2b46.png,1,retinopatia_diabetica_leve,2588,1958,2588x1958,1.3217568947906027,PNG,RGB,2980956,2.8428611755371094,08b69f9d4e9215572f7f57c334edf111
c0e509786f7f.png,4,retinopatia_diabetica_proliferativa,3216,2136,3216x2136,1.5056179775280898,PNG,RGB,6269673,5.979226112365723,b22bb5d93f07a39b8479ca6e3ad8ae5c
c0f15fe3b4b7.png,1,retinopatia_diabetica_leve,4288,2848,4288x2848,1.5056179775280898,PNG,RGB,5493596,5.239101409912109,ab8803465b287701e72bcbba2a5e336f
c102db7634d8.png,1,retinopatia_diabetica_leve,4288,2848,4288x2848,1.5056179775280898,PNG,RGB,4788612,4.566776275634766,8f4643a09a1d1aa7f221867fdbfae721
c12e9ca420a5.png,0,sem_retinopatia_diabetica,2048,1536,2048x1536,1.3333333333333333,PNG,RGB,1939812,1.8499488830566406,2d325426c3dc356158e7bab975ba015e
c1437a7a52c9.png,0,sem_retinopatia_diabetica,2588,1958,2588x1958,1.3217568947906027,PNG,RGB,5446893,5.194561958312988,a1acaff4a92daa450d9fa27b3a44d559
c1799a6f5c65.png,4,retinopatia_diabetica_proliferativa,2416,1736,2416x1736,1.391705069124424,PNG,RGB,2237520,2.1338653564453125,e0af41ddd900af8a41c1ca54cb28b43c
c1819db0aece.png,0,sem_retinopatia_diabetica,1050,1050,1050x1050,1.0,PNG,RGB,973351,0.9282598495483398,e440f9cba868a72d78e74b10329dfda4
c1896142a20a.png,4,retinopatia_diabetica_proliferativa,2588,1958,2588x1958,1.3217568947906027,PNG,RGB,5339037,5.091702461242676,a67146e849aef345dc03d02a3657be64
c18a006f7f1d.png,0,sem_retinopatia_diabetica,1050,1050,1050x1050,1.0,PNG,RGB,1035232,0.987274169921875,7d9947a55a2563de311c86b506ef8d86
c1c8550508e0.png,2,retinopatia_diabetica_moderada,3216,2136,3216x2136,1.5056179775280898,PNG,RGB,5851912,5.580818176269531,27e6970be8d58fb48d4385eb902d9f74
c1e6fa1ad314.png,1,retinopatia_diabetica_leve,2416,1736,2416x1736,1.391705069124424,PNG,RGB,2438832,2.3258514404296875,058f5289a374da1061ee8c06debd5e05
c1ebe785503a.png,1,retinopatia_diabetica_leve,2416,1736,2416x1736,1.391705069124424,PNG,RGB,1996276,1.9037971496582031,2876c05116d097c345578b385709f6ec
c21eb81de9fc.png,0,sem_retinopatia_diabetica,819,614,819x614,1.3338762214983713,PNG,RGB,316825,0.30214786529541016,a2057498499acb4d368817b9003afea1
c23ff6dcf15e.png,0,sem_retinopatia_diabetica,2048,1536,2048x1536,1.3333333333333333,PNG,RGB,1941514,1.851572036743164,e411f42e537c9799c53618f9cc6d2c8d
c24bcf7a1bc4.png,0,sem_retinopatia_diabetica,1050,1050,1050x1050,1.0,PNG,RGB,989910,0.9440517425537109,2030aa17f3f1e70be1272307a930d6ae
c252da9b41d8.png,2,retinopatia_diabetica_moderada,3216,2136,3216x2136,1.5056179775280898,PNG,RGB,3224750,3.0753612518310547,c4f9d74d5f6007f06995363c1f0365b4
c25e02b39c01.png,0,sem_retinopatia_diabetica,1050,1050,1050x1050,1.0,PNG,RGB,1010838,0.9640102386474609,a2a2a14083d3d350e78c11f5c0db93b3
c261b1aaa828.png,2,retinopatia_diabetica_moderada,2416,1736,2416x1736,1.391705069124424,PNG,RGB,2332413,2.224362373352051,b7b64420f7deb4cc71daf8d70114a5df
c26f98f58350.png,0,sem_retinopatia_diabetica,2048,1536,2048x1536,1.3333333333333333,PNG,RGB,1871909,1.785191535949707,4461840840cac11439a6aefed538dcc9
c280730cc211.png,2,retinopatia_diabetica_moderada,2416,1736,2416x1736,1.391705069124424,PNG,RGB,2356205,2.2470521926879883,401c1a37aedd80ff8cef2d70ad5d0f34
c2a58b2cfd0b.png,0,sem_retinopatia_diabetica,1050,1050,1050x1050,1.0,PNG,RGB,877842,0.8371753692626953,8a8c1176dc9b57e455cd2db385d668d1
c2d2b4f536da.png,2,retinopatia_diabetica_moderada,3216,2136,3216x2136,1.5056179775280898,PNG,RGB,5703399,5.43918514251709,ec7b3c14d910adb43373f6df0b155517
c2f3281cf528.png,0,sem_retinopatia_diabetica,1050,1050,1050x1050,1.0,PNG,RGB,998306,0.9520587921142578,5c1df4db45000cef08f61274053dfe3b
c31651ea04c6.png,3,retinopatia_diabetica_grave,2588,1958,2588x1958,1.3217568947906027,PNG,RGB,4641788,4.426753997802734,8f69c9cf1270c9f4181cbda52064e5cb
c334f8688b77.png,0,sem_retinopatia_diabetica,1050,1050,1050x1050,1.0,PNG,RGB,1039238,0.9910945892333984,36ee4f1ee68c43abba8cff3678f87b6a
c365c598ad4e.png,0,sem_retinopatia_diabetica,1050,1050,1050x1050,1.0,PNG,RGB,864404,0.8243598937988281,8701a913f0b937a29dbed9e3a6904378
c373b73a80c8.png,0,sem_retinopatia_diabetica,2048,1536,2048x1536,1.3333333333333333,PNG,RGB,1937095,1.8473577499389648,09c1ed8ef7c11cc69deb26ebb8acb16e
c3789c1dab96.png,0,sem_retinopatia_diabetica,819,614,819x614,1.3338762214983713,PNG,RGB,282920,0.26981353759765625,d99508ae9c8d23dcefab2ff07568c3d0
c38dec54a9f7.png,0,sem_retinopatia_diabetica,1050,1050,1050x1050,1.0,PNG,RGB,1024292,0.9768409729003906,07aa9942f4692f7b022b4447467ca730
c3a82acb7d7a.png,3,retinopatia_diabetica_grave,3216,2136,3216x2136,1.5056179775280898,PNG,RGB,3468069,3.307408332824707,5a90e9daf9b6985eb2093150b5e00728
c3aa424eff9a.png,0,sem_retinopatia_diabetica,2048,1536,2048x1536,1.3333333333333333,PNG,RGB,1792619,1.7095746994018555,73181517fd39d33b4c851eb49542bbc1
c3acf47700ea.png,2,retinopatia_diabetica_moderada,3388,2588,3388x2588,1.3091190108191655,PNG,RGB,7497017,7.149712562561035,2e309070faff04d94cee94778c92d84c
c3b15bf9b4bc.png,0,sem_retinopatia_diabetica,2048,1536,2048x1536,1.3333333333333333,PNG,RGB,1936950,1.847219467163086,b7be7c14c7542c038f194be0babd52d6
c3c8fdda50c0.png,0,sem_retinopatia_diabetica,1050,1050,1050x1050,1.0,PNG,RGB,929965,0.8868837356567383,9c47ec447098f10ddadf0c8c85fe278e
c3cd0200df79.png,3,retinopatia_diabetica_grave,2588,1958,2588x1958,1.3217568947906027,PNG,RGB,4003772,3.8182945251464844,4ea3688404711998724fbc677a643466
c3d12a23f451.png,4,retinopatia_diabetica_proliferativa,2588,1958,2588x1958,1.3217568947906027,PNG,RGB,5372890,5.123987197875977,fe3e6b512ea59fbfce62a25a895d16f6
c3e02d4a1798.png,2,retinopatia_diabetica_moderada,3216,2136,3216x2136,1.5056179775280898,PNG,RGB,2985891,2.847567558288574,402c5106741c7823cca620307b4a0585
c406325360b1.png,2,retinopatia_diabetica_moderada,1050,1050,1050x1050,1.0,PNG,RGB,842676,0.8036384582519531,d1f531d761fd394d2668bfcd30a655a9
c40976189f22.png,1,retinopatia_diabetica_leve,2416,1736,2416x1736,1.391705069124424,PNG,RGB,2401602,2.290346145629883,5ee92ff5becf3899614de89841af0900
c446985355f1.png,0,sem_retinopatia_diabetica,1050,1050,1050x1050,1.0,PNG,RGB,950564,0.9065284729003906,86c2ee692968912b1f1c89de8337901c
c48ae5da188e.png,2,retinopatia_diabetica_moderada,3388,2588,3388x2588,1.3091190108191655,PNG,RGB,3690295,3.5193395614624023,380c8960c86497ec19b9a864d3536a62
c4a8f2fcf6e8.png,1,retinopatia_diabetica_leve,2416,1736,2416x1736,1.391705069124424,PNG,RGB,2233151,2.1296987533569336,8f8c8743ca5bc1e162e4910697e51a2a
c4aef0d88d1b.png,0,sem_retinopatia_diabetica,1050,1050,1050x1050,1.0,PNG,RGB,876610,0.8360004425048828,fe4ed4859f04fc5cd7e751d452687b30
c4e8b1ec8893.png,2,retinopatia_diabetica_moderada,1050,1050,1050x1050,1.0,PNG,RGB,822539,0.7844343185424805,40f29022ac4445fe9b2ad1b618e59ac2
c52bb7343387.png,2,retinopatia_diabetica_moderada,3216,2136,3216x2136,1.5056179775280898,PNG,RGB,2918998,2.783773422241211,62113a252edd6d4564f794e5da6f7272
c5431b81cbc9.png,2,retinopatia_diabetica_moderada,2588,1958,2588x1958,1.3217568947906027,PNG,RGB,5513743,5.258315086364746,f65dac92605a16a04fdece42faf789af
c546670d9684.png,0,sem_retinopatia_diabetica,2416,1736,2416x1736,1.391705069124424,PNG,RGB,2342720,2.23419189453125,cea1f713f6a0738a09ede3e4bdabebc0
c561bcd519e9.png,2,retinopatia_diabetica_moderada,2416,1736,2416x1736,1.391705069124424,PNG,RGB,2273644,2.168315887451172,3f648414a06b92ae1cf71287851748ac
c56293f53191.png,0,sem_retinopatia_diabetica,1050,1050,1050x1050,1.0,PNG,RGB,965249,0.9205331802368164,de7d9b0abc84669e6772f358c34c7eb8
c568e5245ea5.png,2,retinopatia_diabetica_moderada,2416,1736,2416x1736,1.391705069124424,PNG,RGB,2257871,2.153273582458496,b3e2b88020d1a2789ec3178101a045df
c56e65f74187.png,1,retinopatia_diabetica_leve,2588,1958,2588x1958,1.3217568947906027,PNG,RGB,2857293,2.7249269485473633,d89eccf054456311ab0bc805399a71d6
c57c164bca05.png,0,sem_retinopatia_diabetica,2588,1958,2588x1958,1.3217568947906027,PNG,RGB,5290535,5.04544734954834,735e0b463a6b52a5049c53199b1f90a8
c58971bcebb2.png,0,sem_retinopatia_diabetica,2588,1958,2588x1958,1.3217568947906027,PNG,RGB,5076115,4.840960502624512,e5feb5169d95fb17953ae4a40ee2d1ca
c58e5c0c5b33.png,0,sem_retinopatia_diabetica,1050,1050,1050x1050,1.0,PNG,RGB,1039015,0.9908819198608398,ed860f21195f570e9a671b1a9e245924
c597ef460944.png,0,sem_retinopatia_diabetica,2588,1958,2588x1958,1.3217568947906027,PNG,RGB,5465446,5.212255477905273,8ca6b8ffb3f7ff618838ad4afea66bce
c5a0e84e955d.png,0,sem_retinopatia_diabetica,2048,1536,2048x1536,1.3333333333333333,PNG,RGB,1763581,1.6818819046020508,98103173c907b9c68d51661595ebec36
c5a6f432a1ec.png,0,sem_retinopatia_diabetica,819,614,819x614,1.3338762214983713,PNG,RGB,285044,0.2718391418457031,1962ff9b23c1b26d4d1332d3985f0f5f
c5a9ebef1517.png,3,retinopatia_diabetica_grave,2588,1958,2588x1958,1.3217568947906027,PNG,RGB,5570527,5.312468528747559,049df470d990de39b1c404bac20c7d6b
c5ad60521f8c.png,2,retinopatia_diabetica_moderada,1504,1000,1504x1000,1.504,PNG,RGB,728312,0.6945724487304688,93957dc14618096aa51e05be5797027b
c5b58cc992af.png,0,sem_retinopatia_diabetica,819,614,819x614,1.3338762214983713,PNG,RGB,296621,0.2828798294067383,9d484e87854f2e2547b351f8884998b5
c5ba9e455d5e.png,3,retinopatia_diabetica_grave,3216,2136,3216x2136,1.5056179775280898,PNG,RGB,2962232,2.8250045776367188,d1ca8f3cb22e78bcfd85d8d967a4323b
c5bec7f1e5f3.png,0,sem_retinopatia_diabetica,1050,1050,1050x1050,1.0,PNG,RGB,916825,0.8743524551391602,43f5958e2952bcc557360d690fd7134d
c5e238aa18be.png,4,retinopatia_diabetica_proliferativa,2416,1736,2416x1736,1.391705069124424,PNG,RGB,2406852,2.2953529357910156,3b54e0db0cdd04ea24f315996d4d96a8
c613db1cab27.png,2,retinopatia_diabetica_moderada,3216,2136,3216x2136,1.5056179775280898,PNG,RGB,2154110,2.054319381713867,1a9374ca0607efd847775d96f2da1e5c
c6229222bf22.png,0,sem_retinopatia_diabetica,1050,1050,1050x1050,1.0,PNG,RGB,999226,0.9529361724853516,dc39c867306d179ee5c987e57b8d5028
c62585bd68fb.png,4,retinopatia_diabetica_proliferativa,1476,1117,1476x1117,1.3213965980304387,PNG,RGB,1704747,1.6257734298706055,a422e44801bd55f6166efa64d3750bb6
c62cef02efa2.png,0,sem_retinopatia_diabetica,1050,1050,1050x1050,1.0,PNG,RGB,1056995,1.0080289840698242,29e5eb2d4df9d3914fd17a7a83a3b4e3
c639d837f5e4.png,0,sem_retinopatia_diabetica,2048,1536,2048x1536,1.3333333333333333,PNG,RGB,1908961,1.8205270767211914,725d614bd3e6eda49a5349c47c0e200c
c64c0966b4cf.png,0,sem_retinopatia_diabetica,1050,1050,1050x1050,1.0,PNG,RGB,967349,0.9225358963012695,01298f0e163a86e2e9b48dfc4c8ebd1b
c67117c6ab3b.png,3,retinopatia_diabetica_grave,2416,1736,2416x1736,1.391705069124424,PNG,RGB,1877038,1.7900829315185547,e5b1ab23deddfd33b618edadf8b2d3d9
c68dfa021d62.png,2,retinopatia_diabetica_moderada,3216,2136,3216x2136,1.5056179775280898,PNG,RGB,2141583,2.042372703552246,b5b7d8571461326767d14d895f56f41e
c6916bc42016.png,0,sem_retinopatia_diabetica,1050,1050,1050x1050,1.0,PNG,RGB,1073569,1.0238351821899414,9aa127523cb35ae02f99b00ce82a00e4
c6a145742708.png,4,retinopatia_diabetica_proliferativa,3388,2588,3388x2588,1.3091190108191655,PNG,RGB,7307332,6.968814849853516,baa3038be8d0ecfe273e73a0a1525288
c6a2975228af.png,2,retinopatia_diabetica_moderada,2588,1958,2588x1958,1.3217568947906027,PNG,RGB,5097085,4.860959053039551,9c67afceeaab7359e93410a037daafaf
c6a8f8f998a2.png,0,sem_retinopatia_diabetica,1050,1050,1050x1050,1.0,PNG,RGB,963173,0.918553352355957,002ba0f539b4e60744b7f0b0ace761cb
c6c2bad91f23.png,2,retinopatia_diabetica_moderada,3216,2136,3216x2136,1.5056179775280898,PNG,RGB,2830659,2.699526786804199,f61b97fcda688f101644fcd041b82f36
c6d4e4a3bd4c.png,0,sem_retinopatia_diabetica,1050,1050,1050x1050,1.0,PNG,RGB,898563,0.8569364547729492,a3fc961438f44adad9579128e336d2d7
c6e1e9fbf39b.png,2,retinopatia_diabetica_moderada,2416,1736,2416x1736,1.391705069124424,PNG,RGB,2316839,2.20950984954834,d4d25df30bf2369d9d7fa683b07e495e
c6f5b5b5be41.png,0,sem_retinopatia_diabetica,1050,1050,1050x1050,1.0,PNG,RGB,1037056,0.989013671875,b49fc6e03cefe6accdd45d6cc0f0b89c
c704bd669f36.png,0,sem_retinopatia_diabetica,1050,1050,1050x1050,1.0,PNG,RGB,1065898,1.016519546508789,7297e7a29e64362f8fe30bf0a90b145a
c70d09370109.png,2,retinopatia_diabetica_moderada,1050,1050,1050x1050,1.0,PNG,RGB,887983,0.8468465805053711,747e0e3908bb642a60d2a57980ef7dee
c739ff9580d3.png,1,retinopatia_diabetica_leve,2416,1736,2416x1736,1.391705069124424,PNG,RGB,2333715,2.2256040573120117,edf1a5147c3aab47463f1d63530c0f84
c73c5f6ef664.png,2,retinopatia_diabetica_moderada,3216,2136,3216x2136,1.5056179775280898,PNG,RGB,2055717,1.960484504699707,8ee6a1d949f483e65f6ab03f0fee6922
c755a0c4edcc.png,0,sem_retinopatia_diabetica,2048,1536,2048x1536,1.3333333333333333,PNG,RGB,1912624,1.8240203857421875,bea6c35d65a534596a269abc593f86ab
c76664770c07.png,3,retinopatia_diabetica_grave,2588,1958,2588x1958,1.3217568947906027,PNG,RGB,5258579,5.014971733093262,b58eea3e41251e24c4604d8508b59085
c7b622ec8104.png,1,retinopatia_diabetica_leve,2416,1736,2416x1736,1.391705069124424,PNG,RGB,1976728,1.8851547241210938,f131d037948020f61702040a1fb25c36
c7c0470bcf87.png,2,retinopatia_diabetica_moderada,2588,1958,2588x1958,1.3217568947906027,PNG,RGB,5096117,4.8600358963012695,7f3bb0f9da2c903eef4e7d967400cb76
c7c3d363bc86.png,0,sem_retinopatia_diabetica,2588,1958,2588x1958,1.3217568947906027,PNG,RGB,5683265,5.419983863830566,d1a16f0994071ef87a064138ec928ade
c7d0deb71576.png,0,sem_retinopatia_diabetica,1050,1050,1050x1050,1.0,PNG,RGB,962184,0.9176101684570312,50d122eda1c11832c98fc0eff4953d44
c7e827fc7f41.png,2,retinopatia_diabetica_moderada,2416,1736,2416x1736,1.391705069124424,PNG,RGB,2364227,2.254702568054199,a6e3228f565fc37413cb4c8fcc9e269c
c80b0f27541a.png,0,sem_retinopatia_diabetica,2588,1958,2588x1958,1.3217568947906027,PNG,RGB,5298492,5.053035736083984,481f4847e02a81334a031609e11157e6
c80f79579fed.png,2,retinopatia_diabetica_moderada,3216,2136,3216x2136,1.5056179775280898,PNG,RGB,2990086,2.8515682220458984,17ce17d1865e8fde3d16079f987197c2
c81c6911f5e0.png,0,sem_retinopatia_diabetica,1050,1050,1050x1050,1.0,PNG,RGB,1021099,0.9737958908081055,2bd824862bb454eec8b410adf1d06724
c85b79d70079.png,0,sem_retinopatia_diabetica,2588,1958,2588x1958,1.3217568947906027,PNG,RGB,5205179,4.964045524597168,31b3bd72863ecc3c8d2e0b15ee667e06
c87493ed320c.png,2,retinopatia_diabetica_moderada,3216,2136,3216x2136,1.5056179775280898,PNG,RGB,2489415,2.374091148376465,1b7814f1ac71327f9cd4fd3a5032b6c7
c8823cdaf7fa.png,2,retinopatia_diabetica_moderada,3216,2136,3216x2136,1.5056179775280898,PNG,RGB,2551804,2.4335899353027344,df54dcdb84dba05b43d619b5bc2f5f87
c8905b8d5cf1.png,2,retinopatia_diabetica_moderada,2588,1958,2588x1958,1.3217568947906027,PNG,RGB,5228819,4.986590385437012,31316d9c3278e18a98ab2e689dd2ab20
c8a3eb9a5b52.png,2,retinopatia_diabetica_moderada,3216,2136,3216x2136,1.5056179775280898,PNG,RGB,2948038,2.8114681243896484,427febe2459b1bcb8349c5de5b531048
c8d2d32f7f29.png,4,retinopatia_diabetica_proliferativa,3216,2136,3216x2136,1.5056179775280898,PNG,RGB,5966646,5.690237045288086,c04aefbe905a9452432f505d23329e1c
c8fc0df22999.png,1,retinopatia_diabetica_leve,2416,1736,2416x1736,1.391705069124424,PNG,RGB,2181049,2.080010414123535,88ca339101874e2f75393e34cb7e592e
c90c6b94cf40.png,0,sem_retinopatia_diabetica,819,614,819x614,1.3338762214983713,PNG,RGB,287377,0.2740640640258789,ec1ce70fb80843d695a4e8bb87335110
c947bb6cf9f6.png,0,sem_retinopatia_diabetica,2048,1536,2048x1536,1.3333333333333333,PNG,RGB,1913121,1.8244943618774414,b0c2f34a42c5e30d1bcb3ef79f39d486
c9485c38fdd5.png,1,retinopatia_diabetica_leve,2416,1736,2416x1736,1.391705069124424,PNG,RGB,2291833,2.185662269592285,8516c5b13d646f6102f6102e3e2428f8
c94f37085d0f.png,0,sem_retinopatia_diabetica,1050,1050,1050x1050,1.0,PNG,RGB,900873,0.8591394424438477,ae9debcf9ad10d52fffc16bd06000c20
c96f743915b5.png,1,retinopatia_diabetica_leve,2416,1736,2416x1736,1.391705069124424,PNG,RGB,1893500,1.8057823181152344,2d38603466d05e0f2a0954ccaec1f44d
c97472ef2c66.png,0,sem_retinopatia_diabetica,819,614,819x614,1.3338762214983713,PNG,RGB,315192,0.30059051513671875,da7680eab0517cf38e26428dcafcfdd1
c98f623d08d1.png,0,sem_retinopatia_diabetica,1050,1050,1050x1050,1.0,PNG,RGB,963877,0.919224739074707,53d66c0a14419965c960ee2456e59189
c9c563864ab1.png,0,sem_retinopatia_diabetica,2048,1536,2048x1536,1.3333333333333333,PNG,RGB,1933168,1.8436126708984375,a1d2c86dbb8332a2d3f8a756069d78a1
c9d42d7534e0.png,2,retinopatia_diabetica_moderada,2416,1736,2416x1736,1.391705069124424,PNG,RGB,2457347,2.343508720397949,3bf6eeb814ec23e4237829d5e820327f
c9e697117f3f.png,0,sem_retinopatia_diabetica,1050,1050,1050x1050,1.0,PNG,RGB,992059,0.946101188659668,0d7ab378328480f25dfa2c6be0dbfe43
c9ea9d5eab65.png,3,retinopatia_diabetica_grave,2416,1736,2416x1736,1.391705069124424,PNG,RGB,2398569,2.2874536514282227,67e3f743bdffe1f16b06fcf42963d144
c9f0dc2c8b43.png,2,retinopatia_diabetica_moderada,1504,1000,1504x1000,1.504,PNG,RGB,1514791,1.4446172714233398,5e85c7ff25e879de224c15aacb11d553
ca05f7e7801b.png,0,sem_retinopatia_diabetica,1050,1050,1050x1050,1.0,PNG,RGB,927700,0.8847236633300781,740968cd572e9239b1f8ab35e52f8b4b
ca0f1a17c8e5.png,2,retinopatia_diabetica_moderada,1504,1000,1504x1000,1.504,PNG,RGB,1384653,1.3205080032348633,523b5e9da719b5d87b7d28b22fba31ce
ca1036496659.png,1,retinopatia_diabetica_leve,1844,1226,1844x1226,1.504078303425775,PNG,RGB,931537,0.8883829116821289,a994811a26ce7e8414110edbf5ec12bd
ca25745942b0.png,1,retinopatia_diabetica_leve,2416,1736,2416x1736,1.391705069124424,PNG,RGB,2021665,1.9280099868774414,3ac647a4d7641b4e22dd19bd697a7817
ca2b54b95ade.png,0,sem_retinopatia_diabetica,1050,1050,1050x1050,1.0,PNG,RGB,997336,0.9511337280273438,e9c99fc41be9af7fbb887ab0ac0064de
ca30a97e9d13.png,1,retinopatia_diabetica_leve,2588,1958,2588x1958,1.3217568947906027,PNG,RGB,3365195,3.2093000411987305,8c334ad99972350aa3cfc86e30a30d83
ca360bec5851.png,2,retinopatia_diabetica_moderada,3216,2136,3216x2136,1.5056179775280898,PNG,RGB,2979990,2.841939926147461,8ad0a646ed303717ed8d8003bd338dae
ca63fe4f4b52.png,1,retinopatia_diabetica_leve,2416,1736,2416x1736,1.391705069124424,PNG,RGB,1898392,1.8104476928710938,a6ad42a852de8c827063b315315986a5
ca6842bfcbc9.png,1,retinopatia_diabetica_leve,2416,1736,2416x1736,1.391705069124424,PNG,RGB,1758561,1.6770944595336914,7466afedd7c8d829f842228478bc65ee
ca7140ecf389.png,1,retinopatia_diabetica_leve,2416,1736,2416x1736,1.391705069124424,PNG,RGB,2328404,2.220539093017578,189190736f698d83ed9f436b7355998a
ca7570c5925c.png,2,retinopatia_diabetica_moderada,2416,1736,2416x1736,1.391705069124424,PNG,RGB,2085690,1.9890689849853516,5b3aec42f5b938eb737c696ced315573
ca7f5caddf96.png,2,retinopatia_diabetica_moderada,2588,1958,2588x1958,1.3217568947906027,PNG,RGB,5156804,4.917911529541016,27ef4823f2a3cd838feb0d57eead9c91
ca891d37a43c.png,2,retinopatia_diabetica_moderada,1504,1000,1504x1000,1.504,PNG,RGB,1323024,1.2617340087890625,217c348de53e4f70b11c66a925b26863
ca9c912ebad7.png,2,retinopatia_diabetica_moderada,3216,2136,3216x2136,1.5056179775280898,PNG,RGB,1769245,1.6872835159301758,abce39767181c87bfa48c14adbd32872
cab3dfa7962d.png,1,retinopatia_diabetica_leve,2416,1736,2416x1736,1.391705069124424,PNG,RGB,2008135,1.9151067733764648,0cbb2a598638f0c20d2e8372cb51b24f
cac40227d3b2.png,2,retinopatia_diabetica_moderada,1504,1000,1504x1000,1.504,PNG,RGB,1372778,1.309183120727539,02e855cb5c1eb05c81e6fd027ccdbcf2
cac80797770f.png,2,retinopatia_diabetica_moderada,2588,1958,2588x1958,1.3217568947906027,PNG,RGB,4181053,3.987362861633301,04d7dbc280702fae8fa07ce545b15f92
cad5b1a82e60.png,0,sem_retinopatia_diabetica,2048,1536,2048x1536,1.3333333333333333,PNG,RGB,1969955,1.8786954879760742,99eb393c1e9d01c382db562efb4731de
cadde4030858.png,0,sem_retinopatia_diabetica,1050,1050,1050x1050,1.0,PNG,RGB,1014440,0.9674453735351562,d6e8a444ec84488d04fdd0bbfbb03824
cae33655ca00.png,0,sem_retinopatia_diabetica,1050,1050,1050x1050,1.0,PNG,RGB,985701,0.940037727355957,c8187ae2b8fd9938099ba07bb9b93fc0
cae51154e1ce.png,1,retinopatia_diabetica_leve,2588,1958,2588x1958,1.3217568947906027,PNG,RGB,2851842,2.719728469848633,d58d69362ea3b53cf6104731900daa6c
caec68f11c86.png,2,retinopatia_diabetica_moderada,1050,1050,1050x1050,1.0,PNG,RGB,900689,0.8589639663696289,e14164dc015af573bc12400b561b4823
cb02bb47fdc5.png,0,sem_retinopatia_diabetica,2416,1736,2416x1736,1.391705069124424,PNG,RGB,2307663,2.200758934020996,729a0db2ca8293b4b8b2bff2669e628b
cb0cc98d7e35.png,0,sem_retinopatia_diabetica,2416,1736,2416x1736,1.391705069124424,PNG,RGB,2344199,2.235602378845215,3e768f69c195fb029b90169d701b867b
cb2201c226d6.png,0,sem_retinopatia_diabetica,1050,1050,1050x1050,1.0,PNG,RGB,951359,0.9072866439819336,dccae381bb1dbd4e01bd63327b2e0b4a
cb28adab4e8a.png,0,sem_retinopatia_diabetica,819,614,819x614,1.3338762214983713,PNG,RGB,282088,0.26902008056640625,222258747729f7e4d9b366a41aa42823
cb2f3c5d71a7.png,1,retinopatia_diabetica_leve,1050,1050,1050x1050,1.0,PNG,RGB,872094,0.8316936492919922,1f8758be5a485cd85ec35e98617141f3
cb39761f0712.png,0,sem_retinopatia_diabetica,1050,1050,1050x1050,1.0,PNG,RGB,1071147,1.0215253829956055,2ffbcb7234e488f40d4c7835712a2bd1
cb547e723a16.png,4,retinopatia_diabetica_proliferativa,2416,1736,2416x1736,1.391705069124424,PNG,RGB,2432069,2.319401741027832,e4036b1a5d9f30c89d2cf1e8771f1f5d
cb602182cde3.png,2,retinopatia_diabetica_moderada,640,480,640x480,1.3333333333333333,PNG,RGB,340907,0.32511425018310547,4a15adf384eb368af61670043fe9a425
cb68fce07789.png,0,sem_retinopatia_diabetica,1050,1050,1050x1050,1.0,PNG,RGB,1017365,0.9702348709106445,d4e6e2ef7a77c4c7c8830d8ced5c5bef
cb75210abebe.png,2,retinopatia_diabetica_moderada,3216,2136,3216x2136,1.5056179775280898,PNG,RGB,2649610,2.526865005493164,531ffad7c3400edbf9ff9c14051fde34
cbc23af521f3.png,0,sem_retinopatia_diabetica,2048,1536,2048x1536,1.3333333333333333,PNG,RGB,1939972,1.8501014709472656,846000c4405cb81b0bad94ed5592bcc5
cbc2e57447c2.png,2,retinopatia_diabetica_moderada,3216,2136,3216x2136,1.5056179775280898,PNG,RGB,2447125,2.3337602615356445,62481b5c6e7213c39797d932e566e090
cbd0870aa933.png,4,retinopatia_diabetica_proliferativa,2416,1736,2416x1736,1.391705069124424,PNG,RGB,2203849,2.1017541885375977,80950e4e2ef707af597777ff66eb5ee1
cbe633765ea7.png,0,sem_retinopatia_diabetica,1050,1050,1050x1050,1.0,PNG,RGB,827178,0.7888584136962891,80b947cd741f4e1950789fd43f9fa79b
cbf0394039f8.png,2,retinopatia_diabetica_moderada,2416,1736,2416x1736,1.391705069124424,PNG,RGB,2018059,1.9245710372924805,dc0d452b8d6b22f3cd27a791e9220976
cc12453ea915.png,1,retinopatia_diabetica_leve,2416,1736,2416x1736,1.391705069124424,PNG,RGB,2454927,2.341200828552246,c4554a3c1170517ea907f3577a548871
cc1eebed9276.png,2,retinopatia_diabetica_moderada,2416,1736,2416x1736,1.391705069124424,PNG,RGB,1958212,1.8674964904785156,7bf17405254ca590e0260e283d19f872
cc3d2e961768.png,4,retinopatia_diabetica_proliferativa,3216,2136,3216x2136,1.5056179775280898,PNG,RGB,5867250,5.59544563293457,81e4ace796e6aec61350c34c44f7e476
cc671a73e1cb.png,0,sem_retinopatia_diabetica,1050,1050,1050x1050,1.0,PNG,RGB,1052184,1.0034408569335938,31024db98c30e1f24b3123424086d47a
cc839823755b.png,2,retinopatia_diabetica_moderada,3388,2588,3388x2588,1.3091190108191655,PNG,RGB,3689070,3.5181713104248047,714345499fe9208da9ae6a030c49dbce
cc9270f06b65.png,1,retinopatia_diabetica_leve,2588,1958,2588x1958,1.3217568947906027,PNG,RGB,4430812,4.225551605224609,8d29d2748f8c85b30a5b4c5fc40091fa
cc964bf04dbc.png,0,sem_retinopatia_diabetica,1050,1050,1050x1050,1.0,PNG,RGB,1056769,1.0078134536743164,8422f09b839efcad7710a338fca82f2b
cca626a0e19a.png,2,retinopatia_diabetica_moderada,1844,1226,1844x1226,1.504078303425775,PNG,RGB,847080,0.8078384399414062,3031b54c2e3484edf60a95bc69bad860
ccd34029493d.png,2,retinopatia_diabetica_moderada,3216,2136,3216x2136,1.5056179775280898,PNG,RGB,2855996,2.7236900329589844,7bb44c28eda1a2ddfdb7a0a349556c07
ccd6dcb2f568.png,0,sem_retinopatia_diabetica,2048,1536,2048x1536,1.3333333333333333,PNG,RGB,1825640,1.7410659790039062,0b946698acd3d7bab6a819953b5bac33
ccea49708830.png,0,sem_retinopatia_diabetica,2048,1536,2048x1536,1.3333333333333333,PNG,RGB,1898752,1.810791015625,f7a7494d34f03da17a3b83692c388f20
cd01672507c9.png,0,sem_retinopatia_diabetica,2588,1958,2588x1958,1.3217568947906027,PNG,RGB,5497051,5.242396354675293,e95620b180b5ae6b6969ec05d84805f4
cd01f4f83336.png,0,sem_retinopatia_diabetica,2048,1536,2048x1536,1.3333333333333333,PNG,RGB,1930770,1.8413257598876953,38079fb30f3eb707a4e819023d9ec5a6
cd1c98ec48b1.png,0,sem_retinopatia_diabetica,1050,1050,1050x1050,1.0,PNG,RGB,905201,0.8632669448852539,2f37d7ac0c89973db3ca7163c3cff767
cd29c88c9e36.png,2,retinopatia_diabetica_moderada,3216,2136,3216x2136,1.5056179775280898,PNG,RGB,1599825,1.525712013244629,e4202c6db20265c642ebd744d2db7ff7
cd314653a4d8.png,0,sem_retinopatia_diabetica,2048,1536,2048x1536,1.3333333333333333,PNG,RGB,1908708,1.8202857971191406,68957e37b01bce4acb893c949739d5f2
cd3fd04d72f5.png,2,retinopatia_diabetica_moderada,1504,1000,1504x1000,1.504,PNG,RGB,1308118,1.247518539428711,5481e6578b7ddedb9ee4108cc7f85d28
cd45bfa07d41.png,1,retinopatia_diabetica_leve,3216,2136,3216x2136,1.5056179775280898,PNG,RGB,3063857,2.921921730041504,426410dccd5f174d7ca0c3c800f1e75f
cd48cfab4e44.png,0,sem_retinopatia_diabetica,2588,1958,2588x1958,1.3217568947906027,PNG,RGB,3196170,3.048105239868164,7f614c48fe026507bc299145a5cc583f
cd4e7f9fa1a9.png,2,retinopatia_diabetica_moderada,1504,1000,1504x1000,1.504,PNG,RGB,1306011,1.245509147644043,985d2ef214d747b029d0390eacbb90cd
cd54d022e37d.png,4,retinopatia_diabetica_proliferativa,3216,2136,3216x2136,1.5056179775280898,PNG,RGB,2923024,2.7876129150390625,deceed957fbbd45e7c6c68d6cc4ea7de
cd563556cb57.png,0,sem_retinopatia_diabetica,819,614,819x614,1.3338762214983713,PNG,RGB,357576,0.34101104736328125,3d6b1c4acb97239e0d3320e71314ba5d
cd5714db652d.png,1,retinopatia_diabetica_leve,2416,1736,2416x1736,1.391705069124424,PNG,RGB,1990885,1.898655891418457,e623d3fbc9c57c71eadccb17cad8767e
cd66754e1b3b.png,0,sem_retinopatia_diabetica,819,614,819x614,1.3338762214983713,PNG,RGB,303831,0.28975582122802734,b42c74bf615502921a5c24a664defffc
cd8da43e3069.png,0,sem_retinopatia_diabetica,1050,1050,1050x1050,1.0,PNG,RGB,988721,0.9429178237915039,64a0ba40b20eff56dc4b622a41f93021
cd93a472e5cd.png,4,retinopatia_diabetica_proliferativa,1050,1050,1050x1050,1.0,PNG,RGB,913889,0.8715524673461914,8472d5c5f7834fe2a149ac3d256ba4ca
cd941e5bc659.png,0,sem_retinopatia_diabetica,1050,1050,1050x1050,1.0,PNG,RGB,901694,0.8599224090576172,88cd0c0af6cc4464b0cd518691bccf81
cd972e5639e0.png,4,retinopatia_diabetica_proliferativa,2588,1958,2588x1958,1.3217568947906027,PNG,RGB,5308753,5.062821388244629,93ee7009f66b90d462e690c210d5d071
cd9e2190c73f.png,2,retinopatia_diabetica_moderada,2416,1736,2416x1736,1.391705069124424,PNG,RGB,2319997,2.212521553039551,2b2a9ab01528c7461979cf8107e3bf6f
ce207b69ff37.png,3,retinopatia_diabetica_grave,3216,2136,3216x2136,1.5056179775280898,PNG,RGB,3203635,3.0552244186401367,7e89f3416787b741839d654eca6e8727
ce6f33a81ad5.png,0,sem_retinopatia_diabetica,1050,1050,1050x1050,1.0,PNG,RGB,957428,0.9130744934082031,82fa0e2ff01e20153ce6069197090402
ce754234d760.png,0,sem_retinopatia_diabetica,1050,1050,1050x1050,1.0,PNG,RGB,993795,0.9477567672729492,6d3a334812b233e73a67db87ad57b222
ce887b196c23.png,2,retinopatia_diabetica_moderada,1504,1000,1504x1000,1.504,PNG,RGB,1310537,1.2498254776000977,760a5f40f35dd1ca462fbd81d190ab92
ce8d2efd9d4f.png,0,sem_retinopatia_diabetica,1050,1050,1050x1050,1.0,PNG,RGB,1032409,0.9845819473266602,8d818d65fdf78cc87ecf7f84e3c1759f
ceaa5803d780.png,2,retinopatia_diabetica_moderada,3216,2136,3216x2136,1.5056179775280898,PNG,RGB,3058416,2.9167327880859375,d6033c3ba2c7b585b1b97d537717bbb5
ceb32a193eff.png,0,sem_retinopatia_diabetica,1476,1117,1476x1117,1.3213965980304387,PNG,RGB,2321333,2.2137956619262695,eb5828730bc308e11177de3988ada8cd
ceb601fe8dba.png,2,retinopatia_diabetica_moderada,3216,2136,3216x2136,1.5056179775280898,PNG,RGB,3124281,2.979546546936035,4f8c7367580d290031e9e75dcfd5243b
cec299c2a2d5.png,0,sem_retinopatia_diabetica,2588,1958,2588x1958,1.3217568947906027,PNG,RGB,5145912,4.907524108886719,57a56c9c8916ca983c4d94e6a9102347
cf0575534cec.png,1,retinopatia_diabetica_leve,2416,1736,2416x1736,1.391705069124424,PNG,RGB,2258418,2.1537952423095703,a932ac088b683e23dba838e8a41c31cc
cf0824f53dd9.png,2,retinopatia_diabetica_moderada,2416,1736,2416x1736,1.391705069124424,PNG,RGB,1834773,1.7497758865356445,5caf87192bfad26cd79412c80bca48cc
cf1b9d26d38d.png,4,retinopatia_diabetica_proliferativa,3388,2588,3388x2588,1.3091190108191655,PNG,RGB,3977165,3.7929201126098633,8ebb1419e887c95e84efccd9ed9ed52d
cf603a9ef2d5.png,1,retinopatia_diabetica_leve,2416,1736,2416x1736,1.391705069124424,PNG,RGB,2222382,2.1194286346435547,d3f45a4312dde3fc79a8d88732f1d09a
cf6551521a35.png,0,sem_retinopatia_diabetica,2048,1536,2048x1536,1.3333333333333333,PNG,RGB,1860740,1.7745399475097656,e6c31d112c8eaa6c66ac54622ec7e83e
cf8ae5501bd6.png,0,sem_retinopatia_diabetica,1050,1050,1050x1050,1.0,PNG,RGB,951036,0.9069786071777344,03d4e64eb4fcf0e01736bc56ea50dc78
cf8f1bc7a215.png,0,sem_retinopatia_diabetica,819,614,819x614,1.3338762214983713,PNG,RGB,310639,0.2962484359741211,865eff807b12874b7cf03d9ff33919ac
cfb17a7cc8d4.png,0,sem_retinopatia_diabetica,1050,1050,1050x1050,1.0,PNG,RGB,906771,0.8647642135620117,51c33f1f0eed960b342995d0a82973ee
cfd1bd0fcbb4.png,1,retinopatia_diabetica_leve,819,614,819x614,1.3338762214983713,PNG,RGB,309635,0.2952909469604492,00db9140e66ba5debc9e6044f6c1564f
cfdbaef73a8b.png,0,sem_retinopatia_diabetica,819,614,819x614,1.3338762214983713,PNG,RGB,365242,0.34832191467285156,8a992d471910dd5df4cc0ecd2a30bf57
cfed7c1172ec.png,0,sem_retinopatia_diabetica,1050,1050,1050x1050,1.0,PNG,RGB,912469,0.8701982498168945,878020c2b5801d3ac38d5fee4fb3f6a6
cff262ed8f4c.png,0,sem_retinopatia_diabetica,2588,1958,2588x1958,1.3217568947906027,PNG,RGB,5899312,5.6260223388671875,e6f8f2c7334308f92337f8e33b70966a
cffc50047828.png,0,sem_retinopatia_diabetica,819,614,819x614,1.3338762214983713,PNG,RGB,313604,0.2990760803222656,e1c71faf499173d114d24d5a4fb9e1f8
d0079cc188e9.png,3,retinopatia_diabetica_grave,3216,2136,3216x2136,1.5056179775280898,PNG,RGB,6185982,5.899412155151367,aa0c64b332d5317ae2b0634820d10bb9
d02b79fc3200.png,0,sem_retinopatia_diabetica,1050,1050,1050x1050,1.0,PNG,RGB,1061530,1.0123538970947266,a56e385902ea2139314c16af6c3ac331
d035c2bd9104.png,3,retinopatia_diabetica_grave,1050,1050,1050x1050,1.0,PNG,RGB,866736,0.8265838623046875,b13b2e7cfa8fa4e6005b29a0e0d31588
d06ccd0cf4b8.png,1,retinopatia_diabetica_leve,2588,1958,2588x1958,1.3217568947906027,PNG,RGB,5047413,4.8135881423950195,b412baf375256a50ec2893497efdd266
d0926ed2c8e5.png,0,sem_retinopatia_diabetica,1050,1050,1050x1050,1.0,PNG,RGB,980234,0.9348239898681641,a285087588b711105e8dcb733cabfb08
d0b132d2c7ec.png,4,retinopatia_diabetica_proliferativa,1050,1050,1050x1050,1.0,PNG,RGB,983130,0.9375858306884766,6a85f11ce80af3f479fc3df592e45e9d
d0d59ed675b5.png,1,retinopatia_diabetica_leve,2416,1736,2416x1736,1.391705069124424,PNG,RGB,2274480,2.1691131591796875,ac5d7b005086da00e904f00644eb4764
d0ffa0425ef1.png,3,retinopatia_diabetica_grave,2416,1736,2416x1736,1.391705069124424,PNG,RGB,2044006,1.9493160247802734,0f9a6f7dec9d281f2aa729de6bb33ce3
d10d315f123f.png,2,retinopatia_diabetica_moderada,2416,1736,2416x1736,1.391705069124424,PNG,RGB,2243352,2.1394271850585938,716d0e52dac3839507cb022f50202bd6
d10ef306996b.png,4,retinopatia_diabetica_proliferativa,3216,2136,3216x2136,1.5056179775280898,PNG,RGB,3158719,3.0123891830444336,7edd0ccfabb42dc775f2cf7513f4df69
d141728fa392.png,2,retinopatia_diabetica_moderada,3388,2588,3388x2588,1.3091190108191655,PNG,RGB,3794601,3.6188135147094727,5265eb25048e543059052f237940e30a
d144144a2f3f.png,2,retinopatia_diabetica_moderada,1504,1000,1504x1000,1.504,PNG,RGB,1395162,1.3305301666259766,4a705364c825e1b27d8a1c1a167a64ce
d15ca3469b87.png,2,retinopatia_diabetica_moderada,2588,1958,2588x1958,1.3217568947906027,PNG,RGB,5100813,4.864514350891113,2babf9e466e326e313c7332f0f4c86ae
d160ebef4117.png,0,sem_retinopatia_diabetica,819,614,819x614,1.3338762214983713,PNG,RGB,318121,0.30338382720947266,fe82e62f9b8bc67c8217d62e67a69116
d16398c971e9.png,3,retinopatia_diabetica_grave,4288,2848,4288x2848,1.5056179775280898,PNG,RGB,5427579,5.176142692565918,c51074bb0afceadfca493efe19851582
d16e39b9d6f0.png,0,sem_retinopatia_diabetica,2048,1536,2048x1536,1.3333333333333333,PNG,RGB,1977899,1.8862714767456055,55b28e5c71bdd02d293d0a237630ee47
d16e59a2b33a.png,0,sem_retinopatia_diabetica,1050,1050,1050x1050,1.0,PNG,RGB,1007791,0.9611043930053711,ae951821d4b9bc902b503da3d45b32b6
d18aea8238a0.png,2,retinopatia_diabetica_moderada,2588,1958,2588x1958,1.3217568947906027,PNG,RGB,5416665,5.16573429107666,bec2e5bccb3a27b5d059136992eb3915
d18b1d8ac4de.png,2,retinopatia_diabetica_moderada,2416,1736,2416x1736,1.391705069124424,PNG,RGB,2610207,2.4892873764038086,d0ea13e0d0984eafa891afe95e151eb2
d18e5b68f6d2.png,2,retinopatia_diabetica_moderada,2588,1958,2588x1958,1.3217568947906027,PNG,RGB,5343690,5.096139907836914,8cecdf29b99f072bedd98e308de17def
d18f6431ebce.png,0,sem_retinopatia_diabetica,1050,1050,1050x1050,1.0,PNG,RGB,1007401,0.9607324600219727,c09375ef99637147aa352611f186de49
d1a24527a15d.png,4,retinopatia_diabetica_proliferativa,2416,1736,2416x1736,1.391705069124424,PNG,RGB,2281456,2.1757659912109375,daffbe0fcc98ac3c045b7fc31406d87c
d1a60c3b9fe5.png,0,sem_retinopatia_diabetica,1050,1050,1050x1050,1.0,PNG,RGB,820560,0.7825469970703125,8a3a449eef0bb57a113ed019c30e374f
d1afdb8cf70d.png,0,sem_retinopatia_diabetica,1050,1050,1050x1050,1.0,PNG,RGB,946242,0.9024066925048828,362c4bba8983a18b0cb09392b0a5bf09
d1b279cc02ae.png,0,sem_retinopatia_diabetica,1050,1050,1050x1050,1.0,PNG,RGB,1034904,0.9869613647460938,e9191f1508e1e6838f50b6a3182247c8
d1ca85af57c9.png,0,sem_retinopatia_diabetica,1050,1050,1050x1050,1.0,PNG,RGB,992911,0.9469137191772461,9be511d6e97d8463bf215fb43a422f34
d1cad012a254.png,1,retinopatia_diabetica_leve,2416,1736,2416x1736,1.391705069124424,PNG,RGB,2188865,2.0874643325805664,9a0aac8db3b1c536864cc6bafd8905a6
d1cf31577a59.png,0,sem_retinopatia_diabetica,2588,1958,2588x1958,1.3217568947906027,PNG,RGB,2804724,2.674793243408203,557183da7e2a2de1a5adc535780b3fb6
d1f1ea894da1.png,2,retinopatia_diabetica_moderada,1844,1226,1844x1226,1.504078303425775,PNG,RGB,911050,0.8688449859619141,a9bb38acd15306aca2550ad66754777b
d1f7ea924a01.png,0,sem_retinopatia_diabetica,2048,1536,2048x1536,1.3333333333333333,PNG,RGB,1903163,1.814997673034668,bd7e1277ca4037cd9dd6dfca18f05284
d1fa0f744620.png,0,sem_retinopatia_diabetica,2048,1536,2048x1536,1.3333333333333333,PNG,RGB,1928542,1.8392009735107422,6c43645936f5498aefd98c0b01c4b1ec
d1fb4efb117c.png,2,retinopatia_diabetica_moderada,2416,1736,2416x1736,1.391705069124424,PNG,RGB,2275907,2.170474052429199,22f071ce298b5bfa5d3c67cb0dfb6f57
d25b8a8ad3c4.png,2,retinopatia_diabetica_moderada,2588,1958,2588x1958,1.3217568947906027,PNG,RGB,4892073,4.665444374084473,a7af567138a745c2e9828afde38a70e8
d264396d8d1a.png,2,retinopatia_diabetica_moderada,2416,1736,2416x1736,1.391705069124424,PNG,RGB,2362643,2.2531919479370117,b686f12429c043b4f0dcf004a31f993b
d26bb2ed6e71.png,0,sem_retinopatia_diabetica,2048,1536,2048x1536,1.3333333333333333,PNG,RGB,1931605,1.8421220779418945,d9e47fd3f7e0a1ce7a5adbc606677b1d
d26bc6e1230d.png,0,sem_retinopatia_diabetica,1050,1050,1050x1050,1.0,PNG,RGB,978624,0.93328857421875,045455f6e7db4b8be663f6e9b04c475c
d271d3a2b552.png,4,retinopatia_diabetica_proliferativa,2416,1736,2416x1736,1.391705069124424,PNG,RGB,2389257,2.2785730361938477,c26e45cab6a0dc58d0238e1d4f90fbfc
d27ac9e54901.png,0,sem_retinopatia_diabetica,1050,1050,1050x1050,1.0,PNG,RGB,1037348,0.9892921447753906,cf9a39ddbce948e4336d217480b1b0ef
d28bd830c171.png,2,retinopatia_diabetica_moderada,3216,2136,3216x2136,1.5056179775280898,PNG,RGB,6088579,5.806521415710449,d55aa25d769d844084c79e8c243067be
d2901144070c.png,4,retinopatia_diabetica_proliferativa,2416,1736,2416x1736,1.391705069124424,PNG,RGB,2216781,2.1140871047973633,9c052ab328911c20a2923bb171b3c2e0
d29096bd94aa.png,2,retinopatia_diabetica_moderada,2416,1736,2416x1736,1.391705069124424,PNG,RGB,2092375,1.9954442977905273,578d35c7ae5416702e0d1ba78943f391
d29b37d110f3.png,0,sem_retinopatia_diabetica,819,614,819x614,1.3338762214983713,PNG,RGB,274266,0.26156044006347656,80d473b0bab777fd25a4df25253a549b
d2afca74cbc3.png,0,sem_retinopatia_diabetica,819,614,819x614,1.3338762214983713,PNG,RGB,291034,0.27755165100097656,651f95282471a0f4da6639ef200650a0
d2c2f02bb313.png,4,retinopatia_diabetica_proliferativa,2416,1736,2416x1736,1.391705069124424,PNG,RGB,2120979,2.0227231979370117,5e8608c7cff81f60916a99cb992ee410
d2c5fb82fe5f.png,0,sem_retinopatia_diabetica,2048,1536,2048x1536,1.3333333333333333,PNG,RGB,1912516,1.8239173889160156,93bf67e97f6a854d4fbede14cdb91b54
d2c6b99ef62c.png,2,retinopatia_diabetica_moderada,3388,2588,3388x2588,1.3091190108191655,PNG,RGB,4033918,3.847043991088867,39a5bd9e562c220de128e018b8de643d
d2cd47ed2c1d.png,0,sem_retinopatia_diabetica,819,614,819x614,1.3338762214983713,PNG,RGB,315683,0.3010587692260742,ac92097d0bedc545a45a049a97140a6d
d2d523e9f669.png,0,sem_retinopatia_diabetica,2048,1536,2048x1536,1.3333333333333333,PNG,RGB,1908113,1.819718360900879,bbfcec67ad5a55d0e8f8e01b3355c34f
d2dc86021c67.png,0,sem_retinopatia_diabetica,1050,1050,1050x1050,1.0,PNG,RGB,969724,0.9248008728027344,44bd49a3704681921c02cc6a3b832520
d2fb715b0c41.png,0,sem_retinopatia_diabetica,1050,1050,1050x1050,1.0,PNG,RGB,1088737,1.0383005142211914,8e0049c573c6928f1df4bd6584b710a2
d2ffe9287dc7.png,3,retinopatia_diabetica_grave,3216,2136,3216x2136,1.5056179775280898,PNG,RGB,2458338,2.344453811645508,0a6040ca4ff6e5b197e37a87848abf7f
d30d079e6f9a.png,0,sem_retinopatia_diabetica,1050,1050,1050x1050,1.0,PNG,RGB,1007060,0.9604072570800781,9f33b9ad03409195d28d426669da20e7
d332d7b8a26e.png,0,sem_retinopatia_diabetica,1050,1050,1050x1050,1.0,PNG,RGB,980054,0.9346523284912109,2210fbd1a917f87f57c8c12f7ca5ef86
d364423ec6f9.png,2,retinopatia_diabetica_moderada,3216,2136,3216x2136,1.5056179775280898,PNG,RGB,2963409,2.826127052307129,89fe01d36a7fa7ce98ce91e3b9a58da8
d38cf0f4a9af.png,0,sem_retinopatia_diabetica,1050,1050,1050x1050,1.0,PNG,RGB,958742,0.9143276214599609,5e26fe54101fdc59928d7a0659b1eebb
d39752cb6e57.png,0,sem_retinopatia_diabetica,1050,1050,1050x1050,1.0,PNG,RGB,953188,0.9090309143066406,b55dcdf0f9bc28605a0aca62983da809
d3be5346684b.png,2,retinopatia_diabetica_moderada,2588,1958,2588x1958,1.3217568947906027,PNG,RGB,5199656,4.958778381347656,79e7d37bf843a23ab1a6229a08fb8ef4
d3d578fe433f.png,2,retinopatia_diabetica_moderada,3216,2136,3216x2136,1.5056179775280898,PNG,RGB,2146848,2.047393798828125,5d66506734d92fda68e4ca7254da1d73
d3de0d313d61.png,1,retinopatia_diabetica_leve,2588,1958,2588x1958,1.3217568947906027,PNG,RGB,3018015,2.8782033920288086,dc027ad2c0486d9ee0d67cd2e237ed0b
d3dfd0a2dee6.png,0,sem_retinopatia_diabetica,2048,1536,2048x1536,1.3333333333333333,PNG,RGB,1819022,1.7347545623779297,5ec1d634efb2ae07fd6da10349d819fc
d3e56584a481.png,0,sem_retinopatia_diabetica,819,614,819x614,1.3338762214983713,PNG,RGB,290781,0.2773103713989258,1623c8d5b14bcc1cbee604b2210e98f9
d3e884109b45.png,3,retinopatia_diabetica_grave,2588,1958,2588x1958,1.3217568947906027,PNG,RGB,5696371,5.432482719421387,feaa7f4569a3bc7a82834b529d5876ac
d41b33fcb94f.png,2,retinopatia_diabetica_moderada,640,480,640x480,1.3333333333333333,PNG,RGB,321709,0.3068056106567383,4f3a114ff98cff0f922036287e0192d0
d436c06f0490.png,0,sem_retinopatia_diabetica,1050,1050,1050x1050,1.0,PNG,RGB,942103,0.8984594345092773,5440db566099abe52aa5898b4d4b251f
d4583e9525dc.png,0,sem_retinopatia_diabetica,2048,1536,2048x1536,1.3333333333333333,PNG,RGB,1831753,1.7468957901000977,b10ee51b529c08fcd6654b7c3565ca23
d473f6fafba0.png,2,retinopatia_diabetica_moderada,2588,1958,2588x1958,1.3217568947906027,PNG,RGB,3565661,3.400479316711426,bca38ee89693b223666534915975d9bd
d48178e4a49b.png,4,retinopatia_diabetica_proliferativa,3388,2588,3388x2588,1.3091190108191655,PNG,RGB,7468102,7.122137069702148,3bae7d9e436349aa93a898d0b15b9e44
d4bc001f7224.png,0,sem_retinopatia_diabetica,2048,1536,2048x1536,1.3333333333333333,PNG,RGB,1690249,1.6119470596313477,ec9f02715b09b774fb6c6145c5f5df13
d4be0403e6ab.png,2,retinopatia_diabetica_moderada,1050,1050,1050x1050,1.0,PNG,RGB,957715,0.9133481979370117,db62695e849b00f66359fc46eae0e598
d4f32b9c07df.png,1,retinopatia_diabetica_leve,2416,1736,2416x1736,1.391705069124424,PNG,RGB,2067018,1.971261978149414,06be500d15db0ce31094bc4c095ef29d
d516f77d4516.png,0,sem_retinopatia_diabetica,2048,1536,2048x1536,1.3333333333333333,PNG,RGB,1768038,1.6861324310302734,ab9cbba7babf22bddd9f4888d94bfa5e
d51b3fe0fa1b.png,4,retinopatia_diabetica_proliferativa,1504,1000,1504x1000,1.504,PNG,RGB,1356058,1.2932376861572266,7f5c9c9b1e466fbba278b5acddc6f335
d51c2153d151.png,0,sem_retinopatia_diabetica,2416,1736,2416x1736,1.391705069124424,PNG,RGB,2477295,2.362532615661621,6207f33919babcb3e65625538a4118e1
d51e5d7484ea.png,0,sem_retinopatia_diabetica,1050,1050,1050x1050,1.0,PNG,RGB,1047536,0.9990081787109375,848304fd8e3e383e5e77750d97f4922c
d567a1a22d33.png,1,retinopatia_diabetica_leve,2416,1736,2416x1736,1.391705069124424,PNG,RGB,1866320,1.7798614501953125,46f3762267786dd7c5758db84cef2b09
d56d32a1d62d.png,0,sem_retinopatia_diabetica,2048,1536,2048x1536,1.3333333333333333,PNG,RGB,1939249,1.849411964416504,1ea865f27b2dc1f365ce1e2f50c4e1b2
d57d1be1bbd1.png,0,sem_retinopatia_diabetica,2588,1958,2588x1958,1.3217568947906027,PNG,RGB,5401407,5.151183128356934,b7c4d4cc81cf5209c88619307495e3fd
d5a39339ff3d.png,2,retinopatia_diabetica_moderada,3216,2136,3216x2136,1.5056179775280898,PNG,RGB,3592572,3.4261436462402344,b6db9b70d73e72af2714ef4d8cca6e48
d5ad3362424c.png,0,sem_retinopatia_diabetica,2588,1958,2588x1958,1.3217568947906027,PNG,RGB,5532592,5.2762908935546875,4bf27ca1d14992e57c8eee242b4fbf15
d5b4705ac2ee.png,1,retinopatia_diabetica_leve,1050,1050,1050x1050,1.0,PNG,RGB,967401,0.9225854873657227,e79945e4f65e9b5349d143e539af432a
d5c63a8d9e94.png,0,sem_retinopatia_diabetica,1050,1050,1050x1050,1.0,PNG,RGB,975337,0.9301538467407227,1cd9715cdd98a10c76bdff70000cc6ff
d6130f2ec903.png,0,sem_retinopatia_diabetica,819,614,819x614,1.3338762214983713,PNG,RGB,357315,0.3407621383666992,9424a81a793df0b0c10267561ea82f1a
d6228d951958.png,2,retinopatia_diabetica_moderada,3388,2588,3388x2588,1.3091190108191655,PNG,RGB,7539483,7.190211296081543,bc94d4af2f7643deb9f4da150558a79f
d6283ded6aea.png,2,retinopatia_diabetica_moderada,3216,2136,3216x2136,1.5056179775280898,PNG,RGB,2427826,2.3153553009033203,9e4bec9e932d78c89a4933e700d7fa29
d659d7fd5ccf.png,4,retinopatia_diabetica_proliferativa,3216,2136,3216x2136,1.5056179775280898,PNG,RGB,2418123,2.3061017990112305,6951b600af63003d1b3018b1d32f520b
d667af5742f6.png,0,sem_retinopatia_diabetica,1050,1050,1050x1050,1.0,PNG,RGB,927376,0.8844146728515625,012d51596152f7440de29357aa25d62d
d66b6f333dc7.png,1,retinopatia_diabetica_leve,3216,2136,3216x2136,1.5056179775280898,PNG,RGB,2210181,2.107792854309082,3edfeab5fe3150e220ed2bcf6091a314
d66ccb75ada1.png,1,retinopatia_diabetica_leve,2588,1958,2588x1958,1.3217568947906027,PNG,RGB,4427838,4.222715377807617,ba7d3724cac1125dae6d3c28dd1fa661
d67374d3fa2a.png,2,retinopatia_diabetica_moderada,1050,1050,1050x1050,1.0,PNG,RGB,986868,0.9411506652832031,38164c8ce1f262f7f71015cb1b78e76b
d6803e467592.png,0,sem_retinopatia_diabetica,1050,1050,1050x1050,1.0,PNG,RGB,1015580,0.9685325622558594,36fc4d47c7a2b170b050599a9ea273a0
d69698f838db.png,0,sem_retinopatia_diabetica,1050,1050,1050x1050,1.0,PNG,RGB,978828,0.9334831237792969,cf90773ea705f932700cb0e134618e8c
d6b109c82067.png,0,sem_retinopatia_diabetica,1050,1050,1050x1050,1.0,PNG,RGB,999612,0.9533042907714844,9851cdf2a6c417546107b3a170466a35
d6dbb0820ea5.png,0,sem_retinopatia_diabetica,1050,1050,1050x1050,1.0,PNG,RGB,1014096,0.9671173095703125,26feceb2f18c5ea0eecc9424dcffef57
d6df4fe492ec.png,0,sem_retinopatia_diabetica,1050,1050,1050x1050,1.0,PNG,RGB,996904,0.9507217407226562,c680397e4d715e197b7970a10a0365ec
d6e26fe51dce.png,1,retinopatia_diabetica_leve,3216,2136,3216x2136,1.5056179775280898,PNG,RGB,2479279,2.364424705505371,cefde571e1322f4c11e95b115dcd488b
d6f36ec5564a.png,0,sem_retinopatia_diabetica,2048,1536,2048x1536,1.3333333333333333,PNG,RGB,1915807,1.8270559310913086,342afea85b31467b54df88eb00c5f851
d6f6bdfd8011.png,0,sem_retinopatia_diabetica,1050,1050,1050x1050,1.0,PNG,RGB,986023,0.9403448104858398,b3ce3a3ed7e4dc1a8d44a7c2892e9e35
d7078e8b0349.png,0,sem_retinopatia_diabetica,2048,1536,2048x1536,1.3333333333333333,PNG,RGB,1941123,1.8511991500854492,d792be1e359f3370d8fb7a281a7148af
d74ccc796517.png,0,sem_retinopatia_diabetica,1050,1050,1050x1050,1.0,PNG,RGB,919470,0.8768749237060547,065096fb0639e9d79396033fcd6a0797
d774692d9919.png,0,sem_retinopatia_diabetica,1050,1050,1050x1050,1.0,PNG,RGB,1090990,1.0404491424560547,e3a72c3d2ef6461be72a4cd49d5e98b0
d78b7401096f.png,0,sem_retinopatia_diabetica,2588,1958,2588x1958,1.3217568947906027,PNG,RGB,5504065,5.249085426330566,be121513d2e3d4d45b8e69a3900a71a4
d7a01fca9838.png,0,sem_retinopatia_diabetica,819,614,819x614,1.3338762214983713,PNG,RGB,289251,0.2758512496948242,b953b0ad96f1b8d09d4b8b4f75ce6f03
d7ab5c040294.png,0,sem_retinopatia_diabetica,819,614,819x614,1.3338762214983713,PNG,RGB,305888,0.291717529296875,3348978903c211dd4f79f8f0f76c50fc
d7ac4a0c9760.png,0,sem_retinopatia_diabetica,1050,1050,1050x1050,1.0,PNG,RGB,969148,0.9242515563964844,3f6daaa0e4f9bcba536e36c08d7fa3ff
d7bc00091cfc.png,0,sem_retinopatia_diabetica,1050,1050,1050x1050,1.0,PNG,RGB,1018519,0.9713354110717773,590c70ea3c7b73d4b7827cb80f71ae4e
d7bc62d60e8c.png,0,sem_retinopatia_diabetica,2588,1958,2588x1958,1.3217568947906027,PNG,RGB,5510001,5.254746437072754,d0b5f116a9ae942d328ae90e7d65bc96
d7e5fe5245e0.png,0,sem_retinopatia_diabetica,2416,1736,2416x1736,1.391705069124424,PNG,RGB,1884952,1.7976303100585938,ebf3d08e5c6e576c8e8e391fca833acb
d801c0a66738.png,1,retinopatia_diabetica_leve,2416,1736,2416x1736,1.391705069124424,PNG,RGB,2143457,2.0441598892211914,c018040a60996e17debbca55416f5adb
d803598dabda.png,4,retinopatia_diabetica_proliferativa,1504,1000,1504x1000,1.504,PNG,RGB,1326016,1.26458740234375,5cb435811332e091adf13b602216b9a6
d807c53c1399.png,0,sem_retinopatia_diabetica,1050,1050,1050x1050,1.0,PNG,RGB,1052235,1.0034894943237305,1f7871c85e948cc8e9fb60f560ec6a13
d81338217fc5.png,2,retinopatia_diabetica_moderada,2588,1958,2588x1958,1.3217568947906027,PNG,RGB,4958585,4.728875160217285,c1345fb451671b70b75dbc22a2fc4056
d81b6ed83bc2.png,2,retinopatia_diabetica_moderada,1504,1000,1504x1000,1.504,PNG,RGB,1308118,1.247518539428711,5481e6578b7ddedb9ee4108cc7f85d28
d838d5b9f571.png,0,sem_retinopatia_diabetica,1050,1050,1050x1050,1.0,PNG,RGB,1004371,0.9578428268432617,ae4ae49d75a4c1629a6565a12d595e5b
d83c3efade75.png,2,retinopatia_diabetica_moderada,3216,2136,3216x2136,1.5056179775280898,PNG,RGB,2714070,2.588338851928711,a582db0c8134aee63e61fa2431343db3
d83d0695e215.png,2,retinopatia_diabetica_moderada,3216,2136,3216x2136,1.5056179775280898,PNG,RGB,2176022,2.075216293334961,28977235c6c72c9d5a5745082d558f27
d8404680bba6.png,2,retinopatia_diabetica_moderada,2588,1958,2588x1958,1.3217568947906027,PNG,RGB,5211969,4.970520973205566,94a6c99d3952c5e58424313859e2c1b9
d844a7252f4e.png,0,sem_retinopatia_diabetica,3216,2136,3216x2136,1.5056179775280898,PNG,RGB,2105370,2.0078372955322266,a45b3e4bfda25c0b64ec035a21fee5b3
d85588ff2ebd.png,1,retinopatia_diabetica_leve,2416,1736,2416x1736,1.391705069124424,PNG,RGB,2117268,2.019184112548828,946ca88b9a7aa4b747ecae298f9cb912
d85a842d20bd.png,2,retinopatia_diabetica_moderada,3388,2588,3388x2588,1.3091190108191655,PNG,RGB,7599816,7.247749328613281,8be276892298a3dfa10082024e046458
d85d052900b4.png,1,retinopatia_diabetica_leve,2416,1736,2416x1736,1.391705069124424,PNG,RGB,2180424,2.0794143676757812,a001b0a244c9970c440f880922544ef9
d85ea1220a03.png,4,retinopatia_diabetica_proliferativa,1050,1050,1050x1050,1.0,PNG,RGB,975016,0.9298477172851562,79aa4d8483a0be779709681da49d9beb
d865997a6280.png,0,sem_retinopatia_diabetica,2048,1536,2048x1536,1.3333333333333333,PNG,RGB,1894430,1.8066692352294922,a2f5d5db0606f829100505b2daee9ea7
d866c26d76f0.png,0,sem_retinopatia_diabetica,2048,1536,2048x1536,1.3333333333333333,PNG,RGB,1926806,1.837545394897461,69c1c7419a334db79dc80ffeb2931a13
d868acdccb5b.png,3,retinopatia_diabetica_grave,2416,1736,2416x1736,1.391705069124424,PNG,RGB,2181686,2.080617904663086,b7ef4748e4333e51e8f7bb599080c191
d871895742b1.png,0,sem_retinopatia_diabetica,2588,1958,2588x1958,1.3217568947906027,PNG,RGB,5254652,5.011226654052734,04047a7bc76968a46eb90e8cc06fa54c
d881c04f01fe.png,0,sem_retinopatia_diabetica,1050,1050,1050x1050,1.0,PNG,RGB,1036009,0.9880151748657227,3445d10a8a9dda455df18883228dc8cb
d88806d9ece9.png,2,retinopatia_diabetica_moderada,2144,1424,2144x1424,1.5056179775280898,PNG,RGB,2680733,2.556546211242676,d9fc6a7d81645b35f459540d0c3af1e1
d88c4843aec3.png,0,sem_retinopatia_diabetica,1050,1050,1050x1050,1.0,PNG,RGB,1021248,0.97393798828125,5cb65cb0a8addbaf55b1f90a80eaa89a
d8cdb7d7283a.png,2,retinopatia_diabetica_moderada,2416,1736,2416x1736,1.391705069124424,PNG,RGB,1858614,1.772512435913086,394ac10dd6da7b76256cfdc9dadf0e4b
d8da9de62743.png,0,sem_retinopatia_diabetica,1050,1050,1050x1050,1.0,PNG,RGB,978118,0.9328060150146484,bdde1b02397d9d0d3608c57e85674ad0
d911dd40c63b.png,0,sem_retinopatia_diabetica,1050,1050,1050x1050,1.0,PNG,RGB,979431,0.9340581893920898,ebd8f0bf7831c33f579dbe82c32aa7ed
d91273efb92a.png,2,retinopatia_diabetica_moderada,3216,2136,3216x2136,1.5056179775280898,PNG,RGB,2266415,2.161421775817871,617fa58bf4497531a5f4bfaff971d172
d91635f380b4.png,0,sem_retinopatia_diabetica,2048,1536,2048x1536,1.3333333333333333,PNG,RGB,1746176,1.665283203125,167330906ef0e2dd92493011dcef7da5
d9311f7497cb.png,2,retinopatia_diabetica_moderada,3388,2588,3388x2588,1.3091190108191655,PNG,RGB,7418047,7.074400901794434,461f550a7dcfb4f007e4a6615cc27a0d
d93b61dc8f64.png,0,sem_retinopatia_diabetica,2588,1958,2588x1958,1.3217568947906027,PNG,RGB,5615604,5.355457305908203,c5c5aa52e200ee8628d811d26fb9060b
d94e10f42861.png,2,retinopatia_diabetica_moderada,3216,2136,3216x2136,1.5056179775280898,PNG,RGB,3365907,3.2099790573120117,6795385883a1d64ca3a3723b8ab262d2
d952dbfb0fe4.png,2,retinopatia_diabetica_moderada,2416,1736,2416x1736,1.391705069124424,PNG,RGB,2410280,2.2986221313476562,2d461b7e993fa0b522757985ddecf661
d95959798b57.png,2,retinopatia_diabetica_moderada,2416,1736,2416x1736,1.391705069124424,PNG,RGB,2129440,2.030792236328125,faf47573e28290bb625c3c81b32db630
d968a983d4d2.png,2,retinopatia_diabetica_moderada,2588,1958,2588x1958,1.3217568947906027,PNG,RGB,5248956,5.005794525146484,36549f2206878e2574fae2b778e0b690
d97911a32918.png,0,sem_retinopatia_diabetica,1050,1050,1050x1050,1.0,PNG,RGB,958493,0.9140901565551758,aed728608ea87b83b6f67ae4270c914c
d990a3f0cbdb.png,2,retinopatia_diabetica_moderada,2416,1736,2416x1736,1.391705069124424,PNG,RGB,2325262,2.2175426483154297,664d7e69f848236697f56b88699976b0
d994203deb64.png,2,retinopatia_diabetica_moderada,2144,1424,2144x1424,1.5056179775280898,PNG,RGB,2596370,2.4760913848876953,2a1eb3b532c97ebd35b34812ed2bbffc
d99b0f7dd9b9.png,0,sem_retinopatia_diabetica,1050,1050,1050x1050,1.0,PNG,RGB,998278,0.9520320892333984,77b5c059d0c48f131b4d20419599b073
d99dd99be001.png,0,sem_retinopatia_diabetica,1050,1050,1050x1050,1.0,PNG,RGB,1056982,1.008016586303711,35cb1c2430f06973ab13c824730f0164
d9a475dfe59a.png,2,retinopatia_diabetica_moderada,2416,1736,2416x1736,1.391705069124424,PNG,RGB,2428882,2.3163623809814453,17393b6ad7de787a5d7f4d564d5b51a0
d9ad2a0ec026.png,0,sem_retinopatia_diabetica,1050,1050,1050x1050,1.0,PNG,RGB,762125,0.7268190383911133,974af13502a1a1e1e858bbc06f8fccf3
d9ba044671e1.png,4,retinopatia_diabetica_proliferativa,3216,2136,3216x2136,1.5056179775280898,PNG,RGB,2364488,2.2549514770507812,138d51d2afab81ac671fec27148ad924
d9bbdc33db83.png,2,retinopatia_diabetica_moderada,640,480,640x480,1.3333333333333333,PNG,RGB,384007,0.36621761322021484,155e030859f363b41fd2c1db8b02168c
d9c9b9786da3.png,0,sem_retinopatia_diabetica,1050,1050,1050x1050,1.0,PNG,RGB,1058497,1.0094614028930664,15ad24c782207fa312dc358671b64e15
d9d2631f043c.png,0,sem_retinopatia_diabetica,2588,1958,2588x1958,1.3217568947906027,PNG,RGB,5428845,5.177350044250488,72c8510e754b1678b73b159a362cc97c
d9e58e4d8689.png,0,sem_retinopatia_diabetica,2416,1736,2416x1736,1.391705069124424,PNG,RGB,2451593,2.3380212783813477,c51848d09696f66e5873dd9a0042cfea
da0a1043abf7.png,2,retinopatia_diabetica_moderada,1504,1000,1504x1000,1.504,PNG,RGB,1275292,1.2162132263183594,2a8b966c339427f048e994ba0e0e4e6b
da0a83f074f3.png,0,sem_retinopatia_diabetica,819,614,819x614,1.3338762214983713,PNG,RGB,296205,0.2824831008911133,05c8c3ab1784377563318be9eed135b6
da1fb35f5df9.png,1,retinopatia_diabetica_leve,2416,1736,2416x1736,1.391705069124424,PNG,RGB,2222550,2.119588851928711,ac711a707097fed68d80fe1e0f7a18d9
da2bdf4236ac.png,0,sem_retinopatia_diabetica,819,614,819x614,1.3338762214983713,PNG,RGB,307327,0.2930898666381836,24e4ba7b8d72e7309b0b587f12435d61
da3a2275c850.png,0,sem_retinopatia_diabetica,1050,1050,1050x1050,1.0,PNG,RGB,1015821,0.9687623977661133,6d3c97a9d3ea116247aac670dd8cd3c4
da44f80b422b.png,2,retinopatia_diabetica_moderada,3216,2136,3216x2136,1.5056179775280898,PNG,RGB,2595464,2.4752273559570312,e8b65bbf27abac19c3260eb4774536b7
da6389d129aa.png,0,sem_retinopatia_diabetica,2416,1736,2416x1736,1.391705069124424,PNG,RGB,2494919,2.379340171813965,8b8a21d60890da77a4f291b1ee0a17a6
da6bbb76d562.png,0,sem_retinopatia_diabetica,2588,1958,2588x1958,1.3217568947906027,PNG,RGB,5450374,5.197881698608398,f2aa062f25fea8f6a2ff803b20fd318e
da8900ac7f29.png,2,retinopatia_diabetica_moderada,3216,2136,3216x2136,1.5056179775280898,PNG,RGB,2890441,2.7565393447875977,554cc9b8f80e2cd4099359b08187aef3
da9262d9f5d9.png,0,sem_retinopatia_diabetica,1050,1050,1050x1050,1.0,PNG,RGB,945967,0.9021444320678711,18616858e8b1d5890fea2ec50ae20382
da949aa67a4f.png,0,sem_retinopatia_diabetica,2048,1536,2048x1536,1.3333333333333333,PNG,RGB,1915376,1.8266448974609375,3ca8f93b827ee8f6d06e0aad99118361
da9574d35b82.png,0,sem_retinopatia_diabetica,2588,1958,2588x1958,1.3217568947906027,PNG,RGB,5468818,5.215471267700195,b7e9eb5c4b477def4824361e3e1cc10a
da9fe02dead3.png,0,sem_retinopatia_diabetica,1050,1050,1050x1050,1.0,PNG,RGB,985796,0.9401283264160156,e7a5d541ebb3b98e818ef8f1fa6cdbeb
daad7b617f21.png,0,sem_retinopatia_diabetica,819,614,819x614,1.3338762214983713,PNG,RGB,350914,0.3346576690673828,3b82392242d13aabd062f39e75bd5348
dad71ba27a9b.png,4,retinopatia_diabetica_proliferativa,2416,1736,2416x1736,1.391705069124424,PNG,RGB,2220978,2.1180896759033203,574e1f32b8206c8340a5d28980e5ffd9
daeaa5d8cf70.png,2,retinopatia_diabetica_moderada,640,480,640x480,1.3333333333333333,PNG,RGB,309872,0.2955169677734375,2434d5e2b8fafd03ae12df399bf5343f
daff5427c9b2.png,0,sem_retinopatia_diabetica,2048,1536,2048x1536,1.3333333333333333,PNG,RGB,1927598,1.8383007049560547,ef9a1c9310e0e3531ae8cfaa2920946b
db3cd58aa315.png,0,sem_retinopatia_diabetica,2048,1536,2048x1536,1.3333333333333333,PNG,RGB,1946641,1.856461524963379,dea2e0eb45e03515dd50eb236db86e13
db49cdf1ea64.png,2,retinopatia_diabetica_moderada,2416,1736,2416x1736,1.391705069124424,PNG,RGB,2163897,2.063652992248535,ebe4fc40612d24e11ffe8504a556868f
db4ed1e07aa3.png,1,retinopatia_diabetica_leve,2588,1958,2588x1958,1.3217568947906027,PNG,RGB,3950310,3.7673091888427734,fde3b4c6c203ba3b2bc83cb0e5a491ce
db52626d450c.png,0,sem_retinopatia_diabetica,1050,1050,1050x1050,1.0,PNG,RGB,951523,0.9074430465698242,a11d2c4089bce1e97e5fdc7d086d0952
db6207e62c7b.png,0,sem_retinopatia_diabetica,2048,1536,2048x1536,1.3333333333333333,PNG,RGB,1945954,1.8558063507080078,c7f4a7c42bb75d6afed749d4599755b8
db690e2d02f8.png,1,retinopatia_diabetica_leve,1050,1050,1050x1050,1.0,PNG,RGB,867128,0.8269577026367188,8a01951cdf2dd70bd059a429d9a54a2b
dbb2c63f6f08.png,3,retinopatia_diabetica_grave,640,480,640x480,1.3333333333333333,PNG,RGB,373710,0.3563976287841797,2c4a90812efc1f196e90f4f37c1ff613
dbd062558b81.png,1,retinopatia_diabetica_leve,3388,2588,3388x2588,1.3091190108191655,PNG,RGB,7224985,6.89028263092041,6e5191b3037386c07f871f53ad89b83c
dbee04ae6426.png,2,retinopatia_diabetica_moderada,2588,1958,2588x1958,1.3217568947906027,PNG,RGB,5606514,5.34678840637207,17f34d7e54e73a67f3ded94dc8f79aa5
dbfd238b3468.png,3,retinopatia_diabetica_grave,2588,1958,2588x1958,1.3217568947906027,PNG,RGB,5411438,5.160749435424805,099b8e403bf223ac60a17577bfb855bd
dc0eea0b68a7.png,0,sem_retinopatia_diabetica,1476,1117,1476x1117,1.3213965980304387,PNG,RGB,2211219,2.1087827682495117,0d34deb49c74464f00ae11959909265c
dc0f6e5b489b.png,0,sem_retinopatia_diabetica,2048,1536,2048x1536,1.3333333333333333,PNG,RGB,1600778,1.526620864868164,99f6c698477ea620b29c7c1cd51881fc
dc3c0d8ee20b.png,2,retinopatia_diabetica_moderada,1504,1000,1504x1000,1.504,PNG,RGB,1323024,1.2617340087890625,217c348de53e4f70b11c66a925b26863
dc6fa1b38b83.png,2,retinopatia_diabetica_moderada,2588,1958,2588x1958,1.3217568947906027,PNG,RGB,5624353,5.363801002502441,c72bae37fba48607716ce95e0ec78ec2
dcc6c0ad5cad.png,0,sem_retinopatia_diabetica,2588,1958,2588x1958,1.3217568947906027,PNG,RGB,1933578,1.844003677368164,3cf62b86c2f47e7023267efeb73ebb5e
dccdf750c962.png,0,sem_retinopatia_diabetica,1050,1050,1050x1050,1.0,PNG,RGB,999420,0.9531211853027344,d55e8a92f211a5f0089855053f1b7156
dce73d90c00c.png,0,sem_retinopatia_diabetica,1050,1050,1050x1050,1.0,PNG,RGB,1041103,0.9928731918334961,b9256adb208c3e0fc1aba855cd6ce283
dcf109df1a2b.png,0,sem_retinopatia_diabetica,2048,1536,2048x1536,1.3333333333333333,PNG,RGB,1949091,1.8587980270385742,e682dbdf93f6229d942f32c60740e3b5
dd02d60bef14.png,0,sem_retinopatia_diabetica,2048,1536,2048x1536,1.3333333333333333,PNG,RGB,1929426,1.8400440216064453,8289b6c444dabb729688ae7abee04cde
dd110d2b8c21.png,2,retinopatia_diabetica_moderada,3216,2136,3216x2136,1.5056179775280898,PNG,RGB,2091654,1.9947566986083984,469ee8babac299a4415465590e32101b
dd19428c3d29.png,1,retinopatia_diabetica_leve,2416,1736,2416x1736,1.391705069124424,PNG,RGB,2138383,2.039320945739746,81e8dd79693766ad2a1dfb7900c583e8
dd285d9e97fe.png,0,sem_retinopatia_diabetica,1050,1050,1050x1050,1.0,PNG,RGB,1076538,1.0266666412353516,158cb4dad294decc927f813add39fb27
dd3176bacfe2.png,0,sem_retinopatia_diabetica,819,614,819x614,1.3338762214983713,PNG,RGB,312095,0.2976369857788086,44f0a57354fbdc8ccf50d9e9f161d9b1
dd3dad6ca78f.png,3,retinopatia_diabetica_grave,2416,1736,2416x1736,1.391705069124424,PNG,RGB,2356142,2.2469921112060547,2d46c80c2d1baa69dc147805f78da26f
dd90c321d7bc.png,0,sem_retinopatia_diabetica,2048,1536,2048x1536,1.3333333333333333,PNG,RGB,1956515,1.8658781051635742,f5a504ebf1b928ba933eb759a2468c62
ddb222ff7c1d.png,0,sem_retinopatia_diabetica,2048,1536,2048x1536,1.3333333333333333,PNG,RGB,1944128,1.85406494140625,16c5dca468c60bc60c6e38bc4f9bed66
dde43aa22ae6.png,2,retinopatia_diabetica_moderada,2416,1736,2416x1736,1.391705069124424,PNG,RGB,2035782,1.9414730072021484,ff1ffe35f5ce242dcf4b06c03aa6e067
de16416220de.png,4,retinopatia_diabetica_proliferativa,3388,2588,3388x2588,1.3091190108191655,PNG,RGB,7089391,6.760970115661621,85df4b383728711df101e9a0a4e531d6
de18071c36e6.png,0,sem_retinopatia_diabetica,819,614,819x614,1.3338762214983713,PNG,RGB,296012,0.2822990417480469,24752f05573dc63a15c2b62fa477ce64
de2eb5c8aa83.png,0,sem_retinopatia_diabetica,2048,1536,2048x1536,1.3333333333333333,PNG,RGB,1740197,1.659581184387207,113cfffd7f9233fbee5446cccfd42e0f
de38adaae009.png,0,sem_retinopatia_diabetica,2588,1958,2588x1958,1.3217568947906027,PNG,RGB,5279683,5.035098075866699,37facd90e51a52502b65460a7e9f3f4d
de4cdabbce6d.png,0,sem_retinopatia_diabetica,2048,1536,2048x1536,1.3333333333333333,PNG,RGB,1908555,1.8201398849487305,68b0b2ebf773ca1529481eda2d5de378
de50dfa745f8.png,2,retinopatia_diabetica_moderada,2588,1958,2588x1958,1.3217568947906027,PNG,RGB,4992900,4.761600494384766,5bb3fd7a2ff767a37ea51b8c9f3c529f
de55ed25e0e8.png,0,sem_retinopatia_diabetica,1050,1050,1050x1050,1.0,PNG,RGB,1046933,0.9984331130981445,4b98f82711df8b28bb90125a5a577c3f
de57c9e9fa93.png,0,sem_retinopatia_diabetica,1476,1117,1476x1117,1.3213965980304387,PNG,RGB,2096664,1.9995346069335938,01e185e9f95f99a3b0b3581940f9cfe3
de6210f88536.png,0,sem_retinopatia_diabetica,1050,1050,1050x1050,1.0,PNG,RGB,963606,0.9189662933349609,5f6ebecedb25d21decc4a2506afbf085
de730033c683.png,0,sem_retinopatia_diabetica,2588,1958,2588x1958,1.3217568947906027,PNG,RGB,5140699,4.902552604675293,36c55e93d9d1417f7aef5ac6e5c3cb8e
de778495a1cd.png,2,retinopatia_diabetica_moderada,3216,2136,3216x2136,1.5056179775280898,PNG,RGB,2646183,2.52359676361084,adadd9dd0ea47f29999f127e585c2887
dea7538bb91a.png,0,sem_retinopatia_diabetica,819,614,819x614,1.3338762214983713,PNG,RGB,364340,0.3474617004394531,77e5eb7de0b59682f8d9b31be8a9d064
dec5595e6154.png,0,sem_retinopatia_diabetica,1050,1050,1050x1050,1.0,PNG,RGB,970261,0.9253129959106445,55896e64271cd30e397188ca28710340
dee1031a76ae.png,0,sem_retinopatia_diabetica,819,614,819x614,1.3338762214983713,PNG,RGB,352242,0.3359241485595703,489104f2622f6dd650de9db8032f9395
dee31065f8fe.png,0,sem_retinopatia_diabetica,1050,1050,1050x1050,1.0,PNG,RGB,1098949,1.048039436340332,6ba8d3199cf046b6854dda8b295e2d9f
dee687c6e88a.png,2,retinopatia_diabetica_moderada,3216,2136,3216x2136,1.5056179775280898,PNG,RGB,3035041,2.8944406509399414,286e54f9df932e794bcf24e95e6328a6
df0886f1e76b.png,0,sem_retinopatia_diabetica,2048,1536,2048x1536,1.3333333333333333,PNG,RGB,1934496,1.844879150390625,0fe0dfdff3d73ede1659e3169cd115b6
df3adfd6ba36.png,2,retinopatia_diabetica_moderada,2588,1958,2588x1958,1.3217568947906027,PNG,RGB,5132288,4.89453125,e73705a09cf3df991b7cd3b2a5d43f5c
df4913ca3712.png,4,retinopatia_diabetica_proliferativa,1504,1000,1504x1000,1.504,PNG,RGB,1356058,1.2932376861572266,7f5c9c9b1e466fbba278b5acddc6f335
df4aec4a0eaf.png,4,retinopatia_diabetica_proliferativa,3388,2588,3388x2588,1.3091190108191655,PNG,RGB,4087471,3.898116111755371,2bd268b0c320db79983d21b799f7576e
df5ce3ea7820.png,2,retinopatia_diabetica_moderada,3216,2136,3216x2136,1.5056179775280898,PNG,RGB,2352777,2.2437829971313477,5a69a2a5e26d521f41e2bd8cba52cdfb
df6d13d04da1.png,0,sem_retinopatia_diabetica,1050,1050,1050x1050,1.0,PNG,RGB,1042624,0.99432373046875,e1759001e08e3107260bf312d4a2415d
df8365d6ac33.png,2,retinopatia_diabetica_moderada,3216,2136,3216x2136,1.5056179775280898,PNG,RGB,2808056,2.6779708862304688,a302ce86e87c77ac388422788e0f0806
df841a0440d8.png,2,retinopatia_diabetica_moderada,2416,1736,2416x1736,1.391705069124424,PNG,RGB,2066010,1.9703006744384766,aecc155f7f8ee79402a25c0f75b606cb
df84e7113003.png,4,retinopatia_diabetica_proliferativa,3216,2136,3216x2136,1.5056179775280898,PNG,RGB,2279689,2.1740808486938477,66eb6b701602c7f215a9238a93019b83
df9cb3729eb1.png,0,sem_retinopatia_diabetica,2048,1536,2048x1536,1.3333333333333333,PNG,RGB,1687088,1.6089324951171875,4ba8e55abcc49c8fc10887202d4a26db
dfc7ec7db0e0.png,0,sem_retinopatia_diabetica,1050,1050,1050x1050,1.0,PNG,RGB,1028159,0.9805288314819336,426a199e570dace144d7bf02fa924c3d
dfea19863428.png,0,sem_retinopatia_diabetica,819,614,819x614,1.3338762214983713,PNG,RGB,328554,0.31333351135253906,88e1efdb1ed49313eacce02074146fc3
e019b3e0f33d.png,4,retinopatia_diabetica_proliferativa,1504,1000,1504x1000,1.504,PNG,RGB,1329697,1.2680978775024414,880c7ed1845c474160479d212340bd3b
e01b7bac822b.png,0,sem_retinopatia_diabetica,1050,1050,1050x1050,1.0,PNG,RGB,1007826,0.9611377716064453,f6cfe141093180e4797232c2591c6a96
e0313be77035.png,0,sem_retinopatia_diabetica,2048,1536,2048x1536,1.3333333333333333,PNG,RGB,1894630,1.8068599700927734,87dca64608c0fcf2a7af19f64e50e5ff
e037643244b7.png,4,retinopatia_diabetica_proliferativa,2416,1736,2416x1736,1.391705069124424,PNG,RGB,2250069,2.1458330154418945,bc7a44a01c566a98d6b19ca435b18830
e03a74e7d74f.png,0,sem_retinopatia_diabetica,2048,1536,2048x1536,1.3333333333333333,PNG,RGB,1819160,1.7348861694335938,00fb42a1e3dfa1315b1db5adbc4a3678
e03e70bc8bba.png,2,retinopatia_diabetica_moderada,2416,1736,2416x1736,1.391705069124424,PNG,RGB,3037591,2.8968725204467773,a7b4f9e03eef02174f1e37578e4c3102
e04f3c6619a3.png,0,sem_retinopatia_diabetica,1050,1050,1050x1050,1.0,PNG,RGB,964804,0.9201087951660156,7fadcdd15a533f29418f4f569e1a9d5b
e067b06fd655.png,0,sem_retinopatia_diabetica,1050,1050,1050x1050,1.0,PNG,RGB,1019491,0.9722623825073242,dbee2249546f38aa3c89b0490708c36e
e06cccc08c59.png,0,sem_retinopatia_diabetica,1050,1050,1050x1050,1.0,PNG,RGB,1027308,0.9797172546386719,5fc68b7bec4fd7e31917233d8deef4a1
e06d3d4733f0.png,2,retinopatia_diabetica_moderada,3216,2136,3216x2136,1.5056179775280898,PNG,RGB,3467911,3.307257652282715,374c858941e9ab95ee0a9698b4191269
e07045d7c5f7.png,1,retinopatia_diabetica_leve,2416,1736,2416x1736,1.391705069124424,PNG,RGB,2210400,2.108001708984375,054c66d0603aa0c7f7108ff057ca7212
e0863b353093.png,2,retinopatia_diabetica_moderada,3216,2136,3216x2136,1.5056179775280898,PNG,RGB,2207086,2.1048412322998047,7d38fc43e5d8b414540d858d4bfb56de
e087bd4b88f2.png,0,sem_retinopatia_diabetica,2048,1536,2048x1536,1.3333333333333333,PNG,RGB,1919858,1.8309192657470703,9aa37345ac44dcc348cae3d6e6d3b975
e0b5a982a018.png,3,retinopatia_diabetica_grave,2416,1736,2416x1736,1.391705069124424,PNG,RGB,2303848,2.1971206665039062,d827598e741e30246d6a8d490122b23b
e0d229db881a.png,0,sem_retinopatia_diabetica,1050,1050,1050x1050,1.0,PNG,RGB,955987,0.9117002487182617,80c76adb4ccb27b3baccb4af325b1181
e10190a9d52f.png,2,retinopatia_diabetica_moderada,3388,2588,3388x2588,1.3091190108191655,PNG,RGB,4097475,3.907656669616699,0a3a0bd79b81a58dec284172830c7fb6
e12b67835e03.png,2,retinopatia_diabetica_moderada,1050,1050,1050x1050,1.0,PNG,RGB,968561,0.9236917495727539,265a7c1801d250c0bfc2cf854254f915
e12d41e7b221.png,2,retinopatia_diabetica_moderada,2416,1736,2416x1736,1.391705069124424,PNG,RGB,2261457,2.156693458557129,7f5c8a0ffdecf70c9064e9517f327af9
e12df54e0d1e.png,0,sem_retinopatia_diabetica,1050,1050,1050x1050,1.0,PNG,RGB,892856,0.8514938354492188,d73934e86ca37172b30fc19dd7d05c30
e12f9f19d1be.png,0,sem_retinopatia_diabetica,819,614,819x614,1.3338762214983713,PNG,RGB,293322,0.27973365783691406,1ca5236a6c5b27060ccc1264af388c29
e13412678eff.png,3,retinopatia_diabetica_grave,2416,1736,2416x1736,1.391705069124424,PNG,RGB,2386441,2.2758874893188477,36708c4e314fe40394ad97f1bcc2d3f7
e135d7ba9a0e.png,0,sem_retinopatia_diabetica,1050,1050,1050x1050,1.0,PNG,RGB,969780,0.9248542785644531,c0defbffc1d6eeed5446989375c8ff10
e1418d28d668.png,2,retinopatia_diabetica_moderada,2588,1958,2588x1958,1.3217568947906027,PNG,RGB,4829741,4.605999946594238,921de9b0a9b4e6e8edc3d2af5ff88e44
e150935f66a6.png,2,retinopatia_diabetica_moderada,1050,1050,1050x1050,1.0,PNG,RGB,954233,0.9100275039672852,9ddf0a4b0f6414b3d5ab5ed9fe5b6b65
e160a3b19911.png,0,sem_retinopatia_diabetica,819,614,819x614,1.3338762214983713,PNG,RGB,314669,0.3000917434692383,fdf4b10795a2098ce678f0b39ecc00e5
e16af45285e5.png,0,sem_retinopatia_diabetica,1050,1050,1050x1050,1.0,PNG,RGB,995747,0.9496183395385742,3c499a6d84c0ff5af96fe15bcd31f5f5
e16fc934069f.png,2,retinopatia_diabetica_moderada,3216,2136,3216x2136,1.5056179775280898,PNG,RGB,3263745,3.1125497817993164,0129de1004bc4f9883336aa0bbc6273c
e17507a4a1f5.png,2,retinopatia_diabetica_moderada,2416,1736,2416x1736,1.391705069124424,PNG,RGB,2177894,2.0770015716552734,8a3d772a9af35b2b927418f017203681
e1900014dabf.png,3,retinopatia_diabetica_grave,2416,1736,2416x1736,1.391705069124424,PNG,RGB,2128630,2.030019760131836,1aa1e32a89c3dde72c89e1268fded8b2
e19936582c61.png,3,retinopatia_diabetica_grave,3216,2136,3216x2136,1.5056179775280898,PNG,RGB,3060006,2.9182491302490234,1756736360eff7ba96a53bcfc1c659d7
e1ab92228e60.png,0,sem_retinopatia_diabetica,2416,1736,2416x1736,1.391705069124424,PNG,RGB,2189710,2.0882701873779297,9cfabe3b90694dda3cd5f4e5e2f0c53b
e1b8acb1cea1.png,0,sem_retinopatia_diabetica,1050,1050,1050x1050,1.0,PNG,RGB,1004271,0.9577474594116211,82d619a2555705cbcf780a072e3e4521
e1c02f6c3362.png,0,sem_retinopatia_diabetica,2048,1536,2048x1536,1.3333333333333333,PNG,RGB,1893452,1.8057365417480469,458f0a60e06b11edc72b01add7ac00ac
e1dc02a3dc2a.png,0,sem_retinopatia_diabetica,1050,1050,1050x1050,1.0,PNG,RGB,1018687,0.9714956283569336,821a5fe804a832b799774c0b2423c040
e1e490773462.png,2,retinopatia_diabetica_moderada,3388,2588,3388x2588,1.3091190108191655,PNG,RGB,3673427,3.5032529830932617,b18c51a411409336e134d36fc9d6e616
e1fb532f55df.png,3,retinopatia_diabetica_grave,2896,1944,2896x1944,1.4897119341563787,PNG,RGB,2265267,2.1603269577026367,55611bfcf60071557f60c7af0ecd46ae
e2161692a0b4.png,2,retinopatia_diabetica_moderada,2588,1958,2588x1958,1.3217568947906027,PNG,RGB,5020089,4.787529945373535,fe646ed11b97b7d1411dfbbaeee1970f
e2265c383348.png,0,sem_retinopatia_diabetica,819,614,819x614,1.3338762214983713,PNG,RGB,297490,0.2837085723876953,d689e388c7f076483a7529dfdd76ad48
e229aca862c7.png,2,retinopatia_diabetica_moderada,3216,2136,3216x2136,1.5056179775280898,PNG,RGB,3121922,2.977296829223633,2c179e30704458ac980adac760ab6680
e23add229074.png,4,retinopatia_diabetica_proliferativa,3216,2136,3216x2136,1.5056179775280898,PNG,RGB,2811753,2.6814966201782227,00ead0679040464e1a4a8cc1f4d476a4
e246cd89e1cc.png,0,sem_retinopatia_diabetica,1050,1050,1050x1050,1.0,PNG,RGB,935978,0.8926181793212891,f102ccde04e0530830079fd2e4a774d4
e251bdf05b85.png,0,sem_retinopatia_diabetica,819,614,819x614,1.3338762214983713,PNG,RGB,334291,0.3188047409057617,69d86aa1ec8de32c74a7d1f772c395ba
e25ccfe38e44.png,1,retinopatia_diabetica_leve,819,614,819x614,1.3338762214983713,PNG,RGB,333090,0.3176593780517578,40a446c36f55c8d44f64df78b5b1bcfb
e265c870f9b3.png,2,retinopatia_diabetica_moderada,3388,2588,3388x2588,1.3091190108191655,PNG,RGB,7674292,7.318775177001953,3aae9d96f03129a1ce1eaccab08bdb79
e26bcae6c67b.png,0,sem_retinopatia_diabetica,2588,1958,2588x1958,1.3217568947906027,PNG,RGB,5205704,4.964546203613281,adad157f6d5bab0ff6e2f080f95052cc
e26d8718ca58.png,1,retinopatia_diabetica_leve,819,614,819x614,1.3338762214983713,PNG,RGB,322929,0.3079690933227539,cdb739531900cc1a351e5314cd5b7671
e2856afe62c5.png,2,retinopatia_diabetica_moderada,2416,1736,2416x1736,1.391705069124424,PNG,RGB,1633934,1.5582408905029297,fcc8b4e3936efa1d64def9c66bf2cc9c
e29e54ff921e.png,0,sem_retinopatia_diabetica,1050,1050,1050x1050,1.0,PNG,RGB,1006786,0.9601459503173828,4c5f0f3f0e9c11b891282dffe66becfd
e2a233493b90.png,1,retinopatia_diabetica_leve,2416,1736,2416x1736,1.391705069124424,PNG,RGB,2252823,2.1484594345092773,ab26591bd627688580f71921abbb7ee7
e2a47a74e6e1.png,2,retinopatia_diabetica_moderada,2416,1736,2416x1736,1.391705069124424,PNG,RGB,2530661,2.413426399230957,037ec6ac5295502de2071b2645d196ac
e2c39ed0c941.png,0,sem_retinopatia_diabetica,1050,1050,1050x1050,1.0,PNG,RGB,973374,0.9282817840576172,dfc956348d87b76cd7f5f0fbf4c8158a
e2c3b037413b.png,0,sem_retinopatia_diabetica,2416,1736,2416x1736,1.391705069124424,PNG,RGB,2233799,2.130316734313965,6c6d0a03f7ddbc2958802f8de44d34c2
e2ec22b3d07e.png,0,sem_retinopatia_diabetica,819,614,819x614,1.3338762214983713,PNG,RGB,352177,0.3358621597290039,48231391c959f9ec4bcc4817d1fcc173
e30a890600e1.png,0,sem_retinopatia_diabetica,819,614,819x614,1.3338762214983713,PNG,RGB,335838,0.3202800750732422,c2939d7b217550d48a3d39031c461fd8
e31c42a8652b.png,2,retinopatia_diabetica_moderada,640,480,640x480,1.3333333333333333,PNG,RGB,341981,0.3261384963989258,f85a5911edb97b018d49de2f1cd8f9fe
e322acd46152.png,0,sem_retinopatia_diabetica,2048,1536,2048x1536,1.3333333333333333,PNG,RGB,1864465,1.778092384338379,260c0fb258972d1d0e0de6294351aedf
e32a359be36d.png,3,retinopatia_diabetica_grave,2588,1958,2588x1958,1.3217568947906027,PNG,RGB,5142729,4.904488563537598,91ea7cc488a97c85ba177190f974c070
e32dc722eca5.png,4,retinopatia_diabetica_proliferativa,3216,2136,3216x2136,1.5056179775280898,PNG,RGB,2895206,2.7610836029052734,76b5e34a84f2e54aff3fdd88680d4e26
e33766353db2.png,0,sem_retinopatia_diabetica,819,614,819x614,1.3338762214983713,PNG,RGB,325285,0.31021595001220703,c4a808217b3a2cedd952bdbbd1317c98
e34fa07bd64d.png,2,retinopatia_diabetica_moderada,1844,1226,1844x1226,1.504078303425775,PNG,RGB,870861,0.8305177688598633,395248bce05d9ac22ef87b6f021f9dfb
e387311a840e.png,2,retinopatia_diabetica_moderada,2416,1736,2416x1736,1.391705069124424,PNG,RGB,2157747,2.0577878952026367,eacecf5dd00c96f81eac44993dac9d0b
e38f3a65b02b.png,1,retinopatia_diabetica_leve,4288,2848,4288x2848,1.5056179775280898,PNG,RGB,5264965,5.021061897277832,b5d085885001b2d734a9daef91d0808d
e39b627cf648.png,4,retinopatia_diabetica_proliferativa,1504,1000,1504x1000,1.504,PNG,RGB,1412508,1.3470726013183594,7dfc81788fb0ba952897c36bb59dc431
e3a7671f787b.png,2,retinopatia_diabetica_moderada,3388,2588,3388x2588,1.3091190108191655,PNG,RGB,7214166,6.879964828491211,caa565130e9b3e2821a7f874a7f45c10
e3ab63dc9a60.png,4,retinopatia_diabetica_proliferativa,2416,1736,2416x1736,1.391705069124424,PNG,RGB,2164415,2.0641469955444336,c44c20f5ad4a876e600894654e1594ce
e3b47ed5b511.png,0,sem_retinopatia_diabetica,1050,1050,1050x1050,1.0,PNG,RGB,932579,0.8893766403198242,95b09e683adf5341d3d9264c2643f985
e3cd96cb094c.png,0,sem_retinopatia_diabetica,2048,1536,2048x1536,1.3333333333333333,PNG,RGB,1925657,1.8364496231079102,28c6cb403e90517321935fc8992301b4
e3e490babc0c.png,2,retinopatia_diabetica_moderada,2416,1736,2416x1736,1.391705069124424,PNG,RGB,1948601,1.8583307266235352,3aa881c1f71ac7eba401af7d4a82e169
e3ec668f6fad.png,4,retinopatia_diabetica_proliferativa,3388,2588,3388x2588,1.3091190108191655,PNG,RGB,7204845,6.871075630187988,d7d30ffdd29997072c133e6cecef39a7
e4151feb8443.png,2,retinopatia_diabetica_moderada,3216,2136,3216x2136,1.5056179775280898,PNG,RGB,6034926,5.755353927612305,c87e2f95a75a7ab965aa58e730a0d4cc
e4210e7fe587.png,3,retinopatia_diabetica_grave,2588,1958,2588x1958,1.3217568947906027,PNG,RGB,5145482,4.907114028930664,eafe6ea3ec122fcc3ac0539dac15a566
e42d9a94a66d.png,0,sem_retinopatia_diabetica,2588,1958,2588x1958,1.3217568947906027,PNG,RGB,5447269,5.194920539855957,37fe34fad6ca51daddb2a8a75dd6d1cc
e4730ddde408.png,4,retinopatia_diabetica_proliferativa,3216,2136,3216x2136,1.5056179775280898,PNG,RGB,2958821,2.821751594543457,83ae9fba38520921e46670f8c5c411f2
e47452069ea1.png,0,sem_retinopatia_diabetica,2048,1536,2048x1536,1.3333333333333333,PNG,RGB,1736091,1.655665397644043,f4193a69f450b5cd849602056dd30ee3
e47770a2e5d1.png,0,sem_retinopatia_diabetica,2588,1958,2588x1958,1.3217568947906027,PNG,RGB,5302282,5.056650161743164,0be273bfd7fae5238a8bf622d113ad73
e499434242cc.png,2,retinopatia_diabetica_moderada,3216,2136,3216x2136,1.5056179775280898,PNG,RGB,2548486,2.4304256439208984,6b60facb533311f6c5263826045c518c
e4a44f9158dc.png,0,sem_retinopatia_diabetica,1050,1050,1050x1050,1.0,PNG,RGB,994446,0.9483776092529297,65303d1706429ffd7ecf9b51cf0b35aa
e4ae1ee6aada.png,0,sem_retinopatia_diabetica,1050,1050,1050x1050,1.0,PNG,RGB,939824,0.8962860107421875,1a0ca2cbc1fafd060a5215e11cef14b4
e4b0df29b96f.png,0,sem_retinopatia_diabetica,1050,1050,1050x1050,1.0,PNG,RGB,948092,0.9041709899902344,f9584d2aad767b87588eea432f113818
e4c799738a19.png,0,sem_retinopatia_diabetica,1050,1050,1050x1050,1.0,PNG,RGB,939526,0.8960018157958984,2c1edfce3189f0816d0c0125af4c5aa1
e4d3d437b0a8.png,0,sem_retinopatia_diabetica,1050,1050,1050x1050,1.0,PNG,RGB,1026734,0.9791698455810547,f97f9982b3e007e42bac7659e6b4386c
e4dcca36ceb4.png,0,sem_retinopatia_diabetica,1050,1050,1050x1050,1.0,PNG,RGB,1000194,0.9538593292236328,e6a00b913351e0e77b46a805994450b2
e4e343eaae2a.png,2,retinopatia_diabetica_moderada,2144,1424,2144x1424,1.5056179775280898,PNG,RGB,2751322,2.6238651275634766,781b4bf238bc2bba180d85f615a988a6
e4f12411fd85.png,4,retinopatia_diabetica_proliferativa,2896,1944,2896x1944,1.4897119341563787,PNG,RGB,2310044,2.2030296325683594,9908982fd8c3d7f1106a999189c07ca3
e50b0174690d.png,0,sem_retinopatia_diabetica,1050,1050,1050x1050,1.0,PNG,RGB,839235,0.8003568649291992,deb6743d1f72f3172a0a21426930cc3f
e5197d77ec68.png,0,sem_retinopatia_diabetica,819,614,819x614,1.3338762214983713,PNG,RGB,346866,0.3307971954345703,aaba2c74fbfc4973ad812805cae9705f
e529c5757d64.png,0,sem_retinopatia_diabetica,819,614,819x614,1.3338762214983713,PNG,RGB,274868,0.2621345520019531,032c3262488bdb780eab6c918d9ddd8f
e52ed5c29c5e.png,3,retinopatia_diabetica_grave,3216,2136,3216x2136,1.5056179775280898,PNG,RGB,1857815,1.7717504501342773,a4683d55588bf7de6312c36c126af603
e540d2e35d15.png,2,retinopatia_diabetica_moderada,2416,1736,2416x1736,1.391705069124424,PNG,RGB,2024194,1.9304218292236328,c0ce05df7be7e7e78fe0f22eacb56c9f
e55188915f9d.png,1,retinopatia_diabetica_leve,2416,1736,2416x1736,1.391705069124424,PNG,RGB,1939405,1.8495607376098633,18dc627bc759d5ff6adf054d81131992
e580676516b0.png,1,retinopatia_diabetica_leve,2588,1958,2588x1958,1.3217568947906027,PNG,RGB,5561762,5.304109573364258,b0e75455670c5f9e61d08c8449353cba
e582e56e7942.png,0,sem_retinopatia_diabetica,1050,1050,1050x1050,1.0,PNG,RGB,1073949,1.0241975784301758,b399c5f0d0543f6756ac767d75a93d34
e594c19e2e1d.png,0,sem_retinopatia_diabetica,1050,1050,1050x1050,1.0,PNG,RGB,942828,0.8991508483886719,af41cf0a1cc256155d2e5581e07ac3d8
e599151ca14b.png,2,retinopatia_diabetica_moderada,2416,1736,2416x1736,1.391705069124424,PNG,RGB,2095961,1.9988641738891602,aa91c269401ecf68b0f99d8f9cd4a29a
e59c5f345bb0.png,0,sem_retinopatia_diabetica,1050,1050,1050x1050,1.0,PNG,RGB,1058603,1.0095624923706055,0633ccc10c37bc0f05ede7fac1290254
e5d56f4f359b.png,2,retinopatia_diabetica_moderada,3216,2136,3216x2136,1.5056179775280898,PNG,RGB,3117571,2.973147392272949,f8496403ab9f69cf8c4f8e024b31b1e9
e5de79795c1d.png,0,sem_retinopatia_diabetica,819,614,819x614,1.3338762214983713,PNG,RGB,376043,0.35862255096435547,ad038a4ec99549b182d6c11543017cc5
e5f332efcbc7.png,0,sem_retinopatia_diabetica,2048,1536,2048x1536,1.3333333333333333,PNG,RGB,1729320,1.6492080688476562,a01d71f4570a2f5093dfc5a12a57e404
e5f73f2855c0.png,0,sem_retinopatia_diabetica,1050,1050,1050x1050,1.0,PNG,RGB,1051082,1.002389907836914,c2c75b9f901d0a0fc8dbeee607c84fc1
e60e4edb3ca9.png,0,sem_retinopatia_diabetica,1050,1050,1050x1050,1.0,PNG,RGB,982024,0.9365310668945312,9e9ca0853cf1ffa94f9746e508445cb3
e62490b7d0e9.png,4,retinopatia_diabetica_proliferativa,3216,2136,3216x2136,1.5056179775280898,PNG,RGB,2973004,2.835277557373047,4f152916b17adaf2452319e04d47c9da
e632e38fd2d4.png,0,sem_retinopatia_diabetica,2588,1958,2588x1958,1.3217568947906027,PNG,RGB,5293195,5.0479841232299805,3f4bf1d45e7c8ca969baf9cd23961def
e6552b7432b3.png,0,sem_retinopatia_diabetica,1050,1050,1050x1050,1.0,PNG,RGB,863762,0.8237476348876953,bff30b137038abb97b63242340a7aeee
e65a2ff90494.png,2,retinopatia_diabetica_moderada,2416,1736,2416x1736,1.391705069124424,PNG,RGB,2279589,2.173985481262207,49ae496d0b34e9161bca6eda9f0c749e
e65f94ad9be3.png,2,retinopatia_diabetica_moderada,2588,1958,2588x1958,1.3217568947906027,PNG,RGB,5275328,5.03094482421875,044c6fb6fae466b5b5d073d6e6864f03
e663c6627a95.png,2,retinopatia_diabetica_moderada,2416,1736,2416x1736,1.391705069124424,PNG,RGB,1976236,1.8846855163574219,5067e0054b3772492f3124b5bb9aade4
e66855a5c583.png,0,sem_retinopatia_diabetica,1050,1050,1050x1050,1.0,PNG,RGB,1032888,0.9850387573242188,7b1646a9a3b9f854a26bef3e5d4c444e
e66ad813a508.png,0,sem_retinopatia_diabetica,1050,1050,1050x1050,1.0,PNG,RGB,1052367,1.003615379333496,0320dd037f6c80013d482c2109fc80c8
e68746d426b2.png,0,sem_retinopatia_diabetica,819,614,819x614,1.3338762214983713,PNG,RGB,369154,0.3520526885986328,3547fce58d4cf086b13a94faaf482ec0
e68bdd36e589.png,0,sem_retinopatia_diabetica,2588,1958,2588x1958,1.3217568947906027,PNG,RGB,5593052,5.333950042724609,1ea88e015129b51c4ab2621d4256a7a4
e69b48516577.png,0,sem_retinopatia_diabetica,2588,1958,2588x1958,1.3217568947906027,PNG,RGB,5149691,4.911128044128418,53118d4a23f50f5312be1d5f72b95f86
e6a58edc5b42.png,2,retinopatia_diabetica_moderada,3216,2136,3216x2136,1.5056179775280898,PNG,RGB,2761430,2.633504867553711,a5da68df4db49a33b840ba5385dec1ca
e6a5e4718873.png,0,sem_retinopatia_diabetica,1050,1050,1050x1050,1.0,PNG,RGB,1033427,0.9855527877807617,d497214441c67c91b13fa67ffd4b483f
e6a6acf7fca1.png,2,retinopatia_diabetica_moderada,3216,2136,3216x2136,1.5056179775280898,PNG,RGB,2095287,1.9982213973999023,b7c6959331afee448f12c668698bbf1f
e6f0ce5bf282.png,2,retinopatia_diabetica_moderada,3216,2136,3216x2136,1.5056179775280898,PNG,RGB,2881332,2.747852325439453,988b47d427156343a219e01a29e7b38b
e724866f5084.png,2,retinopatia_diabetica_moderada,3216,2136,3216x2136,1.5056179775280898,PNG,RGB,2693317,2.568547248840332,d9a6e0785af36b4573ab4252a127ab42
e7291472109b.png,0,sem_retinopatia_diabetica,1050,1050,1050x1050,1.0,PNG,RGB,1096762,1.0459537506103516,7a15e57736627c577d898c2af01b467d
e740af6ac6ea.png,4,retinopatia_diabetica_proliferativa,1504,1000,1504x1000,1.504,PNG,RGB,1370683,1.307185173034668,f52144fec260494290f0ba7b23653c02
e756495c11cb.png,2,retinopatia_diabetica_moderada,2416,1736,2416x1736,1.391705069124424,PNG,RGB,2131943,2.03317928314209,76e2dd1bc5fa2d56be0bbd5267d6031a
e7578d8dba72.png,0,sem_retinopatia_diabetica,819,614,819x614,1.3338762214983713,PNG,RGB,312508,0.2980308532714844,fd40f1b84de60df67f9955b7c7c8c5c3
e76a9cbb2a8c.png,3,retinopatia_diabetica_grave,1504,1000,1504x1000,1.504,PNG,RGB,1387393,1.3231210708618164,4504e9549c404aea6f9424817dbafd5b
e77a93c3d9a9.png,0,sem_retinopatia_diabetica,2588,1958,2588x1958,1.3217568947906027,PNG,RGB,5545249,5.288361549377441,4846f33ff653d01105136a3afda84870
e79e10907295.png,0,sem_retinopatia_diabetica,1050,1050,1050x1050,1.0,PNG,RGB,785290,0.7489109039306641,f474b663ba6465b68fd19fd81a35fccd
e7a372a1c3a4.png,2,retinopatia_diabetica_moderada,2416,1736,2416x1736,1.391705069124424,PNG,RGB,2297272,2.1908493041992188,978b3ef08663da4843e654b12b1eb084
e7a7187066ad.png,2,retinopatia_diabetica_moderada,1504,1000,1504x1000,1.504,PNG,RGB,1310537,1.2498254776000977,760a5f40f35dd1ca462fbd81d190ab92
e7b5dd5bab1f.png,0,sem_retinopatia_diabetica,1050,1050,1050x1050,1.0,PNG,RGB,1019875,0.9726285934448242,2b4c835d1100e3be13a59efdd352aaab
e7d2c2c3b30f.png,4,retinopatia_diabetica_proliferativa,2416,1736,2416x1736,1.391705069124424,PNG,RGB,2297467,2.191035270690918,68df6a189a0e96c8acd5a4bf93732508
e7defafeb957.png,2,retinopatia_diabetica_moderada,3388,2588,3388x2588,1.3091190108191655,PNG,RGB,3763633,3.589280128479004,eadee44654d7b44dee1f3d0689d96472
e7fc93ac5b6d.png,2,retinopatia_diabetica_moderada,2588,1958,2588x1958,1.3217568947906027,PNG,RGB,3412641,3.2545480728149414,7fe2c423d14753b6e15b6eb141946d1e
e811f39a1243.png,2,retinopatia_diabetica_moderada,2896,1944,2896x1944,1.4897119341563787,PNG,RGB,2325568,2.21783447265625,9b1a33eacf9431b67bd11d39eb099928
e81f4a2fbbdc.png,0,sem_retinopatia_diabetica,2588,1958,2588x1958,1.3217568947906027,PNG,RGB,5790688,5.522430419921875,73044ad9b6adee2172b4df0c755c54e6
e821c1b6417a.png,4,retinopatia_diabetica_proliferativa,2588,1958,2588x1958,1.3217568947906027,PNG,RGB,4812258,4.589326858520508,8112e8f9df07e9b4b8574af45fc0cffa
e82232a3c28b.png,0,sem_retinopatia_diabetica,1050,1050,1050x1050,1.0,PNG,RGB,1052270,1.0035228729248047,8956f773d1e616ac2e8b870866a733d9
e83d315d8f98.png,2,retinopatia_diabetica_moderada,2588,1958,2588x1958,1.3217568947906027,PNG,RGB,5152012,4.913341522216797,844dcc319c1dfe744de79cac9e0d5dbd
e85d410d6836.png,2,retinopatia_diabetica_moderada,640,480,640x480,1.3333333333333333,PNG,RGB,323496,0.30850982666015625,55c9b2300c21b74ec794065c88250b75
e868c3da340b.png,2,retinopatia_diabetica_moderada,3216,2136,3216x2136,1.5056179775280898,PNG,RGB,2132417,2.0336313247680664,af3889f52b0c9bb896751539e3e3f201
e893e86dde94.png,0,sem_retinopatia_diabetica,1050,1050,1050x1050,1.0,PNG,RGB,915698,0.8732776641845703,51c50fbacbffa0b6bd186ea61889a1fe
e8d1c6c07cf2.png,3,retinopatia_diabetica_grave,1504,1000,1504x1000,1.504,PNG,RGB,1719351,1.6397008895874023,f2925812dee45e7dba0ca4fbb346ea99
e8ddfc9709ce.png,0,sem_retinopatia_diabetica,1050,1050,1050x1050,1.0,PNG,RGB,1028792,0.9811325073242188,0e588e04a36859ccc0d59647a3f8adad
e8e44b3160e3.png,0,sem_retinopatia_diabetica,1050,1050,1050x1050,1.0,PNG,RGB,1022433,0.9750680923461914,5cfbfd8b7174a2cd2aae45d339037ebb
e907d23cce3d.png,0,sem_retinopatia_diabetica,2048,1536,2048x1536,1.3333333333333333,PNG,RGB,1943155,1.8531370162963867,681d5a4820cd7e31c358deeed19cba63
e9129ce55fd7.png,2,retinopatia_diabetica_moderada,2588,1958,2588x1958,1.3217568947906027,PNG,RGB,5202335,4.961333274841309,ed667a36269cd260daf0469a8eabe54d
e9286ddf6ffe.png,1,retinopatia_diabetica_leve,4288,2848,4288x2848,1.5056179775280898,PNG,RGB,5373359,5.124434471130371,3a78ebd7f77017ca83e6bad4f96b8f26
e933923aab15.png,0,sem_retinopatia_diabetica,1050,1050,1050x1050,1.0,PNG,RGB,1042662,0.9943599700927734,3d5cdf4f9e1ad0fe3bbb26bdf62ae08e
e93394175a19.png,3,retinopatia_diabetica_grave,3216,2136,3216x2136,1.5056179775280898,PNG,RGB,3057116,2.9154930114746094,61f4fc74af346898df7fd7201e57a1fb
e96099b961b4.png,2,retinopatia_diabetica_moderada,2416,1736,2416x1736,1.391705069124424,PNG,RGB,1988052,1.8959541320800781,9e171a3f3bd94ef9d58e263d44f2ffde
e966850247f4.png,0,sem_retinopatia_diabetica,1050,1050,1050x1050,1.0,PNG,RGB,891592,0.8502883911132812,37a3480a5ff46eb75d30ad1d1e02fb5d
e9678824215d.png,0,sem_retinopatia_diabetica,1050,1050,1050x1050,1.0,PNG,RGB,933615,0.8903646469116211,45edf5573113eb5a90d903de07e4998e
e96bd80a8a53.png,1,retinopatia_diabetica_leve,2416,1736,2416x1736,1.391705069124424,PNG,RGB,1710982,1.6317195892333984,d72f9d790af9e4d4600dba0e483b2d48
e97ecf4355cb.png,0,sem_retinopatia_diabetica,2048,1536,2048x1536,1.3333333333333333,PNG,RGB,1783921,1.701279640197754,f93a7839925687cd4dc2eac1913392d9
e9ab8413e771.png,4,retinopatia_diabetica_proliferativa,2588,1958,2588x1958,1.3217568947906027,PNG,RGB,5238072,4.995414733886719,88235be31bd0af2ffc5d02a5a43b2434
e9ce5bf645ab.png,0,sem_retinopatia_diabetica,1050,1050,1050x1050,1.0,PNG,RGB,1004526,0.9579906463623047,9c41d0688f2f5d5af063565f04504d9f
e9f3c85a2a02.png,0,sem_retinopatia_diabetica,1050,1050,1050x1050,1.0,PNG,RGB,1029783,0.9820775985717773,e6879449a983d1ab08a78b1aa4ff603f
e9f82b5bbaf4.png,2,retinopatia_diabetica_moderada,2416,1736,2416x1736,1.391705069124424,PNG,RGB,2078702,1.9824047088623047,0ec93f2bb049653bf5e2a584b72d2da5
e9faf0296643.png,0,sem_retinopatia_diabetica,2588,1958,2588x1958,1.3217568947906027,PNG,RGB,5877048,5.604789733886719,45c4b1ec35c0587bd6eb344ec983447b
e9ff9352ccb3.png,1,retinopatia_diabetica_leve,4288,2848,4288x2848,1.5056179775280898,PNG,RGB,5491926,5.237508773803711,26cf5a38e8ac56cd864f2b3f2836c0cd
ea05c22d92e9.png,2,retinopatia_diabetica_moderada,1504,1000,1504x1000,1.504,PNG,RGB,1384653,1.3205080032348633,523b5e9da719b5d87b7d28b22fba31ce
ea15a290eb96.png,1,retinopatia_diabetica_leve,2416,1736,2416x1736,1.391705069124424,PNG,RGB,2376845,2.2667360305786133,d81ce47a6d4b99561bdbd8ac3bd41728
ea1d045f9fea.png,2,retinopatia_diabetica_moderada,3388,2588,3388x2588,1.3091190108191655,PNG,RGB,7284494,6.94703483581543,ed3cf428939027352baa0847cbb1d72f
ea4ce9516144.png,0,sem_retinopatia_diabetica,2048,1536,2048x1536,1.3333333333333333,PNG,RGB,1921721,1.8326959609985352,3bf26530e4e8827f976be4c516651af7
ea4dcb055139.png,2,retinopatia_diabetica_moderada,2588,1958,2588x1958,1.3217568947906027,PNG,RGB,4943691,4.7146711349487305,886c6337364ac868d973235f1f08583c
ea588d1e5d96.png,2,retinopatia_diabetica_moderada,3216,2136,3216x2136,1.5056179775280898,PNG,RGB,2553258,2.434976577758789,1c0d383f509f77b6126d2bc87e87c70c
ea5c42a78979.png,0,sem_retinopatia_diabetica,1050,1050,1050x1050,1.0,PNG,RGB,987741,0.9419832229614258,748bc77e58b954673fadb89e63f764a4
ea68b58a6e8f.png,0,sem_retinopatia_diabetica,1050,1050,1050x1050,1.0,PNG,RGB,990268,0.9443931579589844,49ce448bb78d398038452887da7cfd6f
ea6a53e54d0f.png,0,sem_retinopatia_diabetica,819,614,819x614,1.3338762214983713,PNG,RGB,372710,0.35544395446777344,9a77f149e137815826ef3d13d2a74e5f
ea7e21bab610.png,0,sem_retinopatia_diabetica,1050,1050,1050x1050,1.0,PNG,RGB,1016928,0.969818115234375,b17cc7869a7cfec3f6de73b325e109ca
ea9c41e1ced0.png,0,sem_retinopatia_diabetica,1050,1050,1050x1050,1.0,PNG,RGB,1045587,0.9971494674682617,9a423b3d379502b386e1b86703f549c5
ea9e0fb6fb0b.png,2,retinopatia_diabetica_moderada,2144,1424,2144x1424,1.5056179775280898,PNG,RGB,2829943,2.6988439559936523,de4d6b745deb0c337b7c3bca50d9b0a3
eaa0dfbd5024.png,4,retinopatia_diabetica_proliferativa,2416,1736,2416x1736,1.391705069124424,PNG,RGB,2326521,2.218743324279785,14f5a5aa4377d1436df1f27a7d3566ef
eabc7c716255.png,0,sem_retinopatia_diabetica,819,614,819x614,1.3338762214983713,PNG,RGB,327916,0.3127250671386719,1d350ec09c2fc6bcacab569f079aae02
eabf421f94d0.png,0,sem_retinopatia_diabetica,1050,1050,1050x1050,1.0,PNG,RGB,1010523,0.963709831237793,2af5904e32235e1bd3566390aa3af89d
ead23cc922ed.png,1,retinopatia_diabetica_leve,2416,1736,2416x1736,1.391705069124424,PNG,RGB,1678968,1.6011886596679688,f434c9e4fdeb60b16ef4ededa451d559
eadc57064154.png,4,retinopatia_diabetica_proliferativa,1050,1050,1050x1050,1.0,PNG,RGB,950365,0.9063386917114258,e4b6268985b346018804a921801508d1
eadfc8809ec8.png,2,retinopatia_diabetica_moderada,3216,2136,3216x2136,1.5056179775280898,PNG,RGB,2702095,2.576918601989746,0a1c15c62ad02d79660ec62ef9b01243
eae70f527755.png,0,sem_retinopatia_diabetica,1050,1050,1050x1050,1.0,PNG,RGB,951084,0.9070243835449219,be0dfdd574b83e1fe8886210ec6e3074
eae901557a84.png,2,retinopatia_diabetica_moderada,2588,1958,2588x1958,1.3217568947906027,PNG,RGB,3742897,3.569504737854004,5446cc2a3fe61c2af4b093f8ef9c1a75
eb050765b323.png,0,sem_retinopatia_diabetica,1050,1050,1050x1050,1.0,PNG,RGB,1046507,0.9980268478393555,d3d46f5a691b49aa8e2dfc3bc69cb80a
eb175669d789.png,0,sem_retinopatia_diabetica,819,614,819x614,1.3338762214983713,PNG,RGB,325011,0.3099546432495117,4f7b872cf0c645d5d985a027786798d9
eb1ad14dd281.png,2,retinopatia_diabetica_moderada,3388,2588,3388x2588,1.3091190108191655,PNG,RGB,7023678,6.698301315307617,dcb96e5fb1e7f2a8ddb91a98eba95836
eb1d37b71fd1.png,4,retinopatia_diabetica_proliferativa,2416,1736,2416x1736,1.391705069124424,PNG,RGB,2334999,2.2268285751342773,4b3c456cd0da40dc554ed19d70216f85
eb32a815f78c.png,2,retinopatia_diabetica_moderada,2588,1958,2588x1958,1.3217568947906027,PNG,RGB,5352276,5.104328155517578,d6a69a98bd45f84583860eb836f5460b
eb6b1f1c09db.png,0,sem_retinopatia_diabetica,3216,2136,3216x2136,1.5056179775280898,PNG,RGB,3235399,3.085516929626465,91e2ddbc9da88049010bcf9c34b9091e
eba3acc42197.png,1,retinopatia_diabetica_leve,3216,2136,3216x2136,1.5056179775280898,PNG,RGB,2441481,2.3283777236938477,aff9c061c23c04af70398b80f16071a5
ebd96d853918.png,0,sem_retinopatia_diabetica,1050,1050,1050x1050,1.0,PNG,RGB,1001728,0.955322265625,7d36fd7ada811272420a443f2aceb0be
ebe0175e530c.png,4,retinopatia_diabetica_proliferativa,2416,1736,2416x1736,1.391705069124424,PNG,RGB,2168863,2.0683889389038086,e08c856f684490e167e6ad8689fabd72
ebf4b22240f4.png,0,sem_retinopatia_diabetica,1050,1050,1050x1050,1.0,PNG,RGB,954954,0.9107151031494141,265a25ceef502975fac12d6ad3524363
ec01f0862669.png,0,sem_retinopatia_diabetica,1050,1050,1050x1050,1.0,PNG,RGB,1006802,0.9601612091064453,cbaa072f0344fe1941cb116d1b18b669
ec0c9f817b03.png,0,sem_retinopatia_diabetica,1050,1050,1050x1050,1.0,PNG,RGB,868981,0.8287248611450195,de59ac5b4019c2880a656941e53506f6
ec363f48867b.png,0,sem_retinopatia_diabetica,2588,1958,2588x1958,1.3217568947906027,PNG,RGB,5457955,5.205111503601074,893da6d0ae1fea8543fda39c7b9fc50d
ec4649213ccf.png,1,retinopatia_diabetica_leve,2416,1736,2416x1736,1.391705069124424,PNG,RGB,2192681,2.0911035537719727,598100f0161a66b6faeceaf9245d861d
ec57cc20d776.png,0,sem_retinopatia_diabetica,819,614,819x614,1.3338762214983713,PNG,RGB,318822,0.30405235290527344,2e59851e090edb21f69d7dd0fbdcf747
ec6659926105.png,0,sem_retinopatia_diabetica,1050,1050,1050x1050,1.0,PNG,RGB,1058391,1.0093603134155273,e33ee52a12d39e1744e50b3cf7860557
ec6f1797a25a.png,0,sem_retinopatia_diabetica,1050,1050,1050x1050,1.0,PNG,RGB,998434,0.9521808624267578,1d637494248dd983eb1a602e13dc2268
ecad6845f630.png,0,sem_retinopatia_diabetica,2588,1958,2588x1958,1.3217568947906027,PNG,RGB,3761642,3.587381362915039,2526a1692ddc8ab9a9d37b7dbdcde49e
ecb4500285ed.png,0,sem_retinopatia_diabetica,819,614,819x614,1.3338762214983713,PNG,RGB,315036,0.3004417419433594,2e4e83596af1aceecf8ffdee8327490c
ed246ae1ed08.png,4,retinopatia_diabetica_proliferativa,2416,1736,2416x1736,1.391705069124424,PNG,RGB,2187493,2.086155891418457,99d02a49d8b20a8de21e11651e679357
ed2c06fcc573.png,2,retinopatia_diabetica_moderada,2416,1736,2416x1736,1.391705069124424,PNG,RGB,2344592,2.2359771728515625,001ad1efefcb3c7fa54e6c007d000423
ed2c52c14493.png,0,sem_retinopatia_diabetica,1050,1050,1050x1050,1.0,PNG,RGB,985571,0.9399137496948242,146171bb5d6b15b34dab96b8d4e642c6
ed2ef440d22c.png,0,sem_retinopatia_diabetica,819,614,819x614,1.3338762214983713,PNG,RGB,324515,0.3094816207885742,82d610d61a3a7f69f3d6cf9f617cbf28
ed3a0fc5b546.png,4,retinopatia_diabetica_proliferativa,2416,1736,2416x1736,1.391705069124424,PNG,RGB,2539545,2.42189884185791,6c9d26bab272c4b6d0d4333de16f61d4
ed3ce1674761.png,0,sem_retinopatia_diabetica,1050,1050,1050x1050,1.0,PNG,RGB,937238,0.8938198089599609,ae256ba112ae384cb9b964e6872c81b4
ed648b9bcd95.png,0,sem_retinopatia_diabetica,819,614,819x614,1.3338762214983713,PNG,RGB,322019,0.3071012496948242,5e8a5ce3cf7e926c80cf7a656aa32462
ed6704e3b72e.png,3,retinopatia_diabetica_grave,2416,1736,2416x1736,1.391705069124424,PNG,RGB,2446302,2.332975387573242,9c160507e86fe5bb38af3d78e15d1849
ed6bd9293a89.png,0,sem_retinopatia_diabetica,1050,1050,1050x1050,1.0,PNG,RGB,1028766,0.9811077117919922,f78edb006eaba1a57459ea6d75caed8c
ed88faaa325a.png,2,retinopatia_diabetica_moderada,3216,2136,3216x2136,1.5056179775280898,PNG,RGB,2216573,2.113888740539551,eb7dd98320905fba8c578026e5446448
eda1d75cbcf0.png,0,sem_retinopatia_diabetica,1050,1050,1050x1050,1.0,PNG,RGB,999436,0.9531364440917969,6d1a63a96d45ac715ef77f6ce6956412
eda29a9d78f3.png,0,sem_retinopatia_diabetica,1050,1050,1050x1050,1.0,PNG,RGB,1008614,0.9618892669677734,094a666e47ca76afa62c13885599805c
edceb0657d77.png,0,sem_retinopatia_diabetica,819,614,819x614,1.3338762214983713,PNG,RGB,332610,0.3172016143798828,fba978d6497dbf5950d5c508db2164c7
ee02294cc3d9.png,2,retinopatia_diabetica_moderada,3216,2136,3216x2136,1.5056179775280898,PNG,RGB,3371975,3.215765953063965,47043d81383d727ddaf7699875f0f2cd
ee059945b08a.png,2,retinopatia_diabetica_moderada,2588,1958,2588x1958,1.3217568947906027,PNG,RGB,5474223,5.220625877380371,babe1bf3ac2402058ecad82cc614644d
ee1ec90b980f.png,4,retinopatia_diabetica_proliferativa,2416,1736,2416x1736,1.391705069124424,PNG,RGB,2249585,2.145371437072754,0364647a1034dcb854d6e81388ba34aa
ee2c2a5f7d0e.png,2,retinopatia_diabetica_moderada,3216,2136,3216x2136,1.5056179775280898,PNG,RGB,6055899,5.775355339050293,ec96fe859062b331093a609ae243341a
ee36ca728641.png,0,sem_retinopatia_diabetica,2048,1536,2048x1536,1.3333333333333333,PNG,RGB,1912030,1.8234539031982422,c354fbd0c2bae3f5aba86ea041bddd35
ee3f5cf52188.png,0,sem_retinopatia_diabetica,2048,1536,2048x1536,1.3333333333333333,PNG,RGB,1942642,1.8526477813720703,de3f10528e87121fe9e05151f1caa4ee
ee3fe7809e6a.png,0,sem_retinopatia_diabetica,819,614,819x614,1.3338762214983713,PNG,RGB,294377,0.28073978424072266,0885ecf5ee0b73fb7aa3cb9a445acc3a
ee6e39319b39.png,2,retinopatia_diabetica_moderada,3388,2588,3388x2588,1.3091190108191655,PNG,RGB,4552719,4.341811180114746,9f0ad0232e369f00c666c6a85fae454b
ee74c3b177e0.png,2,retinopatia_diabetica_moderada,2588,1958,2588x1958,1.3217568947906027,PNG,RGB,5313553,5.067399024963379,bf1c4f8e8366266bb339d1be88b8666f
ee77763a6afb.png,0,sem_retinopatia_diabetica,2048,1536,2048x1536,1.3333333333333333,PNG,RGB,1774636,1.6924247741699219,47b7e2935b1c4782e68262ed12e530ae
ee78ce914066.png,1,retinopatia_diabetica_leve,2416,1736,2416x1736,1.391705069124424,PNG,RGB,2115393,2.0173959732055664,59c91479100f8c24d80ab8a7afc66ec7
eeaea2c5ff34.png,0,sem_retinopatia_diabetica,2048,1536,2048x1536,1.3333333333333333,PNG,RGB,1840978,1.7556934356689453,271aa358b764bcd2ca5e99c418153a02
eeb231c3ef1f.png,1,retinopatia_diabetica_leve,2416,1736,2416x1736,1.391705069124424,PNG,RGB,1721031,1.6413030624389648,c5d2a1149e17617522494e5d44d6c71c
eebd1e195952.png,0,sem_retinopatia_diabetica,819,614,819x614,1.3338762214983713,PNG,RGB,327903,0.3127126693725586,dd1d5191365b817010d3f1f25c7419d0
eed4afc8ec83.png,1,retinopatia_diabetica_leve,1050,1050,1050x1050,1.0,PNG,RGB,989985,0.9441232681274414,3a7bb1e17e91711d8b6bf4f3f239e4d7
eedae6b28f96.png,0,sem_retinopatia_diabetica,2588,1958,2588x1958,1.3217568947906027,PNG,RGB,5392787,5.142962455749512,b6c3cdf5e7aa835640cf5f56883d5cdb
ef247f28004f.png,0,sem_retinopatia_diabetica,2048,1536,2048x1536,1.3333333333333333,PNG,RGB,1945744,1.8556060791015625,1c8f7b670369d99f041d992bdadfe4b4
ef26625121b3.png,4,retinopatia_diabetica_proliferativa,2416,1736,2416x1736,1.391705069124424,PNG,RGB,2189200,2.0877838134765625,f3457500e609f39b3add0bdf216c88e8
ef4121e9bb67.png,0,sem_retinopatia_diabetica,1050,1050,1050x1050,1.0,PNG,RGB,1008091,0.961390495300293,44c711bedf4e2d977975dd10b15e4f7b
ef476be214d4.png,0,sem_retinopatia_diabetica,819,614,819x614,1.3338762214983713,PNG,RGB,314170,0.29961585998535156,02957f9c41bc892cedc1278841d77b1f
ef48780f5d5f.png,0,sem_retinopatia_diabetica,1050,1050,1050x1050,1.0,PNG,RGB,1072103,1.0224370956420898,078b5c09c72b9c75b3d3ff128d7cd5ef
ef5155990874.png,0,sem_retinopatia_diabetica,1050,1050,1050x1050,1.0,PNG,RGB,1074323,1.0245542526245117,5cfa35805cfb879fce93bbaccb5e3314
ef7a4ed8d5d1.png,2,retinopatia_diabetica_moderada,2588,1958,2588x1958,1.3217568947906027,PNG,RGB,5642697,5.381295204162598,230fd4f726562bbec9b70651287eb252
ef7eb85b75fc.png,0,sem_retinopatia_diabetica,1050,1050,1050x1050,1.0,PNG,RGB,1006894,0.9602489471435547,3249fa60a287041113708f70c87475e2
ef8109305128.png,1,retinopatia_diabetica_leve,2416,1736,2416x1736,1.391705069124424,PNG,RGB,2397442,2.286378860473633,d351f22ef6dc187c0fdf83560524ae0a
ef81cd8854cb.png,0,sem_retinopatia_diabetica,1050,1050,1050x1050,1.0,PNG,RGB,1036525,0.9885072708129883,cdfea2be5c1f78aea3903bca709d90dc
ef8c39eb9157.png,0,sem_retinopatia_diabetica,2048,1536,2048x1536,1.3333333333333333,PNG,RGB,1575669,1.5026750564575195,4820ebf8f64d50c92273c53284899f8d
ef99c499d665.png,0,sem_retinopatia_diabetica,1050,1050,1050x1050,1.0,PNG,RGB,901914,0.8601322174072266,e82687be6e4b26c14ea126c7995e18e6
efff2f1a35f5.png,2,retinopatia_diabetica_moderada,2416,1736,2416x1736,1.391705069124424,PNG,RGB,2116659,2.0186033248901367,cd54fc42a4e0d2e241fc3d05752b27b7
f002ce614c59.png,0,sem_retinopatia_diabetica,2588,1958,2588x1958,1.3217568947906027,PNG,RGB,5465684,5.212482452392578,72b0925b8e9e622885891dc45bb9bc1e
f0098e9d4aee.png,4,retinopatia_diabetica_proliferativa,2416,1736,2416x1736,1.391705069124424,PNG,RGB,2381686,2.271352767944336,29f1d3590a06871c4c8ee7eefc32d52c
f00ce9b9d6f4.png,0,sem_retinopatia_diabetica,1050,1050,1050x1050,1.0,PNG,RGB,975742,0.9305400848388672,e15603e309963b31e9a7ceed1ddf37ff
f02057c41256.png,0,sem_retinopatia_diabetica,2588,1958,2588x1958,1.3217568947906027,PNG,RGB,5410718,5.160062789916992,fed78d551dd6f119eed33233e7130229
f025f33b2c9b.png,4,retinopatia_diabetica_proliferativa,3216,2136,3216x2136,1.5056179775280898,PNG,RGB,2957473,2.8204660415649414,2b26406f82e83c7e15296e2eedd44b0b
f0267c42907c.png,0,sem_retinopatia_diabetica,2048,1536,2048x1536,1.3333333333333333,PNG,RGB,1891252,1.8036384582519531,930999ed8b1a0aae010c70e0703d6a29
f02956bd7c50.png,0,sem_retinopatia_diabetica,2048,1536,2048x1536,1.3333333333333333,PNG,RGB,1916114,1.8273487091064453,9fa2c7870dce869b9f4b41405fa335fe
f02babb3a023.png,0,sem_retinopatia_diabetica,1050,1050,1050x1050,1.0,PNG,RGB,998140,0.9519004821777344,209303a740f8bdd6f3dd9d74a02d6673
f03d3c4ce7fb.png,4,retinopatia_diabetica_proliferativa,3216,2136,3216x2136,1.5056179775280898,PNG,RGB,6232251,5.943537712097168,3be1e5644df038399c1d31319e733af1
f0546a45ef10.png,0,sem_retinopatia_diabetica,1050,1050,1050x1050,1.0,PNG,RGB,1006944,0.960296630859375,b3b25b62ef25ee6de9294894c89e3044
f066db7a2efe.png,0,sem_retinopatia_diabetica,2416,1736,2416x1736,1.391705069124424,PNG,RGB,2086570,1.989908218383789,b985387a6d90af5b7ffd767a769e15ae
f06e7a9df795.png,0,sem_retinopatia_diabetica,2588,1958,2588x1958,1.3217568947906027,PNG,RGB,5252961,5.009613990783691,d5d3de6e5f051ac60047ae237b808458
f0800723bc63.png,2,retinopatia_diabetica_moderada,2416,1736,2416x1736,1.391705069124424,PNG,RGB,1930880,1.8414306640625,29810ebedb02901be505a9de0ed64d87
f080a22008be.png,3,retinopatia_diabetica_grave,2416,1736,2416x1736,1.391705069124424,PNG,RGB,2294990,2.1886730194091797,d4977345ab002b95365835c5bec1c939
f0860c21533b.png,0,sem_retinopatia_diabetica,2588,1958,2588x1958,1.3217568947906027,PNG,RGB,5384023,5.134604454040527,3ef3e731fc40a89fa250896e0b84b62e
f092febbf5c0.png,3,retinopatia_diabetica_grave,2416,1736,2416x1736,1.391705069124424,PNG,RGB,2089499,1.992701530456543,dadea7422b87fa429f0d5c3b17988ec8
f09cfc6a4dbd.png,0,sem_retinopatia_diabetica,1050,1050,1050x1050,1.0,PNG,RGB,993181,0.9471712112426758,478bed928c966b81992f6c62cfa6441e
f09fd9433dff.png,0,sem_retinopatia_diabetica,1050,1050,1050x1050,1.0,PNG,RGB,1032918,0.9850673675537109,22bd0963288ec51d583a9f150f7d6f23
f0a2dc580009.png,0,sem_retinopatia_diabetica,819,614,819x614,1.3338762214983713,PNG,RGB,307132,0.2929039001464844,65e071f176aff271c6779961b87ec4fc
f0c0f7b5e820.png,2,retinopatia_diabetica_moderada,2416,1736,2416x1736,1.391705069124424,PNG,RGB,2307232,2.200347900390625,f58e02af4341c7712ccbc724e06b2bea
f0c13be90519.png,1,retinopatia_diabetica_leve,2588,1958,2588x1958,1.3217568947906027,PNG,RGB,3007787,2.8684492111206055,e465ab9e228e7bcbacb7b1d6d0e95f06
f0e1201b5c1f.png,0,sem_retinopatia_diabetica,819,614,819x614,1.3338762214983713,PNG,RGB,283523,0.2703886032104492,9a2d84613258b7f4ce3e5d2792dcbeff
f0f89314e860.png,4,retinopatia_diabetica_proliferativa,1504,1000,1504x1000,1.504,PNG,RGB,1314977,1.2540597915649414,197303f49434137ed6ab3c9906d76a13
f18abfa690ab.png,2,retinopatia_diabetica_moderada,640,480,640x480,1.3333333333333333,PNG,RGB,307093,0.29286670684814453,2c70ecb172e367e5ad47fc96146c3b03
f1979147aad4.png,0,sem_retinopatia_diabetica,2588,1958,2588x1958,1.3217568947906027,PNG,RGB,5367061,5.1184282302856445,a84a487492b9c70b4e69a4d91e18d802
f1a761c68559.png,2,retinopatia_diabetica_moderada,1504,1000,1504x1000,1.504,PNG,RGB,1267488,1.208770751953125,eb7a7a5fa1307384791b6916edc3c81e
f1d719c97838.png,0,sem_retinopatia_diabetica,1050,1050,1050x1050,1.0,PNG,RGB,1090682,1.0401554107666016,cbcebf6d959d34e6995445a08b347259
f1dc26c4bfa3.png,4,retinopatia_diabetica_proliferativa,3216,2136,3216x2136,1.5056179775280898,PNG,RGB,2553365,2.4350786209106445,b6cc4a8a42b74d36fd6bd39f11133935
f2094a20b275.png,2,retinopatia_diabetica_moderada,3216,2136,3216x2136,1.5056179775280898,PNG,RGB,2361695,2.2522878646850586,d7f135ebfa5c7c95f3fff8446958db96
f233638e0e90.png,0,sem_retinopatia_diabetica,819,614,819x614,1.3338762214983713,PNG,RGB,337088,0.32147216796875,6f6b10f58e7184a0d1bf842d1c55248f
f23902998c21.png,2,retinopatia_diabetica_moderada,1504,1000,1504x1000,1.504,PNG,RGB,1719351,1.6397008895874023,f2925812dee45e7dba0ca4fbb346ea99
f252046c0fe6.png,0,sem_retinopatia_diabetica,1050,1050,1050x1050,1.0,PNG,RGB,1035307,0.9873456954956055,e5ba4513cd1dc55cbf0b743145419995
f26b02ead915.png,0,sem_retinopatia_diabetica,2048,1536,2048x1536,1.3333333333333333,PNG,RGB,1930573,1.8411378860473633,e446ca2b108266b43d78ddff4847b674
f298b7d05958.png,0,sem_retinopatia_diabetica,1050,1050,1050x1050,1.0,PNG,RGB,1019296,0.972076416015625,e07fbb11aa422e06fce6ac032dfd6893
f2c0b41acd05.png,0,sem_retinopatia_diabetica,2048,1536,2048x1536,1.3333333333333333,PNG,RGB,1958247,1.8675298690795898,0734f870f7c6a2c13cff0e32be817805
f2d2a0c92034.png,4,retinopatia_diabetica_proliferativa,3216,2136,3216x2136,1.5056179775280898,PNG,RGB,3364936,3.2090530395507812,6bd85e46e5de9bf2e79b246f0692c790
f2ee81781411.png,2,retinopatia_diabetica_moderada,3216,2136,3216x2136,1.5056179775280898,PNG,RGB,1738488,1.6579513549804688,d611f89aeeb7330cb7364beed6afd4af
f2f569a64949.png,0,sem_retinopatia_diabetica,2048,1536,2048x1536,1.3333333333333333,PNG,RGB,1822562,1.7381305694580078,ed41620ec6f5b3a58f8afeaa154bb44d
f30f203ef51e.png,2,retinopatia_diabetica_moderada,3216,2136,3216x2136,1.5056179775280898,PNG,RGB,2819551,2.6889333724975586,8177429823c8eb07d69ff79b27938043
f35d80bb1a22.png,0,sem_retinopatia_diabetica,1050,1050,1050x1050,1.0,PNG,RGB,959260,0.9148216247558594,f543213ce37c301956e00902ff1f8d9a
f361060eda3e.png,0,sem_retinopatia_diabetica,1050,1050,1050x1050,1.0,PNG,RGB,970405,0.925450325012207,0ee58beafc49d10bfd51732532079a99
f366fb1cc475.png,0,sem_retinopatia_diabetica,1050,1050,1050x1050,1.0,PNG,RGB,1058674,1.0096302032470703,4953faed2b45914ab58d40d47a950e5c
f36cb007a1ef.png,0,sem_retinopatia_diabetica,1050,1050,1050x1050,1.0,PNG,RGB,920809,0.8781518936157227,d4ac0150860fb4bf3089ce50dcb3eb9b
f3a268d2726d.png,2,retinopatia_diabetica_moderada,2588,1958,2588x1958,1.3217568947906027,PNG,RGB,5170508,4.930980682373047,29af1f1b35906ae83707096d280365c2
f3a4751af42e.png,0,sem_retinopatia_diabetica,1050,1050,1050x1050,1.0,PNG,RGB,921560,0.8788681030273438,e28d91fb6fe6ba91511e4344d2cf4841
f3a88d3026dc.png,2,retinopatia_diabetica_moderada,1050,1050,1050x1050,1.0,PNG,RGB,918044,0.8755149841308594,2d58f7a257513bf193872c2cb32370db
f3b27ac2d371.png,0,sem_retinopatia_diabetica,1050,1050,1050x1050,1.0,PNG,RGB,1028349,0.9807100296020508,0150567c3500c6b5e618105f2396e5a4
f3b6b7ca1eb1.png,2,retinopatia_diabetica_moderada,2416,1736,2416x1736,1.391705069124424,PNG,RGB,2120476,2.0222434997558594,9d5fd4256114c35d3b03f2dfa7e3a04e
f3bb996b45ce.png,0,sem_retinopatia_diabetica,1050,1050,1050x1050,1.0,PNG,RGB,996839,0.9506597518920898,b91dc0bc2a45e1feb9d4f90b3ff18ad5
f3cd489acbee.png,2,retinopatia_diabetica_moderada,3216,2136,3216x2136,1.5056179775280898,PNG,RGB,3255070,3.104276657104492,03dc391a37bfce7b7600781c2452f4e9
f42b693a9414.png,0,sem_retinopatia_diabetica,2048,1536,2048x1536,1.3333333333333333,PNG,RGB,1863409,1.777085304260254,bc5f23ae6b22d77aac519d4045623ac6
f431f2e119d7.png,0,sem_retinopatia_diabetica,2048,1536,2048x1536,1.3333333333333333,PNG,RGB,1927187,1.8379087448120117,fa64cf8ca6b90ded92fc276a45c75f60
f451eee2b66b.png,0,sem_retinopatia_diabetica,1050,1050,1050x1050,1.0,PNG,RGB,909169,0.8670511245727539,a9b0bfba9c5325c3c7a0d4a09e548246
f45f1485c940.png,2,retinopatia_diabetica_moderada,2416,1736,2416x1736,1.391705069124424,PNG,RGB,1971298,1.8799762725830078,73644ef8060ce06935b83ac955ede7b1
f460608cf4cc.png,2,retinopatia_diabetica_moderada,3216,2136,3216x2136,1.5056179775280898,PNG,RGB,2973417,2.8356714248657227,e4b8e03308cc001ea41ed39effc5cfd2
f47a2a4a0411.png,1,retinopatia_diabetica_leve,3216,2136,3216x2136,1.5056179775280898,PNG,RGB,3056941,2.9153261184692383,cdc45a87ac8660b971c5c53bc8c4d007
f481f76a6b75.png,1,retinopatia_diabetica_leve,2416,1736,2416x1736,1.391705069124424,PNG,RGB,2254923,2.1504621505737305,f6b6275b7f6f59422fd8b4233b063230
f48241b0c995.png,0,sem_retinopatia_diabetica,2048,1536,2048x1536,1.3333333333333333,PNG,RGB,1919746,1.8308124542236328,1509acd11caaf53db3069e331b07d061
f4874247ede6.png,0,sem_retinopatia_diabetica,819,614,819x614,1.3338762214983713,PNG,RGB,332797,0.3173799514770508,986c347cd2064a0af9bbea7344356c3f
f4c7ae514c54.png,0,sem_retinopatia_diabetica,2048,1536,2048x1536,1.3333333333333333,PNG,RGB,1922869,1.8337907791137695,336fbccd634a433b70cfa24b39da2669
f4d3169b468a.png,0,sem_retinopatia_diabetica,1050,1050,1050x1050,1.0,PNG,RGB,1010639,0.9638204574584961,5527e077a7f91c2d8c80606876de7747
f4d3777f2710.png,2,retinopatia_diabetica_moderada,3216,2136,3216x2136,1.5056179775280898,PNG,RGB,6048552,5.768348693847656,e696ddd2ab0544e99e4a6050586875a9
f4de9620e3f2.png,0,sem_retinopatia_diabetica,2588,1958,2588x1958,1.3217568947906027,PNG,RGB,5247098,5.004022598266602,7861948e24c1c87c595236ce56046855
f4df3d86688d.png,0,sem_retinopatia_diabetica,1050,1050,1050x1050,1.0,PNG,RGB,1007781,0.961094856262207,7809d29e58c694292bd4d96ea58a2922
f4e68b61f480.png,0,sem_retinopatia_diabetica,2588,1958,2588x1958,1.3217568947906027,PNG,RGB,4731823,4.512618064880371,efa9ee6bd3fd1913f1583d704d1c949d
f4ea2a2cfbb9.png,0,sem_retinopatia_diabetica,1050,1050,1050x1050,1.0,PNG,RGB,992505,0.9465265274047852,b95bc6088ddc40a73c2de0be63cbfbfc
f531232ecb55.png,0,sem_retinopatia_diabetica,1050,1050,1050x1050,1.0,PNG,RGB,959100,0.9146690368652344,a4cef18e865b8f7f4b96dd46b23ea171
f549294e12e1.png,4,retinopatia_diabetica_proliferativa,3388,2588,3388x2588,1.3091190108191655,PNG,RGB,7455903,7.110503196716309,310078c0ea2fa63b681bcbe3dd0bd040
f55e1d2a19e4.png,1,retinopatia_diabetica_leve,2416,1736,2416x1736,1.391705069124424,PNG,RGB,1977037,1.8854494094848633,a121255f2e75bf83fd9941d4b0127603
f5650eb52640.png,1,retinopatia_diabetica_leve,2416,1736,2416x1736,1.391705069124424,PNG,RGB,1918794,1.829904556274414,212c871897f22d8667b359b4c2722adc
f56ff0440ed1.png,0,sem_retinopatia_diabetica,2588,1958,2588x1958,1.3217568947906027,PNG,RGB,5369062,5.120336532592773,5260b9fdaf5d5dabd170c1f559b46676
f5733f77273d.png,0,sem_retinopatia_diabetica,1050,1050,1050x1050,1.0,PNG,RGB,1033375,0.9855031967163086,b13fc2a368671eb7a319481c8cd76d19
f576e45d1da2.png,3,retinopatia_diabetica_grave,3388,2588,3388x2588,1.3091190108191655,PNG,RGB,7069440,6.741943359375,d512299104fe7a8bfe22ad8b8580b108
f57cf3b6f48e.png,0,sem_retinopatia_diabetica,2048,1536,2048x1536,1.3333333333333333,PNG,RGB,1692152,1.6137619018554688,d389377bf8b129c439d5e578be6897eb
f580566e27f5.png,0,sem_retinopatia_diabetica,819,614,819x614,1.3338762214983713,PNG,RGB,354549,0.33812427520751953,d1c172b74291264f752ef48c2dfa2cf9
f583a722434c.png,2,retinopatia_diabetica_moderada,2588,1958,2588x1958,1.3217568947906027,PNG,RGB,4914473,4.686806678771973,ffd1a18a930722dbf3a33c0633f67785
f58cdfa968be.png,0,sem_retinopatia_diabetica,2048,1536,2048x1536,1.3333333333333333,PNG,RGB,1946369,1.8562021255493164,ef4631ecba9a7c7d74a7251243e0aace
f58d37d48e42.png,4,retinopatia_diabetica_proliferativa,3388,2588,3388x2588,1.3091190108191655,PNG,RGB,3479086,3.3179149627685547,9bee89a50731ccb5fb3fabf1ab283aa5
f58f0b2fd718.png,0,sem_retinopatia_diabetica,1050,1050,1050x1050,1.0,PNG,RGB,968048,0.9232025146484375,15d22de4302bbd6ceacf9eb997391a11
f5a8c6426a71.png,3,retinopatia_diabetica_grave,2416,1736,2416x1736,1.391705069124424,PNG,RGB,2337396,2.229114532470703,96ff50aed6f83c9de8638777c6ff99a0
f5c953bee7cd.png,0,sem_retinopatia_diabetica,1050,1050,1050x1050,1.0,PNG,RGB,998836,0.9525642395019531,d511ea5e3957206c61873fbe2f51393a
f5e6226bd2e0.png,4,retinopatia_diabetica_proliferativa,2416,1736,2416x1736,1.391705069124424,PNG,RGB,2464528,2.3503570556640625,d3165ad2b987055e9c3047391becf1af
f5e9a307288c.png,2,retinopatia_diabetica_moderada,3216,2136,3216x2136,1.5056179775280898,PNG,RGB,2123731,2.0253477096557617,070af041391295c25ef95c06bf4bdc45
f61bf44c677c.png,2,retinopatia_diabetica_moderada,3388,2588,3388x2588,1.3091190108191655,PNG,RGB,7218549,6.8841447830200195,8ed0c78015bfde2810ca86505221b542
f62b8a076833.png,0,sem_retinopatia_diabetica,2048,1536,2048x1536,1.3333333333333333,PNG,RGB,1859665,1.773514747619629,f23237f072dccedc51ecf8caecb11de4
f633c474e8b8.png,0,sem_retinopatia_diabetica,1050,1050,1050x1050,1.0,PNG,RGB,1011445,0.9645891189575195,57bb392d88057b08193a911c25a3c619
f64214bed40e.png,3,retinopatia_diabetica_grave,2588,1958,2588x1958,1.3217568947906027,PNG,RGB,5139950,4.901838302612305,72030c6eac23fe35f9f938eb7295454b
f64b6e85f1c9.png,0,sem_retinopatia_diabetica,1050,1050,1050x1050,1.0,PNG,RGB,1067101,1.0176668167114258,4897b19be63d5bbdd8a779b54108dcf9
f66c4ee86629.png,0,sem_retinopatia_diabetica,2588,1958,2588x1958,1.3217568947906027,PNG,RGB,5087617,4.851929664611816,802265573577afca84696e8fd0df2100
f68690db78d3.png,0,sem_retinopatia_diabetica,2048,1536,2048x1536,1.3333333333333333,PNG,RGB,1897644,1.8097343444824219,c10c6ca532ae94fa6391728518de32c0
f69400b316a7.png,2,retinopatia_diabetica_moderada,2416,1736,2416x1736,1.391705069124424,PNG,RGB,2148897,2.0493478775024414,a8895e5f86856ca04242f00885d76389
f69835dc7c50.png,4,retinopatia_diabetica_proliferativa,2416,1736,2416x1736,1.391705069124424,PNG,RGB,2337129,2.2288599014282227,90126f6db918c26792a1ad12ba9bb4d4
f6d760566a51.png,0,sem_retinopatia_diabetica,1050,1050,1050x1050,1.0,PNG,RGB,1004512,0.957977294921875,831a89d714a9d905a355ef01de8513fe
f6f3ea0d2693.png,4,retinopatia_diabetica_proliferativa,3216,2136,3216x2136,1.5056179775280898,PNG,RGB,5897203,5.624011039733887,23d0e6d9ea565768b4b1a55ed17392da
f6f433f3306f.png,3,retinopatia_diabetica_grave,2588,1958,2588x1958,1.3217568947906027,PNG,RGB,5350722,5.102846145629883,080eea39ce78252e9215cd4a0085ac1d
f6f7dba7104d.png,1,retinopatia_diabetica_leve,2416,1736,2416x1736,1.391705069124424,PNG,RGB,1999919,1.907271385192871,f8cee49ec1c586550933c9f42a71be26
f7116e7b2f4e.png,0,sem_retinopatia_diabetica,1050,1050,1050x1050,1.0,PNG,RGB,1037060,0.9890174865722656,6c9bbd5b33ba54a3112eedac9aa7042a
f71333204618.png,0,sem_retinopatia_diabetica,2588,1958,2588x1958,1.3217568947906027,PNG,RGB,5095294,4.859251022338867,104c116c8a2e5401378922164e205f47
f71aca5a7dc3.png,0,sem_retinopatia_diabetica,2048,1536,2048x1536,1.3333333333333333,PNG,RGB,1685170,1.6071033477783203,5a8052747a4c2ad6287aef5c2f1572a5
f71bea807c96.png,0,sem_retinopatia_diabetica,1050,1050,1050x1050,1.0,PNG,RGB,1045429,0.9969987869262695,0143cb2a8a2a5f94e6ea225b16a03692
f72adcac5638.png,4,retinopatia_diabetica_proliferativa,2588,1958,2588x1958,1.3217568947906027,PNG,RGB,5350905,5.103020668029785,8db8eae96fec1dbc0a26ac3db7ae6442
f72ef9ceeaa8.png,1,retinopatia_diabetica_leve,2588,1958,2588x1958,1.3217568947906027,PNG,RGB,5047993,4.814141273498535,08e18bfd175e7cc847777e390f1b6ae1
f7508f14dd7b.png,0,sem_retinopatia_diabetica,2048,1536,2048x1536,1.3333333333333333,PNG,RGB,1664062,1.5869731903076172,fe3666ac5996b581df65d844224f30a1
f762c272c522.png,1,retinopatia_diabetica_leve,3388,2588,3388x2588,1.3091190108191655,PNG,RGB,3884531,3.7045774459838867,f3edb72c717f1d9618ef365a1eb3a223
f7735b6d47f7.png,0,sem_retinopatia_diabetica,1050,1050,1050x1050,1.0,PNG,RGB,1021555,0.9742307662963867,16f7257138a17152c74cef1368bedbea
f7defe70afc3.png,0,sem_retinopatia_diabetica,2588,1958,2588x1958,1.3217568947906027,PNG,RGB,5432220,5.180568695068359,d50ba9bdad9a244f0288a517e26884e0
f7e9fa75c7c1.png,0,sem_retinopatia_diabetica,1050,1050,1050x1050,1.0,PNG,RGB,1017525,0.9703874588012695,97a7b86922517e44388cf7114d922cfc
f7edc074f06b.png,2,retinopatia_diabetica_moderada,2416,1736,2416x1736,1.391705069124424,PNG,RGB,2470764,2.356304168701172,76773eca8d3a286e9baf4c146745d912
f7fec8935126.png,1,retinopatia_diabetica_leve,2416,1736,2416x1736,1.391705069124424,PNG,RGB,1896295,1.8084478378295898,ebca5c041a42543824680b8aba5202e7
f80118bbda18.png,2,retinopatia_diabetica_moderada,2416,1736,2416x1736,1.391705069124424,PNG,RGB,2129987,2.031313896179199,27c86f0f3777f33d093775d9ee6dad02
f819c65b803c.png,0,sem_retinopatia_diabetica,2048,1536,2048x1536,1.3333333333333333,PNG,RGB,1735458,1.6550617218017578,4923eedb85d491758102866054c61e97
f8372e80f731.png,2,retinopatia_diabetica_moderada,3216,2136,3216x2136,1.5056179775280898,PNG,RGB,2240964,2.1371498107910156,fa05c51aa8441f8951458976bdeec72c
f850cb51fdba.png,4,retinopatia_diabetica_proliferativa,2416,1736,2416x1736,1.391705069124424,PNG,RGB,2354955,2.2458600997924805,046dd388751071f545b475dd25f50988
f85c78201a50.png,0,sem_retinopatia_diabetica,1050,1050,1050x1050,1.0,PNG,RGB,1038976,0.9908447265625,ae4fc05a0914e2a9a87e3c64460f44ac
f85fd4fac887.png,0,sem_retinopatia_diabetica,2588,1958,2588x1958,1.3217568947906027,PNG,RGB,2627028,2.505329132080078,b487367bfdda45a926b9c3e6f11375f5
f86d1c404acb.png,0,sem_retinopatia_diabetica,819,614,819x614,1.3338762214983713,PNG,RGB,333054,0.3176250457763672,fec350d35ea1831a5e3b8547bcabb18c
f8cf7ed8ef00.png,4,retinopatia_diabetica_proliferativa,2416,1736,2416x1736,1.391705069124424,PNG,RGB,2137760,2.038726806640625,beee8ab44676ac725c97344143388fa4
f8d62557ad0c.png,0,sem_retinopatia_diabetica,819,614,819x614,1.3338762214983713,PNG,RGB,346871,0.33080196380615234,8eeaa35b006087d32893958e8cc80299
f8f5942b690e.png,0,sem_retinopatia_diabetica,819,614,819x614,1.3338762214983713,PNG,RGB,371100,0.3539085388183594,36ea6219befc42b166d22e4eed13d0a3
f8fc411092c7.png,2,retinopatia_diabetica_moderada,3216,2136,3216x2136,1.5056179775280898,PNG,RGB,3295662,3.1429882049560547,e9aa4a49306810e95b6185affbcaa63a
f901d460517c.png,3,retinopatia_diabetica_grave,3388,2588,3388x2588,1.3091190108191655,PNG,RGB,7448084,7.103046417236328,d6c2c73c349b4caddfaa8ba2d4025962
f90f8931a9bc.png,0,sem_retinopatia_diabetica,1050,1050,1050x1050,1.0,PNG,RGB,1034435,0.9865140914916992,beed5819c35a230b38c8ed14b3d333ef
f9156aeffc5e.png,3,retinopatia_diabetica_grave,2896,1944,2896x1944,1.4897119341563787,PNG,RGB,2134109,2.035244941711426,5eef95d70dd1828620659e10bf50ed37
f91cfa82b9d4.png,0,sem_retinopatia_diabetica,819,614,819x614,1.3338762214983713,PNG,RGB,287530,0.27420997619628906,6813eaffc1062e3c512243a098aeb72e
f920ccd926db.png,2,retinopatia_diabetica_moderada,3216,2136,3216x2136,1.5056179775280898,PNG,RGB,5968823,5.692313194274902,c7660cb49b8811ccef8d04f6c962a321
f952ad2e4356.png,0,sem_retinopatia_diabetica,819,614,819x614,1.3338762214983713,PNG,RGB,289317,0.27591419219970703,32d8743c98e4ea90333c3ea6c3e72d92
f994a3b07935.png,0,sem_retinopatia_diabetica,1050,1050,1050x1050,1.0,PNG,RGB,957609,0.9132471084594727,ffa65f71a81f0613538244de0c917929
f999c6921e6d.png,2,retinopatia_diabetica_moderada,2416,1736,2416x1736,1.391705069124424,PNG,RGB,2280480,2.174835205078125,654877e667460f156299b583b1fec652
f9aa35187bf3.png,2,retinopatia_diabetica_moderada,1050,1050,1050x1050,1.0,PNG,RGB,907604,0.8655586242675781,782f8f809b517f8ea2a8d973d4168605
f9d52509c571.png,0,sem_retinopatia_diabetica,1050,1050,1050x1050,1.0,PNG,RGB,991992,0.9460372924804688,7ffa9d856a75add128dfdb5488ce4df4
f9d8ff3e6592.png,0,sem_retinopatia_diabetica,2048,1536,2048x1536,1.3333333333333333,PNG,RGB,1925792,1.836578369140625,129093124b9b29b7a7b017b4f1e4356c
f9e1c439d4c8.png,0,sem_retinopatia_diabetica,2416,1736,2416x1736,1.391705069124424,PNG,RGB,1778424,1.6960372924804688,319b37310cab5383d72f3ecdd6385fd2
f9e779a13204.png,2,retinopatia_diabetica_moderada,2416,1736,2416x1736,1.391705069124424,PNG,RGB,2137071,2.038069725036621,8f7444ce2310d7558806a89b64c89b29
f9ecf1795804.png,2,retinopatia_diabetica_moderada,3216,2136,3216x2136,1.5056179775280898,PNG,RGB,6088579,5.806521415710449,d55aa25d769d844084c79e8c243067be
fa0c87bd75ce.png,0,sem_retinopatia_diabetica,2588,1958,2588x1958,1.3217568947906027,PNG,RGB,5249636,5.006443023681641,cbe5a0f7c97e6a36d9101a0efb0271e2
fa3e544a7401.png,2,retinopatia_diabetica_moderada,2588,1958,2588x1958,1.3217568947906027,PNG,RGB,5569320,5.311317443847656,e64195bd2d7a182b50bcc40995f78ed4
fa573163dd8b.png,0,sem_retinopatia_diabetica,1050,1050,1050x1050,1.0,PNG,RGB,914524,0.8721580505371094,7d9e1c0ebbae2034d320e48a9f11a1fa
fa59221cf464.png,4,retinopatia_diabetica_proliferativa,2896,1944,2896x1944,1.4897119341563787,PNG,RGB,2201317,2.099339485168457,868e0f3e6236400de271cbf706ae2c0e
fa6f3d8bb1d5.png,0,sem_retinopatia_diabetica,1050,1050,1050x1050,1.0,PNG,RGB,1039582,0.9914226531982422,0612b790ae367a75112f392379dd3f2c
fa748b57262b.png,2,retinopatia_diabetica_moderada,3388,2588,3388x2588,1.3091190108191655,PNG,RGB,7266467,6.929842948913574,dbea260bb3cc77cb4bfc5cb74b4b4fee
fa7fa797c650.png,0,sem_retinopatia_diabetica,1050,1050,1050x1050,1.0,PNG,RGB,950485,0.9064531326293945,51b6a4b79a7d7ded8d8c3c8404d60964
fa9bece586fc.png,0,sem_retinopatia_diabetica,2588,1958,2588x1958,1.3217568947906027,PNG,RGB,5088590,4.85285758972168,f614ffa58067a20583f2dbc594a50cad
fa9f1bc03f21.png,0,sem_retinopatia_diabetica,1050,1050,1050x1050,1.0,PNG,RGB,1001243,0.954859733581543,9332c4402873b0c07605875efa9d95a9
fac399455195.png,2,retinopatia_diabetica_moderada,3388,2588,3388x2588,1.3091190108191655,PNG,RGB,7192557,6.859356880187988,4bca701d1a8b94b375e541fb98a3858a
fb1b8771c70a.png,0,sem_retinopatia_diabetica,1050,1050,1050x1050,1.0,PNG,RGB,998778,0.9525089263916016,c7e612fd2502676fa948948500b29dbe
fb61230b99dd.png,3,retinopatia_diabetica_grave,1844,1226,1844x1226,1.504078303425775,PNG,RGB,851009,0.8115854263305664,1103efc07d8f0fd494132e6f766d28eb
fb696a8e055a.png,4,retinopatia_diabetica_proliferativa,1844,1226,1844x1226,1.504078303425775,PNG,RGB,1008636,0.9619102478027344,7cf7bdf2ceefb3efdebb8b43bf740d18
fb6b8200b7f8.png,1,retinopatia_diabetica_leve,2416,1736,2416x1736,1.391705069124424,PNG,RGB,1973251,1.8818387985229492,921ca55953546361494f2a122d53b077
fb767cea406c.png,0,sem_retinopatia_diabetica,819,614,819x614,1.3338762214983713,PNG,RGB,303044,0.2890052795410156,05547b3395af306847fc2a1c930558e2
fb88783de055.png,0,sem_retinopatia_diabetica,1050,1050,1050x1050,1.0,PNG,RGB,1046784,0.998291015625,b45b0dd5fa4708cdd3d4400263bce243
fb88d23fc5fe.png,0,sem_retinopatia_diabetica,1050,1050,1050x1050,1.0,PNG,RGB,1007200,0.960540771484375,a5d214239b68feebd169c2c99236005f
fba493e17448.png,2,retinopatia_diabetica_moderada,2416,1736,2416x1736,1.391705069124424,PNG,RGB,2544034,2.426179885864258,128a260c704ba388583b5efee371600b
fbcbc81cf9be.png,0,sem_retinopatia_diabetica,1050,1050,1050x1050,1.0,PNG,RGB,1013032,0.9661026000976562,b1e14e4873008f024780a421435b9d28
fbdc796290d4.png,0,sem_retinopatia_diabetica,1050,1050,1050x1050,1.0,PNG,RGB,951276,0.9072074890136719,cd82d06995b428ac38e68aea9ea10799
fbfa925506f6.png,0,sem_retinopatia_diabetica,819,614,819x614,1.3338762214983713,PNG,RGB,306271,0.2920827865600586,cd8aa7bd5d130c805bf0ef3aacdc8b1c
fc1b1841eadf.png,2,retinopatia_diabetica_moderada,3216,2136,3216x2136,1.5056179775280898,PNG,RGB,2310878,2.203824996948242,b65ffc35e2831c8a428d0bcfefe7cfbd
fc4c2d35c6f8.png,2,retinopatia_diabetica_moderada,3216,2136,3216x2136,1.5056179775280898,PNG,RGB,3169334,3.022512435913086,4b5cac3cee8c69921a2fcd670938ff08
fc4d69128e7c.png,2,retinopatia_diabetica_moderada,2588,1958,2588x1958,1.3217568947906027,PNG,RGB,5532611,5.276309013366699,c868bc9129e01d2e81ace9a2d49f1525
fc603cbedb41.png,2,retinopatia_diabetica_moderada,3216,2136,3216x2136,1.5056179775280898,PNG,RGB,2379328,2.26910400390625,34c3f20b25d582657e892193d8452777
fc782722a50c.png,0,sem_retinopatia_diabetica,1050,1050,1050x1050,1.0,PNG,RGB,1073827,1.0240812301635742,18ba350c1d771d0b00e6e95a55d762d0
fc898dfeb24f.png,0,sem_retinopatia_diabetica,2048,1536,2048x1536,1.3333333333333333,PNG,RGB,1918751,1.8298635482788086,da44cb95fff413bdfd227a1d12d0ba41
fc8fce67fbf8.png,0,sem_retinopatia_diabetica,2048,1536,2048x1536,1.3333333333333333,PNG,RGB,1924944,1.8357696533203125,d55997c2c3799abe23ba27ae35ce800c
fca1a8738b8a.png,0,sem_retinopatia_diabetica,1050,1050,1050x1050,1.0,PNG,RGB,944966,0.9011898040771484,7f56aea31fea4895c43243effb2134a3
fca931da5c5e.png,1,retinopatia_diabetica_leve,2416,1736,2416x1736,1.391705069124424,PNG,RGB,2316432,2.2091217041015625,208aa2af4015c39c226d8c0d261a4420
fcc32dffd24d.png,0,sem_retinopatia_diabetica,2588,1958,2588x1958,1.3217568947906027,PNG,RGB,5780020,5.512256622314453,1b9075b210e048add20f765c7e4d2f2e
fcc55ae641ae.png,2,retinopatia_diabetica_moderada,3388,2588,3388x2588,1.3091190108191655,PNG,RGB,7201178,6.867578506469727,b8941887967b9f3864233d0ced13b4ef
fcc6aa6755e6.png,3,retinopatia_diabetica_grave,2896,1944,2896x1944,1.4897119341563787,PNG,RGB,2190209,2.0887460708618164,fc193ee5b4467caaeeb4cbb68d442535
fce73678f650.png,0,sem_retinopatia_diabetica,1050,1050,1050x1050,1.0,PNG,RGB,849688,0.8103256225585938,57fcdb9aee0f8a85fa3bb19c65fc56cd
fce93caa4758.png,4,retinopatia_diabetica_proliferativa,2416,1736,2416x1736,1.391705069124424,PNG,RGB,2241041,2.137223243713379,5210405173cd58bf7428b3387b470b12
fd079d2e93a2.png,0,sem_retinopatia_diabetica,1050,1050,1050x1050,1.0,PNG,RGB,1049669,1.001042366027832,5c7bf133358b60aa781ab57506fed5e6
fd0a70082e7c.png,0,sem_retinopatia_diabetica,1050,1050,1050x1050,1.0,PNG,RGB,1098252,1.0473747253417969,ce839e323ac4489a84f4f2328c19cf32
fd48cf452e9d.png,2,retinopatia_diabetica_moderada,2588,1958,2588x1958,1.3217568947906027,PNG,RGB,5301395,5.055804252624512,b5aca770553dde771bd94fec1f6bb60c
fd4c946c52bf.png,0,sem_retinopatia_diabetica,1050,1050,1050x1050,1.0,PNG,RGB,1011721,0.9648523330688477,0777b7689a6d9aeda286f64321487754
fd62bd0db4f1.png,1,retinopatia_diabetica_leve,2588,1958,2588x1958,1.3217568947906027,PNG,RGB,5385218,5.135744094848633,050a0afb4f3fccbf18a51843b279eb25
fd87b6b2e664.png,0,sem_retinopatia_diabetica,1050,1050,1050x1050,1.0,PNG,RGB,1015523,0.9684782028198242,87a5467f11a706c4b699f5c1b6893c07
fda39982a810.png,3,retinopatia_diabetica_grave,1504,1000,1504x1000,1.504,PNG,RGB,1350730,1.288156509399414,89ecd9da08e22d225b70af86960ca4f6
fdbc252813b1.png,0,sem_retinopatia_diabetica,819,614,819x614,1.3338762214983713,PNG,RGB,288199,0.27484798431396484,6e2738e9bfcb83ffb89ac41888db44f4
fdc685055659.png,0,sem_retinopatia_diabetica,1050,1050,1050x1050,1.0,PNG,RGB,1019135,0.9719228744506836,08bee533799adc0c68205614a61477e9
fdd18ccbbdc5.png,1,retinopatia_diabetica_leve,2416,1736,2416x1736,1.391705069124424,PNG,RGB,1976889,1.8853082656860352,0560b9e8098bbdc129ccb3f98683dcff
fdd534271f3d.png,4,retinopatia_diabetica_proliferativa,2416,1736,2416x1736,1.391705069124424,PNG,RGB,2245735,2.14169979095459,34b9a7ba1bd2efafe38305209ecb62b4
fe06dad6851c.png,0,sem_retinopatia_diabetica,2048,1536,2048x1536,1.3333333333333333,PNG,RGB,1871036,1.7843589782714844,cb076979a6b45234f07d6bda852419ac
fe0e2dee1834.png,0,sem_retinopatia_diabetica,2048,1536,2048x1536,1.3333333333333333,PNG,RGB,1921080,1.8320846557617188,30ba7ef72a5180065b6f18a393edd6b1
fe0fc67c7980.png,3,retinopatia_diabetica_grave,1504,1000,1504x1000,1.504,PNG,RGB,1314334,1.2534465789794922,bd50c5d39c29e48294f5a73dbf0e43a5
fe2df69676cf.png,1,retinopatia_diabetica_leve,1844,1226,1844x1226,1.504078303425775,PNG,RGB,987228,0.9414939880371094,7577458232017037c3e160de2774f816
fe37f4492920.png,2,retinopatia_diabetica_moderada,2416,1736,2416x1736,1.391705069124424,PNG,RGB,2241401,2.137566566467285,cf97df5198979a2e1c8a19545910f72f
fe3b0e50be78.png,0,sem_retinopatia_diabetica,819,614,819x614,1.3338762214983713,PNG,RGB,342982,0.32709312438964844,5d92ac709e43f35f4df6e53cebf8dd25
fe3f62695b2d.png,0,sem_retinopatia_diabetica,1050,1050,1050x1050,1.0,PNG,RGB,972102,0.9270687103271484,16cfefa5fb66dc73a0cef0f3a5db6e64
fe674c2f73f5.png,1,retinopatia_diabetica_leve,2416,1736,2416x1736,1.391705069124424,PNG,RGB,1996239,1.903761863708496,70b5d41bb9fe78967824ffa302fb8f21
fea14b3d44b0.png,1,retinopatia_diabetica_leve,2416,1736,2416x1736,1.391705069124424,PNG,RGB,1884614,1.7973079681396484,70f1921d018abf3eb649fe94cdda57d7
febfb20dc311.png,0,sem_retinopatia_diabetica,1050,1050,1050x1050,1.0,PNG,RGB,1005004,0.9584465026855469,2c3434b30998d49d4302120e57246e26
fecf4c5ae84b.png,1,retinopatia_diabetica_leve,2416,1736,2416x1736,1.391705069124424,PNG,RGB,1704075,1.6251325607299805,c14ca691122ada7dc07ec591e96dfb5e
fed5bb685832.png,0,sem_retinopatia_diabetica,1050,1050,1050x1050,1.0,PNG,RGB,1033170,0.9853076934814453,9acdd0b8a58df570b460be8be6c6754b
fefded6bf135.png,0,sem_retinopatia_diabetica,2588,1958,2588x1958,1.3217568947906027,PNG,RGB,5164299,4.9250593185424805,d346d2836acb74d43405ab3a13b87a38
ff03f74667df.png,0,sem_retinopatia_diabetica,2048,1536,2048x1536,1.3333333333333333,PNG,RGB,1910238,1.8217449188232422,99c4e86271402cf9efe66d1cef09f11e
ff0740cb484a.png,2,retinopatia_diabetica_moderada,1504,1000,1504x1000,1.504,PNG,RGB,1332868,1.2711219787597656,6de1e04f816fb915da5832eba82b0a1a
ff1e940105f9.png,0,sem_retinopatia_diabetica,1050,1050,1050x1050,1.0,PNG,RGB,949217,0.9052438735961914,7ee96c9df7a956de67a39659ebd69d9f
ff344e5c9341.png,2,retinopatia_diabetica_moderada,3216,2136,3216x2136,1.5056179775280898,PNG,RGB,2250953,2.1466760635375977,0d6d1cbc92b5034cd59ffb2be2d1c083
ff4832d55461.png,0,sem_retinopatia_diabetica,2048,1536,2048x1536,1.3333333333333333,PNG,RGB,1804739,1.7211332321166992,f16bd8feaa3ff9313e40615c6204cd70
ff4955e76894.png,0,sem_retinopatia_diabetica,2416,1736,2416x1736,1.391705069124424,PNG,RGB,2333015,2.2249364852905273,ed41c947cebd716c4c335704ba74416b
ff4cd992667b.png,0,sem_retinopatia_diabetica,2588,1958,2588x1958,1.3217568947906027,PNG,RGB,5348220,5.100460052490234,863e59dfc738939dd1228393b71608bb
ff52392372d3.png,2,retinopatia_diabetica_moderada,1504,1000,1504x1000,1.504,PNG,RGB,1267488,1.208770751953125,eb7a7a5fa1307384791b6916edc3c81e
ff59d44a70a7.png,0,sem_retinopatia_diabetica,1050,1050,1050x1050,1.0,PNG,RGB,1049612,1.0009880065917969,a8b346f356c6c47c97aae34018fbdf7a
ff631653374e.png,0,sem_retinopatia_diabetica,1050,1050,1050x1050,1.0,PNG,RGB,970569,0.9256067276000977,550d107c49d37999e796b77e0d449f7e
ff77e8e5b5f3.png,2,retinopatia_diabetica_moderada,2416,1736,2416x1736,1.391705069124424,PNG,RGB,2018641,1.925126075744629,f868aed9045e9e69f2ebab3a680a82fa
ff8a0b45c789.png,4,retinopatia_diabetica_proliferativa,1844,1226,1844x1226,1.504078303425775,PNG,RGB,892620,0.8512687683105469,82697fa7ed75a6b17ab22e987f30c7c1
ffa47f6a7bf4.png,2,retinopatia_diabetica_moderada,3388,2588,3388x2588,1.3091190108191655,PNG,RGB,4018809,3.832634925842285,a6b27720160c9973afb10a0eba2cacd1
ffc04fed30e6.png,0,sem_retinopatia_diabetica,2048,1536,2048x1536,1.3333333333333333,PNG,RGB,1705204,1.6262092590332031,26a248b4157c8002710ca67411a2db33
ffcf7b45f213.png,2,retinopatia_diabetica_moderada,3216,2136,3216x2136,1.5056179775280898,PNG,RGB,2528117,2.4110002517700195,674a37d5f0415737094346dbb889a7b3
ffd97f8cd5aa.png,0,sem_retinopatia_diabetica,1050,1050,1050x1050,1.0,PNG,RGB,1012109,0.9652223587036133,67289119f329393da6ff43f87fb39039
ffec9a18a3ce.png,2,retinopatia_diabetica_moderada,2588,1958,2588x1958,1.3217568947906027,PNG,RGB,4842826,4.618478775024414,1ca0ae42abab9c57677fe10f50484b10
