split,arquivo,caminho,extensao,tamanho_mb,sha256,erro_leitura,largura,altura,modo,resolucao,diagnostico
train,g0001.jpg,D:\OIO+\DATASET_RETINA\01.Originais\GLA (Glaucoma)\REFUGE\REFUGE-Training400\Training400\Glaucoma\g0001.jpg,.jpg,1.6609001159667969,0a4f31c9772a8c42c6b25465641af334077a1ae9733e2562a56a6bdbc6a39d89,False,2124,2056,RGB,2124x2056,glaucoma
train,g0002.jpg,D:\OIO+\DATASET_RETINA\01.Originais\GLA (Glaucoma)\REFUGE\REFUGE-Training400\Training400\Glaucoma\g0002.jpg,.jpg,1.7579050064086914,6726523e7d81f6ca48cfe6b5f8037285a843e71ea358c09f29b128acc6ef9c1b,False,2124,2056,RGB,2124x2056,glaucoma
train,g0003.jpg,D:\OIO+\DATASET_RETINA\01.Originais\GLA (Glaucoma)\REFUGE\REFUGE-Training400\Training400\Glaucoma\g0003.jpg,.jpg,1.76593017578125,aecd15dec6bb01037a377b752c6754e42ebf47ce2def020e08f3d9f810325ce2,False,2124,2056,RGB,2124x2056,glaucoma
train,g0004.jpg,D:\OIO+\DATASET_RETINA\01.Originais\GLA (Glaucoma)\REFUGE\REFUGE-Training400\Training400\Glaucoma\g0004.jpg,.jpg,1.887578010559082,d4af6330e75793c060617b90900b528cb8e3e3cb12d7a286a1ee487f5dbda32c,False,2124,2056,RGB,2124x2056,glaucoma
train,g0005.jpg,D:\OIO+\DATASET_RETINA\01.Originais\GLA (Glaucoma)\REFUGE\REFUGE-Training400\Training400\Glaucoma\g0005.jpg,.jpg,1.9900188446044922,cc2b85df0bf65b66ad3f19876fb859548141f9a25eb2f7df74962bdba9cccb2d,False,2124,2056,RGB,2124x2056,glaucoma
train,g0006.jpg,D:\OIO+\DATASET_RETINA\01.Originais\GLA (Glaucoma)\REFUGE\REFUGE-Training400\Training400\Glaucoma\g0006.jpg,.jpg,1.5867300033569336,dcc45166ef71eb58f50d285dc40027a11e73f8b790ac3448b2845402cd80de52,False,2124,2056,RGB,2124x2056,glaucoma
train,g0007.jpg,D:\OIO+\DATASET_RETINA\01.Originais\GLA (Glaucoma)\REFUGE\REFUGE-Training400\Training400\Glaucoma\g0007.jpg,.jpg,1.6015958786010742,917ac4d90ddcbeb623c2386eb8b2fdd9dce857ab009986be3ada3bc8aa9908a7,False,2124,2056,RGB,2124x2056,glaucoma
train,g0008.jpg,D:\OIO+\DATASET_RETINA\01.Originais\GLA (Glaucoma)\REFUGE\REFUGE-Training400\Training400\Glaucoma\g0008.jpg,.jpg,1.6943025588989258,673df787ba9c1eeadb5a88287d08106f82575ebae656012e804f3b8ecde2bada,False,2124,2056,RGB,2124x2056,glaucoma
train,g0009.jpg,D:\OIO+\DATASET_RETINA\01.Originais\GLA (Glaucoma)\REFUGE\REFUGE-Training400\Training400\Glaucoma\g0009.jpg,.jpg,1.717514991760254,b0d8692de89102f9c4df947dd70ce4b947227480d817a337ad47912867746217,False,2124,2056,RGB,2124x2056,glaucoma
train,g0010.jpg,D:\OIO+\DATASET_RETINA\01.Originais\GLA (Glaucoma)\REFUGE\REFUGE-Training400\Training400\Glaucoma\g0010.jpg,.jpg,1.705143928527832,b6b0ce64addd08529276ca0348d2c41efa2db6bc39f8af0b9f25e30e3f9a736c,False,2124,2056,RGB,2124x2056,glaucoma
train,g0011.jpg,D:\OIO+\DATASET_RETINA\01.Originais\GLA (Glaucoma)\REFUGE\REFUGE-Training400\Training400\Glaucoma\g0011.jpg,.jpg,1.7586231231689453,b8318514145c17fa4d6cab4f89c180f8f2763a76a008fc06c33e68cdea6d507b,False,2124,2056,RGB,2124x2056,glaucoma
train,g0012.jpg,D:\OIO+\DATASET_RETINA\01.Originais\GLA (Glaucoma)\REFUGE\REFUGE-Training400\Training400\Glaucoma\g0012.jpg,.jpg,1.7748594284057617,c5c50685ee0986ded556d14aa14fbdaee83b0e8d94285c55e277d6117c181e7d,False,2124,2056,RGB,2124x2056,glaucoma
train,g0013.jpg,D:\OIO+\DATASET_RETINA\01.Originais\GLA (Glaucoma)\REFUGE\REFUGE-Training400\Training400\Glaucoma\g0013.jpg,.jpg,1.7313365936279297,405f1e8fc18074ed7d7b4024f8baa3a1ce60091a1d5d5b002a232a7dfbbe5d4a,False,2124,2056,RGB,2124x2056,glaucoma
train,g0014.jpg,D:\OIO+\DATASET_RETINA\01.Originais\GLA (Glaucoma)\REFUGE\REFUGE-Training400\Training400\Glaucoma\g0014.jpg,.jpg,1.7552013397216797,b88b802d6175c4242189177839b7e62591e981b8f78e6099cbc86d7b0389e6a5,False,2124,2056,RGB,2124x2056,glaucoma
train,g0015.jpg,D:\OIO+\DATASET_RETINA\01.Originais\GLA (Glaucoma)\REFUGE\REFUGE-Training400\Training400\Glaucoma\g0015.jpg,.jpg,1.678431510925293,84e28ac76cb33ddf69c15a3dc4e6cb59a35405ed49a8dab011f3ef4bed5b932a,False,2124,2056,RGB,2124x2056,glaucoma
train,g0016.jpg,D:\OIO+\DATASET_RETINA\01.Originais\GLA (Glaucoma)\REFUGE\REFUGE-Training400\Training400\Glaucoma\g0016.jpg,.jpg,1.8728351593017578,2ca52279dd5f90b42bec0ec20f407e2af4daf22848b2cc29ffa38c8f37919e59,False,2124,2056,RGB,2124x2056,glaucoma
train,g0017.jpg,D:\OIO+\DATASET_RETINA\01.Originais\GLA (Glaucoma)\REFUGE\REFUGE-Training400\Training400\Glaucoma\g0017.jpg,.jpg,1.934962272644043,15cda5e3724a9dcf0aa46933165a6416d31f5ff4a64e987edce1de6fb3f7b77c,False,2124,2056,RGB,2124x2056,glaucoma
train,g0018.jpg,D:\OIO+\DATASET_RETINA\01.Originais\GLA (Glaucoma)\REFUGE\REFUGE-Training400\Training400\Glaucoma\g0018.jpg,.jpg,1.5880918502807617,e648fe978a908b315173c1096a8cd9d18c7d9369ff6617cc7d269724cbd440b4,False,2124,2056,RGB,2124x2056,glaucoma
train,g0019.jpg,D:\OIO+\DATASET_RETINA\01.Originais\GLA (Glaucoma)\REFUGE\REFUGE-Training400\Training400\Glaucoma\g0019.jpg,.jpg,1.7037487030029297,9486049cb1623a8c45ee6880c143bfebe020bac01e30745525aa6b69dfd79c73,False,2124,2056,RGB,2124x2056,glaucoma
train,g0020.jpg,D:\OIO+\DATASET_RETINA\01.Originais\GLA (Glaucoma)\REFUGE\REFUGE-Training400\Training400\Glaucoma\g0020.jpg,.jpg,1.7660503387451172,ce051b06b5e165b161dfec328b0d533fc3dba2a3053b00287a88e7f67b3278d1,False,2124,2056,RGB,2124x2056,glaucoma
train,g0021.jpg,D:\OIO+\DATASET_RETINA\01.Originais\GLA (Glaucoma)\REFUGE\REFUGE-Training400\Training400\Glaucoma\g0021.jpg,.jpg,1.7228775024414062,60e607428479cbb3a4a33ca616cf50406b2d353048158b288500b4c26702f60d,False,2124,2056,RGB,2124x2056,glaucoma
train,g0022.jpg,D:\OIO+\DATASET_RETINA\01.Originais\GLA (Glaucoma)\REFUGE\REFUGE-Training400\Training400\Glaucoma\g0022.jpg,.jpg,1.6448593139648438,bb903bd938036e229f6ceb6e18db1b1503157e5e6f8c2964994fb0e4a754a0cc,False,2124,2056,RGB,2124x2056,glaucoma
train,g0023.jpg,D:\OIO+\DATASET_RETINA\01.Originais\GLA (Glaucoma)\REFUGE\REFUGE-Training400\Training400\Glaucoma\g0023.jpg,.jpg,1.6166296005249023,05e531f9643701b662050beacfd4fed493c93553d75a6f601e519a7c9584b389,False,2124,2056,RGB,2124x2056,glaucoma
train,g0024.jpg,D:\OIO+\DATASET_RETINA\01.Originais\GLA (Glaucoma)\REFUGE\REFUGE-Training400\Training400\Glaucoma\g0024.jpg,.jpg,1.6792469024658203,7becb91d5306663e85b74f8061506965258789e2fde971a69e935d2dc4c2d8ab,False,2124,2056,RGB,2124x2056,glaucoma
train,g0025.jpg,D:\OIO+\DATASET_RETINA\01.Originais\GLA (Glaucoma)\REFUGE\REFUGE-Training400\Training400\Glaucoma\g0025.jpg,.jpg,1.5468521118164062,304b6a60356dc35e42f26a5bb37f42071a4e63ac3ba1be62ac7ece777e8c1f34,False,2124,2056,RGB,2124x2056,glaucoma
train,g0026.jpg,D:\OIO+\DATASET_RETINA\01.Originais\GLA (Glaucoma)\REFUGE\REFUGE-Training400\Training400\Glaucoma\g0026.jpg,.jpg,1.511124610900879,b57ffab508334f66509a89c95ed4c47198f0f2b42b6f70d21e174391f34c80ad,False,2124,2056,RGB,2124x2056,glaucoma
train,g0027.jpg,D:\OIO+\DATASET_RETINA\01.Originais\GLA (Glaucoma)\REFUGE\REFUGE-Training400\Training400\Glaucoma\g0027.jpg,.jpg,1.7653779983520508,905d6146eff5866f2639a4175a1b6956c4f954e5fa250b31f6688b0605eca16d,False,2124,2056,RGB,2124x2056,glaucoma
train,g0028.jpg,D:\OIO+\DATASET_RETINA\01.Originais\GLA (Glaucoma)\REFUGE\REFUGE-Training400\Training400\Glaucoma\g0028.jpg,.jpg,1.6033954620361328,cc01079fc78cc983d506737c8354abd2feb5aa2e184f6f1e4c98a0aace853347,False,2124,2056,RGB,2124x2056,glaucoma
train,g0029.jpg,D:\OIO+\DATASET_RETINA\01.Originais\GLA (Glaucoma)\REFUGE\REFUGE-Training400\Training400\Glaucoma\g0029.jpg,.jpg,1.6315555572509766,2cf6a80016d6e18f30933c3dc1ba133efa2c919eff9d28ae37e75fb04b6c1a5b,False,2124,2056,RGB,2124x2056,glaucoma
train,g0030.jpg,D:\OIO+\DATASET_RETINA\01.Originais\GLA (Glaucoma)\REFUGE\REFUGE-Training400\Training400\Glaucoma\g0030.jpg,.jpg,1.7440099716186523,eb39cb0e2992959cad2943dc701d7ef51ff9393786eadfb280c4255b69d80905,False,2124,2056,RGB,2124x2056,glaucoma
train,g0031.jpg,D:\OIO+\DATASET_RETINA\01.Originais\GLA (Glaucoma)\REFUGE\REFUGE-Training400\Training400\Glaucoma\g0031.jpg,.jpg,1.7463407516479492,09965ddd82b1b4c44c90f8e7fc8769bffb4ac22d4c5ce3039dccf39e6c2ddc03,False,2124,2056,RGB,2124x2056,glaucoma
train,g0032.jpg,D:\OIO+\DATASET_RETINA\01.Originais\GLA (Glaucoma)\REFUGE\REFUGE-Training400\Training400\Glaucoma\g0032.jpg,.jpg,1.6527023315429688,4a6726e735f26dedb4343621daf6fd8b281a517b6309442367a71424193459fc,False,2124,2056,RGB,2124x2056,glaucoma
train,g0033.jpg,D:\OIO+\DATASET_RETINA\01.Originais\GLA (Glaucoma)\REFUGE\REFUGE-Training400\Training400\Glaucoma\g0033.jpg,.jpg,1.648569107055664,b9bda6ee1d268c5f1ddd9e865166e82bbb65a622fe2b16e3e167d403681acfcc,False,2124,2056,RGB,2124x2056,glaucoma
train,g0034.jpg,D:\OIO+\DATASET_RETINA\01.Originais\GLA (Glaucoma)\REFUGE\REFUGE-Training400\Training400\Glaucoma\g0034.jpg,.jpg,1.687697410583496,182a245b7c49513d3af3626cd149e3fc794726e0bf71d5677f1cdfb6307273e3,False,2124,2056,RGB,2124x2056,glaucoma
train,g0035.jpg,D:\OIO+\DATASET_RETINA\01.Originais\GLA (Glaucoma)\REFUGE\REFUGE-Training400\Training400\Glaucoma\g0035.jpg,.jpg,1.5476903915405273,964328c23b260a7da29e6fa09d7963c9eed045aa5ddc442da0ee6bf6362f212a,False,2124,2056,RGB,2124x2056,glaucoma
train,g0036.jpg,D:\OIO+\DATASET_RETINA\01.Originais\GLA (Glaucoma)\REFUGE\REFUGE-Training400\Training400\Glaucoma\g0036.jpg,.jpg,1.5995092391967773,1e9981a4161463478229e3b8ac67f5b1c78dc63960d20e5b25049f3a556aa1e1,False,2124,2056,RGB,2124x2056,glaucoma
train,g0037.jpg,D:\OIO+\DATASET_RETINA\01.Originais\GLA (Glaucoma)\REFUGE\REFUGE-Training400\Training400\Glaucoma\g0037.jpg,.jpg,1.666142463684082,a5b12910619a3544c838ea1da07edcac9c35d4b5b1ce1913b45918a6a81d638c,False,2124,2056,RGB,2124x2056,glaucoma
train,g0038.jpg,D:\OIO+\DATASET_RETINA\01.Originais\GLA (Glaucoma)\REFUGE\REFUGE-Training400\Training400\Glaucoma\g0038.jpg,.jpg,1.7506723403930664,c84b9657f4840ae68c7b7a092d3f195d8b2b18e9bc0d7288b6be0b2d65629591,False,2124,2056,RGB,2124x2056,glaucoma
train,g0039.jpg,D:\OIO+\DATASET_RETINA\01.Originais\GLA (Glaucoma)\REFUGE\REFUGE-Training400\Training400\Glaucoma\g0039.jpg,.jpg,1.7564115524291992,72b52c52a29bca052f0727e4c09f1320d18f593ff5c7e0a740b34eca288b4299,False,2124,2056,RGB,2124x2056,glaucoma
train,g0040.jpg,D:\OIO+\DATASET_RETINA\01.Originais\GLA (Glaucoma)\REFUGE\REFUGE-Training400\Training400\Glaucoma\g0040.jpg,.jpg,1.6414270401000977,e6f8a8111b45414a463a8c2901a1e21d3febe88f4e299f95ab3e0e3cd91fd4ad,False,2124,2056,RGB,2124x2056,glaucoma
train,n0001.jpg,D:\OIO+\DATASET_RETINA\01.Originais\GLA (Glaucoma)\REFUGE\REFUGE-Training400\Training400\Non-Glaucoma\n0001.jpg,.jpg,1.6405820846557617,e8b53e207db2537df47e61204126f211d0bfee732e93116f93067a3191ee2c35,False,2124,2056,RGB,2124x2056,sem_glaucoma
train,n0002.jpg,D:\OIO+\DATASET_RETINA\01.Originais\GLA (Glaucoma)\REFUGE\REFUGE-Training400\Training400\Non-Glaucoma\n0002.jpg,.jpg,1.583298683166504,cdff16d6c035c0ecfee5945b9c3446e1da03b56927d66f1d3b4d5bd105a5fc86,False,2124,2056,RGB,2124x2056,sem_glaucoma
train,n0003.jpg,D:\OIO+\DATASET_RETINA\01.Originais\GLA (Glaucoma)\REFUGE\REFUGE-Training400\Training400\Non-Glaucoma\n0003.jpg,.jpg,1.6620540618896484,57411ee659892ab9ff27f127eb7a220a6f2910342dfcee398ef7886c38c8ed8e,False,2124,2056,RGB,2124x2056,sem_glaucoma
train,n0004.jpg,D:\OIO+\DATASET_RETINA\01.Originais\GLA (Glaucoma)\REFUGE\REFUGE-Training400\Training400\Non-Glaucoma\n0004.jpg,.jpg,1.8652839660644531,923515434f4a2e1febc0e7b131e4dedcbe49fec2e6489e3009676068e24834ca,False,2124,2056,RGB,2124x2056,sem_glaucoma
train,n0005.jpg,D:\OIO+\DATASET_RETINA\01.Originais\GLA (Glaucoma)\REFUGE\REFUGE-Training400\Training400\Non-Glaucoma\n0005.jpg,.jpg,1.7767333984375,c963cdf4b3e82fc77e5323e4ce5a7d255eda98c4578c2fa20b2d1ac8961dc61a,False,2124,2056,RGB,2124x2056,sem_glaucoma
train,n0006.jpg,D:\OIO+\DATASET_RETINA\01.Originais\GLA (Glaucoma)\REFUGE\REFUGE-Training400\Training400\Non-Glaucoma\n0006.jpg,.jpg,1.6833343505859375,676e3b624d6a6c354a3e6e549b55a5145165d82d09ff1c274a899aa43a56705b,False,2124,2056,RGB,2124x2056,sem_glaucoma
train,n0007.jpg,D:\OIO+\DATASET_RETINA\01.Originais\GLA (Glaucoma)\REFUGE\REFUGE-Training400\Training400\Non-Glaucoma\n0007.jpg,.jpg,1.8476753234863281,e2c1dddeff0f74d0b61f9616ae488d0b8bff3a5da8d03684676f31382e160779,False,2124,2056,RGB,2124x2056,sem_glaucoma
train,n0008.jpg,D:\OIO+\DATASET_RETINA\01.Originais\GLA (Glaucoma)\REFUGE\REFUGE-Training400\Training400\Non-Glaucoma\n0008.jpg,.jpg,1.8231401443481445,efa675b1b52eb47b4a325046d7ba6d7d8ff3fbf2ee3cc623aa4cd69f36acd0aa,False,2124,2056,RGB,2124x2056,sem_glaucoma
train,n0009.jpg,D:\OIO+\DATASET_RETINA\01.Originais\GLA (Glaucoma)\REFUGE\REFUGE-Training400\Training400\Non-Glaucoma\n0009.jpg,.jpg,1.6668767929077148,939eb94fa4dc4cdf9abd3c6847466d9dc0d210fed5658af22ed511917d6a2ff3,False,2124,2056,RGB,2124x2056,sem_glaucoma
train,n0010.jpg,D:\OIO+\DATASET_RETINA\01.Originais\GLA (Glaucoma)\REFUGE\REFUGE-Training400\Training400\Non-Glaucoma\n0010.jpg,.jpg,1.7913284301757812,3a3772c0213c74345895127d61453c54a0a3911542a277b930ca770b95067db7,False,2124,2056,RGB,2124x2056,sem_glaucoma
train,n0011.jpg,D:\OIO+\DATASET_RETINA\01.Originais\GLA (Glaucoma)\REFUGE\REFUGE-Training400\Training400\Non-Glaucoma\n0011.jpg,.jpg,1.723343849182129,83bfd57672177fbef6060a7af139f90333bda474d45f49c2c89df329a27a2425,False,2124,2056,RGB,2124x2056,sem_glaucoma
train,n0012.jpg,D:\OIO+\DATASET_RETINA\01.Originais\GLA (Glaucoma)\REFUGE\REFUGE-Training400\Training400\Non-Glaucoma\n0012.jpg,.jpg,1.7613420486450195,33ce41f10c1ad3fe6371d0aca814dfaeff231fd20dc2248963d26c2221980455,False,2124,2056,RGB,2124x2056,sem_glaucoma
train,n0013.jpg,D:\OIO+\DATASET_RETINA\01.Originais\GLA (Glaucoma)\REFUGE\REFUGE-Training400\Training400\Non-Glaucoma\n0013.jpg,.jpg,1.6827411651611328,fae4585bf39c3c60bc412060179b21a38467c50fa0ed737a2840a3d27281b1c6,False,2124,2056,RGB,2124x2056,sem_glaucoma
train,n0014.jpg,D:\OIO+\DATASET_RETINA\01.Originais\GLA (Glaucoma)\REFUGE\REFUGE-Training400\Training400\Non-Glaucoma\n0014.jpg,.jpg,1.5541391372680664,e787290cf7f0e081a726e106b6cfb9352662829a9e232555d8f057882b764b33,False,2124,2056,RGB,2124x2056,sem_glaucoma
train,n0015.jpg,D:\OIO+\DATASET_RETINA\01.Originais\GLA (Glaucoma)\REFUGE\REFUGE-Training400\Training400\Non-Glaucoma\n0015.jpg,.jpg,1.6712579727172852,679ba8a4773363f4f43f2fab2b5a9acea094a3f02dada813905de46bbe2f6d61,False,2124,2056,RGB,2124x2056,sem_glaucoma
train,n0016.jpg,D:\OIO+\DATASET_RETINA\01.Originais\GLA (Glaucoma)\REFUGE\REFUGE-Training400\Training400\Non-Glaucoma\n0016.jpg,.jpg,1.6526613235473633,32782b2bf892d33ab338f680bb63104cb74ad11d664d0c74c102e86fb0412bd5,False,2124,2056,RGB,2124x2056,sem_glaucoma
train,n0017.jpg,D:\OIO+\DATASET_RETINA\01.Originais\GLA (Glaucoma)\REFUGE\REFUGE-Training400\Training400\Non-Glaucoma\n0017.jpg,.jpg,1.68701171875,bd0d760859e4ea5a7bc1bc8046e9b04363cd060706ef7827cd8411faf2ef31b8,False,2124,2056,RGB,2124x2056,sem_glaucoma
train,n0018.jpg,D:\OIO+\DATASET_RETINA\01.Originais\GLA (Glaucoma)\REFUGE\REFUGE-Training400\Training400\Non-Glaucoma\n0018.jpg,.jpg,1.733963966369629,67781f59a24cbd088498fa7c5dbc6d2959322af9c80aadf773e28f432d17df20,False,2124,2056,RGB,2124x2056,sem_glaucoma
train,n0019.jpg,D:\OIO+\DATASET_RETINA\01.Originais\GLA (Glaucoma)\REFUGE\REFUGE-Training400\Training400\Non-Glaucoma\n0019.jpg,.jpg,1.7936439514160156,4ba8ab18f8a366068517c50c56fce2c059796e1c6f8bea88c921ac423b7fa3f8,False,2124,2056,RGB,2124x2056,sem_glaucoma
train,n0020.jpg,D:\OIO+\DATASET_RETINA\01.Originais\GLA (Glaucoma)\REFUGE\REFUGE-Training400\Training400\Non-Glaucoma\n0020.jpg,.jpg,1.740412712097168,eeb542bdb03fda837d49a33e59e24293cb0f0b74b4acef14c03979195eea12de,False,2124,2056,RGB,2124x2056,sem_glaucoma
train,n0021.jpg,D:\OIO+\DATASET_RETINA\01.Originais\GLA (Glaucoma)\REFUGE\REFUGE-Training400\Training400\Non-Glaucoma\n0021.jpg,.jpg,1.6902952194213867,23c50e0d1fb9cbfdc1686b3009cf755c96ab7a648413f29f509a343531bef64c,False,2124,2056,RGB,2124x2056,sem_glaucoma
train,n0022.jpg,D:\OIO+\DATASET_RETINA\01.Originais\GLA (Glaucoma)\REFUGE\REFUGE-Training400\Training400\Non-Glaucoma\n0022.jpg,.jpg,1.584122657775879,ed336d4b330d47ddd6f0444715a14e334e17e25230c6eb097fe66b43d3cbbf6b,False,2124,2056,RGB,2124x2056,sem_glaucoma
train,n0023.jpg,D:\OIO+\DATASET_RETINA\01.Originais\GLA (Glaucoma)\REFUGE\REFUGE-Training400\Training400\Non-Glaucoma\n0023.jpg,.jpg,1.6464948654174805,7fd2396eaae82602bb193d21c39bcb49c099a71f0b0d5a58a29ef3c39b43fdbe,False,2124,2056,RGB,2124x2056,sem_glaucoma
train,n0024.jpg,D:\OIO+\DATASET_RETINA\01.Originais\GLA (Glaucoma)\REFUGE\REFUGE-Training400\Training400\Non-Glaucoma\n0024.jpg,.jpg,1.7788543701171875,7e9bb027d4abb41a516883efef1577e8115fff7489e2d1582fee4a9177694381,False,2124,2056,RGB,2124x2056,sem_glaucoma
train,n0025.jpg,D:\OIO+\DATASET_RETINA\01.Originais\GLA (Glaucoma)\REFUGE\REFUGE-Training400\Training400\Non-Glaucoma\n0025.jpg,.jpg,1.6764793395996094,15274441ddcbad06b0ca5df67eda8bd7fae33c2a0944313976dc0355caa65b99,False,2124,2056,RGB,2124x2056,sem_glaucoma
train,n0026.jpg,D:\OIO+\DATASET_RETINA\01.Originais\GLA (Glaucoma)\REFUGE\REFUGE-Training400\Training400\Non-Glaucoma\n0026.jpg,.jpg,1.7574596405029297,a7535e1c5c779f85d902fea7e6a10a6659e50776c03a3d76c78b2ba153cd0f81,False,2124,2056,RGB,2124x2056,sem_glaucoma
train,n0027.jpg,D:\OIO+\DATASET_RETINA\01.Originais\GLA (Glaucoma)\REFUGE\REFUGE-Training400\Training400\Non-Glaucoma\n0027.jpg,.jpg,1.6675338745117188,521307ef783bf6960b13aa48f4d06f5c90f668822194b39d586df865a7275bac,False,2124,2056,RGB,2124x2056,sem_glaucoma
train,n0028.jpg,D:\OIO+\DATASET_RETINA\01.Originais\GLA (Glaucoma)\REFUGE\REFUGE-Training400\Training400\Non-Glaucoma\n0028.jpg,.jpg,1.8294649124145508,0ede3fba78fc64f0918ea4f73eb09db0cea9f14812d5aff8710b6609354957e8,False,2124,2056,RGB,2124x2056,sem_glaucoma
train,n0029.jpg,D:\OIO+\DATASET_RETINA\01.Originais\GLA (Glaucoma)\REFUGE\REFUGE-Training400\Training400\Non-Glaucoma\n0029.jpg,.jpg,1.8346014022827148,a9cff99bce2221e10b11b2fae2eb6205b842f552cf83817dc3cc369de1ec3692,False,2124,2056,RGB,2124x2056,sem_glaucoma
train,n0030.jpg,D:\OIO+\DATASET_RETINA\01.Originais\GLA (Glaucoma)\REFUGE\REFUGE-Training400\Training400\Non-Glaucoma\n0030.jpg,.jpg,1.7609329223632812,3cdea28b6b911f4548d2da3cb3578e73b3b835f6bb68fcf840b1fc091b58c7c1,False,2124,2056,RGB,2124x2056,sem_glaucoma
train,n0031.jpg,D:\OIO+\DATASET_RETINA\01.Originais\GLA (Glaucoma)\REFUGE\REFUGE-Training400\Training400\Non-Glaucoma\n0031.jpg,.jpg,1.8311281204223633,fedb997a4855b2f9058d85d675149792833df3ea61ba4bccde8c5beb15f6d0bf,False,2124,2056,RGB,2124x2056,sem_glaucoma
train,n0032.jpg,D:\OIO+\DATASET_RETINA\01.Originais\GLA (Glaucoma)\REFUGE\REFUGE-Training400\Training400\Non-Glaucoma\n0032.jpg,.jpg,1.666579246520996,7a462c92b210a673a59e8af1316c594a59d21301d83588b08f19e2b105ccd887,False,2124,2056,RGB,2124x2056,sem_glaucoma
train,n0033.jpg,D:\OIO+\DATASET_RETINA\01.Originais\GLA (Glaucoma)\REFUGE\REFUGE-Training400\Training400\Non-Glaucoma\n0033.jpg,.jpg,1.8588972091674805,461000d11991ef480f3db9dc7701e99745d5e66712c387e19f8dfaf0cf92266d,False,2124,2056,RGB,2124x2056,sem_glaucoma
train,n0034.jpg,D:\OIO+\DATASET_RETINA\01.Originais\GLA (Glaucoma)\REFUGE\REFUGE-Training400\Training400\Non-Glaucoma\n0034.jpg,.jpg,1.808328628540039,138f3e6c3849455bc2a713ac7663847d1e5048a911ed12e134410e230756e891,False,2124,2056,RGB,2124x2056,sem_glaucoma
train,n0035.jpg,D:\OIO+\DATASET_RETINA\01.Originais\GLA (Glaucoma)\REFUGE\REFUGE-Training400\Training400\Non-Glaucoma\n0035.jpg,.jpg,1.6858549118041992,b4a9a91bb9c3ae712c80039552c40453ef2bb02369aae43f19890106eceabd5b,False,2124,2056,RGB,2124x2056,sem_glaucoma
train,n0036.jpg,D:\OIO+\DATASET_RETINA\01.Originais\GLA (Glaucoma)\REFUGE\REFUGE-Training400\Training400\Non-Glaucoma\n0036.jpg,.jpg,1.7133522033691406,a11b968f31b8e231dd1c94589117d6b24368cebe1c5651f451e5cbda24d24989,False,2124,2056,RGB,2124x2056,sem_glaucoma
train,n0037.jpg,D:\OIO+\DATASET_RETINA\01.Originais\GLA (Glaucoma)\REFUGE\REFUGE-Training400\Training400\Non-Glaucoma\n0037.jpg,.jpg,1.7120723724365234,00c540f509e0f2aa1e5ab650e4d592b60656fb9dfc730ef1207220e37bb003b1,False,2124,2056,RGB,2124x2056,sem_glaucoma
train,n0038.jpg,D:\OIO+\DATASET_RETINA\01.Originais\GLA (Glaucoma)\REFUGE\REFUGE-Training400\Training400\Non-Glaucoma\n0038.jpg,.jpg,1.7099533081054688,dabec098a6dde8419f1bf630ff3fa2e68f4e836045030afcccf77e7b2d69fe99,False,2124,2056,RGB,2124x2056,sem_glaucoma
train,n0039.jpg,D:\OIO+\DATASET_RETINA\01.Originais\GLA (Glaucoma)\REFUGE\REFUGE-Training400\Training400\Non-Glaucoma\n0039.jpg,.jpg,1.6933174133300781,fe4853739318507f5280cdefd48e64aa5f0a31d4585e115c2d665df5452eb251,False,2124,2056,RGB,2124x2056,sem_glaucoma
train,n0040.jpg,D:\OIO+\DATASET_RETINA\01.Originais\GLA (Glaucoma)\REFUGE\REFUGE-Training400\Training400\Non-Glaucoma\n0040.jpg,.jpg,1.7772798538208008,8a05d1f059cdb939abc4c7d3030639f311d4086b2b0d782f037e942e0f44cb98,False,2124,2056,RGB,2124x2056,sem_glaucoma
train,n0041.jpg,D:\OIO+\DATASET_RETINA\01.Originais\GLA (Glaucoma)\REFUGE\REFUGE-Training400\Training400\Non-Glaucoma\n0041.jpg,.jpg,1.6723365783691406,ac6700250de9537365fd35dc507959c43565394432ad9c2baa60c7ec22346249,False,2124,2056,RGB,2124x2056,sem_glaucoma
train,n0042.jpg,D:\OIO+\DATASET_RETINA\01.Originais\GLA (Glaucoma)\REFUGE\REFUGE-Training400\Training400\Non-Glaucoma\n0042.jpg,.jpg,1.8844451904296875,2c6e947cdcea68297e5b1de77f0d0de78e142681d908e51e66a2ef5b9966f621,False,2124,2056,RGB,2124x2056,sem_glaucoma
train,n0043.jpg,D:\OIO+\DATASET_RETINA\01.Originais\GLA (Glaucoma)\REFUGE\REFUGE-Training400\Training400\Non-Glaucoma\n0043.jpg,.jpg,1.6849231719970703,6cd770fe2311e6104ee1dbe99cdcfb18cac8cb1ee1aa86946117eeeab247b475,False,2124,2056,RGB,2124x2056,sem_glaucoma
train,n0044.jpg,D:\OIO+\DATASET_RETINA\01.Originais\GLA (Glaucoma)\REFUGE\REFUGE-Training400\Training400\Non-Glaucoma\n0044.jpg,.jpg,1.7433662414550781,621503043de7de6ebd6b6da898d4bad938d60b707a59ede8c39c2dc112ad8618,False,2124,2056,RGB,2124x2056,sem_glaucoma
train,n0045.jpg,D:\OIO+\DATASET_RETINA\01.Originais\GLA (Glaucoma)\REFUGE\REFUGE-Training400\Training400\Non-Glaucoma\n0045.jpg,.jpg,1.7195053100585938,106ae1cd79e3283af0b6d668e3906cd14c09e66bbfe8f97500ac2f33c37a7ec3,False,2124,2056,RGB,2124x2056,sem_glaucoma
train,n0046.jpg,D:\OIO+\DATASET_RETINA\01.Originais\GLA (Glaucoma)\REFUGE\REFUGE-Training400\Training400\Non-Glaucoma\n0046.jpg,.jpg,1.7931442260742188,ad3c062699316deeb6617802314e988f7c7aba82103be78b70147eed391530f9,False,2124,2056,RGB,2124x2056,sem_glaucoma
train,n0047.jpg,D:\OIO+\DATASET_RETINA\01.Originais\GLA (Glaucoma)\REFUGE\REFUGE-Training400\Training400\Non-Glaucoma\n0047.jpg,.jpg,1.6846942901611328,7125ad1fac18517cba36dbf6c3e1cdec2361542ba29f7aa59922341377f30dc2,False,2124,2056,RGB,2124x2056,sem_glaucoma
train,n0048.jpg,D:\OIO+\DATASET_RETINA\01.Originais\GLA (Glaucoma)\REFUGE\REFUGE-Training400\Training400\Non-Glaucoma\n0048.jpg,.jpg,1.7598295211791992,28d23c7fe2a05d71bd43b601d1efdd52a016d5bbf2704fd4c0b3b11cac2898ef,False,2124,2056,RGB,2124x2056,sem_glaucoma
train,n0049.jpg,D:\OIO+\DATASET_RETINA\01.Originais\GLA (Glaucoma)\REFUGE\REFUGE-Training400\Training400\Non-Glaucoma\n0049.jpg,.jpg,1.652374267578125,16cef6ef8bd62e90b69aa92eb03a4e66e39b39e605a0a497a68e5d78b95af7d2,False,2124,2056,RGB,2124x2056,sem_glaucoma
train,n0050.jpg,D:\OIO+\DATASET_RETINA\01.Originais\GLA (Glaucoma)\REFUGE\REFUGE-Training400\Training400\Non-Glaucoma\n0050.jpg,.jpg,1.7321500778198242,19c8a9595a81e5e98db1fd240d1a260b035ffb02bf9ec35f89447242f712e327,False,2124,2056,RGB,2124x2056,sem_glaucoma
train,n0051.jpg,D:\OIO+\DATASET_RETINA\01.Originais\GLA (Glaucoma)\REFUGE\REFUGE-Training400\Training400\Non-Glaucoma\n0051.jpg,.jpg,1.6607542037963867,5334688a40f32f960cad97997cdfed0631626e81dadcad849db503f7dcdb16ae,False,2124,2056,RGB,2124x2056,sem_glaucoma
train,n0052.jpg,D:\OIO+\DATASET_RETINA\01.Originais\GLA (Glaucoma)\REFUGE\REFUGE-Training400\Training400\Non-Glaucoma\n0052.jpg,.jpg,1.7489376068115234,cfc819395781553eea8a63ef9845cc25ab653303a17cd3638acd394ae17a8022,False,2124,2056,RGB,2124x2056,sem_glaucoma
train,n0053.jpg,D:\OIO+\DATASET_RETINA\01.Originais\GLA (Glaucoma)\REFUGE\REFUGE-Training400\Training400\Non-Glaucoma\n0053.jpg,.jpg,1.7366981506347656,afe8a8d1674429853f238548e6006acdcfc624bc54732c685a598815f0cf8a8c,False,2124,2056,RGB,2124x2056,sem_glaucoma
train,n0054.jpg,D:\OIO+\DATASET_RETINA\01.Originais\GLA (Glaucoma)\REFUGE\REFUGE-Training400\Training400\Non-Glaucoma\n0054.jpg,.jpg,1.785496711730957,763a3222f549006079cf96c63b28408fbcc41367242b32eb7a71eff5cfe58e23,False,2124,2056,RGB,2124x2056,sem_glaucoma
train,n0055.jpg,D:\OIO+\DATASET_RETINA\01.Originais\GLA (Glaucoma)\REFUGE\REFUGE-Training400\Training400\Non-Glaucoma\n0055.jpg,.jpg,1.7666521072387695,ed4f6b7577b309307d478af57fcc8014e48bff328ff70698230aa5f2d8d9ed1d,False,2124,2056,RGB,2124x2056,sem_glaucoma
train,n0056.jpg,D:\OIO+\DATASET_RETINA\01.Originais\GLA (Glaucoma)\REFUGE\REFUGE-Training400\Training400\Non-Glaucoma\n0056.jpg,.jpg,1.776036262512207,7f4c20afd8326a8852eb2d1a4c8f351897f5802432c944b881d97c9050279a00,False,2124,2056,RGB,2124x2056,sem_glaucoma
train,n0057.jpg,D:\OIO+\DATASET_RETINA\01.Originais\GLA (Glaucoma)\REFUGE\REFUGE-Training400\Training400\Non-Glaucoma\n0057.jpg,.jpg,1.7609786987304688,b1aebf3cdf41db3065b99c0d99e643f7e6d383968580e646930341b6122dd6be,False,2124,2056,RGB,2124x2056,sem_glaucoma
train,n0058.jpg,D:\OIO+\DATASET_RETINA\01.Originais\GLA (Glaucoma)\REFUGE\REFUGE-Training400\Training400\Non-Glaucoma\n0058.jpg,.jpg,1.7489013671875,4435dcb7e64665e154d67f0f3e541d905f094f5019f5dd22a5878f46389ad388,False,2124,2056,RGB,2124x2056,sem_glaucoma
train,n0059.jpg,D:\OIO+\DATASET_RETINA\01.Originais\GLA (Glaucoma)\REFUGE\REFUGE-Training400\Training400\Non-Glaucoma\n0059.jpg,.jpg,1.718794822692871,a6434c4799745a25c7fe9b640c883ad8a5d052ca980176c2b7a5255e40f7e59a,False,2124,2056,RGB,2124x2056,sem_glaucoma
train,n0060.jpg,D:\OIO+\DATASET_RETINA\01.Originais\GLA (Glaucoma)\REFUGE\REFUGE-Training400\Training400\Non-Glaucoma\n0060.jpg,.jpg,1.7881927490234375,99d52fa29f7883a4abf9afd24c5e84b9880c7099431f6264eed4bb4a923b4215,False,2124,2056,RGB,2124x2056,sem_glaucoma
train,n0061.jpg,D:\OIO+\DATASET_RETINA\01.Originais\GLA (Glaucoma)\REFUGE\REFUGE-Training400\Training400\Non-Glaucoma\n0061.jpg,.jpg,1.7820930480957031,55f8577bb732bd2a66d52fb6869641532db207da9e31be23583c6a32040a2598,False,2124,2056,RGB,2124x2056,sem_glaucoma
train,n0062.jpg,D:\OIO+\DATASET_RETINA\01.Originais\GLA (Glaucoma)\REFUGE\REFUGE-Training400\Training400\Non-Glaucoma\n0062.jpg,.jpg,1.7414817810058594,039d2e8f4dc0883b7dd70265bdfd8128e9fa6875fef21f1c72eb70e9adc694f9,False,2124,2056,RGB,2124x2056,sem_glaucoma
train,n0063.jpg,D:\OIO+\DATASET_RETINA\01.Originais\GLA (Glaucoma)\REFUGE\REFUGE-Training400\Training400\Non-Glaucoma\n0063.jpg,.jpg,1.7574920654296875,a20314a9cf1aa9a604fd80ae5e9d3309a4e098455d0ab04f9ab81c6a353efdba,False,2124,2056,RGB,2124x2056,sem_glaucoma
train,n0064.jpg,D:\OIO+\DATASET_RETINA\01.Originais\GLA (Glaucoma)\REFUGE\REFUGE-Training400\Training400\Non-Glaucoma\n0064.jpg,.jpg,1.7995929718017578,a74842f33760dc16da8760f5520379ca9457c71bfe724df0a83010af1fdb71de,False,2124,2056,RGB,2124x2056,sem_glaucoma
train,n0065.jpg,D:\OIO+\DATASET_RETINA\01.Originais\GLA (Glaucoma)\REFUGE\REFUGE-Training400\Training400\Non-Glaucoma\n0065.jpg,.jpg,1.6801128387451172,04d60fa94ca67c74e0b16e496639df4a8152ad3fe0dd812c2a9da27b7cbe6923,False,2124,2056,RGB,2124x2056,sem_glaucoma
train,n0066.jpg,D:\OIO+\DATASET_RETINA\01.Originais\GLA (Glaucoma)\REFUGE\REFUGE-Training400\Training400\Non-Glaucoma\n0066.jpg,.jpg,1.6872081756591797,0a31ceafb7795b85407cc1bc355e80bceb1228a9a17a7b0f2a817ebbf53ad397,False,2124,2056,RGB,2124x2056,sem_glaucoma
train,n0067.jpg,D:\OIO+\DATASET_RETINA\01.Originais\GLA (Glaucoma)\REFUGE\REFUGE-Training400\Training400\Non-Glaucoma\n0067.jpg,.jpg,1.7999191284179688,c58aca1528159fceab061004613536dcedd0a37eb39db1630ed66325c210a602,False,2124,2056,RGB,2124x2056,sem_glaucoma
train,n0068.jpg,D:\OIO+\DATASET_RETINA\01.Originais\GLA (Glaucoma)\REFUGE\REFUGE-Training400\Training400\Non-Glaucoma\n0068.jpg,.jpg,1.7532968521118164,a4e8ffaa22902ef401bfb74a2ec60178c48464d761fc586636dff9a1752856f1,False,2124,2056,RGB,2124x2056,sem_glaucoma
train,n0069.jpg,D:\OIO+\DATASET_RETINA\01.Originais\GLA (Glaucoma)\REFUGE\REFUGE-Training400\Training400\Non-Glaucoma\n0069.jpg,.jpg,1.8966693878173828,9be05df99b9b92d58afadf7265fab52cbeafa4f76318a358cfadf9bec0f7900b,False,2124,2056,RGB,2124x2056,sem_glaucoma
train,n0070.jpg,D:\OIO+\DATASET_RETINA\01.Originais\GLA (Glaucoma)\REFUGE\REFUGE-Training400\Training400\Non-Glaucoma\n0070.jpg,.jpg,1.8381729125976562,d5dc87022ab827012753628b13076add5896a34f8fa2cd84fbd71eb79ea9e252,False,2124,2056,RGB,2124x2056,sem_glaucoma
train,n0071.jpg,D:\OIO+\DATASET_RETINA\01.Originais\GLA (Glaucoma)\REFUGE\REFUGE-Training400\Training400\Non-Glaucoma\n0071.jpg,.jpg,1.7205581665039062,e680500d3df77058d593e4d3f5fbd62abb39a62e228f136bae0c739fa08149e2,False,2124,2056,RGB,2124x2056,sem_glaucoma
train,n0072.jpg,D:\OIO+\DATASET_RETINA\01.Originais\GLA (Glaucoma)\REFUGE\REFUGE-Training400\Training400\Non-Glaucoma\n0072.jpg,.jpg,1.652261734008789,426841f096101fac5ce3d20b4f1236d13d68d113602749ce09e2b5718a4a0889,False,2124,2056,RGB,2124x2056,sem_glaucoma
train,n0073.jpg,D:\OIO+\DATASET_RETINA\01.Originais\GLA (Glaucoma)\REFUGE\REFUGE-Training400\Training400\Non-Glaucoma\n0073.jpg,.jpg,1.6313285827636719,eec48097acf4b8836ac9e5cf5a8a8e956857151af0bf2831b502a1216049082a,False,2124,2056,RGB,2124x2056,sem_glaucoma
train,n0074.jpg,D:\OIO+\DATASET_RETINA\01.Originais\GLA (Glaucoma)\REFUGE\REFUGE-Training400\Training400\Non-Glaucoma\n0074.jpg,.jpg,1.8638763427734375,14f4e7ed62f87a5d2b4fba224d7831b5e1abd2dca99bdd3366c651c078677068,False,2124,2056,RGB,2124x2056,sem_glaucoma
train,n0075.jpg,D:\OIO+\DATASET_RETINA\01.Originais\GLA (Glaucoma)\REFUGE\REFUGE-Training400\Training400\Non-Glaucoma\n0075.jpg,.jpg,1.8396387100219727,40cf937ee9999e66b2ee00107f369b24c0898856ddec1365a91613b19a4b5484,False,2124,2056,RGB,2124x2056,sem_glaucoma
train,n0076.jpg,D:\OIO+\DATASET_RETINA\01.Originais\GLA (Glaucoma)\REFUGE\REFUGE-Training400\Training400\Non-Glaucoma\n0076.jpg,.jpg,1.6617965698242188,eaccd1170ace0db3430ee8cdb0fa8c1412d564747d7f0e7ad14a11b44dd5a174,False,2124,2056,RGB,2124x2056,sem_glaucoma
train,n0077.jpg,D:\OIO+\DATASET_RETINA\01.Originais\GLA (Glaucoma)\REFUGE\REFUGE-Training400\Training400\Non-Glaucoma\n0077.jpg,.jpg,1.6591272354125977,6182481464c144b0fad05923615d03dfce7f69bef5d4150cf31f4d69acb4550a,False,2124,2056,RGB,2124x2056,sem_glaucoma
train,n0078.jpg,D:\OIO+\DATASET_RETINA\01.Originais\GLA (Glaucoma)\REFUGE\REFUGE-Training400\Training400\Non-Glaucoma\n0078.jpg,.jpg,1.7854137420654297,a94556c2e9d8c43df77144f2b2bdd2d7b62724e89149bade4b30292b6aa98f25,False,2124,2056,RGB,2124x2056,sem_glaucoma
train,n0079.jpg,D:\OIO+\DATASET_RETINA\01.Originais\GLA (Glaucoma)\REFUGE\REFUGE-Training400\Training400\Non-Glaucoma\n0079.jpg,.jpg,1.7851810455322266,9a340c1b1710766b1a71330493cf87f1e7959254cbd2d335df1efe7c113cb199,False,2124,2056,RGB,2124x2056,sem_glaucoma
train,n0080.jpg,D:\OIO+\DATASET_RETINA\01.Originais\GLA (Glaucoma)\REFUGE\REFUGE-Training400\Training400\Non-Glaucoma\n0080.jpg,.jpg,1.7431211471557617,52d5d8f6951d05ef73cb7da7393443837b3c9399b9668cf40825d79fa43d8e9a,False,2124,2056,RGB,2124x2056,sem_glaucoma
train,n0081.jpg,D:\OIO+\DATASET_RETINA\01.Originais\GLA (Glaucoma)\REFUGE\REFUGE-Training400\Training400\Non-Glaucoma\n0081.jpg,.jpg,1.7100133895874023,037208812701ada7bd900bc18940a38035565c42d2b7626d2f74ee77829d1012,False,2124,2056,RGB,2124x2056,sem_glaucoma
train,n0082.jpg,D:\OIO+\DATASET_RETINA\01.Originais\GLA (Glaucoma)\REFUGE\REFUGE-Training400\Training400\Non-Glaucoma\n0082.jpg,.jpg,1.817591667175293,68914ea02e7e88ee46de35efbf6f398f92e24a0231cf60245ee876605cdd3d50,False,2124,2056,RGB,2124x2056,sem_glaucoma
train,n0083.jpg,D:\OIO+\DATASET_RETINA\01.Originais\GLA (Glaucoma)\REFUGE\REFUGE-Training400\Training400\Non-Glaucoma\n0083.jpg,.jpg,1.7158842086791992,0b7d6452947883123cc9ef6f7fc55c5313a52ac8658bddb798b914bd59e25c3f,False,2124,2056,RGB,2124x2056,sem_glaucoma
train,n0084.jpg,D:\OIO+\DATASET_RETINA\01.Originais\GLA (Glaucoma)\REFUGE\REFUGE-Training400\Training400\Non-Glaucoma\n0084.jpg,.jpg,1.7033281326293945,d8bbc80c425667dd343173dbd8c9035041a7fc46701004e62224f9db17e2a209,False,2124,2056,RGB,2124x2056,sem_glaucoma
train,n0085.jpg,D:\OIO+\DATASET_RETINA\01.Originais\GLA (Glaucoma)\REFUGE\REFUGE-Training400\Training400\Non-Glaucoma\n0085.jpg,.jpg,1.712484359741211,45b25bb9fbfbfc6f854cf7421ff40c61df9c72778b73c173bc2727fa7c768c21,False,2124,2056,RGB,2124x2056,sem_glaucoma
train,n0086.jpg,D:\OIO+\DATASET_RETINA\01.Originais\GLA (Glaucoma)\REFUGE\REFUGE-Training400\Training400\Non-Glaucoma\n0086.jpg,.jpg,1.7865562438964844,19b9d33e952774bc25e4123b2d97e440933494d8e63b787d099d522c0330d5c1,False,2124,2056,RGB,2124x2056,sem_glaucoma
train,n0087.jpg,D:\OIO+\DATASET_RETINA\01.Originais\GLA (Glaucoma)\REFUGE\REFUGE-Training400\Training400\Non-Glaucoma\n0087.jpg,.jpg,1.6943464279174805,34f715171cf404bbab3f2abdf6a4cbdd332a8d872e33923e18e934599e45aa38,False,2124,2056,RGB,2124x2056,sem_glaucoma
train,n0088.jpg,D:\OIO+\DATASET_RETINA\01.Originais\GLA (Glaucoma)\REFUGE\REFUGE-Training400\Training400\Non-Glaucoma\n0088.jpg,.jpg,1.7204504013061523,c8f3c892bfd27a80684263fccb586c31bac2960519d2c5a9c6a69d615d76f09f,False,2124,2056,RGB,2124x2056,sem_glaucoma
train,n0089.jpg,D:\OIO+\DATASET_RETINA\01.Originais\GLA (Glaucoma)\REFUGE\REFUGE-Training400\Training400\Non-Glaucoma\n0089.jpg,.jpg,1.7803916931152344,ad92a60e65bc47fe59790142154b9e5650a0633935e7303db7ef976c4296af5e,False,2124,2056,RGB,2124x2056,sem_glaucoma
train,n0090.jpg,D:\OIO+\DATASET_RETINA\01.Originais\GLA (Glaucoma)\REFUGE\REFUGE-Training400\Training400\Non-Glaucoma\n0090.jpg,.jpg,1.7464160919189453,40855c1c804d299873893c891c968c8c0c448bab0671ebd37acd82d2f480d478,False,2124,2056,RGB,2124x2056,sem_glaucoma
train,n0091.jpg,D:\OIO+\DATASET_RETINA\01.Originais\GLA (Glaucoma)\REFUGE\REFUGE-Training400\Training400\Non-Glaucoma\n0091.jpg,.jpg,1.7677011489868164,9fc9e17a6a687fc91d44efa01fb43c8f6451e6830738bed8a38e1565df2bd5bc,False,2124,2056,RGB,2124x2056,sem_glaucoma
train,n0092.jpg,D:\OIO+\DATASET_RETINA\01.Originais\GLA (Glaucoma)\REFUGE\REFUGE-Training400\Training400\Non-Glaucoma\n0092.jpg,.jpg,1.7725210189819336,0914a09b7fae0382776b61720fd5f2b9e5d7005692db47d861506a1631eac5fb,False,2124,2056,RGB,2124x2056,sem_glaucoma
train,n0093.jpg,D:\OIO+\DATASET_RETINA\01.Originais\GLA (Glaucoma)\REFUGE\REFUGE-Training400\Training400\Non-Glaucoma\n0093.jpg,.jpg,1.6165475845336914,97da776a966c545e993e16947d477727b05b028853f3dac2c8c277d873598f43,False,2124,2056,RGB,2124x2056,sem_glaucoma
train,n0094.jpg,D:\OIO+\DATASET_RETINA\01.Originais\GLA (Glaucoma)\REFUGE\REFUGE-Training400\Training400\Non-Glaucoma\n0094.jpg,.jpg,1.7458677291870117,86132645da1bd16d7ef9e3d6a78523c637d56b0c46c07dcf77c847b5abd3e0b9,False,2124,2056,RGB,2124x2056,sem_glaucoma
train,n0095.jpg,D:\OIO+\DATASET_RETINA\01.Originais\GLA (Glaucoma)\REFUGE\REFUGE-Training400\Training400\Non-Glaucoma\n0095.jpg,.jpg,1.6726865768432617,ffd7387394b8d5e4930c5e983f55ec678bdf216b3133431e60e2815a82533d3c,False,2124,2056,RGB,2124x2056,sem_glaucoma
train,n0096.jpg,D:\OIO+\DATASET_RETINA\01.Originais\GLA (Glaucoma)\REFUGE\REFUGE-Training400\Training400\Non-Glaucoma\n0096.jpg,.jpg,1.7553300857543945,93d8b430300eba503a309dd96fda6640beaf4978099841fe40bb5ac74ee51777,False,2124,2056,RGB,2124x2056,sem_glaucoma
train,n0097.jpg,D:\OIO+\DATASET_RETINA\01.Originais\GLA (Glaucoma)\REFUGE\REFUGE-Training400\Training400\Non-Glaucoma\n0097.jpg,.jpg,1.7556886672973633,da4f8b74bc7158163bab82665560ce7b3d081d895fd877e6aa9ac7c54873c4d8,False,2124,2056,RGB,2124x2056,sem_glaucoma
train,n0098.jpg,D:\OIO+\DATASET_RETINA\01.Originais\GLA (Glaucoma)\REFUGE\REFUGE-Training400\Training400\Non-Glaucoma\n0098.jpg,.jpg,1.7642993927001953,9f2a07934000b8004c142d879d662f5c904a3760c6027237a3d849ec35bb60d4,False,2124,2056,RGB,2124x2056,sem_glaucoma
train,n0099.jpg,D:\OIO+\DATASET_RETINA\01.Originais\GLA (Glaucoma)\REFUGE\REFUGE-Training400\Training400\Non-Glaucoma\n0099.jpg,.jpg,1.779902458190918,93c00fdd36c9e0775c515b51250071c71f5ce5fc2dfc6b516b3f006295fc1a17,False,2124,2056,RGB,2124x2056,sem_glaucoma
train,n0100.jpg,D:\OIO+\DATASET_RETINA\01.Originais\GLA (Glaucoma)\REFUGE\REFUGE-Training400\Training400\Non-Glaucoma\n0100.jpg,.jpg,1.7896661758422852,60a752faf4976b8bc24e1df562926628435d123a624c0013c451d5315bfe8166,False,2124,2056,RGB,2124x2056,sem_glaucoma
train,n0101.jpg,D:\OIO+\DATASET_RETINA\01.Originais\GLA (Glaucoma)\REFUGE\REFUGE-Training400\Training400\Non-Glaucoma\n0101.jpg,.jpg,1.826547622680664,e51f0b387a56b9fa706b494ebddcca8af6dfd1c1e3decd0275680d77abd88118,False,2124,2056,RGB,2124x2056,sem_glaucoma
train,n0102.jpg,D:\OIO+\DATASET_RETINA\01.Originais\GLA (Glaucoma)\REFUGE\REFUGE-Training400\Training400\Non-Glaucoma\n0102.jpg,.jpg,1.8846206665039062,eb9fcffa49715864e7cb61e3d55378d1baa4ad4bc93466b2e194b93e9d9e3a9a,False,2124,2056,RGB,2124x2056,sem_glaucoma
train,n0103.jpg,D:\OIO+\DATASET_RETINA\01.Originais\GLA (Glaucoma)\REFUGE\REFUGE-Training400\Training400\Non-Glaucoma\n0103.jpg,.jpg,1.6562814712524414,fd051e49deeb89e359326df87b7f915b33839d10d899f38d4ef8650ee86b1694,False,2124,2056,RGB,2124x2056,sem_glaucoma
train,n0104.jpg,D:\OIO+\DATASET_RETINA\01.Originais\GLA (Glaucoma)\REFUGE\REFUGE-Training400\Training400\Non-Glaucoma\n0104.jpg,.jpg,1.6438570022583008,cb22b0141d5efe36db6c86714f9b641475bbca3e8d771eb300b67f743558d9b7,False,2124,2056,RGB,2124x2056,sem_glaucoma
train,n0105.jpg,D:\OIO+\DATASET_RETINA\01.Originais\GLA (Glaucoma)\REFUGE\REFUGE-Training400\Training400\Non-Glaucoma\n0105.jpg,.jpg,1.784836769104004,53bdb2e0dce65587be68fad38220c8536b77a27d578ac7d35e32d49b04c85882,False,2124,2056,RGB,2124x2056,sem_glaucoma
train,n0106.jpg,D:\OIO+\DATASET_RETINA\01.Originais\GLA (Glaucoma)\REFUGE\REFUGE-Training400\Training400\Non-Glaucoma\n0106.jpg,.jpg,1.7030572891235352,38a4220ce1bb05b312a7f59f74994ac61ba72afccab37eb1d471fa49a3f240bb,False,2124,2056,RGB,2124x2056,sem_glaucoma
train,n0107.jpg,D:\OIO+\DATASET_RETINA\01.Originais\GLA (Glaucoma)\REFUGE\REFUGE-Training400\Training400\Non-Glaucoma\n0107.jpg,.jpg,1.6868963241577148,2870ffea572fa5c9cdd7307dacdb913d04b4bd873ba85ea1e05f7a60503a956e,False,2124,2056,RGB,2124x2056,sem_glaucoma
train,n0108.jpg,D:\OIO+\DATASET_RETINA\01.Originais\GLA (Glaucoma)\REFUGE\REFUGE-Training400\Training400\Non-Glaucoma\n0108.jpg,.jpg,1.6839981079101562,7dd1053a85c5c0f6136c3bf2bf02814c2cdb60b536f16c2dc291b6b18c67db18,False,2124,2056,RGB,2124x2056,sem_glaucoma
train,n0109.jpg,D:\OIO+\DATASET_RETINA\01.Originais\GLA (Glaucoma)\REFUGE\REFUGE-Training400\Training400\Non-Glaucoma\n0109.jpg,.jpg,1.725015640258789,73a4ad39d0f3f9d2677f57071433fa6ca7dcf38d6096f2cc3fcb566139216a45,False,2124,2056,RGB,2124x2056,sem_glaucoma
train,n0110.jpg,D:\OIO+\DATASET_RETINA\01.Originais\GLA (Glaucoma)\REFUGE\REFUGE-Training400\Training400\Non-Glaucoma\n0110.jpg,.jpg,2.010828971862793,2561ba8963e0697ca2bab18c97bd52b3050a434523e8c6d660c587c3ef47b24e,False,2124,2056,RGB,2124x2056,sem_glaucoma
train,n0111.jpg,D:\OIO+\DATASET_RETINA\01.Originais\GLA (Glaucoma)\REFUGE\REFUGE-Training400\Training400\Non-Glaucoma\n0111.jpg,.jpg,1.692112922668457,f648cc9838d82fec7a6502a03c4b79b5a9199773a6c1f2954370c21b2c0ec0a9,False,2124,2056,RGB,2124x2056,sem_glaucoma
train,n0112.jpg,D:\OIO+\DATASET_RETINA\01.Originais\GLA (Glaucoma)\REFUGE\REFUGE-Training400\Training400\Non-Glaucoma\n0112.jpg,.jpg,1.7929105758666992,c406c3ad6ac222c7432798ce49a0176f0bb47f4e97bb19d2e37305809f53faef,False,2124,2056,RGB,2124x2056,sem_glaucoma
train,n0113.jpg,D:\OIO+\DATASET_RETINA\01.Originais\GLA (Glaucoma)\REFUGE\REFUGE-Training400\Training400\Non-Glaucoma\n0113.jpg,.jpg,1.79534912109375,26ecbf1698a537a1e955ac68c3690883d9852e929683e4b66c300df4147fd227,False,2124,2056,RGB,2124x2056,sem_glaucoma
train,n0114.jpg,D:\OIO+\DATASET_RETINA\01.Originais\GLA (Glaucoma)\REFUGE\REFUGE-Training400\Training400\Non-Glaucoma\n0114.jpg,.jpg,1.7758684158325195,84aebf6ba6b3d358c7e429e57d32c02f956f6147010cc2da8eb29151df5383b6,False,2124,2056,RGB,2124x2056,sem_glaucoma
train,n0115.jpg,D:\OIO+\DATASET_RETINA\01.Originais\GLA (Glaucoma)\REFUGE\REFUGE-Training400\Training400\Non-Glaucoma\n0115.jpg,.jpg,1.7227516174316406,ee1873b1b14ab68d505eed57d92bc49a588c58361b2559fb1218b1f6544ac264,False,2124,2056,RGB,2124x2056,sem_glaucoma
train,n0116.jpg,D:\OIO+\DATASET_RETINA\01.Originais\GLA (Glaucoma)\REFUGE\REFUGE-Training400\Training400\Non-Glaucoma\n0116.jpg,.jpg,1.6851415634155273,1cd570cc8e37ce20d81b8259fabfec55b2c9d2121c1816d5bd08c622c317db3e,False,2124,2056,RGB,2124x2056,sem_glaucoma
train,n0117.jpg,D:\OIO+\DATASET_RETINA\01.Originais\GLA (Glaucoma)\REFUGE\REFUGE-Training400\Training400\Non-Glaucoma\n0117.jpg,.jpg,1.7580490112304688,8770debedd371d83c7e55b4d170cf6bdfc999f70ab6ddf725bc90c5ecdadd1de,False,2124,2056,RGB,2124x2056,sem_glaucoma
train,n0118.jpg,D:\OIO+\DATASET_RETINA\01.Originais\GLA (Glaucoma)\REFUGE\REFUGE-Training400\Training400\Non-Glaucoma\n0118.jpg,.jpg,1.8607959747314453,6b0377398718b9d43d6aec7b9c93f608630af6b87b35790d8a223df98b1fd99c,False,2124,2056,RGB,2124x2056,sem_glaucoma
train,n0119.jpg,D:\OIO+\DATASET_RETINA\01.Originais\GLA (Glaucoma)\REFUGE\REFUGE-Training400\Training400\Non-Glaucoma\n0119.jpg,.jpg,1.5707130432128906,2c985935467ca4affdfd238fbc240c562b7bd0ab49538d8287dbbee0f1acd240,False,2124,2056,RGB,2124x2056,sem_glaucoma
train,n0120.jpg,D:\OIO+\DATASET_RETINA\01.Originais\GLA (Glaucoma)\REFUGE\REFUGE-Training400\Training400\Non-Glaucoma\n0120.jpg,.jpg,1.5791196823120117,6b47251a6e46a3f40dcd877f5fbcb40deab6c61bdcda144ad39655f3df334ae8,False,2124,2056,RGB,2124x2056,sem_glaucoma
train,n0121.jpg,D:\OIO+\DATASET_RETINA\01.Originais\GLA (Glaucoma)\REFUGE\REFUGE-Training400\Training400\Non-Glaucoma\n0121.jpg,.jpg,1.6713752746582031,18bd50e6115a70d5d2ae6e48c345f047f61387afaba58703cd1aa012fba66aa3,False,2124,2056,RGB,2124x2056,sem_glaucoma
train,n0122.jpg,D:\OIO+\DATASET_RETINA\01.Originais\GLA (Glaucoma)\REFUGE\REFUGE-Training400\Training400\Non-Glaucoma\n0122.jpg,.jpg,1.6707754135131836,5ed1545a0e319f7111893da5e4cc8f1e96df1c0560bb38f50513c3920c3b8f2e,False,2124,2056,RGB,2124x2056,sem_glaucoma
train,n0123.jpg,D:\OIO+\DATASET_RETINA\01.Originais\GLA (Glaucoma)\REFUGE\REFUGE-Training400\Training400\Non-Glaucoma\n0123.jpg,.jpg,1.8037700653076172,255bba55d0ffcfa2c8edd2325f3a3f3091300b188db7d963e5f38d9661c413d2,False,2124,2056,RGB,2124x2056,sem_glaucoma
train,n0124.jpg,D:\OIO+\DATASET_RETINA\01.Originais\GLA (Glaucoma)\REFUGE\REFUGE-Training400\Training400\Non-Glaucoma\n0124.jpg,.jpg,1.7148113250732422,6ddf376b65ae4d66a22db91f0a320326b2a1accff9b62eae2b482fdfa17326cf,False,2124,2056,RGB,2124x2056,sem_glaucoma
train,n0125.jpg,D:\OIO+\DATASET_RETINA\01.Originais\GLA (Glaucoma)\REFUGE\REFUGE-Training400\Training400\Non-Glaucoma\n0125.jpg,.jpg,1.696305274963379,4f59c0df3d8a56e766734dbb5ff808210b89bbe2932114c8862ecfbe3d6dacf4,False,2124,2056,RGB,2124x2056,sem_glaucoma
train,n0126.jpg,D:\OIO+\DATASET_RETINA\01.Originais\GLA (Glaucoma)\REFUGE\REFUGE-Training400\Training400\Non-Glaucoma\n0126.jpg,.jpg,1.6608123779296875,e0adaba0d2287edfb2cbcb9c895bc6081706ebc35390474266cdc7b0e7b1a06d,False,2124,2056,RGB,2124x2056,sem_glaucoma
train,n0127.jpg,D:\OIO+\DATASET_RETINA\01.Originais\GLA (Glaucoma)\REFUGE\REFUGE-Training400\Training400\Non-Glaucoma\n0127.jpg,.jpg,1.6819496154785156,fceee6b6df268e18c197c01f7aab07ee38bf30b48389bce12907fef6aeb03336,False,2124,2056,RGB,2124x2056,sem_glaucoma
train,n0128.jpg,D:\OIO+\DATASET_RETINA\01.Originais\GLA (Glaucoma)\REFUGE\REFUGE-Training400\Training400\Non-Glaucoma\n0128.jpg,.jpg,1.7249021530151367,8574f987378b2191401944105aaefc358a209811aa767d6937ea4587d8c98ea7,False,2124,2056,RGB,2124x2056,sem_glaucoma
train,n0129.jpg,D:\OIO+\DATASET_RETINA\01.Originais\GLA (Glaucoma)\REFUGE\REFUGE-Training400\Training400\Non-Glaucoma\n0129.jpg,.jpg,1.801844596862793,8b847edfb66dcbcb2f7a936fa9d1af7b67c7e91e01ee13f8df040a388ab4e3de,False,2124,2056,RGB,2124x2056,sem_glaucoma
train,n0130.jpg,D:\OIO+\DATASET_RETINA\01.Originais\GLA (Glaucoma)\REFUGE\REFUGE-Training400\Training400\Non-Glaucoma\n0130.jpg,.jpg,1.739950180053711,963bb581f4700006417a4ffeb01feee3c28ef586154fbf585a79e32ae034175b,False,2124,2056,RGB,2124x2056,sem_glaucoma
train,n0131.jpg,D:\OIO+\DATASET_RETINA\01.Originais\GLA (Glaucoma)\REFUGE\REFUGE-Training400\Training400\Non-Glaucoma\n0131.jpg,.jpg,1.6728553771972656,97caabb4cf9b7a294808b7b7fc8b756c724bce2af049e202a2c5aaecf7c4c155,False,2124,2056,RGB,2124x2056,sem_glaucoma
train,n0132.jpg,D:\OIO+\DATASET_RETINA\01.Originais\GLA (Glaucoma)\REFUGE\REFUGE-Training400\Training400\Non-Glaucoma\n0132.jpg,.jpg,1.7227582931518555,4f8e2dbdb2d05b542cf1f92556a328ff01199e968532f5461b89cc715cb5fff0,False,2124,2056,RGB,2124x2056,sem_glaucoma
train,n0133.jpg,D:\OIO+\DATASET_RETINA\01.Originais\GLA (Glaucoma)\REFUGE\REFUGE-Training400\Training400\Non-Glaucoma\n0133.jpg,.jpg,1.7392911911010742,300cf0e2f7d1bd303d409851053a7a4742c52168662836c7bcf5f79364c4baff,False,2124,2056,RGB,2124x2056,sem_glaucoma
train,n0134.jpg,D:\OIO+\DATASET_RETINA\01.Originais\GLA (Glaucoma)\REFUGE\REFUGE-Training400\Training400\Non-Glaucoma\n0134.jpg,.jpg,1.6448345184326172,19287f80135a491054387bf9c3ce0a5444bf0d545bcecb4c056f4ced875b193f,False,2124,2056,RGB,2124x2056,sem_glaucoma
train,n0135.jpg,D:\OIO+\DATASET_RETINA\01.Originais\GLA (Glaucoma)\REFUGE\REFUGE-Training400\Training400\Non-Glaucoma\n0135.jpg,.jpg,1.6455078125,84e3fd5cd56f80efa19aa49ef16aff71723177ca0f6bf9175ac777ddfcf7a64d,False,2124,2056,RGB,2124x2056,sem_glaucoma
train,n0136.jpg,D:\OIO+\DATASET_RETINA\01.Originais\GLA (Glaucoma)\REFUGE\REFUGE-Training400\Training400\Non-Glaucoma\n0136.jpg,.jpg,1.7152280807495117,db60d40693a1e7efa34f5b373f3f215bebe8c8dd5fda71b728071413ebfa8899,False,2124,2056,RGB,2124x2056,sem_glaucoma
train,n0137.jpg,D:\OIO+\DATASET_RETINA\01.Originais\GLA (Glaucoma)\REFUGE\REFUGE-Training400\Training400\Non-Glaucoma\n0137.jpg,.jpg,1.8205108642578125,587c7d3f1894ac92d4a1c4f004900ef4ed8d7e38094d0a3214092597a7937ef3,False,2124,2056,RGB,2124x2056,sem_glaucoma
train,n0138.jpg,D:\OIO+\DATASET_RETINA\01.Originais\GLA (Glaucoma)\REFUGE\REFUGE-Training400\Training400\Non-Glaucoma\n0138.jpg,.jpg,1.8951568603515625,88a127659a738eaeea1d7b50b114a151cbf5cdef14d623329fcb48a0724d9c32,False,2124,2056,RGB,2124x2056,sem_glaucoma
train,n0139.jpg,D:\OIO+\DATASET_RETINA\01.Originais\GLA (Glaucoma)\REFUGE\REFUGE-Training400\Training400\Non-Glaucoma\n0139.jpg,.jpg,1.7063770294189453,17bfdbad532e0459dae893964e3f93bf9bdb56f5441c2a5c5b1b23a4c54e1ef0,False,2124,2056,RGB,2124x2056,sem_glaucoma
train,n0140.jpg,D:\OIO+\DATASET_RETINA\01.Originais\GLA (Glaucoma)\REFUGE\REFUGE-Training400\Training400\Non-Glaucoma\n0140.jpg,.jpg,1.6893320083618164,67c6f17b83c74e4cc29270af5bac33801e94061e03b77aafebe7b9a01ade3fe9,False,2124,2056,RGB,2124x2056,sem_glaucoma
train,n0141.jpg,D:\OIO+\DATASET_RETINA\01.Originais\GLA (Glaucoma)\REFUGE\REFUGE-Training400\Training400\Non-Glaucoma\n0141.jpg,.jpg,1.6459407806396484,f648793e45bece7e029c47011dac8e9b52d4357a69652ae23680632976ac9439,False,2124,2056,RGB,2124x2056,sem_glaucoma
train,n0142.jpg,D:\OIO+\DATASET_RETINA\01.Originais\GLA (Glaucoma)\REFUGE\REFUGE-Training400\Training400\Non-Glaucoma\n0142.jpg,.jpg,1.664210319519043,9c94eee0906801fe567e317ad1c9fff4ea82958e14d78e7613deaa8d67010335,False,2124,2056,RGB,2124x2056,sem_glaucoma
train,n0143.jpg,D:\OIO+\DATASET_RETINA\01.Originais\GLA (Glaucoma)\REFUGE\REFUGE-Training400\Training400\Non-Glaucoma\n0143.jpg,.jpg,1.7290802001953125,c206993e6e7d778dda4e6562ea4b3b4d41307a97c4e21334f9164ef550ecfab7,False,2124,2056,RGB,2124x2056,sem_glaucoma
train,n0144.jpg,D:\OIO+\DATASET_RETINA\01.Originais\GLA (Glaucoma)\REFUGE\REFUGE-Training400\Training400\Non-Glaucoma\n0144.jpg,.jpg,1.8767175674438477,bfb99f4614b0501be50a236206bf9a63dd30797603073f568b340ebfbdcdd02e,False,2124,2056,RGB,2124x2056,sem_glaucoma
train,n0145.jpg,D:\OIO+\DATASET_RETINA\01.Originais\GLA (Glaucoma)\REFUGE\REFUGE-Training400\Training400\Non-Glaucoma\n0145.jpg,.jpg,1.7527389526367188,592464fc0e927860760761fc2853b752e7991f9cd376b2af6901c64feb8ecf34,False,2124,2056,RGB,2124x2056,sem_glaucoma
train,n0146.jpg,D:\OIO+\DATASET_RETINA\01.Originais\GLA (Glaucoma)\REFUGE\REFUGE-Training400\Training400\Non-Glaucoma\n0146.jpg,.jpg,1.7027902603149414,df49c620061d728a57aaf91288d9c95b23c34b6bee9471e944a860113f75f81e,False,2124,2056,RGB,2124x2056,sem_glaucoma
train,n0147.jpg,D:\OIO+\DATASET_RETINA\01.Originais\GLA (Glaucoma)\REFUGE\REFUGE-Training400\Training400\Non-Glaucoma\n0147.jpg,.jpg,1.685408592224121,ac4a0c06f35f65f687924e66bb11e57c9b6f05aa0a31fc72b233f246beba7606,False,2124,2056,RGB,2124x2056,sem_glaucoma
train,n0148.jpg,D:\OIO+\DATASET_RETINA\01.Originais\GLA (Glaucoma)\REFUGE\REFUGE-Training400\Training400\Non-Glaucoma\n0148.jpg,.jpg,1.7847585678100586,b272c4b1447871a87c994ae3a57865de193673bce76baa7441e3a3d7453b4f5c,False,2124,2056,RGB,2124x2056,sem_glaucoma
train,n0149.jpg,D:\OIO+\DATASET_RETINA\01.Originais\GLA (Glaucoma)\REFUGE\REFUGE-Training400\Training400\Non-Glaucoma\n0149.jpg,.jpg,1.7770452499389648,592c3a203564044f9cf44cdde7ac4b0e41132fb6b397e4ef119f8479a173a02d,False,2124,2056,RGB,2124x2056,sem_glaucoma
train,n0150.jpg,D:\OIO+\DATASET_RETINA\01.Originais\GLA (Glaucoma)\REFUGE\REFUGE-Training400\Training400\Non-Glaucoma\n0150.jpg,.jpg,1.6909875869750977,bad852a4a7d6005abf97947fd1fd9be3a650b15549e0cabfb6d0e9d350ec7f95,False,2124,2056,RGB,2124x2056,sem_glaucoma
train,n0151.jpg,D:\OIO+\DATASET_RETINA\01.Originais\GLA (Glaucoma)\REFUGE\REFUGE-Training400\Training400\Non-Glaucoma\n0151.jpg,.jpg,1.6669378280639648,01f67757fea5ecb8574bb9bb155e6d96b8aa462c1561370e9d6f7610b2505cec,False,2124,2056,RGB,2124x2056,sem_glaucoma
train,n0152.jpg,D:\OIO+\DATASET_RETINA\01.Originais\GLA (Glaucoma)\REFUGE\REFUGE-Training400\Training400\Non-Glaucoma\n0152.jpg,.jpg,1.7231359481811523,621ecf60b1496cea6cd229e9c663aa2cca1670926f0ef777e86129cbc236653a,False,2124,2056,RGB,2124x2056,sem_glaucoma
train,n0153.jpg,D:\OIO+\DATASET_RETINA\01.Originais\GLA (Glaucoma)\REFUGE\REFUGE-Training400\Training400\Non-Glaucoma\n0153.jpg,.jpg,1.7106409072875977,5b10b3b8b4700fc858611ba01313fafa851ade5327eab4835b5eb55d8bbd0dd1,False,2124,2056,RGB,2124x2056,sem_glaucoma
train,n0154.jpg,D:\OIO+\DATASET_RETINA\01.Originais\GLA (Glaucoma)\REFUGE\REFUGE-Training400\Training400\Non-Glaucoma\n0154.jpg,.jpg,1.682206153869629,59dd7743e2ac7c0199ffeced00c5eefa7e72c73b5e89bf7b202713da3db877dc,False,2124,2056,RGB,2124x2056,sem_glaucoma
train,n0155.jpg,D:\OIO+\DATASET_RETINA\01.Originais\GLA (Glaucoma)\REFUGE\REFUGE-Training400\Training400\Non-Glaucoma\n0155.jpg,.jpg,1.7101936340332031,a5d57966d559d25292619c6eda77438697993d893f693fb283703ac625bbf01c,False,2124,2056,RGB,2124x2056,sem_glaucoma
train,n0156.jpg,D:\OIO+\DATASET_RETINA\01.Originais\GLA (Glaucoma)\REFUGE\REFUGE-Training400\Training400\Non-Glaucoma\n0156.jpg,.jpg,1.7109718322753906,a737aab91d3887839a80ed154757e8fa45e38f0d76055c9d19a551927489436f,False,2124,2056,RGB,2124x2056,sem_glaucoma
train,n0157.jpg,D:\OIO+\DATASET_RETINA\01.Originais\GLA (Glaucoma)\REFUGE\REFUGE-Training400\Training400\Non-Glaucoma\n0157.jpg,.jpg,1.6820716857910156,2aa6fb16f1e4f5114a6f480d6345334c6bd7b55ae6fc873b33d06435a4504b57,False,2124,2056,RGB,2124x2056,sem_glaucoma
train,n0158.jpg,D:\OIO+\DATASET_RETINA\01.Originais\GLA (Glaucoma)\REFUGE\REFUGE-Training400\Training400\Non-Glaucoma\n0158.jpg,.jpg,1.711533546447754,e88eace7df60949b0465bbd90d3466e4832f9568367f1acc38948f91faa222d5,False,2124,2056,RGB,2124x2056,sem_glaucoma
train,n0159.jpg,D:\OIO+\DATASET_RETINA\01.Originais\GLA (Glaucoma)\REFUGE\REFUGE-Training400\Training400\Non-Glaucoma\n0159.jpg,.jpg,1.9952726364135742,c7fd2e16b2f95ee7ba4ac441f9cfc17e3aac77de78845f0a75053b607f1aee88,False,2124,2056,RGB,2124x2056,sem_glaucoma
train,n0160.jpg,D:\OIO+\DATASET_RETINA\01.Originais\GLA (Glaucoma)\REFUGE\REFUGE-Training400\Training400\Non-Glaucoma\n0160.jpg,.jpg,1.841024398803711,cdca8012c2e4719b6ba47a9ef39cd9f3f300e57887915d40304ca140c5805f1b,False,2124,2056,RGB,2124x2056,sem_glaucoma
train,n0161.jpg,D:\OIO+\DATASET_RETINA\01.Originais\GLA (Glaucoma)\REFUGE\REFUGE-Training400\Training400\Non-Glaucoma\n0161.jpg,.jpg,1.6605033874511719,9d908c82944ad04d3925c1a64e4bc794f3be8194c8b2d25765ee579072007065,False,2124,2056,RGB,2124x2056,sem_glaucoma
train,n0162.jpg,D:\OIO+\DATASET_RETINA\01.Originais\GLA (Glaucoma)\REFUGE\REFUGE-Training400\Training400\Non-Glaucoma\n0162.jpg,.jpg,1.6438407897949219,a313868f2f613ef4dafb81c0633c44eeaac8ba9e283e7b23e46370916cc3afc2,False,2124,2056,RGB,2124x2056,sem_glaucoma
train,n0163.jpg,D:\OIO+\DATASET_RETINA\01.Originais\GLA (Glaucoma)\REFUGE\REFUGE-Training400\Training400\Non-Glaucoma\n0163.jpg,.jpg,1.6649351119995117,234183fe0a13dab58dccdf02146c01bab2a1622dc96050b9f758a4ea5e529dbd,False,2124,2056,RGB,2124x2056,sem_glaucoma
train,n0164.jpg,D:\OIO+\DATASET_RETINA\01.Originais\GLA (Glaucoma)\REFUGE\REFUGE-Training400\Training400\Non-Glaucoma\n0164.jpg,.jpg,1.6276779174804688,adc6fbd26738a4e2013f289883b21c89abd53cddffdc87d64a9ca4f456d6f2a0,False,2124,2056,RGB,2124x2056,sem_glaucoma
train,n0165.jpg,D:\OIO+\DATASET_RETINA\01.Originais\GLA (Glaucoma)\REFUGE\REFUGE-Training400\Training400\Non-Glaucoma\n0165.jpg,.jpg,1.7649660110473633,64ff5b1261251adad6c51edff6117df31234af156dbf1feffd45677a9c56feff,False,2124,2056,RGB,2124x2056,sem_glaucoma
train,n0166.jpg,D:\OIO+\DATASET_RETINA\01.Originais\GLA (Glaucoma)\REFUGE\REFUGE-Training400\Training400\Non-Glaucoma\n0166.jpg,.jpg,1.6791181564331055,6c79aadfc7b02148c666ce482541fa19e81bdbd8aa2f5b354da4fd6e7d8b0aff,False,2124,2056,RGB,2124x2056,sem_glaucoma
train,n0167.jpg,D:\OIO+\DATASET_RETINA\01.Originais\GLA (Glaucoma)\REFUGE\REFUGE-Training400\Training400\Non-Glaucoma\n0167.jpg,.jpg,1.6330022811889648,7b7633c145a0096d5e278ccf97ec5df123ec001d36eb0ef1dfb90ab340f4a570,False,2124,2056,RGB,2124x2056,sem_glaucoma
train,n0168.jpg,D:\OIO+\DATASET_RETINA\01.Originais\GLA (Glaucoma)\REFUGE\REFUGE-Training400\Training400\Non-Glaucoma\n0168.jpg,.jpg,1.7773637771606445,9c8a0a40de696e046cd61af85e284180959e0bfac836417e3351fe4b143ec7ba,False,2124,2056,RGB,2124x2056,sem_glaucoma
train,n0169.jpg,D:\OIO+\DATASET_RETINA\01.Originais\GLA (Glaucoma)\REFUGE\REFUGE-Training400\Training400\Non-Glaucoma\n0169.jpg,.jpg,1.6842432022094727,d30ba690332eb9d88b95c7f0f79b1bd6702b4c812705237e4de1fc37957b60b2,False,2124,2056,RGB,2124x2056,sem_glaucoma
train,n0170.jpg,D:\OIO+\DATASET_RETINA\01.Originais\GLA (Glaucoma)\REFUGE\REFUGE-Training400\Training400\Non-Glaucoma\n0170.jpg,.jpg,1.8047428131103516,d18e130f297f865b4d97fb0a81af8287d333452a8649757e89b0b18b7f481df2,False,2124,2056,RGB,2124x2056,sem_glaucoma
train,n0171.jpg,D:\OIO+\DATASET_RETINA\01.Originais\GLA (Glaucoma)\REFUGE\REFUGE-Training400\Training400\Non-Glaucoma\n0171.jpg,.jpg,1.7996845245361328,6dbe901c74127be231d7961d09acbd0ad4a4389b4b8d45ec29f2910ebacbf2ce,False,2124,2056,RGB,2124x2056,sem_glaucoma
train,n0172.jpg,D:\OIO+\DATASET_RETINA\01.Originais\GLA (Glaucoma)\REFUGE\REFUGE-Training400\Training400\Non-Glaucoma\n0172.jpg,.jpg,1.8143987655639648,af66c7e0e5596f19035a2da530a264908ae6989d9b415b65f5e224dc519c3f77,False,2124,2056,RGB,2124x2056,sem_glaucoma
train,n0173.jpg,D:\OIO+\DATASET_RETINA\01.Originais\GLA (Glaucoma)\REFUGE\REFUGE-Training400\Training400\Non-Glaucoma\n0173.jpg,.jpg,1.8762388229370117,3c0afccee3bc66d03a45145a559afe1e00fff7addfcf213a064eebc6c79d4208,False,2124,2056,RGB,2124x2056,sem_glaucoma
train,n0174.jpg,D:\OIO+\DATASET_RETINA\01.Originais\GLA (Glaucoma)\REFUGE\REFUGE-Training400\Training400\Non-Glaucoma\n0174.jpg,.jpg,1.959397315979004,dd68de520cc90bd35c1c3e51706b38e8e63c70ce442facaacbf740df5f6bb93a,False,2124,2056,RGB,2124x2056,sem_glaucoma
train,n0175.jpg,D:\OIO+\DATASET_RETINA\01.Originais\GLA (Glaucoma)\REFUGE\REFUGE-Training400\Training400\Non-Glaucoma\n0175.jpg,.jpg,1.9569158554077148,3539c9affad4dcbdababc303915441aabdccee316c92b46bdd2f9c563133463a,False,2124,2056,RGB,2124x2056,sem_glaucoma
train,n0176.jpg,D:\OIO+\DATASET_RETINA\01.Originais\GLA (Glaucoma)\REFUGE\REFUGE-Training400\Training400\Non-Glaucoma\n0176.jpg,.jpg,1.6612281799316406,e49291cbd7fd6b04ca124c46f34b13c11fc55f2cedfab2098a541c48151a5f7c,False,2124,2056,RGB,2124x2056,sem_glaucoma
train,n0177.jpg,D:\OIO+\DATASET_RETINA\01.Originais\GLA (Glaucoma)\REFUGE\REFUGE-Training400\Training400\Non-Glaucoma\n0177.jpg,.jpg,1.7454538345336914,ac59d5321b1f1a2d33cd99329918a3e078cf23e374470cb9f33e53a1cd02ed33,False,2124,2056,RGB,2124x2056,sem_glaucoma
train,n0178.jpg,D:\OIO+\DATASET_RETINA\01.Originais\GLA (Glaucoma)\REFUGE\REFUGE-Training400\Training400\Non-Glaucoma\n0178.jpg,.jpg,1.6297273635864258,96ecbc7c77e5ada4acb8468b48c3c9bc36da99776fa616e243086778bace67b0,False,2124,2056,RGB,2124x2056,sem_glaucoma
train,n0179.jpg,D:\OIO+\DATASET_RETINA\01.Originais\GLA (Glaucoma)\REFUGE\REFUGE-Training400\Training400\Non-Glaucoma\n0179.jpg,.jpg,1.7359447479248047,8aef73a4d871313cba34275fd1e196cd8b11a9c1b3d25a0d12f57763ff191d5d,False,2124,2056,RGB,2124x2056,sem_glaucoma
train,n0180.jpg,D:\OIO+\DATASET_RETINA\01.Originais\GLA (Glaucoma)\REFUGE\REFUGE-Training400\Training400\Non-Glaucoma\n0180.jpg,.jpg,1.791879653930664,7a7ab4a808472a5eb7f563c7483377f2b31cf6dbf51a9f88eb36a680524e6d6b,False,2124,2056,RGB,2124x2056,sem_glaucoma
train,n0181.jpg,D:\OIO+\DATASET_RETINA\01.Originais\GLA (Glaucoma)\REFUGE\REFUGE-Training400\Training400\Non-Glaucoma\n0181.jpg,.jpg,1.8042688369750977,ad8c3023359f94d3b5de057fa73a9f1a09471f1971047d51928fadc3b3bcc870,False,2124,2056,RGB,2124x2056,sem_glaucoma
train,n0182.jpg,D:\OIO+\DATASET_RETINA\01.Originais\GLA (Glaucoma)\REFUGE\REFUGE-Training400\Training400\Non-Glaucoma\n0182.jpg,.jpg,1.6599044799804688,237805a9d34259ae63b3bfa035e74adc0bdc2f1f2ba03bf8f06261b6d6210206,False,2124,2056,RGB,2124x2056,sem_glaucoma
train,n0183.jpg,D:\OIO+\DATASET_RETINA\01.Originais\GLA (Glaucoma)\REFUGE\REFUGE-Training400\Training400\Non-Glaucoma\n0183.jpg,.jpg,1.7031784057617188,3a751978d4555376ebf6f4748a9db79df9a26c3ccf6f5890004dc36dad202e5b,False,2124,2056,RGB,2124x2056,sem_glaucoma
train,n0184.jpg,D:\OIO+\DATASET_RETINA\01.Originais\GLA (Glaucoma)\REFUGE\REFUGE-Training400\Training400\Non-Glaucoma\n0184.jpg,.jpg,1.6472644805908203,3b02587f7d464ccf7026a46891b18a4d07e7ef750b7cb57ab85f1652571c3b69,False,2124,2056,RGB,2124x2056,sem_glaucoma
train,n0185.jpg,D:\OIO+\DATASET_RETINA\01.Originais\GLA (Glaucoma)\REFUGE\REFUGE-Training400\Training400\Non-Glaucoma\n0185.jpg,.jpg,1.6933536529541016,afa1c5198a3272018ecf751d06f87ca391b6e314cfa174d044f0505ff4a55227,False,2124,2056,RGB,2124x2056,sem_glaucoma
train,n0186.jpg,D:\OIO+\DATASET_RETINA\01.Originais\GLA (Glaucoma)\REFUGE\REFUGE-Training400\Training400\Non-Glaucoma\n0186.jpg,.jpg,1.6801824569702148,60ba1ea9bd7094570e6ebde0e1e7f093fdd5ae111243a28cda82100d5136dd96,False,2124,2056,RGB,2124x2056,sem_glaucoma
train,n0187.jpg,D:\OIO+\DATASET_RETINA\01.Originais\GLA (Glaucoma)\REFUGE\REFUGE-Training400\Training400\Non-Glaucoma\n0187.jpg,.jpg,1.6635370254516602,96f2c361f15c026d059a4d7e59b09a013934a4022f9d4a254500374416a42438,False,2124,2056,RGB,2124x2056,sem_glaucoma
train,n0188.jpg,D:\OIO+\DATASET_RETINA\01.Originais\GLA (Glaucoma)\REFUGE\REFUGE-Training400\Training400\Non-Glaucoma\n0188.jpg,.jpg,1.714365005493164,746c48ad8c26ca438d6c0bcf0a866ec934312fcbc028de4fe99ad9751aa74838,False,2124,2056,RGB,2124x2056,sem_glaucoma
train,n0189.jpg,D:\OIO+\DATASET_RETINA\01.Originais\GLA (Glaucoma)\REFUGE\REFUGE-Training400\Training400\Non-Glaucoma\n0189.jpg,.jpg,1.7151403427124023,c6452070724b2c6921c133dd2be6ca039080219b1d29323fb8c68d72db574c02,False,2124,2056,RGB,2124x2056,sem_glaucoma
train,n0190.jpg,D:\OIO+\DATASET_RETINA\01.Originais\GLA (Glaucoma)\REFUGE\REFUGE-Training400\Training400\Non-Glaucoma\n0190.jpg,.jpg,1.691676139831543,e0f054a699eadd4225b93a1e484af2036715ae29f2f34743a6d2d51ca0dfa800,False,2124,2056,RGB,2124x2056,sem_glaucoma
train,n0191.jpg,D:\OIO+\DATASET_RETINA\01.Originais\GLA (Glaucoma)\REFUGE\REFUGE-Training400\Training400\Non-Glaucoma\n0191.jpg,.jpg,1.7171926498413086,779cce904d5bb02fa050d51a87a78dd2905dee8cc8a836a293ca082f42b67ae4,False,2124,2056,RGB,2124x2056,sem_glaucoma
train,n0192.jpg,D:\OIO+\DATASET_RETINA\01.Originais\GLA (Glaucoma)\REFUGE\REFUGE-Training400\Training400\Non-Glaucoma\n0192.jpg,.jpg,1.8151073455810547,ff3602f0f6b62ebbb36536a8058e56dc7220daee0773116152e8fd5588b450f1,False,2124,2056,RGB,2124x2056,sem_glaucoma
train,n0193.jpg,D:\OIO+\DATASET_RETINA\01.Originais\GLA (Glaucoma)\REFUGE\REFUGE-Training400\Training400\Non-Glaucoma\n0193.jpg,.jpg,1.732919692993164,35328d63ffa76b3c8a77e3869a4f043454710bf465133f431314559ef1e2caa6,False,2124,2056,RGB,2124x2056,sem_glaucoma
train,n0194.jpg,D:\OIO+\DATASET_RETINA\01.Originais\GLA (Glaucoma)\REFUGE\REFUGE-Training400\Training400\Non-Glaucoma\n0194.jpg,.jpg,1.7882747650146484,729ca95b68d73a4c9e2cb15de19b0a041289d6660903f73b3159f50aa4f7b106,False,2124,2056,RGB,2124x2056,sem_glaucoma
train,n0195.jpg,D:\OIO+\DATASET_RETINA\01.Originais\GLA (Glaucoma)\REFUGE\REFUGE-Training400\Training400\Non-Glaucoma\n0195.jpg,.jpg,1.7321434020996094,7f24c7c27d8eea4b5471bb5da936ac58d5f2484db85ab26ff624371b77b738aa,False,2124,2056,RGB,2124x2056,sem_glaucoma
train,n0196.jpg,D:\OIO+\DATASET_RETINA\01.Originais\GLA (Glaucoma)\REFUGE\REFUGE-Training400\Training400\Non-Glaucoma\n0196.jpg,.jpg,1.8759222030639648,8ea7114b9b50121eae449b672462ca26cbe99ead9e15c5049104173aa5a8e339,False,2124,2056,RGB,2124x2056,sem_glaucoma
train,n0197.jpg,D:\OIO+\DATASET_RETINA\01.Originais\GLA (Glaucoma)\REFUGE\REFUGE-Training400\Training400\Non-Glaucoma\n0197.jpg,.jpg,1.7645988464355469,0fbc5c55699bf7763050cbaac18dc3b70a519cda8e008c98a1c697408bd55f14,False,2124,2056,RGB,2124x2056,sem_glaucoma
train,n0198.jpg,D:\OIO+\DATASET_RETINA\01.Originais\GLA (Glaucoma)\REFUGE\REFUGE-Training400\Training400\Non-Glaucoma\n0198.jpg,.jpg,1.670487403869629,cb45022e2c9595315cf0b0f6ab53f3443c457af99273e53b0e860aca8444bd08,False,2124,2056,RGB,2124x2056,sem_glaucoma
train,n0199.jpg,D:\OIO+\DATASET_RETINA\01.Originais\GLA (Glaucoma)\REFUGE\REFUGE-Training400\Training400\Non-Glaucoma\n0199.jpg,.jpg,1.629277229309082,1e69c57468e95ed8bb97a9924dc66259a31972673b897a9a1540828720d3e713,False,2124,2056,RGB,2124x2056,sem_glaucoma
train,n0200.jpg,D:\OIO+\DATASET_RETINA\01.Originais\GLA (Glaucoma)\REFUGE\REFUGE-Training400\Training400\Non-Glaucoma\n0200.jpg,.jpg,1.8378314971923828,bcf66516353682129b26adef15682d7fcac7ff9df52bb5446eb9e5f1adb1ea8f,False,2124,2056,RGB,2124x2056,sem_glaucoma
train,n0201.jpg,D:\OIO+\DATASET_RETINA\01.Originais\GLA (Glaucoma)\REFUGE\REFUGE-Training400\Training400\Non-Glaucoma\n0201.jpg,.jpg,1.7812881469726562,a8383c73f23031ab25f8418d814e15ebbb87ba58d01e5d763af5750b4278bd76,False,2124,2056,RGB,2124x2056,sem_glaucoma
train,n0202.jpg,D:\OIO+\DATASET_RETINA\01.Originais\GLA (Glaucoma)\REFUGE\REFUGE-Training400\Training400\Non-Glaucoma\n0202.jpg,.jpg,1.7468881607055664,254c6016c140bea9d419c3e9211c6c111461162cd663e2519c1d20a506164cd0,False,2124,2056,RGB,2124x2056,sem_glaucoma
train,n0203.jpg,D:\OIO+\DATASET_RETINA\01.Originais\GLA (Glaucoma)\REFUGE\REFUGE-Training400\Training400\Non-Glaucoma\n0203.jpg,.jpg,1.6784753799438477,153cdcf32d3ca7d7a29845222227034585e9968f749d7af543329fb735c60a13,False,2124,2056,RGB,2124x2056,sem_glaucoma
train,n0204.jpg,D:\OIO+\DATASET_RETINA\01.Originais\GLA (Glaucoma)\REFUGE\REFUGE-Training400\Training400\Non-Glaucoma\n0204.jpg,.jpg,1.7861356735229492,9d57fb8f51da1b6172f64a7f9c9f752bb8f6b71cb8ce1b90c8bf2751f33af805,False,2124,2056,RGB,2124x2056,sem_glaucoma
train,n0205.jpg,D:\OIO+\DATASET_RETINA\01.Originais\GLA (Glaucoma)\REFUGE\REFUGE-Training400\Training400\Non-Glaucoma\n0205.jpg,.jpg,1.728179931640625,c89057787e5c47c0fbba636697e633e1a1f38b1db3bfc17a971776f887767233,False,2124,2056,RGB,2124x2056,sem_glaucoma
train,n0206.jpg,D:\OIO+\DATASET_RETINA\01.Originais\GLA (Glaucoma)\REFUGE\REFUGE-Training400\Training400\Non-Glaucoma\n0206.jpg,.jpg,1.6966886520385742,126d999ba75f0b595e25da1a7ab5263be3cdd7e9e8f61fc547992057925a42af,False,2124,2056,RGB,2124x2056,sem_glaucoma
train,n0207.jpg,D:\OIO+\DATASET_RETINA\01.Originais\GLA (Glaucoma)\REFUGE\REFUGE-Training400\Training400\Non-Glaucoma\n0207.jpg,.jpg,1.7079896926879883,c80b65fcd229bbb4eae27c9fb7f269824b2742e4bd1fdbeda0f5f0223e632f75,False,2124,2056,RGB,2124x2056,sem_glaucoma
train,n0208.jpg,D:\OIO+\DATASET_RETINA\01.Originais\GLA (Glaucoma)\REFUGE\REFUGE-Training400\Training400\Non-Glaucoma\n0208.jpg,.jpg,1.6455726623535156,8de73a93b09bfa6bd95bfffa0b3f6e9eddecc6bbeea58c2d019b93d562eae4ea,False,2124,2056,RGB,2124x2056,sem_glaucoma
train,n0209.jpg,D:\OIO+\DATASET_RETINA\01.Originais\GLA (Glaucoma)\REFUGE\REFUGE-Training400\Training400\Non-Glaucoma\n0209.jpg,.jpg,1.6380910873413086,b747d7e7ab27577e8d55d0597491bf79d293848650b5d99db7584d790eb3c216,False,2124,2056,RGB,2124x2056,sem_glaucoma
train,n0210.jpg,D:\OIO+\DATASET_RETINA\01.Originais\GLA (Glaucoma)\REFUGE\REFUGE-Training400\Training400\Non-Glaucoma\n0210.jpg,.jpg,1.632390022277832,3d3848b09feb45270c40b04613e1fa7dc1ce73c095d644d10da5284d78473878,False,2124,2056,RGB,2124x2056,sem_glaucoma
train,n0211.jpg,D:\OIO+\DATASET_RETINA\01.Originais\GLA (Glaucoma)\REFUGE\REFUGE-Training400\Training400\Non-Glaucoma\n0211.jpg,.jpg,1.7653932571411133,82e20b7889d6c60836236e94e6ff511ab39a63a26db75f72efe3c433f7e3615c,False,2124,2056,RGB,2124x2056,sem_glaucoma
train,n0212.jpg,D:\OIO+\DATASET_RETINA\01.Originais\GLA (Glaucoma)\REFUGE\REFUGE-Training400\Training400\Non-Glaucoma\n0212.jpg,.jpg,1.8737611770629883,514e3c6592a2e5cc75af4aadc2ee51f177adf0893574d88a5ae109afa21357be,False,2124,2056,RGB,2124x2056,sem_glaucoma
train,n0213.jpg,D:\OIO+\DATASET_RETINA\01.Originais\GLA (Glaucoma)\REFUGE\REFUGE-Training400\Training400\Non-Glaucoma\n0213.jpg,.jpg,1.7188291549682617,0122508972d8173d2126f5a7b0d4c9e52b48ec19b31f2261c983731b03d0be32,False,2124,2056,RGB,2124x2056,sem_glaucoma
train,n0214.jpg,D:\OIO+\DATASET_RETINA\01.Originais\GLA (Glaucoma)\REFUGE\REFUGE-Training400\Training400\Non-Glaucoma\n0214.jpg,.jpg,1.6871986389160156,628a1e11f7788315c5d65dea0c629197e62860e8da1b7750f4681196ad488157,False,2124,2056,RGB,2124x2056,sem_glaucoma
train,n0215.jpg,D:\OIO+\DATASET_RETINA\01.Originais\GLA (Glaucoma)\REFUGE\REFUGE-Training400\Training400\Non-Glaucoma\n0215.jpg,.jpg,1.687241554260254,0bf78a7b452c45957847f4e36a9ae982bf9b18b2875a95fce5682d9a9357ffc3,False,2124,2056,RGB,2124x2056,sem_glaucoma
train,n0216.jpg,D:\OIO+\DATASET_RETINA\01.Originais\GLA (Glaucoma)\REFUGE\REFUGE-Training400\Training400\Non-Glaucoma\n0216.jpg,.jpg,1.6327409744262695,70cccd832c3540142b543de4b8b4355214f194048395c0dae092aa7a5a3d3883,False,2124,2056,RGB,2124x2056,sem_glaucoma
train,n0217.jpg,D:\OIO+\DATASET_RETINA\01.Originais\GLA (Glaucoma)\REFUGE\REFUGE-Training400\Training400\Non-Glaucoma\n0217.jpg,.jpg,1.747161865234375,fff4e7c1277330629c781f6af7aa83faaec77662192729cce4c69709a8408f63,False,2124,2056,RGB,2124x2056,sem_glaucoma
train,n0218.jpg,D:\OIO+\DATASET_RETINA\01.Originais\GLA (Glaucoma)\REFUGE\REFUGE-Training400\Training400\Non-Glaucoma\n0218.jpg,.jpg,1.817413330078125,ccf232a187abdde2736a24e90b92889020fd393a521ad9122b6cd1c99866df7e,False,2124,2056,RGB,2124x2056,sem_glaucoma
train,n0219.jpg,D:\OIO+\DATASET_RETINA\01.Originais\GLA (Glaucoma)\REFUGE\REFUGE-Training400\Training400\Non-Glaucoma\n0219.jpg,.jpg,1.9588193893432617,25e088fdd100e83472f586c79c42b82473801efe17a27ba9ebed53d9342f6885,False,2124,2056,RGB,2124x2056,sem_glaucoma
train,n0220.jpg,D:\OIO+\DATASET_RETINA\01.Originais\GLA (Glaucoma)\REFUGE\REFUGE-Training400\Training400\Non-Glaucoma\n0220.jpg,.jpg,1.6471328735351562,705ec2784c647d9260d463ffc008103c4725bedb769c6fedaf63984d0327b1e3,False,2124,2056,RGB,2124x2056,sem_glaucoma
train,n0221.jpg,D:\OIO+\DATASET_RETINA\01.Originais\GLA (Glaucoma)\REFUGE\REFUGE-Training400\Training400\Non-Glaucoma\n0221.jpg,.jpg,1.7456483840942383,a3bd5bc906880178b18b660c42d6eb7aca3354cb28617a6789b38ed4e01c75ab,False,2124,2056,RGB,2124x2056,sem_glaucoma
train,n0222.jpg,D:\OIO+\DATASET_RETINA\01.Originais\GLA (Glaucoma)\REFUGE\REFUGE-Training400\Training400\Non-Glaucoma\n0222.jpg,.jpg,1.7251110076904297,7f405f390b6d27673c19be8a43a4c907d250b9d774fad3a1f607ccdcc446220a,False,2124,2056,RGB,2124x2056,sem_glaucoma
train,n0223.jpg,D:\OIO+\DATASET_RETINA\01.Originais\GLA (Glaucoma)\REFUGE\REFUGE-Training400\Training400\Non-Glaucoma\n0223.jpg,.jpg,1.910390853881836,afdaf7ae0bcda70dab42b5a0169760388bb2b71b5d749df4941d93893ee72622,False,2124,2056,RGB,2124x2056,sem_glaucoma
train,n0224.jpg,D:\OIO+\DATASET_RETINA\01.Originais\GLA (Glaucoma)\REFUGE\REFUGE-Training400\Training400\Non-Glaucoma\n0224.jpg,.jpg,1.678593635559082,c18027cb333df989bf3ebf45336f9c16b261c9b9cfb5a896d7513e6bd30a9382,False,2124,2056,RGB,2124x2056,sem_glaucoma
train,n0225.jpg,D:\OIO+\DATASET_RETINA\01.Originais\GLA (Glaucoma)\REFUGE\REFUGE-Training400\Training400\Non-Glaucoma\n0225.jpg,.jpg,1.8207454681396484,f5d0b38caec90d4de72a580127cb30c99588110d65fd81388cca21cff730f25e,False,2124,2056,RGB,2124x2056,sem_glaucoma
train,n0226.jpg,D:\OIO+\DATASET_RETINA\01.Originais\GLA (Glaucoma)\REFUGE\REFUGE-Training400\Training400\Non-Glaucoma\n0226.jpg,.jpg,1.8359975814819336,a6015dd7b7dac133b2861bacfbb818f2a610741f7f9ba8db3611d5f23a36e6b0,False,2124,2056,RGB,2124x2056,sem_glaucoma
train,n0227.jpg,D:\OIO+\DATASET_RETINA\01.Originais\GLA (Glaucoma)\REFUGE\REFUGE-Training400\Training400\Non-Glaucoma\n0227.jpg,.jpg,1.7221746444702148,0d6b86548b5c9e6ac9d5a29e2f49c42fc0b166c2f33c141e4b67ae037ef7b003,False,2124,2056,RGB,2124x2056,sem_glaucoma
train,n0228.jpg,D:\OIO+\DATASET_RETINA\01.Originais\GLA (Glaucoma)\REFUGE\REFUGE-Training400\Training400\Non-Glaucoma\n0228.jpg,.jpg,1.687485694885254,b0581e86f0c27adf5b1a11137e45470dd657bdd562e8ab552c4c343ed392b704,False,2124,2056,RGB,2124x2056,sem_glaucoma
train,n0229.jpg,D:\OIO+\DATASET_RETINA\01.Originais\GLA (Glaucoma)\REFUGE\REFUGE-Training400\Training400\Non-Glaucoma\n0229.jpg,.jpg,1.8157072067260742,1157da150b5b6276151788196310d619b5827c34c75c0088cd9ba55e3576ab4e,False,2124,2056,RGB,2124x2056,sem_glaucoma
train,n0230.jpg,D:\OIO+\DATASET_RETINA\01.Originais\GLA (Glaucoma)\REFUGE\REFUGE-Training400\Training400\Non-Glaucoma\n0230.jpg,.jpg,1.7443742752075195,13f44ab5e54d1402f0baf9723dd0a3dea44e2daf680beb84d6f678c941098987,False,2124,2056,RGB,2124x2056,sem_glaucoma
train,n0231.jpg,D:\OIO+\DATASET_RETINA\01.Originais\GLA (Glaucoma)\REFUGE\REFUGE-Training400\Training400\Non-Glaucoma\n0231.jpg,.jpg,1.698556900024414,8a97522d5bbd7b9c533be0d1ea43027eb23af10c437729c59a64ebc356f846bf,False,2124,2056,RGB,2124x2056,sem_glaucoma
train,n0232.jpg,D:\OIO+\DATASET_RETINA\01.Originais\GLA (Glaucoma)\REFUGE\REFUGE-Training400\Training400\Non-Glaucoma\n0232.jpg,.jpg,1.6313104629516602,cfa59c0b1abb5ac24778cb5a11b73e3306c5fc6531ff2f3a9981b9d09550868c,False,2124,2056,RGB,2124x2056,sem_glaucoma
train,n0233.jpg,D:\OIO+\DATASET_RETINA\01.Originais\GLA (Glaucoma)\REFUGE\REFUGE-Training400\Training400\Non-Glaucoma\n0233.jpg,.jpg,1.6478757858276367,773161741e58e60959dee3c5438c8d6a6382c89576812c5692f8ae0b927a7024,False,2124,2056,RGB,2124x2056,sem_glaucoma
train,n0234.jpg,D:\OIO+\DATASET_RETINA\01.Originais\GLA (Glaucoma)\REFUGE\REFUGE-Training400\Training400\Non-Glaucoma\n0234.jpg,.jpg,1.6471796035766602,e3b12ce4d1c04471f4a34414fba60290345c3ae73e9081ef77b68c281cea5f3b,False,2124,2056,RGB,2124x2056,sem_glaucoma
train,n0235.jpg,D:\OIO+\DATASET_RETINA\01.Originais\GLA (Glaucoma)\REFUGE\REFUGE-Training400\Training400\Non-Glaucoma\n0235.jpg,.jpg,1.644540786743164,09987b5b8f178b9bc358ac226a4e629b42df480c807c981368d1a6e4f8027628,False,2124,2056,RGB,2124x2056,sem_glaucoma
train,n0236.jpg,D:\OIO+\DATASET_RETINA\01.Originais\GLA (Glaucoma)\REFUGE\REFUGE-Training400\Training400\Non-Glaucoma\n0236.jpg,.jpg,1.7620201110839844,3c4cce8ac2a54705605bfe6f6669fd2533ad389c675353c7dfd41020a7d3a4b8,False,2124,2056,RGB,2124x2056,sem_glaucoma
train,n0237.jpg,D:\OIO+\DATASET_RETINA\01.Originais\GLA (Glaucoma)\REFUGE\REFUGE-Training400\Training400\Non-Glaucoma\n0237.jpg,.jpg,1.691415786743164,8f4239e65cbf076fc3554d54e40f8378b59c19c0429d1fe66bafb257e00d3baa,False,2124,2056,RGB,2124x2056,sem_glaucoma
train,n0238.jpg,D:\OIO+\DATASET_RETINA\01.Originais\GLA (Glaucoma)\REFUGE\REFUGE-Training400\Training400\Non-Glaucoma\n0238.jpg,.jpg,1.745081901550293,434e62a1f61dd220796449ac7049abf3be7004287e6760fc2d20efaeac50154b,False,2124,2056,RGB,2124x2056,sem_glaucoma
train,n0239.jpg,D:\OIO+\DATASET_RETINA\01.Originais\GLA (Glaucoma)\REFUGE\REFUGE-Training400\Training400\Non-Glaucoma\n0239.jpg,.jpg,1.7657012939453125,5b1593dbfa9cfb5db2b19a08420e6860b825ac32cd81cd6c7694501a9815600e,False,2124,2056,RGB,2124x2056,sem_glaucoma
train,n0240.jpg,D:\OIO+\DATASET_RETINA\01.Originais\GLA (Glaucoma)\REFUGE\REFUGE-Training400\Training400\Non-Glaucoma\n0240.jpg,.jpg,1.6589860916137695,2d5e49b25a6ffa3e95b12c861a94c30a9806809f591f65c1e91cbd788754d855,False,2124,2056,RGB,2124x2056,sem_glaucoma
train,n0241.jpg,D:\OIO+\DATASET_RETINA\01.Originais\GLA (Glaucoma)\REFUGE\REFUGE-Training400\Training400\Non-Glaucoma\n0241.jpg,.jpg,1.7040023803710938,db3677a980a51a580dbd739295e86913940f4c587fd5f7e85cdbc71b8fece6a6,False,2124,2056,RGB,2124x2056,sem_glaucoma
train,n0242.jpg,D:\OIO+\DATASET_RETINA\01.Originais\GLA (Glaucoma)\REFUGE\REFUGE-Training400\Training400\Non-Glaucoma\n0242.jpg,.jpg,1.6506586074829102,42826cd189c14efb38d7487d2ad665b534ecd5950797646f0a303e0568a6923b,False,2124,2056,RGB,2124x2056,sem_glaucoma
train,n0243.jpg,D:\OIO+\DATASET_RETINA\01.Originais\GLA (Glaucoma)\REFUGE\REFUGE-Training400\Training400\Non-Glaucoma\n0243.jpg,.jpg,1.7898073196411133,3d041e8827f352028f09bc44eee6c8871ccfd2cf1bf98d02ee1cc93dc8d447f8,False,2124,2056,RGB,2124x2056,sem_glaucoma
train,n0244.jpg,D:\OIO+\DATASET_RETINA\01.Originais\GLA (Glaucoma)\REFUGE\REFUGE-Training400\Training400\Non-Glaucoma\n0244.jpg,.jpg,1.713094711303711,6e2e3326e6e04f4eac666040e8a5fd36f9cad9c39318b40d37a58b2e68146362,False,2124,2056,RGB,2124x2056,sem_glaucoma
train,n0245.jpg,D:\OIO+\DATASET_RETINA\01.Originais\GLA (Glaucoma)\REFUGE\REFUGE-Training400\Training400\Non-Glaucoma\n0245.jpg,.jpg,1.5981054306030273,2ef541b52a1b5fdd41c1663ebc6ef6b14330f927f715f065ee33f7cf072ea75a,False,2124,2056,RGB,2124x2056,sem_glaucoma
train,n0246.jpg,D:\OIO+\DATASET_RETINA\01.Originais\GLA (Glaucoma)\REFUGE\REFUGE-Training400\Training400\Non-Glaucoma\n0246.jpg,.jpg,1.7070274353027344,725038124474127bcbf74674af5359e30d1147ffd49b4efa144e6d430f554874,False,2124,2056,RGB,2124x2056,sem_glaucoma
train,n0247.jpg,D:\OIO+\DATASET_RETINA\01.Originais\GLA (Glaucoma)\REFUGE\REFUGE-Training400\Training400\Non-Glaucoma\n0247.jpg,.jpg,1.6819877624511719,ce973ef8d158b238aaa1a36bb836699a8c135f8b92c62860a2e0a3feae343b46,False,2124,2056,RGB,2124x2056,sem_glaucoma
train,n0248.jpg,D:\OIO+\DATASET_RETINA\01.Originais\GLA (Glaucoma)\REFUGE\REFUGE-Training400\Training400\Non-Glaucoma\n0248.jpg,.jpg,1.670517921447754,b582c8bdbf2f466f35abf7d672f5ff7349e5eeddb354fdf3b6f2aa5c98c7acd4,False,2124,2056,RGB,2124x2056,sem_glaucoma
train,n0249.jpg,D:\OIO+\DATASET_RETINA\01.Originais\GLA (Glaucoma)\REFUGE\REFUGE-Training400\Training400\Non-Glaucoma\n0249.jpg,.jpg,1.6611766815185547,7c26b7de1c281f632dacee2ab6a8c3537f63a383951a108bf998ff0997a0a39a,False,2124,2056,RGB,2124x2056,sem_glaucoma
train,n0250.jpg,D:\OIO+\DATASET_RETINA\01.Originais\GLA (Glaucoma)\REFUGE\REFUGE-Training400\Training400\Non-Glaucoma\n0250.jpg,.jpg,1.7289915084838867,4a5435663a090ce68a8dbbe168384d01da331cef5fc22d2f1196193663be941a,False,2124,2056,RGB,2124x2056,sem_glaucoma
train,n0251.jpg,D:\OIO+\DATASET_RETINA\01.Originais\GLA (Glaucoma)\REFUGE\REFUGE-Training400\Training400\Non-Glaucoma\n0251.jpg,.jpg,1.6963472366333008,b327a91ecfedd55cf8af914cb164fb61fa66d318408cc3733dffdd265e851734,False,2124,2056,RGB,2124x2056,sem_glaucoma
train,n0252.jpg,D:\OIO+\DATASET_RETINA\01.Originais\GLA (Glaucoma)\REFUGE\REFUGE-Training400\Training400\Non-Glaucoma\n0252.jpg,.jpg,1.6581125259399414,64b11901fdbecd971d5c46899ea0138e6b277c2beb26656246de0bf7ba0875ad,False,2124,2056,RGB,2124x2056,sem_glaucoma
train,n0253.jpg,D:\OIO+\DATASET_RETINA\01.Originais\GLA (Glaucoma)\REFUGE\REFUGE-Training400\Training400\Non-Glaucoma\n0253.jpg,.jpg,1.6490650177001953,e3be1d221d3255c3abded293a1935b8bf25447c816940b5632a7de9586560f22,False,2124,2056,RGB,2124x2056,sem_glaucoma
train,n0254.jpg,D:\OIO+\DATASET_RETINA\01.Originais\GLA (Glaucoma)\REFUGE\REFUGE-Training400\Training400\Non-Glaucoma\n0254.jpg,.jpg,1.7612800598144531,2736cfab2f57592da33279a08f340c2039c0ffb04a1edaac268d94557e400ca5,False,2124,2056,RGB,2124x2056,sem_glaucoma
train,n0255.jpg,D:\OIO+\DATASET_RETINA\01.Originais\GLA (Glaucoma)\REFUGE\REFUGE-Training400\Training400\Non-Glaucoma\n0255.jpg,.jpg,1.6715898513793945,ae4ff0a513cedeeb0b5ac71844980e5b0c01ee3887a25b73e1b547c04e206944,False,2124,2056,RGB,2124x2056,sem_glaucoma
train,n0256.jpg,D:\OIO+\DATASET_RETINA\01.Originais\GLA (Glaucoma)\REFUGE\REFUGE-Training400\Training400\Non-Glaucoma\n0256.jpg,.jpg,1.6926393508911133,2d48db3f8f769c23a2365c6c2a1013dfa7e464f9335f1bfe2079d8c271a4496c,False,2124,2056,RGB,2124x2056,sem_glaucoma
train,n0257.jpg,D:\OIO+\DATASET_RETINA\01.Originais\GLA (Glaucoma)\REFUGE\REFUGE-Training400\Training400\Non-Glaucoma\n0257.jpg,.jpg,1.6673078536987305,418e4fc77b26e868d7ba357748fb764dc0601634282d366f4d0b5234242091a3,False,2124,2056,RGB,2124x2056,sem_glaucoma
train,n0258.jpg,D:\OIO+\DATASET_RETINA\01.Originais\GLA (Glaucoma)\REFUGE\REFUGE-Training400\Training400\Non-Glaucoma\n0258.jpg,.jpg,1.6728687286376953,5616b4a517fc30e86e9a1f85acce2b9d9ac87afc09d82174721914ce027e48c8,False,2124,2056,RGB,2124x2056,sem_glaucoma
train,n0259.jpg,D:\OIO+\DATASET_RETINA\01.Originais\GLA (Glaucoma)\REFUGE\REFUGE-Training400\Training400\Non-Glaucoma\n0259.jpg,.jpg,1.6283464431762695,110befd8a53b42c413ae4b78edaebe11871b7864ba7fc767362b1c77bb5bc583,False,2124,2056,RGB,2124x2056,sem_glaucoma
train,n0260.jpg,D:\OIO+\DATASET_RETINA\01.Originais\GLA (Glaucoma)\REFUGE\REFUGE-Training400\Training400\Non-Glaucoma\n0260.jpg,.jpg,1.6964502334594727,a4636be899ec90b7340355dcd397c7e5f44848764764641ac2ad52f2da74e559,False,2124,2056,RGB,2124x2056,sem_glaucoma
train,n0261.jpg,D:\OIO+\DATASET_RETINA\01.Originais\GLA (Glaucoma)\REFUGE\REFUGE-Training400\Training400\Non-Glaucoma\n0261.jpg,.jpg,1.6717185974121094,53f4b59d651eb79fb9acb0f19fde155129f8191281cb0e8ec02f984ecebab90a,False,2124,2056,RGB,2124x2056,sem_glaucoma
train,n0262.jpg,D:\OIO+\DATASET_RETINA\01.Originais\GLA (Glaucoma)\REFUGE\REFUGE-Training400\Training400\Non-Glaucoma\n0262.jpg,.jpg,1.64837646484375,78973c70d46993a57861d964ca1442c205ba0e1cf646dafb60566ff17622ea36,False,2124,2056,RGB,2124x2056,sem_glaucoma
train,n0263.jpg,D:\OIO+\DATASET_RETINA\01.Originais\GLA (Glaucoma)\REFUGE\REFUGE-Training400\Training400\Non-Glaucoma\n0263.jpg,.jpg,1.6193265914916992,62083f2aa5cf0e79ce2e00b864c1b17fceb752341ff0cf6665b8a02273424f97,False,2124,2056,RGB,2124x2056,sem_glaucoma
train,n0264.jpg,D:\OIO+\DATASET_RETINA\01.Originais\GLA (Glaucoma)\REFUGE\REFUGE-Training400\Training400\Non-Glaucoma\n0264.jpg,.jpg,1.676858901977539,e1181136f760bb39d15475f494cf023e1c9547a2c7fb1092d4cd09285d8b6698,False,2124,2056,RGB,2124x2056,sem_glaucoma
train,n0265.jpg,D:\OIO+\DATASET_RETINA\01.Originais\GLA (Glaucoma)\REFUGE\REFUGE-Training400\Training400\Non-Glaucoma\n0265.jpg,.jpg,1.6633262634277344,85653fff4dbc54db28ff912810426139814b4a6ed4b60bda928a00e035666f72,False,2124,2056,RGB,2124x2056,sem_glaucoma
train,n0266.jpg,D:\OIO+\DATASET_RETINA\01.Originais\GLA (Glaucoma)\REFUGE\REFUGE-Training400\Training400\Non-Glaucoma\n0266.jpg,.jpg,1.7130928039550781,8c69e75f0b440e96e1442ba8f6dd26237852d6cb95387c20353bfb3aedf603d1,False,2124,2056,RGB,2124x2056,sem_glaucoma
train,n0267.jpg,D:\OIO+\DATASET_RETINA\01.Originais\GLA (Glaucoma)\REFUGE\REFUGE-Training400\Training400\Non-Glaucoma\n0267.jpg,.jpg,1.7806205749511719,262d68b3962f8a098593eecfcb7b99472023757998726c65cafdbb01c42fee71,False,2124,2056,RGB,2124x2056,sem_glaucoma
train,n0268.jpg,D:\OIO+\DATASET_RETINA\01.Originais\GLA (Glaucoma)\REFUGE\REFUGE-Training400\Training400\Non-Glaucoma\n0268.jpg,.jpg,1.7085447311401367,f50e90e6c1516d3aa14886a85c510f709a0af25d12729ff7030420c676d1352c,False,2124,2056,RGB,2124x2056,sem_glaucoma
train,n0269.jpg,D:\OIO+\DATASET_RETINA\01.Originais\GLA (Glaucoma)\REFUGE\REFUGE-Training400\Training400\Non-Glaucoma\n0269.jpg,.jpg,1.6501684188842773,2042f663c78cc0f929e4f370ce737ebeb9fee3fb1a1822001a50145146a56b13,False,2124,2056,RGB,2124x2056,sem_glaucoma
train,n0270.jpg,D:\OIO+\DATASET_RETINA\01.Originais\GLA (Glaucoma)\REFUGE\REFUGE-Training400\Training400\Non-Glaucoma\n0270.jpg,.jpg,1.667287826538086,7e6867f6c01acaf8f9f4cb65b94d0d5a758885cac04157f0e974ef04fcf44d9f,False,2124,2056,RGB,2124x2056,sem_glaucoma
train,n0271.jpg,D:\OIO+\DATASET_RETINA\01.Originais\GLA (Glaucoma)\REFUGE\REFUGE-Training400\Training400\Non-Glaucoma\n0271.jpg,.jpg,1.7776966094970703,cd36648ebbe8fca715cae5df2b86d1d454ba7687935ecac6079da168477d52b1,False,2124,2056,RGB,2124x2056,sem_glaucoma
train,n0272.jpg,D:\OIO+\DATASET_RETINA\01.Originais\GLA (Glaucoma)\REFUGE\REFUGE-Training400\Training400\Non-Glaucoma\n0272.jpg,.jpg,1.7361125946044922,74d5e3964093f1934957f5bd661bb0de7a667ce4c8493eda69c1dbcf66bbeb7e,False,2124,2056,RGB,2124x2056,sem_glaucoma
train,n0273.jpg,D:\OIO+\DATASET_RETINA\01.Originais\GLA (Glaucoma)\REFUGE\REFUGE-Training400\Training400\Non-Glaucoma\n0273.jpg,.jpg,1.79962158203125,8a8b84573376284841cc45164babf64440da67303fcdfbd72bda6cee86c16315,False,2124,2056,RGB,2124x2056,sem_glaucoma
train,n0274.jpg,D:\OIO+\DATASET_RETINA\01.Originais\GLA (Glaucoma)\REFUGE\REFUGE-Training400\Training400\Non-Glaucoma\n0274.jpg,.jpg,1.689620018005371,a35f9f011a8fa92f75677ebd3c62d140ab147b309e834ca53690c5d3f5f3e637,False,2124,2056,RGB,2124x2056,sem_glaucoma
train,n0275.jpg,D:\OIO+\DATASET_RETINA\01.Originais\GLA (Glaucoma)\REFUGE\REFUGE-Training400\Training400\Non-Glaucoma\n0275.jpg,.jpg,1.700754165649414,0ccbc35f50ecf93a0d4659b80c32befcb28d73c1574ea0f60ad8484690e76ba2,False,2124,2056,RGB,2124x2056,sem_glaucoma
train,n0276.jpg,D:\OIO+\DATASET_RETINA\01.Originais\GLA (Glaucoma)\REFUGE\REFUGE-Training400\Training400\Non-Glaucoma\n0276.jpg,.jpg,1.6543407440185547,57204f1a371983a12770a8c745853b73851ff787b94022106319b70e316bb3e1,False,2124,2056,RGB,2124x2056,sem_glaucoma
train,n0277.jpg,D:\OIO+\DATASET_RETINA\01.Originais\GLA (Glaucoma)\REFUGE\REFUGE-Training400\Training400\Non-Glaucoma\n0277.jpg,.jpg,1.7770662307739258,3c12d73273a7fb7c2252cbb77469c6ecdf382fb2d78bb9604fc1e1aa0e4f6ab1,False,2124,2056,RGB,2124x2056,sem_glaucoma
train,n0278.jpg,D:\OIO+\DATASET_RETINA\01.Originais\GLA (Glaucoma)\REFUGE\REFUGE-Training400\Training400\Non-Glaucoma\n0278.jpg,.jpg,1.6878414154052734,bb7dc1428b23c4db18969b4dcab8ba660c5cbd4291ed25ad9eb878da0e451184,False,2124,2056,RGB,2124x2056,sem_glaucoma
train,n0279.jpg,D:\OIO+\DATASET_RETINA\01.Originais\GLA (Glaucoma)\REFUGE\REFUGE-Training400\Training400\Non-Glaucoma\n0279.jpg,.jpg,1.6802339553833008,161fa858130793c751e7bbfc0b136f781076c430f96fee40924a09eceb8796e1,False,2124,2056,RGB,2124x2056,sem_glaucoma
train,n0280.jpg,D:\OIO+\DATASET_RETINA\01.Originais\GLA (Glaucoma)\REFUGE\REFUGE-Training400\Training400\Non-Glaucoma\n0280.jpg,.jpg,1.7841987609863281,73e36bf983dfb9f1d6728d81a5a8a18ce8f62e7b83c4b1b1ce4f6ea0efe1e2b2,False,2124,2056,RGB,2124x2056,sem_glaucoma
train,n0281.jpg,D:\OIO+\DATASET_RETINA\01.Originais\GLA (Glaucoma)\REFUGE\REFUGE-Training400\Training400\Non-Glaucoma\n0281.jpg,.jpg,1.6791229248046875,109f77a7210f8920afebf10ef9496fe43b5e9ca250e4603982bc67fb99bce90b,False,2124,2056,RGB,2124x2056,sem_glaucoma
train,n0282.jpg,D:\OIO+\DATASET_RETINA\01.Originais\GLA (Glaucoma)\REFUGE\REFUGE-Training400\Training400\Non-Glaucoma\n0282.jpg,.jpg,1.6295843124389648,a070c792f0b704375e61b768dce35c8d976dcb8ce00d05ac12138d12b6d321a1,False,2124,2056,RGB,2124x2056,sem_glaucoma
train,n0283.jpg,D:\OIO+\DATASET_RETINA\01.Originais\GLA (Glaucoma)\REFUGE\REFUGE-Training400\Training400\Non-Glaucoma\n0283.jpg,.jpg,1.640049934387207,312ebf6d236f5e76208603b5baac38703545f95e2bb5812c8d81783feb957014,False,2124,2056,RGB,2124x2056,sem_glaucoma
train,n0284.jpg,D:\OIO+\DATASET_RETINA\01.Originais\GLA (Glaucoma)\REFUGE\REFUGE-Training400\Training400\Non-Glaucoma\n0284.jpg,.jpg,1.6360816955566406,67be2dfd36b63597325c00c70d8443c5526fced65f64de9e8bd484baac6cc9b5,False,2124,2056,RGB,2124x2056,sem_glaucoma
train,n0285.jpg,D:\OIO+\DATASET_RETINA\01.Originais\GLA (Glaucoma)\REFUGE\REFUGE-Training400\Training400\Non-Glaucoma\n0285.jpg,.jpg,1.7768001556396484,38aeab0c52af8d62e3d6e53cd5b01b01081b85306fb4b5d7fd795abeda63fc27,False,2124,2056,RGB,2124x2056,sem_glaucoma
train,n0286.jpg,D:\OIO+\DATASET_RETINA\01.Originais\GLA (Glaucoma)\REFUGE\REFUGE-Training400\Training400\Non-Glaucoma\n0286.jpg,.jpg,1.7105579376220703,3881e3cd5dd8675905a681cc21f197611c52d708234fc72077e1448f7f491f3c,False,2124,2056,RGB,2124x2056,sem_glaucoma
train,n0287.jpg,D:\OIO+\DATASET_RETINA\01.Originais\GLA (Glaucoma)\REFUGE\REFUGE-Training400\Training400\Non-Glaucoma\n0287.jpg,.jpg,1.73858642578125,aee385de35ab84fb98aaf9e147d1801e432b73417f7cec5ee29d5ed5f4f3bb0a,False,2124,2056,RGB,2124x2056,sem_glaucoma
train,n0288.jpg,D:\OIO+\DATASET_RETINA\01.Originais\GLA (Glaucoma)\REFUGE\REFUGE-Training400\Training400\Non-Glaucoma\n0288.jpg,.jpg,1.6830434799194336,8c01c5cd422ac2440c92de99f2d28396f8b2e482522e2795dde0a0e64b5b16d5,False,2124,2056,RGB,2124x2056,sem_glaucoma
train,n0289.jpg,D:\OIO+\DATASET_RETINA\01.Originais\GLA (Glaucoma)\REFUGE\REFUGE-Training400\Training400\Non-Glaucoma\n0289.jpg,.jpg,1.6339654922485352,e2c35bcc98fcb21e350172e9da8644896e590c45867dcc5240b0954f8df45c1a,False,2124,2056,RGB,2124x2056,sem_glaucoma
train,n0290.jpg,D:\OIO+\DATASET_RETINA\01.Originais\GLA (Glaucoma)\REFUGE\REFUGE-Training400\Training400\Non-Glaucoma\n0290.jpg,.jpg,1.6430349349975586,619893f4ee6285426b18c8f76207a01c4ceee81d54e3f95ccea9a32285bae05c,False,2124,2056,RGB,2124x2056,sem_glaucoma
train,n0291.jpg,D:\OIO+\DATASET_RETINA\01.Originais\GLA (Glaucoma)\REFUGE\REFUGE-Training400\Training400\Non-Glaucoma\n0291.jpg,.jpg,1.778726577758789,292b9e21473cbf08cfcea7c186f0bdd9b99cf2ffcb3293e35fda0cbfada622a5,False,2124,2056,RGB,2124x2056,sem_glaucoma
train,n0292.jpg,D:\OIO+\DATASET_RETINA\01.Originais\GLA (Glaucoma)\REFUGE\REFUGE-Training400\Training400\Non-Glaucoma\n0292.jpg,.jpg,1.724949836730957,5eef079019e904f12d654b187936e62f5428cea197d2290cdfd407a7b3f1225a,False,2124,2056,RGB,2124x2056,sem_glaucoma
train,n0293.jpg,D:\OIO+\DATASET_RETINA\01.Originais\GLA (Glaucoma)\REFUGE\REFUGE-Training400\Training400\Non-Glaucoma\n0293.jpg,.jpg,1.688338279724121,225d1c16a9fc58bc8454a9c241fca17db8e8d0698a5a98787148e1505dc879f5,False,2124,2056,RGB,2124x2056,sem_glaucoma
train,n0294.jpg,D:\OIO+\DATASET_RETINA\01.Originais\GLA (Glaucoma)\REFUGE\REFUGE-Training400\Training400\Non-Glaucoma\n0294.jpg,.jpg,1.6628427505493164,a04704d8efbfd573474e2a8dfb8898bdfda046f717841f527d6e2d43b082745e,False,2124,2056,RGB,2124x2056,sem_glaucoma
train,n0295.jpg,D:\OIO+\DATASET_RETINA\01.Originais\GLA (Glaucoma)\REFUGE\REFUGE-Training400\Training400\Non-Glaucoma\n0295.jpg,.jpg,1.7213830947875977,5de2491b8157d522ee2ce4a6a579666d4372360f93f3440694dcbf72d7812d9e,False,2124,2056,RGB,2124x2056,sem_glaucoma
train,n0296.jpg,D:\OIO+\DATASET_RETINA\01.Originais\GLA (Glaucoma)\REFUGE\REFUGE-Training400\Training400\Non-Glaucoma\n0296.jpg,.jpg,1.7588081359863281,0d87d2407c0c953d036cf1c0241d596cc5b54fffd20bb65c787f370b3d65f3a8,False,2124,2056,RGB,2124x2056,sem_glaucoma
train,n0297.jpg,D:\OIO+\DATASET_RETINA\01.Originais\GLA (Glaucoma)\REFUGE\REFUGE-Training400\Training400\Non-Glaucoma\n0297.jpg,.jpg,1.6896696090698242,b0b4651def46296bb9138d417a5fdb6415882b4c7de4390fa27eefe7c41a5435,False,2124,2056,RGB,2124x2056,sem_glaucoma
train,n0298.jpg,D:\OIO+\DATASET_RETINA\01.Originais\GLA (Glaucoma)\REFUGE\REFUGE-Training400\Training400\Non-Glaucoma\n0298.jpg,.jpg,1.741368293762207,4b69a5731d8bdd6a6b8dc9091df9e8a383d683c56b454563908319a69bb03f25,False,2124,2056,RGB,2124x2056,sem_glaucoma
train,n0299.jpg,D:\OIO+\DATASET_RETINA\01.Originais\GLA (Glaucoma)\REFUGE\REFUGE-Training400\Training400\Non-Glaucoma\n0299.jpg,.jpg,1.7016448974609375,5698195f075ad91dba30a92032d482619f328d3dc609e302fd568dee950aad83,False,2124,2056,RGB,2124x2056,sem_glaucoma
train,n0300.jpg,D:\OIO+\DATASET_RETINA\01.Originais\GLA (Glaucoma)\REFUGE\REFUGE-Training400\Training400\Non-Glaucoma\n0300.jpg,.jpg,1.7225236892700195,a0e0e1abc0f8e69c490db1a254ad0b950038e699804c58b935fab08caa77ad62,False,2124,2056,RGB,2124x2056,sem_glaucoma
train,n0301.jpg,D:\OIO+\DATASET_RETINA\01.Originais\GLA (Glaucoma)\REFUGE\REFUGE-Training400\Training400\Non-Glaucoma\n0301.jpg,.jpg,1.7112789154052734,6873eb2b2de3e103d88a098247377360c4061986b13f41fbe7b49fdfc12c2bf1,False,2124,2056,RGB,2124x2056,sem_glaucoma
train,n0302.jpg,D:\OIO+\DATASET_RETINA\01.Originais\GLA (Glaucoma)\REFUGE\REFUGE-Training400\Training400\Non-Glaucoma\n0302.jpg,.jpg,1.6402435302734375,40ca71a16e73448b4bce06742da0a3e56faf1233a3f2fc288956c3a5e27b3009,False,2124,2056,RGB,2124x2056,sem_glaucoma
train,n0303.jpg,D:\OIO+\DATASET_RETINA\01.Originais\GLA (Glaucoma)\REFUGE\REFUGE-Training400\Training400\Non-Glaucoma\n0303.jpg,.jpg,1.5905027389526367,959e36c4a68fd86cfd8b27fc3c0cca679d901df03ec10feff3c2e97e4063ca5f,False,2124,2056,RGB,2124x2056,sem_glaucoma
train,n0304.jpg,D:\OIO+\DATASET_RETINA\01.Originais\GLA (Glaucoma)\REFUGE\REFUGE-Training400\Training400\Non-Glaucoma\n0304.jpg,.jpg,1.8372926712036133,473bbb320f96ee0a08366f731aaa1a7a7415fc098884a991fc92551d93d453a5,False,2124,2056,RGB,2124x2056,sem_glaucoma
train,n0305.jpg,D:\OIO+\DATASET_RETINA\01.Originais\GLA (Glaucoma)\REFUGE\REFUGE-Training400\Training400\Non-Glaucoma\n0305.jpg,.jpg,1.7837457656860352,2626a7bec3974286497bf29712c42ecfac1f2f0db586874c029220856aecd11d,False,2124,2056,RGB,2124x2056,sem_glaucoma
train,n0306.jpg,D:\OIO+\DATASET_RETINA\01.Originais\GLA (Glaucoma)\REFUGE\REFUGE-Training400\Training400\Non-Glaucoma\n0306.jpg,.jpg,1.6621284484863281,8ebcc7209aa12c32ea0b681b9b0cbfdd242146d9766b0ef5e2a2eb6f5e46a432,False,2124,2056,RGB,2124x2056,sem_glaucoma
train,n0307.jpg,D:\OIO+\DATASET_RETINA\01.Originais\GLA (Glaucoma)\REFUGE\REFUGE-Training400\Training400\Non-Glaucoma\n0307.jpg,.jpg,1.7486581802368164,2051bf4b1218715d85f9743f1520fba8a7e4bc0e68f464e7654666bb07591e98,False,2124,2056,RGB,2124x2056,sem_glaucoma
train,n0308.jpg,D:\OIO+\DATASET_RETINA\01.Originais\GLA (Glaucoma)\REFUGE\REFUGE-Training400\Training400\Non-Glaucoma\n0308.jpg,.jpg,1.6938047409057617,ce3ff63178c5220ea6a283189b6a268defaf9ba03e027a9069f169478f8e56dc,False,2124,2056,RGB,2124x2056,sem_glaucoma
train,n0309.jpg,D:\OIO+\DATASET_RETINA\01.Originais\GLA (Glaucoma)\REFUGE\REFUGE-Training400\Training400\Non-Glaucoma\n0309.jpg,.jpg,1.9523086547851562,2b976d9a2fe77b19e0a798569d1cd24ceae6555a23ce1019a70acfc5694e28aa,False,2124,2056,RGB,2124x2056,sem_glaucoma
train,n0310.jpg,D:\OIO+\DATASET_RETINA\01.Originais\GLA (Glaucoma)\REFUGE\REFUGE-Training400\Training400\Non-Glaucoma\n0310.jpg,.jpg,1.900050163269043,6d1e2f305e8f8b83fc5247b3cfc69b9024f9d3e5a99a722bb48ddc2def64d763,False,2124,2056,RGB,2124x2056,sem_glaucoma
train,n0311.jpg,D:\OIO+\DATASET_RETINA\01.Originais\GLA (Glaucoma)\REFUGE\REFUGE-Training400\Training400\Non-Glaucoma\n0311.jpg,.jpg,1.9938135147094727,556116a4f06c71f6508ec5428af853d59bdf319e60c7c8890d08b4346cef7819,False,2124,2056,RGB,2124x2056,sem_glaucoma
train,n0312.jpg,D:\OIO+\DATASET_RETINA\01.Originais\GLA (Glaucoma)\REFUGE\REFUGE-Training400\Training400\Non-Glaucoma\n0312.jpg,.jpg,1.6861200332641602,cc812eedfd2555fad229840ec9620d5aa563d6d0511ca8bbb5cbf9a16b5862d9,False,2124,2056,RGB,2124x2056,sem_glaucoma
train,n0313.jpg,D:\OIO+\DATASET_RETINA\01.Originais\GLA (Glaucoma)\REFUGE\REFUGE-Training400\Training400\Non-Glaucoma\n0313.jpg,.jpg,1.6463918685913086,32abb187a980820736b10435934aa36c666fbb1b14552124fad291d900a56df7,False,2124,2056,RGB,2124x2056,sem_glaucoma
train,n0314.jpg,D:\OIO+\DATASET_RETINA\01.Originais\GLA (Glaucoma)\REFUGE\REFUGE-Training400\Training400\Non-Glaucoma\n0314.jpg,.jpg,1.7300395965576172,e067c2b681460c37503eacdd30c23c418491c639735472c7b60fe51b526ee92b,False,2124,2056,RGB,2124x2056,sem_glaucoma
train,n0315.jpg,D:\OIO+\DATASET_RETINA\01.Originais\GLA (Glaucoma)\REFUGE\REFUGE-Training400\Training400\Non-Glaucoma\n0315.jpg,.jpg,1.724496841430664,ac44ffc8901cf03770ae9fd00e6a4a2716f4d794944837313b1167a4a20f362d,False,2124,2056,RGB,2124x2056,sem_glaucoma
train,n0316.jpg,D:\OIO+\DATASET_RETINA\01.Originais\GLA (Glaucoma)\REFUGE\REFUGE-Training400\Training400\Non-Glaucoma\n0316.jpg,.jpg,1.7808542251586914,82827eef095e12003b07dea61cff8e0348593282d375457ca61ba49d3406d403,False,2124,2056,RGB,2124x2056,sem_glaucoma
train,n0317.jpg,D:\OIO+\DATASET_RETINA\01.Originais\GLA (Glaucoma)\REFUGE\REFUGE-Training400\Training400\Non-Glaucoma\n0317.jpg,.jpg,1.7675933837890625,6c0df3e1d5164b3727d6f73cbd2e55d78cc637f16ab588c61a6cb63d8e5cbc5b,False,2124,2056,RGB,2124x2056,sem_glaucoma
train,n0318.jpg,D:\OIO+\DATASET_RETINA\01.Originais\GLA (Glaucoma)\REFUGE\REFUGE-Training400\Training400\Non-Glaucoma\n0318.jpg,.jpg,1.7542591094970703,c45091d8a04ad7f9d8fcdcb7924e40d2f6e14249e16cccd58762bc97645a0377,False,2124,2056,RGB,2124x2056,sem_glaucoma
train,n0319.jpg,D:\OIO+\DATASET_RETINA\01.Originais\GLA (Glaucoma)\REFUGE\REFUGE-Training400\Training400\Non-Glaucoma\n0319.jpg,.jpg,1.6399869918823242,dc2971181c81e3b5aff7f95948fbcbb50e66f4bd7ce09aba49b58f47767dac4f,False,2124,2056,RGB,2124x2056,sem_glaucoma
train,n0320.jpg,D:\OIO+\DATASET_RETINA\01.Originais\GLA (Glaucoma)\REFUGE\REFUGE-Training400\Training400\Non-Glaucoma\n0320.jpg,.jpg,1.7125720977783203,d4cef45b403cc162c4d73781339882c8dba39e06d96348357307196dc2c912ad,False,2124,2056,RGB,2124x2056,sem_glaucoma
train,n0321.jpg,D:\OIO+\DATASET_RETINA\01.Originais\GLA (Glaucoma)\REFUGE\REFUGE-Training400\Training400\Non-Glaucoma\n0321.jpg,.jpg,1.7189512252807617,b35d970662afc676d2234263e7a564f99f5fef81647b916b92bd6a1758e12d04,False,2124,2056,RGB,2124x2056,sem_glaucoma
train,n0322.jpg,D:\OIO+\DATASET_RETINA\01.Originais\GLA (Glaucoma)\REFUGE\REFUGE-Training400\Training400\Non-Glaucoma\n0322.jpg,.jpg,1.9008913040161133,040185dde1534c5ec7c5f2deec5f2d09ec5481d1f29ff585b7b2a357e7987bae,False,2124,2056,RGB,2124x2056,sem_glaucoma
train,n0323.jpg,D:\OIO+\DATASET_RETINA\01.Originais\GLA (Glaucoma)\REFUGE\REFUGE-Training400\Training400\Non-Glaucoma\n0323.jpg,.jpg,1.8675336837768555,97be1d2a8292df35a7a3be29f9719416361bd450c11a7b349e304b2981bee088,False,2124,2056,RGB,2124x2056,sem_glaucoma
train,n0324.jpg,D:\OIO+\DATASET_RETINA\01.Originais\GLA (Glaucoma)\REFUGE\REFUGE-Training400\Training400\Non-Glaucoma\n0324.jpg,.jpg,1.767364501953125,e2d6265c5db19e52215e6a3023053ad9e08c224466a3047d018f8037727808fe,False,2124,2056,RGB,2124x2056,sem_glaucoma
train,n0325.jpg,D:\OIO+\DATASET_RETINA\01.Originais\GLA (Glaucoma)\REFUGE\REFUGE-Training400\Training400\Non-Glaucoma\n0325.jpg,.jpg,1.7131290435791016,6c20f734cedefea3ba21ffdd13fa1d527cd9b37d752c8d36f743af04b01602ed,False,2124,2056,RGB,2124x2056,sem_glaucoma
train,n0326.jpg,D:\OIO+\DATASET_RETINA\01.Originais\GLA (Glaucoma)\REFUGE\REFUGE-Training400\Training400\Non-Glaucoma\n0326.jpg,.jpg,1.663407325744629,1f1cc69478419c1002c0d8499a5f4bd7541e49c542c83e9e565bf8f1844231ee,False,2124,2056,RGB,2124x2056,sem_glaucoma
train,n0327.jpg,D:\OIO+\DATASET_RETINA\01.Originais\GLA (Glaucoma)\REFUGE\REFUGE-Training400\Training400\Non-Glaucoma\n0327.jpg,.jpg,1.7054023742675781,f444e40dc5cb617e077d593bee73fa5723cd1ec31ae3cab48014a32dcb2b5d69,False,2124,2056,RGB,2124x2056,sem_glaucoma
train,n0328.jpg,D:\OIO+\DATASET_RETINA\01.Originais\GLA (Glaucoma)\REFUGE\REFUGE-Training400\Training400\Non-Glaucoma\n0328.jpg,.jpg,1.7852821350097656,cb89911952e438c6ee4f50428874fb80d05de18370141dcd333f17bea747b3d3,False,2124,2056,RGB,2124x2056,sem_glaucoma
train,n0329.jpg,D:\OIO+\DATASET_RETINA\01.Originais\GLA (Glaucoma)\REFUGE\REFUGE-Training400\Training400\Non-Glaucoma\n0329.jpg,.jpg,1.6806230545043945,53fb9a9b6b446901f2be280a8841115d3e965544a180f391b6759e8e52099b0d,False,2124,2056,RGB,2124x2056,sem_glaucoma
train,n0330.jpg,D:\OIO+\DATASET_RETINA\01.Originais\GLA (Glaucoma)\REFUGE\REFUGE-Training400\Training400\Non-Glaucoma\n0330.jpg,.jpg,1.7679519653320312,21fff58a9a4859a5a48d641b3b43241895386801188b1cb439c70eacb64682ae,False,2124,2056,RGB,2124x2056,sem_glaucoma
train,n0331.jpg,D:\OIO+\DATASET_RETINA\01.Originais\GLA (Glaucoma)\REFUGE\REFUGE-Training400\Training400\Non-Glaucoma\n0331.jpg,.jpg,1.6879453659057617,9058abd41b9992cae0acf8a2969e6a22405938aad4eb02deba89a75a8e17bd00,False,2124,2056,RGB,2124x2056,sem_glaucoma
train,n0332.jpg,D:\OIO+\DATASET_RETINA\01.Originais\GLA (Glaucoma)\REFUGE\REFUGE-Training400\Training400\Non-Glaucoma\n0332.jpg,.jpg,1.6363525390625,10ba3363761103bc182a2e8232cccbc87b8445a8eef081f8baa91fd0d8eb3933,False,2124,2056,RGB,2124x2056,sem_glaucoma
train,n0333.jpg,D:\OIO+\DATASET_RETINA\01.Originais\GLA (Glaucoma)\REFUGE\REFUGE-Training400\Training400\Non-Glaucoma\n0333.jpg,.jpg,1.668264389038086,47d10c0e3e648c67e75cb61f9c45ecccbc9fffa41754905eac6255ec548f5ed2,False,2124,2056,RGB,2124x2056,sem_glaucoma
train,n0334.jpg,D:\OIO+\DATASET_RETINA\01.Originais\GLA (Glaucoma)\REFUGE\REFUGE-Training400\Training400\Non-Glaucoma\n0334.jpg,.jpg,1.7449216842651367,799791e7464e736e1bc0d54dabec5e56f90bb29693b86cb4765a8dbf01fe3dd2,False,2124,2056,RGB,2124x2056,sem_glaucoma
train,n0335.jpg,D:\OIO+\DATASET_RETINA\01.Originais\GLA (Glaucoma)\REFUGE\REFUGE-Training400\Training400\Non-Glaucoma\n0335.jpg,.jpg,1.8136940002441406,ebfb56575498faf32585aabf257d8124648c3d387c333962412de48d8fb84cc7,False,2124,2056,RGB,2124x2056,sem_glaucoma
train,n0336.jpg,D:\OIO+\DATASET_RETINA\01.Originais\GLA (Glaucoma)\REFUGE\REFUGE-Training400\Training400\Non-Glaucoma\n0336.jpg,.jpg,1.7184514999389648,46161b236489f174b459c8e6892d292a5790d79af27fbfac9e15b8a8fe265f0b,False,2124,2056,RGB,2124x2056,sem_glaucoma
train,n0337.jpg,D:\OIO+\DATASET_RETINA\01.Originais\GLA (Glaucoma)\REFUGE\REFUGE-Training400\Training400\Non-Glaucoma\n0337.jpg,.jpg,1.8123579025268555,698d8abd9e1759c1a3c09adebe14d90ca18ffc2babcafd77e8b3c8b3c8ae2ad6,False,2124,2056,RGB,2124x2056,sem_glaucoma
train,n0338.jpg,D:\OIO+\DATASET_RETINA\01.Originais\GLA (Glaucoma)\REFUGE\REFUGE-Training400\Training400\Non-Glaucoma\n0338.jpg,.jpg,1.556488037109375,e21a202a9e4f16bf961c4faaa90ab619f4765cc075ed96633e65827775cf4cf5,False,2124,2056,RGB,2124x2056,sem_glaucoma
train,n0339.jpg,D:\OIO+\DATASET_RETINA\01.Originais\GLA (Glaucoma)\REFUGE\REFUGE-Training400\Training400\Non-Glaucoma\n0339.jpg,.jpg,1.9881248474121094,44250f5be6356c338b16aff048d427974699831b03e17d24ca0e858afb56e941,False,2124,2056,RGB,2124x2056,sem_glaucoma
train,n0340.jpg,D:\OIO+\DATASET_RETINA\01.Originais\GLA (Glaucoma)\REFUGE\REFUGE-Training400\Training400\Non-Glaucoma\n0340.jpg,.jpg,1.724574089050293,e468c4b1438a15372a9c2caf2a2ab4c84253833cf44d016f01fc31e29644f85d,False,2124,2056,RGB,2124x2056,sem_glaucoma
train,n0341.jpg,D:\OIO+\DATASET_RETINA\01.Originais\GLA (Glaucoma)\REFUGE\REFUGE-Training400\Training400\Non-Glaucoma\n0341.jpg,.jpg,1.683518409729004,5e82b5aa75a05c8b5b12fc07c204902ff9355987ef45a41cfe329e8e98996bd8,False,2124,2056,RGB,2124x2056,sem_glaucoma
train,n0342.jpg,D:\OIO+\DATASET_RETINA\01.Originais\GLA (Glaucoma)\REFUGE\REFUGE-Training400\Training400\Non-Glaucoma\n0342.jpg,.jpg,1.8476476669311523,6bc332aa2d1721fb72f760f4abf451c3b9823196485b9dda25a9ef91610f8b36,False,2124,2056,RGB,2124x2056,sem_glaucoma
train,n0343.jpg,D:\OIO+\DATASET_RETINA\01.Originais\GLA (Glaucoma)\REFUGE\REFUGE-Training400\Training400\Non-Glaucoma\n0343.jpg,.jpg,1.6366987228393555,06bce36059e93a1000abba4527e2ffa7407281c806a5b59b1061a5575f9eacf8,False,2124,2056,RGB,2124x2056,sem_glaucoma
train,n0344.jpg,D:\OIO+\DATASET_RETINA\01.Originais\GLA (Glaucoma)\REFUGE\REFUGE-Training400\Training400\Non-Glaucoma\n0344.jpg,.jpg,1.8065519332885742,5bd5c5196db213ed3ebccb5f1ed26498f242299933fb0a1f85d24da8340441ca,False,2124,2056,RGB,2124x2056,sem_glaucoma
train,n0345.jpg,D:\OIO+\DATASET_RETINA\01.Originais\GLA (Glaucoma)\REFUGE\REFUGE-Training400\Training400\Non-Glaucoma\n0345.jpg,.jpg,1.7004671096801758,9478c7dc938b44b71d255ef1d75c2e4b27e9177e8bf471c8cd92d02fe9f0c06b,False,2124,2056,RGB,2124x2056,sem_glaucoma
train,n0346.jpg,D:\OIO+\DATASET_RETINA\01.Originais\GLA (Glaucoma)\REFUGE\REFUGE-Training400\Training400\Non-Glaucoma\n0346.jpg,.jpg,1.7527618408203125,126395577325a780561d98c335f15bbfc9c8ae83c2c791c440a0748563b6e3ab,False,2124,2056,RGB,2124x2056,sem_glaucoma
train,n0347.jpg,D:\OIO+\DATASET_RETINA\01.Originais\GLA (Glaucoma)\REFUGE\REFUGE-Training400\Training400\Non-Glaucoma\n0347.jpg,.jpg,1.6898078918457031,171c8c5bcc4d79f4c346804208bdcb062840107e676f641b1623b7067a2fb59f,False,2124,2056,RGB,2124x2056,sem_glaucoma
train,n0348.jpg,D:\OIO+\DATASET_RETINA\01.Originais\GLA (Glaucoma)\REFUGE\REFUGE-Training400\Training400\Non-Glaucoma\n0348.jpg,.jpg,1.5774860382080078,03731579bcc1fc6b0da09be505a825945fdc90a3a034c8a8706f2b6b1b5128b1,False,2124,2056,RGB,2124x2056,sem_glaucoma
train,n0349.jpg,D:\OIO+\DATASET_RETINA\01.Originais\GLA (Glaucoma)\REFUGE\REFUGE-Training400\Training400\Non-Glaucoma\n0349.jpg,.jpg,1.7446060180664062,9f4f5a87dcab32e0fb57e5caee9bf4d5f1a5ca953295aa0e8e157d2d64c5c9aa,False,2124,2056,RGB,2124x2056,sem_glaucoma
train,n0350.jpg,D:\OIO+\DATASET_RETINA\01.Originais\GLA (Glaucoma)\REFUGE\REFUGE-Training400\Training400\Non-Glaucoma\n0350.jpg,.jpg,1.7522048950195312,cfd77f08890206ee462ae133a5c197cf9d6581494d74b6a4408671278948a3b2,False,2124,2056,RGB,2124x2056,sem_glaucoma
train,n0351.jpg,D:\OIO+\DATASET_RETINA\01.Originais\GLA (Glaucoma)\REFUGE\REFUGE-Training400\Training400\Non-Glaucoma\n0351.jpg,.jpg,1.7195672988891602,7408674dd26cfac60fc457467de1949836e3a5cc6eafd69088419735e94bc110,False,2124,2056,RGB,2124x2056,sem_glaucoma
train,n0352.jpg,D:\OIO+\DATASET_RETINA\01.Originais\GLA (Glaucoma)\REFUGE\REFUGE-Training400\Training400\Non-Glaucoma\n0352.jpg,.jpg,1.6479692459106445,f633baf7e6da207ef932e5b3fd339bd6d93cabf051eaccc292de4cdb01dd0369,False,2124,2056,RGB,2124x2056,sem_glaucoma
train,n0353.jpg,D:\OIO+\DATASET_RETINA\01.Originais\GLA (Glaucoma)\REFUGE\REFUGE-Training400\Training400\Non-Glaucoma\n0353.jpg,.jpg,1.6456966400146484,84f125e19d265b2218ae1e31246283d41fa3aeb72d6d8c1d979be156a2890baf,False,2124,2056,RGB,2124x2056,sem_glaucoma
train,n0354.jpg,D:\OIO+\DATASET_RETINA\01.Originais\GLA (Glaucoma)\REFUGE\REFUGE-Training400\Training400\Non-Glaucoma\n0354.jpg,.jpg,1.6666975021362305,75511d0cc0474333b570fd42bdffa9a954d51a8e2d1c51d4c304eb5c201e3a66,False,2124,2056,RGB,2124x2056,sem_glaucoma
train,n0355.jpg,D:\OIO+\DATASET_RETINA\01.Originais\GLA (Glaucoma)\REFUGE\REFUGE-Training400\Training400\Non-Glaucoma\n0355.jpg,.jpg,1.6824769973754883,fcda22bb19b35a4bf18e9bc6807987b83049261d0dbfffda0a2452d761419f54,False,2124,2056,RGB,2124x2056,sem_glaucoma
train,n0356.jpg,D:\OIO+\DATASET_RETINA\01.Originais\GLA (Glaucoma)\REFUGE\REFUGE-Training400\Training400\Non-Glaucoma\n0356.jpg,.jpg,1.6301612854003906,e20f5f9551544735d819ce4acd88786d30cb01a789049cc9ef5052307ed1cb34,False,2124,2056,RGB,2124x2056,sem_glaucoma
train,n0357.jpg,D:\OIO+\DATASET_RETINA\01.Originais\GLA (Glaucoma)\REFUGE\REFUGE-Training400\Training400\Non-Glaucoma\n0357.jpg,.jpg,1.7816572189331055,9d5f614543a18b3f3411a93684dc3a0647fab0b8d32ac6c5f4dab731a362ddd6,False,2124,2056,RGB,2124x2056,sem_glaucoma
train,n0358.jpg,D:\OIO+\DATASET_RETINA\01.Originais\GLA (Glaucoma)\REFUGE\REFUGE-Training400\Training400\Non-Glaucoma\n0358.jpg,.jpg,1.6605157852172852,f4c7912aa18c819358215a64312e20480276e3c976a1062b996766691059666a,False,2124,2056,RGB,2124x2056,sem_glaucoma
train,n0359.jpg,D:\OIO+\DATASET_RETINA\01.Originais\GLA (Glaucoma)\REFUGE\REFUGE-Training400\Training400\Non-Glaucoma\n0359.jpg,.jpg,1.764836311340332,fdab1b9a246700dc6bf571c98cfbd5fef768ccf5b03ef679ace6111a8cd19391,False,2124,2056,RGB,2124x2056,sem_glaucoma
train,n0360.jpg,D:\OIO+\DATASET_RETINA\01.Originais\GLA (Glaucoma)\REFUGE\REFUGE-Training400\Training400\Non-Glaucoma\n0360.jpg,.jpg,1.6763038635253906,c8abae6aa3ba8370709f61346e3ecd33ba69a835286cb0f4f5710ac8283e1679,False,2124,2056,RGB,2124x2056,sem_glaucoma
validation,V0001.jpg,D:\OIO+\DATASET_RETINA\01.Originais\GLA (Glaucoma)\REFUGE\REFUGE-Validation400\REFUGE-Validation400\V0001.jpg,.jpg,0.8837976455688477,ef64663453c5fad21ef720effcb1826f29f575a1b54984de734566bf302847e7,False,1634,1634,RGB,1634x1634,
validation,V0002.jpg,D:\OIO+\DATASET_RETINA\01.Originais\GLA (Glaucoma)\REFUGE\REFUGE-Validation400\REFUGE-Validation400\V0002.jpg,.jpg,0.891514778137207,a85e63eadc570ec19643d9df8a16283f4f64b482f0aa43def0c82b9d88b4153f,False,1634,1634,RGB,1634x1634,
validation,V0003.jpg,D:\OIO+\DATASET_RETINA\01.Originais\GLA (Glaucoma)\REFUGE\REFUGE-Validation400\REFUGE-Validation400\V0003.jpg,.jpg,0.8083248138427734,77df527264911b7a95188954b03f32ebc2cf5869475f4759fdaa43032c2656d9,False,1634,1634,RGB,1634x1634,
validation,V0004.jpg,D:\OIO+\DATASET_RETINA\01.Originais\GLA (Glaucoma)\REFUGE\REFUGE-Validation400\REFUGE-Validation400\V0004.jpg,.jpg,0.8994855880737305,5adb8be0a81641405f29456fb83d138f8a110f566ae9fd1ca9eca01b98295be8,False,1634,1634,RGB,1634x1634,
validation,V0005.jpg,D:\OIO+\DATASET_RETINA\01.Originais\GLA (Glaucoma)\REFUGE\REFUGE-Validation400\REFUGE-Validation400\V0005.jpg,.jpg,0.8859796524047852,995153999823b9b98c8b96c9ec4934b8bc32fcbf64220a2968068bc47e1f3c4c,False,1634,1634,RGB,1634x1634,
validation,V0006.jpg,D:\OIO+\DATASET_RETINA\01.Originais\GLA (Glaucoma)\REFUGE\REFUGE-Validation400\REFUGE-Validation400\V0006.jpg,.jpg,0.9029712677001953,7efae4f94c0be9ae6aec21090b4673b2624241ec397db80f5e6f6452398fc31a,False,1634,1634,RGB,1634x1634,
validation,V0007.jpg,D:\OIO+\DATASET_RETINA\01.Originais\GLA (Glaucoma)\REFUGE\REFUGE-Validation400\REFUGE-Validation400\V0007.jpg,.jpg,0.8418598175048828,0631e36952c47a5fa6fb8a835f1b0b6858210cd6778a7ed344c7468bf80594e3,False,1634,1634,RGB,1634x1634,
validation,V0008.jpg,D:\OIO+\DATASET_RETINA\01.Originais\GLA (Glaucoma)\REFUGE\REFUGE-Validation400\REFUGE-Validation400\V0008.jpg,.jpg,0.8215322494506836,71b0e81d8dfd171cc8a4cd27e80c9384ec16d0dd57999131a9171018ed078bc9,False,1634,1634,RGB,1634x1634,
validation,V0009.jpg,D:\OIO+\DATASET_RETINA\01.Originais\GLA (Glaucoma)\REFUGE\REFUGE-Validation400\REFUGE-Validation400\V0009.jpg,.jpg,0.8213014602661133,07d351bbbf97f594a410f1e2f085006f356766c9a655097b01710aae6839b7d4,False,1634,1634,RGB,1634x1634,
validation,V0010.jpg,D:\OIO+\DATASET_RETINA\01.Originais\GLA (Glaucoma)\REFUGE\REFUGE-Validation400\REFUGE-Validation400\V0010.jpg,.jpg,0.8211145401000977,fa9785aef96f6538ae7b6df579f3fa19f0775c37fc59f4c7a46c6e5211bd8673,False,1634,1634,RGB,1634x1634,
validation,V0011.jpg,D:\OIO+\DATASET_RETINA\01.Originais\GLA (Glaucoma)\REFUGE\REFUGE-Validation400\REFUGE-Validation400\V0011.jpg,.jpg,0.9439229965209961,efee28de9f3331d0fa5a515786b15e4d569231a5ae4d0f80d57aff68e7aa11f9,False,1634,1634,RGB,1634x1634,
validation,V0012.jpg,D:\OIO+\DATASET_RETINA\01.Originais\GLA (Glaucoma)\REFUGE\REFUGE-Validation400\REFUGE-Validation400\V0012.jpg,.jpg,0.9443445205688477,3d877134cf3b92cf651010e9a61988015d6d7273c4201c7361af84a195063f9a,False,1634,1634,RGB,1634x1634,
validation,V0013.jpg,D:\OIO+\DATASET_RETINA\01.Originais\GLA (Glaucoma)\REFUGE\REFUGE-Validation400\REFUGE-Validation400\V0013.jpg,.jpg,0.9909753799438477,1c618f995121315b7b8cdc9bcd988ba2564e7e1ebcc91327feb1478467adfaaa,False,1634,1634,RGB,1634x1634,
validation,V0014.jpg,D:\OIO+\DATASET_RETINA\01.Originais\GLA (Glaucoma)\REFUGE\REFUGE-Validation400\REFUGE-Validation400\V0014.jpg,.jpg,0.7855253219604492,61cf9b119494b0c41f4eb5e43365de46d99c242e2c1aaea454e9da871a7c5cf5,False,1634,1634,RGB,1634x1634,
validation,V0015.jpg,D:\OIO+\DATASET_RETINA\01.Originais\GLA (Glaucoma)\REFUGE\REFUGE-Validation400\REFUGE-Validation400\V0015.jpg,.jpg,0.9577665328979492,dd2dbfc01d67d7f3d7d32eeb675a52a1d9e4fe7d96a0fa53378b46f13f9c4a36,False,1634,1634,RGB,1634x1634,
validation,V0016.jpg,D:\OIO+\DATASET_RETINA\01.Originais\GLA (Glaucoma)\REFUGE\REFUGE-Validation400\REFUGE-Validation400\V0016.jpg,.jpg,0.9958744049072266,6f7d98cae38326b024f22d7c73cbdcc216a55292fd5ad000ee4cde6baf6211b7,False,1634,1634,RGB,1634x1634,
validation,V0017.jpg,D:\OIO+\DATASET_RETINA\01.Originais\GLA (Glaucoma)\REFUGE\REFUGE-Validation400\REFUGE-Validation400\V0017.jpg,.jpg,0.8903741836547852,6b4d353287a7c2d6144ae26c0771283c4017b79cf3c26ff35762f96db0c44dc3,False,1634,1634,RGB,1634x1634,
validation,V0018.jpg,D:\OIO+\DATASET_RETINA\01.Originais\GLA (Glaucoma)\REFUGE\REFUGE-Validation400\REFUGE-Validation400\V0018.jpg,.jpg,0.8980369567871094,39e2492cc2e6619530313599f146c45c135fb1d6a5a8421a1cf5e5b1380909da,False,1634,1634,RGB,1634x1634,
validation,V0019.jpg,D:\OIO+\DATASET_RETINA\01.Originais\GLA (Glaucoma)\REFUGE\REFUGE-Validation400\REFUGE-Validation400\V0019.jpg,.jpg,0.7948713302612305,0f7c3daf7c6044a4c8204a04a21631b4301b565b51d1a5ec5492bbdb6781b7d3,False,1634,1634,RGB,1634x1634,
validation,V0020.jpg,D:\OIO+\DATASET_RETINA\01.Originais\GLA (Glaucoma)\REFUGE\REFUGE-Validation400\REFUGE-Validation400\V0020.jpg,.jpg,0.7910747528076172,adf11f9c6127cd7b5802fc5b4bbc5a2b96825ffa5ed8cb319062426eeed2eb36,False,1634,1634,RGB,1634x1634,
validation,V0021.jpg,D:\OIO+\DATASET_RETINA\01.Originais\GLA (Glaucoma)\REFUGE\REFUGE-Validation400\REFUGE-Validation400\V0021.jpg,.jpg,0.8281993865966797,9d8fb8e3664c61ba4cab9abca24f4ede0192bad818e2ef077d7fed423e2a0fe2,False,1634,1634,RGB,1634x1634,
validation,V0022.jpg,D:\OIO+\DATASET_RETINA\01.Originais\GLA (Glaucoma)\REFUGE\REFUGE-Validation400\REFUGE-Validation400\V0022.jpg,.jpg,0.7983055114746094,9cc581a2c207c05a5b09f44c4f21192b707354a5b66cd085b6fbaa9497287683,False,1634,1634,RGB,1634x1634,
validation,V0023.jpg,D:\OIO+\DATASET_RETINA\01.Originais\GLA (Glaucoma)\REFUGE\REFUGE-Validation400\REFUGE-Validation400\V0023.jpg,.jpg,0.9609146118164062,0b0d72c776444143bbd8e7ebc14be282a400ca47ce5f3c471577d27cf013fb00,False,1634,1634,RGB,1634x1634,
validation,V0024.jpg,D:\OIO+\DATASET_RETINA\01.Originais\GLA (Glaucoma)\REFUGE\REFUGE-Validation400\REFUGE-Validation400\V0024.jpg,.jpg,0.8115625381469727,1458a281b61f911a3ae383046c49536c3d796ff9a60d5452e6630a12cc57c842,False,1634,1634,RGB,1634x1634,
validation,V0025.jpg,D:\OIO+\DATASET_RETINA\01.Originais\GLA (Glaucoma)\REFUGE\REFUGE-Validation400\REFUGE-Validation400\V0025.jpg,.jpg,0.9327144622802734,2e8dd85fc420202dc4b6184dcb9a3714302d25a8c39bf0ed89dd61e34f2f2bf9,False,1634,1634,RGB,1634x1634,
validation,V0026.jpg,D:\OIO+\DATASET_RETINA\01.Originais\GLA (Glaucoma)\REFUGE\REFUGE-Validation400\REFUGE-Validation400\V0026.jpg,.jpg,0.9030942916870117,9cfdea0ed58a78a057e81a103c31fe424c5a820fc4af88cd31595435dfb3c15c,False,1634,1634,RGB,1634x1634,
validation,V0027.jpg,D:\OIO+\DATASET_RETINA\01.Originais\GLA (Glaucoma)\REFUGE\REFUGE-Validation400\REFUGE-Validation400\V0027.jpg,.jpg,0.9816713333129883,bc32c08850dbbbf51e4c252a9cabee98c125e709a131ac65e15a85be564366b7,False,1634,1634,RGB,1634x1634,
validation,V0028.jpg,D:\OIO+\DATASET_RETINA\01.Originais\GLA (Glaucoma)\REFUGE\REFUGE-Validation400\REFUGE-Validation400\V0028.jpg,.jpg,0.80950927734375,a19892f6730a2670c5c1be606cc1434597251db7c845e9a71c371abe8c0b1d26,False,1634,1634,RGB,1634x1634,
validation,V0029.jpg,D:\OIO+\DATASET_RETINA\01.Originais\GLA (Glaucoma)\REFUGE\REFUGE-Validation400\REFUGE-Validation400\V0029.jpg,.jpg,0.9101934432983398,98686258076edade15c9a8a8474d7a958f9ce6204b167b22d74aa7ec2067907c,False,1634,1634,RGB,1634x1634,
validation,V0030.jpg,D:\OIO+\DATASET_RETINA\01.Originais\GLA (Glaucoma)\REFUGE\REFUGE-Validation400\REFUGE-Validation400\V0030.jpg,.jpg,0.8442296981811523,b4bda46f471ebf3128f8045c2e32aa1f9c895b9a9db0c296e5ffc9f98c061724,False,1634,1634,RGB,1634x1634,
validation,V0031.jpg,D:\OIO+\DATASET_RETINA\01.Originais\GLA (Glaucoma)\REFUGE\REFUGE-Validation400\REFUGE-Validation400\V0031.jpg,.jpg,0.8327569961547852,c0004aeae0e5ef5913834dae9da351be625b5552c93a92b3ef494483e6e5c428,False,1634,1634,RGB,1634x1634,
validation,V0032.jpg,D:\OIO+\DATASET_RETINA\01.Originais\GLA (Glaucoma)\REFUGE\REFUGE-Validation400\REFUGE-Validation400\V0032.jpg,.jpg,0.7815608978271484,cd3ff6c59984789af3e5a35ae7a7c913555e19ee0094e611f5477d2c2ae00cf2,False,1634,1634,RGB,1634x1634,
validation,V0033.jpg,D:\OIO+\DATASET_RETINA\01.Originais\GLA (Glaucoma)\REFUGE\REFUGE-Validation400\REFUGE-Validation400\V0033.jpg,.jpg,0.9740390777587891,8e13d71f4c24385779161bf90b2d0640c564ef672e4f253ff2409bd3cbb48c77,False,1634,1634,RGB,1634x1634,
validation,V0034.jpg,D:\OIO+\DATASET_RETINA\01.Originais\GLA (Glaucoma)\REFUGE\REFUGE-Validation400\REFUGE-Validation400\V0034.jpg,.jpg,0.78271484375,1d3c792370d6013fd857197a3fcd56bfa5aad37f9ed4333761e88f18f93bc197,False,1634,1634,RGB,1634x1634,
validation,V0035.jpg,D:\OIO+\DATASET_RETINA\01.Originais\GLA (Glaucoma)\REFUGE\REFUGE-Validation400\REFUGE-Validation400\V0035.jpg,.jpg,0.9266681671142578,efecf6c89435a8e1224a1ecf3dbc59dbf09d1cbfcd3965af426609896b659b8f,False,1634,1634,RGB,1634x1634,
validation,V0036.jpg,D:\OIO+\DATASET_RETINA\01.Originais\GLA (Glaucoma)\REFUGE\REFUGE-Validation400\REFUGE-Validation400\V0036.jpg,.jpg,0.8399848937988281,a978b99795364f637d12b83b2343e39de04ce323732dd3be5de8af68a19e5bd1,False,1634,1634,RGB,1634x1634,
validation,V0037.jpg,D:\OIO+\DATASET_RETINA\01.Originais\GLA (Glaucoma)\REFUGE\REFUGE-Validation400\REFUGE-Validation400\V0037.jpg,.jpg,0.9154157638549805,5d5518b05eb636dfa466206ac8570c51ccafef9f74d963e55113ad376b60dfc7,False,1634,1634,RGB,1634x1634,
validation,V0038.jpg,D:\OIO+\DATASET_RETINA\01.Originais\GLA (Glaucoma)\REFUGE\REFUGE-Validation400\REFUGE-Validation400\V0038.jpg,.jpg,0.793757438659668,949347e38719887959d886c2fd6ad9def959838ad84495caf807f146cc7c9d70,False,1634,1634,RGB,1634x1634,
validation,V0039.jpg,D:\OIO+\DATASET_RETINA\01.Originais\GLA (Glaucoma)\REFUGE\REFUGE-Validation400\REFUGE-Validation400\V0039.jpg,.jpg,0.8649806976318359,31cb9ac633221eaf04d2bf277f8abd9ffe023a75fd370c52d2965ea5a8581caf,False,1634,1634,RGB,1634x1634,
validation,V0040.jpg,D:\OIO+\DATASET_RETINA\01.Originais\GLA (Glaucoma)\REFUGE\REFUGE-Validation400\REFUGE-Validation400\V0040.jpg,.jpg,0.7711334228515625,868096d7989cbe071adf24c43946c27b78582ed4c34daf61c10be1a6a4da078b,False,1634,1634,RGB,1634x1634,
validation,V0041.jpg,D:\OIO+\DATASET_RETINA\01.Originais\GLA (Glaucoma)\REFUGE\REFUGE-Validation400\REFUGE-Validation400\V0041.jpg,.jpg,0.7684640884399414,42f3a9ad1222ad0ebe56fb6027cc9ffb170fa2698a0e015638a3723f3d616f95,False,1634,1634,RGB,1634x1634,
validation,V0042.jpg,D:\OIO+\DATASET_RETINA\01.Originais\GLA (Glaucoma)\REFUGE\REFUGE-Validation400\REFUGE-Validation400\V0042.jpg,.jpg,0.963871955871582,af8920d4a0782ff1dc67612fec208767da85b39c9640705b517f82b0c796d7d6,False,1634,1634,RGB,1634x1634,
validation,V0043.jpg,D:\OIO+\DATASET_RETINA\01.Originais\GLA (Glaucoma)\REFUGE\REFUGE-Validation400\REFUGE-Validation400\V0043.jpg,.jpg,0.8376350402832031,1b1efea83b5ec9d7705eaa08a34aaf410aed1f349225482a17f84d714b8ccb77,False,1634,1634,RGB,1634x1634,
validation,V0044.jpg,D:\OIO+\DATASET_RETINA\01.Originais\GLA (Glaucoma)\REFUGE\REFUGE-Validation400\REFUGE-Validation400\V0044.jpg,.jpg,0.7785072326660156,8a6bc30e62ef6a7c119abcea1442e6240b4195db53872b1f0bcd73c82cb41ee4,False,1634,1634,RGB,1634x1634,
validation,V0045.jpg,D:\OIO+\DATASET_RETINA\01.Originais\GLA (Glaucoma)\REFUGE\REFUGE-Validation400\REFUGE-Validation400\V0045.jpg,.jpg,0.7816267013549805,141f33b23d99377ac82292eddc1983e6caf55546d5dd2caeb2a6f73893d8218c,False,1634,1634,RGB,1634x1634,
validation,V0046.jpg,D:\OIO+\DATASET_RETINA\01.Originais\GLA (Glaucoma)\REFUGE\REFUGE-Validation400\REFUGE-Validation400\V0046.jpg,.jpg,0.9039297103881836,b16d12c6b8dbd95f7aa12c38ce66d033ea4c31a9748d5545968c3a33d4c141e7,False,1634,1634,RGB,1634x1634,
validation,V0047.jpg,D:\OIO+\DATASET_RETINA\01.Originais\GLA (Glaucoma)\REFUGE\REFUGE-Validation400\REFUGE-Validation400\V0047.jpg,.jpg,0.9637680053710938,8649dfb2f04a784c8a551a9703a0fb488eeb6d09330cc505c803f6194eb8ee8e,False,1634,1634,RGB,1634x1634,
validation,V0048.jpg,D:\OIO+\DATASET_RETINA\01.Originais\GLA (Glaucoma)\REFUGE\REFUGE-Validation400\REFUGE-Validation400\V0048.jpg,.jpg,0.8788900375366211,6acf108d918341300b9fd9f74315d5ed731ad1d8edd4c03be64ed44963f88f31,False,1634,1634,RGB,1634x1634,
validation,V0049.jpg,D:\OIO+\DATASET_RETINA\01.Originais\GLA (Glaucoma)\REFUGE\REFUGE-Validation400\REFUGE-Validation400\V0049.jpg,.jpg,0.8983078002929688,889decb84505c6741c05488259687e2cecd098005c89d76b8c1d7c59c21a6355,False,1634,1634,RGB,1634x1634,
validation,V0050.jpg,D:\OIO+\DATASET_RETINA\01.Originais\GLA (Glaucoma)\REFUGE\REFUGE-Validation400\REFUGE-Validation400\V0050.jpg,.jpg,0.8062009811401367,4922fc9d0890f02c019f4d293e69360264d53dd77e4335f0e7d8c8a25dedb68f,False,1634,1634,RGB,1634x1634,
validation,V0051.jpg,D:\OIO+\DATASET_RETINA\01.Originais\GLA (Glaucoma)\REFUGE\REFUGE-Validation400\REFUGE-Validation400\V0051.jpg,.jpg,0.9234371185302734,6b8fbe9a38dcb655beadc3d32041d0966dd660d01f96d6428bfcb7f340788caf,False,1634,1634,RGB,1634x1634,
validation,V0052.jpg,D:\OIO+\DATASET_RETINA\01.Originais\GLA (Glaucoma)\REFUGE\REFUGE-Validation400\REFUGE-Validation400\V0052.jpg,.jpg,0.8576478958129883,8e6fc8a5ed7b2475dc05a3e0c30c4d8af5f3c8b82cd5919a20e228f84dd31539,False,1634,1634,RGB,1634x1634,
validation,V0053.jpg,D:\OIO+\DATASET_RETINA\01.Originais\GLA (Glaucoma)\REFUGE\REFUGE-Validation400\REFUGE-Validation400\V0053.jpg,.jpg,0.8376121520996094,b5c7761bf4919051da253feb4146a64f0068c4b5eb6760425fa57be0e1910f0c,False,1634,1634,RGB,1634x1634,
validation,V0054.jpg,D:\OIO+\DATASET_RETINA\01.Originais\GLA (Glaucoma)\REFUGE\REFUGE-Validation400\REFUGE-Validation400\V0054.jpg,.jpg,0.9247779846191406,dcd5e20c87f8104d7e1aa47ab6679c3a22d6029411df2e102ae5292622ecbbd3,False,1634,1634,RGB,1634x1634,
validation,V0055.jpg,D:\OIO+\DATASET_RETINA\01.Originais\GLA (Glaucoma)\REFUGE\REFUGE-Validation400\REFUGE-Validation400\V0055.jpg,.jpg,0.8616151809692383,dd3ce89bdf60c5ddca961a7be12c7d2401f2ee6fdad6f80b0cdccc5b2d216668,False,1634,1634,RGB,1634x1634,
validation,V0056.jpg,D:\OIO+\DATASET_RETINA\01.Originais\GLA (Glaucoma)\REFUGE\REFUGE-Validation400\REFUGE-Validation400\V0056.jpg,.jpg,0.8387508392333984,dc52f3c2351f32d297a3d36bfd5e554da731f4e533515af62175bcddc881b594,False,1634,1634,RGB,1634x1634,
validation,V0057.jpg,D:\OIO+\DATASET_RETINA\01.Originais\GLA (Glaucoma)\REFUGE\REFUGE-Validation400\REFUGE-Validation400\V0057.jpg,.jpg,0.9551868438720703,00336bdf1ecc8c1d15ade327c1d932757501b0d033d45befcffda829eeab9c08,False,1634,1634,RGB,1634x1634,
validation,V0058.jpg,D:\OIO+\DATASET_RETINA\01.Originais\GLA (Glaucoma)\REFUGE\REFUGE-Validation400\REFUGE-Validation400\V0058.jpg,.jpg,0.9052047729492188,75c79b2370cae9bf6a91ec110d266fa93b94e0d1277927e30a4512b780a170b1,False,1634,1634,RGB,1634x1634,
validation,V0059.jpg,D:\OIO+\DATASET_RETINA\01.Originais\GLA (Glaucoma)\REFUGE\REFUGE-Validation400\REFUGE-Validation400\V0059.jpg,.jpg,0.8150129318237305,60d75a77d6d42ba7ec44a2d39a069235c71306cfc8321a83a8f934f311da77bf,False,1634,1634,RGB,1634x1634,
validation,V0060.jpg,D:\OIO+\DATASET_RETINA\01.Originais\GLA (Glaucoma)\REFUGE\REFUGE-Validation400\REFUGE-Validation400\V0060.jpg,.jpg,0.8700675964355469,f4050d5a1343ea60d3480ca0d20f9ff2e73a9f80f6ce29cd002d73eb371fae2c,False,1634,1634,RGB,1634x1634,
validation,V0061.jpg,D:\OIO+\DATASET_RETINA\01.Originais\GLA (Glaucoma)\REFUGE\REFUGE-Validation400\REFUGE-Validation400\V0061.jpg,.jpg,0.7936105728149414,f36e7dafa4f49f01a47ab704f03ed00a8a1e60ca0f5dc9d78d9c53c5ef6c9033,False,1634,1634,RGB,1634x1634,
validation,V0062.jpg,D:\OIO+\DATASET_RETINA\01.Originais\GLA (Glaucoma)\REFUGE\REFUGE-Validation400\REFUGE-Validation400\V0062.jpg,.jpg,0.8726863861083984,d9823088ae818959ae3f511e7d40a61134669cd4034d530ef4d61f38f044e508,False,1634,1634,RGB,1634x1634,
validation,V0063.jpg,D:\OIO+\DATASET_RETINA\01.Originais\GLA (Glaucoma)\REFUGE\REFUGE-Validation400\REFUGE-Validation400\V0063.jpg,.jpg,0.9346866607666016,50748563201e6a47447e40a5dbb235c9f10ad1d2c9bb274ec91049efe423aea2,False,1634,1634,RGB,1634x1634,
validation,V0064.jpg,D:\OIO+\DATASET_RETINA\01.Originais\GLA (Glaucoma)\REFUGE\REFUGE-Validation400\REFUGE-Validation400\V0064.jpg,.jpg,0.9734230041503906,cbe7cbf8e1904e7561338996bed442e04ed5da3375104657cf9555d466bdfa50,False,1634,1634,RGB,1634x1634,
validation,V0065.jpg,D:\OIO+\DATASET_RETINA\01.Originais\GLA (Glaucoma)\REFUGE\REFUGE-Validation400\REFUGE-Validation400\V0065.jpg,.jpg,0.8263378143310547,93ed7646b72b8eb944927225533515ceb87abe3bc9badbe6ba2dfbf8794bba3c,False,1634,1634,RGB,1634x1634,
validation,V0066.jpg,D:\OIO+\DATASET_RETINA\01.Originais\GLA (Glaucoma)\REFUGE\REFUGE-Validation400\REFUGE-Validation400\V0066.jpg,.jpg,0.7969541549682617,2c99dbe9f49bdcdf2bc22d8dbd87beffbf48a4a1f7b5b8cbfba7c76bf589b4f3,False,1634,1634,RGB,1634x1634,
validation,V0067.jpg,D:\OIO+\DATASET_RETINA\01.Originais\GLA (Glaucoma)\REFUGE\REFUGE-Validation400\REFUGE-Validation400\V0067.jpg,.jpg,0.8330411911010742,cbefe7b58d391252cb2eae43a29ba4d225404284607e5362c0627092e9e7b0b8,False,1634,1634,RGB,1634x1634,
validation,V0068.jpg,D:\OIO+\DATASET_RETINA\01.Originais\GLA (Glaucoma)\REFUGE\REFUGE-Validation400\REFUGE-Validation400\V0068.jpg,.jpg,0.835728645324707,d9bd9939b3b7058a5e6adf80d6e4dffcab15824cd275013683d55a291944a057,False,1634,1634,RGB,1634x1634,
validation,V0069.jpg,D:\OIO+\DATASET_RETINA\01.Originais\GLA (Glaucoma)\REFUGE\REFUGE-Validation400\REFUGE-Validation400\V0069.jpg,.jpg,0.9420766830444336,31a806f33747fcb6bc1ba7e8e49819433648f2026fec214025d5503430c9f507,False,1634,1634,RGB,1634x1634,
validation,V0070.jpg,D:\OIO+\DATASET_RETINA\01.Originais\GLA (Glaucoma)\REFUGE\REFUGE-Validation400\REFUGE-Validation400\V0070.jpg,.jpg,0.9013519287109375,20d95aa25a3b5f131092a00635e44fa8c241f2e9b10e3d4efd4dcf8efccb1b47,False,1634,1634,RGB,1634x1634,
validation,V0071.jpg,D:\OIO+\DATASET_RETINA\01.Originais\GLA (Glaucoma)\REFUGE\REFUGE-Validation400\REFUGE-Validation400\V0071.jpg,.jpg,0.9628400802612305,5b25ca654d34da3e899ebe840066ef7d5cad7c54932149acc4bb8ed9d600fff9,False,1634,1634,RGB,1634x1634,
validation,V0072.jpg,D:\OIO+\DATASET_RETINA\01.Originais\GLA (Glaucoma)\REFUGE\REFUGE-Validation400\REFUGE-Validation400\V0072.jpg,.jpg,0.8453445434570312,c03c20d7cb77cf6f0d6e94ffee9bef98c1c3e1bef255d9ff5375952111c0fc87,False,1634,1634,RGB,1634x1634,
validation,V0073.jpg,D:\OIO+\DATASET_RETINA\01.Originais\GLA (Glaucoma)\REFUGE\REFUGE-Validation400\REFUGE-Validation400\V0073.jpg,.jpg,0.8396530151367188,c99a5f24ef9162f5de9992b0d3c934a695cef9bfdf0051a2332852f0bcff2421,False,1634,1634,RGB,1634x1634,
validation,V0074.jpg,D:\OIO+\DATASET_RETINA\01.Originais\GLA (Glaucoma)\REFUGE\REFUGE-Validation400\REFUGE-Validation400\V0074.jpg,.jpg,0.9524755477905273,89cb05336913c737e4eb40b0850dd9669b3ea4063d176d0a07bfed90d9440040,False,1634,1634,RGB,1634x1634,
validation,V0075.jpg,D:\OIO+\DATASET_RETINA\01.Originais\GLA (Glaucoma)\REFUGE\REFUGE-Validation400\REFUGE-Validation400\V0075.jpg,.jpg,0.8193140029907227,6ee71c259ec76554ad96daf28328204cd86574549015068ac1a19fad151760fe,False,1634,1634,RGB,1634x1634,
validation,V0076.jpg,D:\OIO+\DATASET_RETINA\01.Originais\GLA (Glaucoma)\REFUGE\REFUGE-Validation400\REFUGE-Validation400\V0076.jpg,.jpg,0.8795185089111328,12ca113632d543022999d5ac9fe559532568aae6946cd1b4f08e3baeb911bb9d,False,1634,1634,RGB,1634x1634,
validation,V0077.jpg,D:\OIO+\DATASET_RETINA\01.Originais\GLA (Glaucoma)\REFUGE\REFUGE-Validation400\REFUGE-Validation400\V0077.jpg,.jpg,0.9083957672119141,97449879fb6575b850e292ce713a0907de55ccac9faa5f1b682d293a32544e57,False,1634,1634,RGB,1634x1634,
validation,V0078.jpg,D:\OIO+\DATASET_RETINA\01.Originais\GLA (Glaucoma)\REFUGE\REFUGE-Validation400\REFUGE-Validation400\V0078.jpg,.jpg,0.8682537078857422,a9518965b4dd8f94bae8ba5befbb3d73b0414a39a4238cff053d0f4324fd4157,False,1634,1634,RGB,1634x1634,
validation,V0079.jpg,D:\OIO+\DATASET_RETINA\01.Originais\GLA (Glaucoma)\REFUGE\REFUGE-Validation400\REFUGE-Validation400\V0079.jpg,.jpg,0.7897300720214844,e5cdb4effac3901a4388368fc6c8d500786640c606f1ad2d325f18fdf87fabef,False,1634,1634,RGB,1634x1634,
validation,V0080.jpg,D:\OIO+\DATASET_RETINA\01.Originais\GLA (Glaucoma)\REFUGE\REFUGE-Validation400\REFUGE-Validation400\V0080.jpg,.jpg,0.8537940979003906,7b3f62930e6ac08829180f686647b39b7dff51059286dde2ccaf045fcaa91c5d,False,1634,1634,RGB,1634x1634,
validation,V0081.jpg,D:\OIO+\DATASET_RETINA\01.Originais\GLA (Glaucoma)\REFUGE\REFUGE-Validation400\REFUGE-Validation400\V0081.jpg,.jpg,0.9762973785400391,15ed18d1f55f966212e294f7f19de88be36c61605a91b558ea1b56b94a53cd54,False,1634,1634,RGB,1634x1634,
validation,V0082.jpg,D:\OIO+\DATASET_RETINA\01.Originais\GLA (Glaucoma)\REFUGE\REFUGE-Validation400\REFUGE-Validation400\V0082.jpg,.jpg,0.8090200424194336,9ce36dc797d59c19742875d7f06ee4a10fa6e31990ae21052cb4f7e51c0c889f,False,1634,1634,RGB,1634x1634,
validation,V0083.jpg,D:\OIO+\DATASET_RETINA\01.Originais\GLA (Glaucoma)\REFUGE\REFUGE-Validation400\REFUGE-Validation400\V0083.jpg,.jpg,0.888911247253418,078ce161670d108c2abff5c97d775ac18e1f185d2347286bdf1470cefd6092f5,False,1634,1634,RGB,1634x1634,
validation,V0084.jpg,D:\OIO+\DATASET_RETINA\01.Originais\GLA (Glaucoma)\REFUGE\REFUGE-Validation400\REFUGE-Validation400\V0084.jpg,.jpg,0.8434581756591797,87c1b325af30a4470800f91de69a33ddf41ad46b504090726beea699ea4c5e43,False,1634,1634,RGB,1634x1634,
validation,V0085.jpg,D:\OIO+\DATASET_RETINA\01.Originais\GLA (Glaucoma)\REFUGE\REFUGE-Validation400\REFUGE-Validation400\V0085.jpg,.jpg,0.8164920806884766,d385f05c90970947cf73f68127559a50ace392bb218cb73ba778d2ab2340eb86,False,1634,1634,RGB,1634x1634,
validation,V0086.jpg,D:\OIO+\DATASET_RETINA\01.Originais\GLA (Glaucoma)\REFUGE\REFUGE-Validation400\REFUGE-Validation400\V0086.jpg,.jpg,0.7898721694946289,bd46dde17a6e28418cd0a0d23ac225b72b2c3978a76aff959b829ef2594a34c2,False,1634,1634,RGB,1634x1634,
validation,V0087.jpg,D:\OIO+\DATASET_RETINA\01.Originais\GLA (Glaucoma)\REFUGE\REFUGE-Validation400\REFUGE-Validation400\V0087.jpg,.jpg,0.8381328582763672,51689fcaa84aa4c98b6b75daaa32490d6e06f259bc5ce5f18daf47286d8f2d34,False,1634,1634,RGB,1634x1634,
validation,V0088.jpg,D:\OIO+\DATASET_RETINA\01.Originais\GLA (Glaucoma)\REFUGE\REFUGE-Validation400\REFUGE-Validation400\V0088.jpg,.jpg,0.959925651550293,ca2563c2e45b1d2c96279d4c73a61c5035695ed0b4ddb18c244bd53d14c431d6,False,1634,1634,RGB,1634x1634,
validation,V0089.jpg,D:\OIO+\DATASET_RETINA\01.Originais\GLA (Glaucoma)\REFUGE\REFUGE-Validation400\REFUGE-Validation400\V0089.jpg,.jpg,0.826624870300293,b5f49227fe53bba67a082987d4c8a0df454c9593ce94a44cbed3cc28f6760268,False,1634,1634,RGB,1634x1634,
validation,V0090.jpg,D:\OIO+\DATASET_RETINA\01.Originais\GLA (Glaucoma)\REFUGE\REFUGE-Validation400\REFUGE-Validation400\V0090.jpg,.jpg,0.8387660980224609,cae6026c81cfa152fc031f11fc8bc717945551d2a7661d20c7008f04ff090cf6,False,1634,1634,RGB,1634x1634,
validation,V0091.jpg,D:\OIO+\DATASET_RETINA\01.Originais\GLA (Glaucoma)\REFUGE\REFUGE-Validation400\REFUGE-Validation400\V0091.jpg,.jpg,0.924738883972168,e890f9412677454b492d68c325c83d86f5dc020440d00c27da856d2e815299f5,False,1634,1634,RGB,1634x1634,
validation,V0092.jpg,D:\OIO+\DATASET_RETINA\01.Originais\GLA (Glaucoma)\REFUGE\REFUGE-Validation400\REFUGE-Validation400\V0092.jpg,.jpg,0.8441791534423828,fb3bb520249ff3fbed9fae667a8194eeb7fdb612521eddeceabfaec0b8bd262b,False,1634,1634,RGB,1634x1634,
validation,V0093.jpg,D:\OIO+\DATASET_RETINA\01.Originais\GLA (Glaucoma)\REFUGE\REFUGE-Validation400\REFUGE-Validation400\V0093.jpg,.jpg,0.941986083984375,ad03ce215184cac19a57406e6dd205d4a56fdb39ef8aa6ae01d6d3c2b317b232,False,1634,1634,RGB,1634x1634,
validation,V0094.jpg,D:\OIO+\DATASET_RETINA\01.Originais\GLA (Glaucoma)\REFUGE\REFUGE-Validation400\REFUGE-Validation400\V0094.jpg,.jpg,0.8121776580810547,adaf1c2ae6e3e2c08a3f2053651985afeb363e679edab7ab7c93ee34d3191689,False,1634,1634,RGB,1634x1634,
validation,V0095.jpg,D:\OIO+\DATASET_RETINA\01.Originais\GLA (Glaucoma)\REFUGE\REFUGE-Validation400\REFUGE-Validation400\V0095.jpg,.jpg,0.953826904296875,9cf449e8767ff1a3e02aa78dc5b1f294c1fa1b7c7c85c957a019a7f697c0ff1a,False,1634,1634,RGB,1634x1634,
validation,V0096.jpg,D:\OIO+\DATASET_RETINA\01.Originais\GLA (Glaucoma)\REFUGE\REFUGE-Validation400\REFUGE-Validation400\V0096.jpg,.jpg,0.9084672927856445,7f3dc0597a357e2ce10f8f4d51ddb2d9262568f5523cd4268b75c6aa5288cbd2,False,1634,1634,RGB,1634x1634,
validation,V0097.jpg,D:\OIO+\DATASET_RETINA\01.Originais\GLA (Glaucoma)\REFUGE\REFUGE-Validation400\REFUGE-Validation400\V0097.jpg,.jpg,0.9451656341552734,4373956fd3b67ccd9df3f9e1aae4c64bd6e1ce1e9a3e8794adccb007f04ccaeb,False,1634,1634,RGB,1634x1634,
validation,V0098.jpg,D:\OIO+\DATASET_RETINA\01.Originais\GLA (Glaucoma)\REFUGE\REFUGE-Validation400\REFUGE-Validation400\V0098.jpg,.jpg,0.8444480895996094,93351c675be1a1a48a1942f2472c3724d545a4814de04a9b338e7e6c7721310b,False,1634,1634,RGB,1634x1634,
validation,V0099.jpg,D:\OIO+\DATASET_RETINA\01.Originais\GLA (Glaucoma)\REFUGE\REFUGE-Validation400\REFUGE-Validation400\V0099.jpg,.jpg,0.8600997924804688,a80c1a8f0b5221aa3a72c7233c5dca46ed28fdbe03449c820ef8e0ac27ae96f1,False,1634,1634,RGB,1634x1634,
validation,V0100.jpg,D:\OIO+\DATASET_RETINA\01.Originais\GLA (Glaucoma)\REFUGE\REFUGE-Validation400\REFUGE-Validation400\V0100.jpg,.jpg,0.8678379058837891,1cfe70ec8bbb0be3a925ab582b3bbfe896a83cde3ec804a9dad74b2e4b38fe63,False,1634,1634,RGB,1634x1634,
validation,V0101.jpg,D:\OIO+\DATASET_RETINA\01.Originais\GLA (Glaucoma)\REFUGE\REFUGE-Validation400\REFUGE-Validation400\V0101.jpg,.jpg,0.8901443481445312,f32c660125d799a8a3729346874439560f9fde03b60e48f524267bf56bfe55af,False,1634,1634,RGB,1634x1634,
validation,V0102.jpg,D:\OIO+\DATASET_RETINA\01.Originais\GLA (Glaucoma)\REFUGE\REFUGE-Validation400\REFUGE-Validation400\V0102.jpg,.jpg,0.8169622421264648,92634d97e12f806fdabf70015a14b865e697db6f4c364e3afece7b0d405ea6d7,False,1634,1634,RGB,1634x1634,
validation,V0103.jpg,D:\OIO+\DATASET_RETINA\01.Originais\GLA (Glaucoma)\REFUGE\REFUGE-Validation400\REFUGE-Validation400\V0103.jpg,.jpg,0.9431896209716797,445bc9cb75c3aa96cd4d88d42277d570d6e02b235d3352cc51f51414288eb378,False,1634,1634,RGB,1634x1634,
validation,V0104.jpg,D:\OIO+\DATASET_RETINA\01.Originais\GLA (Glaucoma)\REFUGE\REFUGE-Validation400\REFUGE-Validation400\V0104.jpg,.jpg,0.9067754745483398,d7945f5d31fff96dcb06a7d790ab41aed2f3150effe654d3e3601f2ae7d2a7fe,False,1634,1634,RGB,1634x1634,
validation,V0105.jpg,D:\OIO+\DATASET_RETINA\01.Originais\GLA (Glaucoma)\REFUGE\REFUGE-Validation400\REFUGE-Validation400\V0105.jpg,.jpg,0.8038558959960938,6dc6e2b0b4d5d3103f785da884cd3724916e1311fa0a52ad0c72b97d616b423d,False,1634,1634,RGB,1634x1634,
validation,V0106.jpg,D:\OIO+\DATASET_RETINA\01.Originais\GLA (Glaucoma)\REFUGE\REFUGE-Validation400\REFUGE-Validation400\V0106.jpg,.jpg,0.8066167831420898,cd18b0d90f2b7f98ef4546150eb39226bb11cfba5c6a9e13b58f01b83b3040e4,False,1634,1634,RGB,1634x1634,
validation,V0107.jpg,D:\OIO+\DATASET_RETINA\01.Originais\GLA (Glaucoma)\REFUGE\REFUGE-Validation400\REFUGE-Validation400\V0107.jpg,.jpg,0.9360952377319336,44170fb246c98a2986121fc8c8d748fb920f7f47160fc776d373496f913ddb2b,False,1634,1634,RGB,1634x1634,
validation,V0108.jpg,D:\OIO+\DATASET_RETINA\01.Originais\GLA (Glaucoma)\REFUGE\REFUGE-Validation400\REFUGE-Validation400\V0108.jpg,.jpg,0.8763771057128906,befec6eaca4bf7510ea9ec78555edcf063501666059410c1982149bf47233c05,False,1634,1634,RGB,1634x1634,
validation,V0109.jpg,D:\OIO+\DATASET_RETINA\01.Originais\GLA (Glaucoma)\REFUGE\REFUGE-Validation400\REFUGE-Validation400\V0109.jpg,.jpg,0.8136987686157227,8f0e2ca8722d4db1d174e296ed323c171edd4b49f2249127e88b1e89bbda1772,False,1634,1634,RGB,1634x1634,
validation,V0110.jpg,D:\OIO+\DATASET_RETINA\01.Originais\GLA (Glaucoma)\REFUGE\REFUGE-Validation400\REFUGE-Validation400\V0110.jpg,.jpg,0.9186534881591797,f2899845618af7f084ae3a0fa868ecb5ca5c36616130dd7a60a6158b58153cde,False,1634,1634,RGB,1634x1634,
validation,V0111.jpg,D:\OIO+\DATASET_RETINA\01.Originais\GLA (Glaucoma)\REFUGE\REFUGE-Validation400\REFUGE-Validation400\V0111.jpg,.jpg,0.9227781295776367,e7369934235f579c5628e05290e7ab2a44dbaec1f3a1e753a5031595a93434b3,False,1634,1634,RGB,1634x1634,
validation,V0112.jpg,D:\OIO+\DATASET_RETINA\01.Originais\GLA (Glaucoma)\REFUGE\REFUGE-Validation400\REFUGE-Validation400\V0112.jpg,.jpg,0.9260244369506836,c7c2926a899fc55d5cc9539331c31b217c4df9f55474cc5fc52097a316b35fcd,False,1634,1634,RGB,1634x1634,
validation,V0113.jpg,D:\OIO+\DATASET_RETINA\01.Originais\GLA (Glaucoma)\REFUGE\REFUGE-Validation400\REFUGE-Validation400\V0113.jpg,.jpg,0.9642238616943359,bd13eeed5dd856bd02ef6170c132f7c08c8adc91bc752056c36b59c162e0cf78,False,1634,1634,RGB,1634x1634,
validation,V0114.jpg,D:\OIO+\DATASET_RETINA\01.Originais\GLA (Glaucoma)\REFUGE\REFUGE-Validation400\REFUGE-Validation400\V0114.jpg,.jpg,0.8184709548950195,7e595426710fe9d7852ca7c4f1f24860dfdfb6f7eb0febe87b569d4ab2e0b43f,False,1634,1634,RGB,1634x1634,
validation,V0115.jpg,D:\OIO+\DATASET_RETINA\01.Originais\GLA (Glaucoma)\REFUGE\REFUGE-Validation400\REFUGE-Validation400\V0115.jpg,.jpg,0.7717952728271484,6452b59a7c185a1695dd77c6c628af1bc84b0984d1f99ebe5c9b2f6090369619,False,1634,1634,RGB,1634x1634,
validation,V0116.jpg,D:\OIO+\DATASET_RETINA\01.Originais\GLA (Glaucoma)\REFUGE\REFUGE-Validation400\REFUGE-Validation400\V0116.jpg,.jpg,0.83343505859375,75c092c42072ab069255888fe218a1eb7155a7dacd359e455bd7a437883cf2f8,False,1634,1634,RGB,1634x1634,
validation,V0117.jpg,D:\OIO+\DATASET_RETINA\01.Originais\GLA (Glaucoma)\REFUGE\REFUGE-Validation400\REFUGE-Validation400\V0117.jpg,.jpg,0.8309440612792969,9337c3e1a4d961979f1f5231eb078cb79b00ecc32fc86bfc6bdc78d6e746384a,False,1634,1634,RGB,1634x1634,
validation,V0118.jpg,D:\OIO+\DATASET_RETINA\01.Originais\GLA (Glaucoma)\REFUGE\REFUGE-Validation400\REFUGE-Validation400\V0118.jpg,.jpg,0.8801631927490234,41f9d02ff10ec86a23d530cf48b81a177c8787b28e7baa5c78d893e54a2c6ad2,False,1634,1634,RGB,1634x1634,
validation,V0119.jpg,D:\OIO+\DATASET_RETINA\01.Originais\GLA (Glaucoma)\REFUGE\REFUGE-Validation400\REFUGE-Validation400\V0119.jpg,.jpg,0.9127655029296875,e8ac5ee8ab913499003529dddea5a308e91f9e501241c93796880787b00176ca,False,1634,1634,RGB,1634x1634,
validation,V0120.jpg,D:\OIO+\DATASET_RETINA\01.Originais\GLA (Glaucoma)\REFUGE\REFUGE-Validation400\REFUGE-Validation400\V0120.jpg,.jpg,0.96734619140625,506cec3e3d91dc38e93d10ff4f92a24d41c249e9d749738690e93bee04ae0cc9,False,1634,1634,RGB,1634x1634,
validation,V0121.jpg,D:\OIO+\DATASET_RETINA\01.Originais\GLA (Glaucoma)\REFUGE\REFUGE-Validation400\REFUGE-Validation400\V0121.jpg,.jpg,0.9768638610839844,faa0271c17206c111d5fb8388e2858eafd3639392ccdfbacdf3b97fe5a47b29b,False,1634,1634,RGB,1634x1634,
validation,V0122.jpg,D:\OIO+\DATASET_RETINA\01.Originais\GLA (Glaucoma)\REFUGE\REFUGE-Validation400\REFUGE-Validation400\V0122.jpg,.jpg,0.9276800155639648,36e6e9821b1145076740b4677005a90aca5726703bcac9e55be37e4d43fb6f8e,False,1634,1634,RGB,1634x1634,
validation,V0123.jpg,D:\OIO+\DATASET_RETINA\01.Originais\GLA (Glaucoma)\REFUGE\REFUGE-Validation400\REFUGE-Validation400\V0123.jpg,.jpg,0.9360599517822266,485c83d1cfb7fa6ccf37b92939bd479b58f569b8f3b787073d296519e1401dc7,False,1634,1634,RGB,1634x1634,
validation,V0124.jpg,D:\OIO+\DATASET_RETINA\01.Originais\GLA (Glaucoma)\REFUGE\REFUGE-Validation400\REFUGE-Validation400\V0124.jpg,.jpg,0.8534326553344727,9ceba0acf36e2a94ba13712d8f827cd565cb3e2232a8cddb118272402f655135,False,1634,1634,RGB,1634x1634,
validation,V0125.jpg,D:\OIO+\DATASET_RETINA\01.Originais\GLA (Glaucoma)\REFUGE\REFUGE-Validation400\REFUGE-Validation400\V0125.jpg,.jpg,0.8232555389404297,1977973878ea29784534fa25b214c3f16578158d9920ce79f93b56da3592be54,False,1634,1634,RGB,1634x1634,
validation,V0126.jpg,D:\OIO+\DATASET_RETINA\01.Originais\GLA (Glaucoma)\REFUGE\REFUGE-Validation400\REFUGE-Validation400\V0126.jpg,.jpg,0.810612678527832,7a8ba1097336b296ce7ae359bba02b9f0ce71293f9ce047665fc3240921562ba,False,1634,1634,RGB,1634x1634,
validation,V0127.jpg,D:\OIO+\DATASET_RETINA\01.Originais\GLA (Glaucoma)\REFUGE\REFUGE-Validation400\REFUGE-Validation400\V0127.jpg,.jpg,0.8991804122924805,36750635f3be7b472b070ec132c5f8e2a7fe481d0c8a5c3ab3a164ca93b37449,False,1634,1634,RGB,1634x1634,
validation,V0128.jpg,D:\OIO+\DATASET_RETINA\01.Originais\GLA (Glaucoma)\REFUGE\REFUGE-Validation400\REFUGE-Validation400\V0128.jpg,.jpg,0.7844018936157227,092e3b473ec782c7772704e719b861cc145542890f8874445a965af4c7dd2cf7,False,1634,1634,RGB,1634x1634,
validation,V0129.jpg,D:\OIO+\DATASET_RETINA\01.Originais\GLA (Glaucoma)\REFUGE\REFUGE-Validation400\REFUGE-Validation400\V0129.jpg,.jpg,0.8172636032104492,dc932241d1b3c1cd82e6bbd2470a4315e48ff063c44660a1fadf8a6e26374492,False,1634,1634,RGB,1634x1634,
validation,V0130.jpg,D:\OIO+\DATASET_RETINA\01.Originais\GLA (Glaucoma)\REFUGE\REFUGE-Validation400\REFUGE-Validation400\V0130.jpg,.jpg,0.9620723724365234,fde8c70b53c9986afa1f1101efeeb7e7b43d15e6df128c41e71bf5f09181cd30,False,1634,1634,RGB,1634x1634,
validation,V0131.jpg,D:\OIO+\DATASET_RETINA\01.Originais\GLA (Glaucoma)\REFUGE\REFUGE-Validation400\REFUGE-Validation400\V0131.jpg,.jpg,0.8100919723510742,25da1f97ecebc640e0558bad09e5fb2cced767fcc712f628ee8e03e4466a2273,False,1634,1634,RGB,1634x1634,
validation,V0132.jpg,D:\OIO+\DATASET_RETINA\01.Originais\GLA (Glaucoma)\REFUGE\REFUGE-Validation400\REFUGE-Validation400\V0132.jpg,.jpg,0.939885139465332,6bf17f52881f93614ebe3fd5e8a595ac8ae86e3d88fb6d690a19eb11a7de70c6,False,1634,1634,RGB,1634x1634,
validation,V0133.jpg,D:\OIO+\DATASET_RETINA\01.Originais\GLA (Glaucoma)\REFUGE\REFUGE-Validation400\REFUGE-Validation400\V0133.jpg,.jpg,0.9183034896850586,b872f079c4f2d73ece8206cb301d1d0100c0810f13f16965307523a23ef92766,False,1634,1634,RGB,1634x1634,
validation,V0134.jpg,D:\OIO+\DATASET_RETINA\01.Originais\GLA (Glaucoma)\REFUGE\REFUGE-Validation400\REFUGE-Validation400\V0134.jpg,.jpg,0.816105842590332,0d8a318d01a8bedbdcbe199543976b32360d4738b2c591156442829aa1dc36ec,False,1634,1634,RGB,1634x1634,
validation,V0135.jpg,D:\OIO+\DATASET_RETINA\01.Originais\GLA (Glaucoma)\REFUGE\REFUGE-Validation400\REFUGE-Validation400\V0135.jpg,.jpg,0.9221763610839844,c4e6bd350182f77666a1be542ed7e0f2a6750686936649008943be6c3c85fd35,False,1634,1634,RGB,1634x1634,
validation,V0136.jpg,D:\OIO+\DATASET_RETINA\01.Originais\GLA (Glaucoma)\REFUGE\REFUGE-Validation400\REFUGE-Validation400\V0136.jpg,.jpg,0.9821338653564453,e86889235082769e0722d8033c8f07a70a1dd7ade9bf01dba8c62a6ba6f4dfb9,False,1634,1634,RGB,1634x1634,
validation,V0137.jpg,D:\OIO+\DATASET_RETINA\01.Originais\GLA (Glaucoma)\REFUGE\REFUGE-Validation400\REFUGE-Validation400\V0137.jpg,.jpg,0.9247617721557617,2d77f61865f2fc976463c8ffe45404c558d647c7becd7a8bd2bba9523e141342,False,1634,1634,RGB,1634x1634,
validation,V0138.jpg,D:\OIO+\DATASET_RETINA\01.Originais\GLA (Glaucoma)\REFUGE\REFUGE-Validation400\REFUGE-Validation400\V0138.jpg,.jpg,0.9311866760253906,29186db931d9cade71885d3829651d7af9e6cf9c27b71cbf30ad0bc54a7e88f6,False,1634,1634,RGB,1634x1634,
validation,V0139.jpg,D:\OIO+\DATASET_RETINA\01.Originais\GLA (Glaucoma)\REFUGE\REFUGE-Validation400\REFUGE-Validation400\V0139.jpg,.jpg,0.8983497619628906,a9606b987b701582eccf03e8420b766dc2e9cacaaf51305952c9d65ea68ffaba,False,1634,1634,RGB,1634x1634,
validation,V0140.jpg,D:\OIO+\DATASET_RETINA\01.Originais\GLA (Glaucoma)\REFUGE\REFUGE-Validation400\REFUGE-Validation400\V0140.jpg,.jpg,0.9684133529663086,0b9c620d42a3069297e8646e010deca8a0834e84c4ad2388344fc32b57f3005c,False,1634,1634,RGB,1634x1634,
validation,V0141.jpg,D:\OIO+\DATASET_RETINA\01.Originais\GLA (Glaucoma)\REFUGE\REFUGE-Validation400\REFUGE-Validation400\V0141.jpg,.jpg,0.8084306716918945,e08a8b1d952934c2e84d96656691ee8319ab571978ab2d8bbbb706f6a9a4c560,False,1634,1634,RGB,1634x1634,
validation,V0142.jpg,D:\OIO+\DATASET_RETINA\01.Originais\GLA (Glaucoma)\REFUGE\REFUGE-Validation400\REFUGE-Validation400\V0142.jpg,.jpg,0.8537845611572266,e13778beb15f9a98588a179d91f8a87556c7ebca461217db2528925f626637c9,False,1634,1634,RGB,1634x1634,
validation,V0143.jpg,D:\OIO+\DATASET_RETINA\01.Originais\GLA (Glaucoma)\REFUGE\REFUGE-Validation400\REFUGE-Validation400\V0143.jpg,.jpg,0.8225803375244141,bea9cbf1b08e06feb069f59dff4592f93a7333befdb1d711c51e789a667abf67,False,1634,1634,RGB,1634x1634,
validation,V0144.jpg,D:\OIO+\DATASET_RETINA\01.Originais\GLA (Glaucoma)\REFUGE\REFUGE-Validation400\REFUGE-Validation400\V0144.jpg,.jpg,0.9320974349975586,848135c0fcfefaa71e73ccb035594a6634430a21023db421ebe5c37faaa1ea05,False,1634,1634,RGB,1634x1634,
validation,V0145.jpg,D:\OIO+\DATASET_RETINA\01.Originais\GLA (Glaucoma)\REFUGE\REFUGE-Validation400\REFUGE-Validation400\V0145.jpg,.jpg,0.9458608627319336,1836e6f423a2e5737d9d1073771cfac2d66f94412e72e34a05ddea01670e3410,False,1634,1634,RGB,1634x1634,
validation,V0146.jpg,D:\OIO+\DATASET_RETINA\01.Originais\GLA (Glaucoma)\REFUGE\REFUGE-Validation400\REFUGE-Validation400\V0146.jpg,.jpg,0.8379955291748047,cb7e1fa2b7242a6965515ab210f38e5417f45e2d8aa455ef5aba8dd0b5cc9f58,False,1634,1634,RGB,1634x1634,
validation,V0147.jpg,D:\OIO+\DATASET_RETINA\01.Originais\GLA (Glaucoma)\REFUGE\REFUGE-Validation400\REFUGE-Validation400\V0147.jpg,.jpg,0.9068717956542969,050576514abb0f3fa8b1c5b7fca57d8a7d5c68235951f6ca3118311966e798ec,False,1634,1634,RGB,1634x1634,
validation,V0148.jpg,D:\OIO+\DATASET_RETINA\01.Originais\GLA (Glaucoma)\REFUGE\REFUGE-Validation400\REFUGE-Validation400\V0148.jpg,.jpg,0.9106426239013672,d1764ff86c90e73b6a1cd2f52a4e46ca5dd00a7e5dc9eb95218416b225e63d2a,False,1634,1634,RGB,1634x1634,
validation,V0149.jpg,D:\OIO+\DATASET_RETINA\01.Originais\GLA (Glaucoma)\REFUGE\REFUGE-Validation400\REFUGE-Validation400\V0149.jpg,.jpg,0.8883295059204102,60ff9cb7c792c9c96a2c533532fec07289c3eb835626b4103bce5710b2931f6d,False,1634,1634,RGB,1634x1634,
validation,V0150.jpg,D:\OIO+\DATASET_RETINA\01.Originais\GLA (Glaucoma)\REFUGE\REFUGE-Validation400\REFUGE-Validation400\V0150.jpg,.jpg,0.8175134658813477,b3f7c0d75e31abda3fa3d945697dfe8f5aa9de6c70ffc5a00b4716bc17e64e08,False,1634,1634,RGB,1634x1634,
validation,V0151.jpg,D:\OIO+\DATASET_RETINA\01.Originais\GLA (Glaucoma)\REFUGE\REFUGE-Validation400\REFUGE-Validation400\V0151.jpg,.jpg,0.966130256652832,f4c0ff506bfbb056e1f0ba054462a1bbb9f3c73ec4247297fde258b7bde1f5d6,False,1634,1634,RGB,1634x1634,
validation,V0152.jpg,D:\OIO+\DATASET_RETINA\01.Originais\GLA (Glaucoma)\REFUGE\REFUGE-Validation400\REFUGE-Validation400\V0152.jpg,.jpg,0.9514894485473633,03efbb11c49938e96bbe2e4fc4b98ddf972499abb2baddbafea3cb4b924e886c,False,1634,1634,RGB,1634x1634,
validation,V0153.jpg,D:\OIO+\DATASET_RETINA\01.Originais\GLA (Glaucoma)\REFUGE\REFUGE-Validation400\REFUGE-Validation400\V0153.jpg,.jpg,0.9188241958618164,4c14bc7a67f44f7f713b4df0740969a120a8b198d736ddfaabd8f565b349633a,False,1634,1634,RGB,1634x1634,
validation,V0154.jpg,D:\OIO+\DATASET_RETINA\01.Originais\GLA (Glaucoma)\REFUGE\REFUGE-Validation400\REFUGE-Validation400\V0154.jpg,.jpg,0.7898435592651367,f35d080603daa7f6449a33f6c3e203ad4dd314ad6d0a7ebe4715c91ccfb0dc69,False,1634,1634,RGB,1634x1634,
validation,V0155.jpg,D:\OIO+\DATASET_RETINA\01.Originais\GLA (Glaucoma)\REFUGE\REFUGE-Validation400\REFUGE-Validation400\V0155.jpg,.jpg,0.8427457809448242,925a8a53421433131573b5a0d132c07b9101bf6f75ff81de72eff1e9b20493e5,False,1634,1634,RGB,1634x1634,
validation,V0156.jpg,D:\OIO+\DATASET_RETINA\01.Originais\GLA (Glaucoma)\REFUGE\REFUGE-Validation400\REFUGE-Validation400\V0156.jpg,.jpg,0.8051252365112305,208331e466691539faa270450c5f8ea0b13ca5cfcd2b19ba2e6d28bf89c9980a,False,1634,1634,RGB,1634x1634,
validation,V0157.jpg,D:\OIO+\DATASET_RETINA\01.Originais\GLA (Glaucoma)\REFUGE\REFUGE-Validation400\REFUGE-Validation400\V0157.jpg,.jpg,0.9416360855102539,a17840f28212e539a2a7319c97b124e01309badfdcf52d01135897e1b44da68e,False,1634,1634,RGB,1634x1634,
validation,V0158.jpg,D:\OIO+\DATASET_RETINA\01.Originais\GLA (Glaucoma)\REFUGE\REFUGE-Validation400\REFUGE-Validation400\V0158.jpg,.jpg,0.9593744277954102,156137b098ab3387e541748473fc8126a2deb434165c743fc289c2f91d0859cc,False,1634,1634,RGB,1634x1634,
validation,V0159.jpg,D:\OIO+\DATASET_RETINA\01.Originais\GLA (Glaucoma)\REFUGE\REFUGE-Validation400\REFUGE-Validation400\V0159.jpg,.jpg,0.8641281127929688,5d9f7ca4bd4844758301544558a971292ff989b992b8dc63f44ba80e555f1e62,False,1634,1634,RGB,1634x1634,
validation,V0160.jpg,D:\OIO+\DATASET_RETINA\01.Originais\GLA (Glaucoma)\REFUGE\REFUGE-Validation400\REFUGE-Validation400\V0160.jpg,.jpg,0.8780546188354492,22262d5a820d5e3bf00d9c376c6ea741ab97bc39004db9c5468b982b3a3a4068,False,1634,1634,RGB,1634x1634,
validation,V0161.jpg,D:\OIO+\DATASET_RETINA\01.Originais\GLA (Glaucoma)\REFUGE\REFUGE-Validation400\REFUGE-Validation400\V0161.jpg,.jpg,0.9241323471069336,4e2638e0c1c151191970ef7c2615c77b0f316ac8cd64b5750cf3b7d030329084,False,1634,1634,RGB,1634x1634,
validation,V0162.jpg,D:\OIO+\DATASET_RETINA\01.Originais\GLA (Glaucoma)\REFUGE\REFUGE-Validation400\REFUGE-Validation400\V0162.jpg,.jpg,0.8109817504882812,ccc7a747973148554b801a75ac4cf8bf2b1a2a18d680b844503f725621d6dadd,False,1634,1634,RGB,1634x1634,
validation,V0163.jpg,D:\OIO+\DATASET_RETINA\01.Originais\GLA (Glaucoma)\REFUGE\REFUGE-Validation400\REFUGE-Validation400\V0163.jpg,.jpg,0.802947998046875,a8279f13e1ed21e6839b8da7d177248514033b85f62d6f6450545e609ce53e6d,False,1634,1634,RGB,1634x1634,
validation,V0164.jpg,D:\OIO+\DATASET_RETINA\01.Originais\GLA (Glaucoma)\REFUGE\REFUGE-Validation400\REFUGE-Validation400\V0164.jpg,.jpg,0.8043031692504883,4879d552f12ab23a941a1c906559825e492a0728ca2defb0aae37a06ba5687d8,False,1634,1634,RGB,1634x1634,
validation,V0165.jpg,D:\OIO+\DATASET_RETINA\01.Originais\GLA (Glaucoma)\REFUGE\REFUGE-Validation400\REFUGE-Validation400\V0165.jpg,.jpg,0.8609170913696289,93d1126e8447ce30fd337143ee3a5de3521835d1da1da4999b4f0354ab3884e4,False,1634,1634,RGB,1634x1634,
validation,V0166.jpg,D:\OIO+\DATASET_RETINA\01.Originais\GLA (Glaucoma)\REFUGE\REFUGE-Validation400\REFUGE-Validation400\V0166.jpg,.jpg,0.914555549621582,100a468b90a6ca8e699bc607f89918cfc6299013d3b4dc6deff7ae15b613f5f8,False,1634,1634,RGB,1634x1634,
validation,V0167.jpg,D:\OIO+\DATASET_RETINA\01.Originais\GLA (Glaucoma)\REFUGE\REFUGE-Validation400\REFUGE-Validation400\V0167.jpg,.jpg,0.8169965744018555,cd24180a670ba04949d8909555fb8538a33fbf9edf616c09c53f0bd7d1c8730c,False,1634,1634,RGB,1634x1634,
validation,V0168.jpg,D:\OIO+\DATASET_RETINA\01.Originais\GLA (Glaucoma)\REFUGE\REFUGE-Validation400\REFUGE-Validation400\V0168.jpg,.jpg,0.9157686233520508,5194a87c97b0caad16765706473420535058e9008c7620db80ae4e7073d149cb,False,1634,1634,RGB,1634x1634,
validation,V0169.jpg,D:\OIO+\DATASET_RETINA\01.Originais\GLA (Glaucoma)\REFUGE\REFUGE-Validation400\REFUGE-Validation400\V0169.jpg,.jpg,0.8002805709838867,0c36b23b5e2986a33744eb55c3dcda0687064d629203e905697c275cb50e5c4a,False,1634,1634,RGB,1634x1634,
validation,V0170.jpg,D:\OIO+\DATASET_RETINA\01.Originais\GLA (Glaucoma)\REFUGE\REFUGE-Validation400\REFUGE-Validation400\V0170.jpg,.jpg,0.7803955078125,5386c88023e08e2813212110ac31120d14fc260eac9ba25e99a6acb1bfd2757f,False,1634,1634,RGB,1634x1634,
validation,V0171.jpg,D:\OIO+\DATASET_RETINA\01.Originais\GLA (Glaucoma)\REFUGE\REFUGE-Validation400\REFUGE-Validation400\V0171.jpg,.jpg,0.8825244903564453,774eae790339cfcc7bfb762c7f4c2915866553442473950f0f82eb4ed5a67b3f,False,1634,1634,RGB,1634x1634,
validation,V0172.jpg,D:\OIO+\DATASET_RETINA\01.Originais\GLA (Glaucoma)\REFUGE\REFUGE-Validation400\REFUGE-Validation400\V0172.jpg,.jpg,0.8691616058349609,b9f5459f573ee55db83a0a305dabe989f3382af9a04ea72ea17e1f1625099118,False,1634,1634,RGB,1634x1634,
validation,V0173.jpg,D:\OIO+\DATASET_RETINA\01.Originais\GLA (Glaucoma)\REFUGE\REFUGE-Validation400\REFUGE-Validation400\V0173.jpg,.jpg,0.9779338836669922,ffbcb5b460f54c60acbb499756a0790985a7a5dc6787fe882eb7caf7359b2e7e,False,1634,1634,RGB,1634x1634,
validation,V0174.jpg,D:\OIO+\DATASET_RETINA\01.Originais\GLA (Glaucoma)\REFUGE\REFUGE-Validation400\REFUGE-Validation400\V0174.jpg,.jpg,0.9344291687011719,f743570c18eee59af38cee6d013367234dc57ed52e426898a16e69059aedf636,False,1634,1634,RGB,1634x1634,
validation,V0175.jpg,D:\OIO+\DATASET_RETINA\01.Originais\GLA (Glaucoma)\REFUGE\REFUGE-Validation400\REFUGE-Validation400\V0175.jpg,.jpg,0.7591934204101562,9b4d38aa88886da6f6b845e2ba91da6a24c5c0f21818d102c6601b254777b4bc,False,1634,1634,RGB,1634x1634,
validation,V0176.jpg,D:\OIO+\DATASET_RETINA\01.Originais\GLA (Glaucoma)\REFUGE\REFUGE-Validation400\REFUGE-Validation400\V0176.jpg,.jpg,0.8408422470092773,9c0defce2cc943c5aaef37e53875bd5e24a3ff1a25a6014130ccc01500e05877,False,1634,1634,RGB,1634x1634,
validation,V0177.jpg,D:\OIO+\DATASET_RETINA\01.Originais\GLA (Glaucoma)\REFUGE\REFUGE-Validation400\REFUGE-Validation400\V0177.jpg,.jpg,0.9257097244262695,4faf81680e17cef3b25c4a1be654f421c81031522b7ca543327d2f3bd4597111,False,1634,1634,RGB,1634x1634,
validation,V0178.jpg,D:\OIO+\DATASET_RETINA\01.Originais\GLA (Glaucoma)\REFUGE\REFUGE-Validation400\REFUGE-Validation400\V0178.jpg,.jpg,0.9605073928833008,ce958815deb7af9705c188006afb542cb892367a79c04735ae2d4fd19f61a9d3,False,1634,1634,RGB,1634x1634,
validation,V0179.jpg,D:\OIO+\DATASET_RETINA\01.Originais\GLA (Glaucoma)\REFUGE\REFUGE-Validation400\REFUGE-Validation400\V0179.jpg,.jpg,0.8466606140136719,ff3232f545eefe6dc524dd87b1c1828574f9a8ccbebb9bdf934548def727e178,False,1634,1634,RGB,1634x1634,
validation,V0180.jpg,D:\OIO+\DATASET_RETINA\01.Originais\GLA (Glaucoma)\REFUGE\REFUGE-Validation400\REFUGE-Validation400\V0180.jpg,.jpg,0.948298454284668,86797b959f134bbeeb15c06e69484534284df3fb5851aa35589e964798530502,False,1634,1634,RGB,1634x1634,
validation,V0181.jpg,D:\OIO+\DATASET_RETINA\01.Originais\GLA (Glaucoma)\REFUGE\REFUGE-Validation400\REFUGE-Validation400\V0181.jpg,.jpg,0.9821453094482422,40ce6210cb0344d4a4e793ee9ba2b3dcd035bf5dc87b001f934a72d1a3b6ad90,False,1634,1634,RGB,1634x1634,
validation,V0182.jpg,D:\OIO+\DATASET_RETINA\01.Originais\GLA (Glaucoma)\REFUGE\REFUGE-Validation400\REFUGE-Validation400\V0182.jpg,.jpg,0.8936128616333008,6b7e9380e8c79d253c3795cc7cc651c01f08da8ca2308cc2d3a6628d61b37729,False,1634,1634,RGB,1634x1634,
validation,V0183.jpg,D:\OIO+\DATASET_RETINA\01.Originais\GLA (Glaucoma)\REFUGE\REFUGE-Validation400\REFUGE-Validation400\V0183.jpg,.jpg,0.9375925064086914,9432575f33fb2ba4a441cdd3be2654f70eec2bb2975be5a5d47703a9d419c124,False,1634,1634,RGB,1634x1634,
validation,V0184.jpg,D:\OIO+\DATASET_RETINA\01.Originais\GLA (Glaucoma)\REFUGE\REFUGE-Validation400\REFUGE-Validation400\V0184.jpg,.jpg,0.9411525726318359,84919a085ce9c3f420e26e3955000919105521de7fa0d520bc7f3bc688853612,False,1634,1634,RGB,1634x1634,
validation,V0185.jpg,D:\OIO+\DATASET_RETINA\01.Originais\GLA (Glaucoma)\REFUGE\REFUGE-Validation400\REFUGE-Validation400\V0185.jpg,.jpg,0.7616586685180664,ceb64a67e69966db8fb295554a2ca4b62eb02c8009b49d56ca51f19080393de0,False,1634,1634,RGB,1634x1634,
validation,V0186.jpg,D:\OIO+\DATASET_RETINA\01.Originais\GLA (Glaucoma)\REFUGE\REFUGE-Validation400\REFUGE-Validation400\V0186.jpg,.jpg,0.8502073287963867,98eb669a038ba15820c2e5450ea3ca0fcd4e950a1b9a49a94981c3637070d010,False,1634,1634,RGB,1634x1634,
validation,V0187.jpg,D:\OIO+\DATASET_RETINA\01.Originais\GLA (Glaucoma)\REFUGE\REFUGE-Validation400\REFUGE-Validation400\V0187.jpg,.jpg,0.865234375,d6285d2b0ef47cb1fa695a6b12a81e166824bbd599a69c6956b4bce85909d5ce,False,1634,1634,RGB,1634x1634,
validation,V0188.jpg,D:\OIO+\DATASET_RETINA\01.Originais\GLA (Glaucoma)\REFUGE\REFUGE-Validation400\REFUGE-Validation400\V0188.jpg,.jpg,0.7946367263793945,7a3a5a03b2a6d642a2cf42cf89ef3ba15d0399a8f6e6999cf48e25464607e2a9,False,1634,1634,RGB,1634x1634,
validation,V0189.jpg,D:\OIO+\DATASET_RETINA\01.Originais\GLA (Glaucoma)\REFUGE\REFUGE-Validation400\REFUGE-Validation400\V0189.jpg,.jpg,0.9884471893310547,12c883fbad9f88d32c695973937f99e34846da35e67968a1d5a296cd095b42c1,False,1634,1634,RGB,1634x1634,
validation,V0190.jpg,D:\OIO+\DATASET_RETINA\01.Originais\GLA (Glaucoma)\REFUGE\REFUGE-Validation400\REFUGE-Validation400\V0190.jpg,.jpg,0.8974227905273438,79fa2faca045cb7ec6bcb3053c7d38461dfb19343d87a03aad431a0a783f2361,False,1634,1634,RGB,1634x1634,
validation,V0191.jpg,D:\OIO+\DATASET_RETINA\01.Originais\GLA (Glaucoma)\REFUGE\REFUGE-Validation400\REFUGE-Validation400\V0191.jpg,.jpg,0.8187713623046875,8e8af5d008b77c8f07f463213bbf7af6178106e5923ab16f401f4da5d0aa0795,False,1634,1634,RGB,1634x1634,
validation,V0192.jpg,D:\OIO+\DATASET_RETINA\01.Originais\GLA (Glaucoma)\REFUGE\REFUGE-Validation400\REFUGE-Validation400\V0192.jpg,.jpg,0.8922786712646484,7e697993848355ff96c1cd042c864970e2e3ec4e81a138a2f28eb41e1cd0138d,False,1634,1634,RGB,1634x1634,
validation,V0193.jpg,D:\OIO+\DATASET_RETINA\01.Originais\GLA (Glaucoma)\REFUGE\REFUGE-Validation400\REFUGE-Validation400\V0193.jpg,.jpg,0.914423942565918,e940e13d23722fded1703c811b1136f16dc2800a04d5bd46c3474abd227d3f22,False,1634,1634,RGB,1634x1634,
validation,V0194.jpg,D:\OIO+\DATASET_RETINA\01.Originais\GLA (Glaucoma)\REFUGE\REFUGE-Validation400\REFUGE-Validation400\V0194.jpg,.jpg,0.757843017578125,05759a33c85eca2782149608308d08bcffb524486dd3c93e58c5dd951e4a1d98,False,1634,1634,RGB,1634x1634,
validation,V0195.jpg,D:\OIO+\DATASET_RETINA\01.Originais\GLA (Glaucoma)\REFUGE\REFUGE-Validation400\REFUGE-Validation400\V0195.jpg,.jpg,0.8001384735107422,5dbf5d8a0748f83e740b96e9e4a3630ef332d6e7647ebb45b89910601690a39e,False,1634,1634,RGB,1634x1634,
validation,V0196.jpg,D:\OIO+\DATASET_RETINA\01.Originais\GLA (Glaucoma)\REFUGE\REFUGE-Validation400\REFUGE-Validation400\V0196.jpg,.jpg,0.8091344833374023,6b4e838f7bd985244f2bec585ed3fb62f203bf8452e948fecad420c01332b99c,False,1634,1634,RGB,1634x1634,
validation,V0197.jpg,D:\OIO+\DATASET_RETINA\01.Originais\GLA (Glaucoma)\REFUGE\REFUGE-Validation400\REFUGE-Validation400\V0197.jpg,.jpg,1.010401725769043,ad7cde5b59aee4d317fa8b1e1318ccdd87343758d1ccd457b5e49be87c499276,False,1634,1634,RGB,1634x1634,
validation,V0198.jpg,D:\OIO+\DATASET_RETINA\01.Originais\GLA (Glaucoma)\REFUGE\REFUGE-Validation400\REFUGE-Validation400\V0198.jpg,.jpg,0.9742269515991211,cb6897b239280f2471c7162ec84ece2a73414beeba32ba165b430acc3e131728,False,1634,1634,RGB,1634x1634,
validation,V0199.jpg,D:\OIO+\DATASET_RETINA\01.Originais\GLA (Glaucoma)\REFUGE\REFUGE-Validation400\REFUGE-Validation400\V0199.jpg,.jpg,0.8626165390014648,a462c8072054f41e7c492f5fbdb2d9562aee7ca60e0a7a05fcb04c5f2c19a8a1,False,1634,1634,RGB,1634x1634,
validation,V0200.jpg,D:\OIO+\DATASET_RETINA\01.Originais\GLA (Glaucoma)\REFUGE\REFUGE-Validation400\REFUGE-Validation400\V0200.jpg,.jpg,0.784123420715332,90d5d31ca76df6439bf567ed1f67bdca5e57c4a3c0f47d35fc0e2dff6637273a,False,1634,1634,RGB,1634x1634,
validation,V0201.jpg,D:\OIO+\DATASET_RETINA\01.Originais\GLA (Glaucoma)\REFUGE\REFUGE-Validation400\REFUGE-Validation400\V0201.jpg,.jpg,0.9210691452026367,5b6cbc23c70459d43485ca47153e59e95aae591a3b997d779ef9c17dd86ddf3e,False,1634,1634,RGB,1634x1634,
validation,V0202.jpg,D:\OIO+\DATASET_RETINA\01.Originais\GLA (Glaucoma)\REFUGE\REFUGE-Validation400\REFUGE-Validation400\V0202.jpg,.jpg,0.9582805633544922,ec608cc7e30d6396700ac596796c87a0be45b6eeb9dc80a59fe8993c25b350d3,False,1634,1634,RGB,1634x1634,
validation,V0203.jpg,D:\OIO+\DATASET_RETINA\01.Originais\GLA (Glaucoma)\REFUGE\REFUGE-Validation400\REFUGE-Validation400\V0203.jpg,.jpg,0.8264503479003906,08125d286809cef241aaa5b4d1137fc1e995a94e2a9ba5245c6e3754ca5515fd,False,1634,1634,RGB,1634x1634,
validation,V0204.jpg,D:\OIO+\DATASET_RETINA\01.Originais\GLA (Glaucoma)\REFUGE\REFUGE-Validation400\REFUGE-Validation400\V0204.jpg,.jpg,0.7781486511230469,46f8bf066dd46c4419d54f73986a57f0641781962a82883385908facf2b47381,False,1634,1634,RGB,1634x1634,
validation,V0205.jpg,D:\OIO+\DATASET_RETINA\01.Originais\GLA (Glaucoma)\REFUGE\REFUGE-Validation400\REFUGE-Validation400\V0205.jpg,.jpg,0.9280910491943359,74c07f7f364afacacccbe65e41466f8377f73bff7a9d857ddf4d6b54d0df528c,False,1634,1634,RGB,1634x1634,
validation,V0206.jpg,D:\OIO+\DATASET_RETINA\01.Originais\GLA (Glaucoma)\REFUGE\REFUGE-Validation400\REFUGE-Validation400\V0206.jpg,.jpg,0.9038057327270508,8237a07bfed463287f4ba4511ce4d52453c03527bd016aa91cceadeb33f0bd0c,False,1634,1634,RGB,1634x1634,
validation,V0207.jpg,D:\OIO+\DATASET_RETINA\01.Originais\GLA (Glaucoma)\REFUGE\REFUGE-Validation400\REFUGE-Validation400\V0207.jpg,.jpg,0.8024320602416992,4417fe06fcd5646398a76fdcc58c3617a2c8770c04d9f5f4e9d79c1096a73c1b,False,1634,1634,RGB,1634x1634,
validation,V0208.jpg,D:\OIO+\DATASET_RETINA\01.Originais\GLA (Glaucoma)\REFUGE\REFUGE-Validation400\REFUGE-Validation400\V0208.jpg,.jpg,0.9205141067504883,9905bc28b956b80f8ddc2b14c649e40d724fddfcfba87fe7cb5fd71ac1ff0578,False,1634,1634,RGB,1634x1634,
validation,V0209.jpg,D:\OIO+\DATASET_RETINA\01.Originais\GLA (Glaucoma)\REFUGE\REFUGE-Validation400\REFUGE-Validation400\V0209.jpg,.jpg,0.7932500839233398,21266e6893144d4e5eb1218e4f7ae3df2b89d961de8a0d9585e7770ace27cd9e,False,1634,1634,RGB,1634x1634,
validation,V0210.jpg,D:\OIO+\DATASET_RETINA\01.Originais\GLA (Glaucoma)\REFUGE\REFUGE-Validation400\REFUGE-Validation400\V0210.jpg,.jpg,0.8151102066040039,a8105de769dd5da5de1b51fae7cf0128da142a4e1354c1fa1eebba5114d82e47,False,1634,1634,RGB,1634x1634,
validation,V0211.jpg,D:\OIO+\DATASET_RETINA\01.Originais\GLA (Glaucoma)\REFUGE\REFUGE-Validation400\REFUGE-Validation400\V0211.jpg,.jpg,0.7725296020507812,d0f0aa802a471a5a7b0d7e586b17955dd76fb7fab2cd4527cadd9330335a4178,False,1634,1634,RGB,1634x1634,
validation,V0212.jpg,D:\OIO+\DATASET_RETINA\01.Originais\GLA (Glaucoma)\REFUGE\REFUGE-Validation400\REFUGE-Validation400\V0212.jpg,.jpg,0.8508329391479492,6d277f4888c498c19f64cf867172634a212558ebede938bf86537e3124557440,False,1634,1634,RGB,1634x1634,
validation,V0213.jpg,D:\OIO+\DATASET_RETINA\01.Originais\GLA (Glaucoma)\REFUGE\REFUGE-Validation400\REFUGE-Validation400\V0213.jpg,.jpg,1.0038719177246094,42ef343a929b30b0bbf1de9438854a954a7a07f46af3d60d62a68ff6d957ffaa,False,1634,1634,RGB,1634x1634,
validation,V0214.jpg,D:\OIO+\DATASET_RETINA\01.Originais\GLA (Glaucoma)\REFUGE\REFUGE-Validation400\REFUGE-Validation400\V0214.jpg,.jpg,0.7959718704223633,b2a841ab89c675d26fe53ccbfd736c5fb1a109bc808217748bfb86cc2d092d1b,False,1634,1634,RGB,1634x1634,
validation,V0215.jpg,D:\OIO+\DATASET_RETINA\01.Originais\GLA (Glaucoma)\REFUGE\REFUGE-Validation400\REFUGE-Validation400\V0215.jpg,.jpg,0.8653116226196289,1850b6044eeca578c0d24ec4cd9201bbd3a68f39dcd1b6e7f6ec0723d508a7ce,False,1634,1634,RGB,1634x1634,
validation,V0216.jpg,D:\OIO+\DATASET_RETINA\01.Originais\GLA (Glaucoma)\REFUGE\REFUGE-Validation400\REFUGE-Validation400\V0216.jpg,.jpg,0.9747886657714844,81e41be6f3cd78216518571d9960c1a0d165f0c52f2e6352ea35c34e4be24092,False,1634,1634,RGB,1634x1634,
validation,V0217.jpg,D:\OIO+\DATASET_RETINA\01.Originais\GLA (Glaucoma)\REFUGE\REFUGE-Validation400\REFUGE-Validation400\V0217.jpg,.jpg,0.8031864166259766,fc91c748fc258fe7ff72e2ebdfdd6ca06b80ad1999944b98c7481753a3da6c3f,False,1634,1634,RGB,1634x1634,
validation,V0218.jpg,D:\OIO+\DATASET_RETINA\01.Originais\GLA (Glaucoma)\REFUGE\REFUGE-Validation400\REFUGE-Validation400\V0218.jpg,.jpg,0.916804313659668,ecb3aa9b7ee8768a52c0ec16cf06660ce200dcda3e1daeea4c55f17998addfbb,False,1634,1634,RGB,1634x1634,
validation,V0219.jpg,D:\OIO+\DATASET_RETINA\01.Originais\GLA (Glaucoma)\REFUGE\REFUGE-Validation400\REFUGE-Validation400\V0219.jpg,.jpg,0.8831977844238281,f76ae430a044b03056b40381d883c3baa56fcde493c73d8de22d0f33dba36610,False,1634,1634,RGB,1634x1634,
validation,V0220.jpg,D:\OIO+\DATASET_RETINA\01.Originais\GLA (Glaucoma)\REFUGE\REFUGE-Validation400\REFUGE-Validation400\V0220.jpg,.jpg,0.8790416717529297,038454c30926a5e379faedf9ba6d5f88896b9da98ed5281480013207b43ef584,False,1634,1634,RGB,1634x1634,
validation,V0221.jpg,D:\OIO+\DATASET_RETINA\01.Originais\GLA (Glaucoma)\REFUGE\REFUGE-Validation400\REFUGE-Validation400\V0221.jpg,.jpg,0.8615179061889648,53736108b6581d50122a287c4e7cbad263ba5a3aaba41553d6b7cb1192373b1a,False,1634,1634,RGB,1634x1634,
validation,V0222.jpg,D:\OIO+\DATASET_RETINA\01.Originais\GLA (Glaucoma)\REFUGE\REFUGE-Validation400\REFUGE-Validation400\V0222.jpg,.jpg,0.8485088348388672,fe4c490796b0d00a6157188daf95f74f614ff96c46fea5cdd2dbaf2416bc427e,False,1634,1634,RGB,1634x1634,
validation,V0223.jpg,D:\OIO+\DATASET_RETINA\01.Originais\GLA (Glaucoma)\REFUGE\REFUGE-Validation400\REFUGE-Validation400\V0223.jpg,.jpg,0.8481292724609375,6edc2c8be7d9dc62d39d2a36a7099a06ae03990d829134018c08dae97fa7b8aa,False,1634,1634,RGB,1634x1634,
validation,V0224.jpg,D:\OIO+\DATASET_RETINA\01.Originais\GLA (Glaucoma)\REFUGE\REFUGE-Validation400\REFUGE-Validation400\V0224.jpg,.jpg,0.7642965316772461,e1bd85965fc068b2539621730f016eaa5b2b3798e3cb6b336aa083099033aabe,False,1634,1634,RGB,1634x1634,
validation,V0225.jpg,D:\OIO+\DATASET_RETINA\01.Originais\GLA (Glaucoma)\REFUGE\REFUGE-Validation400\REFUGE-Validation400\V0225.jpg,.jpg,0.8975009918212891,7261cee5241fc882acc92727b969e2604a7187fedd96983872c4b00a75f71d49,False,1634,1634,RGB,1634x1634,
validation,V0226.jpg,D:\OIO+\DATASET_RETINA\01.Originais\GLA (Glaucoma)\REFUGE\REFUGE-Validation400\REFUGE-Validation400\V0226.jpg,.jpg,0.871068000793457,b6b35df3ef0dd9a29e9ea90c21d3804d5d32686ad377751ee0c65d571c151cc9,False,1634,1634,RGB,1634x1634,
validation,V0227.jpg,D:\OIO+\DATASET_RETINA\01.Originais\GLA (Glaucoma)\REFUGE\REFUGE-Validation400\REFUGE-Validation400\V0227.jpg,.jpg,0.8863515853881836,eda338a21385550bcd76a99535fadf25f340b6573ce706cab306426ffe84dbe4,False,1634,1634,RGB,1634x1634,
validation,V0228.jpg,D:\OIO+\DATASET_RETINA\01.Originais\GLA (Glaucoma)\REFUGE\REFUGE-Validation400\REFUGE-Validation400\V0228.jpg,.jpg,0.9341640472412109,7079d00607907635fba7aae367941813ddbacefb6c8759bad23e6156213935fb,False,1634,1634,RGB,1634x1634,
validation,V0229.jpg,D:\OIO+\DATASET_RETINA\01.Originais\GLA (Glaucoma)\REFUGE\REFUGE-Validation400\REFUGE-Validation400\V0229.jpg,.jpg,0.9471311569213867,a89af19d8043055fcd8d28ebe02b95d7b0af838ed995a8b8c691f60ed6cb4540,False,1634,1634,RGB,1634x1634,
validation,V0230.jpg,D:\OIO+\DATASET_RETINA\01.Originais\GLA (Glaucoma)\REFUGE\REFUGE-Validation400\REFUGE-Validation400\V0230.jpg,.jpg,0.9196681976318359,0e9a1c28211aa24a6dce2a7db14faaa898388e6b562d2710ff411f5e453d91cc,False,1634,1634,RGB,1634x1634,
validation,V0231.jpg,D:\OIO+\DATASET_RETINA\01.Originais\GLA (Glaucoma)\REFUGE\REFUGE-Validation400\REFUGE-Validation400\V0231.jpg,.jpg,0.9367036819458008,0a0d2d9f778dc2f33929421e1cbb179db1637e5c7c2c343c77d106c1c310fbbc,False,1634,1634,RGB,1634x1634,
validation,V0232.jpg,D:\OIO+\DATASET_RETINA\01.Originais\GLA (Glaucoma)\REFUGE\REFUGE-Validation400\REFUGE-Validation400\V0232.jpg,.jpg,0.8284244537353516,b7af7de053106c7ed508e750226761c3f9073b871d1d31f4113dfc7ae917abb5,False,1634,1634,RGB,1634x1634,
validation,V0233.jpg,D:\OIO+\DATASET_RETINA\01.Originais\GLA (Glaucoma)\REFUGE\REFUGE-Validation400\REFUGE-Validation400\V0233.jpg,.jpg,0.9176015853881836,768a4a29d967dc1a4ec4ef23b60a69a5876a96f318ab7eee0f57a8a56823b498,False,1634,1634,RGB,1634x1634,
validation,V0234.jpg,D:\OIO+\DATASET_RETINA\01.Originais\GLA (Glaucoma)\REFUGE\REFUGE-Validation400\REFUGE-Validation400\V0234.jpg,.jpg,0.9792366027832031,83f933c9c7c95fb323fe7c293877b7a2d18662b4e416feba3298a6237b9fb4b6,False,1634,1634,RGB,1634x1634,
validation,V0235.jpg,D:\OIO+\DATASET_RETINA\01.Originais\GLA (Glaucoma)\REFUGE\REFUGE-Validation400\REFUGE-Validation400\V0235.jpg,.jpg,0.8361845016479492,5df76a305a5b7fe7e3f75fa98c50c2202ad648978f3bb8136494fea4dfb6c559,False,1634,1634,RGB,1634x1634,
validation,V0236.jpg,D:\OIO+\DATASET_RETINA\01.Originais\GLA (Glaucoma)\REFUGE\REFUGE-Validation400\REFUGE-Validation400\V0236.jpg,.jpg,0.819366455078125,e5c13dc0189869033e453347658583a15706b67957ca8c62d94763978f2965e2,False,1634,1634,RGB,1634x1634,
validation,V0237.jpg,D:\OIO+\DATASET_RETINA\01.Originais\GLA (Glaucoma)\REFUGE\REFUGE-Validation400\REFUGE-Validation400\V0237.jpg,.jpg,0.7973127365112305,881f3ebb85097963bacd7c162f4e5ed765933b5ac6ea588c67deeccfdaebccc3,False,1634,1634,RGB,1634x1634,
validation,V0238.jpg,D:\OIO+\DATASET_RETINA\01.Originais\GLA (Glaucoma)\REFUGE\REFUGE-Validation400\REFUGE-Validation400\V0238.jpg,.jpg,0.8253498077392578,b613857a126b90ba0b173f71a122dc595eb65805792f0b3f3398ec32599903dc,False,1634,1634,RGB,1634x1634,
validation,V0239.jpg,D:\OIO+\DATASET_RETINA\01.Originais\GLA (Glaucoma)\REFUGE\REFUGE-Validation400\REFUGE-Validation400\V0239.jpg,.jpg,0.9491128921508789,b8c263f980699b93a674608282a31bcb71fb8428d07d64455961fcc3f5808c08,False,1634,1634,RGB,1634x1634,
validation,V0240.jpg,D:\OIO+\DATASET_RETINA\01.Originais\GLA (Glaucoma)\REFUGE\REFUGE-Validation400\REFUGE-Validation400\V0240.jpg,.jpg,0.8022747039794922,f99a432b2369faf5049312c7ea249cfc20c07ceb5a37a602f8639b763904c9b8,False,1634,1634,RGB,1634x1634,
validation,V0241.jpg,D:\OIO+\DATASET_RETINA\01.Originais\GLA (Glaucoma)\REFUGE\REFUGE-Validation400\REFUGE-Validation400\V0241.jpg,.jpg,0.797144889831543,08374d4ee53be92dbccbeacb20fdccec8689c66eb12a7da09dea4bbd85c785d8,False,1634,1634,RGB,1634x1634,
validation,V0242.jpg,D:\OIO+\DATASET_RETINA\01.Originais\GLA (Glaucoma)\REFUGE\REFUGE-Validation400\REFUGE-Validation400\V0242.jpg,.jpg,0.9178714752197266,d01ac1d5f21d802545f4768eb5d3f666b49f08c3bea51cb811856a4edc7b0056,False,1634,1634,RGB,1634x1634,
validation,V0243.jpg,D:\OIO+\DATASET_RETINA\01.Originais\GLA (Glaucoma)\REFUGE\REFUGE-Validation400\REFUGE-Validation400\V0243.jpg,.jpg,0.8110389709472656,a21af709b2918073e67a386a07d69250ca2710edf5671c33cfa8717dadfcece3,False,1634,1634,RGB,1634x1634,
validation,V0244.jpg,D:\OIO+\DATASET_RETINA\01.Originais\GLA (Glaucoma)\REFUGE\REFUGE-Validation400\REFUGE-Validation400\V0244.jpg,.jpg,0.96087646484375,38eeb9d7f298564e2adf026fe08f66af5ee899bc73905bfebd9115f6b892b623,False,1634,1634,RGB,1634x1634,
validation,V0245.jpg,D:\OIO+\DATASET_RETINA\01.Originais\GLA (Glaucoma)\REFUGE\REFUGE-Validation400\REFUGE-Validation400\V0245.jpg,.jpg,0.825465202331543,d57ee9333a1253a72883b194005f3a229a987d771e9a056ffa45c601a4599c76,False,1634,1634,RGB,1634x1634,
validation,V0246.jpg,D:\OIO+\DATASET_RETINA\01.Originais\GLA (Glaucoma)\REFUGE\REFUGE-Validation400\REFUGE-Validation400\V0246.jpg,.jpg,0.9183883666992188,39e227878f964c142e92c6adc5e0c3ec705af19ae6634368cc7e6be946a7b409,False,1634,1634,RGB,1634x1634,
validation,V0247.jpg,D:\OIO+\DATASET_RETINA\01.Originais\GLA (Glaucoma)\REFUGE\REFUGE-Validation400\REFUGE-Validation400\V0247.jpg,.jpg,0.9589948654174805,c916db7318f04dfbb7aaf4fdd7d40b50afec45768770fb74eb213241ecee2c39,False,1634,1634,RGB,1634x1634,
validation,V0248.jpg,D:\OIO+\DATASET_RETINA\01.Originais\GLA (Glaucoma)\REFUGE\REFUGE-Validation400\REFUGE-Validation400\V0248.jpg,.jpg,0.9398689270019531,a5913eae92f47db5d813134edc4b3cee313fa1d3c688700f6bf610a31e9aac30,False,1634,1634,RGB,1634x1634,
validation,V0249.jpg,D:\OIO+\DATASET_RETINA\01.Originais\GLA (Glaucoma)\REFUGE\REFUGE-Validation400\REFUGE-Validation400\V0249.jpg,.jpg,0.8277921676635742,aa36540ee8f468383f60403d1c4a9a5150e03d1c669f113dc117b9b0e7444862,False,1634,1634,RGB,1634x1634,
validation,V0250.jpg,D:\OIO+\DATASET_RETINA\01.Originais\GLA (Glaucoma)\REFUGE\REFUGE-Validation400\REFUGE-Validation400\V0250.jpg,.jpg,0.9914274215698242,923a762dada273acd1042b78e67cb1a9857b7194f058f1fa34f336aa39f3bb23,False,1634,1634,RGB,1634x1634,
validation,V0251.jpg,D:\OIO+\DATASET_RETINA\01.Originais\GLA (Glaucoma)\REFUGE\REFUGE-Validation400\REFUGE-Validation400\V0251.jpg,.jpg,0.9300251007080078,5fb6dabc6f579b2437df2ca28c1fcedb611201fe75665e6dae4e417cdc1717e0,False,1634,1634,RGB,1634x1634,
validation,V0252.jpg,D:\OIO+\DATASET_RETINA\01.Originais\GLA (Glaucoma)\REFUGE\REFUGE-Validation400\REFUGE-Validation400\V0252.jpg,.jpg,0.7728824615478516,e587b4ddfd6469d02167cb223e4f21de915b4d0d6bc8b77c51cbac3bb66d7e51,False,1634,1634,RGB,1634x1634,
validation,V0253.jpg,D:\OIO+\DATASET_RETINA\01.Originais\GLA (Glaucoma)\REFUGE\REFUGE-Validation400\REFUGE-Validation400\V0253.jpg,.jpg,0.807307243347168,015923e1386eeb9c317193bdec1fb83b5afec86ee5166e47d273efb87849ea14,False,1634,1634,RGB,1634x1634,
validation,V0254.jpg,D:\OIO+\DATASET_RETINA\01.Originais\GLA (Glaucoma)\REFUGE\REFUGE-Validation400\REFUGE-Validation400\V0254.jpg,.jpg,0.883845329284668,97b24344ed6dba1ccbadb004ce8ea9956a8afcc6fab1b0200acd1dafc200a612,False,1634,1634,RGB,1634x1634,
validation,V0255.jpg,D:\OIO+\DATASET_RETINA\01.Originais\GLA (Glaucoma)\REFUGE\REFUGE-Validation400\REFUGE-Validation400\V0255.jpg,.jpg,0.8907060623168945,b047f7e99d18126945c27e486b6031836610fb9cef9e0a337c98e01bff9d2afa,False,1634,1634,RGB,1634x1634,
validation,V0256.jpg,D:\OIO+\DATASET_RETINA\01.Originais\GLA (Glaucoma)\REFUGE\REFUGE-Validation400\REFUGE-Validation400\V0256.jpg,.jpg,0.9616689682006836,6589e7fd70b172a2805c70d42c9bccc2840c138743a33859af95e95d7fd74e77,False,1634,1634,RGB,1634x1634,
validation,V0257.jpg,D:\OIO+\DATASET_RETINA\01.Originais\GLA (Glaucoma)\REFUGE\REFUGE-Validation400\REFUGE-Validation400\V0257.jpg,.jpg,0.8056259155273438,ca70376931d54ee4b23c3b003c6d6c384e2287912f16eef3e3a50fefae2c8f9d,False,1634,1634,RGB,1634x1634,
validation,V0258.jpg,D:\OIO+\DATASET_RETINA\01.Originais\GLA (Glaucoma)\REFUGE\REFUGE-Validation400\REFUGE-Validation400\V0258.jpg,.jpg,0.7824478149414062,0ac1e7914dba29dd958f0e97ffa0f7545b550011023544c795f87c95275af418,False,1634,1634,RGB,1634x1634,
validation,V0259.jpg,D:\OIO+\DATASET_RETINA\01.Originais\GLA (Glaucoma)\REFUGE\REFUGE-Validation400\REFUGE-Validation400\V0259.jpg,.jpg,0.842376708984375,f8126e4683458db7ee0e513052a716561e53557bc1c333a084a9d391ca2805ce,False,1634,1634,RGB,1634x1634,
validation,V0260.jpg,D:\OIO+\DATASET_RETINA\01.Originais\GLA (Glaucoma)\REFUGE\REFUGE-Validation400\REFUGE-Validation400\V0260.jpg,.jpg,0.8717689514160156,8f642671cfffada8680b7f94aa632d5726afb9ced83481ec3e81f2760eff2d3f,False,1634,1634,RGB,1634x1634,
validation,V0261.jpg,D:\OIO+\DATASET_RETINA\01.Originais\GLA (Glaucoma)\REFUGE\REFUGE-Validation400\REFUGE-Validation400\V0261.jpg,.jpg,0.8127565383911133,8a925129d7b79138993a7de0c532990f63a676ca44203112c25e3396185913ce,False,1634,1634,RGB,1634x1634,
validation,V0262.jpg,D:\OIO+\DATASET_RETINA\01.Originais\GLA (Glaucoma)\REFUGE\REFUGE-Validation400\REFUGE-Validation400\V0262.jpg,.jpg,0.9665384292602539,128259b033530c623e230cb6455778f4b7e8bf2ad2bf1706bc6159f4894c8df4,False,1634,1634,RGB,1634x1634,
validation,V0263.jpg,D:\OIO+\DATASET_RETINA\01.Originais\GLA (Glaucoma)\REFUGE\REFUGE-Validation400\REFUGE-Validation400\V0263.jpg,.jpg,0.8441934585571289,680f65af350ba85321917839614ea3b4f45c3c63b25e2b5afa41cc654a926f39,False,1634,1634,RGB,1634x1634,
validation,V0264.jpg,D:\OIO+\DATASET_RETINA\01.Originais\GLA (Glaucoma)\REFUGE\REFUGE-Validation400\REFUGE-Validation400\V0264.jpg,.jpg,0.9116201400756836,b31782e9bf0d83d1fbf796066d37e1985aacd50333afc320171997a3a3e2e8c8,False,1634,1634,RGB,1634x1634,
validation,V0265.jpg,D:\OIO+\DATASET_RETINA\01.Originais\GLA (Glaucoma)\REFUGE\REFUGE-Validation400\REFUGE-Validation400\V0265.jpg,.jpg,0.9176549911499023,0fed57b29bf77072fe3f146a0ace94108d6d191b1cb98ad69634e8d1f713d547,False,1634,1634,RGB,1634x1634,
validation,V0266.jpg,D:\OIO+\DATASET_RETINA\01.Originais\GLA (Glaucoma)\REFUGE\REFUGE-Validation400\REFUGE-Validation400\V0266.jpg,.jpg,0.8477573394775391,136b8bf135071ce35646dcbbaff718bca67ea7118ada883b3cb06a4f4a577989,False,1634,1634,RGB,1634x1634,
validation,V0267.jpg,D:\OIO+\DATASET_RETINA\01.Originais\GLA (Glaucoma)\REFUGE\REFUGE-Validation400\REFUGE-Validation400\V0267.jpg,.jpg,0.8658885955810547,d7f8f489d98be4163843e2213ec7982dda199ef1006673808f1a46c53ba88fc5,False,1634,1634,RGB,1634x1634,
validation,V0268.jpg,D:\OIO+\DATASET_RETINA\01.Originais\GLA (Glaucoma)\REFUGE\REFUGE-Validation400\REFUGE-Validation400\V0268.jpg,.jpg,0.8875818252563477,2317f3bb40c732dcb283f17cb157e5c49a1d64b564231bb8d9ffa98a8253126b,False,1634,1634,RGB,1634x1634,
validation,V0269.jpg,D:\OIO+\DATASET_RETINA\01.Originais\GLA (Glaucoma)\REFUGE\REFUGE-Validation400\REFUGE-Validation400\V0269.jpg,.jpg,0.774444580078125,dbace9ffc641e5eb1cce05ac34bcccb04396d024da12dfb416c0a47d920f2a56,False,1634,1634,RGB,1634x1634,
validation,V0270.jpg,D:\OIO+\DATASET_RETINA\01.Originais\GLA (Glaucoma)\REFUGE\REFUGE-Validation400\REFUGE-Validation400\V0270.jpg,.jpg,0.9400472640991211,a69b5c384821e6046a6b3a3cc12675390b03fe03dd287b1fff7c930502c2a154,False,1634,1634,RGB,1634x1634,
validation,V0271.jpg,D:\OIO+\DATASET_RETINA\01.Originais\GLA (Glaucoma)\REFUGE\REFUGE-Validation400\REFUGE-Validation400\V0271.jpg,.jpg,0.96661376953125,d0c38d9b4dc0c9262308504c76702e3d5f8b14dac3d64a52f2592a9bd34fa297,False,1634,1634,RGB,1634x1634,
validation,V0272.jpg,D:\OIO+\DATASET_RETINA\01.Originais\GLA (Glaucoma)\REFUGE\REFUGE-Validation400\REFUGE-Validation400\V0272.jpg,.jpg,0.896489143371582,aa17135d271bff0bf2ef3e16b41bcbf6f2f0510d1875fd393e522feab518fd95,False,1634,1634,RGB,1634x1634,
validation,V0273.jpg,D:\OIO+\DATASET_RETINA\01.Originais\GLA (Glaucoma)\REFUGE\REFUGE-Validation400\REFUGE-Validation400\V0273.jpg,.jpg,0.9606771469116211,0c137a1582fc3df7fce9837cf114c23b879dff626f7eb73dc9fb36f3a418e5bc,False,1634,1634,RGB,1634x1634,
validation,V0274.jpg,D:\OIO+\DATASET_RETINA\01.Originais\GLA (Glaucoma)\REFUGE\REFUGE-Validation400\REFUGE-Validation400\V0274.jpg,.jpg,0.9945449829101562,243f043ce2968513548d4a04fd57c9c255338acad4a1a17e0b0b815f3180d5fc,False,1634,1634,RGB,1634x1634,
validation,V0275.jpg,D:\OIO+\DATASET_RETINA\01.Originais\GLA (Glaucoma)\REFUGE\REFUGE-Validation400\REFUGE-Validation400\V0275.jpg,.jpg,0.8124685287475586,50c6c08ee85831cc5b6d7fd07fa71e558d4e54f2c8435c7dd85deb766236d9b9,False,1634,1634,RGB,1634x1634,
validation,V0276.jpg,D:\OIO+\DATASET_RETINA\01.Originais\GLA (Glaucoma)\REFUGE\REFUGE-Validation400\REFUGE-Validation400\V0276.jpg,.jpg,0.8105916976928711,5d8c1aa0b69e7bfc4507221d656d2d5dae074fb0c7e72f95955f39574acbe4ba,False,1634,1634,RGB,1634x1634,
validation,V0277.jpg,D:\OIO+\DATASET_RETINA\01.Originais\GLA (Glaucoma)\REFUGE\REFUGE-Validation400\REFUGE-Validation400\V0277.jpg,.jpg,0.837824821472168,a8ea4995019c2195e26a18b2f2064e93a809341b39dbfbd8a3a70add7b2c0e0b,False,1634,1634,RGB,1634x1634,
validation,V0278.jpg,D:\OIO+\DATASET_RETINA\01.Originais\GLA (Glaucoma)\REFUGE\REFUGE-Validation400\REFUGE-Validation400\V0278.jpg,.jpg,0.8724784851074219,4c8ab84e62ed16715c92a8099f15d1a873a115a96114a63d159d3bba83d1b4a0,False,1634,1634,RGB,1634x1634,
validation,V0279.jpg,D:\OIO+\DATASET_RETINA\01.Originais\GLA (Glaucoma)\REFUGE\REFUGE-Validation400\REFUGE-Validation400\V0279.jpg,.jpg,0.9497051239013672,b5fa720b51c9eb0520f89f9bbd2df1bb7bb8c78628537ddbc042532f81b1726f,False,1634,1634,RGB,1634x1634,
validation,V0280.jpg,D:\OIO+\DATASET_RETINA\01.Originais\GLA (Glaucoma)\REFUGE\REFUGE-Validation400\REFUGE-Validation400\V0280.jpg,.jpg,0.8002176284790039,6a7fdc32167afcce88e0d24118bbcc7a84399afd3b0e41756e07f86d0dc5373c,False,1634,1634,RGB,1634x1634,
validation,V0281.jpg,D:\OIO+\DATASET_RETINA\01.Originais\GLA (Glaucoma)\REFUGE\REFUGE-Validation400\REFUGE-Validation400\V0281.jpg,.jpg,0.9389562606811523,3bbc703e93e1f2cb2eb252667f38292fc11ce15280ea447f920b27957da40a5e,False,1634,1634,RGB,1634x1634,
validation,V0282.jpg,D:\OIO+\DATASET_RETINA\01.Originais\GLA (Glaucoma)\REFUGE\REFUGE-Validation400\REFUGE-Validation400\V0282.jpg,.jpg,0.8392562866210938,ea7d8dbb24513ceb9f0031a61c179a5fb60235ed1ab790b9ca8f64ae8f7c7d54,False,1634,1634,RGB,1634x1634,
validation,V0283.jpg,D:\OIO+\DATASET_RETINA\01.Originais\GLA (Glaucoma)\REFUGE\REFUGE-Validation400\REFUGE-Validation400\V0283.jpg,.jpg,0.8060665130615234,ddce152975ae1f03f28a9ca3620301aa2681f8a06bcc82d47ff567512d2dfd2b,False,1634,1634,RGB,1634x1634,
validation,V0284.jpg,D:\OIO+\DATASET_RETINA\01.Originais\GLA (Glaucoma)\REFUGE\REFUGE-Validation400\REFUGE-Validation400\V0284.jpg,.jpg,0.8661975860595703,9ecaf18e1aa32f8e8cd920472c0fba3aaee5fe8b29786ebd2d9ab5201d47f73b,False,1634,1634,RGB,1634x1634,
validation,V0285.jpg,D:\OIO+\DATASET_RETINA\01.Originais\GLA (Glaucoma)\REFUGE\REFUGE-Validation400\REFUGE-Validation400\V0285.jpg,.jpg,0.8250532150268555,0acc8825d65033e160141f94995e342996f252389dffe6df3b63d882ebb76961,False,1634,1634,RGB,1634x1634,
validation,V0286.jpg,D:\OIO+\DATASET_RETINA\01.Originais\GLA (Glaucoma)\REFUGE\REFUGE-Validation400\REFUGE-Validation400\V0286.jpg,.jpg,0.9095306396484375,bcc0cb160065d4095ab00354a23533997c80077dc90a1c58b59e0e5a6325182a,False,1634,1634,RGB,1634x1634,
validation,V0287.jpg,D:\OIO+\DATASET_RETINA\01.Originais\GLA (Glaucoma)\REFUGE\REFUGE-Validation400\REFUGE-Validation400\V0287.jpg,.jpg,0.9302577972412109,16964a4dc7a293b2000533fe634b13072c9332ca9bf26f27aaaebb714bc0373e,False,1634,1634,RGB,1634x1634,
validation,V0288.jpg,D:\OIO+\DATASET_RETINA\01.Originais\GLA (Glaucoma)\REFUGE\REFUGE-Validation400\REFUGE-Validation400\V0288.jpg,.jpg,0.9156723022460938,e3f5357a88a7c52f36cf90b1fdcbde445c09bd5cde952244008324a426f7c519,False,1634,1634,RGB,1634x1634,
validation,V0289.jpg,D:\OIO+\DATASET_RETINA\01.Originais\GLA (Glaucoma)\REFUGE\REFUGE-Validation400\REFUGE-Validation400\V0289.jpg,.jpg,0.9579305648803711,88f80e5d0a4fcb5b32d3991b94b71e3cd5dc0a3ad6c457d39dcd993c90d7cf39,False,1634,1634,RGB,1634x1634,
validation,V0290.jpg,D:\OIO+\DATASET_RETINA\01.Originais\GLA (Glaucoma)\REFUGE\REFUGE-Validation400\REFUGE-Validation400\V0290.jpg,.jpg,0.8249597549438477,f1ed12d29b9d29902d7bd090849035cf3114de50fc7b37692ca9be92e86108b0,False,1634,1634,RGB,1634x1634,
validation,V0291.jpg,D:\OIO+\DATASET_RETINA\01.Originais\GLA (Glaucoma)\REFUGE\REFUGE-Validation400\REFUGE-Validation400\V0291.jpg,.jpg,0.9752769470214844,bbc84782513d80c9137278b10f46eb1eaaba2037cf445a1a3d4b735e4802de05,False,1634,1634,RGB,1634x1634,
validation,V0292.jpg,D:\OIO+\DATASET_RETINA\01.Originais\GLA (Glaucoma)\REFUGE\REFUGE-Validation400\REFUGE-Validation400\V0292.jpg,.jpg,0.9572019577026367,e2e17676b116371f432caae99ee392a3ad4fc3eb14d35dd9a11d8819191bd40f,False,1634,1634,RGB,1634x1634,
validation,V0293.jpg,D:\OIO+\DATASET_RETINA\01.Originais\GLA (Glaucoma)\REFUGE\REFUGE-Validation400\REFUGE-Validation400\V0293.jpg,.jpg,0.7902708053588867,7faec23b3b5ca3599314ff5be449b695a0b73555734acc066f95e17298a262dd,False,1634,1634,RGB,1634x1634,
validation,V0294.jpg,D:\OIO+\DATASET_RETINA\01.Originais\GLA (Glaucoma)\REFUGE\REFUGE-Validation400\REFUGE-Validation400\V0294.jpg,.jpg,0.820591926574707,07b63e49273512e1d9370801b140ac6b101cdedd044a7b55655256c0df119d3f,False,1634,1634,RGB,1634x1634,
validation,V0295.jpg,D:\OIO+\DATASET_RETINA\01.Originais\GLA (Glaucoma)\REFUGE\REFUGE-Validation400\REFUGE-Validation400\V0295.jpg,.jpg,0.9512290954589844,44135ae7f0274909419c79a5b7df64accb6e2f8a849e68331963a4892b16247b,False,1634,1634,RGB,1634x1634,
validation,V0296.jpg,D:\OIO+\DATASET_RETINA\01.Originais\GLA (Glaucoma)\REFUGE\REFUGE-Validation400\REFUGE-Validation400\V0296.jpg,.jpg,0.9040937423706055,6b29b91a21744f6a9287fa863b9c049555407d1f22270478c1afd5470b84b724,False,1634,1634,RGB,1634x1634,
validation,V0297.jpg,D:\OIO+\DATASET_RETINA\01.Originais\GLA (Glaucoma)\REFUGE\REFUGE-Validation400\REFUGE-Validation400\V0297.jpg,.jpg,0.9628410339355469,c7d85a355f74338f3232844f6c054aa9629b858b675c47c6ac006486678128cd,False,1634,1634,RGB,1634x1634,
validation,V0298.jpg,D:\OIO+\DATASET_RETINA\01.Originais\GLA (Glaucoma)\REFUGE\REFUGE-Validation400\REFUGE-Validation400\V0298.jpg,.jpg,0.8237495422363281,5e48b18167c2d7d7e582f1a519b3b6357c540a3f61a987cb9fd3a80cd4d2d69b,False,1634,1634,RGB,1634x1634,
validation,V0299.jpg,D:\OIO+\DATASET_RETINA\01.Originais\GLA (Glaucoma)\REFUGE\REFUGE-Validation400\REFUGE-Validation400\V0299.jpg,.jpg,0.8303165435791016,4e1caa98e7f6c2bb3563d6584a97354b194ee166ddbe62e1f30f7d5b741c0359,False,1634,1634,RGB,1634x1634,
validation,V0300.jpg,D:\OIO+\DATASET_RETINA\01.Originais\GLA (Glaucoma)\REFUGE\REFUGE-Validation400\REFUGE-Validation400\V0300.jpg,.jpg,0.8397703170776367,c4ec0be6571cf9300e9f411250883c7a1541bf2c4b856e8298d5551e7419406c,False,1634,1634,RGB,1634x1634,
validation,V0301.jpg,D:\OIO+\DATASET_RETINA\01.Originais\GLA (Glaucoma)\REFUGE\REFUGE-Validation400\REFUGE-Validation400\V0301.jpg,.jpg,0.9540205001831055,15c1350d05773fde2a9b786aea72d3502dd60fb4c4c067c2423d8432e52be794,False,1634,1634,RGB,1634x1634,
validation,V0302.jpg,D:\OIO+\DATASET_RETINA\01.Originais\GLA (Glaucoma)\REFUGE\REFUGE-Validation400\REFUGE-Validation400\V0302.jpg,.jpg,0.8851823806762695,620f9cdd6fb1eb7b00382bd14433a32c2bc31540722ef1d05ab4202404495f6d,False,1634,1634,RGB,1634x1634,
validation,V0303.jpg,D:\OIO+\DATASET_RETINA\01.Originais\GLA (Glaucoma)\REFUGE\REFUGE-Validation400\REFUGE-Validation400\V0303.jpg,.jpg,0.9017562866210938,636af3a1dff6a7aa899acb73f65839083719b96f4f2d498e344972123ecc8389,False,1634,1634,RGB,1634x1634,
validation,V0304.jpg,D:\OIO+\DATASET_RETINA\01.Originais\GLA (Glaucoma)\REFUGE\REFUGE-Validation400\REFUGE-Validation400\V0304.jpg,.jpg,0.8499336242675781,2aa01be996591aea41fca78f21f99bf4d24a9e26a3f9a9648663b8ca3a9a333a,False,1634,1634,RGB,1634x1634,
validation,V0305.jpg,D:\OIO+\DATASET_RETINA\01.Originais\GLA (Glaucoma)\REFUGE\REFUGE-Validation400\REFUGE-Validation400\V0305.jpg,.jpg,0.9091386795043945,deed2fbaef868e146bdbddad7dcd1b54804d5e6f0981eed5625a30382677d7f8,False,1634,1634,RGB,1634x1634,
validation,V0306.jpg,D:\OIO+\DATASET_RETINA\01.Originais\GLA (Glaucoma)\REFUGE\REFUGE-Validation400\REFUGE-Validation400\V0306.jpg,.jpg,0.8216972351074219,39f4809f57c98c911a436504f077a28c10f3d6a776f329274d6c34c7f9a5ccb9,False,1634,1634,RGB,1634x1634,
validation,V0307.jpg,D:\OIO+\DATASET_RETINA\01.Originais\GLA (Glaucoma)\REFUGE\REFUGE-Validation400\REFUGE-Validation400\V0307.jpg,.jpg,0.8195219039916992,eb817efe890efcd586be11685540452381280e2440ae91f7db52cdaeb1e7b909,False,1634,1634,RGB,1634x1634,
validation,V0308.jpg,D:\OIO+\DATASET_RETINA\01.Originais\GLA (Glaucoma)\REFUGE\REFUGE-Validation400\REFUGE-Validation400\V0308.jpg,.jpg,0.9640636444091797,6ac140ed569c0f91866631d9500c24fcd08dcc1c6db34068c33a081f894a4ca7,False,1634,1634,RGB,1634x1634,
validation,V0309.jpg,D:\OIO+\DATASET_RETINA\01.Originais\GLA (Glaucoma)\REFUGE\REFUGE-Validation400\REFUGE-Validation400\V0309.jpg,.jpg,0.7927865982055664,8670a66833a195c32b0b625552af161917648e4d03924cec85f01046c273b3c5,False,1634,1634,RGB,1634x1634,
validation,V0310.jpg,D:\OIO+\DATASET_RETINA\01.Originais\GLA (Glaucoma)\REFUGE\REFUGE-Validation400\REFUGE-Validation400\V0310.jpg,.jpg,0.9311122894287109,b093ee9f8e17430e043f7bdffa24b8ccc43b25572ff309d81831f33f5dc78455,False,1634,1634,RGB,1634x1634,
validation,V0311.jpg,D:\OIO+\DATASET_RETINA\01.Originais\GLA (Glaucoma)\REFUGE\REFUGE-Validation400\REFUGE-Validation400\V0311.jpg,.jpg,0.9280290603637695,e1bdc4494c3d49aa1f78ae46702a31455910f3ad79c529175f3ab567263d6762,False,1634,1634,RGB,1634x1634,
validation,V0312.jpg,D:\OIO+\DATASET_RETINA\01.Originais\GLA (Glaucoma)\REFUGE\REFUGE-Validation400\REFUGE-Validation400\V0312.jpg,.jpg,0.7920293807983398,e032c90d3add1ff9035a721fa45aaaf288521cdddeb21d0b03e255d0977f9f05,False,1634,1634,RGB,1634x1634,
validation,V0313.jpg,D:\OIO+\DATASET_RETINA\01.Originais\GLA (Glaucoma)\REFUGE\REFUGE-Validation400\REFUGE-Validation400\V0313.jpg,.jpg,0.9084796905517578,892f5142eb345a2f67fb7f48319739e308f4f9275956f4d6bcce3a0236ec15d1,False,1634,1634,RGB,1634x1634,
validation,V0314.jpg,D:\OIO+\DATASET_RETINA\01.Originais\GLA (Glaucoma)\REFUGE\REFUGE-Validation400\REFUGE-Validation400\V0314.jpg,.jpg,0.778233528137207,f7354dc18c2deda8f1df5c9e5d1c521594522e9f8a757b383c3920a743f44acc,False,1634,1634,RGB,1634x1634,
validation,V0315.jpg,D:\OIO+\DATASET_RETINA\01.Originais\GLA (Glaucoma)\REFUGE\REFUGE-Validation400\REFUGE-Validation400\V0315.jpg,.jpg,0.9115419387817383,10ce42352cc158eae0e226ddf945f54ca2c7eff95089360343db1f61fb4be3b2,False,1634,1634,RGB,1634x1634,
validation,V0316.jpg,D:\OIO+\DATASET_RETINA\01.Originais\GLA (Glaucoma)\REFUGE\REFUGE-Validation400\REFUGE-Validation400\V0316.jpg,.jpg,0.9297428131103516,2b4959a1382948268e86b41a1dca1a601f2ee8cc7e9d0b7595d20d427e3e6e53,False,1634,1634,RGB,1634x1634,
validation,V0317.jpg,D:\OIO+\DATASET_RETINA\01.Originais\GLA (Glaucoma)\REFUGE\REFUGE-Validation400\REFUGE-Validation400\V0317.jpg,.jpg,0.9529561996459961,e5732d55a5a98c86f391647c098efd2c9fb52c200a7de55af401c0250feca6fd,False,1634,1634,RGB,1634x1634,
validation,V0318.jpg,D:\OIO+\DATASET_RETINA\01.Originais\GLA (Glaucoma)\REFUGE\REFUGE-Validation400\REFUGE-Validation400\V0318.jpg,.jpg,0.9396610260009766,30b9dc0160362d74e03c849dc405e87d1df457fe11ac6265a8d19ebdcc901d9d,False,1634,1634,RGB,1634x1634,
validation,V0319.jpg,D:\OIO+\DATASET_RETINA\01.Originais\GLA (Glaucoma)\REFUGE\REFUGE-Validation400\REFUGE-Validation400\V0319.jpg,.jpg,0.9143886566162109,6da810bb8b5febd85728ff7306c11144ddee7750fe47f4e3f04013a415cb4d20,False,1634,1634,RGB,1634x1634,
validation,V0320.jpg,D:\OIO+\DATASET_RETINA\01.Originais\GLA (Glaucoma)\REFUGE\REFUGE-Validation400\REFUGE-Validation400\V0320.jpg,.jpg,0.9108686447143555,2446b54de896975fc9fd3b3d90385d20cff9caec7f3e8fbda7f3c501bbb12b70,False,1634,1634,RGB,1634x1634,
validation,V0321.jpg,D:\OIO+\DATASET_RETINA\01.Originais\GLA (Glaucoma)\REFUGE\REFUGE-Validation400\REFUGE-Validation400\V0321.jpg,.jpg,0.9723472595214844,1c8d947d1dcad3f01afc25a9bf753bce71ae8532294405e06c8d4a9b60be0685,False,1634,1634,RGB,1634x1634,
validation,V0322.jpg,D:\OIO+\DATASET_RETINA\01.Originais\GLA (Glaucoma)\REFUGE\REFUGE-Validation400\REFUGE-Validation400\V0322.jpg,.jpg,0.8094215393066406,1c2986a928c50f92a236b506dfece7600524a3b70f29e7bce965aca78924e61c,False,1634,1634,RGB,1634x1634,
validation,V0323.jpg,D:\OIO+\DATASET_RETINA\01.Originais\GLA (Glaucoma)\REFUGE\REFUGE-Validation400\REFUGE-Validation400\V0323.jpg,.jpg,0.8455438613891602,c45377e962c37802259f42c2dd2f2ff84a870dff21b3456824ca28defad55a79,False,1634,1634,RGB,1634x1634,
validation,V0324.jpg,D:\OIO+\DATASET_RETINA\01.Originais\GLA (Glaucoma)\REFUGE\REFUGE-Validation400\REFUGE-Validation400\V0324.jpg,.jpg,0.9062213897705078,711a327939242587ef609c4848a732f37dcc438d17b9e9743163050592c97474,False,1634,1634,RGB,1634x1634,
validation,V0325.jpg,D:\OIO+\DATASET_RETINA\01.Originais\GLA (Glaucoma)\REFUGE\REFUGE-Validation400\REFUGE-Validation400\V0325.jpg,.jpg,0.965479850769043,c0f32dfe865ce69c9fa40c57338310963de7300efa2549ae1d655986fc1e4c57,False,1634,1634,RGB,1634x1634,
validation,V0326.jpg,D:\OIO+\DATASET_RETINA\01.Originais\GLA (Glaucoma)\REFUGE\REFUGE-Validation400\REFUGE-Validation400\V0326.jpg,.jpg,0.8185272216796875,d90803d69954352bbbb596786295a91a5e0262d4f002d8e950d9c893804cea32,False,1634,1634,RGB,1634x1634,
validation,V0327.jpg,D:\OIO+\DATASET_RETINA\01.Originais\GLA (Glaucoma)\REFUGE\REFUGE-Validation400\REFUGE-Validation400\V0327.jpg,.jpg,0.7974910736083984,692cd35b1cb327a30cbcaf0e87ac6cce849081a3d8c41b6656b354489ff0fb92,False,1634,1634,RGB,1634x1634,
validation,V0328.jpg,D:\OIO+\DATASET_RETINA\01.Originais\GLA (Glaucoma)\REFUGE\REFUGE-Validation400\REFUGE-Validation400\V0328.jpg,.jpg,0.8660755157470703,03f3261869d1bed211d7430df6b75b9b71b8d3d6b41fa3ff1e2137371c44cf42,False,1634,1634,RGB,1634x1634,
validation,V0329.jpg,D:\OIO+\DATASET_RETINA\01.Originais\GLA (Glaucoma)\REFUGE\REFUGE-Validation400\REFUGE-Validation400\V0329.jpg,.jpg,0.7490310668945312,cee87ca385e6b92a7be53e8f8a5d2fc793e789bd24440feb54a106acf544af40,False,1634,1634,RGB,1634x1634,
validation,V0330.jpg,D:\OIO+\DATASET_RETINA\01.Originais\GLA (Glaucoma)\REFUGE\REFUGE-Validation400\REFUGE-Validation400\V0330.jpg,.jpg,0.8262863159179688,e424344888a5d7d1069cfc7aa5cb008a109340a99c34892407314cefd6940903,False,1634,1634,RGB,1634x1634,
validation,V0331.jpg,D:\OIO+\DATASET_RETINA\01.Originais\GLA (Glaucoma)\REFUGE\REFUGE-Validation400\REFUGE-Validation400\V0331.jpg,.jpg,0.903407096862793,33df1837e82249d4917d6cbc8e44bae2f9c931a1a40b158fdaaaffc7182c22f3,False,1634,1634,RGB,1634x1634,
validation,V0332.jpg,D:\OIO+\DATASET_RETINA\01.Originais\GLA (Glaucoma)\REFUGE\REFUGE-Validation400\REFUGE-Validation400\V0332.jpg,.jpg,0.7816267013549805,47cb390efd86f417bea634481dfe538a0a2f4dcc0dd79b4cf6da43fa11fa0722,False,1634,1634,RGB,1634x1634,
validation,V0333.jpg,D:\OIO+\DATASET_RETINA\01.Originais\GLA (Glaucoma)\REFUGE\REFUGE-Validation400\REFUGE-Validation400\V0333.jpg,.jpg,0.8880634307861328,dafc7ff8f1aa1a778579331ef96b8229f5ba7268ad923760219b4d3dfffddb7c,False,1634,1634,RGB,1634x1634,
validation,V0334.jpg,D:\OIO+\DATASET_RETINA\01.Originais\GLA (Glaucoma)\REFUGE\REFUGE-Validation400\REFUGE-Validation400\V0334.jpg,.jpg,0.9278287887573242,ff8a7c5cefd831d17fdce5413ef0652f0a89477757cbd2a335d8536efbff6a29,False,1634,1634,RGB,1634x1634,
validation,V0335.jpg,D:\OIO+\DATASET_RETINA\01.Originais\GLA (Glaucoma)\REFUGE\REFUGE-Validation400\REFUGE-Validation400\V0335.jpg,.jpg,0.9750556945800781,3d5cf4e33bb1e340db228b6143fdbcff68f6daa16d30b3b1697b5846ff099d30,False,1634,1634,RGB,1634x1634,
validation,V0336.jpg,D:\OIO+\DATASET_RETINA\01.Originais\GLA (Glaucoma)\REFUGE\REFUGE-Validation400\REFUGE-Validation400\V0336.jpg,.jpg,0.7685155868530273,bba61a253501273c9a3110120a42e3d5226e1079b3ffc018ef9393dc2992b2f0,False,1634,1634,RGB,1634x1634,
validation,V0337.jpg,D:\OIO+\DATASET_RETINA\01.Originais\GLA (Glaucoma)\REFUGE\REFUGE-Validation400\REFUGE-Validation400\V0337.jpg,.jpg,0.8975296020507812,65a043d778560959970820a4bcd40c27d8f7c948dbccbf75d5878d0ad916f227,False,1634,1634,RGB,1634x1634,
validation,V0338.jpg,D:\OIO+\DATASET_RETINA\01.Originais\GLA (Glaucoma)\REFUGE\REFUGE-Validation400\REFUGE-Validation400\V0338.jpg,.jpg,0.8481540679931641,e0f46880ea3eeb9b5f400e459b174ee01b85f7e9a6349f17c79b8dea000e32f7,False,1634,1634,RGB,1634x1634,
validation,V0339.jpg,D:\OIO+\DATASET_RETINA\01.Originais\GLA (Glaucoma)\REFUGE\REFUGE-Validation400\REFUGE-Validation400\V0339.jpg,.jpg,0.8288564682006836,c9dd987376b6b445c8524833395e1ae428bcdb922dcbd61069d973f12df0c0c4,False,1634,1634,RGB,1634x1634,
validation,V0340.jpg,D:\OIO+\DATASET_RETINA\01.Originais\GLA (Glaucoma)\REFUGE\REFUGE-Validation400\REFUGE-Validation400\V0340.jpg,.jpg,0.8566436767578125,da32117106fef0121f7d05965071e3fa5875c3fb1fc297ff953ee163ab6d2883,False,1634,1634,RGB,1634x1634,
validation,V0341.jpg,D:\OIO+\DATASET_RETINA\01.Originais\GLA (Glaucoma)\REFUGE\REFUGE-Validation400\REFUGE-Validation400\V0341.jpg,.jpg,0.8827085494995117,d65d59fd60f427f32c26b5a4b4f784433478b8fb413b1045d6de7532985984e5,False,1634,1634,RGB,1634x1634,
validation,V0342.jpg,D:\OIO+\DATASET_RETINA\01.Originais\GLA (Glaucoma)\REFUGE\REFUGE-Validation400\REFUGE-Validation400\V0342.jpg,.jpg,0.7864341735839844,ddc5741f973caf92d8ac85ff97531c544c012d0eebbcc6b597162c705f963e4f,False,1634,1634,RGB,1634x1634,
validation,V0343.jpg,D:\OIO+\DATASET_RETINA\01.Originais\GLA (Glaucoma)\REFUGE\REFUGE-Validation400\REFUGE-Validation400\V0343.jpg,.jpg,0.9338169097900391,6bddebd61b3cbd4deef9432e553f61ddc734c72b2bfbe51f4ed323c5b8f38594,False,1634,1634,RGB,1634x1634,
validation,V0344.jpg,D:\OIO+\DATASET_RETINA\01.Originais\GLA (Glaucoma)\REFUGE\REFUGE-Validation400\REFUGE-Validation400\V0344.jpg,.jpg,0.8830680847167969,3751ddaf248b300550f8998287e8b05da130c14a76407bb6ca7934be33378568,False,1634,1634,RGB,1634x1634,
validation,V0345.jpg,D:\OIO+\DATASET_RETINA\01.Originais\GLA (Glaucoma)\REFUGE\REFUGE-Validation400\REFUGE-Validation400\V0345.jpg,.jpg,0.8783407211303711,3403737601888de79e44f7a2907210f546536881c33f019b0b910979c0883cc9,False,1634,1634,RGB,1634x1634,
validation,V0346.jpg,D:\OIO+\DATASET_RETINA\01.Originais\GLA (Glaucoma)\REFUGE\REFUGE-Validation400\REFUGE-Validation400\V0346.jpg,.jpg,0.8809270858764648,b1338ddcb78fa48b7f7bdf38144d1da1df51530411359061e117aa7bda947b70,False,1634,1634,RGB,1634x1634,
validation,V0347.jpg,D:\OIO+\DATASET_RETINA\01.Originais\GLA (Glaucoma)\REFUGE\REFUGE-Validation400\REFUGE-Validation400\V0347.jpg,.jpg,0.8080072402954102,d10da7ca01e8fd8a31b33789c3ed99fc93658a93fcbca65c825a3396aff687c2,False,1634,1634,RGB,1634x1634,
validation,V0348.jpg,D:\OIO+\DATASET_RETINA\01.Originais\GLA (Glaucoma)\REFUGE\REFUGE-Validation400\REFUGE-Validation400\V0348.jpg,.jpg,0.9786777496337891,aa2807473480b002665ab2de7ae80b14d4de39cc8e890aa0a1675fbc6d122a0b,False,1634,1634,RGB,1634x1634,
validation,V0349.jpg,D:\OIO+\DATASET_RETINA\01.Originais\GLA (Glaucoma)\REFUGE\REFUGE-Validation400\REFUGE-Validation400\V0349.jpg,.jpg,0.7888956069946289,1ea5399223cec8a2e6ea2b3ca8428d3b92ce131bbd52d69d7a15c8301006c62b,False,1634,1634,RGB,1634x1634,
validation,V0350.jpg,D:\OIO+\DATASET_RETINA\01.Originais\GLA (Glaucoma)\REFUGE\REFUGE-Validation400\REFUGE-Validation400\V0350.jpg,.jpg,0.8181896209716797,e080b30886e6f83c5ff263e19ca38b2f801170b5ea7a59eae412a72a8eef89a0,False,1634,1634,RGB,1634x1634,
validation,V0351.jpg,D:\OIO+\DATASET_RETINA\01.Originais\GLA (Glaucoma)\REFUGE\REFUGE-Validation400\REFUGE-Validation400\V0351.jpg,.jpg,0.9122524261474609,e5ebfe5d84ced909f39f4e8c5581cd5c52bc3fee5dbbe71b1f4cc81b71d3a38a,False,1634,1634,RGB,1634x1634,
validation,V0352.jpg,D:\OIO+\DATASET_RETINA\01.Originais\GLA (Glaucoma)\REFUGE\REFUGE-Validation400\REFUGE-Validation400\V0352.jpg,.jpg,0.9317150115966797,cd5e64b6883a8461ac384a945a1e251e62a2e45e161e6f82832923f5c80177e2,False,1634,1634,RGB,1634x1634,
validation,V0353.jpg,D:\OIO+\DATASET_RETINA\01.Originais\GLA (Glaucoma)\REFUGE\REFUGE-Validation400\REFUGE-Validation400\V0353.jpg,.jpg,0.8953151702880859,c8d77a76381fb31a185087dcbb7c5d8adb84be770f041f8ed53cc98bca8acc07,False,1634,1634,RGB,1634x1634,
validation,V0354.jpg,D:\OIO+\DATASET_RETINA\01.Originais\GLA (Glaucoma)\REFUGE\REFUGE-Validation400\REFUGE-Validation400\V0354.jpg,.jpg,0.7939004898071289,ad32b014bdfd7a3d8d4862c0774aabe1733084a3624edf4b02230828b5f96b98,False,1634,1634,RGB,1634x1634,
validation,V0355.jpg,D:\OIO+\DATASET_RETINA\01.Originais\GLA (Glaucoma)\REFUGE\REFUGE-Validation400\REFUGE-Validation400\V0355.jpg,.jpg,0.9471139907836914,05fa96f1f209c2ba89532dc0dc0091d0e09630b5bbf3429d6b51376de8ac7ea5,False,1634,1634,RGB,1634x1634,
validation,V0356.jpg,D:\OIO+\DATASET_RETINA\01.Originais\GLA (Glaucoma)\REFUGE\REFUGE-Validation400\REFUGE-Validation400\V0356.jpg,.jpg,0.9537153244018555,5aed5b9561640ebd5ff81558c53017447da871a5f4a0aaf39b072fdaa8895f40,False,1634,1634,RGB,1634x1634,
validation,V0357.jpg,D:\OIO+\DATASET_RETINA\01.Originais\GLA (Glaucoma)\REFUGE\REFUGE-Validation400\REFUGE-Validation400\V0357.jpg,.jpg,0.842137336730957,30aaf5645e96962d2757fcd715edf11b66f4ab76b559e4dc9669aa5e282e1114,False,1634,1634,RGB,1634x1634,
validation,V0358.jpg,D:\OIO+\DATASET_RETINA\01.Originais\GLA (Glaucoma)\REFUGE\REFUGE-Validation400\REFUGE-Validation400\V0358.jpg,.jpg,0.9455413818359375,afce19669ba085dd328f5e4ed021a9ad5bceb3f0fc1fc5e76befad06eee168b6,False,1634,1634,RGB,1634x1634,
validation,V0359.jpg,D:\OIO+\DATASET_RETINA\01.Originais\GLA (Glaucoma)\REFUGE\REFUGE-Validation400\REFUGE-Validation400\V0359.jpg,.jpg,0.9058570861816406,7227a5e0965368b6f6a195de6ba8949adb5b6a6508cae24ae151beb698c4131c,False,1634,1634,RGB,1634x1634,
validation,V0360.jpg,D:\OIO+\DATASET_RETINA\01.Originais\GLA (Glaucoma)\REFUGE\REFUGE-Validation400\REFUGE-Validation400\V0360.jpg,.jpg,0.7742023468017578,c3c31d0a849de966e44804d29e7ff25082a56ffc73420f3be09208e3b41d1ae4,False,1634,1634,RGB,1634x1634,
validation,V0361.jpg,D:\OIO+\DATASET_RETINA\01.Originais\GLA (Glaucoma)\REFUGE\REFUGE-Validation400\REFUGE-Validation400\V0361.jpg,.jpg,0.8408527374267578,36111294ffe31e297639ce2ae3864bd8d12ef6ac77450e1552c01914e0601786,False,1634,1634,RGB,1634x1634,
validation,V0362.jpg,D:\OIO+\DATASET_RETINA\01.Originais\GLA (Glaucoma)\REFUGE\REFUGE-Validation400\REFUGE-Validation400\V0362.jpg,.jpg,0.9419527053833008,c0903621b25d9177711e906f3c20dc7c80a736910ad7a0bae806a0684be279bb,False,1634,1634,RGB,1634x1634,
validation,V0363.jpg,D:\OIO+\DATASET_RETINA\01.Originais\GLA (Glaucoma)\REFUGE\REFUGE-Validation400\REFUGE-Validation400\V0363.jpg,.jpg,0.8655109405517578,ca27f209ec46b81c75a16d74caf4c7512cdff59b5df10b83b78381bb6143ab88,False,1634,1634,RGB,1634x1634,
validation,V0364.jpg,D:\OIO+\DATASET_RETINA\01.Originais\GLA (Glaucoma)\REFUGE\REFUGE-Validation400\REFUGE-Validation400\V0364.jpg,.jpg,0.7991466522216797,d236a411a598737852fb0343d4df0395282c6503aef1c066655537ab7f4e1b0a,False,1634,1634,RGB,1634x1634,
validation,V0365.jpg,D:\OIO+\DATASET_RETINA\01.Originais\GLA (Glaucoma)\REFUGE\REFUGE-Validation400\REFUGE-Validation400\V0365.jpg,.jpg,0.8011341094970703,552e52b1410241d3225ea019ad7c815d0341db7a7dd7eccb4a5e9d97ebf74cd7,False,1634,1634,RGB,1634x1634,
validation,V0366.jpg,D:\OIO+\DATASET_RETINA\01.Originais\GLA (Glaucoma)\REFUGE\REFUGE-Validation400\REFUGE-Validation400\V0366.jpg,.jpg,0.8495864868164062,3b9357a8edebbb21cfbef2f512aa22e6c006692c5010ca92fcd11029dd88fc06,False,1634,1634,RGB,1634x1634,
validation,V0367.jpg,D:\OIO+\DATASET_RETINA\01.Originais\GLA (Glaucoma)\REFUGE\REFUGE-Validation400\REFUGE-Validation400\V0367.jpg,.jpg,0.9524431228637695,7082aafb9063506a1362db6bca3419a114026c1e0c698e1fa8106a3b8ce07d44,False,1634,1634,RGB,1634x1634,
validation,V0368.jpg,D:\OIO+\DATASET_RETINA\01.Originais\GLA (Glaucoma)\REFUGE\REFUGE-Validation400\REFUGE-Validation400\V0368.jpg,.jpg,0.8968181610107422,2584e3377c7eaa29044b8c1684db4a01d8c98d128fc155b6659527e05e784e26,False,1634,1634,RGB,1634x1634,
validation,V0369.jpg,D:\OIO+\DATASET_RETINA\01.Originais\GLA (Glaucoma)\REFUGE\REFUGE-Validation400\REFUGE-Validation400\V0369.jpg,.jpg,0.9176139831542969,83ef964f89d7bf20d11904ea836c5de3da8be31867f028a43e5d8e910827d06d,False,1634,1634,RGB,1634x1634,
validation,V0370.jpg,D:\OIO+\DATASET_RETINA\01.Originais\GLA (Glaucoma)\REFUGE\REFUGE-Validation400\REFUGE-Validation400\V0370.jpg,.jpg,0.9168462753295898,e8aa94ec938b3da286d49f11e15a50326d1685e9119a103658bd3327cc55d65b,False,1634,1634,RGB,1634x1634,
validation,V0371.jpg,D:\OIO+\DATASET_RETINA\01.Originais\GLA (Glaucoma)\REFUGE\REFUGE-Validation400\REFUGE-Validation400\V0371.jpg,.jpg,0.8174819946289062,c9a287a3130c57dcdd3cf52cc4102a837d454368ece8584713feed23fcbce4cf,False,1634,1634,RGB,1634x1634,
validation,V0372.jpg,D:\OIO+\DATASET_RETINA\01.Originais\GLA (Glaucoma)\REFUGE\REFUGE-Validation400\REFUGE-Validation400\V0372.jpg,.jpg,0.8119630813598633,3b475b815b53e90c68ce96c9d0c3efcb021d9769385f27f932898f48f039f81a,False,1634,1634,RGB,1634x1634,
validation,V0373.jpg,D:\OIO+\DATASET_RETINA\01.Originais\GLA (Glaucoma)\REFUGE\REFUGE-Validation400\REFUGE-Validation400\V0373.jpg,.jpg,0.9251241683959961,86ee236ca786ac568a2e936b209e505464f61a1c72f16a05b48a701aeee50a8e,False,1634,1634,RGB,1634x1634,
validation,V0374.jpg,D:\OIO+\DATASET_RETINA\01.Originais\GLA (Glaucoma)\REFUGE\REFUGE-Validation400\REFUGE-Validation400\V0374.jpg,.jpg,0.8729143142700195,c9802ac18b92afedc4d5212e2e44c8a5f6e65b5b0721dc788dc538a8d01e323c,False,1634,1634,RGB,1634x1634,
validation,V0375.jpg,D:\OIO+\DATASET_RETINA\01.Originais\GLA (Glaucoma)\REFUGE\REFUGE-Validation400\REFUGE-Validation400\V0375.jpg,.jpg,0.9138307571411133,217e9d0fa31c99d57996af69966cd739b1ce41c5a37582d97682e6fd4905d2cd,False,1634,1634,RGB,1634x1634,
validation,V0376.jpg,D:\OIO+\DATASET_RETINA\01.Originais\GLA (Glaucoma)\REFUGE\REFUGE-Validation400\REFUGE-Validation400\V0376.jpg,.jpg,0.8506021499633789,d583709d11fe275eeffffd1d4bee4f66fce35a5fd8dd12db2a2b86fe350cc0ec,False,1634,1634,RGB,1634x1634,
validation,V0377.jpg,D:\OIO+\DATASET_RETINA\01.Originais\GLA (Glaucoma)\REFUGE\REFUGE-Validation400\REFUGE-Validation400\V0377.jpg,.jpg,0.8913640975952148,c07365c516154ef2df80dd0bbcc7e32bdb53daa3fabb7cb2d5381c33d1222d22,False,1634,1634,RGB,1634x1634,
validation,V0378.jpg,D:\OIO+\DATASET_RETINA\01.Originais\GLA (Glaucoma)\REFUGE\REFUGE-Validation400\REFUGE-Validation400\V0378.jpg,.jpg,0.7928619384765625,9ca87451457ddc07c98911370bc6d54d88f5186781feeff57c0f2fc2e7cf39bd,False,1634,1634,RGB,1634x1634,
validation,V0379.jpg,D:\OIO+\DATASET_RETINA\01.Originais\GLA (Glaucoma)\REFUGE\REFUGE-Validation400\REFUGE-Validation400\V0379.jpg,.jpg,0.9507274627685547,d08e6797e2597bed9187cb973a66fd6931683558980cfc50ebf749bb7a07d7eb,False,1634,1634,RGB,1634x1634,
validation,V0380.jpg,D:\OIO+\DATASET_RETINA\01.Originais\GLA (Glaucoma)\REFUGE\REFUGE-Validation400\REFUGE-Validation400\V0380.jpg,.jpg,0.8976163864135742,db84f1e16259c63d98f56cb20e795221baa6e5aad2c74d6fbb326fee3d007a01,False,1634,1634,RGB,1634x1634,
validation,V0381.jpg,D:\OIO+\DATASET_RETINA\01.Originais\GLA (Glaucoma)\REFUGE\REFUGE-Validation400\REFUGE-Validation400\V0381.jpg,.jpg,0.8797292709350586,24c0e8d7fef185ecd7c49cb01b9f68be7bd3760c8061a261193d6f3f8fb63f3d,False,1634,1634,RGB,1634x1634,
validation,V0382.jpg,D:\OIO+\DATASET_RETINA\01.Originais\GLA (Glaucoma)\REFUGE\REFUGE-Validation400\REFUGE-Validation400\V0382.jpg,.jpg,0.8576393127441406,9c63227d10cf54a4bbbaea83620d80db8d45994080c0fd99f1a36ba03eedb051,False,1634,1634,RGB,1634x1634,
validation,V0383.jpg,D:\OIO+\DATASET_RETINA\01.Originais\GLA (Glaucoma)\REFUGE\REFUGE-Validation400\REFUGE-Validation400\V0383.jpg,.jpg,0.743586540222168,ca1436a0d11afce9677e8adea15290436ad3d069171e45282f2f9ddc610d316c,False,1634,1634,RGB,1634x1634,
validation,V0384.jpg,D:\OIO+\DATASET_RETINA\01.Originais\GLA (Glaucoma)\REFUGE\REFUGE-Validation400\REFUGE-Validation400\V0384.jpg,.jpg,0.9070854187011719,b09b7e5203f358ee125ef3e73cb80b8c5a6a4e0a6918cbe0719611ad75b89d37,False,1634,1634,RGB,1634x1634,
validation,V0385.jpg,D:\OIO+\DATASET_RETINA\01.Originais\GLA (Glaucoma)\REFUGE\REFUGE-Validation400\REFUGE-Validation400\V0385.jpg,.jpg,0.7956027984619141,38463b4f714e451f77c6bbceef06c727d3073efe85633ae5f1579c077efdfe9f,False,1634,1634,RGB,1634x1634,
validation,V0386.jpg,D:\OIO+\DATASET_RETINA\01.Originais\GLA (Glaucoma)\REFUGE\REFUGE-Validation400\REFUGE-Validation400\V0386.jpg,.jpg,0.817601203918457,9bd2d42ee29bc9162aec75770e764921c579274bf73fb70b8b097549e33b3647,False,1634,1634,RGB,1634x1634,
validation,V0387.jpg,D:\OIO+\DATASET_RETINA\01.Originais\GLA (Glaucoma)\REFUGE\REFUGE-Validation400\REFUGE-Validation400\V0387.jpg,.jpg,0.9093751907348633,c04401efc76f3bc71af8fa36bc51ca2f389a7307812011f86141b4d7186c6723,False,1634,1634,RGB,1634x1634,
validation,V0388.jpg,D:\OIO+\DATASET_RETINA\01.Originais\GLA (Glaucoma)\REFUGE\REFUGE-Validation400\REFUGE-Validation400\V0388.jpg,.jpg,0.9519996643066406,2a8546e95e5b78e525856ae1fcda069537073cc2283c9aeb7a5aa691a9d08c5b,False,1634,1634,RGB,1634x1634,
validation,V0389.jpg,D:\OIO+\DATASET_RETINA\01.Originais\GLA (Glaucoma)\REFUGE\REFUGE-Validation400\REFUGE-Validation400\V0389.jpg,.jpg,0.8225383758544922,1e11e6604d8c3fa7ffbf901f433514246d3bf90caba944d890a26ee64f62c1d5,False,1634,1634,RGB,1634x1634,
validation,V0390.jpg,D:\OIO+\DATASET_RETINA\01.Originais\GLA (Glaucoma)\REFUGE\REFUGE-Validation400\REFUGE-Validation400\V0390.jpg,.jpg,0.7683544158935547,655076ceadb8966fd30e73f4d83b3a0b7469664a561a5b5563454447affe07be,False,1634,1634,RGB,1634x1634,
validation,V0391.jpg,D:\OIO+\DATASET_RETINA\01.Originais\GLA (Glaucoma)\REFUGE\REFUGE-Validation400\REFUGE-Validation400\V0391.jpg,.jpg,0.8105344772338867,c7dcda545de0d78268fa35bb9f9a9b509bea30e9f6605d47320ce6500e54cefb,False,1634,1634,RGB,1634x1634,
validation,V0392.jpg,D:\OIO+\DATASET_RETINA\01.Originais\GLA (Glaucoma)\REFUGE\REFUGE-Validation400\REFUGE-Validation400\V0392.jpg,.jpg,0.8681564331054688,20f7b283d4b031686e692fa6c770ae550b648488b26ec30b3fee1cca39bc99d0,False,1634,1634,RGB,1634x1634,
validation,V0393.jpg,D:\OIO+\DATASET_RETINA\01.Originais\GLA (Glaucoma)\REFUGE\REFUGE-Validation400\REFUGE-Validation400\V0393.jpg,.jpg,0.9423437118530273,20700d5d81a0c63c89d2b75fdc5866e0f211d6356dc4ab278e53efb8db131a47,False,1634,1634,RGB,1634x1634,
validation,V0394.jpg,D:\OIO+\DATASET_RETINA\01.Originais\GLA (Glaucoma)\REFUGE\REFUGE-Validation400\REFUGE-Validation400\V0394.jpg,.jpg,0.9305973052978516,bd9ced74fab5dacf841005d35fb04b376748203c0e9df3d8fe28955190c112dd,False,1634,1634,RGB,1634x1634,
validation,V0395.jpg,D:\OIO+\DATASET_RETINA\01.Originais\GLA (Glaucoma)\REFUGE\REFUGE-Validation400\REFUGE-Validation400\V0395.jpg,.jpg,0.936182975769043,a3a236c9f8afef6094bfa9fc3ac0e8574089d5748eda41d4f97fb692337c747e,False,1634,1634,RGB,1634x1634,
validation,V0396.jpg,D:\OIO+\DATASET_RETINA\01.Originais\GLA (Glaucoma)\REFUGE\REFUGE-Validation400\REFUGE-Validation400\V0396.jpg,.jpg,0.9682960510253906,c36e2c28f6cf66bec20a3b8fa63390e654caedc77cc9e6ae6d2dba1053f6b43b,False,1634,1634,RGB,1634x1634,
validation,V0397.jpg,D:\OIO+\DATASET_RETINA\01.Originais\GLA (Glaucoma)\REFUGE\REFUGE-Validation400\REFUGE-Validation400\V0397.jpg,.jpg,0.8721513748168945,f182b315be0563449c35d93098c0d87f69144bab3c91cd0ba6f36055a9cc489c,False,1634,1634,RGB,1634x1634,
validation,V0398.jpg,D:\OIO+\DATASET_RETINA\01.Originais\GLA (Glaucoma)\REFUGE\REFUGE-Validation400\REFUGE-Validation400\V0398.jpg,.jpg,0.8850173950195312,13edce49c01928c16ffad70c1aa6ad56e1914bb92682b53e6176b8f20d7b9d3d,False,1634,1634,RGB,1634x1634,
validation,V0399.jpg,D:\OIO+\DATASET_RETINA\01.Originais\GLA (Glaucoma)\REFUGE\REFUGE-Validation400\REFUGE-Validation400\V0399.jpg,.jpg,0.7997007369995117,ea355ed81a664224c1d25f34c28ad7844e1e4e98100cf9e6bed7d4112c7176ff,False,1634,1634,RGB,1634x1634,
validation,V0400.jpg,D:\OIO+\DATASET_RETINA\01.Originais\GLA (Glaucoma)\REFUGE\REFUGE-Validation400\REFUGE-Validation400\V0400.jpg,.jpg,0.9037179946899414,14c3395c8bb6fa68fa316d89dcfb28da518701a9a6ef1d52670ee16a58a7ddf3,False,1634,1634,RGB,1634x1634,
test,T0001.jpg,D:\OIO+\DATASET_RETINA\01.Originais\GLA (Glaucoma)\REFUGE\Test400\T0001.jpg,.jpg,0.9573888778686523,8511a8ea09e5b8056f906a23b1ec516c307705a40f4aa8f11341b616fec5e228,False,1634,1634,RGB,1634x1634,
test,T0002.jpg,D:\OIO+\DATASET_RETINA\01.Originais\GLA (Glaucoma)\REFUGE\Test400\T0002.jpg,.jpg,0.9596757888793945,8b6ceb2b4e86f114c08ade6a2ada5cac2306c0ef5aec5a04ecf4f261db961eb1,False,1634,1634,RGB,1634x1634,
test,T0003.jpg,D:\OIO+\DATASET_RETINA\01.Originais\GLA (Glaucoma)\REFUGE\Test400\T0003.jpg,.jpg,0.8476352691650391,034c0a7c5ff85541f04578d8d363ab835865c48ef04d368d9aaf3ae04a79a128,False,1634,1634,RGB,1634x1634,
test,T0004.jpg,D:\OIO+\DATASET_RETINA\01.Originais\GLA (Glaucoma)\REFUGE\Test400\T0004.jpg,.jpg,0.8732728958129883,c916fd35935649314c99ba7a259d3da31ffc4984647de98467cfca6fd564e294,False,1634,1634,RGB,1634x1634,
test,T0005.jpg,D:\OIO+\DATASET_RETINA\01.Originais\GLA (Glaucoma)\REFUGE\Test400\T0005.jpg,.jpg,0.8437280654907227,cf0278830c0f9702000504a2608c77bde7256993300082985785b28f8177d8ad,False,1634,1634,RGB,1634x1634,
test,T0006.jpg,D:\OIO+\DATASET_RETINA\01.Originais\GLA (Glaucoma)\REFUGE\Test400\T0006.jpg,.jpg,0.8737201690673828,23cff18682cdf529ea65cabe992ec3458a3c217e85bd6043561b46a6803bdfb4,False,1634,1634,RGB,1634x1634,
test,T0007.jpg,D:\OIO+\DATASET_RETINA\01.Originais\GLA (Glaucoma)\REFUGE\Test400\T0007.jpg,.jpg,0.8471384048461914,8a0aaab007e87c51f32323deb5bfa874ba96b76e36171e6c92aa003e23fbfb83,False,1634,1634,RGB,1634x1634,
test,T0008.jpg,D:\OIO+\DATASET_RETINA\01.Originais\GLA (Glaucoma)\REFUGE\Test400\T0008.jpg,.jpg,0.8423776626586914,e827f29d80159111ba4e2a3eda60a8031f7a5f7c286e81b03496c0082d1c6e51,False,1634,1634,RGB,1634x1634,
test,T0009.jpg,D:\OIO+\DATASET_RETINA\01.Originais\GLA (Glaucoma)\REFUGE\Test400\T0009.jpg,.jpg,0.943140983581543,b6e3574f7b00226370b587b3683c92b15ea807af97b4b1e65810f21393f43ff4,False,1634,1634,RGB,1634x1634,
test,T0010.jpg,D:\OIO+\DATASET_RETINA\01.Originais\GLA (Glaucoma)\REFUGE\Test400\T0010.jpg,.jpg,0.7737932205200195,4710e94f6fe7a860248e4a62923c4e084ca13f746bfc1f6c546066f2e5f1fdcf,False,1634,1634,RGB,1634x1634,
test,T0011.jpg,D:\OIO+\DATASET_RETINA\01.Originais\GLA (Glaucoma)\REFUGE\Test400\T0011.jpg,.jpg,0.892735481262207,4686e99a9c4129fafcaabb5323cdeac86f6dc834b1d3cccd7963e934f5a584f1,False,1634,1634,RGB,1634x1634,
test,T0012.jpg,D:\OIO+\DATASET_RETINA\01.Originais\GLA (Glaucoma)\REFUGE\Test400\T0012.jpg,.jpg,0.8399753570556641,38b1b1c29df1e1a2ad8a53304e818401ee8a79065a6e5e7e242dbb0b8c19da54,False,1634,1634,RGB,1634x1634,
test,T0013.jpg,D:\OIO+\DATASET_RETINA\01.Originais\GLA (Glaucoma)\REFUGE\Test400\T0013.jpg,.jpg,0.9209375381469727,88d700cbe90bed14bab2c851d326e90a764532a7ea698b7d4c86eb837a09f31e,False,1634,1634,RGB,1634x1634,
test,T0014.jpg,D:\OIO+\DATASET_RETINA\01.Originais\GLA (Glaucoma)\REFUGE\Test400\T0014.jpg,.jpg,0.8358421325683594,cc6dcced6cc06c7f8f7698f2925a3db17516ebad1b4cd8089d972f8ec6d05643,False,1634,1634,RGB,1634x1634,
test,T0015.jpg,D:\OIO+\DATASET_RETINA\01.Originais\GLA (Glaucoma)\REFUGE\Test400\T0015.jpg,.jpg,0.9849004745483398,5a7a341b1f5f63d24f5a8cc6241699ae3be5d3c31921fe74eea27f48edc2be0a,False,1634,1634,RGB,1634x1634,
test,T0016.jpg,D:\OIO+\DATASET_RETINA\01.Originais\GLA (Glaucoma)\REFUGE\Test400\T0016.jpg,.jpg,0.9288654327392578,534a1d21eee92f1844a1aafbd7ff203f7c6a80d9aca82cbd069711aa886b0c6f,False,1634,1634,RGB,1634x1634,
test,T0017.jpg,D:\OIO+\DATASET_RETINA\01.Originais\GLA (Glaucoma)\REFUGE\Test400\T0017.jpg,.jpg,0.9256372451782227,3b243dac00eced977460ff1caeefc491525d04a4688553d50f4a221fe563976b,False,1634,1634,RGB,1634x1634,
test,T0018.jpg,D:\OIO+\DATASET_RETINA\01.Originais\GLA (Glaucoma)\REFUGE\Test400\T0018.jpg,.jpg,0.97113037109375,06588fa58a5d72c596115311a43ee994d64a341a00c9d5503f7a23205697d1ad,False,1634,1634,RGB,1634x1634,
test,T0019.jpg,D:\OIO+\DATASET_RETINA\01.Originais\GLA (Glaucoma)\REFUGE\Test400\T0019.jpg,.jpg,0.9794673919677734,68d94d2d552c784c81dfa0de9bb30214dc641b2e3803807c9d99330f1dfc0bca,False,1634,1634,RGB,1634x1634,
test,T0020.jpg,D:\OIO+\DATASET_RETINA\01.Originais\GLA (Glaucoma)\REFUGE\Test400\T0020.jpg,.jpg,0.837066650390625,6934b55300f3d2b64a0d9196d7b6044f8a6e08a112ddb185deb8411d05862613,False,1634,1634,RGB,1634x1634,
test,T0021.jpg,D:\OIO+\DATASET_RETINA\01.Originais\GLA (Glaucoma)\REFUGE\Test400\T0021.jpg,.jpg,0.9634819030761719,3c7f4192b1cc9e94b0343f8f4e08e9b475ddfd5efe98ddae1f4373bd4e0790e5,False,1634,1634,RGB,1634x1634,
test,T0022.jpg,D:\OIO+\DATASET_RETINA\01.Originais\GLA (Glaucoma)\REFUGE\Test400\T0022.jpg,.jpg,0.9667539596557617,67c21a8bb7dd1161e46985fbbb20017fc5c02a68d4b03a87fa6eb0e0cabaa9a1,False,1634,1634,RGB,1634x1634,
test,T0023.jpg,D:\OIO+\DATASET_RETINA\01.Originais\GLA (Glaucoma)\REFUGE\Test400\T0023.jpg,.jpg,0.8692264556884766,26078676e907c26896ab8a71d4bec8b7eee3e8c351deb271872ea36a715facc9,False,1634,1634,RGB,1634x1634,
test,T0024.jpg,D:\OIO+\DATASET_RETINA\01.Originais\GLA (Glaucoma)\REFUGE\Test400\T0024.jpg,.jpg,0.9094562530517578,dfc6815ea23634ed796f573d5d5e0adfbc1de15aed96396faef4df171268eafe,False,1634,1634,RGB,1634x1634,
test,T0025.jpg,D:\OIO+\DATASET_RETINA\01.Originais\GLA (Glaucoma)\REFUGE\Test400\T0025.jpg,.jpg,0.884587287902832,5cb2dd9f96b2df11e4347f0b3b29f73fcfb3f68fc1d5c24a78d2578d121457f6,False,1634,1634,RGB,1634x1634,
test,T0026.jpg,D:\OIO+\DATASET_RETINA\01.Originais\GLA (Glaucoma)\REFUGE\Test400\T0026.jpg,.jpg,0.7778816223144531,3e0d6218766d3d2ae68121e79b6f18f148bba5da362dd6594a097d4836e49b66,False,1634,1634,RGB,1634x1634,
test,T0027.jpg,D:\OIO+\DATASET_RETINA\01.Originais\GLA (Glaucoma)\REFUGE\Test400\T0027.jpg,.jpg,0.8081064224243164,e9b3d0da73af334c33f7ada6110e50bffa6af4423be960c9a067a7a9610c3a9d,False,1634,1634,RGB,1634x1634,
test,T0028.jpg,D:\OIO+\DATASET_RETINA\01.Originais\GLA (Glaucoma)\REFUGE\Test400\T0028.jpg,.jpg,0.8419761657714844,0b7abaf13469599ea276ff8503f446e4a2ce510153aeaf4531e48f89a8903dae,False,1634,1634,RGB,1634x1634,
test,T0029.jpg,D:\OIO+\DATASET_RETINA\01.Originais\GLA (Glaucoma)\REFUGE\Test400\T0029.jpg,.jpg,0.9304523468017578,70146ef72f1d19270b90850a54fc04807315be4856ab04e7b75d4aed8fd2cea1,False,1634,1634,RGB,1634x1634,
test,T0030.jpg,D:\OIO+\DATASET_RETINA\01.Originais\GLA (Glaucoma)\REFUGE\Test400\T0030.jpg,.jpg,0.7779626846313477,e72efd232a6c78e5978d5ba4829e015ef025787a0f1977234af6f76ad5481b69,False,1634,1634,RGB,1634x1634,
test,T0031.jpg,D:\OIO+\DATASET_RETINA\01.Originais\GLA (Glaucoma)\REFUGE\Test400\T0031.jpg,.jpg,0.9002475738525391,076da111a174832482c91d97fb86e2392f8b469073d74adce9211a8a04cc2401,False,1634,1634,RGB,1634x1634,
test,T0032.jpg,D:\OIO+\DATASET_RETINA\01.Originais\GLA (Glaucoma)\REFUGE\Test400\T0032.jpg,.jpg,0.8369941711425781,a6746a738194b1c9420bfdffd729fa40387f265dfe29147233386e4e0d5c01eb,False,1634,1634,RGB,1634x1634,
test,T0033.jpg,D:\OIO+\DATASET_RETINA\01.Originais\GLA (Glaucoma)\REFUGE\Test400\T0033.jpg,.jpg,0.9562177658081055,427f9d18ef8d6bf9b7aac6eeb06cc7f2b9811cd7c6f1c711b946a84ee12147a6,False,1634,1634,RGB,1634x1634,
test,T0034.jpg,D:\OIO+\DATASET_RETINA\01.Originais\GLA (Glaucoma)\REFUGE\Test400\T0034.jpg,.jpg,0.7999372482299805,d11d32c0e977b74cde1e84509586aac8e999368b4eb14f41ba9ec44e412a84a3,False,1634,1634,RGB,1634x1634,
test,T0035.jpg,D:\OIO+\DATASET_RETINA\01.Originais\GLA (Glaucoma)\REFUGE\Test400\T0035.jpg,.jpg,0.9249229431152344,042bbab56d5629228eed475f5907bdb72b8ec4e2b7492904b0bc9388e4056203,False,1634,1634,RGB,1634x1634,
test,T0036.jpg,D:\OIO+\DATASET_RETINA\01.Originais\GLA (Glaucoma)\REFUGE\Test400\T0036.jpg,.jpg,0.8002471923828125,4bb32bd4aebbf84b62aea5dfe8c5b9afaedd15d18e65d352744a72bd8c1afe80,False,1634,1634,RGB,1634x1634,
test,T0037.jpg,D:\OIO+\DATASET_RETINA\01.Originais\GLA (Glaucoma)\REFUGE\Test400\T0037.jpg,.jpg,0.8409194946289062,d6e88ad020830c3dc8c48934b264b65cdd72f9515a5c15f650879b13756f6160,False,1634,1634,RGB,1634x1634,
test,T0038.jpg,D:\OIO+\DATASET_RETINA\01.Originais\GLA (Glaucoma)\REFUGE\Test400\T0038.jpg,.jpg,0.9386301040649414,4ea5a3f9f0ec4aee45b55b8f1bd1174385a1cd402c0538602f5395a4a5fe8482,False,1634,1634,RGB,1634x1634,
test,T0039.jpg,D:\OIO+\DATASET_RETINA\01.Originais\GLA (Glaucoma)\REFUGE\Test400\T0039.jpg,.jpg,0.8937139511108398,845dcd26094c2a79d6036a7a738aa5e9a04cf1aff2357ec79faf6567fc69c75b,False,1634,1634,RGB,1634x1634,
test,T0040.jpg,D:\OIO+\DATASET_RETINA\01.Originais\GLA (Glaucoma)\REFUGE\Test400\T0040.jpg,.jpg,0.8051881790161133,5c3e9670804ac3a32009de36170328814fd7940d85c8277d14b6ed6e7648e606,False,1634,1634,RGB,1634x1634,
test,T0041.jpg,D:\OIO+\DATASET_RETINA\01.Originais\GLA (Glaucoma)\REFUGE\Test400\T0041.jpg,.jpg,0.9535741806030273,44efaf4c959442713cbaeb1e64be0cec2fab4fbb6a910af5229e9c0aff156f2a,False,1634,1634,RGB,1634x1634,
test,T0042.jpg,D:\OIO+\DATASET_RETINA\01.Originais\GLA (Glaucoma)\REFUGE\Test400\T0042.jpg,.jpg,0.858342170715332,8e184e0ecd423070bd4ac330b33e016f94ac16652346d5aad34707dda1660b85,False,1634,1634,RGB,1634x1634,
test,T0043.jpg,D:\OIO+\DATASET_RETINA\01.Originais\GLA (Glaucoma)\REFUGE\Test400\T0043.jpg,.jpg,0.9507226943969727,d423ed3f2a954a3859a2be69cb2bc4694b3859e9932d49e3fa65635cbd1b6a17,False,1634,1634,RGB,1634x1634,
test,T0044.jpg,D:\OIO+\DATASET_RETINA\01.Originais\GLA (Glaucoma)\REFUGE\Test400\T0044.jpg,.jpg,0.9664344787597656,580ebaf292ae4979071bffe8caee69f49d9537c2c44b44f0cf1368d2545848bb,False,1634,1634,RGB,1634x1634,
test,T0045.jpg,D:\OIO+\DATASET_RETINA\01.Originais\GLA (Glaucoma)\REFUGE\Test400\T0045.jpg,.jpg,0.9795475006103516,a84f4f9bc4e7c629bc86d16aa127bcbac388cc0930eb2f9badbd62a1765dba60,False,1634,1634,RGB,1634x1634,
test,T0046.jpg,D:\OIO+\DATASET_RETINA\01.Originais\GLA (Glaucoma)\REFUGE\Test400\T0046.jpg,.jpg,0.8180294036865234,05b0b609584dcd56d35c795509945b08131cbc26df3cefb7985251bc59647e75,False,1634,1634,RGB,1634x1634,
test,T0047.jpg,D:\OIO+\DATASET_RETINA\01.Originais\GLA (Glaucoma)\REFUGE\Test400\T0047.jpg,.jpg,0.9064750671386719,279bdbc3d46d5564b4b108a5b318603572a47ea78097a58c0afca89ef0cee4de,False,1634,1634,RGB,1634x1634,
test,T0048.jpg,D:\OIO+\DATASET_RETINA\01.Originais\GLA (Glaucoma)\REFUGE\Test400\T0048.jpg,.jpg,0.8101339340209961,d1784a16bd817407b04ec7e8b94e76e0726458d6d2357b3c6204938f8f1ee4e0,False,1634,1634,RGB,1634x1634,
test,T0049.jpg,D:\OIO+\DATASET_RETINA\01.Originais\GLA (Glaucoma)\REFUGE\Test400\T0049.jpg,.jpg,0.9217967987060547,ba717a1842543f53eee980fe593129738b5598ff343f33174a712af8d2c991fb,False,1634,1634,RGB,1634x1634,
test,T0050.jpg,D:\OIO+\DATASET_RETINA\01.Originais\GLA (Glaucoma)\REFUGE\Test400\T0050.jpg,.jpg,0.9290056228637695,934da99f452b25798b248e2ba7aaf606b965a8161877ea1c8b08c9df4f482ec7,False,1634,1634,RGB,1634x1634,
test,T0051.jpg,D:\OIO+\DATASET_RETINA\01.Originais\GLA (Glaucoma)\REFUGE\Test400\T0051.jpg,.jpg,0.8589649200439453,754911488b660888ed28819a1176f5049435f2ec69ab2987a9e5f00f23a1d338,False,1634,1634,RGB,1634x1634,
test,T0052.jpg,D:\OIO+\DATASET_RETINA\01.Originais\GLA (Glaucoma)\REFUGE\Test400\T0052.jpg,.jpg,0.8008928298950195,1f0c23b3cd70102d9615a61f5944506cbd8fb1ed99547ae2de37f2f9e13d408e,False,1634,1634,RGB,1634x1634,
test,T0053.jpg,D:\OIO+\DATASET_RETINA\01.Originais\GLA (Glaucoma)\REFUGE\Test400\T0053.jpg,.jpg,0.8867654800415039,3b67b6d54b49f55a90290cd69b0aa513b0b45abd1339e7ee3165296a9016c696,False,1634,1634,RGB,1634x1634,
test,T0054.jpg,D:\OIO+\DATASET_RETINA\01.Originais\GLA (Glaucoma)\REFUGE\Test400\T0054.jpg,.jpg,0.83135986328125,74965085ceea9f671729d412055a00173fa21b89187c1b14973ac9f26d91c658,False,1634,1634,RGB,1634x1634,
test,T0055.jpg,D:\OIO+\DATASET_RETINA\01.Originais\GLA (Glaucoma)\REFUGE\Test400\T0055.jpg,.jpg,0.8317832946777344,a655599d5847f3fcb5a1ea82adbaa473e6346ef1f4e9d1376d5cd4f1afe68e81,False,1634,1634,RGB,1634x1634,
test,T0056.jpg,D:\OIO+\DATASET_RETINA\01.Originais\GLA (Glaucoma)\REFUGE\Test400\T0056.jpg,.jpg,0.8695659637451172,f190396347a9638fea55baeb940aec512c14a1a5edf382d321f36d8675fe1064,False,1634,1634,RGB,1634x1634,
test,T0057.jpg,D:\OIO+\DATASET_RETINA\01.Originais\GLA (Glaucoma)\REFUGE\Test400\T0057.jpg,.jpg,1.0085010528564453,949697b346936e30930d27c3d5fec9673ae2c30e64f0ffd8ab16b4b38d654a0b,False,1634,1634,RGB,1634x1634,
test,T0058.jpg,D:\OIO+\DATASET_RETINA\01.Originais\GLA (Glaucoma)\REFUGE\Test400\T0058.jpg,.jpg,0.7878322601318359,a0e97ef2d0569b0dbbe7aa2f68a86f9077b4c73b53cf8b753376cbcb1fc30a79,False,1634,1634,RGB,1634x1634,
test,T0059.jpg,D:\OIO+\DATASET_RETINA\01.Originais\GLA (Glaucoma)\REFUGE\Test400\T0059.jpg,.jpg,0.9458160400390625,d37f74c376f9f49a3c38200f9088fb50b11e8808c9eaf7a84c56750599bd21b8,False,1634,1634,RGB,1634x1634,
test,T0060.jpg,D:\OIO+\DATASET_RETINA\01.Originais\GLA (Glaucoma)\REFUGE\Test400\T0060.jpg,.jpg,0.8290891647338867,cd6d1efba8110d125afaf1fa9cf721ab29d28dd3da725cc8bccec8bca2482d5a,False,1634,1634,RGB,1634x1634,
test,T0061.jpg,D:\OIO+\DATASET_RETINA\01.Originais\GLA (Glaucoma)\REFUGE\Test400\T0061.jpg,.jpg,0.8481044769287109,79a6dfe7a22c901edea225060067d1cef390bc2f9ad86761643fb217aebff906,False,1634,1634,RGB,1634x1634,
test,T0062.jpg,D:\OIO+\DATASET_RETINA\01.Originais\GLA (Glaucoma)\REFUGE\Test400\T0062.jpg,.jpg,0.9255361557006836,7a3c99d10e1168441150c40cd2b3c72d02a5bb542f61f088715b660e76a656e6,False,1634,1634,RGB,1634x1634,
test,T0063.jpg,D:\OIO+\DATASET_RETINA\01.Originais\GLA (Glaucoma)\REFUGE\Test400\T0063.jpg,.jpg,0.913395881652832,577993c325b1d175fbe3308f3638c08bc351e6f55cd2ec9efd898a17eed24981,False,1634,1634,RGB,1634x1634,
test,T0064.jpg,D:\OIO+\DATASET_RETINA\01.Originais\GLA (Glaucoma)\REFUGE\Test400\T0064.jpg,.jpg,0.9377861022949219,1fa6796b404cd437b0a118b08b4fbdcbb3296c627f1bbdc7ab7d1c93b664f077,False,1634,1634,RGB,1634x1634,
test,T0065.jpg,D:\OIO+\DATASET_RETINA\01.Originais\GLA (Glaucoma)\REFUGE\Test400\T0065.jpg,.jpg,0.8077859878540039,d0b0aac2035abdbbc1f2c6df4bb431f627fe8b666f3973d164948957d197a353,False,1634,1634,RGB,1634x1634,
test,T0066.jpg,D:\OIO+\DATASET_RETINA\01.Originais\GLA (Glaucoma)\REFUGE\Test400\T0066.jpg,.jpg,0.8292760848999023,3632a7c17882634c45454ccda37493c619bc53b7d22ed3e8e40b73048760f189,False,1634,1634,RGB,1634x1634,
test,T0067.jpg,D:\OIO+\DATASET_RETINA\01.Originais\GLA (Glaucoma)\REFUGE\Test400\T0067.jpg,.jpg,0.8625125885009766,6dace1c33bc292d5a65cf33e5919e4c2e0f053b220352c488f36a81e28066daf,False,1634,1634,RGB,1634x1634,
test,T0068.jpg,D:\OIO+\DATASET_RETINA\01.Originais\GLA (Glaucoma)\REFUGE\Test400\T0068.jpg,.jpg,0.796656608581543,578a9d31d77b71c9b39fd5738fb55ead65ececc2db7524edf9f732f87385056b,False,1634,1634,RGB,1634x1634,
test,T0069.jpg,D:\OIO+\DATASET_RETINA\01.Originais\GLA (Glaucoma)\REFUGE\Test400\T0069.jpg,.jpg,0.7728700637817383,f2a65be564752ec511e1b3ac1db4e4a32ef94b158e0a479939c41157d687491f,False,1634,1634,RGB,1634x1634,
test,T0070.jpg,D:\OIO+\DATASET_RETINA\01.Originais\GLA (Glaucoma)\REFUGE\Test400\T0070.jpg,.jpg,0.8528881072998047,7201f0ed31b00edbe6910dfd055adac6d3f160571f88c8ca016e542ea64c0021,False,1634,1634,RGB,1634x1634,
test,T0071.jpg,D:\OIO+\DATASET_RETINA\01.Originais\GLA (Glaucoma)\REFUGE\Test400\T0071.jpg,.jpg,0.9640684127807617,9c28528291aa2d2b8d1d1398d1be4f184ffed1b5cba2c9f29feae6740a704dfe,False,1634,1634,RGB,1634x1634,
test,T0072.jpg,D:\OIO+\DATASET_RETINA\01.Originais\GLA (Glaucoma)\REFUGE\Test400\T0072.jpg,.jpg,0.813908576965332,b58e7c5f16d12e68213c29a541d67abf8406220863aa3961d43b56b4aedc5a68,False,1634,1634,RGB,1634x1634,
test,T0073.jpg,D:\OIO+\DATASET_RETINA\01.Originais\GLA (Glaucoma)\REFUGE\Test400\T0073.jpg,.jpg,0.8442888259887695,18dd7ca568f57f9e7f0afc70b3a26a7a568d6a8d5998e47ed4fbf06eaa8ee319,False,1634,1634,RGB,1634x1634,
test,T0074.jpg,D:\OIO+\DATASET_RETINA\01.Originais\GLA (Glaucoma)\REFUGE\Test400\T0074.jpg,.jpg,0.8832063674926758,e94319b1b41a31f8547dde7a475fb0cea14bed225303dea22ecc576525fb3008,False,1634,1634,RGB,1634x1634,
test,T0075.jpg,D:\OIO+\DATASET_RETINA\01.Originais\GLA (Glaucoma)\REFUGE\Test400\T0075.jpg,.jpg,0.9664478302001953,49e0d2e43d5eabe25630bf7f677cb00da391566d0c2dab5de7c322de5adef149,False,1634,1634,RGB,1634x1634,
test,T0076.jpg,D:\OIO+\DATASET_RETINA\01.Originais\GLA (Glaucoma)\REFUGE\Test400\T0076.jpg,.jpg,0.9367742538452148,a6509821d588225e2ecef0b1e45fd4d1f97a463ace7fe78240c862986e4c658f,False,1634,1634,RGB,1634x1634,
test,T0077.jpg,D:\OIO+\DATASET_RETINA\01.Originais\GLA (Glaucoma)\REFUGE\Test400\T0077.jpg,.jpg,0.9570236206054688,05491b503ccf8e7272c96dc417617c5a0638ea75638b02c243f61a38ee4b47a1,False,1634,1634,RGB,1634x1634,
test,T0078.jpg,D:\OIO+\DATASET_RETINA\01.Originais\GLA (Glaucoma)\REFUGE\Test400\T0078.jpg,.jpg,0.7725152969360352,74d383aace73086d46f227e8fce2ca4206f4df1e23bc9b8901a6effc27d21a7f,False,1634,1634,RGB,1634x1634,
test,T0079.jpg,D:\OIO+\DATASET_RETINA\01.Originais\GLA (Glaucoma)\REFUGE\Test400\T0079.jpg,.jpg,0.8459148406982422,204feedce9f6be7e2ada2ba7c299f4495195b834d1badf14e54aaed6bfb8e7b2,False,1634,1634,RGB,1634x1634,
test,T0080.jpg,D:\OIO+\DATASET_RETINA\01.Originais\GLA (Glaucoma)\REFUGE\Test400\T0080.jpg,.jpg,0.8074378967285156,dc9af9fcc4b697311945512bb45ca4cf5f8e98197129f16b67826e7b767ab452,False,1634,1634,RGB,1634x1634,
test,T0081.jpg,D:\OIO+\DATASET_RETINA\01.Originais\GLA (Glaucoma)\REFUGE\Test400\T0081.jpg,.jpg,0.8099813461303711,18f4f2eb74fbb2456c0c2ef687679c2e3ab8571586addde502a3e9b19e0f68d8,False,1634,1634,RGB,1634x1634,
test,T0082.jpg,D:\OIO+\DATASET_RETINA\01.Originais\GLA (Glaucoma)\REFUGE\Test400\T0082.jpg,.jpg,0.8305826187133789,4e45c7a104a6919a8910f94c30814cae0e941dda5a07077b1adeef6b517a69d6,False,1634,1634,RGB,1634x1634,
test,T0083.jpg,D:\OIO+\DATASET_RETINA\01.Originais\GLA (Glaucoma)\REFUGE\Test400\T0083.jpg,.jpg,0.9106025695800781,a9f1b6b3dc948dc8757befc41ac007e5db7c7461ed23fba39de016e0b47bb789,False,1634,1634,RGB,1634x1634,
test,T0084.jpg,D:\OIO+\DATASET_RETINA\01.Originais\GLA (Glaucoma)\REFUGE\Test400\T0084.jpg,.jpg,0.9367761611938477,0b48a747249da3c48bbbafc2962fa2146e50ad5edad191fee0ef83f6a3321efd,False,1634,1634,RGB,1634x1634,
test,T0085.jpg,D:\OIO+\DATASET_RETINA\01.Originais\GLA (Glaucoma)\REFUGE\Test400\T0085.jpg,.jpg,0.7984943389892578,38e309c481ebd81c203eeadf83bbf26ef159ba87bfb1c114c1a81693eaa48a35,False,1634,1634,RGB,1634x1634,
test,T0086.jpg,D:\OIO+\DATASET_RETINA\01.Originais\GLA (Glaucoma)\REFUGE\Test400\T0086.jpg,.jpg,0.9086494445800781,9296f1fe38a1d02b66c82bebcbd8c5f82e55e38d52d2198273ced1459f0b15db,False,1634,1634,RGB,1634x1634,
test,T0087.jpg,D:\OIO+\DATASET_RETINA\01.Originais\GLA (Glaucoma)\REFUGE\Test400\T0087.jpg,.jpg,0.878692626953125,636332c79e3f1872caa100028272d615b0603424e3af1469b3cdae68f2cc408b,False,1634,1634,RGB,1634x1634,
test,T0088.jpg,D:\OIO+\DATASET_RETINA\01.Originais\GLA (Glaucoma)\REFUGE\Test400\T0088.jpg,.jpg,0.9272222518920898,951c3a7e88557de59b859e3d16b639d5ed9cd87bb9589a6b2872b593b0c4f5d3,False,1634,1634,RGB,1634x1634,
test,T0089.jpg,D:\OIO+\DATASET_RETINA\01.Originais\GLA (Glaucoma)\REFUGE\Test400\T0089.jpg,.jpg,0.8800601959228516,bfa20e930965d83c47e73987323787e4416fe2a97171c9f0e12e168063a5a3d3,False,1634,1634,RGB,1634x1634,
test,T0090.jpg,D:\OIO+\DATASET_RETINA\01.Originais\GLA (Glaucoma)\REFUGE\Test400\T0090.jpg,.jpg,0.9131259918212891,3ade395231c3b3c586d49242c4dd8cfa51992b6ac7de972142524ec7ce99d7d6,False,1634,1634,RGB,1634x1634,
test,T0091.jpg,D:\OIO+\DATASET_RETINA\01.Originais\GLA (Glaucoma)\REFUGE\Test400\T0091.jpg,.jpg,0.9569463729858398,4d2927f4723f0c87b74c0c8d1518986ac3ff81ec9e22f61f8c6399b5138dd2c3,False,1634,1634,RGB,1634x1634,
test,T0092.jpg,D:\OIO+\DATASET_RETINA\01.Originais\GLA (Glaucoma)\REFUGE\Test400\T0092.jpg,.jpg,0.9426374435424805,b976748cea1cc947ca6f2629a71c1ad147da498c2edfde94fd649d84304d09d6,False,1634,1634,RGB,1634x1634,
test,T0093.jpg,D:\OIO+\DATASET_RETINA\01.Originais\GLA (Glaucoma)\REFUGE\Test400\T0093.jpg,.jpg,0.7818193435668945,23bde90eb59729c98954ed911a7a01115aede83cf9a2e47e4f5915f1e7ae534c,False,1634,1634,RGB,1634x1634,
test,T0094.jpg,D:\OIO+\DATASET_RETINA\01.Originais\GLA (Glaucoma)\REFUGE\Test400\T0094.jpg,.jpg,0.8908195495605469,2bd0c7006e05b5fc0649e2e5a96329b454ee0f794e4f604c5b4b73e5b38f3476,False,1634,1634,RGB,1634x1634,
test,T0095.jpg,D:\OIO+\DATASET_RETINA\01.Originais\GLA (Glaucoma)\REFUGE\Test400\T0095.jpg,.jpg,0.8815231323242188,62f6668f0e9bb16a6a0b62e4b3068d654c033fb4541a2ccf472099b9a4b5c1ee,False,1634,1634,RGB,1634x1634,
test,T0096.jpg,D:\OIO+\DATASET_RETINA\01.Originais\GLA (Glaucoma)\REFUGE\Test400\T0096.jpg,.jpg,0.7624530792236328,93937faa30a8bb3bc4c9f27522aed2ebf60896cc7f8f7f4b940a2fb9f26ff551,False,1634,1634,RGB,1634x1634,
test,T0097.jpg,D:\OIO+\DATASET_RETINA\01.Originais\GLA (Glaucoma)\REFUGE\Test400\T0097.jpg,.jpg,0.8430089950561523,f13b2fabe80dd7727e2f64854df57dfda64a989412288cedda8f7eb4ea444706,False,1634,1634,RGB,1634x1634,
test,T0098.jpg,D:\OIO+\DATASET_RETINA\01.Originais\GLA (Glaucoma)\REFUGE\Test400\T0098.jpg,.jpg,0.890202522277832,69d24325502b1ae456185a8bfc5408c3ec25a9de92739318f81392751ec8ddbe,False,1634,1634,RGB,1634x1634,
test,T0099.jpg,D:\OIO+\DATASET_RETINA\01.Originais\GLA (Glaucoma)\REFUGE\Test400\T0099.jpg,.jpg,0.9443082809448242,f72eab6643997cc8b00631d35cea94f7bf2086619a8cb4f33002d4bd8c251dbe,False,1634,1634,RGB,1634x1634,
test,T0100.jpg,D:\OIO+\DATASET_RETINA\01.Originais\GLA (Glaucoma)\REFUGE\Test400\T0100.jpg,.jpg,0.8191499710083008,59ac0d110af69070b2a005de1377ead5667705f2b9ea6c13d782e5f6460917a8,False,1634,1634,RGB,1634x1634,
test,T0101.jpg,D:\OIO+\DATASET_RETINA\01.Originais\GLA (Glaucoma)\REFUGE\Test400\T0101.jpg,.jpg,0.8108320236206055,82c51e4b04cff22bd469000fd774dfcbf2e32ce24f10249c54e232fc460f7108,False,1634,1634,RGB,1634x1634,
test,T0102.jpg,D:\OIO+\DATASET_RETINA\01.Originais\GLA (Glaucoma)\REFUGE\Test400\T0102.jpg,.jpg,0.7998828887939453,5702001e04315870cd10631cedc31e09d52cacc59bebe161ee44892692daf27d,False,1634,1634,RGB,1634x1634,
test,T0103.jpg,D:\OIO+\DATASET_RETINA\01.Originais\GLA (Glaucoma)\REFUGE\Test400\T0103.jpg,.jpg,0.8248624801635742,c062aac4c75007ebc4b4439cf793c397339ed537acc19f42187a95e5e8acb120,False,1634,1634,RGB,1634x1634,
test,T0104.jpg,D:\OIO+\DATASET_RETINA\01.Originais\GLA (Glaucoma)\REFUGE\Test400\T0104.jpg,.jpg,0.9169454574584961,da9a3f0646dd7fe7369e044a1a76d6df7d4a5c75e6d667100e17bd2137e17734,False,1634,1634,RGB,1634x1634,
test,T0105.jpg,D:\OIO+\DATASET_RETINA\01.Originais\GLA (Glaucoma)\REFUGE\Test400\T0105.jpg,.jpg,0.8700857162475586,3450bacf7428042f40bd3a04e041416281fe87eb8858d815500a4e35df1d47b8,False,1634,1634,RGB,1634x1634,
test,T0106.jpg,D:\OIO+\DATASET_RETINA\01.Originais\GLA (Glaucoma)\REFUGE\Test400\T0106.jpg,.jpg,0.9325551986694336,f46bdfd0558a6f1da3f792d9075c42ac67267e073733f295a63d022e9dcdcc23,False,1634,1634,RGB,1634x1634,
test,T0107.jpg,D:\OIO+\DATASET_RETINA\01.Originais\GLA (Glaucoma)\REFUGE\Test400\T0107.jpg,.jpg,0.9671440124511719,9225a8ebd8718e1012ac14ee533ea0b446746ab4629d74341dc6e6c9d1b29111,False,1634,1634,RGB,1634x1634,
test,T0108.jpg,D:\OIO+\DATASET_RETINA\01.Originais\GLA (Glaucoma)\REFUGE\Test400\T0108.jpg,.jpg,0.9133710861206055,cb64c1d14a770e96d28dfeba2eb69965fac23d4cfd51fd444633e444e2320b16,False,1634,1634,RGB,1634x1634,
test,T0109.jpg,D:\OIO+\DATASET_RETINA\01.Originais\GLA (Glaucoma)\REFUGE\Test400\T0109.jpg,.jpg,0.9306211471557617,fdaf7c335b48bf0ff31b3b9ff115a37b77194be42cd93355fe54e4c7d71db9c0,False,1634,1634,RGB,1634x1634,
test,T0110.jpg,D:\OIO+\DATASET_RETINA\01.Originais\GLA (Glaucoma)\REFUGE\Test400\T0110.jpg,.jpg,0.8194112777709961,f51fde70b00b11428a782607d9ca815bbaba3a1bcde4381345cce893f00f3b02,False,1634,1634,RGB,1634x1634,
test,T0111.jpg,D:\OIO+\DATASET_RETINA\01.Originais\GLA (Glaucoma)\REFUGE\Test400\T0111.jpg,.jpg,0.9640684127807617,2c1717c10653fc501e79ad5347f91b8962f18cd3de5048dce3fdf185e0aaa1fe,False,1634,1634,RGB,1634x1634,
test,T0112.jpg,D:\OIO+\DATASET_RETINA\01.Originais\GLA (Glaucoma)\REFUGE\Test400\T0112.jpg,.jpg,0.9632482528686523,6e2c42ef7d80e556cb0a223bb67e18c4d75e59a3791abc3ef71cabdb1bf4c6a3,False,1634,1634,RGB,1634x1634,
test,T0113.jpg,D:\OIO+\DATASET_RETINA\01.Originais\GLA (Glaucoma)\REFUGE\Test400\T0113.jpg,.jpg,0.7720661163330078,08029559d555773f8e9fedc18df31975380cf418029f434ffc8826bf8d507e1a,False,1634,1634,RGB,1634x1634,
test,T0114.jpg,D:\OIO+\DATASET_RETINA\01.Originais\GLA (Glaucoma)\REFUGE\Test400\T0114.jpg,.jpg,0.7868671417236328,d7f626b9ee43c36666b43e4288ec3a8bc25627cfca638374b89bae35ba6df90c,False,1634,1634,RGB,1634x1634,
test,T0115.jpg,D:\OIO+\DATASET_RETINA\01.Originais\GLA (Glaucoma)\REFUGE\Test400\T0115.jpg,.jpg,0.8954782485961914,d88cbd63e67b719e2157a74917f43966ccd9b0dccc83b577e9f10ef0404a4195,False,1634,1634,RGB,1634x1634,
test,T0116.jpg,D:\OIO+\DATASET_RETINA\01.Originais\GLA (Glaucoma)\REFUGE\Test400\T0116.jpg,.jpg,0.7519378662109375,308b8b297f26a88d195d160030d854a1169df4ba460391f78b78d54e456ab07d,False,1634,1634,RGB,1634x1634,
test,T0117.jpg,D:\OIO+\DATASET_RETINA\01.Originais\GLA (Glaucoma)\REFUGE\Test400\T0117.jpg,.jpg,0.8228425979614258,20c12187cbfe1e2df22ace847200fd99d4410518dc12649a8d33f7c39de12fc3,False,1634,1634,RGB,1634x1634,
test,T0118.jpg,D:\OIO+\DATASET_RETINA\01.Originais\GLA (Glaucoma)\REFUGE\Test400\T0118.jpg,.jpg,0.9086017608642578,0bd3b9494780029f114d8c76c057901d13a4a993e2d4b1db59a1a51dbc7273a4,False,1634,1634,RGB,1634x1634,
test,T0119.jpg,D:\OIO+\DATASET_RETINA\01.Originais\GLA (Glaucoma)\REFUGE\Test400\T0119.jpg,.jpg,0.8249788284301758,18c0bbaf9c017497a1ea8d3be6065d03c9a3790255306c06ad33c1eb77898ae6,False,1634,1634,RGB,1634x1634,
test,T0120.jpg,D:\OIO+\DATASET_RETINA\01.Originais\GLA (Glaucoma)\REFUGE\Test400\T0120.jpg,.jpg,0.7861862182617188,99e7badee6d07b659aade92779f7b6c075b506398aa8fd624773f06b9746c0cf,False,1634,1634,RGB,1634x1634,
test,T0121.jpg,D:\OIO+\DATASET_RETINA\01.Originais\GLA (Glaucoma)\REFUGE\Test400\T0121.jpg,.jpg,0.7793121337890625,d9ce4e35588a09a95fdfe8a6bc50100f8f99d4e18bc2eb5b5a2e78ccece160f1,False,1634,1634,RGB,1634x1634,
test,T0122.jpg,D:\OIO+\DATASET_RETINA\01.Originais\GLA (Glaucoma)\REFUGE\Test400\T0122.jpg,.jpg,0.8260908126831055,c11140837397f376d4b2d4352a0301a56c781dae028d5dfd7c10c18abfcaceed,False,1634,1634,RGB,1634x1634,
test,T0123.jpg,D:\OIO+\DATASET_RETINA\01.Originais\GLA (Glaucoma)\REFUGE\Test400\T0123.jpg,.jpg,0.884674072265625,55e9317da1d11e2d066393b8c1266d926a824932102d110250882fd70c862426,False,1634,1634,RGB,1634x1634,
test,T0124.jpg,D:\OIO+\DATASET_RETINA\01.Originais\GLA (Glaucoma)\REFUGE\Test400\T0124.jpg,.jpg,0.7918424606323242,6551accdcb656cb7095df9cff146c3b278e3773cbdb0cb8ffe98973d8e16e689,False,1634,1634,RGB,1634x1634,
test,T0125.jpg,D:\OIO+\DATASET_RETINA\01.Originais\GLA (Glaucoma)\REFUGE\Test400\T0125.jpg,.jpg,0.9655904769897461,ac9391f7d564214276c69aa74b48755e874a6001e9d67ec4a524db72e896afec,False,1634,1634,RGB,1634x1634,
test,T0126.jpg,D:\OIO+\DATASET_RETINA\01.Originais\GLA (Glaucoma)\REFUGE\Test400\T0126.jpg,.jpg,0.8445768356323242,5c846851d51d892a8dda18a0c8726f060558803dd8c0d73dc8eca0965a99dd0d,False,1634,1634,RGB,1634x1634,
test,T0127.jpg,D:\OIO+\DATASET_RETINA\01.Originais\GLA (Glaucoma)\REFUGE\Test400\T0127.jpg,.jpg,0.916773796081543,050ff4a122f9ce56296c54234867ecbaf31b878f299bff5c10281cc8925d0cb8,False,1634,1634,RGB,1634x1634,
test,T0128.jpg,D:\OIO+\DATASET_RETINA\01.Originais\GLA (Glaucoma)\REFUGE\Test400\T0128.jpg,.jpg,0.9451360702514648,123e7831f5d3b89c02261c8dd2fe7ef5fefd38a6f1c6273f7ba501ac2a18b4c8,False,1634,1634,RGB,1634x1634,
test,T0129.jpg,D:\OIO+\DATASET_RETINA\01.Originais\GLA (Glaucoma)\REFUGE\Test400\T0129.jpg,.jpg,0.8279533386230469,69e9da8225d3791d1bb36728ebd9edd5f84d208ba341a0b36cf725380df485c1,False,1634,1634,RGB,1634x1634,
test,T0130.jpg,D:\OIO+\DATASET_RETINA\01.Originais\GLA (Glaucoma)\REFUGE\Test400\T0130.jpg,.jpg,0.791168212890625,75927360626d5670c785ad197a5d71a8a2d9ae8022455d38f8c987b5a9ffcfee,False,1634,1634,RGB,1634x1634,
test,T0131.jpg,D:\OIO+\DATASET_RETINA\01.Originais\GLA (Glaucoma)\REFUGE\Test400\T0131.jpg,.jpg,0.8524694442749023,2943d396abf0c1c0dd2aec486e35de7fb486f96c7de6a11a983826a2ffd8c5fc,False,1634,1634,RGB,1634x1634,
test,T0132.jpg,D:\OIO+\DATASET_RETINA\01.Originais\GLA (Glaucoma)\REFUGE\Test400\T0132.jpg,.jpg,0.9156637191772461,44ea5993504d3030d9eb0df136b5653f0f8bebbc8bdf04d0ad0d141e08c3af82,False,1634,1634,RGB,1634x1634,
test,T0133.jpg,D:\OIO+\DATASET_RETINA\01.Originais\GLA (Glaucoma)\REFUGE\Test400\T0133.jpg,.jpg,0.9910974502563477,7d0585ce010ffba7dd9da608be37864ea7ff0a9a7b5068fbfb0196da2000906e,False,1634,1634,RGB,1634x1634,
test,T0134.jpg,D:\OIO+\DATASET_RETINA\01.Originais\GLA (Glaucoma)\REFUGE\Test400\T0134.jpg,.jpg,0.9470720291137695,3c0132c09acedab84503dd3d67cc6cc662dd87e64b68793a9fbe73a4b44f326a,False,1634,1634,RGB,1634x1634,
test,T0135.jpg,D:\OIO+\DATASET_RETINA\01.Originais\GLA (Glaucoma)\REFUGE\Test400\T0135.jpg,.jpg,0.9018449783325195,5ac2174f21652b34689a110325e130f35ccc413a34108efc2cc098737ab585d6,False,1634,1634,RGB,1634x1634,
test,T0136.jpg,D:\OIO+\DATASET_RETINA\01.Originais\GLA (Glaucoma)\REFUGE\Test400\T0136.jpg,.jpg,0.8567724227905273,d0e4bb2ab7423042850e20f8286380e51ecf97d15f0224203f8f53f1c43267f0,False,1634,1634,RGB,1634x1634,
test,T0137.jpg,D:\OIO+\DATASET_RETINA\01.Originais\GLA (Glaucoma)\REFUGE\Test400\T0137.jpg,.jpg,0.8718891143798828,c2d6325e6e39ee7fb1351878dc5fe0be54a85a2cf56dd168ca30e03a6903a7bd,False,1634,1634,RGB,1634x1634,
test,T0138.jpg,D:\OIO+\DATASET_RETINA\01.Originais\GLA (Glaucoma)\REFUGE\Test400\T0138.jpg,.jpg,0.9558572769165039,6f83f12a2e705d4d530b2d8e00b4c377cdb4e2d764b87da7d6b5d4cbf374f6ab,False,1634,1634,RGB,1634x1634,
test,T0139.jpg,D:\OIO+\DATASET_RETINA\01.Originais\GLA (Glaucoma)\REFUGE\Test400\T0139.jpg,.jpg,0.9498529434204102,68ac225cdb88c12ef6433aef3994e8a899897e1cc157a5827eeab96db46d94c6,False,1634,1634,RGB,1634x1634,
test,T0140.jpg,D:\OIO+\DATASET_RETINA\01.Originais\GLA (Glaucoma)\REFUGE\Test400\T0140.jpg,.jpg,0.7813835144042969,0b51b6e2e2b6fc83b5cc506a353d9b1ce7ce548a2090887b56e5b7b3c5c8ea8f,False,1634,1634,RGB,1634x1634,
test,T0141.jpg,D:\OIO+\DATASET_RETINA\01.Originais\GLA (Glaucoma)\REFUGE\Test400\T0141.jpg,.jpg,0.8068656921386719,92b42b67817328dcd4aa195d3e452d71e3213b13adbd633b7bb3c1cdbbd77da7,False,1634,1634,RGB,1634x1634,
test,T0142.jpg,D:\OIO+\DATASET_RETINA\01.Originais\GLA (Glaucoma)\REFUGE\Test400\T0142.jpg,.jpg,0.9237060546875,2d57613e64463631218ccb615b233a0e17e9397dcd6722659e11e429484a2285,False,1634,1634,RGB,1634x1634,
test,T0143.jpg,D:\OIO+\DATASET_RETINA\01.Originais\GLA (Glaucoma)\REFUGE\Test400\T0143.jpg,.jpg,0.964848518371582,8948e5e276ca49cefe760d7e40291139b4cf91b5f25321b8bb56c46662e5e1c6,False,1634,1634,RGB,1634x1634,
test,T0144.jpg,D:\OIO+\DATASET_RETINA\01.Originais\GLA (Glaucoma)\REFUGE\Test400\T0144.jpg,.jpg,0.8800497055053711,054df21e869f59a51a76bcc83a2bc0cc806b75cb6cfcc3f04d08cd2f5bc0c0dc,False,1634,1634,RGB,1634x1634,
test,T0145.jpg,D:\OIO+\DATASET_RETINA\01.Originais\GLA (Glaucoma)\REFUGE\Test400\T0145.jpg,.jpg,0.8165359497070312,cea425828329b1bbe23d9b1d3f1b14a21faec56cbedcaf7ce44d7f81606b8054,False,1634,1634,RGB,1634x1634,
test,T0146.jpg,D:\OIO+\DATASET_RETINA\01.Originais\GLA (Glaucoma)\REFUGE\Test400\T0146.jpg,.jpg,0.9061374664306641,b3ecb6d393f91bd28cbead5ae07c8e3e8e34f99db058a3e110858da9a0d815da,False,1634,1634,RGB,1634x1634,
test,T0147.jpg,D:\OIO+\DATASET_RETINA\01.Originais\GLA (Glaucoma)\REFUGE\Test400\T0147.jpg,.jpg,0.9183950424194336,8a4d6ed95d5a3db6530220664b23dc21158f287aa1a800e0dc94796008762440,False,1634,1634,RGB,1634x1634,
test,T0148.jpg,D:\OIO+\DATASET_RETINA\01.Originais\GLA (Glaucoma)\REFUGE\Test400\T0148.jpg,.jpg,0.8442201614379883,e157b9bdbf3dd24b1fb1ccb5aa80d6f0d5ef3e073aa5672a6f4a72673f315411,False,1634,1634,RGB,1634x1634,
test,T0149.jpg,D:\OIO+\DATASET_RETINA\01.Originais\GLA (Glaucoma)\REFUGE\Test400\T0149.jpg,.jpg,0.8541507720947266,9f4c9b2b325b4d25af5939aaf62540c65529756a14953bdf14f18bd9799deae6,False,1634,1634,RGB,1634x1634,
test,T0150.jpg,D:\OIO+\DATASET_RETINA\01.Originais\GLA (Glaucoma)\REFUGE\Test400\T0150.jpg,.jpg,0.8810043334960938,784d796c2a3c00f3ba6ac86589f7ab639d853318ec8351f140bee2215e081a7a,False,1634,1634,RGB,1634x1634,
test,T0151.jpg,D:\OIO+\DATASET_RETINA\01.Originais\GLA (Glaucoma)\REFUGE\Test400\T0151.jpg,.jpg,0.9193267822265625,820e7e5ad21594faa66044e1ba9f1bb9efdaf1a65c101bb4dc3cb4e8c138edef,False,1634,1634,RGB,1634x1634,
test,T0152.jpg,D:\OIO+\DATASET_RETINA\01.Originais\GLA (Glaucoma)\REFUGE\Test400\T0152.jpg,.jpg,0.7722415924072266,420c49228149b4da1964395e88f178675799fa3f7119bc2904614a45a5ce27d7,False,1634,1634,RGB,1634x1634,
test,T0153.jpg,D:\OIO+\DATASET_RETINA\01.Originais\GLA (Glaucoma)\REFUGE\Test400\T0153.jpg,.jpg,0.7644805908203125,3f14fdafa01370ac24ae660416713fdebe4518de9ac975b70151f7ef32248e9d,False,1634,1634,RGB,1634x1634,
test,T0154.jpg,D:\OIO+\DATASET_RETINA\01.Originais\GLA (Glaucoma)\REFUGE\Test400\T0154.jpg,.jpg,0.8896379470825195,bfd3ec4f604c2f1224f1972ce60f518074bf3cb9e5b16275123ffcb6d47bfb87,False,1634,1634,RGB,1634x1634,
test,T0155.jpg,D:\OIO+\DATASET_RETINA\01.Originais\GLA (Glaucoma)\REFUGE\Test400\T0155.jpg,.jpg,0.9311447143554688,3974dc972b6c6551a31e2e2d5142470a55125d4cca104f55038041e8bbfd5a10,False,1634,1634,RGB,1634x1634,
test,T0156.jpg,D:\OIO+\DATASET_RETINA\01.Originais\GLA (Glaucoma)\REFUGE\Test400\T0156.jpg,.jpg,0.9112119674682617,ed0f488253eac6b39b88eb6b76bb93b132cd78f0af367707b844bfb05170dc9e,False,1634,1634,RGB,1634x1634,
test,T0157.jpg,D:\OIO+\DATASET_RETINA\01.Originais\GLA (Glaucoma)\REFUGE\Test400\T0157.jpg,.jpg,0.8217935562133789,61be629b7dcdf88a4a4038a4c5132be5c0283b339af36caa564d09b035543a12,False,1634,1634,RGB,1634x1634,
test,T0158.jpg,D:\OIO+\DATASET_RETINA\01.Originais\GLA (Glaucoma)\REFUGE\Test400\T0158.jpg,.jpg,0.9351615905761719,eaef8599b6fe027dc15ae79c14d5d6175f3f72fa8905a5d3efd6221f476e77ef,False,1634,1634,RGB,1634x1634,
test,T0159.jpg,D:\OIO+\DATASET_RETINA\01.Originais\GLA (Glaucoma)\REFUGE\Test400\T0159.jpg,.jpg,0.9229583740234375,204ece96fb3bc4ca7bbc7fb45c32e513cd38a422905e9a7ddced7ce3001c0b96,False,1634,1634,RGB,1634x1634,
test,T0160.jpg,D:\OIO+\DATASET_RETINA\01.Originais\GLA (Glaucoma)\REFUGE\Test400\T0160.jpg,.jpg,0.8132266998291016,5c8eb3eec183940192ccb46c8de73f4b3da5feb9ff38cc0b5a81c0825708a35e,False,1634,1634,RGB,1634x1634,
test,T0161.jpg,D:\OIO+\DATASET_RETINA\01.Originais\GLA (Glaucoma)\REFUGE\Test400\T0161.jpg,.jpg,0.8435745239257812,354bf2d4bb4d2b4ffac5c29280ba3b416ef8154bad5b877e4c367421e4e03a4d,False,1634,1634,RGB,1634x1634,
test,T0162.jpg,D:\OIO+\DATASET_RETINA\01.Originais\GLA (Glaucoma)\REFUGE\Test400\T0162.jpg,.jpg,0.9239368438720703,1decf3546ab2895f6822f736fe000ae6399e5d8883060dc8e6a1eca6346c3b6a,False,1634,1634,RGB,1634x1634,
test,T0163.jpg,D:\OIO+\DATASET_RETINA\01.Originais\GLA (Glaucoma)\REFUGE\Test400\T0163.jpg,.jpg,0.7732067108154297,18f6adc1ccf75f34785751d1d03b3d63366fe681f48cd9cdb31e83fa53d9ddf2,False,1634,1634,RGB,1634x1634,
test,T0164.jpg,D:\OIO+\DATASET_RETINA\01.Originais\GLA (Glaucoma)\REFUGE\Test400\T0164.jpg,.jpg,0.9985265731811523,e7bd8cd8985121015b44ae66a1247679cdcac929404ff70b1062bfdde512c42d,False,1634,1634,RGB,1634x1634,
test,T0165.jpg,D:\OIO+\DATASET_RETINA\01.Originais\GLA (Glaucoma)\REFUGE\Test400\T0165.jpg,.jpg,1.006575584411621,77888f5d96240bf313e5c010b303eda935e888bd8682d9a8ac7a53c2cccd94e5,False,1634,1634,RGB,1634x1634,
test,T0166.jpg,D:\OIO+\DATASET_RETINA\01.Originais\GLA (Glaucoma)\REFUGE\Test400\T0166.jpg,.jpg,0.9532451629638672,f5b40b51a15e8a7fd3e4cc885f42292331f5da896506860c775a218b04563f94,False,1634,1634,RGB,1634x1634,
test,T0167.jpg,D:\OIO+\DATASET_RETINA\01.Originais\GLA (Glaucoma)\REFUGE\Test400\T0167.jpg,.jpg,0.941650390625,958298af2370d9bcee6ee7c1311efb4844b75e50a7a37c6efd4b3a5167c77128,False,1634,1634,RGB,1634x1634,
test,T0168.jpg,D:\OIO+\DATASET_RETINA\01.Originais\GLA (Glaucoma)\REFUGE\Test400\T0168.jpg,.jpg,0.7794713973999023,021a8b25fc87db54f2405eaf2fe335b6c79acd0ad621f45156fb5834e025982a,False,1634,1634,RGB,1634x1634,
test,T0169.jpg,D:\OIO+\DATASET_RETINA\01.Originais\GLA (Glaucoma)\REFUGE\Test400\T0169.jpg,.jpg,0.8979740142822266,0fdba40cf424ebbb763b50e0125380e5a3fe48c581df7c5bc8ce5ee9b9f8d3cb,False,1634,1634,RGB,1634x1634,
test,T0170.jpg,D:\OIO+\DATASET_RETINA\01.Originais\GLA (Glaucoma)\REFUGE\Test400\T0170.jpg,.jpg,0.8093442916870117,45de6cd072bbff79040ca128b0d49df21d285b227a22f093f48ed5c68fc83622,False,1634,1634,RGB,1634x1634,
test,T0171.jpg,D:\OIO+\DATASET_RETINA\01.Originais\GLA (Glaucoma)\REFUGE\Test400\T0171.jpg,.jpg,0.9782705307006836,72e9907fea4c84686eab197c6615097ee59b7762823b1b67b7e81513f1c78b48,False,1634,1634,RGB,1634x1634,
test,T0172.jpg,D:\OIO+\DATASET_RETINA\01.Originais\GLA (Glaucoma)\REFUGE\Test400\T0172.jpg,.jpg,0.9230794906616211,4bbb192e6cfb4a6b07301f488ca3589bb726ec861d21cc2efba484bd38b021e8,False,1634,1634,RGB,1634x1634,
test,T0173.jpg,D:\OIO+\DATASET_RETINA\01.Originais\GLA (Glaucoma)\REFUGE\Test400\T0173.jpg,.jpg,0.8709173202514648,5461f76c3297edbd3f3dca31b7e9ea9cd84c57f692ba5d9423dc8e37e9a9fb39,False,1634,1634,RGB,1634x1634,
test,T0174.jpg,D:\OIO+\DATASET_RETINA\01.Originais\GLA (Glaucoma)\REFUGE\Test400\T0174.jpg,.jpg,0.7575168609619141,a8abfadb8b37752c42c59ddcd84d8d7433e78095906da5e986c68b47077c9908,False,1634,1634,RGB,1634x1634,
test,T0175.jpg,D:\OIO+\DATASET_RETINA\01.Originais\GLA (Glaucoma)\REFUGE\Test400\T0175.jpg,.jpg,0.8070850372314453,98655aebaba8629e17330f683af6a5511b2b8feead820a8dd024af21e16ba1ea,False,1634,1634,RGB,1634x1634,
test,T0176.jpg,D:\OIO+\DATASET_RETINA\01.Originais\GLA (Glaucoma)\REFUGE\Test400\T0176.jpg,.jpg,0.9891443252563477,f569deb9db56e33e67bc3848ac756692556e182940145cbd1e8f39759ae1c396,False,1634,1634,RGB,1634x1634,
test,T0177.jpg,D:\OIO+\DATASET_RETINA\01.Originais\GLA (Glaucoma)\REFUGE\Test400\T0177.jpg,.jpg,0.9187688827514648,b268daf0bf4274ae7de3735739009b69054f7654e5aaaaa9bc2e67542a4d6a69,False,1634,1634,RGB,1634x1634,
test,T0178.jpg,D:\OIO+\DATASET_RETINA\01.Originais\GLA (Glaucoma)\REFUGE\Test400\T0178.jpg,.jpg,0.8472185134887695,a2ccfcb6da3f4d0fdbfe241e5c0093f6da192f9023966547c2ca759dd074d146,False,1634,1634,RGB,1634x1634,
test,T0179.jpg,D:\OIO+\DATASET_RETINA\01.Originais\GLA (Glaucoma)\REFUGE\Test400\T0179.jpg,.jpg,0.8353338241577148,c0a3df136f36f76993ae4824751f30b41ea97f7fc747b602aabb9994498e3b40,False,1634,1634,RGB,1634x1634,
test,T0180.jpg,D:\OIO+\DATASET_RETINA\01.Originais\GLA (Glaucoma)\REFUGE\Test400\T0180.jpg,.jpg,0.8102569580078125,3e85bc94b317223cd92d356b2d68400b3c60c19626e823b69bbe17574abd328f,False,1634,1634,RGB,1634x1634,
test,T0181.jpg,D:\OIO+\DATASET_RETINA\01.Originais\GLA (Glaucoma)\REFUGE\Test400\T0181.jpg,.jpg,0.8770627975463867,1a375c30f3ceb518ab7e1556f6e5c07f890f1853cbed30d4309f805d034b4fba,False,1634,1634,RGB,1634x1634,
test,T0182.jpg,D:\OIO+\DATASET_RETINA\01.Originais\GLA (Glaucoma)\REFUGE\Test400\T0182.jpg,.jpg,0.8224754333496094,829d7bfaf01137f7380da692d8b50a5bcacd8264c5dccf62cff76a2d0a32e733,False,1634,1634,RGB,1634x1634,
test,T0183.jpg,D:\OIO+\DATASET_RETINA\01.Originais\GLA (Glaucoma)\REFUGE\Test400\T0183.jpg,.jpg,0.8373918533325195,c0025eb47e8de95d404fc5602f7aeb6d7fad2879755b6fa3968007d84a54c235,False,1634,1634,RGB,1634x1634,
test,T0184.jpg,D:\OIO+\DATASET_RETINA\01.Originais\GLA (Glaucoma)\REFUGE\Test400\T0184.jpg,.jpg,0.810368537902832,53a209c4fefdf517db2e2857bca61b128693dfe3ceca62e87d729e1d69f84c6c,False,1634,1634,RGB,1634x1634,
test,T0185.jpg,D:\OIO+\DATASET_RETINA\01.Originais\GLA (Glaucoma)\REFUGE\Test400\T0185.jpg,.jpg,0.9191160202026367,2ba5fc4e2150ce7d01956d3c5abc6e6052914314cc67896c91afadf4481421b0,False,1634,1634,RGB,1634x1634,
test,T0186.jpg,D:\OIO+\DATASET_RETINA\01.Originais\GLA (Glaucoma)\REFUGE\Test400\T0186.jpg,.jpg,0.8127298355102539,500e6c51a28998f27ccdaf96fdf41ab36b6f0ec59fcd033c2916de8683a67429,False,1634,1634,RGB,1634x1634,
test,T0187.jpg,D:\OIO+\DATASET_RETINA\01.Originais\GLA (Glaucoma)\REFUGE\Test400\T0187.jpg,.jpg,0.9524955749511719,a55bcbd96acbf3fe09d8f90ec99b558339c9ee670a3b7ceb088a331a1e5f0be5,False,1634,1634,RGB,1634x1634,
test,T0188.jpg,D:\OIO+\DATASET_RETINA\01.Originais\GLA (Glaucoma)\REFUGE\Test400\T0188.jpg,.jpg,0.8342189788818359,0524c58779c5b29441521c46aebdc2ba354f82f67f6becde4de47044ba6f6ab9,False,1634,1634,RGB,1634x1634,
test,T0189.jpg,D:\OIO+\DATASET_RETINA\01.Originais\GLA (Glaucoma)\REFUGE\Test400\T0189.jpg,.jpg,0.8894491195678711,3684c0ecf697d24b57886516128b5182ce241fa054123ec8cc2118eb8a237b27,False,1634,1634,RGB,1634x1634,
test,T0190.jpg,D:\OIO+\DATASET_RETINA\01.Originais\GLA (Glaucoma)\REFUGE\Test400\T0190.jpg,.jpg,0.9323225021362305,25bd5881b4b74fd91af7b36cafdea43df58f418f6d9e3cedb88d0515cbec10b0,False,1634,1634,RGB,1634x1634,
test,T0191.jpg,D:\OIO+\DATASET_RETINA\01.Originais\GLA (Glaucoma)\REFUGE\Test400\T0191.jpg,.jpg,0.940765380859375,f6c9dc449ad3513c22c588a0e4d8988b3ddfe317a81ebb6cea458b34fa20148e,False,1634,1634,RGB,1634x1634,
test,T0192.jpg,D:\OIO+\DATASET_RETINA\01.Originais\GLA (Glaucoma)\REFUGE\Test400\T0192.jpg,.jpg,0.8442888259887695,81e07ff496d98f2573ceb93913ee200ff45d667408d12516c4af15f49491dfcf,False,1634,1634,RGB,1634x1634,
test,T0193.jpg,D:\OIO+\DATASET_RETINA\01.Originais\GLA (Glaucoma)\REFUGE\Test400\T0193.jpg,.jpg,0.9377031326293945,e3a1ae7b5108853ec9260ba24e7252809a451b559352d9b84830b178ac1c041f,False,1634,1634,RGB,1634x1634,
test,T0194.jpg,D:\OIO+\DATASET_RETINA\01.Originais\GLA (Glaucoma)\REFUGE\Test400\T0194.jpg,.jpg,0.7750625610351562,c753e8018d7d09c6ac0ea26b809579438e913e3122f24ab9d23fd0c3f5ab2fb2,False,1634,1634,RGB,1634x1634,
test,T0195.jpg,D:\OIO+\DATASET_RETINA\01.Originais\GLA (Glaucoma)\REFUGE\Test400\T0195.jpg,.jpg,0.859588623046875,c72addfef53924c000e70fcbeb0e072cdb90f866c978f35cd07de98eb0c2a122,False,1634,1634,RGB,1634x1634,
test,T0196.jpg,D:\OIO+\DATASET_RETINA\01.Originais\GLA (Glaucoma)\REFUGE\Test400\T0196.jpg,.jpg,0.7655553817749023,fec72abc7c1945c7e2ddb6d5425b19cf147fa844a48b92379fa894a254ffcee5,False,1634,1634,RGB,1634x1634,
test,T0197.jpg,D:\OIO+\DATASET_RETINA\01.Originais\GLA (Glaucoma)\REFUGE\Test400\T0197.jpg,.jpg,0.7959690093994141,cd0ef504e40228aa0740c573e0318e69120e67fed8a90cbe255a311500d7ca08,False,1634,1634,RGB,1634x1634,
test,T0198.jpg,D:\OIO+\DATASET_RETINA\01.Originais\GLA (Glaucoma)\REFUGE\Test400\T0198.jpg,.jpg,0.9839677810668945,0d84e063f1aacec7118b3599b00dd70499af34ddc937e8be92f6b81fbb593ecb,False,1634,1634,RGB,1634x1634,
test,T0199.jpg,D:\OIO+\DATASET_RETINA\01.Originais\GLA (Glaucoma)\REFUGE\Test400\T0199.jpg,.jpg,0.8294219970703125,47818117753d2fb65208b6f837287713d139e00cf621d2a322e3ba8470a5f93a,False,1634,1634,RGB,1634x1634,
test,T0200.jpg,D:\OIO+\DATASET_RETINA\01.Originais\GLA (Glaucoma)\REFUGE\Test400\T0200.jpg,.jpg,0.9326601028442383,0b49aa5816823ff1c507a140a696d1274a81f1de9d9c23571f38ab3e52df74d3,False,1634,1634,RGB,1634x1634,
test,T0201.jpg,D:\OIO+\DATASET_RETINA\01.Originais\GLA (Glaucoma)\REFUGE\Test400\T0201.jpg,.jpg,0.9588422775268555,4e58d0fc42e9329c8bf1dcfdfed33d6205288d19825db6766d21637185464b7a,False,1634,1634,RGB,1634x1634,
test,T0202.jpg,D:\OIO+\DATASET_RETINA\01.Originais\GLA (Glaucoma)\REFUGE\Test400\T0202.jpg,.jpg,0.8134002685546875,c1bbf434794b5f40728f4528d39403b04d12dbec68c9d8ffb0d24e1161a81626,False,1634,1634,RGB,1634x1634,
test,T0203.jpg,D:\OIO+\DATASET_RETINA\01.Originais\GLA (Glaucoma)\REFUGE\Test400\T0203.jpg,.jpg,0.8894414901733398,f2c9da590bfecabd84f3fb2785d5042b7879ded4ec78bb8805cc74444af7a062,False,1634,1634,RGB,1634x1634,
test,T0204.jpg,D:\OIO+\DATASET_RETINA\01.Originais\GLA (Glaucoma)\REFUGE\Test400\T0204.jpg,.jpg,0.7959403991699219,82b030917b58ddaa99e385dfbd262c7ef036c376bf6548e454bf81168a18fccc,False,1634,1634,RGB,1634x1634,
test,T0205.jpg,D:\OIO+\DATASET_RETINA\01.Originais\GLA (Glaucoma)\REFUGE\Test400\T0205.jpg,.jpg,0.7711858749389648,f70f221c73c7781a614ada03b7ce31ef2fe393bd65268aa3eb149e26dc07632b,False,1634,1634,RGB,1634x1634,
test,T0206.jpg,D:\OIO+\DATASET_RETINA\01.Originais\GLA (Glaucoma)\REFUGE\Test400\T0206.jpg,.jpg,0.7892131805419922,5effef649b46c7c863ada394cc39daed13ec96646877c683c9f54efc3ba69b30,False,1634,1634,RGB,1634x1634,
test,T0207.jpg,D:\OIO+\DATASET_RETINA\01.Originais\GLA (Glaucoma)\REFUGE\Test400\T0207.jpg,.jpg,0.863276481628418,872a616a2cd68514a0655f766984a86e25effaf9bbb63bb2fe79296b2507a462,False,1634,1634,RGB,1634x1634,
test,T0208.jpg,D:\OIO+\DATASET_RETINA\01.Originais\GLA (Glaucoma)\REFUGE\Test400\T0208.jpg,.jpg,0.913294792175293,3e620ec4b320bc05c2be3f6d35fa1b21f7d83328b1b2767692781932bd64368a,False,1634,1634,RGB,1634x1634,
test,T0209.jpg,D:\OIO+\DATASET_RETINA\01.Originais\GLA (Glaucoma)\REFUGE\Test400\T0209.jpg,.jpg,0.8068056106567383,3fe868c6f5f38f63b373362581a18e46fc6d68cf7bb118ca804035774e6a8b3c,False,1634,1634,RGB,1634x1634,
test,T0210.jpg,D:\OIO+\DATASET_RETINA\01.Originais\GLA (Glaucoma)\REFUGE\Test400\T0210.jpg,.jpg,0.8394575119018555,27598dc2ce1b20e6242c7d76e2f38118120a5e16c106f99d437ef659aa2f5b50,False,1634,1634,RGB,1634x1634,
test,T0211.jpg,D:\OIO+\DATASET_RETINA\01.Originais\GLA (Glaucoma)\REFUGE\Test400\T0211.jpg,.jpg,0.9409475326538086,053af8e2e786d52581181ea01cf3f2fc2aee35103ef6aca2f27e3aa40373afa9,False,1634,1634,RGB,1634x1634,
test,T0212.jpg,D:\OIO+\DATASET_RETINA\01.Originais\GLA (Glaucoma)\REFUGE\Test400\T0212.jpg,.jpg,0.9066028594970703,59c12c6ab7875039b073c59f3996fd140d95287aa5c7b32c9c86dd9ed7dd62cc,False,1634,1634,RGB,1634x1634,
test,T0213.jpg,D:\OIO+\DATASET_RETINA\01.Originais\GLA (Glaucoma)\REFUGE\Test400\T0213.jpg,.jpg,0.9176454544067383,cad0f1abc7719c0ce259682baf2f197c8679453cc168ff43bc07d908a1ce5a13,False,1634,1634,RGB,1634x1634,
test,T0214.jpg,D:\OIO+\DATASET_RETINA\01.Originais\GLA (Glaucoma)\REFUGE\Test400\T0214.jpg,.jpg,0.9350814819335938,2c99d52232876c097a7b3eb8260b85f6f4b384cadf69c7b3d04ad36fa78ebad9,False,1634,1634,RGB,1634x1634,
test,T0215.jpg,D:\OIO+\DATASET_RETINA\01.Originais\GLA (Glaucoma)\REFUGE\Test400\T0215.jpg,.jpg,0.9753885269165039,1ca8ca911bbf81237f2fed7e214b229dcf4564e48dc730771eb2964df2d6959b,False,1634,1634,RGB,1634x1634,
test,T0216.jpg,D:\OIO+\DATASET_RETINA\01.Originais\GLA (Glaucoma)\REFUGE\Test400\T0216.jpg,.jpg,0.8731365203857422,f6eaa89812ea970ccbd0ccc8c1470665fa3cd0fbc750c536f6e8fcaa5c09b82a,False,1634,1634,RGB,1634x1634,
test,T0217.jpg,D:\OIO+\DATASET_RETINA\01.Originais\GLA (Glaucoma)\REFUGE\Test400\T0217.jpg,.jpg,0.8170490264892578,bdf8037f36399c99fbc84d7d676f5292385c5ef3931b4367b96cb443749d7119,False,1634,1634,RGB,1634x1634,
test,T0218.jpg,D:\OIO+\DATASET_RETINA\01.Originais\GLA (Glaucoma)\REFUGE\Test400\T0218.jpg,.jpg,1.0310964584350586,1d38c6be5144fc5a00d063e1b6504ec7fa4b46fcf25fc28e9209e62f305b03ff,False,1634,1634,RGB,1634x1634,
test,T0219.jpg,D:\OIO+\DATASET_RETINA\01.Originais\GLA (Glaucoma)\REFUGE\Test400\T0219.jpg,.jpg,0.7682867050170898,8a8434337a9e6112c403d82d9f0e0f3dd8eb42f5eb3390fd482b8c67350dd28e,False,1634,1634,RGB,1634x1634,
test,T0220.jpg,D:\OIO+\DATASET_RETINA\01.Originais\GLA (Glaucoma)\REFUGE\Test400\T0220.jpg,.jpg,0.9281225204467773,124499d7a4cb25914a067db34571781aaccb03d47ebb26b616a08d57aa3e9c1a,False,1634,1634,RGB,1634x1634,
test,T0221.jpg,D:\OIO+\DATASET_RETINA\01.Originais\GLA (Glaucoma)\REFUGE\Test400\T0221.jpg,.jpg,0.8342771530151367,e2e6fb6cc3032e4655590a6a573deabf4b15b98e6360636af0bd9d2bc4522b3b,False,1634,1634,RGB,1634x1634,
test,T0222.jpg,D:\OIO+\DATASET_RETINA\01.Originais\GLA (Glaucoma)\REFUGE\Test400\T0222.jpg,.jpg,0.9138727188110352,9192933b63f8a0cdfa89bf8fab18f313b47d917a0df7b8490e8224a45b2f60a8,False,1634,1634,RGB,1634x1634,
test,T0223.jpg,D:\OIO+\DATASET_RETINA\01.Originais\GLA (Glaucoma)\REFUGE\Test400\T0223.jpg,.jpg,0.8552389144897461,a2d98a8e9fd4abce393222811e381be797463491a1d79f24f3ba199d5f0de8ab,False,1634,1634,RGB,1634x1634,
test,T0224.jpg,D:\OIO+\DATASET_RETINA\01.Originais\GLA (Glaucoma)\REFUGE\Test400\T0224.jpg,.jpg,0.9201374053955078,1ca888db18a5fb6d1bd5da174eba240c1a4532d974b46130442d886eda420464,False,1634,1634,RGB,1634x1634,
test,T0225.jpg,D:\OIO+\DATASET_RETINA\01.Originais\GLA (Glaucoma)\REFUGE\Test400\T0225.jpg,.jpg,0.7813301086425781,d2deec8ab916078fa5ae043f011b7f6b936ce631a28aad31f237aa5d377f415d,False,1634,1634,RGB,1634x1634,
test,T0226.jpg,D:\OIO+\DATASET_RETINA\01.Originais\GLA (Glaucoma)\REFUGE\Test400\T0226.jpg,.jpg,0.9679021835327148,ae19a3940d7559ea2763c60e9d83422f114f6c5920a7f810a0cc9ba5511847f3,False,1634,1634,RGB,1634x1634,
test,T0227.jpg,D:\OIO+\DATASET_RETINA\01.Originais\GLA (Glaucoma)\REFUGE\Test400\T0227.jpg,.jpg,0.9898033142089844,2d90c32ff23331fd8a41c398eb52d7b2b2e5f6490f04c8d728585f243515cb67,False,1634,1634,RGB,1634x1634,
test,T0228.jpg,D:\OIO+\DATASET_RETINA\01.Originais\GLA (Glaucoma)\REFUGE\Test400\T0228.jpg,.jpg,0.8852834701538086,75e200c33411557329e3aaee44dc6bc9e7348736ac6119983b4d4ef490f6ad2c,False,1634,1634,RGB,1634x1634,
test,T0229.jpg,D:\OIO+\DATASET_RETINA\01.Originais\GLA (Glaucoma)\REFUGE\Test400\T0229.jpg,.jpg,0.8166255950927734,dd7cc24423bee0ca802531d34036f34b2d3ad380f57b502bba09dca1eb23acd9,False,1634,1634,RGB,1634x1634,
test,T0230.jpg,D:\OIO+\DATASET_RETINA\01.Originais\GLA (Glaucoma)\REFUGE\Test400\T0230.jpg,.jpg,0.8115739822387695,54f59d10384ae56a2549f3ddd69139f7d3898e49e3ac7f5c9e54cf7c84aeebfc,False,1634,1634,RGB,1634x1634,
test,T0231.jpg,D:\OIO+\DATASET_RETINA\01.Originais\GLA (Glaucoma)\REFUGE\Test400\T0231.jpg,.jpg,0.820225715637207,fdd88a46fb82fe8059b7d7e073db58bbb16789cd763d9bad376c62020b5a647b,False,1634,1634,RGB,1634x1634,
test,T0232.jpg,D:\OIO+\DATASET_RETINA\01.Originais\GLA (Glaucoma)\REFUGE\Test400\T0232.jpg,.jpg,0.8656139373779297,53b2ea65fdee0097497f85963c9a18e9c4805657ebfb29d182add9d82198b470,False,1634,1634,RGB,1634x1634,
test,T0233.jpg,D:\OIO+\DATASET_RETINA\01.Originais\GLA (Glaucoma)\REFUGE\Test400\T0233.jpg,.jpg,0.858428955078125,102913484a69361dc391710f1c42233b548022c6a70bfc477bdd5dafaf4b19c7,False,1634,1634,RGB,1634x1634,
test,T0234.jpg,D:\OIO+\DATASET_RETINA\01.Originais\GLA (Glaucoma)\REFUGE\Test400\T0234.jpg,.jpg,0.8581933975219727,4496a64b6f5993158797401d039b6c4b80a55664e868217254474af45afe84e8,False,1634,1634,RGB,1634x1634,
test,T0235.jpg,D:\OIO+\DATASET_RETINA\01.Originais\GLA (Glaucoma)\REFUGE\Test400\T0235.jpg,.jpg,0.961237907409668,3a29eb93835b9f2be30190f399bd48c5801c4fb3a06600a45f7c806ea5778a1b,False,1634,1634,RGB,1634x1634,
test,T0236.jpg,D:\OIO+\DATASET_RETINA\01.Originais\GLA (Glaucoma)\REFUGE\Test400\T0236.jpg,.jpg,0.9618778228759766,7e48e0cb214817308bfc242a06745ec78b57904cc38a92fdf486e959368ba047,False,1634,1634,RGB,1634x1634,
test,T0237.jpg,D:\OIO+\DATASET_RETINA\01.Originais\GLA (Glaucoma)\REFUGE\Test400\T0237.jpg,.jpg,0.9366226196289062,14b9a03b3ed7aa45b2837583e1f156df1828d6e283e7081ef3332e94a384f0f6,False,1634,1634,RGB,1634x1634,
test,T0238.jpg,D:\OIO+\DATASET_RETINA\01.Originais\GLA (Glaucoma)\REFUGE\Test400\T0238.jpg,.jpg,0.9485855102539062,7c74c59129a908d44356925447b65f10bb07679bea236714c652a1f8cdc87c38,False,1634,1634,RGB,1634x1634,
test,T0239.jpg,D:\OIO+\DATASET_RETINA\01.Originais\GLA (Glaucoma)\REFUGE\Test400\T0239.jpg,.jpg,0.8098230361938477,9d9649520bd0049e5799fdb903512cfe5f4b9b718997895960585d66f059ea5b,False,1634,1634,RGB,1634x1634,
test,T0240.jpg,D:\OIO+\DATASET_RETINA\01.Originais\GLA (Glaucoma)\REFUGE\Test400\T0240.jpg,.jpg,0.7557840347290039,ad73d4d59b35c757b584a587ca270b6941d86fd3ca41cf7642330920f7ee1880,False,1634,1634,RGB,1634x1634,
test,T0241.jpg,D:\OIO+\DATASET_RETINA\01.Originais\GLA (Glaucoma)\REFUGE\Test400\T0241.jpg,.jpg,1.0215644836425781,1f8df3f9a0bf50be3909afde9bac09110e9df046e3d4e9cf95e70d4f5825d7a4,False,1634,1634,RGB,1634x1634,
test,T0242.jpg,D:\OIO+\DATASET_RETINA\01.Originais\GLA (Glaucoma)\REFUGE\Test400\T0242.jpg,.jpg,0.9688949584960938,fcce47abc4dd5b97bf8a697f35c72707d663c4159a0979390ba25c6d875968ca,False,1634,1634,RGB,1634x1634,
test,T0243.jpg,D:\OIO+\DATASET_RETINA\01.Originais\GLA (Glaucoma)\REFUGE\Test400\T0243.jpg,.jpg,0.9807291030883789,1feeb007343b9b897fb29ac048df619b372672eb2920550215d2b022b459f48a,False,1634,1634,RGB,1634x1634,
test,T0244.jpg,D:\OIO+\DATASET_RETINA\01.Originais\GLA (Glaucoma)\REFUGE\Test400\T0244.jpg,.jpg,0.9186229705810547,8d2016c4c33d7e2d1ff262fb90caff9881c44d396a0ee1881efa2c443a80c6d0,False,1634,1634,RGB,1634x1634,
test,T0245.jpg,D:\OIO+\DATASET_RETINA\01.Originais\GLA (Glaucoma)\REFUGE\Test400\T0245.jpg,.jpg,0.7956695556640625,b3025c106e6da51ed11d365966e7918010bb03b9e2bfc1dfae47280117d636cc,False,1634,1634,RGB,1634x1634,
test,T0246.jpg,D:\OIO+\DATASET_RETINA\01.Originais\GLA (Glaucoma)\REFUGE\Test400\T0246.jpg,.jpg,0.9123601913452148,b6eee0b745be75b7c40777c76c26a4650f4e30a5eb5a3a6bc85d315e3d328250,False,1634,1634,RGB,1634x1634,
test,T0247.jpg,D:\OIO+\DATASET_RETINA\01.Originais\GLA (Glaucoma)\REFUGE\Test400\T0247.jpg,.jpg,0.9412050247192383,4f1d5632de564d363f7fd0e2ca516004fb8c36e007610f56284bd68f30dd2585,False,1634,1634,RGB,1634x1634,
test,T0248.jpg,D:\OIO+\DATASET_RETINA\01.Originais\GLA (Glaucoma)\REFUGE\Test400\T0248.jpg,.jpg,0.7767629623413086,eceb403c411bf99bfb5c7b465403c55eb494c5565585f33fa4d130249c4ae2de,False,1634,1634,RGB,1634x1634,
test,T0249.jpg,D:\OIO+\DATASET_RETINA\01.Originais\GLA (Glaucoma)\REFUGE\Test400\T0249.jpg,.jpg,0.8472681045532227,262059c1251b1a5a37244796c70efbaa76a8ad46dbb7a3f17ca628cb90815677,False,1634,1634,RGB,1634x1634,
test,T0250.jpg,D:\OIO+\DATASET_RETINA\01.Originais\GLA (Glaucoma)\REFUGE\Test400\T0250.jpg,.jpg,0.8835315704345703,e9740335bdbc42febc34b7b5576658b7fa0753df8145ccc5e7876f0f3b475363,False,1634,1634,RGB,1634x1634,
test,T0251.jpg,D:\OIO+\DATASET_RETINA\01.Originais\GLA (Glaucoma)\REFUGE\Test400\T0251.jpg,.jpg,0.8958873748779297,f476b9b365940f1f8bf3523e6a57b5032f1e399905b75d8390beb91949fbcad6,False,1634,1634,RGB,1634x1634,
test,T0252.jpg,D:\OIO+\DATASET_RETINA\01.Originais\GLA (Glaucoma)\REFUGE\Test400\T0252.jpg,.jpg,0.832737922668457,0584a063701bedf94d0b3f73da102381f6e6e993bc63e1a5cd79bcb2c88d557e,False,1634,1634,RGB,1634x1634,
test,T0253.jpg,D:\OIO+\DATASET_RETINA\01.Originais\GLA (Glaucoma)\REFUGE\Test400\T0253.jpg,.jpg,0.8280296325683594,94b915f093580cb30f9401ca42206506365a2e6ecd98f9e0491623d588993b93,False,1634,1634,RGB,1634x1634,
test,T0254.jpg,D:\OIO+\DATASET_RETINA\01.Originais\GLA (Glaucoma)\REFUGE\Test400\T0254.jpg,.jpg,0.829442024230957,1e4050b2c13c1608299a09052f8b172f84f5faf3b95719e3881d8bc1d59cc0d5,False,1634,1634,RGB,1634x1634,
test,T0255.jpg,D:\OIO+\DATASET_RETINA\01.Originais\GLA (Glaucoma)\REFUGE\Test400\T0255.jpg,.jpg,0.8685903549194336,93b9ada6494071f56c52847d363d8ae4644fb5aa7c3994859abdedd777dd2eac,False,1634,1634,RGB,1634x1634,
test,T0256.jpg,D:\OIO+\DATASET_RETINA\01.Originais\GLA (Glaucoma)\REFUGE\Test400\T0256.jpg,.jpg,0.9450836181640625,bd6fd199a85209448cfec14eb97ff477880f36db7fb8290f788927e2eb96715a,False,1634,1634,RGB,1634x1634,
test,T0257.jpg,D:\OIO+\DATASET_RETINA\01.Originais\GLA (Glaucoma)\REFUGE\Test400\T0257.jpg,.jpg,0.8009815216064453,0e007394d32d90186ffea04a9d2f61bdad8c322e03554d9e33653e17e3930441,False,1634,1634,RGB,1634x1634,
test,T0258.jpg,D:\OIO+\DATASET_RETINA\01.Originais\GLA (Glaucoma)\REFUGE\Test400\T0258.jpg,.jpg,0.8143844604492188,ef30c8c1a0779cb0809cd46470cdf50247f243bec079f8f3a9802f75b8642bb0,False,1634,1634,RGB,1634x1634,
test,T0259.jpg,D:\OIO+\DATASET_RETINA\01.Originais\GLA (Glaucoma)\REFUGE\Test400\T0259.jpg,.jpg,0.9199981689453125,5990d72d25b9b5a7b5d809750868797573cc1ded17a550a3040da745b094b179,False,1634,1634,RGB,1634x1634,
test,T0260.jpg,D:\OIO+\DATASET_RETINA\01.Originais\GLA (Glaucoma)\REFUGE\Test400\T0260.jpg,.jpg,0.8954505920410156,a18f7bd49075ffd4fc2637977d5dac7bd38d79a7c673aee213b1cd7d4ff8e670,False,1634,1634,RGB,1634x1634,
test,T0261.jpg,D:\OIO+\DATASET_RETINA\01.Originais\GLA (Glaucoma)\REFUGE\Test400\T0261.jpg,.jpg,0.7669496536254883,beb60ca4f4acb97a330f7d42c9ddf39955a8b7a808eae4c8422f23e7e3753a8b,False,1634,1634,RGB,1634x1634,
test,T0262.jpg,D:\OIO+\DATASET_RETINA\01.Originais\GLA (Glaucoma)\REFUGE\Test400\T0262.jpg,.jpg,0.8714170455932617,fb65f52ef3c1e47ca69d4b6203d0b5b68b60b5f9f69265df3c1731591acb8b77,False,1634,1634,RGB,1634x1634,
test,T0263.jpg,D:\OIO+\DATASET_RETINA\01.Originais\GLA (Glaucoma)\REFUGE\Test400\T0263.jpg,.jpg,0.8406171798706055,6b4a0f6d8be7c8440c4aa530b10ef7a22209bed7b730f468b06af6d2b9d00355,False,1634,1634,RGB,1634x1634,
test,T0264.jpg,D:\OIO+\DATASET_RETINA\01.Originais\GLA (Glaucoma)\REFUGE\Test400\T0264.jpg,.jpg,0.8528594970703125,c7f1251af5962a65232d7daf0c2613d9ff1eb390c784a09623a293f4cf5411d2,False,1634,1634,RGB,1634x1634,
test,T0265.jpg,D:\OIO+\DATASET_RETINA\01.Originais\GLA (Glaucoma)\REFUGE\Test400\T0265.jpg,.jpg,0.9629383087158203,60ca7d18a03d53259abb37524fc6b9d5869af58ca89139db6250be0369c48546,False,1634,1634,RGB,1634x1634,
test,T0266.jpg,D:\OIO+\DATASET_RETINA\01.Originais\GLA (Glaucoma)\REFUGE\Test400\T0266.jpg,.jpg,0.974574089050293,ab53c078fb0179773b0dce96c3dea51d1c15723d388c4237b0778976e82db508,False,1634,1634,RGB,1634x1634,
test,T0267.jpg,D:\OIO+\DATASET_RETINA\01.Originais\GLA (Glaucoma)\REFUGE\Test400\T0267.jpg,.jpg,0.8780250549316406,038bb9cc4f6e1f20d033f7e7494bfbe0bdc9cde78fa4eac1f966bc79ac611519,False,1634,1634,RGB,1634x1634,
test,T0268.jpg,D:\OIO+\DATASET_RETINA\01.Originais\GLA (Glaucoma)\REFUGE\Test400\T0268.jpg,.jpg,0.857391357421875,5513c56077f28a233dc85ac909356f5b171db2ea195f4b246161691c898841aa,False,1634,1634,RGB,1634x1634,
test,T0269.jpg,D:\OIO+\DATASET_RETINA\01.Originais\GLA (Glaucoma)\REFUGE\Test400\T0269.jpg,.jpg,0.9628524780273438,dfcb0caa9b1f88f213bbf1f8ffe875ac9508c82e2ed6bfbec3d4d6503d550dca,False,1634,1634,RGB,1634x1634,
test,T0270.jpg,D:\OIO+\DATASET_RETINA\01.Originais\GLA (Glaucoma)\REFUGE\Test400\T0270.jpg,.jpg,0.8301935195922852,b6243b7bf375bf47bb82a3bd43ce8be5b3ae75d4c692d57bb872db3158f82120,False,1634,1634,RGB,1634x1634,
test,T0271.jpg,D:\OIO+\DATASET_RETINA\01.Originais\GLA (Glaucoma)\REFUGE\Test400\T0271.jpg,.jpg,0.8891611099243164,9ea791568d5fc70ae5de7973d112f98a88194f819a901ccbdf881e122e04d102,False,1634,1634,RGB,1634x1634,
test,T0272.jpg,D:\OIO+\DATASET_RETINA\01.Originais\GLA (Glaucoma)\REFUGE\Test400\T0272.jpg,.jpg,0.8282871246337891,eab659b29fae961a3a1e279737b36051da80dc989467c177efef3efd9d433381,False,1634,1634,RGB,1634x1634,
test,T0273.jpg,D:\OIO+\DATASET_RETINA\01.Originais\GLA (Glaucoma)\REFUGE\Test400\T0273.jpg,.jpg,0.8394985198974609,92acedcfaf36cb82653977e8090ae3d5d1f2316858e2694ff21642b1325af591,False,1634,1634,RGB,1634x1634,
test,T0274.jpg,D:\OIO+\DATASET_RETINA\01.Originais\GLA (Glaucoma)\REFUGE\Test400\T0274.jpg,.jpg,0.8621749877929688,e07b9f64434b0d38434acab02895a73ccc6620ad5e1ecba573665250871d43c4,False,1634,1634,RGB,1634x1634,
test,T0275.jpg,D:\OIO+\DATASET_RETINA\01.Originais\GLA (Glaucoma)\REFUGE\Test400\T0275.jpg,.jpg,0.8234977722167969,2a54d609ba0f224ce8cfa4de64a81a016a4f0e38d6e065046412faf5fcba221e,False,1634,1634,RGB,1634x1634,
test,T0276.jpg,D:\OIO+\DATASET_RETINA\01.Originais\GLA (Glaucoma)\REFUGE\Test400\T0276.jpg,.jpg,0.7821788787841797,4482ea88a9db393f2e8530bf2a13ac4db69f4ca93e70c0b3550eeba6f3cfc831,False,1634,1634,RGB,1634x1634,
test,T0277.jpg,D:\OIO+\DATASET_RETINA\01.Originais\GLA (Glaucoma)\REFUGE\Test400\T0277.jpg,.jpg,0.9457769393920898,19e804f721069c273860ce24437bede66484989e7920e81bfdc5a6a2f5c4c3d4,False,1634,1634,RGB,1634x1634,
test,T0278.jpg,D:\OIO+\DATASET_RETINA\01.Originais\GLA (Glaucoma)\REFUGE\Test400\T0278.jpg,.jpg,0.8052883148193359,c1a1a6dfd599b15b0b94114b2edade54b34a4da91bbbf7e71ba48f948e6aeb28,False,1634,1634,RGB,1634x1634,
test,T0279.jpg,D:\OIO+\DATASET_RETINA\01.Originais\GLA (Glaucoma)\REFUGE\Test400\T0279.jpg,.jpg,0.8396492004394531,28250ba5f38fb1aa24c36fe0fe040d4422bc61dc765bb6133948047e7f99cac0,False,1634,1634,RGB,1634x1634,
test,T0280.jpg,D:\OIO+\DATASET_RETINA\01.Originais\GLA (Glaucoma)\REFUGE\Test400\T0280.jpg,.jpg,0.8451786041259766,cc546b8420dbcb8038fc5d8dd9e937c96f8874c3255cbbd5a440b96629571b7c,False,1634,1634,RGB,1634x1634,
test,T0281.jpg,D:\OIO+\DATASET_RETINA\01.Originais\GLA (Glaucoma)\REFUGE\Test400\T0281.jpg,.jpg,0.9003200531005859,a8e6491f2b8886dd91b5aff51c0d831b864b58304a2f2f176a6a0f7d916ffc24,False,1634,1634,RGB,1634x1634,
test,T0282.jpg,D:\OIO+\DATASET_RETINA\01.Originais\GLA (Glaucoma)\REFUGE\Test400\T0282.jpg,.jpg,0.9371929168701172,a0b4612faaf70509403f3de5e94959a37d06b8fdaa9ffe0ecc6ee8978529511f,False,1634,1634,RGB,1634x1634,
test,T0283.jpg,D:\OIO+\DATASET_RETINA\01.Originais\GLA (Glaucoma)\REFUGE\Test400\T0283.jpg,.jpg,0.8116207122802734,536380f760af87e4dcf875344a33fe4cb7a32c5bcfa7a180c764f0381f69743b,False,1634,1634,RGB,1634x1634,
test,T0284.jpg,D:\OIO+\DATASET_RETINA\01.Originais\GLA (Glaucoma)\REFUGE\Test400\T0284.jpg,.jpg,0.8084020614624023,1cdf6a04f4c6b72a4cc87e18bed4f077500dd8a9675b2a6a4fea5bf46942be69,False,1634,1634,RGB,1634x1634,
test,T0285.jpg,D:\OIO+\DATASET_RETINA\01.Originais\GLA (Glaucoma)\REFUGE\Test400\T0285.jpg,.jpg,0.9470882415771484,eb05d6fc917ca95a2b85cfca2aa1648d8c3ed7dbeff047e14fe35de3b5a41406,False,1634,1634,RGB,1634x1634,
test,T0286.jpg,D:\OIO+\DATASET_RETINA\01.Originais\GLA (Glaucoma)\REFUGE\Test400\T0286.jpg,.jpg,0.9817991256713867,edd2e077bf6f641fd4ba52258783d392429f81a53f72280eb35d34a355ed92cd,False,1634,1634,RGB,1634x1634,
test,T0287.jpg,D:\OIO+\DATASET_RETINA\01.Originais\GLA (Glaucoma)\REFUGE\Test400\T0287.jpg,.jpg,0.9494161605834961,225edf62e9c74f126e1dee0bbcb34d63455f0bd7b38373f0b84c2bfc09d5c207,False,1634,1634,RGB,1634x1634,
test,T0288.jpg,D:\OIO+\DATASET_RETINA\01.Originais\GLA (Glaucoma)\REFUGE\Test400\T0288.jpg,.jpg,0.7782049179077148,44792c9bd3c0583565f9e4db7a7ce89396c324c89402c00a0232b6b67f067d29,False,1634,1634,RGB,1634x1634,
test,T0289.jpg,D:\OIO+\DATASET_RETINA\01.Originais\GLA (Glaucoma)\REFUGE\Test400\T0289.jpg,.jpg,0.9757251739501953,a597a38ad475806667dafd341b1121e915c9231ea283469e104790fe73379d87,False,1634,1634,RGB,1634x1634,
test,T0290.jpg,D:\OIO+\DATASET_RETINA\01.Originais\GLA (Glaucoma)\REFUGE\Test400\T0290.jpg,.jpg,0.9488754272460938,623300134ea6308a8e8ea550cf559e5e71ce4d74b6c67d540276c609367528e2,False,1634,1634,RGB,1634x1634,
test,T0291.jpg,D:\OIO+\DATASET_RETINA\01.Originais\GLA (Glaucoma)\REFUGE\Test400\T0291.jpg,.jpg,0.8975286483764648,be0070ca733913259dac3331a2b92bfffe29b6dceea23ffe02c61a5172bb2572,False,1634,1634,RGB,1634x1634,
test,T0292.jpg,D:\OIO+\DATASET_RETINA\01.Originais\GLA (Glaucoma)\REFUGE\Test400\T0292.jpg,.jpg,0.8566513061523438,e19869a6ab48ecd3c2823b953858e7b367f49a8e89ac6a79f33d8511c7dcb277,False,1634,1634,RGB,1634x1634,
test,T0293.jpg,D:\OIO+\DATASET_RETINA\01.Originais\GLA (Glaucoma)\REFUGE\Test400\T0293.jpg,.jpg,0.8192529678344727,dddd525e912d9a2fc7dfb9e77a8c82148666e5f7c80d368d5f88f049cbaf7583,False,1634,1634,RGB,1634x1634,
test,T0294.jpg,D:\OIO+\DATASET_RETINA\01.Originais\GLA (Glaucoma)\REFUGE\Test400\T0294.jpg,.jpg,0.8442602157592773,a6759b5e20a24bb5bd9f28196d0b84f07a0d36d0ea00526641c2702517ef9cdb,False,1634,1634,RGB,1634x1634,
test,T0295.jpg,D:\OIO+\DATASET_RETINA\01.Originais\GLA (Glaucoma)\REFUGE\Test400\T0295.jpg,.jpg,0.8026828765869141,f12d8887820c810de4b65b644205ed45a2ccdc459abe8a41924b520e263343f7,False,1634,1634,RGB,1634x1634,
test,T0296.jpg,D:\OIO+\DATASET_RETINA\01.Originais\GLA (Glaucoma)\REFUGE\Test400\T0296.jpg,.jpg,0.9924449920654297,bdd3e64f4f2417526a3495111cb2aeb9942c98b3c8f1d2f7cd65d98e93ee7f55,False,1634,1634,RGB,1634x1634,
test,T0297.jpg,D:\OIO+\DATASET_RETINA\01.Originais\GLA (Glaucoma)\REFUGE\Test400\T0297.jpg,.jpg,0.9322671890258789,4ba166e14f166f82e980e0efced9eddbe22807eb5b5024153f26be03e07d4565,False,1634,1634,RGB,1634x1634,
test,T0298.jpg,D:\OIO+\DATASET_RETINA\01.Originais\GLA (Glaucoma)\REFUGE\Test400\T0298.jpg,.jpg,0.7625875473022461,af242611929ab126a8a50dda00d44c001f241a779dce49c6e52110e886686b87,False,1634,1634,RGB,1634x1634,
test,T0299.jpg,D:\OIO+\DATASET_RETINA\01.Originais\GLA (Glaucoma)\REFUGE\Test400\T0299.jpg,.jpg,0.9250869750976562,f3fcb30f0e674ae3bb5d411948aec6e461a991973713e15874a1fdd41ad8488f,False,1634,1634,RGB,1634x1634,
test,T0300.jpg,D:\OIO+\DATASET_RETINA\01.Originais\GLA (Glaucoma)\REFUGE\Test400\T0300.jpg,.jpg,0.7924375534057617,888213dcfe770c592c7b9e2e2e92ad0c388b075a606e166d40092d5cb3b02bfd,False,1634,1634,RGB,1634x1634,
test,T0301.jpg,D:\OIO+\DATASET_RETINA\01.Originais\GLA (Glaucoma)\REFUGE\Test400\T0301.jpg,.jpg,0.8646059036254883,8721d0d254b5028ac1ba9629cc8207e0e75b16b8470af3c437cafd2d95189333,False,1634,1634,RGB,1634x1634,
test,T0302.jpg,D:\OIO+\DATASET_RETINA\01.Originais\GLA (Glaucoma)\REFUGE\Test400\T0302.jpg,.jpg,0.8269834518432617,a6a51217b841d5f39aa81d71ae87f577e13b6850e14ccd5294ee6b68f7300560,False,1634,1634,RGB,1634x1634,
test,T0303.jpg,D:\OIO+\DATASET_RETINA\01.Originais\GLA (Glaucoma)\REFUGE\Test400\T0303.jpg,.jpg,0.9662199020385742,2cc654e0ad7b2fe062b2bc1dd6ee8253bd584f5fb3e0587b3cfaa7ad4d1d131a,False,1634,1634,RGB,1634x1634,
test,T0304.jpg,D:\OIO+\DATASET_RETINA\01.Originais\GLA (Glaucoma)\REFUGE\Test400\T0304.jpg,.jpg,0.780303955078125,ee4c98d81c1ab97fb010b5a8b89c0d1743c30235ecf838c56ea43ec77aae0dec,False,1634,1634,RGB,1634x1634,
test,T0305.jpg,D:\OIO+\DATASET_RETINA\01.Originais\GLA (Glaucoma)\REFUGE\Test400\T0305.jpg,.jpg,0.9069681167602539,0ae3b5fdc60da582630df81cee10e47c602d64ab17d077648276cf108356300d,False,1634,1634,RGB,1634x1634,
test,T0306.jpg,D:\OIO+\DATASET_RETINA\01.Originais\GLA (Glaucoma)\REFUGE\Test400\T0306.jpg,.jpg,0.8323345184326172,eccbdf87028dfb4af7edcac8ee3c0a8b08a3521d029af28586e4ea465a376dac,False,1634,1634,RGB,1634x1634,
test,T0307.jpg,D:\OIO+\DATASET_RETINA\01.Originais\GLA (Glaucoma)\REFUGE\Test400\T0307.jpg,.jpg,0.8988494873046875,69423aae3d12001b677b84d826b11b3688a0dc92d8891ff14b35a24a81edb031,False,1634,1634,RGB,1634x1634,
test,T0308.jpg,D:\OIO+\DATASET_RETINA\01.Originais\GLA (Glaucoma)\REFUGE\Test400\T0308.jpg,.jpg,0.7909336090087891,b2cc1d6c73b4cd1387cdf4652152a1e1183dcf0b666783a6798244ffdb7d64c8,False,1634,1634,RGB,1634x1634,
test,T0309.jpg,D:\OIO+\DATASET_RETINA\01.Originais\GLA (Glaucoma)\REFUGE\Test400\T0309.jpg,.jpg,0.9454402923583984,229b604db37ea7114ca17120f19861a8eaea1edcfee6409506831cb81227fc0a,False,1634,1634,RGB,1634x1634,
test,T0310.jpg,D:\OIO+\DATASET_RETINA\01.Originais\GLA (Glaucoma)\REFUGE\Test400\T0310.jpg,.jpg,0.8212242126464844,de64dd6eaf90c47b0c117d279cc065c2e28e6396cc8ab450399950a90dba662b,False,1634,1634,RGB,1634x1634,
test,T0311.jpg,D:\OIO+\DATASET_RETINA\01.Originais\GLA (Glaucoma)\REFUGE\Test400\T0311.jpg,.jpg,0.8139181137084961,08f72a8b2da700048d84d335b5f820d65a537d12166fb1da3b4abd99d3a356cc,False,1634,1634,RGB,1634x1634,
test,T0312.jpg,D:\OIO+\DATASET_RETINA\01.Originais\GLA (Glaucoma)\REFUGE\Test400\T0312.jpg,.jpg,0.9004325866699219,d8b8350a70091ec6af3c13b6107f11808b36160f4e9b2ae6cd2a31303de86587,False,1634,1634,RGB,1634x1634,
test,T0313.jpg,D:\OIO+\DATASET_RETINA\01.Originais\GLA (Glaucoma)\REFUGE\Test400\T0313.jpg,.jpg,0.8468732833862305,3e1bc2e46e921e0f8e77d0c12ccce7140324cd1813e0fcf3cee24bb1d9b8d8eb,False,1634,1634,RGB,1634x1634,
test,T0314.jpg,D:\OIO+\DATASET_RETINA\01.Originais\GLA (Glaucoma)\REFUGE\Test400\T0314.jpg,.jpg,0.8823938369750977,6ad84e578fa8a2f287eb23b75998b6be2de0b0e143503df5ade854f47d425fa3,False,1634,1634,RGB,1634x1634,
test,T0315.jpg,D:\OIO+\DATASET_RETINA\01.Originais\GLA (Glaucoma)\REFUGE\Test400\T0315.jpg,.jpg,0.9255352020263672,080b749c852d74de26f6ae4a19eb4d04559ec607e9342b8f4459091eaa5ff608,False,1634,1634,RGB,1634x1634,
test,T0316.jpg,D:\OIO+\DATASET_RETINA\01.Originais\GLA (Glaucoma)\REFUGE\Test400\T0316.jpg,.jpg,0.9652500152587891,9fee34d2d10dd48d782c6d85368ddc216fb53702b8c3f2287040653fd1acfc5b,False,1634,1634,RGB,1634x1634,
test,T0317.jpg,D:\OIO+\DATASET_RETINA\01.Originais\GLA (Glaucoma)\REFUGE\Test400\T0317.jpg,.jpg,0.7997989654541016,503a8efedbd7a3baf5b1375ddbc3c921f05ca4785546e51e592a7b22f860f385,False,1634,1634,RGB,1634x1634,
test,T0318.jpg,D:\OIO+\DATASET_RETINA\01.Originais\GLA (Glaucoma)\REFUGE\Test400\T0318.jpg,.jpg,0.7633419036865234,7c1c675cac13f56ea9346130b10c2b2402410d94b5c255cb654dab125b199bb5,False,1634,1634,RGB,1634x1634,
test,T0319.jpg,D:\OIO+\DATASET_RETINA\01.Originais\GLA (Glaucoma)\REFUGE\Test400\T0319.jpg,.jpg,0.8428306579589844,39b45af80788705397e6a6579f509217befb63d8cac2d6e02eb37ad223375ed1,False,1634,1634,RGB,1634x1634,
test,T0320.jpg,D:\OIO+\DATASET_RETINA\01.Originais\GLA (Glaucoma)\REFUGE\Test400\T0320.jpg,.jpg,0.9648113250732422,63b5cc2eddb1bb0a61d8d5595b38bf72c8630b24ff7da02a35930098609e4905,False,1634,1634,RGB,1634x1634,
test,T0321.jpg,D:\OIO+\DATASET_RETINA\01.Originais\GLA (Glaucoma)\REFUGE\Test400\T0321.jpg,.jpg,0.9306964874267578,2449208322bbf830869df354780e7c8f72e69c00cfd4b24caf96da8f39239f2e,False,1634,1634,RGB,1634x1634,
test,T0322.jpg,D:\OIO+\DATASET_RETINA\01.Originais\GLA (Glaucoma)\REFUGE\Test400\T0322.jpg,.jpg,0.8678054809570312,077e38c2f5d3ceb48ec0a7fdd76a7ba21d2cc82820deb92c2511d78bae8185fe,False,1634,1634,RGB,1634x1634,
test,T0323.jpg,D:\OIO+\DATASET_RETINA\01.Originais\GLA (Glaucoma)\REFUGE\Test400\T0323.jpg,.jpg,0.9346075057983398,b7e5db8b4a10cb2e012a56cd3531a71a1e55863b200e71fa084e70de67490dec,False,1634,1634,RGB,1634x1634,
test,T0324.jpg,D:\OIO+\DATASET_RETINA\01.Originais\GLA (Glaucoma)\REFUGE\Test400\T0324.jpg,.jpg,0.8629446029663086,ed51cfe18445bff810e1373348bf98c98a81144d03216703efb0378bc5b2503e,False,1634,1634,RGB,1634x1634,
test,T0325.jpg,D:\OIO+\DATASET_RETINA\01.Originais\GLA (Glaucoma)\REFUGE\Test400\T0325.jpg,.jpg,0.9387292861938477,9f4870fa4bbb98a47444bc04ff8cd69c1a753f4a621a1e5887903081e816c331,False,1634,1634,RGB,1634x1634,
test,T0326.jpg,D:\OIO+\DATASET_RETINA\01.Originais\GLA (Glaucoma)\REFUGE\Test400\T0326.jpg,.jpg,0.8343467712402344,c3baf8d2572f005927016b8099fff363a1ba1b48ec0a15c42c719099355e5315,False,1634,1634,RGB,1634x1634,
test,T0327.jpg,D:\OIO+\DATASET_RETINA\01.Originais\GLA (Glaucoma)\REFUGE\Test400\T0327.jpg,.jpg,0.935664176940918,af2e8ec7900d67816a9b2050eedb63abc059398268c9bd3574334c6f51f76ba7,False,1634,1634,RGB,1634x1634,
test,T0328.jpg,D:\OIO+\DATASET_RETINA\01.Originais\GLA (Glaucoma)\REFUGE\Test400\T0328.jpg,.jpg,0.7918367385864258,44de1c5673b94d9238a0a214078f49107cf90d9082c0d686bcdc18e8b250decb,False,1634,1634,RGB,1634x1634,
test,T0329.jpg,D:\OIO+\DATASET_RETINA\01.Originais\GLA (Glaucoma)\REFUGE\Test400\T0329.jpg,.jpg,0.91876220703125,21927fd16419a72375e59d2faba1150306bf993e8052e55aaeaa2f4b9683909b,False,1634,1634,RGB,1634x1634,
test,T0330.jpg,D:\OIO+\DATASET_RETINA\01.Originais\GLA (Glaucoma)\REFUGE\Test400\T0330.jpg,.jpg,0.9702425003051758,21e13283e5663f08b89a559f085fb60e25ca78dd168f2d807d8341fe7c3415a7,False,1634,1634,RGB,1634x1634,
test,T0331.jpg,D:\OIO+\DATASET_RETINA\01.Originais\GLA (Glaucoma)\REFUGE\Test400\T0331.jpg,.jpg,0.8433752059936523,d3653cd2de78e048a367c952d0120edc194bd2ef6d3ec7a98b12f6925c975aa9,False,1634,1634,RGB,1634x1634,
test,T0332.jpg,D:\OIO+\DATASET_RETINA\01.Originais\GLA (Glaucoma)\REFUGE\Test400\T0332.jpg,.jpg,0.9495029449462891,ac2fd6cbecb3f60d3f8658efe3b0d21290f1b1687623cb4d984f376763d82671,False,1634,1634,RGB,1634x1634,
test,T0333.jpg,D:\OIO+\DATASET_RETINA\01.Originais\GLA (Glaucoma)\REFUGE\Test400\T0333.jpg,.jpg,0.8570966720581055,65781e468ad4ce8797931b8b90204f9b4d81fc36169fdf6a639b55933f8206fa,False,1634,1634,RGB,1634x1634,
test,T0334.jpg,D:\OIO+\DATASET_RETINA\01.Originais\GLA (Glaucoma)\REFUGE\Test400\T0334.jpg,.jpg,0.815037727355957,ce7a01a72cfd598c7941e06929a0842cdefbca18c82e1180b220d4f01b47d0db,False,1634,1634,RGB,1634x1634,
test,T0335.jpg,D:\OIO+\DATASET_RETINA\01.Originais\GLA (Glaucoma)\REFUGE\Test400\T0335.jpg,.jpg,0.8282012939453125,b939bc1650ad4191f46f53251ae5bd7b0f07f18f5f6b315fbdbaffdbd5eb2ca6,False,1634,1634,RGB,1634x1634,
test,T0336.jpg,D:\OIO+\DATASET_RETINA\01.Originais\GLA (Glaucoma)\REFUGE\Test400\T0336.jpg,.jpg,0.9943056106567383,0a86b7a2fd5ac91debe90d4d1b6f3086aa08964f37af2c7c41c443ed2d1e4677,False,1634,1634,RGB,1634x1634,
test,T0337.jpg,D:\OIO+\DATASET_RETINA\01.Originais\GLA (Glaucoma)\REFUGE\Test400\T0337.jpg,.jpg,0.9480180740356445,f206db7ca3460ccc895b2ee461afc4d2e4166b3f6e547f3cca85d4f149c4b6b8,False,1634,1634,RGB,1634x1634,
test,T0338.jpg,D:\OIO+\DATASET_RETINA\01.Originais\GLA (Glaucoma)\REFUGE\Test400\T0338.jpg,.jpg,0.8149871826171875,3121ea3b4d39e2a938878f3cfc0ea300680d0d227b89b86dfb57a8f1a67effc5,False,1634,1634,RGB,1634x1634,
test,T0339.jpg,D:\OIO+\DATASET_RETINA\01.Originais\GLA (Glaucoma)\REFUGE\Test400\T0339.jpg,.jpg,0.8132448196411133,defc282f4146274b025ef3db3f6f178b4187ca082bdb9aa0ecf8015339d4aa31,False,1634,1634,RGB,1634x1634,
test,T0340.jpg,D:\OIO+\DATASET_RETINA\01.Originais\GLA (Glaucoma)\REFUGE\Test400\T0340.jpg,.jpg,0.7807378768920898,16d38f2d464257efbbe192921574f7c2a1014f4b83aea3222810a9ab0f5bbc95,False,1634,1634,RGB,1634x1634,
test,T0341.jpg,D:\OIO+\DATASET_RETINA\01.Originais\GLA (Glaucoma)\REFUGE\Test400\T0341.jpg,.jpg,0.8150949478149414,f130cb7afebc3ed40e7334aa68b1bd0a5e797725e08c9f014d322112bf9ae6c3,False,1634,1634,RGB,1634x1634,
test,T0342.jpg,D:\OIO+\DATASET_RETINA\01.Originais\GLA (Glaucoma)\REFUGE\Test400\T0342.jpg,.jpg,0.7964420318603516,db37103bb4116b994b5ef90c1b2fb1f4f79f377f5c5f81b8fcb96504d56de4da,False,1634,1634,RGB,1634x1634,
test,T0343.jpg,D:\OIO+\DATASET_RETINA\01.Originais\GLA (Glaucoma)\REFUGE\Test400\T0343.jpg,.jpg,0.8248977661132812,3d116ad1931b4c9ace1897ffa96bbf4f04bfcbcc2da67c06f473e647dd4daeb7,False,1634,1634,RGB,1634x1634,
test,T0344.jpg,D:\OIO+\DATASET_RETINA\01.Originais\GLA (Glaucoma)\REFUGE\Test400\T0344.jpg,.jpg,0.880889892578125,fead2dd4051c347fd9dfcbede1f1646372c42ab5bd7ffa91492683e129244567,False,1634,1634,RGB,1634x1634,
test,T0345.jpg,D:\OIO+\DATASET_RETINA\01.Originais\GLA (Glaucoma)\REFUGE\Test400\T0345.jpg,.jpg,0.8082237243652344,c31b3f45f8c179cce108ebf0a97f228dede96eebd828d68df6c6b9239f742aed,False,1634,1634,RGB,1634x1634,
test,T0346.jpg,D:\OIO+\DATASET_RETINA\01.Originais\GLA (Glaucoma)\REFUGE\Test400\T0346.jpg,.jpg,0.9536857604980469,a21963debf9aee4fd3f0bc9dfdb7d1ec2a594302bd7b27a4624f1fa6db586383,False,1634,1634,RGB,1634x1634,
test,T0347.jpg,D:\OIO+\DATASET_RETINA\01.Originais\GLA (Glaucoma)\REFUGE\Test400\T0347.jpg,.jpg,0.9268465042114258,5e87c6e09dca2ae279a1b8edb6c3bc69b3ee970e3ed46e0e23518cd52610258e,False,1634,1634,RGB,1634x1634,
test,T0348.jpg,D:\OIO+\DATASET_RETINA\01.Originais\GLA (Glaucoma)\REFUGE\Test400\T0348.jpg,.jpg,0.847930908203125,333ed7a159ee3b34edcd060548678382fc25f2dcebb5e8af1c2dd5966cdf9449,False,1634,1634,RGB,1634x1634,
test,T0349.jpg,D:\OIO+\DATASET_RETINA\01.Originais\GLA (Glaucoma)\REFUGE\Test400\T0349.jpg,.jpg,0.9326438903808594,79aa0d8e45578282a1c7e6034f29ee85348067fb192758dabfec5404169494d6,False,1634,1634,RGB,1634x1634,
test,T0350.jpg,D:\OIO+\DATASET_RETINA\01.Originais\GLA (Glaucoma)\REFUGE\Test400\T0350.jpg,.jpg,0.9126949310302734,fdcef8adbc9196c6eb7e04e9b8f94a181ade4fe926cb8fb57659ab9ba530e5ed,False,1634,1634,RGB,1634x1634,
test,T0351.jpg,D:\OIO+\DATASET_RETINA\01.Originais\GLA (Glaucoma)\REFUGE\Test400\T0351.jpg,.jpg,0.9668636322021484,1bf8f852ad60af22e163cfc73d2d93f1c05303812a6dbc3dca9393ad0cbb0bee,False,1634,1634,RGB,1634x1634,
test,T0352.jpg,D:\OIO+\DATASET_RETINA\01.Originais\GLA (Glaucoma)\REFUGE\Test400\T0352.jpg,.jpg,0.7949180603027344,a37920be1af6d3f4cb8311e81383bfa51360cf92234dda55c9daf9dadc255694,False,1634,1634,RGB,1634x1634,
test,T0353.jpg,D:\OIO+\DATASET_RETINA\01.Originais\GLA (Glaucoma)\REFUGE\Test400\T0353.jpg,.jpg,0.9371547698974609,9f96d4a81b07753b6a772f957fcaaafd70857470c1c382336585e101f0e232c5,False,1634,1634,RGB,1634x1634,
test,T0354.jpg,D:\OIO+\DATASET_RETINA\01.Originais\GLA (Glaucoma)\REFUGE\Test400\T0354.jpg,.jpg,0.8698358535766602,8cb5201b06d5728c71654f595dfb5b6b789673c3b3f5b43c4ad21e7f059a9fe9,False,1634,1634,RGB,1634x1634,
test,T0355.jpg,D:\OIO+\DATASET_RETINA\01.Originais\GLA (Glaucoma)\REFUGE\Test400\T0355.jpg,.jpg,0.9455842971801758,fdea076e787a6e4ac2f4f12781e703ed654832f0ebe82fed0fae2a49d5282322,False,1634,1634,RGB,1634x1634,
test,T0356.jpg,D:\OIO+\DATASET_RETINA\01.Originais\GLA (Glaucoma)\REFUGE\Test400\T0356.jpg,.jpg,0.7998523712158203,4e00280a495a3f17f7ca8ac7c1dd4cb7d33fa59b29e93203e23c8012d7151a27,False,1634,1634,RGB,1634x1634,
test,T0357.jpg,D:\OIO+\DATASET_RETINA\01.Originais\GLA (Glaucoma)\REFUGE\Test400\T0357.jpg,.jpg,0.8784255981445312,9e197e8627b7a1a61b2a3057f97af8d31641833dc15dc1ba192697e2507944d9,False,1634,1634,RGB,1634x1634,
test,T0358.jpg,D:\OIO+\DATASET_RETINA\01.Originais\GLA (Glaucoma)\REFUGE\Test400\T0358.jpg,.jpg,0.8384151458740234,18abf20d120ac8e09c87c04cce88607d7a8174bc187e3cb39f65ea70730e441c,False,1634,1634,RGB,1634x1634,
test,T0359.jpg,D:\OIO+\DATASET_RETINA\01.Originais\GLA (Glaucoma)\REFUGE\Test400\T0359.jpg,.jpg,0.9017133712768555,46cc3004eb9e0ce9e88b0adf8b9ed4acf2126b45523f6099bf34b8927f14b70d,False,1634,1634,RGB,1634x1634,
test,T0360.jpg,D:\OIO+\DATASET_RETINA\01.Originais\GLA (Glaucoma)\REFUGE\Test400\T0360.jpg,.jpg,0.9934797286987305,2d9a10d78f89943b02c1c4c9ab365abd9b95f02f87aa8ac5f2b8b47a50f13814,False,1634,1634,RGB,1634x1634,
test,T0361.jpg,D:\OIO+\DATASET_RETINA\01.Originais\GLA (Glaucoma)\REFUGE\Test400\T0361.jpg,.jpg,0.9039697647094727,8f4fa7b5faf3ab28b6e3c185592aa6dcdc151b457ded1905ec5da52786058248,False,1634,1634,RGB,1634x1634,
test,T0362.jpg,D:\OIO+\DATASET_RETINA\01.Originais\GLA (Glaucoma)\REFUGE\Test400\T0362.jpg,.jpg,0.9432249069213867,a40a4ba065715351f095e72506574f30ff32670d16c571822d05808b3d59e410,False,1634,1634,RGB,1634x1634,
test,T0363.jpg,D:\OIO+\DATASET_RETINA\01.Originais\GLA (Glaucoma)\REFUGE\Test400\T0363.jpg,.jpg,0.8527565002441406,da334042bd83f8e4679a18c0caa91e691ee7c9a833ae24dfc8e09a843a19da94,False,1634,1634,RGB,1634x1634,
test,T0364.jpg,D:\OIO+\DATASET_RETINA\01.Originais\GLA (Glaucoma)\REFUGE\Test400\T0364.jpg,.jpg,0.8355321884155273,b27519aa392764becbb279d068e36d817b7160666de885f02563bdd3027cee6d,False,1634,1634,RGB,1634x1634,
test,T0365.jpg,D:\OIO+\DATASET_RETINA\01.Originais\GLA (Glaucoma)\REFUGE\Test400\T0365.jpg,.jpg,0.8739147186279297,3c4d8d16a2872c283edbb94d67d221e4e2b5496d6383b7ddd09a618edcc491d0,False,1634,1634,RGB,1634x1634,
test,T0366.jpg,D:\OIO+\DATASET_RETINA\01.Originais\GLA (Glaucoma)\REFUGE\Test400\T0366.jpg,.jpg,0.9308500289916992,e10ab663152fc30a1de5b18a149772338e8bddffb0b221c9f8486e7726302d10,False,1634,1634,RGB,1634x1634,
test,T0367.jpg,D:\OIO+\DATASET_RETINA\01.Originais\GLA (Glaucoma)\REFUGE\Test400\T0367.jpg,.jpg,0.93896484375,b62a48c075acc862c60ba27d418a49b3cb576c537b58bcde1678929032107921,False,1634,1634,RGB,1634x1634,
test,T0368.jpg,D:\OIO+\DATASET_RETINA\01.Originais\GLA (Glaucoma)\REFUGE\Test400\T0368.jpg,.jpg,0.9470243453979492,738188434b509548f4be369a4efced20f147e72aa1b930a8677d78647329d829,False,1634,1634,RGB,1634x1634,
test,T0369.jpg,D:\OIO+\DATASET_RETINA\01.Originais\GLA (Glaucoma)\REFUGE\Test400\T0369.jpg,.jpg,0.8357982635498047,61e64f729af34f2b0c455e4483ef294a7af848e5c4863425b55f0120588d1174,False,1634,1634,RGB,1634x1634,
test,T0370.jpg,D:\OIO+\DATASET_RETINA\01.Originais\GLA (Glaucoma)\REFUGE\Test400\T0370.jpg,.jpg,0.7463884353637695,4e617bc8009cd89bceab59c9bd94c4ccd27781947fc2bf4d0c7f88c6622c9f02,False,1634,1634,RGB,1634x1634,
test,T0371.jpg,D:\OIO+\DATASET_RETINA\01.Originais\GLA (Glaucoma)\REFUGE\Test400\T0371.jpg,.jpg,0.9918413162231445,58224c47e4d5b5005d4ec4ecfef60222c3c3d8e78ad707e2e51f75018cd59d83,False,1634,1634,RGB,1634x1634,
test,T0372.jpg,D:\OIO+\DATASET_RETINA\01.Originais\GLA (Glaucoma)\REFUGE\Test400\T0372.jpg,.jpg,0.8800449371337891,73c33d4db602bb5b6bf30a232b043de5620abbfcb8aa5ef5263e2a62184c68ce,False,1634,1634,RGB,1634x1634,
test,T0373.jpg,D:\OIO+\DATASET_RETINA\01.Originais\GLA (Glaucoma)\REFUGE\Test400\T0373.jpg,.jpg,0.8030290603637695,eb80c83a8ffa0654c69d6cdb6302808f3deb783977ed385bf1220ef35079067e,False,1634,1634,RGB,1634x1634,
test,T0374.jpg,D:\OIO+\DATASET_RETINA\01.Originais\GLA (Glaucoma)\REFUGE\Test400\T0374.jpg,.jpg,0.8571691513061523,50b5d62d642b2660faa5ab4a966fa262189bd4324e2e9196bdc625a3a00f690b,False,1634,1634,RGB,1634x1634,
test,T0375.jpg,D:\OIO+\DATASET_RETINA\01.Originais\GLA (Glaucoma)\REFUGE\Test400\T0375.jpg,.jpg,0.8001251220703125,40f406cc5ce04b1b89e913b3c9407dc950a69279da3121c1d4acf6effe1bfb70,False,1634,1634,RGB,1634x1634,
test,T0376.jpg,D:\OIO+\DATASET_RETINA\01.Originais\GLA (Glaucoma)\REFUGE\Test400\T0376.jpg,.jpg,0.9323787689208984,f150da1d6472f1fde70f30c48fdcb08f0eea6e7f57c1b3b7bea6bfa94495aa5f,False,1634,1634,RGB,1634x1634,
test,T0377.jpg,D:\OIO+\DATASET_RETINA\01.Originais\GLA (Glaucoma)\REFUGE\Test400\T0377.jpg,.jpg,0.8251314163208008,bee2de1f72bd3407dc5d2a1d168fee5bcab85f1375dbd519b36c42f19d4709a1,False,1634,1634,RGB,1634x1634,
test,T0378.jpg,D:\OIO+\DATASET_RETINA\01.Originais\GLA (Glaucoma)\REFUGE\Test400\T0378.jpg,.jpg,0.9804840087890625,fe19abaf3fec0f7a0dd77a7599df6c3c159b05b120a037d14257ed730eb7b34e,False,1634,1634,RGB,1634x1634,
test,T0379.jpg,D:\OIO+\DATASET_RETINA\01.Originais\GLA (Glaucoma)\REFUGE\Test400\T0379.jpg,.jpg,0.9343585968017578,87af99d0febfb0d02382bf9d442e66739e107414f63825f89278ff0d3533132f,False,1634,1634,RGB,1634x1634,
test,T0380.jpg,D:\OIO+\DATASET_RETINA\01.Originais\GLA (Glaucoma)\REFUGE\Test400\T0380.jpg,.jpg,0.9820976257324219,ae403955ad8d87e1b13c637c6effa86c42a95ff620c70f040f9d0aea6d841c54,False,1634,1634,RGB,1634x1634,
test,T0381.jpg,D:\OIO+\DATASET_RETINA\01.Originais\GLA (Glaucoma)\REFUGE\Test400\T0381.jpg,.jpg,0.9234590530395508,ca63bfede11dc901df94bf0227f4ca575eca01bc62204bd0e883f1aa7335e96b,False,1634,1634,RGB,1634x1634,
test,T0382.jpg,D:\OIO+\DATASET_RETINA\01.Originais\GLA (Glaucoma)\REFUGE\Test400\T0382.jpg,.jpg,0.9768037796020508,a671465d2d688d4265f529870ac0de99cff9ff4c61ce0c3335ed972a4c26fa4f,False,1634,1634,RGB,1634x1634,
test,T0383.jpg,D:\OIO+\DATASET_RETINA\01.Originais\GLA (Glaucoma)\REFUGE\Test400\T0383.jpg,.jpg,0.8871994018554688,b64f4cab802a4d517cc0ae27792b3725fcec8f4e9603c2bb182f4a0a6dfd4d5d,False,1634,1634,RGB,1634x1634,
test,T0384.jpg,D:\OIO+\DATASET_RETINA\01.Originais\GLA (Glaucoma)\REFUGE\Test400\T0384.jpg,.jpg,0.8258419036865234,50175c740eda2945919e64edce3ffb49efbed972bebe125467d0ee3302ce756b,False,1634,1634,RGB,1634x1634,
test,T0385.jpg,D:\OIO+\DATASET_RETINA\01.Originais\GLA (Glaucoma)\REFUGE\Test400\T0385.jpg,.jpg,0.9546175003051758,94839e5a235ff66adb632395e02325b19d84df93d7c09c0177e8a0eee2e26762,False,1634,1634,RGB,1634x1634,
test,T0386.jpg,D:\OIO+\DATASET_RETINA\01.Originais\GLA (Glaucoma)\REFUGE\Test400\T0386.jpg,.jpg,0.9460859298706055,7cfe33c5a958e2959f1804a862eee04d9976dab7123ad54b77f285e167db6aac,False,1634,1634,RGB,1634x1634,
test,T0387.jpg,D:\OIO+\DATASET_RETINA\01.Originais\GLA (Glaucoma)\REFUGE\Test400\T0387.jpg,.jpg,0.8334140777587891,e07874870f1e44c35ebd27713ac382906c740e37ace457bf23ded8e46b6b67ba,False,1634,1634,RGB,1634x1634,
test,T0388.jpg,D:\OIO+\DATASET_RETINA\01.Originais\GLA (Glaucoma)\REFUGE\Test400\T0388.jpg,.jpg,0.8850593566894531,5848688570250402e30f4842bc02810f0e104334ee687780d2073f05782199b6,False,1634,1634,RGB,1634x1634,
test,T0389.jpg,D:\OIO+\DATASET_RETINA\01.Originais\GLA (Glaucoma)\REFUGE\Test400\T0389.jpg,.jpg,0.8629159927368164,b35740f98a361c3084a61325b6901e54894d1865c731868d8e9f449a8aa0c290,False,1634,1634,RGB,1634x1634,
test,T0390.jpg,D:\OIO+\DATASET_RETINA\01.Originais\GLA (Glaucoma)\REFUGE\Test400\T0390.jpg,.jpg,0.982813835144043,cdb27b41ab8accf254619d19150e9158f368a8559bf2546d4c246082df93cc3e,False,1634,1634,RGB,1634x1634,
test,T0391.jpg,D:\OIO+\DATASET_RETINA\01.Originais\GLA (Glaucoma)\REFUGE\Test400\T0391.jpg,.jpg,0.9600286483764648,6a4007f725b8e3fde95911c094e03c640e5423150231251b2304df7a290d9036,False,1634,1634,RGB,1634x1634,
test,T0392.jpg,D:\OIO+\DATASET_RETINA\01.Originais\GLA (Glaucoma)\REFUGE\Test400\T0392.jpg,.jpg,0.9051675796508789,d4eb886f66adb92cb12023ba99419ad9e77693c8044aa3fe47528c7f54e7d7da,False,1634,1634,RGB,1634x1634,
test,T0393.jpg,D:\OIO+\DATASET_RETINA\01.Originais\GLA (Glaucoma)\REFUGE\Test400\T0393.jpg,.jpg,0.9570016860961914,b693a7baee22f4757d4c7b6d3c74cecddb644f2dffc42fcc79164a2d7ba63c30,False,1634,1634,RGB,1634x1634,
test,T0394.jpg,D:\OIO+\DATASET_RETINA\01.Originais\GLA (Glaucoma)\REFUGE\Test400\T0394.jpg,.jpg,0.7821741104125977,02842ee2d9c149ca84ed7402feddd4f7f5dac17ab00e41533cb60d057a71137a,False,1634,1634,RGB,1634x1634,
test,T0395.jpg,D:\OIO+\DATASET_RETINA\01.Originais\GLA (Glaucoma)\REFUGE\Test400\T0395.jpg,.jpg,0.957301139831543,494c21449343b3c14b9aebd239af1f620f61f27605256f90c5a4772dcfb516a6,False,1634,1634,RGB,1634x1634,
test,T0396.jpg,D:\OIO+\DATASET_RETINA\01.Originais\GLA (Glaucoma)\REFUGE\Test400\T0396.jpg,.jpg,0.8305301666259766,1f30c3ff5bdea36b1d6ffc2354d03c108694228a3addb0276c49c0e6d880cca3,False,1634,1634,RGB,1634x1634,
test,T0397.jpg,D:\OIO+\DATASET_RETINA\01.Originais\GLA (Glaucoma)\REFUGE\Test400\T0397.jpg,.jpg,0.8943824768066406,40f1a89de53af99bd87faef427591bfb5b285d9bb216d8932f65f7b696f8b4db,False,1634,1634,RGB,1634x1634,
test,T0398.jpg,D:\OIO+\DATASET_RETINA\01.Originais\GLA (Glaucoma)\REFUGE\Test400\T0398.jpg,.jpg,0.8819923400878906,3310e59f52821953f374933a00fb11cb015a2fb9a7eab732d77e5594a507ab31,False,1634,1634,RGB,1634x1634,
test,T0399.jpg,D:\OIO+\DATASET_RETINA\01.Originais\GLA (Glaucoma)\REFUGE\Test400\T0399.jpg,.jpg,0.8250007629394531,035ea35b1f3a2ee3858f448b558b9d8cc19c6d0e2b3b08c06b08cf906e3131ce,False,1634,1634,RGB,1634x1634,
test,T0400.jpg,D:\OIO+\DATASET_RETINA\01.Originais\GLA (Glaucoma)\REFUGE\Test400\T0400.jpg,.jpg,0.867680549621582,d90bc4e3b30e0ce8d3a663c58f2939a357f2c844406b64df8d14890ba5cc2f40,False,1634,1634,RGB,1634x1634,
