split_1,arquivo_1,split_2,arquivo_2,distancia_phash,nivel
validation,V0011.jpg,test,T0134.jpg,0,forte
validation,V0026.jpg,test,T0075.jpg,0,forte
validation,V0074.jpg,test,T0075.jpg,0,forte
validation,V0110.jpg,test,T0075.jpg,0,forte
validation,V0260.jpg,test,T0042.jpg,0,forte
validation,V0002.jpg,test,T0053.jpg,2,forte
validation,V0005.jpg,test,T0017.jpg,2,forte
validation,V0011.jpg,test,T0075.jpg,2,forte
validation,V0011.jpg,test,T0109.jpg,2,forte
validation,V0013.jpg,test,T0349.jpg,2,forte
validation,V0026.jpg,test,T0017.jpg,2,forte
validation,V0026.jpg,test,T0021.jpg,2,forte
validation,V0026.jpg,test,T0109.jpg,2,forte
validation,V0026.jpg,test,T0125.jpg,2,forte
validation,V0026.jpg,test,T0134.jpg,2,forte
validation,V0026.jpg,test,T0336.jpg,2,forte
validation,V0044.jpg,test,T0010.jpg,2,forte
validation,V0051.jpg,test,T0075.jpg,2,forte
validation,V0051.jpg,test,T0336.jpg,2,forte
validation,V0054.jpg,test,T0017.jpg,2,forte
validation,V0054.jpg,test,T0075.jpg,2,forte
validation,V0054.jpg,test,T0363.jpg,2,forte
validation,V0055.jpg,test,T0042.jpg,2,forte
validation,V0055.jpg,test,T0294.jpg,2,forte
validation,V0055.jpg,test,T0343.jpg,2,forte
validation,V0055.jpg,test,T0377.jpg,2,forte
validation,V0074.jpg,test,T0017.jpg,2,forte
validation,V0074.jpg,test,T0021.jpg,2,forte
validation,V0074.jpg,test,T0109.jpg,2,forte
validation,V0074.jpg,test,T0125.jpg,2,forte
validation,V0074.jpg,test,T0134.jpg,2,forte
validation,V0074.jpg,test,T0336.jpg,2,forte
validation,V0075.jpg,test,T0042.jpg,2,forte
validation,V0075.jpg,test,T0294.jpg,2,forte
validation,V0075.jpg,test,T0331.jpg,2,forte
validation,V0077.jpg,test,T0257.jpg,2,forte
validation,V0081.jpg,test,T0169.jpg,2,forte
validation,V0083.jpg,test,T0382.jpg,2,forte
validation,V0085.jpg,test,T0294.jpg,2,forte
validation,V0085.jpg,test,T0383.jpg,2,forte
validation,V0091.jpg,test,T0262.jpg,2,forte
validation,V0093.jpg,test,T0134.jpg,2,forte
validation,V0093.jpg,test,T0316.jpg,2,forte
validation,V0093.jpg,test,T0382.jpg,2,forte
validation,V0110.jpg,test,T0017.jpg,2,forte
validation,V0110.jpg,test,T0021.jpg,2,forte
validation,V0110.jpg,test,T0109.jpg,2,forte
validation,V0110.jpg,test,T0125.jpg,2,forte
validation,V0110.jpg,test,T0134.jpg,2,forte
validation,V0110.jpg,test,T0336.jpg,2,forte
validation,V0113.jpg,test,T0297.jpg,2,forte
validation,V0115.jpg,test,T0331.jpg,2,forte
validation,V0119.jpg,test,T0075.jpg,2,forte
validation,V0119.jpg,test,T0363.jpg,2,forte
validation,V0132.jpg,test,T0262.jpg,2,forte
validation,V0134.jpg,test,T0073.jpg,2,forte
validation,V0134.jpg,test,T0294.jpg,2,forte
validation,V0144.jpg,test,T0220.jpg,2,forte
validation,V0144.jpg,test,T0293.jpg,2,forte
validation,V0146.jpg,test,T0343.jpg,2,forte
validation,V0147.jpg,test,T0169.jpg,2,forte
validation,V0147.jpg,test,T0262.jpg,2,forte
validation,V0147.jpg,test,T0382.jpg,2,forte
validation,V0152.jpg,test,T0075.jpg,2,forte
validation,V0152.jpg,test,T0109.jpg,2,forte
validation,V0152.jpg,test,T0134.jpg,2,forte
validation,V0152.jpg,test,T0251.jpg,2,forte
validation,V0152.jpg,test,T0392.jpg,2,forte
validation,V0157.jpg,test,T0187.jpg,2,forte
validation,V0160.jpg,test,T0038.jpg,2,forte
validation,V0166.jpg,test,T0001.jpg,2,forte
validation,V0166.jpg,test,T0154.jpg,2,forte
validation,V0166.jpg,test,T0361.jpg,2,forte
validation,V0173.jpg,test,T0075.jpg,2,forte
validation,V0173.jpg,test,T0125.jpg,2,forte
validation,V0173.jpg,test,T0336.jpg,2,forte
validation,V0173.jpg,test,T0382.jpg,2,forte
validation,V0180.jpg,test,T0075.jpg,2,forte
validation,V0180.jpg,test,T0134.jpg,2,forte
validation,V0188.jpg,test,T0023.jpg,2,forte
validation,V0190.jpg,test,T0043.jpg,2,forte
validation,V0203.jpg,test,T0130.jpg,2,forte
validation,V0203.jpg,test,T0328.jpg,2,forte
validation,V0206.jpg,test,T0053.jpg,2,forte
validation,V0209.jpg,test,T0328.jpg,2,forte
validation,V0214.jpg,test,T0029.jpg,2,forte
validation,V0214.jpg,test,T0053.jpg,2,forte
validation,V0214.jpg,test,T0267.jpg,2,forte
validation,V0220.jpg,test,T0005.jpg,2,forte
validation,V0230.jpg,test,T0075.jpg,2,forte
validation,V0230.jpg,test,T0125.jpg,2,forte
validation,V0230.jpg,test,T0336.jpg,2,forte
validation,V0230.jpg,test,T0382.jpg,2,forte
validation,V0231.jpg,test,T0378.jpg,2,forte
validation,V0248.jpg,test,T0121.jpg,2,forte
validation,V0248.jpg,test,T0232.jpg,2,forte
validation,V0252.jpg,test,T0010.jpg,2,forte
validation,V0259.jpg,test,T0220.jpg,2,forte
validation,V0259.jpg,test,T0293.jpg,2,forte
validation,V0260.jpg,test,T0254.jpg,2,forte
validation,V0260.jpg,test,T0294.jpg,2,forte
validation,V0260.jpg,test,T0343.jpg,2,forte
validation,V0261.jpg,test,T0051.jpg,2,forte
validation,V0266.jpg,test,T0142.jpg,2,forte
validation,V0269.jpg,test,T0163.jpg,2,forte
validation,V0273.jpg,test,T0044.jpg,2,forte
validation,V0280.jpg,test,T0010.jpg,2,forte
validation,V0281.jpg,test,T0118.jpg,2,forte
validation,V0282.jpg,test,T0088.jpg,2,forte
validation,V0282.jpg,test,T0220.jpg,2,forte
validation,V0282.jpg,test,T0225.jpg,2,forte
validation,V0282.jpg,test,T0293.jpg,2,forte
validation,V0302.jpg,test,T0071.jpg,2,forte
validation,V0308.jpg,test,T0362.jpg,2,forte
validation,V0309.jpg,test,T0247.jpg,2,forte
validation,V0324.jpg,test,T0325.jpg,2,forte
validation,V0330.jpg,test,T0042.jpg,2,forte
validation,V0331.jpg,test,T0187.jpg,2,forte
validation,V0331.jpg,test,T0329.jpg,2,forte
validation,V0337.jpg,test,T0029.jpg,2,forte
validation,V0337.jpg,test,T0068.jpg,2,forte
validation,V0337.jpg,test,T0232.jpg,2,forte
validation,V0337.jpg,test,T0267.jpg,2,forte
validation,V0337.jpg,test,T0363.jpg,2,forte
validation,V0345.jpg,test,T0190.jpg,2,forte
validation,V0350.jpg,test,T0111.jpg,2,forte
validation,V0350.jpg,test,T0328.jpg,2,forte
validation,V0354.jpg,test,T0122.jpg,2,forte
validation,V0357.jpg,test,T0223.jpg,2,forte
validation,V0367.jpg,test,T0232.jpg,2,forte
validation,V0367.jpg,test,T0363.jpg,2,forte
validation,V0393.jpg,test,T0075.jpg,2,forte
validation,V0393.jpg,test,T0109.jpg,2,forte
validation,V0393.jpg,test,T0134.jpg,2,forte
validation,V0393.jpg,test,T0262.jpg,2,forte
validation,V0395.jpg,test,T0134.jpg,2,forte
validation,V0395.jpg,test,T0316.jpg,2,forte
validation,V0395.jpg,test,T0382.jpg,2,forte
train,g0010.jpg,test,T0046.jpg,4,forte
train,n0093.jpg,test,T0122.jpg,4,forte
train,n0098.jpg,validation,V0316.jpg,4,forte
train,n0113.jpg,validation,V0106.jpg,4,forte
train,n0113.jpg,validation,V0196.jpg,4,forte
train,n0113.jpg,validation,V0258.jpg,4,forte
train,n0113.jpg,validation,V0357.jpg,4,forte
train,n0114.jpg,test,T0122.jpg,4,forte
train,n0116.jpg,test,T0122.jpg,4,forte
train,n0120.jpg,test,T0122.jpg,4,forte
train,n0128.jpg,test,T0122.jpg,4,forte
train,n0150.jpg,validation,V0316.jpg,4,forte
train,n0171.jpg,validation,V0123.jpg,4,forte
train,n0184.jpg,validation,V0336.jpg,4,forte
train,n0185.jpg,validation,V0336.jpg,4,forte
train,n0210.jpg,validation,V0336.jpg,4,forte
train,n0210.jpg,test,T0122.jpg,4,forte
train,n0255.jpg,validation,V0049.jpg,4,forte
train,n0257.jpg,validation,V0336.jpg,4,forte
train,n0257.jpg,test,T0122.jpg,4,forte
train,n0258.jpg,validation,V0336.jpg,4,forte
train,n0319.jpg,validation,V0224.jpg,4,forte
train,n0346.jpg,validation,V0224.jpg,4,forte
validation,V0002.jpg,test,T0017.jpg,4,forte
validation,V0002.jpg,test,T0029.jpg,4,forte
validation,V0002.jpg,test,T0075.jpg,4,forte
validation,V0002.jpg,test,T0109.jpg,4,forte
validation,V0002.jpg,test,T0134.jpg,4,forte
validation,V0002.jpg,test,T0212.jpg,4,forte
validation,V0002.jpg,test,T0267.jpg,4,forte
validation,V0002.jpg,test,T0363.jpg,4,forte
validation,V0003.jpg,test,T0127.jpg,4,forte
validation,V0004.jpg,test,T0104.jpg,4,forte
validation,V0004.jpg,test,T0115.jpg,4,forte
validation,V0004.jpg,test,T0169.jpg,4,forte
validation,V0004.jpg,test,T0215.jpg,4,forte
validation,V0004.jpg,test,T0236.jpg,4,forte
validation,V0005.jpg,test,T0029.jpg,4,forte
validation,V0005.jpg,test,T0053.jpg,4,forte
validation,V0005.jpg,test,T0075.jpg,4,forte
validation,V0005.jpg,test,T0267.jpg,4,forte
validation,V0010.jpg,test,T0010.jpg,4,forte
validation,V0011.jpg,test,T0017.jpg,4,forte
validation,V0011.jpg,test,T0021.jpg,4,forte
validation,V0011.jpg,test,T0053.jpg,4,forte
validation,V0011.jpg,test,T0107.jpg,4,forte
validation,V0011.jpg,test,T0118.jpg,4,forte
validation,V0011.jpg,test,T0125.jpg,4,forte
validation,V0011.jpg,test,T0169.jpg,4,forte
validation,V0011.jpg,test,T0244.jpg,4,forte
validation,V0011.jpg,test,T0251.jpg,4,forte
validation,V0011.jpg,test,T0262.jpg,4,forte
validation,V0011.jpg,test,T0316.jpg,4,forte
validation,V0011.jpg,test,T0336.jpg,4,forte
validation,V0011.jpg,test,T0365.jpg,4,forte
validation,V0011.jpg,test,T0382.jpg,4,forte
validation,V0011.jpg,test,T0392.jpg,4,forte
validation,V0015.jpg,test,T0043.jpg,4,forte
validation,V0015.jpg,test,T0171.jpg,4,forte
validation,V0015.jpg,test,T0286.jpg,4,forte
validation,V0015.jpg,test,T0299.jpg,4,forte
validation,V0015.jpg,test,T0378.jpg,4,forte
validation,V0015.jpg,test,T0380.jpg,4,forte
validation,V0016.jpg,test,T0013.jpg,4,forte
validation,V0016.jpg,test,T0127.jpg,4,forte
validation,V0018.jpg,test,T0092.jpg,4,forte
validation,V0018.jpg,test,T0393.jpg,4,forte
validation,V0020.jpg,test,T0069.jpg,4,forte
validation,V0021.jpg,test,T0010.jpg,4,forte
validation,V0021.jpg,test,T0331.jpg,4,forte
validation,V0023.jpg,test,T0307.jpg,4,forte
validation,V0023.jpg,test,T0316.jpg,4,forte
validation,V0024.jpg,test,T0110.jpg,4,forte
validation,V0026.jpg,test,T0029.jpg,4,forte
validation,V0026.jpg,test,T0053.jpg,4,forte
validation,V0026.jpg,test,T0154.jpg,4,forte
validation,V0026.jpg,test,T0169.jpg,4,forte
validation,V0026.jpg,test,T0236.jpg,4,forte
validation,V0026.jpg,test,T0251.jpg,4,forte
validation,V0026.jpg,test,T0262.jpg,4,forte
validation,V0026.jpg,test,T0267.jpg,4,forte
validation,V0026.jpg,test,T0363.jpg,4,forte
validation,V0026.jpg,test,T0365.jpg,4,forte
validation,V0026.jpg,test,T0382.jpg,4,forte
validation,V0026.jpg,test,T0392.jpg,4,forte
validation,V0027.jpg,test,T0010.jpg,4,forte
validation,V0027.jpg,test,T0042.jpg,4,forte
validation,V0027.jpg,test,T0254.jpg,4,forte
validation,V0027.jpg,test,T0329.jpg,4,forte
validation,V0027.jpg,test,T0331.jpg,4,forte
validation,V0031.jpg,test,T0048.jpg,4,forte
validation,V0031.jpg,test,T0075.jpg,4,forte
validation,V0031.jpg,test,T0125.jpg,4,forte
validation,V0031.jpg,test,T0154.jpg,4,forte
validation,V0031.jpg,test,T0292.jpg,4,forte
validation,V0031.jpg,test,T0336.jpg,4,forte
validation,V0034.jpg,test,T0017.jpg,4,forte
validation,V0034.jpg,test,T0075.jpg,4,forte
validation,V0034.jpg,test,T0125.jpg,4,forte
validation,V0034.jpg,test,T0154.jpg,4,forte
validation,V0034.jpg,test,T0336.jpg,4,forte
validation,V0039.jpg,test,T0014.jpg,4,forte
validation,V0043.jpg,test,T0152.jpg,4,forte
validation,V0044.jpg,test,T0008.jpg,4,forte
validation,V0044.jpg,test,T0042.jpg,4,forte
validation,V0044.jpg,test,T0120.jpg,4,forte
validation,V0044.jpg,test,T0122.jpg,4,forte
validation,V0044.jpg,test,T0223.jpg,4,forte
validation,V0044.jpg,test,T0331.jpg,4,forte
validation,V0044.jpg,test,T0400.jpg,4,forte
validation,V0046.jpg,test,T0001.jpg,4,forte
validation,V0046.jpg,test,T0154.jpg,4,forte
validation,V0046.jpg,test,T0168.jpg,4,forte
validation,V0046.jpg,test,T0201.jpg,4,forte
validation,V0046.jpg,test,T0231.jpg,4,forte
validation,V0046.jpg,test,T0328.jpg,4,forte
validation,V0051.jpg,test,T0017.jpg,4,forte
validation,V0051.jpg,test,T0021.jpg,4,forte
validation,V0051.jpg,test,T0109.jpg,4,forte
validation,V0051.jpg,test,T0125.jpg,4,forte
validation,V0051.jpg,test,T0134.jpg,4,forte
validation,V0051.jpg,test,T0169.jpg,4,forte
validation,V0051.jpg,test,T0236.jpg,4,forte
validation,V0051.jpg,test,T0363.jpg,4,forte
validation,V0051.jpg,test,T0365.jpg,4,forte
validation,V0053.jpg,test,T0138.jpg,4,forte
validation,V0053.jpg,test,T0340.jpg,4,forte
validation,V0054.jpg,test,T0021.jpg,4,forte
validation,V0054.jpg,test,T0029.jpg,4,forte
validation,V0054.jpg,test,T0041.jpg,4,forte
validation,V0054.jpg,test,T0053.jpg,4,forte
validation,V0054.jpg,test,T0078.jpg,4,forte
validation,V0054.jpg,test,T0109.jpg,4,forte
validation,V0054.jpg,test,T0125.jpg,4,forte
validation,V0054.jpg,test,T0134.jpg,4,forte
validation,V0054.jpg,test,T0167.jpg,4,forte
validation,V0054.jpg,test,T0206.jpg,4,forte
validation,V0054.jpg,test,T0267.jpg,4,forte
validation,V0054.jpg,test,T0279.jpg,4,forte
validation,V0054.jpg,test,T0336.jpg,4,forte
validation,V0055.jpg,test,T0034.jpg,4,forte
validation,V0055.jpg,test,T0044.jpg,4,forte
validation,V0055.jpg,test,T0073.jpg,4,forte
validation,V0055.jpg,test,T0114.jpg,4,forte
validation,V0055.jpg,test,T0220.jpg,4,forte
validation,V0055.jpg,test,T0254.jpg,4,forte
validation,V0055.jpg,test,T0255.jpg,4,forte
validation,V0055.jpg,test,T0293.jpg,4,forte
validation,V0055.jpg,test,T0311.jpg,4,forte
validation,V0055.jpg,test,T0328.jpg,4,forte
validation,V0057.jpg,test,T0043.jpg,4,forte
validation,V0066.jpg,test,T0319.jpg,4,forte
validation,V0066.jpg,test,T0383.jpg,4,forte
validation,V0068.jpg,test,T0314.jpg,4,forte
validation,V0069.jpg,test,T0001.jpg,4,forte
validation,V0069.jpg,test,T0187.jpg,4,forte
validation,V0069.jpg,test,T0286.jpg,4,forte
validation,V0069.jpg,test,T0395.jpg,4,forte
validation,V0070.jpg,test,T0010.jpg,4,forte
validation,V0070.jpg,test,T0110.jpg,4,forte
validation,V0070.jpg,test,T0117.jpg,4,forte
validation,V0070.jpg,test,T0214.jpg,4,forte
validation,V0070.jpg,test,T0223.jpg,4,forte
validation,V0070.jpg,test,T0318.jpg,4,forte
validation,V0070.jpg,test,T0335.jpg,4,forte
validation,V0070.jpg,test,T0377.jpg,4,forte
validation,V0074.jpg,test,T0029.jpg,4,forte
validation,V0074.jpg,test,T0053.jpg,4,forte
validation,V0074.jpg,test,T0154.jpg,4,forte
validation,V0074.jpg,test,T0169.jpg,4,forte
validation,V0074.jpg,test,T0236.jpg,4,forte
validation,V0074.jpg,test,T0251.jpg,4,forte
validation,V0074.jpg,test,T0262.jpg,4,forte
validation,V0074.jpg,test,T0267.jpg,4,forte
validation,V0074.jpg,test,T0363.jpg,4,forte
validation,V0074.jpg,test,T0365.jpg,4,forte
validation,V0074.jpg,test,T0382.jpg,4,forte
validation,V0074.jpg,test,T0392.jpg,4,forte
validation,V0075.jpg,test,T0101.jpg,4,forte
validation,V0075.jpg,test,T0130.jpg,4,forte
validation,V0075.jpg,test,T0136.jpg,4,forte
validation,V0075.jpg,test,T0168.jpg,4,forte
validation,V0075.jpg,test,T0225.jpg,4,forte
validation,V0075.jpg,test,T0254.jpg,4,forte
validation,V0075.jpg,test,T0328.jpg,4,forte
validation,V0075.jpg,test,T0334.jpg,4,forte
validation,V0075.jpg,test,T0343.jpg,4,forte
validation,V0076.jpg,test,T0257.jpg,4,forte
validation,V0080.jpg,test,T0246.jpg,4,forte
validation,V0081.jpg,test,T0076.jpg,4,forte
validation,V0081.jpg,test,T0077.jpg,4,forte
validation,V0081.jpg,test,T0115.jpg,4,forte
validation,V0081.jpg,test,T0156.jpg,4,forte
validation,V0081.jpg,test,T0236.jpg,4,forte
validation,V0081.jpg,test,T0262.jpg,4,forte
validation,V0081.jpg,test,T0313.jpg,4,forte
validation,V0081.jpg,test,T0316.jpg,4,forte
validation,V0081.jpg,test,T0325.jpg,4,forte
validation,V0081.jpg,test,T0336.jpg,4,forte
validation,V0081.jpg,test,T0337.jpg,4,forte
validation,V0081.jpg,test,T0382.jpg,4,forte
validation,V0083.jpg,test,T0033.jpg,4,forte
validation,V0083.jpg,test,T0050.jpg,4,forte
validation,V0083.jpg,test,T0316.jpg,4,forte
validation,V0083.jpg,test,T0335.jpg,4,forte
validation,V0083.jpg,test,T0392.jpg,4,forte
validation,V0083.jpg,test,T0393.jpg,4,forte
validation,V0085.jpg,test,T0010.jpg,4,forte
validation,V0085.jpg,test,T0042.jpg,4,forte
validation,V0085.jpg,test,T0058.jpg,4,forte
validation,V0085.jpg,test,T0114.jpg,4,forte
validation,V0085.jpg,test,T0130.jpg,4,forte
validation,V0085.jpg,test,T0207.jpg,4,forte
validation,V0085.jpg,test,T0231.jpg,4,forte
validation,V0085.jpg,test,T0254.jpg,4,forte
validation,V0085.jpg,test,T0328.jpg,4,forte
validation,V0085.jpg,test,T0331.jpg,4,forte
validation,V0085.jpg,test,T0377.jpg,4,forte
validation,V0088.jpg,test,T0269.jpg,4,forte
validation,V0088.jpg,test,T0307.jpg,4,forte
validation,V0088.jpg,test,T0316.jpg,4,forte
validation,V0089.jpg,test,T0048.jpg,4,forte
validation,V0091.jpg,test,T0052.jpg,4,forte
validation,V0091.jpg,test,T0075.jpg,4,forte
validation,V0091.jpg,test,T0109.jpg,4,forte
validation,V0091.jpg,test,T0134.jpg,4,forte
validation,V0091.jpg,test,T0156.jpg,4,forte
validation,V0091.jpg,test,T0169.jpg,4,forte
validation,V0091.jpg,test,T0236.jpg,4,forte
validation,V0091.jpg,test,T0313.jpg,4,forte
validation,V0091.jpg,test,T0337.jpg,4,forte
validation,V0091.jpg,test,T0382.jpg,4,forte
validation,V0093.jpg,test,T0033.jpg,4,forte
validation,V0093.jpg,test,T0050.jpg,4,forte
validation,V0093.jpg,test,T0075.jpg,4,forte
validation,V0093.jpg,test,T0076.jpg,4,forte
validation,V0093.jpg,test,T0109.jpg,4,forte
validation,V0093.jpg,test,T0118.jpg,4,forte
validation,V0093.jpg,test,T0125.jpg,4,forte
validation,V0093.jpg,test,T0169.jpg,4,forte
validation,V0093.jpg,test,T0260.jpg,4,forte
validation,V0093.jpg,test,T0262.jpg,4,forte
validation,V0093.jpg,test,T0307.jpg,4,forte
validation,V0093.jpg,test,T0313.jpg,4,forte
validation,V0093.jpg,test,T0325.jpg,4,forte
validation,V0093.jpg,test,T0336.jpg,4,forte
validation,V0093.jpg,test,T0392.jpg,4,forte
validation,V0093.jpg,test,T0393.jpg,4,forte
validation,V0094.jpg,test,T0101.jpg,4,forte
validation,V0094.jpg,test,T0311.jpg,4,forte
validation,V0094.jpg,test,T0328.jpg,4,forte
validation,V0098.jpg,test,T0196.jpg,4,forte
validation,V0098.jpg,test,T0361.jpg,4,forte
validation,V0099.jpg,test,T0024.jpg,4,forte
validation,V0100.jpg,test,T0068.jpg,4,forte
validation,V0102.jpg,test,T0279.jpg,4,forte
validation,V0106.jpg,test,T0010.jpg,4,forte
validation,V0106.jpg,test,T0163.jpg,4,forte
validation,V0106.jpg,test,T0331.jpg,4,forte
validation,V0107.jpg,test,T0325.jpg,4,forte
validation,V0109.jpg,test,T0332.jpg,4,forte
validation,V0110.jpg,test,T0029.jpg,4,forte
validation,V0110.jpg,test,T0053.jpg,4,forte
validation,V0110.jpg,test,T0154.jpg,4,forte
validation,V0110.jpg,test,T0169.jpg,4,forte
validation,V0110.jpg,test,T0236.jpg,4,forte
validation,V0110.jpg,test,T0251.jpg,4,forte
validation,V0110.jpg,test,T0262.jpg,4,forte
validation,V0110.jpg,test,T0267.jpg,4,forte
validation,V0110.jpg,test,T0363.jpg,4,forte
validation,V0110.jpg,test,T0365.jpg,4,forte
validation,V0110.jpg,test,T0382.jpg,4,forte
validation,V0110.jpg,test,T0392.jpg,4,forte
validation,V0112.jpg,test,T0291.jpg,4,forte
validation,V0115.jpg,test,T0042.jpg,4,forte
validation,V0115.jpg,test,T0223.jpg,4,forte
validation,V0116.jpg,test,T0291.jpg,4,forte
validation,V0119.jpg,test,T0017.jpg,4,forte
validation,V0119.jpg,test,T0021.jpg,4,forte
validation,V0119.jpg,test,T0041.jpg,4,forte
validation,V0119.jpg,test,T0078.jpg,4,forte
validation,V0119.jpg,test,T0109.jpg,4,forte
validation,V0119.jpg,test,T0125.jpg,4,forte
validation,V0119.jpg,test,T0134.jpg,4,forte
validation,V0119.jpg,test,T0167.jpg,4,forte
validation,V0119.jpg,test,T0336.jpg,4,forte
validation,V0119.jpg,test,T0337.jpg,4,forte
validation,V0121.jpg,test,T0357.jpg,4,forte
validation,V0129.jpg,test,T0124.jpg,4,forte
validation,V0132.jpg,test,T0156.jpg,4,forte
validation,V0132.jpg,test,T0380.jpg,4,forte
validation,V0134.jpg,test,T0042.jpg,4,forte
validation,V0134.jpg,test,T0044.jpg,4,forte
validation,V0134.jpg,test,T0114.jpg,4,forte
validation,V0134.jpg,test,T0168.jpg,4,forte
validation,V0134.jpg,test,T0220.jpg,4,forte
validation,V0134.jpg,test,T0225.jpg,4,forte
validation,V0134.jpg,test,T0293.jpg,4,forte
validation,V0134.jpg,test,T0298.jpg,4,forte
validation,V0134.jpg,test,T0319.jpg,4,forte
validation,V0134.jpg,test,T0328.jpg,4,forte
validation,V0134.jpg,test,T0343.jpg,4,forte
validation,V0134.jpg,test,T0377.jpg,4,forte
validation,V0135.jpg,test,T0077.jpg,4,forte
validation,V0137.jpg,test,T0076.jpg,4,forte
validation,V0137.jpg,test,T0213.jpg,4,forte
validation,V0137.jpg,test,T0325.jpg,4,forte
validation,V0142.jpg,test,T0010.jpg,4,forte
validation,V0142.jpg,test,T0042.jpg,4,forte
validation,V0142.jpg,test,T0254.jpg,4,forte
validation,V0142.jpg,test,T0318.jpg,4,forte
validation,V0144.jpg,test,T0064.jpg,4,forte
validation,V0144.jpg,test,T0088.jpg,4,forte
validation,V0144.jpg,test,T0154.jpg,4,forte
validation,V0144.jpg,test,T0187.jpg,4,forte
validation,V0144.jpg,test,T0260.jpg,4,forte
validation,V0144.jpg,test,T0299.jpg,4,forte
validation,V0144.jpg,test,T0361.jpg,4,forte
validation,V0144.jpg,test,T0393.jpg,4,forte
validation,V0145.jpg,test,T0008.jpg,4,forte
validation,V0145.jpg,test,T0347.jpg,4,forte
validation,V0146.jpg,test,T0042.jpg,4,forte
validation,V0146.jpg,test,T0178.jpg,4,forte
validation,V0146.jpg,test,T0220.jpg,4,forte
validation,V0146.jpg,test,T0225.jpg,4,forte
validation,V0146.jpg,test,T0293.jpg,4,forte
validation,V0147.jpg,test,T0050.jpg,4,forte
validation,V0147.jpg,test,T0075.jpg,4,forte
validation,V0147.jpg,test,T0076.jpg,4,forte
validation,V0147.jpg,test,T0077.jpg,4,forte
validation,V0147.jpg,test,T0109.jpg,4,forte
validation,V0147.jpg,test,T0115.jpg,4,forte
validation,V0147.jpg,test,T0118.jpg,4,forte
validation,V0147.jpg,test,T0125.jpg,4,forte
validation,V0147.jpg,test,T0134.jpg,4,forte
validation,V0147.jpg,test,T0156.jpg,4,forte
validation,V0147.jpg,test,T0236.jpg,4,forte
validation,V0147.jpg,test,T0289.jpg,4,forte
validation,V0147.jpg,test,T0313.jpg,4,forte
validation,V0147.jpg,test,T0316.jpg,4,forte
validation,V0147.jpg,test,T0325.jpg,4,forte
validation,V0147.jpg,test,T0336.jpg,4,forte
validation,V0147.jpg,test,T0337.jpg,4,forte
validation,V0147.jpg,test,T0392.jpg,4,forte
validation,V0147.jpg,test,T0393.jpg,4,forte
validation,V0148.jpg,test,T0077.jpg,4,forte
validation,V0148.jpg,test,T0115.jpg,4,forte
validation,V0152.jpg,test,T0017.jpg,4,forte
validation,V0152.jpg,test,T0021.jpg,4,forte
validation,V0152.jpg,test,T0041.jpg,4,forte
validation,V0152.jpg,test,T0053.jpg,4,forte
validation,V0152.jpg,test,T0095.jpg,4,forte
validation,V0152.jpg,test,T0125.jpg,4,forte
validation,V0152.jpg,test,T0169.jpg,4,forte
validation,V0152.jpg,test,T0244.jpg,4,forte
validation,V0152.jpg,test,T0262.jpg,4,forte
validation,V0152.jpg,test,T0316.jpg,4,forte
validation,V0152.jpg,test,T0336.jpg,4,forte
validation,V0152.jpg,test,T0382.jpg,4,forte
validation,V0153.jpg,test,T0008.jpg,4,forte
validation,V0157.jpg,test,T0001.jpg,4,forte
validation,V0157.jpg,test,T0190.jpg,4,forte
validation,V0157.jpg,test,T0299.jpg,4,forte
validation,V0157.jpg,test,T0355.jpg,4,forte
validation,V0157.jpg,test,T0361.jpg,4,forte
validation,V0158.jpg,test,T0104.jpg,4,forte
validation,V0160.jpg,test,T0395.jpg,4,forte
validation,V0161.jpg,test,T0110.jpg,4,forte
validation,V0161.jpg,test,T0335.jpg,4,forte
validation,V0161.jpg,test,T0374.jpg,4,forte
validation,V0161.jpg,test,T0377.jpg,4,forte
validation,V0163.jpg,test,T0058.jpg,4,forte
validation,V0163.jpg,test,T0072.jpg,4,forte
validation,V0163.jpg,test,T0130.jpg,4,forte
validation,V0163.jpg,test,T0328.jpg,4,forte
validation,V0166.jpg,test,T0125.jpg,4,forte
validation,V0166.jpg,test,T0187.jpg,4,forte
validation,V0166.jpg,test,T0201.jpg,4,forte
validation,V0166.jpg,test,T0260.jpg,4,forte
validation,V0166.jpg,test,T0286.jpg,4,forte
validation,V0166.jpg,test,T0336.jpg,4,forte
validation,V0167.jpg,test,T0326.jpg,4,forte
validation,V0168.jpg,test,T0053.jpg,4,forte
validation,V0168.jpg,test,T0382.jpg,4,forte
validation,V0170.jpg,test,T0241.jpg,4,forte
validation,V0173.jpg,test,T0017.jpg,4,forte
validation,V0173.jpg,test,T0021.jpg,4,forte
validation,V0173.jpg,test,T0109.jpg,4,forte
validation,V0173.jpg,test,T0134.jpg,4,forte
validation,V0173.jpg,test,T0154.jpg,4,forte
validation,V0173.jpg,test,T0169.jpg,4,forte
validation,V0173.jpg,test,T0236.jpg,4,forte
validation,V0173.jpg,test,T0260.jpg,4,forte
validation,V0173.jpg,test,T0262.jpg,4,forte
validation,V0173.jpg,test,T0316.jpg,4,forte
validation,V0173.jpg,test,T0390.jpg,4,forte
validation,V0173.jpg,test,T0392.jpg,4,forte
validation,V0173.jpg,test,T0393.jpg,4,forte
validation,V0178.jpg,test,T0072.jpg,4,forte
validation,V0180.jpg,test,T0017.jpg,4,forte
validation,V0180.jpg,test,T0021.jpg,4,forte
validation,V0180.jpg,test,T0109.jpg,4,forte
validation,V0180.jpg,test,T0125.jpg,4,forte
validation,V0180.jpg,test,T0236.jpg,4,forte
validation,V0180.jpg,test,T0260.jpg,4,forte
validation,V0180.jpg,test,T0262.jpg,4,forte
validation,V0180.jpg,test,T0316.jpg,4,forte
validation,V0180.jpg,test,T0336.jpg,4,forte
validation,V0180.jpg,test,T0365.jpg,4,forte
validation,V0180.jpg,test,T0382.jpg,4,forte
validation,V0181.jpg,test,T0198.jpg,4,forte
validation,V0182.jpg,test,T0017.jpg,4,forte
validation,V0182.jpg,test,T0041.jpg,4,forte
validation,V0182.jpg,test,T0109.jpg,4,forte
validation,V0182.jpg,test,T0167.jpg,4,forte
validation,V0182.jpg,test,T0363.jpg,4,forte
validation,V0187.jpg,test,T0265.jpg,4,forte
validation,V0187.jpg,test,T0377.jpg,4,forte
validation,V0188.jpg,test,T0010.jpg,4,forte
validation,V0188.jpg,test,T0110.jpg,4,forte
validation,V0188.jpg,test,T0117.jpg,4,forte
validation,V0189.jpg,test,T0016.jpg,4,forte
validation,V0190.jpg,test,T0185.jpg,4,forte
validation,V0192.jpg,test,T0133.jpg,4,forte
validation,V0192.jpg,test,T0165.jpg,4,forte
validation,V0192.jpg,test,T0218.jpg,4,forte
validation,V0192.jpg,test,T0291.jpg,4,forte
validation,V0192.jpg,test,T0321.jpg,4,forte
validation,V0192.jpg,test,T0362.jpg,4,forte
validation,V0194.jpg,test,T0153.jpg,4,forte
validation,V0195.jpg,test,T0247.jpg,4,forte
validation,V0196.jpg,test,T0042.jpg,4,forte
validation,V0196.jpg,test,T0046.jpg,4,forte
validation,V0196.jpg,test,T0294.jpg,4,forte
validation,V0197.jpg,test,T0092.jpg,4,forte
validation,V0197.jpg,test,T0187.jpg,4,forte
validation,V0197.jpg,test,T0260.jpg,4,forte
validation,V0197.jpg,test,T0361.jpg,4,forte
validation,V0203.jpg,test,T0058.jpg,4,forte
validation,V0203.jpg,test,T0072.jpg,4,forte
validation,V0203.jpg,test,T0073.jpg,4,forte
validation,V0203.jpg,test,T0101.jpg,4,forte
validation,V0203.jpg,test,T0111.jpg,4,forte
validation,V0203.jpg,test,T0114.jpg,4,forte
validation,V0203.jpg,test,T0136.jpg,4,forte
validation,V0203.jpg,test,T0141.jpg,4,forte
validation,V0203.jpg,test,T0168.jpg,4,forte
validation,V0203.jpg,test,T0231.jpg,4,forte
validation,V0203.jpg,test,T0254.jpg,4,forte
validation,V0203.jpg,test,T0278.jpg,4,forte
validation,V0203.jpg,test,T0294.jpg,4,forte
validation,V0203.jpg,test,T0311.jpg,4,forte
validation,V0203.jpg,test,T0334.jpg,4,forte
validation,V0203.jpg,test,T0377.jpg,4,forte
validation,V0203.jpg,test,T0399.jpg,4,forte
validation,V0206.jpg,test,T0075.jpg,4,forte
validation,V0206.jpg,test,T0109.jpg,4,forte
validation,V0206.jpg,test,T0134.jpg,4,forte
validation,V0207.jpg,test,T0010.jpg,4,forte
validation,V0207.jpg,test,T0023.jpg,4,forte
validation,V0207.jpg,test,T0120.jpg,4,forte
validation,V0207.jpg,test,T0145.jpg,4,forte
validation,V0207.jpg,test,T0203.jpg,4,forte
validation,V0207.jpg,test,T0331.jpg,4,forte
validation,V0208.jpg,test,T0021.jpg,4,forte
validation,V0208.jpg,test,T0075.jpg,4,forte
validation,V0208.jpg,test,T0125.jpg,4,forte
validation,V0208.jpg,test,T0336.jpg,4,forte
validation,V0208.jpg,test,T0382.jpg,4,forte
validation,V0209.jpg,test,T0058.jpg,4,forte
validation,V0209.jpg,test,T0072.jpg,4,forte
validation,V0209.jpg,test,T0114.jpg,4,forte
validation,V0209.jpg,test,T0130.jpg,4,forte
validation,V0209.jpg,test,T0231.jpg,4,forte
validation,V0209.jpg,test,T0311.jpg,4,forte
validation,V0212.jpg,test,T0023.jpg,4,forte
validation,V0212.jpg,test,T0118.jpg,4,forte
validation,V0212.jpg,test,T0125.jpg,4,forte
validation,V0212.jpg,test,T0154.jpg,4,forte
validation,V0214.jpg,test,T0017.jpg,4,forte
validation,V0214.jpg,test,T0068.jpg,4,forte
validation,V0214.jpg,test,T0075.jpg,4,forte
validation,V0214.jpg,test,T0109.jpg,4,forte
validation,V0214.jpg,test,T0121.jpg,4,forte
validation,V0214.jpg,test,T0134.jpg,4,forte
validation,V0214.jpg,test,T0167.jpg,4,forte
validation,V0214.jpg,test,T0232.jpg,4,forte
validation,V0214.jpg,test,T0259.jpg,4,forte
validation,V0214.jpg,test,T0287.jpg,4,forte
validation,V0214.jpg,test,T0363.jpg,4,forte
validation,V0217.jpg,test,T0047.jpg,4,forte
validation,V0219.jpg,test,T0132.jpg,4,forte
validation,V0220.jpg,test,T0010.jpg,4,forte
validation,V0220.jpg,test,T0023.jpg,4,forte
validation,V0220.jpg,test,T0058.jpg,4,forte
validation,V0220.jpg,test,T0254.jpg,4,forte
validation,V0220.jpg,test,T0331.jpg,4,forte
validation,V0221.jpg,test,T0292.jpg,4,forte
validation,V0223.jpg,test,T0215.jpg,4,forte
validation,V0228.jpg,test,T0006.jpg,4,forte
validation,V0229.jpg,test,T0124.jpg,4,forte
validation,V0229.jpg,test,T0208.jpg,4,forte
validation,V0230.jpg,test,T0017.jpg,4,forte
validation,V0230.jpg,test,T0021.jpg,4,forte
validation,V0230.jpg,test,T0109.jpg,4,forte
validation,V0230.jpg,test,T0134.jpg,4,forte
validation,V0230.jpg,test,T0154.jpg,4,forte
validation,V0230.jpg,test,T0169.jpg,4,forte
validation,V0230.jpg,test,T0236.jpg,4,forte
validation,V0230.jpg,test,T0260.jpg,4,forte
validation,V0230.jpg,test,T0262.jpg,4,forte
validation,V0230.jpg,test,T0316.jpg,4,forte
validation,V0230.jpg,test,T0390.jpg,4,forte
validation,V0230.jpg,test,T0392.jpg,4,forte
validation,V0230.jpg,test,T0393.jpg,4,forte
validation,V0231.jpg,test,T0077.jpg,4,forte
validation,V0231.jpg,test,T0220.jpg,4,forte
validation,V0231.jpg,test,T0286.jpg,4,forte
validation,V0231.jpg,test,T0293.jpg,4,forte
validation,V0231.jpg,test,T0361.jpg,4,forte
validation,V0231.jpg,test,T0393.jpg,4,forte
validation,V0232.jpg,test,T0302.jpg,4,forte
validation,V0233.jpg,test,T0247.jpg,4,forte
validation,V0237.jpg,test,T0044.jpg,4,forte
validation,V0237.jpg,test,T0072.jpg,4,forte
validation,V0238.jpg,test,T0156.jpg,4,forte
validation,V0238.jpg,test,T0262.jpg,4,forte
validation,V0238.jpg,test,T0337.jpg,4,forte
validation,V0245.jpg,test,T0047.jpg,4,forte
validation,V0246.jpg,test,T0167.jpg,4,forte
validation,V0246.jpg,test,T0259.jpg,4,forte
validation,V0246.jpg,test,T0394.jpg,4,forte
validation,V0248.jpg,test,T0014.jpg,4,forte
validation,V0248.jpg,test,T0017.jpg,4,forte
validation,V0248.jpg,test,T0029.jpg,4,forte
validation,V0248.jpg,test,T0068.jpg,4,forte
validation,V0248.jpg,test,T0267.jpg,4,forte
validation,V0248.jpg,test,T0363.jpg,4,forte
validation,V0249.jpg,test,T0310.jpg,4,forte
validation,V0250.jpg,test,T0075.jpg,4,forte
validation,V0250.jpg,test,T0125.jpg,4,forte
validation,V0250.jpg,test,T0154.jpg,4,forte
validation,V0250.jpg,test,T0260.jpg,4,forte
validation,V0250.jpg,test,T0336.jpg,4,forte
validation,V0250.jpg,test,T0382.jpg,4,forte
validation,V0250.jpg,test,T0390.jpg,4,forte
validation,V0250.jpg,test,T0393.jpg,4,forte
validation,V0252.jpg,test,T0005.jpg,4,forte
validation,V0252.jpg,test,T0113.jpg,4,forte
validation,V0252.jpg,test,T0142.jpg,4,forte
validation,V0252.jpg,test,T0153.jpg,4,forte
validation,V0252.jpg,test,T0221.jpg,4,forte
validation,V0253.jpg,test,T0319.jpg,4,forte
validation,V0254.jpg,test,T0134.jpg,4,forte
validation,V0254.jpg,test,T0382.jpg,4,forte
validation,V0257.jpg,test,T0110.jpg,4,forte
validation,V0258.jpg,test,T0010.jpg,4,forte
validation,V0258.jpg,test,T0023.jpg,4,forte
validation,V0259.jpg,test,T0044.jpg,4,forte
validation,V0259.jpg,test,T0088.jpg,4,forte
validation,V0259.jpg,test,T0225.jpg,4,forte
validation,V0260.jpg,test,T0101.jpg,4,forte
validation,V0260.jpg,test,T0120.jpg,4,forte
validation,V0260.jpg,test,T0318.jpg,4,forte
validation,V0260.jpg,test,T0331.jpg,4,forte
validation,V0260.jpg,test,T0377.jpg,4,forte
validation,V0262.jpg,test,T0006.jpg,4,forte
validation,V0262.jpg,test,T0233.jpg,4,forte
validation,V0263.jpg,test,T0262.jpg,4,forte
validation,V0265.jpg,test,T0076.jpg,4,forte
validation,V0265.jpg,test,T0077.jpg,4,forte
validation,V0265.jpg,test,T0109.jpg,4,forte
validation,V0265.jpg,test,T0118.jpg,4,forte
validation,V0265.jpg,test,T0125.jpg,4,forte
validation,V0265.jpg,test,T0134.jpg,4,forte
validation,V0265.jpg,test,T0169.jpg,4,forte
validation,V0265.jpg,test,T0316.jpg,4,forte
validation,V0265.jpg,test,T0325.jpg,4,forte
validation,V0265.jpg,test,T0336.jpg,4,forte
validation,V0265.jpg,test,T0392.jpg,4,forte
validation,V0266.jpg,test,T0010.jpg,4,forte
validation,V0266.jpg,test,T0110.jpg,4,forte
validation,V0266.jpg,test,T0318.jpg,4,forte
validation,V0269.jpg,test,T0278.jpg,4,forte
validation,V0270.jpg,test,T0068.jpg,4,forte
validation,V0270.jpg,test,T0306.jpg,4,forte
validation,V0272.jpg,test,T0047.jpg,4,forte
validation,V0275.jpg,test,T0072.jpg,4,forte
validation,V0275.jpg,test,T0197.jpg,4,forte
validation,V0276.jpg,test,T0314.jpg,4,forte
validation,V0279.jpg,test,T0006.jpg,4,forte
validation,V0279.jpg,test,T0236.jpg,4,forte
validation,V0280.jpg,test,T0008.jpg,4,forte
validation,V0280.jpg,test,T0042.jpg,4,forte
validation,V0280.jpg,test,T0120.jpg,4,forte
validation,V0280.jpg,test,T0122.jpg,4,forte
validation,V0280.jpg,test,T0223.jpg,4,forte
validation,V0280.jpg,test,T0331.jpg,4,forte
validation,V0280.jpg,test,T0400.jpg,4,forte
validation,V0281.jpg,test,T0021.jpg,4,forte
validation,V0281.jpg,test,T0075.jpg,4,forte
validation,V0281.jpg,test,T0107.jpg,4,forte
validation,V0281.jpg,test,T0125.jpg,4,forte
validation,V0281.jpg,test,T0134.jpg,4,forte
validation,V0281.jpg,test,T0154.jpg,4,forte
validation,V0281.jpg,test,T0260.jpg,4,forte
validation,V0281.jpg,test,T0313.jpg,4,forte
validation,V0281.jpg,test,T0365.jpg,4,forte
validation,V0282.jpg,test,T0168.jpg,4,forte
validation,V0282.jpg,test,T0219.jpg,4,forte
validation,V0283.jpg,test,T0284.jpg,4,forte
validation,V0284.jpg,test,T0192.jpg,4,forte
validation,V0287.jpg,test,T0047.jpg,4,forte
validation,V0287.jpg,test,T0218.jpg,4,forte
validation,V0289.jpg,test,T0379.jpg,4,forte
validation,V0291.jpg,test,T0043.jpg,4,forte
validation,V0291.jpg,test,T0158.jpg,4,forte
validation,V0291.jpg,test,T0159.jpg,4,forte
validation,V0291.jpg,test,T0191.jpg,4,forte
validation,V0291.jpg,test,T0355.jpg,4,forte
validation,V0291.jpg,test,T0380.jpg,4,forte
validation,V0295.jpg,test,T0017.jpg,4,forte
validation,V0295.jpg,test,T0053.jpg,4,forte
validation,V0295.jpg,test,T0075.jpg,4,forte
validation,V0295.jpg,test,T0109.jpg,4,forte
validation,V0295.jpg,test,T0134.jpg,4,forte
validation,V0295.jpg,test,T0262.jpg,4,forte
validation,V0295.jpg,test,T0382.jpg,4,forte
validation,V0297.jpg,test,T0354.jpg,4,forte
validation,V0300.jpg,test,T0149.jpg,4,forte
validation,V0301.jpg,test,T0058.jpg,4,forte
validation,V0301.jpg,test,T0099.jpg,4,forte
validation,V0301.jpg,test,T0214.jpg,4,forte
validation,V0302.jpg,test,T0062.jpg,4,forte
validation,V0303.jpg,test,T0063.jpg,4,forte
validation,V0305.jpg,test,T0339.jpg,4,forte
validation,V0306.jpg,test,T0010.jpg,4,forte
validation,V0306.jpg,test,T0117.jpg,4,forte
validation,V0306.jpg,test,T0145.jpg,4,forte
validation,V0306.jpg,test,T0168.jpg,4,forte
validation,V0306.jpg,test,T0225.jpg,4,forte
validation,V0308.jpg,test,T0133.jpg,4,forte
validation,V0308.jpg,test,T0165.jpg,4,forte
validation,V0309.jpg,test,T0302.jpg,4,forte
validation,V0310.jpg,test,T0210.jpg,4,forte
validation,V0313.jpg,test,T0001.jpg,4,forte
validation,V0313.jpg,test,T0187.jpg,4,forte
validation,V0313.jpg,test,T0201.jpg,4,forte
validation,V0313.jpg,test,T0329.jpg,4,forte
validation,V0313.jpg,test,T0390.jpg,4,forte
validation,V0314.jpg,test,T0041.jpg,4,forte
validation,V0314.jpg,test,T0279.jpg,4,forte
validation,V0314.jpg,test,T0363.jpg,4,forte
validation,V0318.jpg,test,T0127.jpg,4,forte
validation,V0321.jpg,test,T0018.jpg,4,forte
validation,V0321.jpg,test,T0115.jpg,4,forte
validation,V0324.jpg,test,T0076.jpg,4,forte
validation,V0324.jpg,test,T0077.jpg,4,forte
validation,V0324.jpg,test,T0115.jpg,4,forte
validation,V0324.jpg,test,T0118.jpg,4,forte
validation,V0324.jpg,test,T0313.jpg,4,forte
validation,V0328.jpg,test,T0315.jpg,4,forte
validation,V0330.jpg,test,T0223.jpg,4,forte
validation,V0330.jpg,test,T0254.jpg,4,forte
validation,V0330.jpg,test,T0294.jpg,4,forte
validation,V0330.jpg,test,T0331.jpg,4,forte
validation,V0330.jpg,test,T0343.jpg,4,forte
validation,V0331.jpg,test,T0001.jpg,4,forte
validation,V0331.jpg,test,T0020.jpg,4,forte
validation,V0331.jpg,test,T0361.jpg,4,forte
validation,V0331.jpg,test,T0378.jpg,4,forte
validation,V0331.jpg,test,T0390.jpg,4,forte
validation,V0331.jpg,test,T0393.jpg,4,forte
validation,V0335.jpg,test,T0024.jpg,4,forte
validation,V0335.jpg,test,T0220.jpg,4,forte
validation,V0335.jpg,test,T0293.jpg,4,forte
validation,V0335.jpg,test,T0329.jpg,4,forte
validation,V0335.jpg,test,T0378.jpg,4,forte
validation,V0335.jpg,test,T0393.jpg,4,forte
validation,V0336.jpg,test,T0067.jpg,4,forte
validation,V0337.jpg,test,T0016.jpg,4,forte
validation,V0337.jpg,test,T0017.jpg,4,forte
validation,V0337.jpg,test,T0048.jpg,4,forte
validation,V0337.jpg,test,T0053.jpg,4,forte
validation,V0337.jpg,test,T0063.jpg,4,forte
validation,V0337.jpg,test,T0075.jpg,4,forte
validation,V0337.jpg,test,T0078.jpg,4,forte
validation,V0337.jpg,test,T0121.jpg,4,forte
validation,V0337.jpg,test,T0167.jpg,4,forte
validation,V0337.jpg,test,T0259.jpg,4,forte
validation,V0337.jpg,test,T0287.jpg,4,forte
validation,V0339.jpg,test,T0111.jpg,4,forte
validation,V0339.jpg,test,T0171.jpg,4,forte
validation,V0339.jpg,test,T0299.jpg,4,forte
validation,V0343.jpg,test,T0135.jpg,4,forte
validation,V0343.jpg,test,T0167.jpg,4,forte
validation,V0343.jpg,test,T0262.jpg,4,forte
validation,V0345.jpg,test,T0154.jpg,4,forte
validation,V0345.jpg,test,T0260.jpg,4,forte
validation,V0345.jpg,test,T0361.jpg,4,forte
validation,V0346.jpg,test,T0075.jpg,4,forte
validation,V0346.jpg,test,T0219.jpg,4,forte
validation,V0346.jpg,test,T0312.jpg,4,forte
validation,V0346.jpg,test,T0363.jpg,4,forte
validation,V0346.jpg,test,T0393.jpg,4,forte
validation,V0348.jpg,test,T0076.jpg,4,forte
validation,V0348.jpg,test,T0077.jpg,4,forte
validation,V0348.jpg,test,T0118.jpg,4,forte
validation,V0348.jpg,test,T0169.jpg,4,forte
validation,V0348.jpg,test,T0313.jpg,4,forte
validation,V0348.jpg,test,T0325.jpg,4,forte
validation,V0348.jpg,test,T0337.jpg,4,forte
validation,V0348.jpg,test,T0365.jpg,4,forte
validation,V0350.jpg,test,T0032.jpg,4,forte
validation,V0350.jpg,test,T0101.jpg,4,forte
validation,V0350.jpg,test,T0130.jpg,4,forte
validation,V0350.jpg,test,T0139.jpg,4,forte
validation,V0350.jpg,test,T0141.jpg,4,forte
validation,V0350.jpg,test,T0254.jpg,4,forte
validation,V0350.jpg,test,T0289.jpg,4,forte
validation,V0350.jpg,test,T0311.jpg,4,forte
validation,V0350.jpg,test,T0377.jpg,4,forte
validation,V0351.jpg,test,T0053.jpg,4,forte
validation,V0351.jpg,test,T0075.jpg,4,forte
validation,V0351.jpg,test,T0109.jpg,4,forte
validation,V0351.jpg,test,T0134.jpg,4,forte
validation,V0351.jpg,test,T0167.jpg,4,forte
validation,V0351.jpg,test,T0262.jpg,4,forte
validation,V0352.jpg,test,T0040.jpg,4,forte
validation,V0352.jpg,test,T0367.jpg,4,forte
validation,V0354.jpg,test,T0117.jpg,4,forte
validation,V0354.jpg,test,T0300.jpg,4,forte
validation,V0355.jpg,test,T0045.jpg,4,forte
validation,V0355.jpg,test,T0317.jpg,4,forte
validation,V0357.jpg,test,T0312.jpg,4,forte
validation,V0357.jpg,test,T0340.jpg,4,forte
validation,V0361.jpg,test,T0230.jpg,4,forte
validation,V0361.jpg,test,T0310.jpg,4,forte
validation,V0362.jpg,test,T0236.jpg,4,forte
validation,V0362.jpg,test,T0262.jpg,4,forte
validation,V0364.jpg,test,T0117.jpg,4,forte
validation,V0364.jpg,test,T0122.jpg,4,forte
validation,V0364.jpg,test,T0294.jpg,4,forte
validation,V0364.jpg,test,T0298.jpg,4,forte
validation,V0365.jpg,test,T0214.jpg,4,forte
validation,V0367.jpg,test,T0029.jpg,4,forte
validation,V0367.jpg,test,T0068.jpg,4,forte
validation,V0367.jpg,test,T0078.jpg,4,forte
validation,V0367.jpg,test,T0121.jpg,4,forte
validation,V0367.jpg,test,T0167.jpg,4,forte
validation,V0367.jpg,test,T0182.jpg,4,forte
validation,V0367.jpg,test,T0259.jpg,4,forte
validation,V0367.jpg,test,T0267.jpg,4,forte
validation,V0367.jpg,test,T0279.jpg,4,forte
validation,V0370.jpg,test,T0088.jpg,4,forte
validation,V0370.jpg,test,T0171.jpg,4,forte
validation,V0370.jpg,test,T0196.jpg,4,forte
validation,V0370.jpg,test,T0220.jpg,4,forte
validation,V0370.jpg,test,T0293.jpg,4,forte
validation,V0370.jpg,test,T0378.jpg,4,forte
validation,V0370.jpg,test,T0393.jpg,4,forte
validation,V0373.jpg,test,T0365.jpg,4,forte
validation,V0379.jpg,test,T0092.jpg,4,forte
validation,V0379.jpg,test,T0187.jpg,4,forte
validation,V0379.jpg,test,T0190.jpg,4,forte
validation,V0379.jpg,test,T0191.jpg,4,forte
validation,V0380.jpg,test,T0271.jpg,4,forte
validation,V0381.jpg,test,T0068.jpg,4,forte
validation,V0383.jpg,test,T0005.jpg,4,forte
validation,V0383.jpg,test,T0058.jpg,4,forte
validation,V0383.jpg,test,T0114.jpg,4,forte
validation,V0383.jpg,test,T0231.jpg,4,forte
validation,V0384.jpg,test,T0187.jpg,4,forte
validation,V0384.jpg,test,T0390.jpg,4,forte
validation,V0387.jpg,test,T0329.jpg,4,forte
validation,V0391.jpg,test,T0005.jpg,4,forte
validation,V0391.jpg,test,T0058.jpg,4,forte
validation,V0391.jpg,test,T0113.jpg,4,forte
validation,V0392.jpg,test,T0016.jpg,4,forte
validation,V0392.jpg,test,T0048.jpg,4,forte
validation,V0392.jpg,test,T0063.jpg,4,forte
validation,V0392.jpg,test,T0095.jpg,4,forte
validation,V0392.jpg,test,T0287.jpg,4,forte
validation,V0392.jpg,test,T0336.jpg,4,forte
validation,V0392.jpg,test,T0363.jpg,4,forte
validation,V0392.jpg,test,T0389.jpg,4,forte
validation,V0393.jpg,test,T0017.jpg,4,forte
validation,V0393.jpg,test,T0021.jpg,4,forte
validation,V0393.jpg,test,T0053.jpg,4,forte
validation,V0393.jpg,test,T0125.jpg,4,forte
validation,V0393.jpg,test,T0167.jpg,4,forte
validation,V0393.jpg,test,T0169.jpg,4,forte
validation,V0393.jpg,test,T0251.jpg,4,forte
validation,V0393.jpg,test,T0336.jpg,4,forte
validation,V0393.jpg,test,T0382.jpg,4,forte
validation,V0393.jpg,test,T0392.jpg,4,forte
validation,V0394.jpg,test,T0199.jpg,4,forte
validation,V0394.jpg,test,T0339.jpg,4,forte
validation,V0395.jpg,test,T0033.jpg,4,forte
validation,V0395.jpg,test,T0050.jpg,4,forte
validation,V0395.jpg,test,T0075.jpg,4,forte
validation,V0395.jpg,test,T0076.jpg,4,forte
validation,V0395.jpg,test,T0109.jpg,4,forte
validation,V0395.jpg,test,T0118.jpg,4,forte
validation,V0395.jpg,test,T0125.jpg,4,forte
validation,V0395.jpg,test,T0169.jpg,4,forte
validation,V0395.jpg,test,T0260.jpg,4,forte
validation,V0395.jpg,test,T0262.jpg,4,forte
validation,V0395.jpg,test,T0307.jpg,4,forte
validation,V0395.jpg,test,T0313.jpg,4,forte
validation,V0395.jpg,test,T0325.jpg,4,forte
validation,V0395.jpg,test,T0336.jpg,4,forte
validation,V0395.jpg,test,T0392.jpg,4,forte
validation,V0395.jpg,test,T0393.jpg,4,forte
validation,V0397.jpg,test,T0017.jpg,4,forte
validation,V0397.jpg,test,T0212.jpg,4,forte
validation,V0397.jpg,test,T0306.jpg,4,forte
validation,V0397.jpg,test,T0363.jpg,4,forte
train,g0008.jpg,validation,V0308.jpg,6,revisar
train,g0008.jpg,test,T0079.jpg,6,revisar
train,g0008.jpg,test,T0362.jpg,6,revisar
train,g0010.jpg,validation,V0106.jpg,6,revisar
train,g0010.jpg,validation,V0196.jpg,6,revisar
train,g0010.jpg,validation,V0258.jpg,6,revisar
train,g0010.jpg,validation,V0357.jpg,6,revisar
train,g0010.jpg,test,T0217.jpg,6,revisar
train,g0010.jpg,test,T0223.jpg,6,revisar
train,g0010.jpg,test,T0310.jpg,6,revisar
train,g0011.jpg,test,T0358.jpg,6,revisar
train,g0022.jpg,test,T0010.jpg,6,revisar
train,g0022.jpg,test,T0117.jpg,6,revisar
train,g0022.jpg,test,T0122.jpg,6,revisar
train,g0028.jpg,validation,V0344.jpg,6,revisar
train,g0031.jpg,test,T0373.jpg,6,revisar
train,n0004.jpg,validation,V0128.jpg,6,revisar
train,n0014.jpg,test,T0320.jpg,6,revisar
train,n0015.jpg,validation,V0076.jpg,6,revisar
train,n0017.jpg,test,T0353.jpg,6,revisar
train,n0019.jpg,validation,V0076.jpg,6,revisar
train,n0028.jpg,test,T0373.jpg,6,revisar
train,n0035.jpg,validation,V0224.jpg,6,revisar
train,n0039.jpg,validation,V0076.jpg,6,revisar
train,n0041.jpg,validation,V0076.jpg,6,revisar
train,n0050.jpg,validation,V0224.jpg,6,revisar
train,n0056.jpg,validation,V0224.jpg,6,revisar
train,n0058.jpg,validation,V0224.jpg,6,revisar
train,n0059.jpg,validation,V0128.jpg,6,revisar
train,n0074.jpg,test,T0202.jpg,6,revisar
train,n0080.jpg,test,T0080.jpg,6,revisar
train,n0085.jpg,validation,V0128.jpg,6,revisar
train,n0090.jpg,validation,V0336.jpg,6,revisar
train,n0091.jpg,validation,V0128.jpg,6,revisar
train,n0091.jpg,validation,V0316.jpg,6,revisar
train,n0091.jpg,test,T0202.jpg,6,revisar
train,n0092.jpg,test,T0257.jpg,6,revisar
train,n0093.jpg,validation,V0106.jpg,6,revisar
train,n0093.jpg,validation,V0336.jpg,6,revisar
train,n0093.jpg,validation,V0342.jpg,6,revisar
train,n0093.jpg,validation,V0354.jpg,6,revisar
train,n0093.jpg,validation,V0364.jpg,6,revisar
train,n0093.jpg,test,T0117.jpg,6,revisar
train,n0093.jpg,test,T0300.jpg,6,revisar
train,n0093.jpg,test,T0331.jpg,6,revisar
train,n0096.jpg,validation,V0006.jpg,6,revisar
train,n0096.jpg,validation,V0227.jpg,6,revisar
train,n0098.jpg,validation,V0128.jpg,6,revisar
train,n0098.jpg,validation,V0241.jpg,6,revisar
train,n0098.jpg,validation,V0292.jpg,6,revisar
train,n0098.jpg,test,T0202.jpg,6,revisar
train,n0098.jpg,test,T0257.jpg,6,revisar
train,n0106.jpg,validation,V0006.jpg,6,revisar
train,n0106.jpg,test,T0122.jpg,6,revisar
train,n0107.jpg,validation,V0227.jpg,6,revisar
train,n0107.jpg,test,T0038.jpg,6,revisar
train,n0108.jpg,test,T0148.jpg,6,revisar
train,n0109.jpg,validation,V0022.jpg,6,revisar
train,n0113.jpg,validation,V0021.jpg,6,revisar
train,n0113.jpg,validation,V0044.jpg,6,revisar
train,n0113.jpg,validation,V0053.jpg,6,revisar
train,n0113.jpg,validation,V0098.jpg,6,revisar
train,n0113.jpg,validation,V0145.jpg,6,revisar
train,n0113.jpg,validation,V0207.jpg,6,revisar
train,n0113.jpg,validation,V0280.jpg,6,revisar
train,n0113.jpg,validation,V0330.jpg,6,revisar
train,n0113.jpg,test,T0010.jpg,6,revisar
train,n0113.jpg,test,T0046.jpg,6,revisar
train,n0113.jpg,test,T0219.jpg,6,revisar
train,n0113.jpg,test,T0223.jpg,6,revisar
train,n0113.jpg,test,T0312.jpg,6,revisar
train,n0113.jpg,test,T0331.jpg,6,revisar
train,n0114.jpg,validation,V0329.jpg,6,revisar
train,n0114.jpg,validation,V0336.jpg,6,revisar
train,n0114.jpg,validation,V0354.jpg,6,revisar
train,n0114.jpg,validation,V0364.jpg,6,revisar
train,n0114.jpg,test,T0117.jpg,6,revisar
train,n0115.jpg,test,T0148.jpg,6,revisar
train,n0116.jpg,validation,V0336.jpg,6,revisar
train,n0116.jpg,validation,V0354.jpg,6,revisar
train,n0116.jpg,validation,V0364.jpg,6,revisar
train,n0116.jpg,test,T0117.jpg,6,revisar
train,n0120.jpg,validation,V0354.jpg,6,revisar
train,n0120.jpg,validation,V0364.jpg,6,revisar
train,n0120.jpg,test,T0117.jpg,6,revisar
train,n0123.jpg,validation,V0244.jpg,6,revisar
train,n0128.jpg,validation,V0354.jpg,6,revisar
train,n0128.jpg,validation,V0364.jpg,6,revisar
train,n0128.jpg,test,T0117.jpg,6,revisar
train,n0133.jpg,validation,V0364.jpg,6,revisar
train,n0133.jpg,test,T0117.jpg,6,revisar
train,n0133.jpg,test,T0122.jpg,6,revisar
train,n0144.jpg,validation,V0224.jpg,6,revisar
train,n0152.jpg,validation,V0224.jpg,6,revisar
train,n0161.jpg,validation,V0058.jpg,6,revisar
train,n0161.jpg,test,T0353.jpg,6,revisar
train,n0169.jpg,validation,V0316.jpg,6,revisar
train,n0170.jpg,test,T0257.jpg,6,revisar
train,n0173.jpg,validation,V0128.jpg,6,revisar
train,n0177.jpg,validation,V0224.jpg,6,revisar
train,n0184.jpg,test,T0122.jpg,6,revisar
train,n0185.jpg,test,T0122.jpg,6,revisar
train,n0186.jpg,test,T0320.jpg,6,revisar
train,n0199.jpg,validation,V0224.jpg,6,revisar
train,n0203.jpg,validation,V0224.jpg,6,revisar
train,n0210.jpg,validation,V0106.jpg,6,revisar
train,n0210.jpg,validation,V0196.jpg,6,revisar
train,n0210.jpg,validation,V0329.jpg,6,revisar
train,n0210.jpg,validation,V0342.jpg,6,revisar
train,n0210.jpg,validation,V0354.jpg,6,revisar
train,n0210.jpg,validation,V0357.jpg,6,revisar
train,n0210.jpg,validation,V0364.jpg,6,revisar
train,n0210.jpg,test,T0067.jpg,6,revisar
train,n0210.jpg,test,T0117.jpg,6,revisar
train,n0213.jpg,test,T0310.jpg,6,revisar
train,n0221.jpg,validation,V0316.jpg,6,revisar
train,n0222.jpg,validation,V0076.jpg,6,revisar
train,n0222.jpg,validation,V0128.jpg,6,revisar
train,n0224.jpg,test,T0257.jpg,6,revisar
train,n0225.jpg,validation,V0128.jpg,6,revisar
train,n0228.jpg,validation,V0224.jpg,6,revisar
train,n0234.jpg,test,T0381.jpg,6,revisar
train,n0256.jpg,test,T0202.jpg,6,revisar
train,n0257.jpg,validation,V0106.jpg,6,revisar
train,n0257.jpg,validation,V0196.jpg,6,revisar
train,n0257.jpg,validation,V0329.jpg,6,revisar
train,n0257.jpg,validation,V0342.jpg,6,revisar
train,n0257.jpg,validation,V0354.jpg,6,revisar
train,n0257.jpg,validation,V0357.jpg,6,revisar
train,n0257.jpg,validation,V0364.jpg,6,revisar
train,n0257.jpg,test,T0067.jpg,6,revisar
train,n0257.jpg,test,T0117.jpg,6,revisar
train,n0261.jpg,validation,V0224.jpg,6,revisar
train,n0262.jpg,validation,V0336.jpg,6,revisar
train,n0264.jpg,validation,V0006.jpg,6,revisar
train,n0266.jpg,test,T0381.jpg,6,revisar
train,n0272.jpg,validation,V0022.jpg,6,revisar
train,n0272.jpg,test,T0257.jpg,6,revisar
train,n0283.jpg,test,T0339.jpg,6,revisar
train,n0297.jpg,validation,V0316.jpg,6,revisar
train,n0300.jpg,validation,V0224.jpg,6,revisar
train,n0303.jpg,test,T0122.jpg,6,revisar
train,n0305.jpg,test,T0248.jpg,6,revisar
train,n0308.jpg,validation,V0224.jpg,6,revisar
train,n0315.jpg,validation,V0224.jpg,6,revisar
train,n0316.jpg,validation,V0022.jpg,6,revisar
train,n0318.jpg,validation,V0400.jpg,6,revisar
train,n0335.jpg,validation,V0316.jpg,6,revisar
train,n0340.jpg,validation,V0224.jpg,6,revisar
train,n0341.jpg,validation,V0049.jpg,6,revisar
train,n0345.jpg,validation,V0022.jpg,6,revisar
train,n0354.jpg,validation,V0022.jpg,6,revisar
train,n0354.jpg,validation,V0224.jpg,6,revisar
train,n0354.jpg,validation,V0344.jpg,6,revisar
validation,V0001.jpg,test,T0056.jpg,6,revisar
validation,V0001.jpg,test,T0247.jpg,6,revisar
validation,V0001.jpg,test,T0292.jpg,6,revisar
validation,V0001.jpg,test,T0315.jpg,6,revisar
validation,V0002.jpg,test,T0021.jpg,6,revisar
validation,V0002.jpg,test,T0035.jpg,6,revisar
validation,V0002.jpg,test,T0041.jpg,6,revisar
validation,V0002.jpg,test,T0048.jpg,6,revisar
validation,V0002.jpg,test,T0052.jpg,6,revisar
validation,V0002.jpg,test,T0068.jpg,6,revisar
validation,V0002.jpg,test,T0095.jpg,6,revisar
validation,V0002.jpg,test,T0121.jpg,6,revisar
validation,V0002.jpg,test,T0125.jpg,6,revisar
validation,V0002.jpg,test,T0167.jpg,6,revisar
validation,V0002.jpg,test,T0169.jpg,6,revisar
validation,V0002.jpg,test,T0232.jpg,6,revisar
validation,V0002.jpg,test,T0251.jpg,6,revisar
validation,V0002.jpg,test,T0259.jpg,6,revisar
validation,V0002.jpg,test,T0262.jpg,6,revisar
validation,V0002.jpg,test,T0279.jpg,6,revisar
validation,V0002.jpg,test,T0287.jpg,6,revisar
validation,V0002.jpg,test,T0336.jpg,6,revisar
validation,V0002.jpg,test,T0338.jpg,6,revisar
validation,V0002.jpg,test,T0382.jpg,6,revisar
validation,V0002.jpg,test,T0392.jpg,6,revisar
validation,V0003.jpg,test,T0143.jpg,6,revisar
validation,V0003.jpg,test,T0150.jpg,6,revisar
validation,V0003.jpg,test,T0291.jpg,6,revisar
validation,V0003.jpg,test,T0379.jpg,6,revisar
validation,V0004.jpg,test,T0076.jpg,6,revisar
validation,V0004.jpg,test,T0077.jpg,6,revisar
validation,V0004.jpg,test,T0082.jpg,6,revisar
validation,V0004.jpg,test,T0239.jpg,6,revisar
validation,V0004.jpg,test,T0262.jpg,6,revisar
validation,V0004.jpg,test,T0292.jpg,6,revisar
validation,V0004.jpg,test,T0307.jpg,6,revisar
validation,V0004.jpg,test,T0316.jpg,6,revisar
validation,V0004.jpg,test,T0317.jpg,6,revisar
validation,V0004.jpg,test,T0325.jpg,6,revisar
validation,V0004.jpg,test,T0336.jpg,6,revisar
validation,V0004.jpg,test,T0382.jpg,6,revisar
validation,V0005.jpg,test,T0021.jpg,6,revisar
validation,V0005.jpg,test,T0068.jpg,6,revisar
validation,V0005.jpg,test,T0078.jpg,6,revisar
validation,V0005.jpg,test,T0109.jpg,6,revisar
validation,V0005.jpg,test,T0121.jpg,6,revisar
validation,V0005.jpg,test,T0125.jpg,6,revisar
validation,V0005.jpg,test,T0134.jpg,6,revisar
validation,V0005.jpg,test,T0167.jpg,6,revisar
validation,V0005.jpg,test,T0232.jpg,6,revisar
validation,V0005.jpg,test,T0306.jpg,6,revisar
validation,V0005.jpg,test,T0336.jpg,6,revisar
validation,V0005.jpg,test,T0363.jpg,6,revisar
validation,V0006.jpg,test,T0347.jpg,6,revisar
validation,V0007.jpg,test,T0002.jpg,6,revisar
validation,V0007.jpg,test,T0077.jpg,6,revisar
validation,V0007.jpg,test,T0115.jpg,6,revisar
validation,V0007.jpg,test,T0118.jpg,6,revisar
validation,V0007.jpg,test,T0125.jpg,6,revisar
validation,V0007.jpg,test,T0154.jpg,6,revisar
validation,V0007.jpg,test,T0156.jpg,6,revisar
validation,V0007.jpg,test,T0169.jpg,6,revisar
validation,V0007.jpg,test,T0171.jpg,6,revisar
validation,V0007.jpg,test,T0197.jpg,6,revisar
validation,V0007.jpg,test,T0224.jpg,6,revisar
validation,V0007.jpg,test,T0299.jpg,6,revisar
validation,V0007.jpg,test,T0314.jpg,6,revisar
validation,V0007.jpg,test,T0317.jpg,6,revisar
validation,V0007.jpg,test,T0337.jpg,6,revisar
validation,V0007.jpg,test,T0338.jpg,6,revisar
validation,V0007.jpg,test,T0392.jpg,6,revisar
validation,V0008.jpg,test,T0221.jpg,6,revisar
validation,V0009.jpg,test,T0205.jpg,6,revisar
validation,V0010.jpg,test,T0005.jpg,6,revisar
validation,V0010.jpg,test,T0008.jpg,6,revisar
validation,V0010.jpg,test,T0023.jpg,6,revisar
validation,V0010.jpg,test,T0054.jpg,6,revisar
validation,V0010.jpg,test,T0085.jpg,6,revisar
validation,V0010.jpg,test,T0099.jpg,6,revisar
validation,V0010.jpg,test,T0101.jpg,6,revisar
validation,V0010.jpg,test,T0103.jpg,6,revisar
validation,V0010.jpg,test,T0113.jpg,6,revisar
validation,V0010.jpg,test,T0120.jpg,6,revisar
validation,V0010.jpg,test,T0142.jpg,6,revisar
validation,V0010.jpg,test,T0188.jpg,6,revisar
validation,V0010.jpg,test,T0214.jpg,6,revisar
validation,V0010.jpg,test,T0221.jpg,6,revisar
validation,V0010.jpg,test,T0254.jpg,6,revisar
validation,V0010.jpg,test,T0315.jpg,6,revisar
validation,V0010.jpg,test,T0318.jpg,6,revisar
validation,V0010.jpg,test,T0340.jpg,6,revisar
validation,V0010.jpg,test,T0400.jpg,6,revisar
validation,V0011.jpg,test,T0004.jpg,6,revisar
validation,V0011.jpg,test,T0029.jpg,6,revisar
validation,V0011.jpg,test,T0033.jpg,6,revisar
validation,V0011.jpg,test,T0041.jpg,6,revisar
validation,V0011.jpg,test,T0050.jpg,6,revisar
validation,V0011.jpg,test,T0052.jpg,6,revisar
validation,V0011.jpg,test,T0076.jpg,6,revisar
validation,V0011.jpg,test,T0077.jpg,6,revisar
validation,V0011.jpg,test,T0095.jpg,6,revisar
validation,V0011.jpg,test,T0154.jpg,6,revisar
validation,V0011.jpg,test,T0167.jpg,6,revisar
validation,V0011.jpg,test,T0206.jpg,6,revisar
validation,V0011.jpg,test,T0233.jpg,6,revisar
validation,V0011.jpg,test,T0236.jpg,6,revisar
validation,V0011.jpg,test,T0260.jpg,6,revisar
validation,V0011.jpg,test,T0267.jpg,6,revisar
validation,V0011.jpg,test,T0307.jpg,6,revisar
validation,V0011.jpg,test,T0313.jpg,6,revisar
validation,V0011.jpg,test,T0325.jpg,6,revisar
validation,V0011.jpg,test,T0337.jpg,6,revisar
validation,V0011.jpg,test,T0363.jpg,6,revisar
validation,V0011.jpg,test,T0393.jpg,6,revisar
validation,V0012.jpg,test,T0224.jpg,6,revisar
validation,V0012.jpg,test,T0317.jpg,6,revisar
validation,V0012.jpg,test,T0354.jpg,6,revisar
validation,V0013.jpg,test,T0339.jpg,6,revisar
validation,V0015.jpg,test,T0024.jpg,6,revisar
validation,V0015.jpg,test,T0028.jpg,6,revisar
validation,V0015.jpg,test,T0034.jpg,6,revisar
validation,V0015.jpg,test,T0064.jpg,6,revisar
validation,V0015.jpg,test,T0077.jpg,6,revisar
validation,V0015.jpg,test,T0082.jpg,6,revisar
validation,V0015.jpg,test,T0115.jpg,6,revisar
validation,V0015.jpg,test,T0156.jpg,6,revisar
validation,V0015.jpg,test,T0158.jpg,6,revisar
validation,V0015.jpg,test,T0159.jpg,6,revisar
validation,V0015.jpg,test,T0178.jpg,6,revisar
validation,V0015.jpg,test,T0184.jpg,6,revisar
validation,V0015.jpg,test,T0187.jpg,6,revisar
validation,V0015.jpg,test,T0191.jpg,6,revisar
validation,V0015.jpg,test,T0220.jpg,6,revisar
validation,V0015.jpg,test,T0269.jpg,6,revisar
validation,V0015.jpg,test,T0293.jpg,6,revisar
validation,V0015.jpg,test,T0325.jpg,6,revisar
validation,V0015.jpg,test,T0329.jpg,6,revisar
validation,V0015.jpg,test,T0355.jpg,6,revisar
validation,V0015.jpg,test,T0361.jpg,6,revisar
validation,V0015.jpg,test,T0374.jpg,6,revisar
validation,V0015.jpg,test,T0377.jpg,6,revisar
validation,V0015.jpg,test,T0382.jpg,6,revisar
validation,V0015.jpg,test,T0393.jpg,6,revisar
validation,V0016.jpg,test,T0083.jpg,6,revisar
validation,V0016.jpg,test,T0143.jpg,6,revisar
validation,V0016.jpg,test,T0208.jpg,6,revisar
validation,V0016.jpg,test,T0238.jpg,6,revisar
validation,V0016.jpg,test,T0296.jpg,6,revisar
validation,V0016.jpg,test,T0303.jpg,6,revisar
validation,V0016.jpg,test,T0321.jpg,6,revisar
validation,V0016.jpg,test,T0379.jpg,6,revisar
validation,V0018.jpg,test,T0021.jpg,6,revisar
validation,V0018.jpg,test,T0077.jpg,6,revisar
validation,V0018.jpg,test,T0095.jpg,6,revisar
validation,V0018.jpg,test,T0118.jpg,6,revisar
validation,V0018.jpg,test,T0125.jpg,6,revisar
validation,V0018.jpg,test,T0134.jpg,6,revisar
validation,V0018.jpg,test,T0145.jpg,6,revisar
validation,V0018.jpg,test,T0154.jpg,6,revisar
validation,V0018.jpg,test,T0191.jpg,6,revisar
validation,V0018.jpg,test,T0220.jpg,6,revisar
validation,V0018.jpg,test,T0260.jpg,6,revisar
validation,V0018.jpg,test,T0286.jpg,6,revisar
validation,V0018.jpg,test,T0293.jpg,6,revisar
validation,V0018.jpg,test,T0319.jpg,6,revisar
validation,V0018.jpg,test,T0325.jpg,6,revisar
validation,V0018.jpg,test,T0337.jpg,6,revisar
validation,V0018.jpg,test,T0350.jpg,6,revisar
validation,V0018.jpg,test,T0361.jpg,6,revisar
validation,V0018.jpg,test,T0378.jpg,6,revisar
validation,V0018.jpg,test,T0382.jpg,6,revisar
validation,V0018.jpg,test,T0392.jpg,6,revisar
validation,V0019.jpg,test,T0332.jpg,6,revisar
validation,V0019.jpg,test,T0351.jpg,6,revisar
validation,V0020.jpg,test,T0048.jpg,6,revisar
validation,V0020.jpg,test,T0078.jpg,6,revisar
validation,V0020.jpg,test,T0279.jpg,6,revisar
validation,V0020.jpg,test,T0363.jpg,6,revisar
validation,V0021.jpg,test,T0005.jpg,6,revisar
validation,V0021.jpg,test,T0023.jpg,6,revisar
validation,V0021.jpg,test,T0042.jpg,6,revisar
validation,V0021.jpg,test,T0117.jpg,6,revisar
validation,V0021.jpg,test,T0145.jpg,6,revisar
validation,V0021.jpg,test,T0154.jpg,6,revisar
validation,V0021.jpg,test,T0201.jpg,6,revisar
validation,V0021.jpg,test,T0230.jpg,6,revisar
validation,V0021.jpg,test,T0254.jpg,6,revisar
validation,V0021.jpg,test,T0286.jpg,6,revisar
validation,V0021.jpg,test,T0294.jpg,6,revisar
validation,V0021.jpg,test,T0300.jpg,6,revisar
validation,V0021.jpg,test,T0310.jpg,6,revisar
validation,V0021.jpg,test,T0329.jpg,6,revisar
validation,V0021.jpg,test,T0361.jpg,6,revisar
validation,V0021.jpg,test,T0383.jpg,6,revisar
validation,V0023.jpg,test,T0001.jpg,6,revisar
validation,V0023.jpg,test,T0076.jpg,6,revisar
validation,V0023.jpg,test,T0092.jpg,6,revisar
validation,V0023.jpg,test,T0115.jpg,6,revisar
validation,V0023.jpg,test,T0159.jpg,6,revisar
validation,V0023.jpg,test,T0187.jpg,6,revisar
validation,V0023.jpg,test,T0190.jpg,6,revisar
validation,V0023.jpg,test,T0191.jpg,6,revisar
validation,V0023.jpg,test,T0244.jpg,6,revisar
validation,V0023.jpg,test,T0260.jpg,6,revisar
validation,V0023.jpg,test,T0313.jpg,6,revisar
validation,V0023.jpg,test,T0325.jpg,6,revisar
validation,V0023.jpg,test,T0390.jpg,6,revisar
validation,V0023.jpg,test,T0392.jpg,6,revisar
validation,V0024.jpg,test,T0010.jpg,6,revisar
validation,V0024.jpg,test,T0117.jpg,6,revisar
validation,V0024.jpg,test,T0168.jpg,6,revisar
validation,V0024.jpg,test,T0374.jpg,6,revisar
validation,V0026.jpg,test,T0001.jpg,6,revisar
validation,V0026.jpg,test,T0004.jpg,6,revisar
validation,V0026.jpg,test,T0035.jpg,6,revisar
validation,V0026.jpg,test,T0041.jpg,6,revisar
validation,V0026.jpg,test,T0048.jpg,6,revisar
validation,V0026.jpg,test,T0052.jpg,6,revisar
validation,V0026.jpg,test,T0068.jpg,6,revisar
validation,V0026.jpg,test,T0077.jpg,6,revisar
validation,V0026.jpg,test,T0078.jpg,6,revisar
validation,V0026.jpg,test,T0095.jpg,6,revisar
validation,V0026.jpg,test,T0107.jpg,6,revisar
validation,V0026.jpg,test,T0118.jpg,6,revisar
validation,V0026.jpg,test,T0167.jpg,6,revisar
validation,V0026.jpg,test,T0201.jpg,6,revisar
validation,V0026.jpg,test,T0206.jpg,6,revisar
validation,V0026.jpg,test,T0212.jpg,6,revisar
validation,V0026.jpg,test,T0232.jpg,6,revisar
validation,V0026.jpg,test,T0244.jpg,6,revisar
validation,V0026.jpg,test,T0260.jpg,6,revisar
validation,V0026.jpg,test,T0279.jpg,6,revisar
validation,V0026.jpg,test,T0292.jpg,6,revisar
validation,V0026.jpg,test,T0312.jpg,6,revisar
validation,V0026.jpg,test,T0316.jpg,6,revisar
validation,V0026.jpg,test,T0337.jpg,6,revisar
validation,V0026.jpg,test,T0361.jpg,6,revisar
validation,V0026.jpg,test,T0390.jpg,6,revisar
validation,V0026.jpg,test,T0393.jpg,6,revisar
validation,V0027.jpg,test,T0005.jpg,6,revisar
validation,V0027.jpg,test,T0008.jpg,6,revisar
validation,V0027.jpg,test,T0023.jpg,6,revisar
validation,V0027.jpg,test,T0099.jpg,6,revisar
validation,V0027.jpg,test,T0101.jpg,6,revisar
validation,V0027.jpg,test,T0117.jpg,6,revisar
validation,V0027.jpg,test,T0120.jpg,6,revisar
validation,V0027.jpg,test,T0122.jpg,6,revisar
validation,V0027.jpg,test,T0138.jpg,6,revisar
validation,V0027.jpg,test,T0145.jpg,6,revisar
validation,V0027.jpg,test,T0153.jpg,6,revisar
validation,V0027.jpg,test,T0168.jpg,6,revisar
validation,V0027.jpg,test,T0187.jpg,6,revisar
validation,V0027.jpg,test,T0201.jpg,6,revisar
validation,V0027.jpg,test,T0207.jpg,6,revisar
validation,V0027.jpg,test,T0223.jpg,6,revisar
validation,V0027.jpg,test,T0255.jpg,6,revisar
validation,V0027.jpg,test,T0294.jpg,6,revisar
validation,V0027.jpg,test,T0300.jpg,6,revisar
validation,V0027.jpg,test,T0312.jpg,6,revisar
validation,V0027.jpg,test,T0318.jpg,6,revisar
validation,V0027.jpg,test,T0334.jpg,6,revisar
validation,V0027.jpg,test,T0343.jpg,6,revisar
validation,V0027.jpg,test,T0377.jpg,6,revisar
validation,V0027.jpg,test,T0383.jpg,6,revisar
validation,V0027.jpg,test,T0400.jpg,6,revisar
validation,V0028.jpg,test,T0007.jpg,6,revisar
validation,V0028.jpg,test,T0225.jpg,6,revisar
validation,V0028.jpg,test,T0246.jpg,6,revisar
validation,V0028.jpg,test,T0331.jpg,6,revisar
validation,V0029.jpg,test,T0103.jpg,6,revisar
validation,V0029.jpg,test,T0188.jpg,6,revisar
validation,V0029.jpg,test,T0309.jpg,6,revisar
validation,V0030.jpg,test,T0045.jpg,6,revisar
validation,V0030.jpg,test,T0156.jpg,6,revisar
validation,V0030.jpg,test,T0262.jpg,6,revisar
validation,V0030.jpg,test,T0317.jpg,6,revisar
validation,V0031.jpg,test,T0001.jpg,6,revisar
validation,V0031.jpg,test,T0017.jpg,6,revisar
validation,V0031.jpg,test,T0021.jpg,6,revisar
validation,V0031.jpg,test,T0065.jpg,6,revisar
validation,V0031.jpg,test,T0095.jpg,6,revisar
validation,V0031.jpg,test,T0109.jpg,6,revisar
validation,V0031.jpg,test,T0118.jpg,6,revisar
validation,V0031.jpg,test,T0134.jpg,6,revisar
validation,V0031.jpg,test,T0145.jpg,6,revisar
validation,V0031.jpg,test,T0168.jpg,6,revisar
validation,V0031.jpg,test,T0169.jpg,6,revisar
validation,V0031.jpg,test,T0196.jpg,6,revisar
validation,V0031.jpg,test,T0201.jpg,6,revisar
validation,V0031.jpg,test,T0219.jpg,6,revisar
validation,V0031.jpg,test,T0225.jpg,6,revisar
validation,V0031.jpg,test,T0228.jpg,6,revisar
validation,V0031.jpg,test,T0232.jpg,6,revisar
validation,V0031.jpg,test,T0251.jpg,6,revisar
validation,V0031.jpg,test,T0260.jpg,6,revisar
validation,V0031.jpg,test,T0312.jpg,6,revisar
validation,V0031.jpg,test,T0334.jpg,6,revisar
validation,V0031.jpg,test,T0337.jpg,6,revisar
validation,V0031.jpg,test,T0361.jpg,6,revisar
validation,V0031.jpg,test,T0363.jpg,6,revisar
validation,V0031.jpg,test,T0382.jpg,6,revisar
validation,V0031.jpg,test,T0392.jpg,6,revisar
validation,V0031.jpg,test,T0393.jpg,6,revisar
validation,V0032.jpg,test,T0073.jpg,6,revisar
validation,V0032.jpg,test,T0309.jpg,6,revisar
validation,V0033.jpg,test,T0172.jpg,6,revisar
validation,V0034.jpg,test,T0001.jpg,6,revisar
validation,V0034.jpg,test,T0021.jpg,6,revisar
validation,V0034.jpg,test,T0029.jpg,6,revisar
validation,V0034.jpg,test,T0041.jpg,6,revisar
validation,V0034.jpg,test,T0048.jpg,6,revisar
validation,V0034.jpg,test,T0053.jpg,6,revisar
validation,V0034.jpg,test,T0095.jpg,6,revisar
validation,V0034.jpg,test,T0109.jpg,6,revisar
validation,V0034.jpg,test,T0118.jpg,6,revisar
validation,V0034.jpg,test,T0134.jpg,6,revisar
validation,V0034.jpg,test,T0169.jpg,6,revisar
validation,V0034.jpg,test,T0196.jpg,6,revisar
validation,V0034.jpg,test,T0201.jpg,6,revisar
validation,V0034.jpg,test,T0232.jpg,6,revisar
validation,V0034.jpg,test,T0251.jpg,6,revisar
validation,V0034.jpg,test,T0260.jpg,6,revisar
validation,V0034.jpg,test,T0267.jpg,6,revisar
validation,V0034.jpg,test,T0279.jpg,6,revisar
validation,V0034.jpg,test,T0292.jpg,6,revisar
validation,V0034.jpg,test,T0338.jpg,6,revisar
validation,V0034.jpg,test,T0361.jpg,6,revisar
validation,V0034.jpg,test,T0363.jpg,6,revisar
validation,V0034.jpg,test,T0382.jpg,6,revisar
validation,V0034.jpg,test,T0392.jpg,6,revisar
validation,V0035.jpg,test,T0215.jpg,6,revisar
validation,V0036.jpg,test,T0280.jpg,6,revisar
validation,V0039.jpg,test,T0182.jpg,6,revisar
validation,V0039.jpg,test,T0198.jpg,6,revisar
validation,V0039.jpg,test,T0371.jpg,6,revisar
validation,V0040.jpg,test,T0033.jpg,6,revisar
validation,V0040.jpg,test,T0034.jpg,6,revisar
validation,V0040.jpg,test,T0050.jpg,6,revisar
validation,V0040.jpg,test,T0051.jpg,6,revisar
validation,V0040.jpg,test,T0073.jpg,6,revisar
validation,V0040.jpg,test,T0087.jpg,6,revisar
validation,V0040.jpg,test,T0130.jpg,6,revisar
validation,V0040.jpg,test,T0294.jpg,6,revisar
validation,V0040.jpg,test,T0314.jpg,6,revisar
validation,V0040.jpg,test,T0364.jpg,6,revisar
validation,V0040.jpg,test,T0374.jpg,6,revisar
validation,V0040.jpg,test,T0392.jpg,6,revisar
validation,V0041.jpg,test,T0055.jpg,6,revisar
validation,V0041.jpg,test,T0079.jpg,6,revisar
validation,V0042.jpg,test,T0003.jpg,6,revisar
validation,V0042.jpg,test,T0024.jpg,6,revisar
validation,V0042.jpg,test,T0145.jpg,6,revisar
validation,V0042.jpg,test,T0171.jpg,6,revisar
validation,V0042.jpg,test,T0184.jpg,6,revisar
validation,V0042.jpg,test,T0220.jpg,6,revisar
validation,V0042.jpg,test,T0293.jpg,6,revisar
validation,V0042.jpg,test,T0355.jpg,6,revisar
validation,V0042.jpg,test,T0378.jpg,6,revisar
validation,V0042.jpg,test,T0393.jpg,6,revisar
validation,V0043.jpg,test,T0104.jpg,6,revisar
validation,V0043.jpg,test,T0224.jpg,6,revisar
validation,V0044.jpg,test,T0020.jpg,6,revisar
validation,V0044.jpg,test,T0023.jpg,6,revisar
validation,V0044.jpg,test,T0046.jpg,6,revisar
validation,V0044.jpg,test,T0054.jpg,6,revisar
validation,V0044.jpg,test,T0117.jpg,6,revisar
validation,V0044.jpg,test,T0142.jpg,6,revisar
validation,V0044.jpg,test,T0145.jpg,6,revisar
validation,V0044.jpg,test,T0203.jpg,6,revisar
validation,V0044.jpg,test,T0221.jpg,6,revisar
validation,V0044.jpg,test,T0254.jpg,6,revisar
validation,V0044.jpg,test,T0294.jpg,6,revisar
validation,V0044.jpg,test,T0310.jpg,6,revisar
validation,V0044.jpg,test,T0315.jpg,6,revisar
validation,V0044.jpg,test,T0318.jpg,6,revisar
validation,V0044.jpg,test,T0319.jpg,6,revisar
validation,V0044.jpg,test,T0340.jpg,6,revisar
validation,V0044.jpg,test,T0343.jpg,6,revisar
validation,V0045.jpg,test,T0011.jpg,6,revisar
validation,V0045.jpg,test,T0028.jpg,6,revisar
validation,V0045.jpg,test,T0299.jpg,6,revisar
validation,V0045.jpg,test,T0328.jpg,6,revisar
validation,V0045.jpg,test,T0369.jpg,6,revisar
validation,V0045.jpg,test,T0374.jpg,6,revisar
validation,V0046.jpg,test,T0010.jpg,6,revisar
validation,V0046.jpg,test,T0020.jpg,6,revisar
validation,V0046.jpg,test,T0032.jpg,6,revisar
validation,V0046.jpg,test,T0058.jpg,6,revisar
validation,V0046.jpg,test,T0073.jpg,6,revisar
validation,V0046.jpg,test,T0088.jpg,6,revisar
validation,V0046.jpg,test,T0095.jpg,6,revisar
validation,V0046.jpg,test,T0114.jpg,6,revisar
validation,V0046.jpg,test,T0117.jpg,6,revisar
validation,V0046.jpg,test,T0125.jpg,6,revisar
validation,V0046.jpg,test,T0130.jpg,6,revisar
validation,V0046.jpg,test,T0187.jpg,6,revisar
validation,V0046.jpg,test,T0214.jpg,6,revisar
validation,V0046.jpg,test,T0220.jpg,6,revisar
validation,V0046.jpg,test,T0225.jpg,6,revisar
validation,V0046.jpg,test,T0250.jpg,6,revisar
validation,V0046.jpg,test,T0251.jpg,6,revisar
validation,V0046.jpg,test,T0260.jpg,6,revisar
validation,V0046.jpg,test,T0293.jpg,6,revisar
validation,V0046.jpg,test,T0294.jpg,6,revisar
validation,V0046.jpg,test,T0298.jpg,6,revisar
validation,V0046.jpg,test,T0311.jpg,6,revisar
validation,V0046.jpg,test,T0331.jpg,6,revisar
validation,V0046.jpg,test,T0334.jpg,6,revisar
validation,V0046.jpg,test,T0335.jpg,6,revisar
validation,V0046.jpg,test,T0337.jpg,6,revisar
validation,V0046.jpg,test,T0350.jpg,6,revisar
validation,V0046.jpg,test,T0361.jpg,6,revisar
validation,V0046.jpg,test,T0377.jpg,6,revisar
validation,V0046.jpg,test,T0383.jpg,6,revisar
validation,V0046.jpg,test,T0392.jpg,6,revisar
validation,V0047.jpg,test,T0166.jpg,6,revisar
validation,V0047.jpg,test,T0224.jpg,6,revisar
validation,V0048.jpg,test,T0097.jpg,6,revisar
validation,V0049.jpg,test,T0189.jpg,6,revisar
validation,V0050.jpg,test,T0033.jpg,6,revisar
validation,V0050.jpg,test,T0050.jpg,6,revisar
validation,V0050.jpg,test,T0101.jpg,6,revisar
validation,V0050.jpg,test,T0254.jpg,6,revisar
validation,V0051.jpg,test,T0001.jpg,6,revisar
validation,V0051.jpg,test,T0029.jpg,6,revisar
validation,V0051.jpg,test,T0041.jpg,6,revisar
validation,V0051.jpg,test,T0052.jpg,6,revisar
validation,V0051.jpg,test,T0053.jpg,6,revisar
validation,V0051.jpg,test,T0077.jpg,6,revisar
validation,V0051.jpg,test,T0078.jpg,6,revisar
validation,V0051.jpg,test,T0107.jpg,6,revisar
validation,V0051.jpg,test,T0154.jpg,6,revisar
validation,V0051.jpg,test,T0167.jpg,6,revisar
validation,V0051.jpg,test,T0173.jpg,6,revisar
validation,V0051.jpg,test,T0206.jpg,6,revisar
validation,V0051.jpg,test,T0212.jpg,6,revisar
validation,V0051.jpg,test,T0227.jpg,6,revisar
validation,V0051.jpg,test,T0244.jpg,6,revisar
validation,V0051.jpg,test,T0251.jpg,6,revisar
validation,V0051.jpg,test,T0262.jpg,6,revisar
validation,V0051.jpg,test,T0267.jpg,6,revisar
validation,V0051.jpg,test,T0279.jpg,6,revisar
validation,V0051.jpg,test,T0316.jpg,6,revisar
validation,V0051.jpg,test,T0337.jpg,6,revisar
validation,V0051.jpg,test,T0361.jpg,6,revisar
validation,V0051.jpg,test,T0382.jpg,6,revisar
validation,V0051.jpg,test,T0390.jpg,6,revisar
validation,V0051.jpg,test,T0392.jpg,6,revisar
validation,V0052.jpg,test,T0021.jpg,6,revisar
validation,V0052.jpg,test,T0023.jpg,6,revisar
validation,V0052.jpg,test,T0075.jpg,6,revisar
validation,V0052.jpg,test,T0163.jpg,6,revisar
validation,V0052.jpg,test,T0230.jpg,6,revisar
validation,V0053.jpg,test,T0120.jpg,6,revisar
validation,V0053.jpg,test,T0163.jpg,6,revisar
validation,V0053.jpg,test,T0254.jpg,6,revisar
validation,V0053.jpg,test,T0312.jpg,6,revisar
validation,V0053.jpg,test,T0400.jpg,6,revisar
validation,V0054.jpg,test,T0031.jpg,6,revisar
validation,V0054.jpg,test,T0035.jpg,6,revisar
validation,V0054.jpg,test,T0048.jpg,6,revisar
validation,V0054.jpg,test,T0052.jpg,6,revisar
validation,V0054.jpg,test,T0068.jpg,6,revisar
validation,V0054.jpg,test,T0095.jpg,6,revisar
validation,V0054.jpg,test,T0154.jpg,6,revisar
validation,V0054.jpg,test,T0169.jpg,6,revisar
validation,V0054.jpg,test,T0173.jpg,6,revisar
validation,V0054.jpg,test,T0212.jpg,6,revisar
validation,V0054.jpg,test,T0232.jpg,6,revisar
validation,V0054.jpg,test,T0236.jpg,6,revisar
validation,V0054.jpg,test,T0251.jpg,6,revisar
validation,V0054.jpg,test,T0259.jpg,6,revisar
validation,V0054.jpg,test,T0262.jpg,6,revisar
validation,V0054.jpg,test,T0337.jpg,6,revisar
validation,V0054.jpg,test,T0342.jpg,6,revisar
validation,V0054.jpg,test,T0365.jpg,6,revisar
validation,V0054.jpg,test,T0382.jpg,6,revisar
validation,V0054.jpg,test,T0392.jpg,6,revisar
validation,V0055.jpg,test,T0032.jpg,6,revisar
validation,V0055.jpg,test,T0051.jpg,6,revisar
validation,V0055.jpg,test,T0054.jpg,6,revisar
validation,V0055.jpg,test,T0064.jpg,6,revisar
validation,V0055.jpg,test,T0088.jpg,6,revisar
validation,V0055.jpg,test,T0101.jpg,6,revisar
validation,V0055.jpg,test,T0111.jpg,6,revisar
validation,V0055.jpg,test,T0120.jpg,6,revisar
validation,V0055.jpg,test,T0130.jpg,6,revisar
validation,V0055.jpg,test,T0136.jpg,6,revisar
validation,V0055.jpg,test,T0141.jpg,6,revisar
validation,V0055.jpg,test,T0168.jpg,6,revisar
validation,V0055.jpg,test,T0171.jpg,6,revisar
validation,V0055.jpg,test,T0178.jpg,6,revisar
validation,V0055.jpg,test,T0184.jpg,6,revisar
validation,V0055.jpg,test,T0225.jpg,6,revisar
validation,V0055.jpg,test,T0231.jpg,6,revisar
validation,V0055.jpg,test,T0298.jpg,6,revisar
validation,V0055.jpg,test,T0318.jpg,6,revisar
validation,V0055.jpg,test,T0319.jpg,6,revisar
validation,V0055.jpg,test,T0331.jpg,6,revisar
validation,V0055.jpg,test,T0334.jpg,6,revisar
validation,V0055.jpg,test,T0335.jpg,6,revisar
validation,V0055.jpg,test,T0341.jpg,6,revisar
validation,V0055.jpg,test,T0355.jpg,6,revisar
validation,V0055.jpg,test,T0374.jpg,6,revisar
validation,V0055.jpg,test,T0378.jpg,6,revisar
validation,V0055.jpg,test,T0383.jpg,6,revisar
validation,V0055.jpg,test,T0387.jpg,6,revisar
validation,V0057.jpg,test,T0045.jpg,6,revisar
validation,V0060.jpg,test,T0032.jpg,6,revisar
validation,V0060.jpg,test,T0064.jpg,6,revisar
validation,V0060.jpg,test,T0147.jpg,6,revisar
validation,V0060.jpg,test,T0178.jpg,6,revisar
validation,V0060.jpg,test,T0220.jpg,6,revisar
validation,V0060.jpg,test,T0286.jpg,6,revisar
validation,V0060.jpg,test,T0293.jpg,6,revisar
validation,V0060.jpg,test,T0299.jpg,6,revisar
validation,V0060.jpg,test,T0378.jpg,6,revisar
validation,V0061.jpg,test,T0006.jpg,6,revisar
validation,V0061.jpg,test,T0056.jpg,6,revisar
validation,V0062.jpg,test,T0147.jpg,6,revisar
validation,V0063.jpg,test,T0064.jpg,6,revisar
validation,V0063.jpg,test,T0190.jpg,6,revisar
validation,V0063.jpg,test,T0269.jpg,6,revisar
validation,V0063.jpg,test,T0299.jpg,6,revisar
validation,V0063.jpg,test,T0313.jpg,6,revisar
validation,V0063.jpg,test,T0325.jpg,6,revisar
validation,V0063.jpg,test,T0380.jpg,6,revisar
validation,V0064.jpg,test,T0307.jpg,6,revisar
validation,V0065.jpg,test,T0081.jpg,6,revisar
validation,V0065.jpg,test,T0362.jpg,6,revisar
validation,V0066.jpg,test,T0010.jpg,6,revisar
validation,V0066.jpg,test,T0058.jpg,6,revisar
validation,V0066.jpg,test,T0092.jpg,6,revisar
validation,V0066.jpg,test,T0221.jpg,6,revisar
validation,V0066.jpg,test,T0350.jpg,6,revisar
validation,V0067.jpg,test,T0012.jpg,6,revisar
validation,V0067.jpg,test,T0215.jpg,6,revisar
validation,V0067.jpg,test,T0236.jpg,6,revisar
validation,V0067.jpg,test,T0245.jpg,6,revisar
validation,V0068.jpg,test,T0028.jpg,6,revisar
validation,V0068.jpg,test,T0073.jpg,6,revisar
validation,V0068.jpg,test,T0111.jpg,6,revisar
validation,V0068.jpg,test,T0197.jpg,6,revisar
validation,V0068.jpg,test,T0328.jpg,6,revisar
validation,V0068.jpg,test,T0369.jpg,6,revisar
validation,V0069.jpg,test,T0032.jpg,6,revisar
validation,V0069.jpg,test,T0038.jpg,6,revisar
validation,V0069.jpg,test,T0064.jpg,6,revisar
validation,V0069.jpg,test,T0072.jpg,6,revisar
validation,V0069.jpg,test,T0088.jpg,6,revisar
validation,V0069.jpg,test,T0092.jpg,6,revisar
validation,V0069.jpg,test,T0101.jpg,6,revisar
validation,V0069.jpg,test,T0111.jpg,6,revisar
validation,V0069.jpg,test,T0115.jpg,6,revisar
validation,V0069.jpg,test,T0130.jpg,6,revisar
validation,V0069.jpg,test,T0135.jpg,6,revisar
validation,V0069.jpg,test,T0141.jpg,6,revisar
validation,V0069.jpg,test,T0147.jpg,6,revisar
validation,V0069.jpg,test,T0154.jpg,6,revisar
validation,V0069.jpg,test,T0156.jpg,6,revisar
validation,V0069.jpg,test,T0168.jpg,6,revisar
validation,V0069.jpg,test,T0171.jpg,6,revisar
validation,V0069.jpg,test,T0178.jpg,6,revisar
validation,V0069.jpg,test,T0201.jpg,6,revisar
validation,V0069.jpg,test,T0216.jpg,6,revisar
validation,V0069.jpg,test,T0220.jpg,6,revisar
validation,V0069.jpg,test,T0251.jpg,6,revisar
validation,V0069.jpg,test,T0254.jpg,6,revisar
validation,V0069.jpg,test,T0255.jpg,6,revisar
validation,V0069.jpg,test,T0260.jpg,6,revisar
validation,V0069.jpg,test,T0265.jpg,6,revisar
validation,V0069.jpg,test,T0269.jpg,6,revisar
validation,V0069.jpg,test,T0289.jpg,6,revisar
validation,V0069.jpg,test,T0293.jpg,6,revisar
validation,V0069.jpg,test,T0299.jpg,6,revisar
validation,V0069.jpg,test,T0311.jpg,6,revisar
validation,V0069.jpg,test,T0313.jpg,6,revisar
validation,V0069.jpg,test,T0316.jpg,6,revisar
validation,V0069.jpg,test,T0328.jpg,6,revisar
validation,V0069.jpg,test,T0329.jpg,6,revisar
validation,V0069.jpg,test,T0334.jpg,6,revisar
validation,V0069.jpg,test,T0355.jpg,6,revisar
validation,V0069.jpg,test,T0361.jpg,6,revisar
validation,V0069.jpg,test,T0368.jpg,6,revisar
validation,V0069.jpg,test,T0377.jpg,6,revisar
validation,V0069.jpg,test,T0378.jpg,6,revisar
validation,V0069.jpg,test,T0390.jpg,6,revisar
validation,V0069.jpg,test,T0392.jpg,6,revisar
validation,V0069.jpg,test,T0399.jpg,6,revisar
validation,V0070.jpg,test,T0003.jpg,6,revisar
validation,V0070.jpg,test,T0008.jpg,6,revisar
validation,V0070.jpg,test,T0023.jpg,6,revisar
validation,V0070.jpg,test,T0042.jpg,6,revisar
validation,V0070.jpg,test,T0099.jpg,6,revisar
validation,V0070.jpg,test,T0120.jpg,6,revisar
validation,V0070.jpg,test,T0122.jpg,6,revisar
validation,V0070.jpg,test,T0142.jpg,6,revisar
validation,V0070.jpg,test,T0168.jpg,6,revisar
validation,V0070.jpg,test,T0254.jpg,6,revisar
validation,V0070.jpg,test,T0312.jpg,6,revisar
validation,V0070.jpg,test,T0329.jpg,6,revisar
validation,V0070.jpg,test,T0331.jpg,6,revisar
validation,V0070.jpg,test,T0340.jpg,6,revisar
validation,V0070.jpg,test,T0343.jpg,6,revisar
validation,V0071.jpg,test,T0235.jpg,6,revisar
validation,V0073.jpg,test,T0166.jpg,6,revisar
validation,V0073.jpg,test,T0361.jpg,6,revisar
validation,V0074.jpg,test,T0001.jpg,6,revisar
validation,V0074.jpg,test,T0004.jpg,6,revisar
validation,V0074.jpg,test,T0035.jpg,6,revisar
validation,V0074.jpg,test,T0041.jpg,6,revisar
validation,V0074.jpg,test,T0048.jpg,6,revisar
validation,V0074.jpg,test,T0052.jpg,6,revisar
validation,V0074.jpg,test,T0068.jpg,6,revisar
validation,V0074.jpg,test,T0077.jpg,6,revisar
validation,V0074.jpg,test,T0078.jpg,6,revisar
validation,V0074.jpg,test,T0095.jpg,6,revisar
validation,V0074.jpg,test,T0107.jpg,6,revisar
validation,V0074.jpg,test,T0118.jpg,6,revisar
validation,V0074.jpg,test,T0167.jpg,6,revisar
validation,V0074.jpg,test,T0201.jpg,6,revisar
validation,V0074.jpg,test,T0206.jpg,6,revisar
validation,V0074.jpg,test,T0212.jpg,6,revisar
validation,V0074.jpg,test,T0232.jpg,6,revisar
validation,V0074.jpg,test,T0244.jpg,6,revisar
validation,V0074.jpg,test,T0260.jpg,6,revisar
validation,V0074.jpg,test,T0279.jpg,6,revisar
validation,V0074.jpg,test,T0292.jpg,6,revisar
validation,V0074.jpg,test,T0312.jpg,6,revisar
validation,V0074.jpg,test,T0316.jpg,6,revisar
validation,V0074.jpg,test,T0337.jpg,6,revisar
validation,V0074.jpg,test,T0361.jpg,6,revisar
validation,V0074.jpg,test,T0390.jpg,6,revisar
validation,V0074.jpg,test,T0393.jpg,6,revisar
validation,V0075.jpg,test,T0010.jpg,6,revisar
validation,V0075.jpg,test,T0046.jpg,6,revisar
validation,V0075.jpg,test,T0058.jpg,6,revisar
validation,V0075.jpg,test,T0072.jpg,6,revisar
validation,V0075.jpg,test,T0073.jpg,6,revisar
validation,V0075.jpg,test,T0114.jpg,6,revisar
validation,V0075.jpg,test,T0120.jpg,6,revisar
validation,V0075.jpg,test,T0145.jpg,6,revisar
validation,V0075.jpg,test,T0231.jpg,6,revisar
validation,V0075.jpg,test,T0278.jpg,6,revisar
validation,V0075.jpg,test,T0298.jpg,6,revisar
validation,V0075.jpg,test,T0300.jpg,6,revisar
validation,V0075.jpg,test,T0311.jpg,6,revisar
validation,V0075.jpg,test,T0314.jpg,6,revisar
validation,V0075.jpg,test,T0318.jpg,6,revisar
validation,V0075.jpg,test,T0319.jpg,6,revisar
validation,V0075.jpg,test,T0377.jpg,6,revisar
validation,V0075.jpg,test,T0383.jpg,6,revisar
validation,V0076.jpg,test,T0055.jpg,6,revisar
validation,V0076.jpg,test,T0320.jpg,6,revisar
validation,V0078.jpg,test,T0076.jpg,6,revisar
validation,V0078.jpg,test,T0107.jpg,6,revisar
validation,V0078.jpg,test,T0169.jpg,6,revisar
validation,V0078.jpg,test,T0215.jpg,6,revisar
validation,V0078.jpg,test,T0236.jpg,6,revisar
validation,V0078.jpg,test,T0313.jpg,6,revisar
validation,V0078.jpg,test,T0336.jpg,6,revisar
validation,V0078.jpg,test,T0390.jpg,6,revisar
validation,V0079.jpg,test,T0012.jpg,6,revisar
validation,V0079.jpg,test,T0204.jpg,6,revisar
validation,V0079.jpg,test,T0245.jpg,6,revisar
validation,V0080.jpg,test,T0171.jpg,6,revisar
validation,V0080.jpg,test,T0251.jpg,6,revisar
validation,V0080.jpg,test,T0262.jpg,6,revisar
validation,V0081.jpg,test,T0050.jpg,6,revisar
validation,V0081.jpg,test,T0052.jpg,6,revisar
validation,V0081.jpg,test,T0075.jpg,6,revisar
validation,V0081.jpg,test,T0082.jpg,6,revisar
validation,V0081.jpg,test,T0104.jpg,6,revisar
validation,V0081.jpg,test,T0107.jpg,6,revisar
validation,V0081.jpg,test,T0109.jpg,6,revisar
validation,V0081.jpg,test,T0118.jpg,6,revisar
validation,V0081.jpg,test,T0125.jpg,6,revisar
validation,V0081.jpg,test,T0134.jpg,6,revisar
validation,V0081.jpg,test,T0227.jpg,6,revisar
validation,V0081.jpg,test,T0269.jpg,6,revisar
validation,V0081.jpg,test,T0287.jpg,6,revisar
validation,V0081.jpg,test,T0289.jpg,6,revisar
validation,V0081.jpg,test,T0299.jpg,6,revisar
validation,V0081.jpg,test,T0307.jpg,6,revisar
validation,V0081.jpg,test,T0365.jpg,6,revisar
validation,V0081.jpg,test,T0380.jpg,6,revisar
validation,V0081.jpg,test,T0390.jpg,6,revisar
validation,V0081.jpg,test,T0392.jpg,6,revisar
validation,V0081.jpg,test,T0393.jpg,6,revisar
validation,V0082.jpg,test,T0017.jpg,6,revisar
validation,V0082.jpg,test,T0033.jpg,6,revisar
validation,V0082.jpg,test,T0041.jpg,6,revisar
validation,V0082.jpg,test,T0075.jpg,6,revisar
validation,V0082.jpg,test,T0087.jpg,6,revisar
validation,V0082.jpg,test,T0095.jpg,6,revisar
validation,V0082.jpg,test,T0109.jpg,6,revisar
validation,V0082.jpg,test,T0134.jpg,6,revisar
validation,V0082.jpg,test,T0251.jpg,6,revisar
validation,V0082.jpg,test,T0262.jpg,6,revisar
validation,V0082.jpg,test,T0312.jpg,6,revisar
validation,V0082.jpg,test,T0316.jpg,6,revisar
validation,V0082.jpg,test,T0382.jpg,6,revisar
validation,V0082.jpg,test,T0392.jpg,6,revisar
validation,V0082.jpg,test,T0393.jpg,6,revisar
validation,V0083.jpg,test,T0021.jpg,6,revisar
validation,V0083.jpg,test,T0054.jpg,6,revisar
validation,V0083.jpg,test,T0075.jpg,6,revisar
validation,V0083.jpg,test,T0077.jpg,6,revisar
validation,V0083.jpg,test,T0095.jpg,6,revisar
validation,V0083.jpg,test,T0109.jpg,6,revisar
validation,V0083.jpg,test,T0125.jpg,6,revisar
validation,V0083.jpg,test,T0134.jpg,6,revisar
validation,V0083.jpg,test,T0138.jpg,6,revisar
validation,V0083.jpg,test,T0169.jpg,6,revisar
validation,V0083.jpg,test,T0187.jpg,6,revisar
validation,V0083.jpg,test,T0251.jpg,6,revisar
validation,V0083.jpg,test,T0254.jpg,6,revisar
validation,V0083.jpg,test,T0262.jpg,6,revisar
validation,V0083.jpg,test,T0269.jpg,6,revisar
validation,V0083.jpg,test,T0289.jpg,6,revisar
validation,V0083.jpg,test,T0307.jpg,6,revisar
validation,V0083.jpg,test,T0318.jpg,6,revisar
validation,V0083.jpg,test,T0325.jpg,6,revisar
validation,V0083.jpg,test,T0336.jpg,6,revisar
validation,V0083.jpg,test,T0357.jpg,6,revisar
validation,V0083.jpg,test,T0377.jpg,6,revisar
validation,V0083.jpg,test,T0390.jpg,6,revisar
validation,V0085.jpg,test,T0001.jpg,6,revisar
validation,V0085.jpg,test,T0005.jpg,6,revisar
validation,V0085.jpg,test,T0020.jpg,6,revisar
validation,V0085.jpg,test,T0023.jpg,6,revisar
validation,V0085.jpg,test,T0046.jpg,6,revisar
validation,V0085.jpg,test,T0054.jpg,6,revisar
validation,V0085.jpg,test,T0072.jpg,6,revisar
validation,V0085.jpg,test,T0073.jpg,6,revisar
validation,V0085.jpg,test,T0101.jpg,6,revisar
validation,V0085.jpg,test,T0117.jpg,6,revisar
validation,V0085.jpg,test,T0120.jpg,6,revisar
validation,V0085.jpg,test,T0145.jpg,6,revisar
validation,V0085.jpg,test,T0154.jpg,6,revisar
validation,V0085.jpg,test,T0168.jpg,6,revisar
validation,V0085.jpg,test,T0187.jpg,6,revisar
validation,V0085.jpg,test,T0201.jpg,6,revisar
validation,V0085.jpg,test,T0221.jpg,6,revisar
validation,V0085.jpg,test,T0250.jpg,6,revisar
validation,V0085.jpg,test,T0255.jpg,6,revisar
validation,V0085.jpg,test,T0286.jpg,6,revisar
validation,V0085.jpg,test,T0300.jpg,6,revisar
validation,V0085.jpg,test,T0311.jpg,6,revisar
validation,V0085.jpg,test,T0318.jpg,6,revisar
validation,V0085.jpg,test,T0319.jpg,6,revisar
validation,V0085.jpg,test,T0329.jpg,6,revisar
validation,V0085.jpg,test,T0334.jpg,6,revisar
validation,V0085.jpg,test,T0343.jpg,6,revisar
validation,V0085.jpg,test,T0361.jpg,6,revisar
validation,V0085.jpg,test,T0374.jpg,6,revisar
validation,V0086.jpg,test,T0048.jpg,6,revisar
validation,V0086.jpg,test,T0356.jpg,6,revisar
validation,V0087.jpg,test,T0058.jpg,6,revisar
validation,V0087.jpg,test,T0120.jpg,6,revisar
validation,V0087.jpg,test,T0145.jpg,6,revisar
validation,V0087.jpg,test,T0203.jpg,6,revisar
validation,V0087.jpg,test,T0246.jpg,6,revisar
validation,V0087.jpg,test,T0319.jpg,6,revisar
validation,V0087.jpg,test,T0331.jpg,6,revisar
validation,V0088.jpg,test,T0050.jpg,6,revisar
validation,V0088.jpg,test,T0190.jpg,6,revisar
validation,V0088.jpg,test,T0191.jpg,6,revisar
validation,V0088.jpg,test,T0244.jpg,6,revisar
validation,V0088.jpg,test,T0325.jpg,6,revisar
validation,V0088.jpg,test,T0382.jpg,6,revisar
validation,V0088.jpg,test,T0391.jpg,6,revisar
validation,V0089.jpg,test,T0065.jpg,6,revisar
validation,V0090.jpg,test,T0323.jpg,6,revisar
validation,V0091.jpg,test,T0006.jpg,6,revisar
validation,V0091.jpg,test,T0017.jpg,6,revisar
validation,V0091.jpg,test,T0021.jpg,6,revisar
validation,V0091.jpg,test,T0041.jpg,6,revisar
validation,V0091.jpg,test,T0050.jpg,6,revisar
validation,V0091.jpg,test,T0053.jpg,6,revisar
validation,V0091.jpg,test,T0076.jpg,6,revisar
validation,V0091.jpg,test,T0077.jpg,6,revisar
validation,V0091.jpg,test,T0078.jpg,6,revisar
validation,V0091.jpg,test,T0107.jpg,6,revisar
validation,V0091.jpg,test,T0115.jpg,6,revisar
validation,V0091.jpg,test,T0118.jpg,6,revisar
validation,V0091.jpg,test,T0125.jpg,6,revisar
validation,V0091.jpg,test,T0167.jpg,6,revisar
validation,V0091.jpg,test,T0206.jpg,6,revisar
validation,V0091.jpg,test,T0227.jpg,6,revisar
validation,V0091.jpg,test,T0233.jpg,6,revisar
validation,V0091.jpg,test,T0251.jpg,6,revisar
validation,V0091.jpg,test,T0279.jpg,6,revisar
validation,V0091.jpg,test,T0289.jpg,6,revisar
validation,V0091.jpg,test,T0299.jpg,6,revisar
validation,V0091.jpg,test,T0316.jpg,6,revisar
validation,V0091.jpg,test,T0325.jpg,6,revisar
validation,V0091.jpg,test,T0336.jpg,6,revisar
validation,V0091.jpg,test,T0354.jpg,6,revisar
validation,V0091.jpg,test,T0363.jpg,6,revisar
validation,V0091.jpg,test,T0365.jpg,6,revisar
validation,V0091.jpg,test,T0380.jpg,6,revisar
validation,V0091.jpg,test,T0392.jpg,6,revisar
validation,V0091.jpg,test,T0393.jpg,6,revisar
validation,V0092.jpg,test,T0155.jpg,6,revisar
validation,V0093.jpg,test,T0017.jpg,6,revisar
validation,V0093.jpg,test,T0021.jpg,6,revisar
validation,V0093.jpg,test,T0052.jpg,6,revisar
validation,V0093.jpg,test,T0053.jpg,6,revisar
validation,V0093.jpg,test,T0077.jpg,6,revisar
validation,V0093.jpg,test,T0095.jpg,6,revisar
validation,V0093.jpg,test,T0107.jpg,6,revisar
validation,V0093.jpg,test,T0115.jpg,6,revisar
validation,V0093.jpg,test,T0154.jpg,6,revisar
validation,V0093.jpg,test,T0156.jpg,6,revisar
validation,V0093.jpg,test,T0196.jpg,6,revisar
validation,V0093.jpg,test,T0236.jpg,6,revisar
validation,V0093.jpg,test,T0244.jpg,6,revisar
validation,V0093.jpg,test,T0251.jpg,6,revisar
validation,V0093.jpg,test,T0289.jpg,6,revisar
validation,V0093.jpg,test,T0337.jpg,6,revisar
validation,V0093.jpg,test,T0365.jpg,6,revisar
validation,V0093.jpg,test,T0390.jpg,6,revisar
validation,V0094.jpg,test,T0032.jpg,6,revisar
validation,V0094.jpg,test,T0042.jpg,6,revisar
validation,V0094.jpg,test,T0044.jpg,6,revisar
validation,V0094.jpg,test,T0058.jpg,6,revisar
validation,V0094.jpg,test,T0072.jpg,6,revisar
validation,V0094.jpg,test,T0111.jpg,6,revisar
validation,V0094.jpg,test,T0114.jpg,6,revisar
validation,V0094.jpg,test,T0130.jpg,6,revisar
validation,V0094.jpg,test,T0139.jpg,6,revisar
validation,V0094.jpg,test,T0141.jpg,6,revisar
validation,V0094.jpg,test,T0149.jpg,6,revisar
validation,V0094.jpg,test,T0168.jpg,6,revisar
validation,V0094.jpg,test,T0231.jpg,6,revisar
validation,V0094.jpg,test,T0254.jpg,6,revisar
validation,V0094.jpg,test,T0255.jpg,6,revisar
validation,V0094.jpg,test,T0278.jpg,6,revisar
validation,V0094.jpg,test,T0318.jpg,6,revisar
validation,V0094.jpg,test,T0334.jpg,6,revisar
validation,V0094.jpg,test,T0341.jpg,6,revisar
validation,V0094.jpg,test,T0343.jpg,6,revisar
validation,V0094.jpg,test,T0377.jpg,6,revisar
validation,V0095.jpg,test,T0155.jpg,6,revisar
validation,V0095.jpg,test,T0301.jpg,6,revisar
validation,V0096.jpg,test,T0058.jpg,6,revisar
validation,V0096.jpg,test,T0072.jpg,6,revisar
validation,V0096.jpg,test,T0113.jpg,6,revisar
validation,V0096.jpg,test,T0221.jpg,6,revisar
validation,V0096.jpg,test,T0244.jpg,6,revisar
validation,V0096.jpg,test,T0251.jpg,6,revisar
validation,V0096.jpg,test,T0350.jpg,6,revisar
validation,V0098.jpg,test,T0001.jpg,6,revisar
validation,V0098.jpg,test,T0024.jpg,6,revisar
validation,V0098.jpg,test,T0064.jpg,6,revisar
validation,V0098.jpg,test,T0065.jpg,6,revisar
validation,V0098.jpg,test,T0080.jpg,6,revisar
validation,V0098.jpg,test,T0129.jpg,6,revisar
validation,V0098.jpg,test,T0145.jpg,6,revisar
validation,V0098.jpg,test,T0154.jpg,6,revisar
validation,V0098.jpg,test,T0187.jpg,6,revisar
validation,V0098.jpg,test,T0201.jpg,6,revisar
validation,V0098.jpg,test,T0219.jpg,6,revisar
validation,V0098.jpg,test,T0220.jpg,6,revisar
validation,V0098.jpg,test,T0286.jpg,6,revisar
validation,V0098.jpg,test,T0293.jpg,6,revisar
validation,V0098.jpg,test,T0329.jpg,6,revisar
validation,V0098.jpg,test,T0336.jpg,6,revisar
validation,V0098.jpg,test,T0378.jpg,6,revisar
validation,V0098.jpg,test,T0390.jpg,6,revisar
validation,V0098.jpg,test,T0393.jpg,6,revisar
validation,V0099.jpg,test,T0065.jpg,6,revisar
validation,V0099.jpg,test,T0080.jpg,6,revisar
validation,V0099.jpg,test,T0125.jpg,6,revisar
validation,V0099.jpg,test,T0211.jpg,6,revisar
validation,V0099.jpg,test,T0229.jpg,6,revisar
validation,V0099.jpg,test,T0336.jpg,6,revisar
validation,V0099.jpg,test,T0365.jpg,6,revisar
validation,V0100.jpg,test,T0014.jpg,6,revisar
validation,V0100.jpg,test,T0029.jpg,6,revisar
validation,V0100.jpg,test,T0053.jpg,6,revisar
validation,V0100.jpg,test,T0063.jpg,6,revisar
validation,V0100.jpg,test,T0078.jpg,6,revisar
validation,V0100.jpg,test,T0212.jpg,6,revisar
validation,V0100.jpg,test,T0232.jpg,6,revisar
validation,V0100.jpg,test,T0267.jpg,6,revisar
validation,V0100.jpg,test,T0287.jpg,6,revisar
validation,V0100.jpg,test,T0363.jpg,6,revisar
validation,V0100.jpg,test,T0371.jpg,6,revisar
validation,V0101.jpg,test,T0062.jpg,6,revisar
validation,V0101.jpg,test,T0071.jpg,6,revisar
validation,V0101.jpg,test,T0133.jpg,6,revisar
validation,V0101.jpg,test,T0211.jpg,6,revisar
validation,V0101.jpg,test,T0379.jpg,6,revisar
validation,V0102.jpg,test,T0017.jpg,6,revisar
validation,V0102.jpg,test,T0021.jpg,6,revisar
validation,V0102.jpg,test,T0029.jpg,6,revisar
validation,V0102.jpg,test,T0035.jpg,6,revisar
validation,V0102.jpg,test,T0068.jpg,6,revisar
validation,V0102.jpg,test,T0075.jpg,6,revisar
validation,V0102.jpg,test,T0125.jpg,6,revisar
validation,V0102.jpg,test,T0267.jpg,6,revisar
validation,V0102.jpg,test,T0338.jpg,6,revisar
validation,V0102.jpg,test,T0363.jpg,6,revisar
validation,V0103.jpg,test,T0155.jpg,6,revisar
validation,V0103.jpg,test,T0362.jpg,6,revisar
validation,V0104.jpg,test,T0244.jpg,6,revisar
validation,V0104.jpg,test,T0253.jpg,6,revisar
validation,V0104.jpg,test,T0269.jpg,6,revisar
validation,V0104.jpg,test,T0374.jpg,6,revisar
validation,V0106.jpg,test,T0005.jpg,6,revisar
validation,V0106.jpg,test,T0023.jpg,6,revisar
validation,V0106.jpg,test,T0042.jpg,6,revisar
validation,V0106.jpg,test,T0046.jpg,6,revisar
validation,V0106.jpg,test,T0117.jpg,6,revisar
validation,V0106.jpg,test,T0217.jpg,6,revisar
validation,V0106.jpg,test,T0223.jpg,6,revisar
validation,V0106.jpg,test,T0254.jpg,6,revisar
validation,V0106.jpg,test,T0294.jpg,6,revisar
validation,V0106.jpg,test,T0300.jpg,6,revisar
validation,V0106.jpg,test,T0312.jpg,6,revisar
validation,V0106.jpg,test,T0340.jpg,6,revisar
validation,V0106.jpg,test,T0383.jpg,6,revisar
validation,V0107.jpg,test,T0024.jpg,6,revisar
validation,V0107.jpg,test,T0043.jpg,6,revisar
validation,V0107.jpg,test,T0076.jpg,6,revisar
validation,V0107.jpg,test,T0077.jpg,6,revisar
validation,V0107.jpg,test,T0082.jpg,6,revisar
validation,V0107.jpg,test,T0115.jpg,6,revisar
validation,V0107.jpg,test,T0191.jpg,6,revisar
validation,V0107.jpg,test,T0307.jpg,6,revisar
validation,V0107.jpg,test,T0316.jpg,6,revisar
validation,V0107.jpg,test,T0382.jpg,6,revisar
validation,V0108.jpg,test,T0270.jpg,6,revisar
validation,V0110.jpg,test,T0001.jpg,6,revisar
validation,V0110.jpg,test,T0004.jpg,6,revisar
validation,V0110.jpg,test,T0035.jpg,6,revisar
validation,V0110.jpg,test,T0041.jpg,6,revisar
validation,V0110.jpg,test,T0048.jpg,6,revisar
validation,V0110.jpg,test,T0052.jpg,6,revisar
validation,V0110.jpg,test,T0068.jpg,6,revisar
validation,V0110.jpg,test,T0077.jpg,6,revisar
validation,V0110.jpg,test,T0078.jpg,6,revisar
validation,V0110.jpg,test,T0095.jpg,6,revisar
validation,V0110.jpg,test,T0107.jpg,6,revisar
validation,V0110.jpg,test,T0118.jpg,6,revisar
validation,V0110.jpg,test,T0167.jpg,6,revisar
validation,V0110.jpg,test,T0201.jpg,6,revisar
validation,V0110.jpg,test,T0206.jpg,6,revisar
validation,V0110.jpg,test,T0212.jpg,6,revisar
validation,V0110.jpg,test,T0232.jpg,6,revisar
validation,V0110.jpg,test,T0244.jpg,6,revisar
validation,V0110.jpg,test,T0260.jpg,6,revisar
validation,V0110.jpg,test,T0279.jpg,6,revisar
validation,V0110.jpg,test,T0292.jpg,6,revisar
validation,V0110.jpg,test,T0312.jpg,6,revisar
validation,V0110.jpg,test,T0316.jpg,6,revisar
validation,V0110.jpg,test,T0337.jpg,6,revisar
validation,V0110.jpg,test,T0361.jpg,6,revisar
validation,V0110.jpg,test,T0390.jpg,6,revisar
validation,V0110.jpg,test,T0393.jpg,6,revisar
validation,V0112.jpg,test,T0123.jpg,6,revisar
validation,V0112.jpg,test,T0124.jpg,6,revisar
validation,V0112.jpg,test,T0321.jpg,6,revisar
validation,V0113.jpg,test,T0018.jpg,6,revisar
validation,V0113.jpg,test,T0030.jpg,6,revisar
validation,V0113.jpg,test,T0045.jpg,6,revisar
validation,V0113.jpg,test,T0233.jpg,6,revisar
validation,V0114.jpg,test,T0246.jpg,6,revisar
validation,V0114.jpg,test,T0294.jpg,6,revisar
validation,V0115.jpg,test,T0008.jpg,6,revisar
validation,V0115.jpg,test,T0010.jpg,6,revisar
validation,V0115.jpg,test,T0099.jpg,6,revisar
validation,V0115.jpg,test,T0101.jpg,6,revisar
validation,V0115.jpg,test,T0120.jpg,6,revisar
validation,V0115.jpg,test,T0122.jpg,6,revisar
validation,V0115.jpg,test,T0136.jpg,6,revisar
validation,V0115.jpg,test,T0214.jpg,6,revisar
validation,V0115.jpg,test,T0254.jpg,6,revisar
validation,V0115.jpg,test,T0294.jpg,6,revisar
validation,V0115.jpg,test,T0300.jpg,6,revisar
validation,V0115.jpg,test,T0312.jpg,6,revisar
validation,V0115.jpg,test,T0318.jpg,6,revisar
validation,V0115.jpg,test,T0329.jpg,6,revisar
validation,V0115.jpg,test,T0343.jpg,6,revisar
validation,V0115.jpg,test,T0377.jpg,6,revisar
validation,V0115.jpg,test,T0400.jpg,6,revisar
validation,V0116.jpg,test,T0081.jpg,6,revisar
validation,V0116.jpg,test,T0324.jpg,6,revisar
validation,V0117.jpg,test,T0016.jpg,6,revisar
validation,V0117.jpg,test,T0017.jpg,6,revisar
validation,V0117.jpg,test,T0038.jpg,6,revisar
validation,V0117.jpg,test,T0068.jpg,6,revisar
validation,V0117.jpg,test,T0125.jpg,6,revisar
validation,V0117.jpg,test,T0167.jpg,6,revisar
validation,V0117.jpg,test,T0207.jpg,6,revisar
validation,V0117.jpg,test,T0259.jpg,6,revisar
validation,V0117.jpg,test,T0389.jpg,6,revisar
validation,V0118.jpg,test,T0056.jpg,6,revisar
validation,V0119.jpg,test,T0029.jpg,6,revisar
validation,V0119.jpg,test,T0048.jpg,6,revisar
validation,V0119.jpg,test,T0052.jpg,6,revisar
validation,V0119.jpg,test,T0053.jpg,6,revisar
validation,V0119.jpg,test,T0068.jpg,6,revisar
validation,V0119.jpg,test,T0095.jpg,6,revisar
validation,V0119.jpg,test,T0154.jpg,6,revisar
validation,V0119.jpg,test,T0169.jpg,6,revisar
validation,V0119.jpg,test,T0206.jpg,6,revisar
validation,V0119.jpg,test,T0219.jpg,6,revisar
validation,V0119.jpg,test,T0228.jpg,6,revisar
validation,V0119.jpg,test,T0232.jpg,6,revisar
validation,V0119.jpg,test,T0236.jpg,6,revisar
validation,V0119.jpg,test,T0251.jpg,6,revisar
validation,V0119.jpg,test,T0259.jpg,6,revisar
validation,V0119.jpg,test,T0262.jpg,6,revisar
validation,V0119.jpg,test,T0267.jpg,6,revisar
validation,V0119.jpg,test,T0279.jpg,6,revisar
validation,V0119.jpg,test,T0312.jpg,6,revisar
validation,V0119.jpg,test,T0365.jpg,6,revisar
validation,V0119.jpg,test,T0382.jpg,6,revisar
validation,V0119.jpg,test,T0392.jpg,6,revisar
validation,V0119.jpg,test,T0393.jpg,6,revisar
validation,V0121.jpg,test,T0120.jpg,6,revisar
validation,V0121.jpg,test,T0138.jpg,6,revisar
validation,V0121.jpg,test,T0191.jpg,6,revisar
validation,V0121.jpg,test,T0254.jpg,6,revisar
validation,V0121.jpg,test,T0318.jpg,6,revisar
validation,V0121.jpg,test,T0340.jpg,6,revisar
validation,V0121.jpg,test,T0400.jpg,6,revisar
validation,V0122.jpg,test,T0018.jpg,6,revisar
validation,V0122.jpg,test,T0104.jpg,6,revisar
validation,V0122.jpg,test,T0134.jpg,6,revisar
validation,V0122.jpg,test,T0169.jpg,6,revisar
validation,V0122.jpg,test,T0185.jpg,6,revisar
validation,V0122.jpg,test,T0316.jpg,6,revisar
validation,V0122.jpg,test,T0336.jpg,6,revisar
validation,V0123.jpg,test,T0295.jpg,6,revisar
validation,V0124.jpg,test,T0052.jpg,6,revisar
validation,V0124.jpg,test,T0061.jpg,6,revisar
validation,V0124.jpg,test,T0317.jpg,6,revisar
validation,V0124.jpg,test,T0382.jpg,6,revisar
validation,V0125.jpg,test,T0114.jpg,6,revisar
validation,V0125.jpg,test,T0231.jpg,6,revisar
validation,V0125.jpg,test,T0255.jpg,6,revisar
validation,V0125.jpg,test,T0298.jpg,6,revisar
validation,V0125.jpg,test,T0311.jpg,6,revisar
validation,V0125.jpg,test,T0341.jpg,6,revisar
validation,V0125.jpg,test,T0395.jpg,6,revisar
validation,V0127.jpg,test,T0047.jpg,6,revisar
validation,V0127.jpg,test,T0349.jpg,6,revisar
validation,V0128.jpg,test,T0055.jpg,6,revisar
validation,V0128.jpg,test,T0081.jpg,6,revisar
validation,V0128.jpg,test,T0202.jpg,6,revisar
validation,V0129.jpg,test,T0008.jpg,6,revisar
validation,V0129.jpg,test,T0010.jpg,6,revisar
validation,V0129.jpg,test,T0103.jpg,6,revisar
validation,V0129.jpg,test,T0188.jpg,6,revisar
validation,V0129.jpg,test,T0229.jpg,6,revisar
validation,V0129.jpg,test,T0310.jpg,6,revisar
validation,V0129.jpg,test,T0347.jpg,6,revisar
validation,V0130.jpg,test,T0013.jpg,6,revisar
validation,V0130.jpg,test,T0127.jpg,6,revisar
validation,V0130.jpg,test,T0238.jpg,6,revisar
validation,V0131.jpg,test,T0127.jpg,6,revisar
validation,V0131.jpg,test,T0376.jpg,6,revisar
validation,V0132.jpg,test,T0052.jpg,6,revisar
validation,V0132.jpg,test,T0075.jpg,6,revisar
validation,V0132.jpg,test,T0082.jpg,6,revisar
validation,V0132.jpg,test,T0109.jpg,6,revisar
validation,V0132.jpg,test,T0134.jpg,6,revisar
validation,V0132.jpg,test,T0167.jpg,6,revisar
validation,V0132.jpg,test,T0169.jpg,6,revisar
validation,V0132.jpg,test,T0227.jpg,6,revisar
validation,V0132.jpg,test,T0236.jpg,6,revisar
validation,V0132.jpg,test,T0313.jpg,6,revisar
validation,V0132.jpg,test,T0337.jpg,6,revisar
validation,V0132.jpg,test,T0382.jpg,6,revisar
validation,V0134.jpg,test,T0002.jpg,6,revisar
validation,V0134.jpg,test,T0010.jpg,6,revisar
validation,V0134.jpg,test,T0034.jpg,6,revisar
validation,V0134.jpg,test,T0046.jpg,6,revisar
validation,V0134.jpg,test,T0054.jpg,6,revisar
validation,V0134.jpg,test,T0088.jpg,6,revisar
validation,V0134.jpg,test,T0117.jpg,6,revisar
validation,V0134.jpg,test,T0120.jpg,6,revisar
validation,V0134.jpg,test,T0130.jpg,6,revisar
validation,V0134.jpg,test,T0136.jpg,6,revisar
validation,V0134.jpg,test,T0145.jpg,6,revisar
validation,V0134.jpg,test,T0231.jpg,6,revisar
validation,V0134.jpg,test,T0254.jpg,6,revisar
validation,V0134.jpg,test,T0255.jpg,6,revisar
validation,V0134.jpg,test,T0311.jpg,6,revisar
validation,V0134.jpg,test,T0318.jpg,6,revisar
validation,V0134.jpg,test,T0331.jpg,6,revisar
validation,V0134.jpg,test,T0334.jpg,6,revisar
validation,V0134.jpg,test,T0335.jpg,6,revisar
validation,V0134.jpg,test,T0374.jpg,6,revisar
validation,V0134.jpg,test,T0383.jpg,6,revisar
validation,V0135.jpg,test,T0156.jpg,6,revisar
validation,V0135.jpg,test,T0169.jpg,6,revisar
validation,V0135.jpg,test,T0325.jpg,6,revisar
validation,V0135.jpg,test,T0337.jpg,6,revisar
validation,V0136.jpg,test,T0235.jpg,6,revisar
validation,V0137.jpg,test,T0077.jpg,6,revisar
validation,V0137.jpg,test,T0082.jpg,6,revisar
validation,V0137.jpg,test,T0156.jpg,6,revisar
validation,V0137.jpg,test,T0191.jpg,6,revisar
validation,V0137.jpg,test,T0313.jpg,6,revisar
validation,V0137.jpg,test,T0380.jpg,6,revisar
validation,V0138.jpg,test,T0339.jpg,6,revisar
validation,V0138.jpg,test,T0379.jpg,6,revisar
validation,V0139.jpg,test,T0108.jpg,6,revisar
validation,V0139.jpg,test,T0290.jpg,6,revisar
validation,V0140.jpg,test,T0024.jpg,6,revisar
validation,V0140.jpg,test,T0229.jpg,6,revisar
validation,V0141.jpg,test,T0010.jpg,6,revisar
validation,V0141.jpg,test,T0058.jpg,6,revisar
validation,V0141.jpg,test,T0130.jpg,6,revisar
validation,V0141.jpg,test,T0221.jpg,6,revisar
validation,V0141.jpg,test,T0250.jpg,6,revisar
validation,V0141.jpg,test,T0319.jpg,6,revisar
validation,V0141.jpg,test,T0357.jpg,6,revisar
validation,V0142.jpg,test,T0020.jpg,6,revisar
validation,V0142.jpg,test,T0023.jpg,6,revisar
validation,V0142.jpg,test,T0101.jpg,6,revisar
validation,V0142.jpg,test,T0120.jpg,6,revisar
validation,V0142.jpg,test,T0139.jpg,6,revisar
validation,V0142.jpg,test,T0168.jpg,6,revisar
validation,V0142.jpg,test,T0221.jpg,6,revisar
validation,V0142.jpg,test,T0289.jpg,6,revisar
validation,V0142.jpg,test,T0294.jpg,6,revisar
validation,V0142.jpg,test,T0315.jpg,6,revisar
validation,V0142.jpg,test,T0319.jpg,6,revisar
validation,V0142.jpg,test,T0328.jpg,6,revisar
validation,V0142.jpg,test,T0335.jpg,6,revisar
validation,V0142.jpg,test,T0343.jpg,6,revisar
validation,V0142.jpg,test,T0377.jpg,6,revisar
validation,V0143.jpg,test,T0185.jpg,6,revisar
validation,V0144.jpg,test,T0001.jpg,6,revisar
validation,V0144.jpg,test,T0020.jpg,6,revisar
validation,V0144.jpg,test,T0021.jpg,6,revisar
validation,V0144.jpg,test,T0038.jpg,6,revisar
validation,V0144.jpg,test,T0044.jpg,6,revisar
validation,V0144.jpg,test,T0125.jpg,6,revisar
validation,V0144.jpg,test,T0135.jpg,6,revisar
validation,V0144.jpg,test,T0145.jpg,6,revisar
validation,V0144.jpg,test,T0168.jpg,6,revisar
validation,V0144.jpg,test,T0171.jpg,6,revisar
validation,V0144.jpg,test,T0178.jpg,6,revisar
validation,V0144.jpg,test,T0184.jpg,6,revisar
validation,V0144.jpg,test,T0196.jpg,6,revisar
validation,V0144.jpg,test,T0201.jpg,6,revisar
validation,V0144.jpg,test,T0219.jpg,6,revisar
validation,V0144.jpg,test,T0225.jpg,6,revisar
validation,V0144.jpg,test,T0255.jpg,6,revisar
validation,V0144.jpg,test,T0286.jpg,6,revisar
validation,V0144.jpg,test,T0313.jpg,6,revisar
validation,V0144.jpg,test,T0329.jpg,6,revisar
validation,V0144.jpg,test,T0335.jpg,6,revisar
validation,V0144.jpg,test,T0337.jpg,6,revisar
validation,V0144.jpg,test,T0355.jpg,6,revisar
validation,V0144.jpg,test,T0377.jpg,6,revisar
validation,V0144.jpg,test,T0378.jpg,6,revisar
validation,V0144.jpg,test,T0382.jpg,6,revisar
validation,V0144.jpg,test,T0398.jpg,6,revisar
validation,V0145.jpg,test,T0010.jpg,6,revisar
validation,V0145.jpg,test,T0020.jpg,6,revisar
validation,V0145.jpg,test,T0024.jpg,6,revisar
validation,V0145.jpg,test,T0042.jpg,6,revisar
validation,V0145.jpg,test,T0120.jpg,6,revisar
validation,V0145.jpg,test,T0122.jpg,6,revisar
validation,V0145.jpg,test,T0187.jpg,6,revisar
validation,V0145.jpg,test,T0223.jpg,6,revisar
validation,V0145.jpg,test,T0229.jpg,6,revisar
validation,V0145.jpg,test,T0329.jpg,6,revisar
validation,V0145.jpg,test,T0331.jpg,6,revisar
validation,V0146.jpg,test,T0034.jpg,6,revisar
validation,V0146.jpg,test,T0044.jpg,6,revisar
validation,V0146.jpg,test,T0064.jpg,6,revisar
validation,V0146.jpg,test,T0088.jpg,6,revisar
validation,V0146.jpg,test,T0145.jpg,6,revisar
validation,V0146.jpg,test,T0168.jpg,6,revisar
validation,V0146.jpg,test,T0171.jpg,6,revisar
validation,V0146.jpg,test,T0184.jpg,6,revisar
validation,V0146.jpg,test,T0254.jpg,6,revisar
validation,V0146.jpg,test,T0255.jpg,6,revisar
validation,V0146.jpg,test,T0294.jpg,6,revisar
validation,V0146.jpg,test,T0334.jpg,6,revisar
validation,V0146.jpg,test,T0377.jpg,6,revisar
validation,V0146.jpg,test,T0378.jpg,6,revisar
validation,V0147.jpg,test,T0017.jpg,6,revisar
validation,V0147.jpg,test,T0021.jpg,6,revisar
validation,V0147.jpg,test,T0033.jpg,6,revisar
validation,V0147.jpg,test,T0052.jpg,6,revisar
validation,V0147.jpg,test,T0053.jpg,6,revisar
validation,V0147.jpg,test,T0082.jpg,6,revisar
validation,V0147.jpg,test,T0095.jpg,6,revisar
validation,V0147.jpg,test,T0104.jpg,6,revisar
validation,V0147.jpg,test,T0107.jpg,6,revisar
validation,V0147.jpg,test,T0154.jpg,6,revisar
validation,V0147.jpg,test,T0251.jpg,6,revisar
validation,V0147.jpg,test,T0260.jpg,6,revisar
validation,V0147.jpg,test,T0269.jpg,6,revisar
validation,V0147.jpg,test,T0287.jpg,6,revisar
validation,V0147.jpg,test,T0299.jpg,6,revisar
validation,V0147.jpg,test,T0307.jpg,6,revisar
validation,V0147.jpg,test,T0317.jpg,6,revisar
validation,V0147.jpg,test,T0338.jpg,6,revisar
validation,V0147.jpg,test,T0365.jpg,6,revisar
validation,V0147.jpg,test,T0380.jpg,6,revisar
validation,V0147.jpg,test,T0390.jpg,6,revisar
validation,V0148.jpg,test,T0011.jpg,6,revisar
validation,V0148.jpg,test,T0112.jpg,6,revisar
validation,V0148.jpg,test,T0169.jpg,6,revisar
validation,V0148.jpg,test,T0286.jpg,6,revisar
validation,V0148.jpg,test,T0299.jpg,6,revisar
validation,V0148.jpg,test,T0317.jpg,6,revisar
validation,V0148.jpg,test,T0325.jpg,6,revisar
validation,V0148.jpg,test,T0361.jpg,6,revisar
validation,V0150.jpg,test,T0296.jpg,6,revisar
validation,V0151.jpg,test,T0043.jpg,6,revisar
validation,V0151.jpg,test,T0082.jpg,6,revisar
validation,V0151.jpg,test,T0104.jpg,6,revisar
validation,V0151.jpg,test,T0156.jpg,6,revisar
validation,V0151.jpg,test,T0185.jpg,6,revisar
validation,V0151.jpg,test,T0380.jpg,6,revisar
validation,V0152.jpg,test,T0001.jpg,6,revisar
validation,V0152.jpg,test,T0029.jpg,6,revisar
validation,V0152.jpg,test,T0033.jpg,6,revisar
validation,V0152.jpg,test,T0035.jpg,6,revisar
validation,V0152.jpg,test,T0050.jpg,6,revisar
validation,V0152.jpg,test,T0052.jpg,6,revisar
validation,V0152.jpg,test,T0077.jpg,6,revisar
validation,V0152.jpg,test,T0087.jpg,6,revisar
validation,V0152.jpg,test,T0107.jpg,6,revisar
validation,V0152.jpg,test,T0118.jpg,6,revisar
validation,V0152.jpg,test,T0151.jpg,6,revisar
validation,V0152.jpg,test,T0154.jpg,6,revisar
validation,V0152.jpg,test,T0167.jpg,6,revisar
validation,V0152.jpg,test,T0201.jpg,6,revisar
validation,V0152.jpg,test,T0236.jpg,6,revisar
validation,V0152.jpg,test,T0267.jpg,6,revisar
validation,V0152.jpg,test,T0289.jpg,6,revisar
validation,V0152.jpg,test,T0307.jpg,6,revisar
validation,V0152.jpg,test,T0312.jpg,6,revisar
validation,V0152.jpg,test,T0337.jpg,6,revisar
validation,V0152.jpg,test,T0363.jpg,6,revisar
validation,V0152.jpg,test,T0365.jpg,6,revisar
validation,V0152.jpg,test,T0390.jpg,6,revisar
validation,V0152.jpg,test,T0393.jpg,6,revisar
validation,V0153.jpg,test,T0010.jpg,6,revisar
validation,V0153.jpg,test,T0142.jpg,6,revisar
validation,V0153.jpg,test,T0318.jpg,6,revisar
validation,V0154.jpg,test,T0081.jpg,6,revisar
validation,V0154.jpg,test,T0083.jpg,6,revisar
validation,V0154.jpg,test,T0102.jpg,6,revisar
validation,V0154.jpg,test,T0105.jpg,6,revisar
validation,V0154.jpg,test,T0202.jpg,6,revisar
validation,V0154.jpg,test,T0280.jpg,6,revisar
validation,V0155.jpg,test,T0326.jpg,6,revisar
validation,V0157.jpg,test,T0020.jpg,6,revisar
validation,V0157.jpg,test,T0024.jpg,6,revisar
validation,V0157.jpg,test,T0064.jpg,6,revisar
validation,V0157.jpg,test,T0073.jpg,6,revisar
validation,V0157.jpg,test,T0092.jpg,6,revisar
validation,V0157.jpg,test,T0120.jpg,6,revisar
validation,V0157.jpg,test,T0138.jpg,6,revisar
validation,V0157.jpg,test,T0154.jpg,6,revisar
validation,V0157.jpg,test,T0159.jpg,6,revisar
validation,V0157.jpg,test,T0171.jpg,6,revisar
validation,V0157.jpg,test,T0191.jpg,6,revisar
validation,V0157.jpg,test,T0201.jpg,6,revisar
validation,V0157.jpg,test,T0220.jpg,6,revisar
validation,V0157.jpg,test,T0260.jpg,6,revisar
validation,V0157.jpg,test,T0269.jpg,6,revisar
validation,V0157.jpg,test,T0286.jpg,6,revisar
validation,V0157.jpg,test,T0293.jpg,6,revisar
validation,V0157.jpg,test,T0329.jpg,6,revisar
validation,V0157.jpg,test,T0390.jpg,6,revisar
validation,V0158.jpg,test,T0018.jpg,6,revisar
validation,V0158.jpg,test,T0076.jpg,6,revisar
validation,V0158.jpg,test,T0107.jpg,6,revisar
validation,V0158.jpg,test,T0115.jpg,6,revisar
validation,V0158.jpg,test,T0118.jpg,6,revisar
validation,V0158.jpg,test,T0169.jpg,6,revisar
validation,V0158.jpg,test,T0236.jpg,6,revisar
validation,V0158.jpg,test,T0262.jpg,6,revisar
validation,V0158.jpg,test,T0269.jpg,6,revisar
validation,V0158.jpg,test,T0313.jpg,6,revisar
validation,V0158.jpg,test,T0316.jpg,6,revisar
validation,V0158.jpg,test,T0325.jpg,6,revisar
validation,V0160.jpg,test,T0059.jpg,6,revisar
validation,V0160.jpg,test,T0064.jpg,6,revisar
validation,V0160.jpg,test,T0146.jpg,6,revisar
validation,V0160.jpg,test,T0182.jpg,6,revisar
validation,V0160.jpg,test,T0198.jpg,6,revisar
validation,V0160.jpg,test,T0387.jpg,6,revisar
validation,V0161.jpg,test,T0010.jpg,6,revisar
validation,V0161.jpg,test,T0021.jpg,6,revisar
validation,V0161.jpg,test,T0023.jpg,6,revisar
validation,V0161.jpg,test,T0073.jpg,6,revisar
validation,V0161.jpg,test,T0114.jpg,6,revisar
validation,V0161.jpg,test,T0117.jpg,6,revisar
validation,V0161.jpg,test,T0125.jpg,6,revisar
validation,V0161.jpg,test,T0168.jpg,6,revisar
validation,V0161.jpg,test,T0207.jpg,6,revisar
validation,V0161.jpg,test,T0214.jpg,6,revisar
validation,V0161.jpg,test,T0231.jpg,6,revisar
validation,V0161.jpg,test,T0250.jpg,6,revisar
validation,V0161.jpg,test,T0294.jpg,6,revisar
validation,V0161.jpg,test,T0318.jpg,6,revisar
validation,V0161.jpg,test,T0328.jpg,6,revisar
validation,V0161.jpg,test,T0334.jpg,6,revisar
validation,V0161.jpg,test,T0337.jpg,6,revisar
validation,V0161.jpg,test,T0383.jpg,6,revisar
validation,V0161.jpg,test,T0392.jpg,6,revisar
validation,V0162.jpg,test,T0160.jpg,6,revisar
validation,V0162.jpg,test,T0396.jpg,6,revisar
validation,V0163.jpg,test,T0073.jpg,6,revisar
validation,V0163.jpg,test,T0101.jpg,6,revisar
validation,V0163.jpg,test,T0111.jpg,6,revisar
validation,V0163.jpg,test,T0114.jpg,6,revisar
validation,V0163.jpg,test,T0136.jpg,6,revisar
validation,V0163.jpg,test,T0141.jpg,6,revisar
validation,V0163.jpg,test,T0168.jpg,6,revisar
validation,V0163.jpg,test,T0197.jpg,6,revisar
validation,V0163.jpg,test,T0231.jpg,6,revisar
validation,V0163.jpg,test,T0254.jpg,6,revisar
validation,V0163.jpg,test,T0278.jpg,6,revisar
validation,V0163.jpg,test,T0294.jpg,6,revisar
validation,V0163.jpg,test,T0298.jpg,6,revisar
validation,V0163.jpg,test,T0311.jpg,6,revisar
validation,V0163.jpg,test,T0319.jpg,6,revisar
validation,V0163.jpg,test,T0334.jpg,6,revisar
validation,V0163.jpg,test,T0377.jpg,6,revisar
validation,V0163.jpg,test,T0395.jpg,6,revisar
validation,V0163.jpg,test,T0399.jpg,6,revisar
validation,V0166.jpg,test,T0021.jpg,6,revisar
validation,V0166.jpg,test,T0038.jpg,6,revisar
validation,V0166.jpg,test,T0064.jpg,6,revisar
validation,V0166.jpg,test,T0075.jpg,6,revisar
validation,V0166.jpg,test,T0077.jpg,6,revisar
validation,V0166.jpg,test,T0080.jpg,6,revisar
validation,V0166.jpg,test,T0088.jpg,6,revisar
validation,V0166.jpg,test,T0092.jpg,6,revisar
validation,V0166.jpg,test,T0115.jpg,6,revisar
validation,V0166.jpg,test,T0118.jpg,6,revisar
validation,V0166.jpg,test,T0166.jpg,6,revisar
validation,V0166.jpg,test,T0168.jpg,6,revisar
validation,V0166.jpg,test,T0169.jpg,6,revisar
validation,V0166.jpg,test,T0190.jpg,6,revisar
validation,V0166.jpg,test,T0196.jpg,6,revisar
validation,V0166.jpg,test,T0216.jpg,6,revisar
validation,V0166.jpg,test,T0220.jpg,6,revisar
validation,V0166.jpg,test,T0225.jpg,6,revisar
validation,V0166.jpg,test,T0251.jpg,6,revisar
validation,V0166.jpg,test,T0293.jpg,6,revisar
validation,V0166.jpg,test,T0299.jpg,6,revisar
validation,V0166.jpg,test,T0313.jpg,6,revisar
validation,V0166.jpg,test,T0337.jpg,6,revisar
validation,V0166.jpg,test,T0338.jpg,6,revisar
validation,V0166.jpg,test,T0390.jpg,6,revisar
validation,V0166.jpg,test,T0392.jpg,6,revisar
validation,V0167.jpg,test,T0066.jpg,6,revisar
validation,V0168.jpg,test,T0017.jpg,6,revisar
validation,V0168.jpg,test,T0029.jpg,6,revisar
validation,V0168.jpg,test,T0033.jpg,6,revisar
validation,V0168.jpg,test,T0075.jpg,6,revisar
validation,V0168.jpg,test,T0076.jpg,6,revisar
validation,V0168.jpg,test,T0095.jpg,6,revisar
validation,V0168.jpg,test,T0109.jpg,6,revisar
validation,V0168.jpg,test,T0125.jpg,6,revisar
validation,V0168.jpg,test,T0134.jpg,6,revisar
validation,V0168.jpg,test,T0151.jpg,6,revisar
validation,V0168.jpg,test,T0167.jpg,6,revisar
validation,V0168.jpg,test,T0169.jpg,6,revisar
validation,V0168.jpg,test,T0259.jpg,6,revisar
validation,V0168.jpg,test,T0262.jpg,6,revisar
validation,V0168.jpg,test,T0267.jpg,6,revisar
validation,V0168.jpg,test,T0287.jpg,6,revisar
validation,V0168.jpg,test,T0316.jpg,6,revisar
validation,V0168.jpg,test,T0336.jpg,6,revisar
validation,V0168.jpg,test,T0392.jpg,6,revisar
validation,V0168.jpg,test,T0393.jpg,6,revisar
validation,V0170.jpg,test,T0088.jpg,6,revisar
validation,V0170.jpg,test,T0220.jpg,6,revisar
validation,V0170.jpg,test,T0293.jpg,6,revisar
validation,V0170.jpg,test,T0317.jpg,6,revisar
validation,V0171.jpg,test,T0381.jpg,6,revisar
validation,V0172.jpg,test,T0225.jpg,6,revisar
validation,V0172.jpg,test,T0298.jpg,6,revisar
validation,V0172.jpg,test,T0338.jpg,6,revisar
validation,V0173.jpg,test,T0001.jpg,6,revisar
validation,V0173.jpg,test,T0029.jpg,6,revisar
validation,V0173.jpg,test,T0033.jpg,6,revisar
validation,V0173.jpg,test,T0048.jpg,6,revisar
validation,V0173.jpg,test,T0050.jpg,6,revisar
validation,V0173.jpg,test,T0052.jpg,6,revisar
validation,V0173.jpg,test,T0053.jpg,6,revisar
validation,V0173.jpg,test,T0076.jpg,6,revisar
validation,V0173.jpg,test,T0077.jpg,6,revisar
validation,V0173.jpg,test,T0095.jpg,6,revisar
validation,V0173.jpg,test,T0115.jpg,6,revisar
validation,V0173.jpg,test,T0118.jpg,6,revisar
validation,V0173.jpg,test,T0156.jpg,6,revisar
validation,V0173.jpg,test,T0187.jpg,6,revisar
validation,V0173.jpg,test,T0196.jpg,6,revisar
validation,V0173.jpg,test,T0201.jpg,6,revisar
validation,V0173.jpg,test,T0251.jpg,6,revisar
validation,V0173.jpg,test,T0267.jpg,6,revisar
validation,V0173.jpg,test,T0289.jpg,6,revisar
validation,V0173.jpg,test,T0292.jpg,6,revisar
validation,V0173.jpg,test,T0307.jpg,6,revisar
validation,V0173.jpg,test,T0312.jpg,6,revisar
validation,V0173.jpg,test,T0313.jpg,6,revisar
validation,V0173.jpg,test,T0325.jpg,6,revisar
validation,V0173.jpg,test,T0337.jpg,6,revisar
validation,V0173.jpg,test,T0361.jpg,6,revisar
validation,V0173.jpg,test,T0363.jpg,6,revisar
validation,V0173.jpg,test,T0365.jpg,6,revisar
validation,V0174.jpg,test,T0129.jpg,6,revisar
validation,V0174.jpg,test,T0222.jpg,6,revisar
validation,V0174.jpg,test,T0224.jpg,6,revisar
validation,V0174.jpg,test,T0277.jpg,6,revisar
validation,V0176.jpg,test,T0371.jpg,6,revisar
validation,V0177.jpg,test,T0033.jpg,6,revisar
validation,V0177.jpg,test,T0051.jpg,6,revisar
validation,V0177.jpg,test,T0101.jpg,6,revisar
validation,V0177.jpg,test,T0111.jpg,6,revisar
validation,V0177.jpg,test,T0130.jpg,6,revisar
validation,V0177.jpg,test,T0311.jpg,6,revisar
validation,V0177.jpg,test,T0345.jpg,6,revisar
validation,V0178.jpg,test,T0019.jpg,6,revisar
validation,V0178.jpg,test,T0058.jpg,6,revisar
validation,V0178.jpg,test,T0073.jpg,6,revisar
validation,V0178.jpg,test,T0092.jpg,6,revisar
validation,V0178.jpg,test,T0111.jpg,6,revisar
validation,V0178.jpg,test,T0130.jpg,6,revisar
validation,V0178.jpg,test,T0158.jpg,6,revisar
validation,V0178.jpg,test,T0168.jpg,6,revisar
validation,V0178.jpg,test,T0197.jpg,6,revisar
validation,V0178.jpg,test,T0278.jpg,6,revisar
validation,V0178.jpg,test,T0319.jpg,6,revisar
validation,V0178.jpg,test,T0328.jpg,6,revisar
validation,V0178.jpg,test,T0334.jpg,6,revisar
validation,V0178.jpg,test,T0350.jpg,6,revisar
validation,V0178.jpg,test,T0374.jpg,6,revisar
validation,V0179.jpg,test,T0117.jpg,6,revisar
validation,V0179.jpg,test,T0145.jpg,6,revisar
validation,V0179.jpg,test,T0168.jpg,6,revisar
validation,V0179.jpg,test,T0225.jpg,6,revisar
validation,V0179.jpg,test,T0231.jpg,6,revisar
validation,V0179.jpg,test,T0298.jpg,6,revisar
validation,V0179.jpg,test,T0331.jpg,6,revisar
validation,V0180.jpg,test,T0004.jpg,6,revisar
validation,V0180.jpg,test,T0029.jpg,6,revisar
validation,V0180.jpg,test,T0033.jpg,6,revisar
validation,V0180.jpg,test,T0050.jpg,6,revisar
validation,V0180.jpg,test,T0052.jpg,6,revisar
validation,V0180.jpg,test,T0053.jpg,6,revisar
validation,V0180.jpg,test,T0076.jpg,6,revisar
validation,V0180.jpg,test,T0107.jpg,6,revisar
validation,V0180.jpg,test,T0118.jpg,6,revisar
validation,V0180.jpg,test,T0154.jpg,6,revisar
validation,V0180.jpg,test,T0169.jpg,6,revisar
validation,V0180.jpg,test,T0196.jpg,6,revisar
validation,V0180.jpg,test,T0206.jpg,6,revisar
validation,V0180.jpg,test,T0244.jpg,6,revisar
validation,V0180.jpg,test,T0251.jpg,6,revisar
validation,V0180.jpg,test,T0267.jpg,6,revisar
validation,V0180.jpg,test,T0307.jpg,6,revisar
validation,V0180.jpg,test,T0312.jpg,6,revisar
validation,V0180.jpg,test,T0313.jpg,6,revisar
validation,V0180.jpg,test,T0325.jpg,6,revisar
validation,V0180.jpg,test,T0363.jpg,6,revisar
validation,V0180.jpg,test,T0390.jpg,6,revisar
validation,V0180.jpg,test,T0392.jpg,6,revisar
validation,V0180.jpg,test,T0393.jpg,6,revisar
validation,V0181.jpg,test,T0077.jpg,6,revisar
validation,V0181.jpg,test,T0286.jpg,6,revisar
validation,V0181.jpg,test,T0338.jpg,6,revisar
validation,V0181.jpg,test,T0361.jpg,6,revisar
validation,V0182.jpg,test,T0053.jpg,6,revisar
validation,V0182.jpg,test,T0075.jpg,6,revisar
validation,V0182.jpg,test,T0078.jpg,6,revisar
validation,V0182.jpg,test,T0095.jpg,6,revisar
validation,V0182.jpg,test,T0121.jpg,6,revisar
validation,V0182.jpg,test,T0134.jpg,6,revisar
validation,V0182.jpg,test,T0232.jpg,6,revisar
validation,V0182.jpg,test,T0259.jpg,6,revisar
validation,V0182.jpg,test,T0337.jpg,6,revisar
validation,V0183.jpg,test,T0030.jpg,6,revisar
validation,V0183.jpg,test,T0056.jpg,6,revisar
validation,V0183.jpg,test,T0249.jpg,6,revisar
validation,V0185.jpg,test,T0203.jpg,6,revisar
validation,V0185.jpg,test,T0270.jpg,6,revisar
validation,V0186.jpg,test,T0039.jpg,6,revisar
validation,V0187.jpg,test,T0044.jpg,6,revisar
validation,V0187.jpg,test,T0114.jpg,6,revisar
validation,V0187.jpg,test,T0158.jpg,6,revisar
validation,V0187.jpg,test,T0159.jpg,6,revisar
validation,V0187.jpg,test,T0255.jpg,6,revisar
validation,V0187.jpg,test,T0311.jpg,6,revisar
validation,V0187.jpg,test,T0318.jpg,6,revisar
validation,V0187.jpg,test,T0368.jpg,6,revisar
validation,V0187.jpg,test,T0399.jpg,6,revisar
validation,V0188.jpg,test,T0005.jpg,6,revisar
validation,V0188.jpg,test,T0073.jpg,6,revisar
validation,V0188.jpg,test,T0120.jpg,6,revisar
validation,V0188.jpg,test,T0136.jpg,6,revisar
validation,V0188.jpg,test,T0153.jpg,6,revisar
validation,V0188.jpg,test,T0168.jpg,6,revisar
validation,V0188.jpg,test,T0201.jpg,6,revisar
validation,V0188.jpg,test,T0214.jpg,6,revisar
validation,V0188.jpg,test,T0254.jpg,6,revisar
validation,V0188.jpg,test,T0278.jpg,6,revisar
validation,V0188.jpg,test,T0331.jpg,6,revisar
validation,V0188.jpg,test,T0334.jpg,6,revisar
validation,V0188.jpg,test,T0335.jpg,6,revisar
validation,V0189.jpg,test,T0063.jpg,6,revisar
validation,V0189.jpg,test,T0095.jpg,6,revisar
validation,V0189.jpg,test,T0198.jpg,6,revisar
validation,V0189.jpg,test,T0287.jpg,6,revisar
validation,V0189.jpg,test,T0290.jpg,6,revisar
validation,V0190.jpg,test,T0024.jpg,6,revisar
validation,V0190.jpg,test,T0082.jpg,6,revisar
validation,V0190.jpg,test,T0171.jpg,6,revisar
validation,V0190.jpg,test,T0247.jpg,6,revisar
validation,V0190.jpg,test,T0355.jpg,6,revisar
validation,V0190.jpg,test,T0378.jpg,6,revisar
validation,V0190.jpg,test,T0380.jpg,6,revisar
validation,V0191.jpg,test,T0085.jpg,6,revisar
validation,V0191.jpg,test,T0142.jpg,6,revisar
validation,V0191.jpg,test,T0223.jpg,6,revisar
validation,V0191.jpg,test,T0229.jpg,6,revisar
validation,V0191.jpg,test,T0347.jpg,6,revisar
validation,V0192.jpg,test,T0062.jpg,6,revisar
validation,V0192.jpg,test,T0071.jpg,6,revisar
validation,V0192.jpg,test,T0079.jpg,6,revisar
validation,V0192.jpg,test,T0083.jpg,6,revisar
validation,V0192.jpg,test,T0091.jpg,6,revisar
validation,V0192.jpg,test,T0127.jpg,6,revisar
validation,V0192.jpg,test,T0132.jpg,6,revisar
validation,V0192.jpg,test,T0143.jpg,6,revisar
validation,V0192.jpg,test,T0179.jpg,6,revisar
validation,V0192.jpg,test,T0296.jpg,6,revisar
validation,V0192.jpg,test,T0324.jpg,6,revisar
validation,V0194.jpg,test,T0099.jpg,6,revisar
validation,V0194.jpg,test,T0110.jpg,6,revisar
validation,V0194.jpg,test,T0337.jpg,6,revisar
validation,V0195.jpg,test,T0024.jpg,6,revisar
validation,V0195.jpg,test,T0129.jpg,6,revisar
validation,V0195.jpg,test,T0215.jpg,6,revisar
validation,V0195.jpg,test,T0317.jpg,6,revisar
validation,V0196.jpg,test,T0010.jpg,6,revisar
validation,V0196.jpg,test,T0054.jpg,6,revisar
validation,V0196.jpg,test,T0073.jpg,6,revisar
validation,V0196.jpg,test,T0120.jpg,6,revisar
validation,V0196.jpg,test,T0145.jpg,6,revisar
validation,V0196.jpg,test,T0168.jpg,6,revisar
validation,V0196.jpg,test,T0223.jpg,6,revisar
validation,V0196.jpg,test,T0225.jpg,6,revisar
validation,V0196.jpg,test,T0251.jpg,6,revisar
validation,V0196.jpg,test,T0254.jpg,6,revisar
validation,V0196.jpg,test,T0318.jpg,6,revisar
validation,V0196.jpg,test,T0319.jpg,6,revisar
validation,V0196.jpg,test,T0331.jpg,6,revisar
validation,V0196.jpg,test,T0343.jpg,6,revisar
validation,V0197.jpg,test,T0001.jpg,6,revisar
validation,V0197.jpg,test,T0020.jpg,6,revisar
validation,V0197.jpg,test,T0024.jpg,6,revisar
validation,V0197.jpg,test,T0082.jpg,6,revisar
validation,V0197.jpg,test,T0145.jpg,6,revisar
validation,V0197.jpg,test,T0154.jpg,6,revisar
validation,V0197.jpg,test,T0166.jpg,6,revisar
validation,V0197.jpg,test,T0190.jpg,6,revisar
validation,V0197.jpg,test,T0191.jpg,6,revisar
validation,V0197.jpg,test,T0196.jpg,6,revisar
validation,V0197.jpg,test,T0286.jpg,6,revisar
validation,V0197.jpg,test,T0315.jpg,6,revisar
validation,V0197.jpg,test,T0325.jpg,6,revisar
validation,V0197.jpg,test,T0368.jpg,6,revisar
validation,V0198.jpg,test,T0088.jpg,6,revisar
validation,V0198.jpg,test,T0135.jpg,6,revisar
validation,V0198.jpg,test,T0167.jpg,6,revisar
validation,V0198.jpg,test,T0219.jpg,6,revisar
validation,V0198.jpg,test,T0220.jpg,6,revisar
validation,V0198.jpg,test,T0251.jpg,6,revisar
validation,V0198.jpg,test,T0262.jpg,6,revisar
validation,V0198.jpg,test,T0293.jpg,6,revisar
validation,V0198.jpg,test,T0311.jpg,6,revisar
validation,V0198.jpg,test,T0393.jpg,6,revisar
validation,V0200.jpg,test,T0038.jpg,6,revisar
validation,V0200.jpg,test,T0058.jpg,6,revisar
validation,V0200.jpg,test,T0072.jpg,6,revisar
validation,V0200.jpg,test,T0145.jpg,6,revisar
validation,V0200.jpg,test,T0154.jpg,6,revisar
validation,V0200.jpg,test,T0168.jpg,6,revisar
validation,V0200.jpg,test,T0225.jpg,6,revisar
validation,V0200.jpg,test,T0231.jpg,6,revisar
validation,V0200.jpg,test,T0328.jpg,6,revisar
validation,V0200.jpg,test,T0334.jpg,6,revisar
validation,V0201.jpg,test,T0120.jpg,6,revisar
validation,V0201.jpg,test,T0138.jpg,6,revisar
validation,V0201.jpg,test,T0171.jpg,6,revisar
validation,V0201.jpg,test,T0203.jpg,6,revisar
validation,V0202.jpg,test,T0044.jpg,6,revisar
validation,V0202.jpg,test,T0087.jpg,6,revisar
validation,V0202.jpg,test,T0158.jpg,6,revisar
validation,V0202.jpg,test,T0205.jpg,6,revisar
validation,V0202.jpg,test,T0255.jpg,6,revisar
validation,V0202.jpg,test,T0341.jpg,6,revisar
validation,V0202.jpg,test,T0374.jpg,6,revisar
validation,V0202.jpg,test,T0377.jpg,6,revisar
validation,V0202.jpg,test,T0380.jpg,6,revisar
validation,V0203.jpg,test,T0001.jpg,6,revisar
validation,V0203.jpg,test,T0028.jpg,6,revisar
validation,V0203.jpg,test,T0032.jpg,6,revisar
validation,V0203.jpg,test,T0042.jpg,6,revisar
validation,V0203.jpg,test,T0139.jpg,6,revisar
validation,V0203.jpg,test,T0154.jpg,6,revisar
validation,V0203.jpg,test,T0201.jpg,6,revisar
validation,V0203.jpg,test,T0214.jpg,6,revisar
validation,V0203.jpg,test,T0225.jpg,6,revisar
validation,V0203.jpg,test,T0251.jpg,6,revisar
validation,V0203.jpg,test,T0255.jpg,6,revisar
validation,V0203.jpg,test,T0286.jpg,6,revisar
validation,V0203.jpg,test,T0289.jpg,6,revisar
validation,V0203.jpg,test,T0298.jpg,6,revisar
validation,V0203.jpg,test,T0314.jpg,6,revisar
validation,V0203.jpg,test,T0319.jpg,6,revisar
validation,V0203.jpg,test,T0331.jpg,6,revisar
validation,V0203.jpg,test,T0343.jpg,6,revisar
validation,V0203.jpg,test,T0345.jpg,6,revisar
validation,V0203.jpg,test,T0369.jpg,6,revisar
validation,V0203.jpg,test,T0374.jpg,6,revisar
validation,V0203.jpg,test,T0383.jpg,6,revisar
validation,V0203.jpg,test,T0392.jpg,6,revisar
validation,V0203.jpg,test,T0395.jpg,6,revisar
validation,V0204.jpg,test,T0005.jpg,6,revisar
validation,V0204.jpg,test,T0136.jpg,6,revisar
validation,V0204.jpg,test,T0154.jpg,6,revisar
validation,V0204.jpg,test,T0168.jpg,6,revisar
validation,V0204.jpg,test,T0201.jpg,6,revisar
validation,V0204.jpg,test,T0225.jpg,6,revisar
validation,V0204.jpg,test,T0278.jpg,6,revisar
validation,V0204.jpg,test,T0331.jpg,6,revisar
validation,V0204.jpg,test,T0334.jpg,6,revisar
validation,V0205.jpg,test,T0076.jpg,6,revisar
validation,V0205.jpg,test,T0104.jpg,6,revisar
validation,V0205.jpg,test,T0107.jpg,6,revisar
validation,V0205.jpg,test,T0134.jpg,6,revisar
validation,V0205.jpg,test,T0262.jpg,6,revisar
validation,V0205.jpg,test,T0307.jpg,6,revisar
validation,V0205.jpg,test,T0316.jpg,6,revisar
validation,V0206.jpg,test,T0017.jpg,6,revisar
validation,V0206.jpg,test,T0021.jpg,6,revisar
validation,V0206.jpg,test,T0029.jpg,6,revisar
validation,V0206.jpg,test,T0125.jpg,6,revisar
validation,V0206.jpg,test,T0167.jpg,6,revisar
validation,V0206.jpg,test,T0169.jpg,6,revisar
validation,V0206.jpg,test,T0212.jpg,6,revisar
validation,V0206.jpg,test,T0251.jpg,6,revisar
validation,V0206.jpg,test,T0262.jpg,6,revisar
validation,V0206.jpg,test,T0267.jpg,6,revisar
validation,V0206.jpg,test,T0336.jpg,6,revisar
validation,V0206.jpg,test,T0382.jpg,6,revisar
validation,V0206.jpg,test,T0392.jpg,6,revisar
validation,V0207.jpg,test,T0005.jpg,6,revisar
validation,V0207.jpg,test,T0008.jpg,6,revisar
validation,V0207.jpg,test,T0024.jpg,6,revisar
validation,V0207.jpg,test,T0042.jpg,6,revisar
validation,V0207.jpg,test,T0046.jpg,6,revisar
validation,V0207.jpg,test,T0054.jpg,6,revisar
validation,V0207.jpg,test,T0073.jpg,6,revisar
validation,V0207.jpg,test,T0080.jpg,6,revisar
validation,V0207.jpg,test,T0117.jpg,6,revisar
validation,V0207.jpg,test,T0122.jpg,6,revisar
validation,V0207.jpg,test,T0136.jpg,6,revisar
validation,V0207.jpg,test,T0154.jpg,6,revisar
validation,V0207.jpg,test,T0201.jpg,6,revisar
validation,V0207.jpg,test,T0223.jpg,6,revisar
validation,V0207.jpg,test,T0225.jpg,6,revisar
validation,V0207.jpg,test,T0254.jpg,6,revisar
validation,V0207.jpg,test,T0285.jpg,6,revisar
validation,V0207.jpg,test,T0294.jpg,6,revisar
validation,V0207.jpg,test,T0310.jpg,6,revisar
validation,V0207.jpg,test,T0319.jpg,6,revisar
validation,V0207.jpg,test,T0361.jpg,6,revisar
validation,V0207.jpg,test,T0400.jpg,6,revisar
validation,V0208.jpg,test,T0017.jpg,6,revisar
validation,V0208.jpg,test,T0029.jpg,6,revisar
validation,V0208.jpg,test,T0077.jpg,6,revisar
validation,V0208.jpg,test,T0109.jpg,6,revisar
validation,V0208.jpg,test,T0134.jpg,6,revisar
validation,V0208.jpg,test,T0154.jpg,6,revisar
validation,V0208.jpg,test,T0169.jpg,6,revisar
validation,V0208.jpg,test,T0267.jpg,6,revisar
validation,V0208.jpg,test,T0350.jpg,6,revisar
validation,V0208.jpg,test,T0361.jpg,6,revisar
validation,V0208.jpg,test,T0365.jpg,6,revisar
validation,V0208.jpg,test,T0380.jpg,6,revisar
validation,V0208.jpg,test,T0392.jpg,6,revisar
validation,V0208.jpg,test,T0393.jpg,6,revisar
validation,V0209.jpg,test,T0032.jpg,6,revisar
validation,V0209.jpg,test,T0044.jpg,6,revisar
validation,V0209.jpg,test,T0087.jpg,6,revisar
validation,V0209.jpg,test,T0101.jpg,6,revisar
validation,V0209.jpg,test,T0111.jpg,6,revisar
validation,V0209.jpg,test,T0139.jpg,6,revisar
validation,V0209.jpg,test,T0141.jpg,6,revisar
validation,V0209.jpg,test,T0149.jpg,6,revisar
validation,V0209.jpg,test,T0168.jpg,6,revisar
validation,V0209.jpg,test,T0255.jpg,6,revisar
validation,V0209.jpg,test,T0278.jpg,6,revisar
validation,V0209.jpg,test,T0294.jpg,6,revisar
validation,V0209.jpg,test,T0334.jpg,6,revisar
validation,V0209.jpg,test,T0341.jpg,6,revisar
validation,V0209.jpg,test,T0377.jpg,6,revisar
validation,V0209.jpg,test,T0399.jpg,6,revisar
validation,V0211.jpg,test,T0048.jpg,6,revisar
validation,V0211.jpg,test,T0069.jpg,6,revisar
validation,V0211.jpg,test,T0078.jpg,6,revisar
validation,V0211.jpg,test,T0121.jpg,6,revisar
validation,V0211.jpg,test,T0173.jpg,6,revisar
validation,V0211.jpg,test,T0219.jpg,6,revisar
validation,V0211.jpg,test,T0228.jpg,6,revisar
validation,V0211.jpg,test,T0232.jpg,6,revisar
validation,V0211.jpg,test,T0245.jpg,6,revisar
validation,V0211.jpg,test,T0279.jpg,6,revisar
validation,V0211.jpg,test,T0363.jpg,6,revisar
validation,V0211.jpg,test,T0367.jpg,6,revisar
validation,V0212.jpg,test,T0001.jpg,6,revisar
validation,V0212.jpg,test,T0021.jpg,6,revisar
validation,V0212.jpg,test,T0075.jpg,6,revisar
validation,V0212.jpg,test,T0077.jpg,6,revisar
validation,V0212.jpg,test,T0145.jpg,6,revisar
validation,V0212.jpg,test,T0153.jpg,6,revisar
validation,V0212.jpg,test,T0168.jpg,6,revisar
validation,V0212.jpg,test,T0169.jpg,6,revisar
validation,V0212.jpg,test,T0201.jpg,6,revisar
validation,V0212.jpg,test,T0225.jpg,6,revisar
validation,V0212.jpg,test,T0239.jpg,6,revisar
validation,V0212.jpg,test,T0260.jpg,6,revisar
validation,V0212.jpg,test,T0279.jpg,6,revisar
validation,V0212.jpg,test,T0289.jpg,6,revisar
validation,V0212.jpg,test,T0292.jpg,6,revisar
validation,V0212.jpg,test,T0313.jpg,6,revisar
validation,V0212.jpg,test,T0334.jpg,6,revisar
validation,V0212.jpg,test,T0336.jpg,6,revisar
validation,V0212.jpg,test,T0337.jpg,6,revisar
validation,V0212.jpg,test,T0338.jpg,6,revisar
validation,V0212.jpg,test,T0361.jpg,6,revisar
validation,V0212.jpg,test,T0392.jpg,6,revisar
validation,V0214.jpg,test,T0014.jpg,6,revisar
validation,V0214.jpg,test,T0016.jpg,6,revisar
validation,V0214.jpg,test,T0021.jpg,6,revisar
validation,V0214.jpg,test,T0035.jpg,6,revisar
validation,V0214.jpg,test,T0040.jpg,6,revisar
validation,V0214.jpg,test,T0041.jpg,6,revisar
validation,V0214.jpg,test,T0048.jpg,6,revisar
validation,V0214.jpg,test,T0052.jpg,6,revisar
validation,V0214.jpg,test,T0063.jpg,6,revisar
validation,V0214.jpg,test,T0078.jpg,6,revisar
validation,V0214.jpg,test,T0095.jpg,6,revisar
validation,V0214.jpg,test,T0125.jpg,6,revisar
validation,V0214.jpg,test,T0169.jpg,6,revisar
validation,V0214.jpg,test,T0182.jpg,6,revisar
validation,V0214.jpg,test,T0212.jpg,6,revisar
validation,V0214.jpg,test,T0251.jpg,6,revisar
validation,V0214.jpg,test,T0262.jpg,6,revisar
validation,V0214.jpg,test,T0279.jpg,6,revisar
validation,V0214.jpg,test,T0336.jpg,6,revisar
validation,V0214.jpg,test,T0338.jpg,6,revisar
validation,V0214.jpg,test,T0367.jpg,6,revisar
validation,V0214.jpg,test,T0382.jpg,6,revisar
validation,V0214.jpg,test,T0392.jpg,6,revisar
validation,V0217.jpg,test,T0199.jpg,6,revisar
validation,V0217.jpg,test,T0339.jpg,6,revisar
validation,V0219.jpg,test,T0013.jpg,6,revisar
validation,V0219.jpg,test,T0047.jpg,6,revisar
validation,V0219.jpg,test,T0066.jpg,6,revisar
validation,V0219.jpg,test,T0150.jpg,6,revisar
validation,V0219.jpg,test,T0179.jpg,6,revisar
validation,V0219.jpg,test,T0291.jpg,6,revisar
validation,V0219.jpg,test,T0321.jpg,6,revisar
validation,V0219.jpg,test,T0359.jpg,6,revisar
validation,V0220.jpg,test,T0042.jpg,6,revisar
validation,V0220.jpg,test,T0072.jpg,6,revisar
validation,V0220.jpg,test,T0099.jpg,6,revisar
validation,V0220.jpg,test,T0101.jpg,6,revisar
validation,V0220.jpg,test,T0113.jpg,6,revisar
validation,V0220.jpg,test,T0117.jpg,6,revisar
validation,V0220.jpg,test,T0120.jpg,6,revisar
validation,V0220.jpg,test,T0130.jpg,6,revisar
validation,V0220.jpg,test,T0136.jpg,6,revisar
validation,V0220.jpg,test,T0145.jpg,6,revisar
validation,V0220.jpg,test,T0153.jpg,6,revisar
validation,V0220.jpg,test,T0163.jpg,6,revisar
validation,V0220.jpg,test,T0201.jpg,6,revisar
validation,V0220.jpg,test,T0205.jpg,6,revisar
validation,V0220.jpg,test,T0278.jpg,6,revisar
validation,V0220.jpg,test,T0294.jpg,6,revisar
validation,V0220.jpg,test,T0300.jpg,6,revisar
validation,V0220.jpg,test,T0315.jpg,6,revisar
validation,V0220.jpg,test,T0319.jpg,6,revisar
validation,V0220.jpg,test,T0383.jpg,6,revisar
validation,V0220.jpg,test,T0400.jpg,6,revisar
validation,V0221.jpg,test,T0075.jpg,6,revisar
validation,V0221.jpg,test,T0125.jpg,6,revisar
validation,V0221.jpg,test,T0154.jpg,6,revisar
validation,V0221.jpg,test,T0156.jpg,6,revisar
validation,V0221.jpg,test,T0219.jpg,6,revisar
validation,V0221.jpg,test,T0260.jpg,6,revisar
validation,V0221.jpg,test,T0313.jpg,6,revisar
validation,V0221.jpg,test,T0336.jpg,6,revisar
validation,V0221.jpg,test,T0382.jpg,6,revisar
validation,V0222.jpg,test,T0340.jpg,6,revisar
validation,V0222.jpg,test,T0400.jpg,6,revisar
validation,V0223.jpg,test,T0065.jpg,6,revisar
validation,V0223.jpg,test,T0236.jpg,6,revisar
validation,V0223.jpg,test,T0292.jpg,6,revisar
validation,V0225.jpg,test,T0077.jpg,6,revisar
validation,V0225.jpg,test,T0273.jpg,6,revisar
validation,V0225.jpg,test,T0299.jpg,6,revisar
validation,V0225.jpg,test,T0361.jpg,6,revisar
validation,V0225.jpg,test,T0380.jpg,6,revisar
validation,V0227.jpg,test,T0146.jpg,6,revisar
validation,V0227.jpg,test,T0198.jpg,6,revisar
validation,V0229.jpg,test,T0013.jpg,6,revisar
validation,V0229.jpg,test,T0123.jpg,6,revisar
validation,V0229.jpg,test,T0127.jpg,6,revisar
validation,V0229.jpg,test,T0192.jpg,6,revisar
validation,V0229.jpg,test,T0291.jpg,6,revisar
validation,V0229.jpg,test,T0303.jpg,6,revisar
validation,V0229.jpg,test,T0321.jpg,6,revisar
validation,V0229.jpg,test,T0359.jpg,6,revisar
validation,V0230.jpg,test,T0001.jpg,6,revisar
validation,V0230.jpg,test,T0029.jpg,6,revisar
validation,V0230.jpg,test,T0033.jpg,6,revisar
validation,V0230.jpg,test,T0048.jpg,6,revisar
validation,V0230.jpg,test,T0050.jpg,6,revisar
validation,V0230.jpg,test,T0052.jpg,6,revisar
validation,V0230.jpg,test,T0053.jpg,6,revisar
validation,V0230.jpg,test,T0076.jpg,6,revisar
validation,V0230.jpg,test,T0077.jpg,6,revisar
validation,V0230.jpg,test,T0095.jpg,6,revisar
validation,V0230.jpg,test,T0115.jpg,6,revisar
validation,V0230.jpg,test,T0118.jpg,6,revisar
validation,V0230.jpg,test,T0156.jpg,6,revisar
validation,V0230.jpg,test,T0187.jpg,6,revisar
validation,V0230.jpg,test,T0196.jpg,6,revisar
validation,V0230.jpg,test,T0201.jpg,6,revisar
validation,V0230.jpg,test,T0251.jpg,6,revisar
validation,V0230.jpg,test,T0267.jpg,6,revisar
validation,V0230.jpg,test,T0289.jpg,6,revisar
validation,V0230.jpg,test,T0292.jpg,6,revisar
validation,V0230.jpg,test,T0307.jpg,6,revisar
validation,V0230.jpg,test,T0312.jpg,6,revisar
validation,V0230.jpg,test,T0313.jpg,6,revisar
validation,V0230.jpg,test,T0325.jpg,6,revisar
validation,V0230.jpg,test,T0337.jpg,6,revisar
validation,V0230.jpg,test,T0361.jpg,6,revisar
validation,V0230.jpg,test,T0363.jpg,6,revisar
validation,V0230.jpg,test,T0365.jpg,6,revisar
validation,V0231.jpg,test,T0001.jpg,6,revisar
validation,V0231.jpg,test,T0021.jpg,6,revisar
validation,V0231.jpg,test,T0024.jpg,6,revisar
validation,V0231.jpg,test,T0064.jpg,6,revisar
validation,V0231.jpg,test,T0088.jpg,6,revisar
validation,V0231.jpg,test,T0092.jpg,6,revisar
validation,V0231.jpg,test,T0095.jpg,6,revisar
validation,V0231.jpg,test,T0115.jpg,6,revisar
validation,V0231.jpg,test,T0125.jpg,6,revisar
validation,V0231.jpg,test,T0145.jpg,6,revisar
validation,V0231.jpg,test,T0154.jpg,6,revisar
validation,V0231.jpg,test,T0169.jpg,6,revisar
validation,V0231.jpg,test,T0171.jpg,6,revisar
validation,V0231.jpg,test,T0178.jpg,6,revisar
validation,V0231.jpg,test,T0187.jpg,6,revisar
validation,V0231.jpg,test,T0196.jpg,6,revisar
validation,V0231.jpg,test,T0225.jpg,6,revisar
validation,V0231.jpg,test,T0294.jpg,6,revisar
validation,V0231.jpg,test,T0325.jpg,6,revisar
validation,V0231.jpg,test,T0329.jpg,6,revisar
validation,V0231.jpg,test,T0336.jpg,6,revisar
validation,V0231.jpg,test,T0337.jpg,6,revisar
validation,V0231.jpg,test,T0382.jpg,6,revisar
validation,V0231.jpg,test,T0392.jpg,6,revisar
validation,V0232.jpg,test,T0187.jpg,6,revisar
validation,V0232.jpg,test,T0203.jpg,6,revisar
validation,V0232.jpg,test,T0246.jpg,6,revisar
validation,V0232.jpg,test,T0361.jpg,6,revisar
validation,V0233.jpg,test,T0024.jpg,6,revisar
validation,V0233.jpg,test,T0129.jpg,6,revisar
validation,V0233.jpg,test,T0215.jpg,6,revisar
validation,V0233.jpg,test,T0325.jpg,6,revisar
validation,V0234.jpg,test,T0127.jpg,6,revisar
validation,V0234.jpg,test,T0143.jpg,6,revisar
validation,V0234.jpg,test,T0238.jpg,6,revisar
validation,V0236.jpg,test,T0021.jpg,6,revisar
validation,V0236.jpg,test,T0024.jpg,6,revisar
validation,V0236.jpg,test,T0125.jpg,6,revisar
validation,V0236.jpg,test,T0129.jpg,6,revisar
validation,V0236.jpg,test,T0145.jpg,6,revisar
validation,V0236.jpg,test,T0220.jpg,6,revisar
validation,V0236.jpg,test,T0247.jpg,6,revisar
validation,V0236.jpg,test,T0293.jpg,6,revisar
validation,V0236.jpg,test,T0302.jpg,6,revisar
validation,V0236.jpg,test,T0335.jpg,6,revisar
validation,V0236.jpg,test,T0378.jpg,6,revisar
validation,V0236.jpg,test,T0382.jpg,6,revisar
validation,V0236.jpg,test,T0393.jpg,6,revisar
validation,V0237.jpg,test,T0058.jpg,6,revisar
validation,V0237.jpg,test,T0087.jpg,6,revisar
validation,V0237.jpg,test,T0092.jpg,6,revisar
validation,V0237.jpg,test,T0114.jpg,6,revisar
validation,V0237.jpg,test,T0130.jpg,6,revisar
validation,V0237.jpg,test,T0145.jpg,6,revisar
validation,V0237.jpg,test,T0151.jpg,6,revisar
validation,V0237.jpg,test,T0153.jpg,6,revisar
validation,V0237.jpg,test,T0157.jpg,6,revisar
validation,V0237.jpg,test,T0168.jpg,6,revisar
validation,V0237.jpg,test,T0193.jpg,6,revisar
validation,V0237.jpg,test,T0205.jpg,6,revisar
validation,V0237.jpg,test,T0207.jpg,6,revisar
validation,V0237.jpg,test,T0221.jpg,6,revisar
validation,V0237.jpg,test,T0255.jpg,6,revisar
validation,V0237.jpg,test,T0290.jpg,6,revisar
validation,V0237.jpg,test,T0294.jpg,6,revisar
validation,V0237.jpg,test,T0318.jpg,6,revisar
validation,V0237.jpg,test,T0319.jpg,6,revisar
validation,V0237.jpg,test,T0357.jpg,6,revisar
validation,V0238.jpg,test,T0041.jpg,6,revisar
validation,V0238.jpg,test,T0052.jpg,6,revisar
validation,V0238.jpg,test,T0088.jpg,6,revisar
validation,V0238.jpg,test,T0135.jpg,6,revisar
validation,V0238.jpg,test,T0167.jpg,6,revisar
validation,V0238.jpg,test,T0220.jpg,6,revisar
validation,V0238.jpg,test,T0227.jpg,6,revisar
validation,V0238.jpg,test,T0293.jpg,6,revisar
validation,V0238.jpg,test,T0313.jpg,6,revisar
validation,V0238.jpg,test,T0378.jpg,6,revisar
validation,V0238.jpg,test,T0380.jpg,6,revisar
validation,V0239.jpg,test,T0018.jpg,6,revisar
validation,V0241.jpg,test,T0081.jpg,6,revisar
validation,V0241.jpg,test,T0202.jpg,6,revisar
validation,V0241.jpg,test,T0257.jpg,6,revisar
validation,V0242.jpg,test,T0271.jpg,6,revisar
validation,V0244.jpg,test,T0046.jpg,6,revisar
validation,V0244.jpg,test,T0155.jpg,6,revisar
validation,V0244.jpg,test,T0217.jpg,6,revisar
validation,V0244.jpg,test,T0296.jpg,6,revisar
validation,V0246.jpg,test,T0040.jpg,6,revisar
validation,V0246.jpg,test,T0068.jpg,6,revisar
validation,V0246.jpg,test,T0356.jpg,6,revisar
validation,V0246.jpg,test,T0363.jpg,6,revisar
validation,V0248.jpg,test,T0016.jpg,6,revisar
validation,V0248.jpg,test,T0025.jpg,6,revisar
validation,V0248.jpg,test,T0048.jpg,6,revisar
validation,V0248.jpg,test,T0053.jpg,6,revisar
validation,V0248.jpg,test,T0063.jpg,6,revisar
validation,V0248.jpg,test,T0075.jpg,6,revisar
validation,V0248.jpg,test,T0078.jpg,6,revisar
validation,V0248.jpg,test,T0167.jpg,6,revisar
validation,V0248.jpg,test,T0182.jpg,6,revisar
validation,V0248.jpg,test,T0259.jpg,6,revisar
validation,V0248.jpg,test,T0279.jpg,6,revisar
validation,V0248.jpg,test,T0287.jpg,6,revisar
validation,V0248.jpg,test,T0306.jpg,6,revisar
validation,V0248.jpg,test,T0389.jpg,6,revisar
validation,V0249.jpg,test,T0010.jpg,6,revisar
validation,V0249.jpg,test,T0024.jpg,6,revisar
validation,V0249.jpg,test,T0065.jpg,6,revisar
validation,V0249.jpg,test,T0129.jpg,6,revisar
validation,V0249.jpg,test,T0142.jpg,6,revisar
validation,V0249.jpg,test,T0145.jpg,6,revisar
validation,V0249.jpg,test,T0196.jpg,6,revisar
validation,V0249.jpg,test,T0219.jpg,6,revisar
validation,V0249.jpg,test,T0220.jpg,6,revisar
validation,V0249.jpg,test,T0247.jpg,6,revisar
validation,V0249.jpg,test,T0260.jpg,6,revisar
validation,V0249.jpg,test,T0293.jpg,6,revisar
validation,V0249.jpg,test,T0302.jpg,6,revisar
validation,V0249.jpg,test,T0398.jpg,6,revisar
validation,V0250.jpg,test,T0001.jpg,6,revisar
validation,V0250.jpg,test,T0017.jpg,6,revisar
validation,V0250.jpg,test,T0021.jpg,6,revisar
validation,V0250.jpg,test,T0095.jpg,6,revisar
validation,V0250.jpg,test,T0099.jpg,6,revisar
validation,V0250.jpg,test,T0109.jpg,6,revisar
validation,V0250.jpg,test,T0115.jpg,6,revisar
validation,V0250.jpg,test,T0134.jpg,6,revisar
validation,V0250.jpg,test,T0169.jpg,6,revisar
validation,V0250.jpg,test,T0187.jpg,6,revisar
validation,V0250.jpg,test,T0196.jpg,6,revisar
validation,V0250.jpg,test,T0201.jpg,6,revisar
validation,V0250.jpg,test,T0236.jpg,6,revisar
validation,V0250.jpg,test,T0251.jpg,6,revisar
validation,V0250.jpg,test,T0262.jpg,6,revisar
validation,V0250.jpg,test,T0289.jpg,6,revisar
validation,V0250.jpg,test,T0312.jpg,6,revisar
validation,V0250.jpg,test,T0316.jpg,6,revisar
validation,V0250.jpg,test,T0350.jpg,6,revisar
validation,V0250.jpg,test,T0361.jpg,6,revisar
validation,V0250.jpg,test,T0392.jpg,6,revisar
validation,V0252.jpg,test,T0003.jpg,6,revisar
validation,V0252.jpg,test,T0023.jpg,6,revisar
validation,V0252.jpg,test,T0058.jpg,6,revisar
validation,V0252.jpg,test,T0099.jpg,6,revisar
validation,V0252.jpg,test,T0110.jpg,6,revisar
validation,V0252.jpg,test,T0117.jpg,6,revisar
validation,V0252.jpg,test,T0145.jpg,6,revisar
validation,V0252.jpg,test,T0188.jpg,6,revisar
validation,V0252.jpg,test,T0250.jpg,6,revisar
validation,V0252.jpg,test,T0300.jpg,6,revisar
validation,V0252.jpg,test,T0315.jpg,6,revisar
validation,V0252.jpg,test,T0318.jpg,6,revisar
validation,V0252.jpg,test,T0319.jpg,6,revisar
validation,V0252.jpg,test,T0331.jpg,6,revisar
validation,V0253.jpg,test,T0005.jpg,6,revisar
validation,V0253.jpg,test,T0044.jpg,6,revisar
validation,V0253.jpg,test,T0058.jpg,6,revisar
validation,V0253.jpg,test,T0072.jpg,6,revisar
validation,V0253.jpg,test,T0073.jpg,6,revisar
validation,V0253.jpg,test,T0092.jpg,6,revisar
validation,V0253.jpg,test,T0114.jpg,6,revisar
validation,V0253.jpg,test,T0130.jpg,6,revisar
validation,V0253.jpg,test,T0141.jpg,6,revisar
validation,V0253.jpg,test,T0213.jpg,6,revisar
validation,V0253.jpg,test,T0221.jpg,6,revisar
validation,V0253.jpg,test,T0368.jpg,6,revisar
validation,V0254.jpg,test,T0021.jpg,6,revisar
validation,V0254.jpg,test,T0050.jpg,6,revisar
validation,V0254.jpg,test,T0075.jpg,6,revisar
validation,V0254.jpg,test,T0077.jpg,6,revisar
validation,V0254.jpg,test,T0086.jpg,6,revisar
validation,V0254.jpg,test,T0109.jpg,6,revisar
validation,V0254.jpg,test,T0118.jpg,6,revisar
validation,V0254.jpg,test,T0125.jpg,6,revisar
validation,V0254.jpg,test,T0169.jpg,6,revisar
validation,V0254.jpg,test,T0244.jpg,6,revisar
validation,V0254.jpg,test,T0316.jpg,6,revisar
validation,V0254.jpg,test,T0325.jpg,6,revisar
validation,V0254.jpg,test,T0336.jpg,6,revisar
validation,V0254.jpg,test,T0365.jpg,6,revisar
validation,V0254.jpg,test,T0392.jpg,6,revisar
validation,V0254.jpg,test,T0393.jpg,6,revisar
validation,V0255.jpg,test,T0024.jpg,6,revisar
validation,V0255.jpg,test,T0080.jpg,6,revisar
validation,V0255.jpg,test,T0224.jpg,6,revisar
validation,V0255.jpg,test,T0229.jpg,6,revisar
validation,V0256.jpg,test,T0365.jpg,6,revisar
validation,V0257.jpg,test,T0003.jpg,6,revisar
validation,V0257.jpg,test,T0005.jpg,6,revisar
validation,V0257.jpg,test,T0023.jpg,6,revisar
validation,V0257.jpg,test,T0099.jpg,6,revisar
validation,V0257.jpg,test,T0142.jpg,6,revisar
validation,V0257.jpg,test,T0153.jpg,6,revisar
validation,V0257.jpg,test,T0253.jpg,6,revisar
validation,V0257.jpg,test,T0340.jpg,6,revisar
validation,V0258.jpg,test,T0048.jpg,6,revisar
validation,V0258.jpg,test,T0110.jpg,6,revisar
validation,V0258.jpg,test,T0117.jpg,6,revisar
validation,V0258.jpg,test,T0138.jpg,6,revisar
validation,V0258.jpg,test,T0142.jpg,6,revisar
validation,V0258.jpg,test,T0153.jpg,6,revisar
validation,V0258.jpg,test,T0201.jpg,6,revisar
validation,V0258.jpg,test,T0223.jpg,6,revisar
validation,V0258.jpg,test,T0250.jpg,6,revisar
validation,V0258.jpg,test,T0310.jpg,6,revisar
validation,V0258.jpg,test,T0312.jpg,6,revisar
validation,V0258.jpg,test,T0331.jpg,6,revisar
validation,V0258.jpg,test,T0335.jpg,6,revisar
validation,V0259.jpg,test,T0034.jpg,6,revisar
validation,V0259.jpg,test,T0042.jpg,6,revisar
validation,V0259.jpg,test,T0064.jpg,6,revisar
validation,V0259.jpg,test,T0073.jpg,6,revisar
validation,V0259.jpg,test,T0145.jpg,6,revisar
validation,V0259.jpg,test,T0168.jpg,6,revisar
validation,V0259.jpg,test,T0171.jpg,6,revisar
validation,V0259.jpg,test,T0178.jpg,6,revisar
validation,V0259.jpg,test,T0184.jpg,6,revisar
validation,V0259.jpg,test,T0255.jpg,6,revisar
validation,V0259.jpg,test,T0294.jpg,6,revisar
validation,V0259.jpg,test,T0299.jpg,6,revisar
validation,V0259.jpg,test,T0343.jpg,6,revisar
validation,V0259.jpg,test,T0377.jpg,6,revisar
validation,V0259.jpg,test,T0378.jpg,6,revisar
validation,V0259.jpg,test,T0393.jpg,6,revisar
validation,V0260.jpg,test,T0008.jpg,6,revisar
validation,V0260.jpg,test,T0010.jpg,6,revisar
validation,V0260.jpg,test,T0034.jpg,6,revisar
validation,V0260.jpg,test,T0044.jpg,6,revisar
validation,V0260.jpg,test,T0046.jpg,6,revisar
validation,V0260.jpg,test,T0051.jpg,6,revisar
validation,V0260.jpg,test,T0054.jpg,6,revisar
validation,V0260.jpg,test,T0073.jpg,6,revisar
validation,V0260.jpg,test,T0114.jpg,6,revisar
validation,V0260.jpg,test,T0122.jpg,6,revisar
validation,V0260.jpg,test,T0130.jpg,6,revisar
validation,V0260.jpg,test,T0136.jpg,6,revisar
validation,V0260.jpg,test,T0145.jpg,6,revisar
validation,V0260.jpg,test,T0168.jpg,6,revisar
validation,V0260.jpg,test,T0171.jpg,6,revisar
validation,V0260.jpg,test,T0203.jpg,6,revisar
validation,V0260.jpg,test,T0220.jpg,6,revisar
validation,V0260.jpg,test,T0223.jpg,6,revisar
validation,V0260.jpg,test,T0225.jpg,6,revisar
validation,V0260.jpg,test,T0255.jpg,6,revisar
validation,V0260.jpg,test,T0293.jpg,6,revisar
validation,V0260.jpg,test,T0311.jpg,6,revisar
validation,V0260.jpg,test,T0319.jpg,6,revisar
validation,V0260.jpg,test,T0328.jpg,6,revisar
validation,V0260.jpg,test,T0334.jpg,6,revisar
validation,V0260.jpg,test,T0335.jpg,6,revisar
validation,V0260.jpg,test,T0378.jpg,6,revisar
validation,V0260.jpg,test,T0383.jpg,6,revisar
validation,V0260.jpg,test,T0400.jpg,6,revisar
validation,V0261.jpg,test,T0042.jpg,6,revisar
validation,V0261.jpg,test,T0044.jpg,6,revisar
validation,V0261.jpg,test,T0058.jpg,6,revisar
validation,V0261.jpg,test,T0072.jpg,6,revisar
validation,V0261.jpg,test,T0073.jpg,6,revisar
validation,V0261.jpg,test,T0101.jpg,6,revisar
validation,V0261.jpg,test,T0120.jpg,6,revisar
validation,V0261.jpg,test,T0130.jpg,6,revisar
validation,V0261.jpg,test,T0158.jpg,6,revisar
validation,V0261.jpg,test,T0171.jpg,6,revisar
validation,V0261.jpg,test,T0254.jpg,6,revisar
validation,V0261.jpg,test,T0265.jpg,6,revisar
validation,V0261.jpg,test,T0294.jpg,6,revisar
validation,V0261.jpg,test,T0319.jpg,6,revisar
validation,V0261.jpg,test,T0345.jpg,6,revisar
validation,V0261.jpg,test,T0368.jpg,6,revisar
validation,V0262.jpg,test,T0018.jpg,6,revisar
validation,V0262.jpg,test,T0030.jpg,6,revisar
validation,V0262.jpg,test,T0181.jpg,6,revisar
validation,V0262.jpg,test,T0236.jpg,6,revisar
validation,V0262.jpg,test,T0297.jpg,6,revisar
validation,V0262.jpg,test,T0351.jpg,6,revisar
validation,V0262.jpg,test,T0354.jpg,6,revisar
validation,V0263.jpg,test,T0028.jpg,6,revisar
validation,V0263.jpg,test,T0075.jpg,6,revisar
validation,V0263.jpg,test,T0109.jpg,6,revisar
validation,V0263.jpg,test,T0134.jpg,6,revisar
validation,V0263.jpg,test,T0156.jpg,6,revisar
validation,V0263.jpg,test,T0167.jpg,6,revisar
validation,V0263.jpg,test,T0169.jpg,6,revisar
validation,V0263.jpg,test,T0206.jpg,6,revisar
validation,V0263.jpg,test,T0279.jpg,6,revisar
validation,V0263.jpg,test,T0328.jpg,6,revisar
validation,V0263.jpg,test,T0337.jpg,6,revisar
validation,V0263.jpg,test,T0342.jpg,6,revisar
validation,V0264.jpg,test,T0001.jpg,6,revisar
validation,V0264.jpg,test,T0076.jpg,6,revisar
validation,V0264.jpg,test,T0092.jpg,6,revisar
validation,V0264.jpg,test,T0107.jpg,6,revisar
validation,V0264.jpg,test,T0115.jpg,6,revisar
validation,V0264.jpg,test,T0118.jpg,6,revisar
validation,V0264.jpg,test,T0154.jpg,6,revisar
validation,V0264.jpg,test,T0260.jpg,6,revisar
validation,V0264.jpg,test,T0286.jpg,6,revisar
validation,V0264.jpg,test,T0361.jpg,6,revisar
validation,V0265.jpg,test,T0001.jpg,6,revisar
validation,V0265.jpg,test,T0021.jpg,6,revisar
validation,V0265.jpg,test,T0075.jpg,6,revisar
validation,V0265.jpg,test,T0092.jpg,6,revisar
validation,V0265.jpg,test,T0107.jpg,6,revisar
validation,V0265.jpg,test,T0115.jpg,6,revisar
validation,V0265.jpg,test,T0151.jpg,6,revisar
validation,V0265.jpg,test,T0154.jpg,6,revisar
validation,V0265.jpg,test,T0244.jpg,6,revisar
validation,V0265.jpg,test,T0260.jpg,6,revisar
validation,V0265.jpg,test,T0286.jpg,6,revisar
validation,V0265.jpg,test,T0307.jpg,6,revisar
validation,V0265.jpg,test,T0313.jpg,6,revisar
validation,V0265.jpg,test,T0337.jpg,6,revisar
validation,V0265.jpg,test,T0361.jpg,6,revisar
validation,V0265.jpg,test,T0365.jpg,6,revisar
validation,V0265.jpg,test,T0382.jpg,6,revisar
validation,V0266.jpg,test,T0003.jpg,6,revisar
validation,V0266.jpg,test,T0023.jpg,6,revisar
validation,V0266.jpg,test,T0033.jpg,6,revisar
validation,V0266.jpg,test,T0099.jpg,6,revisar
validation,V0266.jpg,test,T0153.jpg,6,revisar
validation,V0266.jpg,test,T0214.jpg,6,revisar
validation,V0266.jpg,test,T0221.jpg,6,revisar
validation,V0266.jpg,test,T0223.jpg,6,revisar
validation,V0266.jpg,test,T0250.jpg,6,revisar
validation,V0266.jpg,test,T0335.jpg,6,revisar
validation,V0266.jpg,test,T0340.jpg,6,revisar
validation,V0269.jpg,test,T0005.jpg,6,revisar
validation,V0269.jpg,test,T0058.jpg,6,revisar
validation,V0269.jpg,test,T0101.jpg,6,revisar
validation,V0269.jpg,test,T0113.jpg,6,revisar
validation,V0269.jpg,test,T0130.jpg,6,revisar
validation,V0269.jpg,test,T0300.jpg,6,revisar
validation,V0269.jpg,test,T0331.jpg,6,revisar
validation,V0269.jpg,test,T0340.jpg,6,revisar
validation,V0270.jpg,test,T0016.jpg,6,revisar
validation,V0270.jpg,test,T0017.jpg,6,revisar
validation,V0270.jpg,test,T0029.jpg,6,revisar
validation,V0270.jpg,test,T0053.jpg,6,revisar
validation,V0270.jpg,test,T0121.jpg,6,revisar
validation,V0270.jpg,test,T0212.jpg,6,revisar
validation,V0270.jpg,test,T0232.jpg,6,revisar
validation,V0270.jpg,test,T0259.jpg,6,revisar
validation,V0270.jpg,test,T0267.jpg,6,revisar
validation,V0270.jpg,test,T0363.jpg,6,revisar
validation,V0270.jpg,test,T0371.jpg,6,revisar
validation,V0270.jpg,test,T0389.jpg,6,revisar
validation,V0271.jpg,test,T0040.jpg,6,revisar
validation,V0273.jpg,test,T0042.jpg,6,revisar
validation,V0273.jpg,test,T0051.jpg,6,revisar
validation,V0273.jpg,test,T0072.jpg,6,revisar
validation,V0273.jpg,test,T0088.jpg,6,revisar
validation,V0273.jpg,test,T0145.jpg,6,revisar
validation,V0273.jpg,test,T0193.jpg,6,revisar
validation,V0273.jpg,test,T0220.jpg,6,revisar
validation,V0273.jpg,test,T0221.jpg,6,revisar
validation,V0273.jpg,test,T0255.jpg,6,revisar
validation,V0273.jpg,test,T0293.jpg,6,revisar
validation,V0273.jpg,test,T0294.jpg,6,revisar
validation,V0273.jpg,test,T0318.jpg,6,revisar
validation,V0273.jpg,test,T0319.jpg,6,revisar
validation,V0273.jpg,test,T0357.jpg,6,revisar
validation,V0274.jpg,test,T0132.jpg,6,revisar
validation,V0275.jpg,test,T0058.jpg,6,revisar
validation,V0275.jpg,test,T0098.jpg,6,revisar
validation,V0275.jpg,test,T0130.jpg,6,revisar
validation,V0275.jpg,test,T0145.jpg,6,revisar
validation,V0275.jpg,test,T0154.jpg,6,revisar
validation,V0275.jpg,test,T0171.jpg,6,revisar
validation,V0275.jpg,test,T0225.jpg,6,revisar
validation,V0275.jpg,test,T0246.jpg,6,revisar
validation,V0275.jpg,test,T0286.jpg,6,revisar
validation,V0275.jpg,test,T0294.jpg,6,revisar
validation,V0275.jpg,test,T0314.jpg,6,revisar
validation,V0275.jpg,test,T0319.jpg,6,revisar
validation,V0276.jpg,test,T0034.jpg,6,revisar
validation,V0276.jpg,test,T0042.jpg,6,revisar
validation,V0276.jpg,test,T0051.jpg,6,revisar
validation,V0276.jpg,test,T0073.jpg,6,revisar
validation,V0276.jpg,test,T0101.jpg,6,revisar
validation,V0276.jpg,test,T0111.jpg,6,revisar
validation,V0276.jpg,test,T0120.jpg,6,revisar
validation,V0276.jpg,test,T0130.jpg,6,revisar
validation,V0276.jpg,test,T0171.jpg,6,revisar
validation,V0276.jpg,test,T0254.jpg,6,revisar
validation,V0276.jpg,test,T0294.jpg,6,revisar
validation,V0276.jpg,test,T0364.jpg,6,revisar
validation,V0276.jpg,test,T0377.jpg,6,revisar
validation,V0277.jpg,test,T0056.jpg,6,revisar
validation,V0279.jpg,test,T0027.jpg,6,revisar
validation,V0279.jpg,test,T0173.jpg,6,revisar
validation,V0279.jpg,test,T0204.jpg,6,revisar
validation,V0279.jpg,test,T0215.jpg,6,revisar
validation,V0279.jpg,test,T0222.jpg,6,revisar
validation,V0279.jpg,test,T0233.jpg,6,revisar
validation,V0279.jpg,test,T0245.jpg,6,revisar
validation,V0279.jpg,test,T0292.jpg,6,revisar
validation,V0279.jpg,test,T0354.jpg,6,revisar
validation,V0280.jpg,test,T0020.jpg,6,revisar
validation,V0280.jpg,test,T0023.jpg,6,revisar
validation,V0280.jpg,test,T0046.jpg,6,revisar
validation,V0280.jpg,test,T0054.jpg,6,revisar
validation,V0280.jpg,test,T0117.jpg,6,revisar
validation,V0280.jpg,test,T0142.jpg,6,revisar
validation,V0280.jpg,test,T0145.jpg,6,revisar
validation,V0280.jpg,test,T0203.jpg,6,revisar
validation,V0280.jpg,test,T0221.jpg,6,revisar
validation,V0280.jpg,test,T0254.jpg,6,revisar
validation,V0280.jpg,test,T0294.jpg,6,revisar
validation,V0280.jpg,test,T0310.jpg,6,revisar
validation,V0280.jpg,test,T0315.jpg,6,revisar
validation,V0280.jpg,test,T0318.jpg,6,revisar
validation,V0280.jpg,test,T0319.jpg,6,revisar
validation,V0280.jpg,test,T0340.jpg,6,revisar
validation,V0280.jpg,test,T0343.jpg,6,revisar
validation,V0281.jpg,test,T0001.jpg,6,revisar
validation,V0281.jpg,test,T0017.jpg,6,revisar
validation,V0281.jpg,test,T0076.jpg,6,revisar
validation,V0281.jpg,test,T0077.jpg,6,revisar
validation,V0281.jpg,test,T0109.jpg,6,revisar
validation,V0281.jpg,test,T0166.jpg,6,revisar
validation,V0281.jpg,test,T0169.jpg,6,revisar
validation,V0281.jpg,test,T0201.jpg,6,revisar
validation,V0281.jpg,test,T0206.jpg,6,revisar
validation,V0281.jpg,test,T0216.jpg,6,revisar
validation,V0281.jpg,test,T0236.jpg,6,revisar
validation,V0281.jpg,test,T0251.jpg,6,revisar
validation,V0281.jpg,test,T0262.jpg,6,revisar
validation,V0281.jpg,test,T0279.jpg,6,revisar
validation,V0281.jpg,test,T0325.jpg,6,revisar
validation,V0281.jpg,test,T0336.jpg,6,revisar
validation,V0281.jpg,test,T0337.jpg,6,revisar
validation,V0281.jpg,test,T0338.jpg,6,revisar
validation,V0281.jpg,test,T0361.jpg,6,revisar
validation,V0281.jpg,test,T0392.jpg,6,revisar
validation,V0282.jpg,test,T0007.jpg,6,revisar
validation,V0282.jpg,test,T0042.jpg,6,revisar
validation,V0282.jpg,test,T0044.jpg,6,revisar
validation,V0282.jpg,test,T0064.jpg,6,revisar
validation,V0282.jpg,test,T0119.jpg,6,revisar
validation,V0282.jpg,test,T0135.jpg,6,revisar
validation,V0282.jpg,test,T0145.jpg,6,revisar
validation,V0282.jpg,test,T0154.jpg,6,revisar
validation,V0282.jpg,test,T0171.jpg,6,revisar
validation,V0282.jpg,test,T0178.jpg,6,revisar
validation,V0282.jpg,test,T0184.jpg,6,revisar
validation,V0282.jpg,test,T0196.jpg,6,revisar
validation,V0282.jpg,test,T0260.jpg,6,revisar
validation,V0282.jpg,test,T0299.jpg,6,revisar
validation,V0282.jpg,test,T0313.jpg,6,revisar
validation,V0282.jpg,test,T0334.jpg,6,revisar
validation,V0282.jpg,test,T0335.jpg,6,revisar
validation,V0282.jpg,test,T0337.jpg,6,revisar
validation,V0282.jpg,test,T0343.jpg,6,revisar
validation,V0282.jpg,test,T0378.jpg,6,revisar
validation,V0282.jpg,test,T0393.jpg,6,revisar
validation,V0283.jpg,test,T0127.jpg,6,revisar
validation,V0283.jpg,test,T0209.jpg,6,revisar
validation,V0283.jpg,test,T0280.jpg,6,revisar
validation,V0283.jpg,test,T0291.jpg,6,revisar
validation,V0284.jpg,test,T0280.jpg,6,revisar
validation,V0285.jpg,test,T0394.jpg,6,revisar
validation,V0286.jpg,test,T0236.jpg,6,revisar
validation,V0286.jpg,test,T0365.jpg,6,revisar
validation,V0287.jpg,test,T0071.jpg,6,revisar
validation,V0289.jpg,test,T0062.jpg,6,revisar
validation,V0289.jpg,test,T0127.jpg,6,revisar
validation,V0289.jpg,test,T0143.jpg,6,revisar
validation,V0289.jpg,test,T0238.jpg,6,revisar
validation,V0291.jpg,test,T0082.jpg,6,revisar
validation,V0291.jpg,test,T0092.jpg,6,revisar
validation,V0291.jpg,test,T0171.jpg,6,revisar
validation,V0291.jpg,test,T0187.jpg,6,revisar
validation,V0291.jpg,test,T0265.jpg,6,revisar
validation,V0291.jpg,test,T0269.jpg,6,revisar
validation,V0291.jpg,test,T0286.jpg,6,revisar
validation,V0291.jpg,test,T0299.jpg,6,revisar
validation,V0291.jpg,test,T0329.jpg,6,revisar
validation,V0291.jpg,test,T0368.jpg,6,revisar
validation,V0291.jpg,test,T0374.jpg,6,revisar
validation,V0291.jpg,test,T0377.jpg,6,revisar
validation,V0291.jpg,test,T0378.jpg,6,revisar
validation,V0293.jpg,test,T0023.jpg,6,revisar
validation,V0293.jpg,test,T0229.jpg,6,revisar
validation,V0293.jpg,test,T0310.jpg,6,revisar
validation,V0293.jpg,test,T0315.jpg,6,revisar
validation,V0294.jpg,test,T0007.jpg,6,revisar
validation,V0294.jpg,test,T0292.jpg,6,revisar
validation,V0295.jpg,test,T0021.jpg,6,revisar
validation,V0295.jpg,test,T0052.jpg,6,revisar
validation,V0295.jpg,test,T0125.jpg,6,revisar
validation,V0295.jpg,test,T0169.jpg,6,revisar
validation,V0295.jpg,test,T0236.jpg,6,revisar
validation,V0295.jpg,test,T0251.jpg,6,revisar
validation,V0295.jpg,test,T0316.jpg,6,revisar
validation,V0295.jpg,test,T0336.jpg,6,revisar
validation,V0295.jpg,test,T0392.jpg,6,revisar
validation,V0295.jpg,test,T0393.jpg,6,revisar
validation,V0297.jpg,test,T0283.jpg,6,revisar
validation,V0297.jpg,test,T0307.jpg,6,revisar
validation,V0297.jpg,test,T0365.jpg,6,revisar
validation,V0298.jpg,test,T0280.jpg,6,revisar
validation,V0299.jpg,test,T0082.jpg,6,revisar
validation,V0299.jpg,test,T0325.jpg,6,revisar
validation,V0299.jpg,test,T0380.jpg,6,revisar
validation,V0300.jpg,test,T0113.jpg,6,revisar
validation,V0300.jpg,test,T0213.jpg,6,revisar
validation,V0300.jpg,test,T0221.jpg,6,revisar
validation,V0301.jpg,test,T0003.jpg,6,revisar
validation,V0301.jpg,test,T0033.jpg,6,revisar
validation,V0301.jpg,test,T0044.jpg,6,revisar
validation,V0301.jpg,test,T0051.jpg,6,revisar
validation,V0301.jpg,test,T0054.jpg,6,revisar
validation,V0301.jpg,test,T0072.jpg,6,revisar
validation,V0301.jpg,test,T0074.jpg,6,revisar
validation,V0301.jpg,test,T0085.jpg,6,revisar
validation,V0301.jpg,test,T0098.jpg,6,revisar
validation,V0301.jpg,test,T0101.jpg,6,revisar
validation,V0301.jpg,test,T0120.jpg,6,revisar
validation,V0301.jpg,test,T0130.jpg,6,revisar
validation,V0301.jpg,test,T0221.jpg,6,revisar
validation,V0301.jpg,test,T0318.jpg,6,revisar
validation,V0301.jpg,test,T0319.jpg,6,revisar
validation,V0301.jpg,test,T0350.jpg,6,revisar
validation,V0301.jpg,test,T0357.jpg,6,revisar
validation,V0302.jpg,test,T0133.jpg,6,revisar
validation,V0302.jpg,test,T0143.jpg,6,revisar
validation,V0302.jpg,test,T0165.jpg,6,revisar
validation,V0302.jpg,test,T0218.jpg,6,revisar
validation,V0302.jpg,test,T0296.jpg,6,revisar
validation,V0302.jpg,test,T0362.jpg,6,revisar
validation,V0302.jpg,test,T0376.jpg,6,revisar
validation,V0303.jpg,test,T0016.jpg,6,revisar
validation,V0303.jpg,test,T0029.jpg,6,revisar
validation,V0303.jpg,test,T0035.jpg,6,revisar
validation,V0303.jpg,test,T0041.jpg,6,revisar
validation,V0303.jpg,test,T0053.jpg,6,revisar
validation,V0303.jpg,test,T0068.jpg,6,revisar
validation,V0303.jpg,test,T0095.jpg,6,revisar
validation,V0303.jpg,test,T0121.jpg,6,revisar
validation,V0303.jpg,test,T0167.jpg,6,revisar
validation,V0303.jpg,test,T0182.jpg,6,revisar
validation,V0303.jpg,test,T0232.jpg,6,revisar
validation,V0303.jpg,test,T0259.jpg,6,revisar
validation,V0303.jpg,test,T0267.jpg,6,revisar
validation,V0303.jpg,test,T0287.jpg,6,revisar
validation,V0303.jpg,test,T0363.jpg,6,revisar
validation,V0304.jpg,test,T0219.jpg,6,revisar
validation,V0305.jpg,test,T0199.jpg,6,revisar
validation,V0305.jpg,test,T0349.jpg,6,revisar
validation,V0306.jpg,test,T0023.jpg,6,revisar
validation,V0306.jpg,test,T0042.jpg,6,revisar
validation,V0306.jpg,test,T0046.jpg,6,revisar
validation,V0306.jpg,test,T0073.jpg,6,revisar
validation,V0306.jpg,test,T0110.jpg,6,revisar
validation,V0306.jpg,test,T0114.jpg,6,revisar
validation,V0306.jpg,test,T0120.jpg,6,revisar
validation,V0306.jpg,test,T0154.jpg,6,revisar
validation,V0306.jpg,test,T0203.jpg,6,revisar
validation,V0306.jpg,test,T0220.jpg,6,revisar
validation,V0306.jpg,test,T0231.jpg,6,revisar
validation,V0306.jpg,test,T0254.jpg,6,revisar
validation,V0306.jpg,test,T0293.jpg,6,revisar
validation,V0306.jpg,test,T0294.jpg,6,revisar
validation,V0306.jpg,test,T0318.jpg,6,revisar
validation,V0306.jpg,test,T0328.jpg,6,revisar
validation,V0306.jpg,test,T0331.jpg,6,revisar
validation,V0306.jpg,test,T0334.jpg,6,revisar
validation,V0306.jpg,test,T0335.jpg,6,revisar
validation,V0306.jpg,test,T0343.jpg,6,revisar
validation,V0306.jpg,test,T0361.jpg,6,revisar
validation,V0306.jpg,test,T0377.jpg,6,revisar
validation,V0306.jpg,test,T0383.jpg,6,revisar
validation,V0307.jpg,test,T0007.jpg,6,revisar
validation,V0307.jpg,test,T0061.jpg,6,revisar
validation,V0307.jpg,test,T0073.jpg,6,revisar
validation,V0307.jpg,test,T0225.jpg,6,revisar
validation,V0308.jpg,test,T0079.jpg,6,revisar
validation,V0308.jpg,test,T0091.jpg,6,revisar
validation,V0308.jpg,test,T0291.jpg,6,revisar
validation,V0308.jpg,test,T0296.jpg,6,revisar
validation,V0308.jpg,test,T0321.jpg,6,revisar
validation,V0309.jpg,test,T0024.jpg,6,revisar
validation,V0309.jpg,test,T0080.jpg,6,revisar
validation,V0309.jpg,test,T0129.jpg,6,revisar
validation,V0309.jpg,test,T0203.jpg,6,revisar
validation,V0309.jpg,test,T0246.jpg,6,revisar
validation,V0309.jpg,test,T0274.jpg,6,revisar
validation,V0309.jpg,test,T0292.jpg,6,revisar
validation,V0310.jpg,test,T0047.jpg,6,revisar
validation,V0312.jpg,test,T0066.jpg,6,revisar
validation,V0312.jpg,test,T0194.jpg,6,revisar
validation,V0313.jpg,test,T0024.jpg,6,revisar
validation,V0313.jpg,test,T0080.jpg,6,revisar
validation,V0313.jpg,test,T0099.jpg,6,revisar
validation,V0313.jpg,test,T0101.jpg,6,revisar
validation,V0313.jpg,test,T0138.jpg,6,revisar
validation,V0313.jpg,test,T0154.jpg,6,revisar
validation,V0313.jpg,test,T0216.jpg,6,revisar
validation,V0313.jpg,test,T0254.jpg,6,revisar
validation,V0313.jpg,test,T0260.jpg,6,revisar
validation,V0313.jpg,test,T0286.jpg,6,revisar
validation,V0313.jpg,test,T0312.jpg,6,revisar
validation,V0313.jpg,test,T0331.jpg,6,revisar
validation,V0313.jpg,test,T0361.jpg,6,revisar
validation,V0314.jpg,test,T0017.jpg,6,revisar
validation,V0314.jpg,test,T0029.jpg,6,revisar
validation,V0314.jpg,test,T0035.jpg,6,revisar
validation,V0314.jpg,test,T0052.jpg,6,revisar
validation,V0314.jpg,test,T0053.jpg,6,revisar
validation,V0314.jpg,test,T0075.jpg,6,revisar
validation,V0314.jpg,test,T0095.jpg,6,revisar
validation,V0314.jpg,test,T0109.jpg,6,revisar
validation,V0314.jpg,test,T0134.jpg,6,revisar
validation,V0314.jpg,test,T0167.jpg,6,revisar
validation,V0314.jpg,test,T0182.jpg,6,revisar
validation,V0314.jpg,test,T0251.jpg,6,revisar
validation,V0314.jpg,test,T0259.jpg,6,revisar
validation,V0314.jpg,test,T0267.jpg,6,revisar
validation,V0314.jpg,test,T0342.jpg,6,revisar
validation,V0314.jpg,test,T0392.jpg,6,revisar
validation,V0315.jpg,test,T0016.jpg,6,revisar
validation,V0315.jpg,test,T0048.jpg,6,revisar
validation,V0315.jpg,test,T0122.jpg,6,revisar
validation,V0315.jpg,test,T0142.jpg,6,revisar
validation,V0315.jpg,test,T0247.jpg,6,revisar
validation,V0315.jpg,test,T0347.jpg,6,revisar
validation,V0315.jpg,test,T0389.jpg,6,revisar
validation,V0316.jpg,test,T0202.jpg,6,revisar
validation,V0316.jpg,test,T0257.jpg,6,revisar
validation,V0318.jpg,test,T0143.jpg,6,revisar
validation,V0318.jpg,test,T0165.jpg,6,revisar
validation,V0318.jpg,test,T0280.jpg,6,revisar
validation,V0318.jpg,test,T0291.jpg,6,revisar
validation,V0319.jpg,test,T0010.jpg,6,revisar
validation,V0319.jpg,test,T0099.jpg,6,revisar
validation,V0319.jpg,test,T0142.jpg,6,revisar
validation,V0319.jpg,test,T0315.jpg,6,revisar
validation,V0319.jpg,test,T0340.jpg,6,revisar
validation,V0321.jpg,test,T0050.jpg,6,revisar
validation,V0321.jpg,test,T0076.jpg,6,revisar
validation,V0321.jpg,test,T0112.jpg,6,revisar
validation,V0321.jpg,test,T0169.jpg,6,revisar
validation,V0321.jpg,test,T0224.jpg,6,revisar
validation,V0321.jpg,test,T0236.jpg,6,revisar
validation,V0321.jpg,test,T0244.jpg,6,revisar
validation,V0321.jpg,test,T0316.jpg,6,revisar
validation,V0321.jpg,test,T0317.jpg,6,revisar
validation,V0321.jpg,test,T0325.jpg,6,revisar
validation,V0321.jpg,test,T0365.jpg,6,revisar
validation,V0322.jpg,test,T0072.jpg,6,revisar
validation,V0322.jpg,test,T0087.jpg,6,revisar
validation,V0322.jpg,test,T0151.jpg,6,revisar
validation,V0322.jpg,test,T0167.jpg,6,revisar
validation,V0322.jpg,test,T0253.jpg,6,revisar
validation,V0322.jpg,test,T0342.jpg,6,revisar
validation,V0323.jpg,test,T0384.jpg,6,revisar
validation,V0324.jpg,test,T0082.jpg,6,revisar
validation,V0324.jpg,test,T0092.jpg,6,revisar
validation,V0324.jpg,test,T0107.jpg,6,revisar
validation,V0324.jpg,test,T0112.jpg,6,revisar
validation,V0324.jpg,test,T0169.jpg,6,revisar
validation,V0324.jpg,test,T0187.jpg,6,revisar
validation,V0324.jpg,test,T0236.jpg,6,revisar
validation,V0324.jpg,test,T0260.jpg,6,revisar
validation,V0324.jpg,test,T0269.jpg,6,revisar
validation,V0324.jpg,test,T0286.jpg,6,revisar
validation,V0324.jpg,test,T0299.jpg,6,revisar
validation,V0324.jpg,test,T0316.jpg,6,revisar
validation,V0324.jpg,test,T0361.jpg,6,revisar
validation,V0324.jpg,test,T0382.jpg,6,revisar
validation,V0326.jpg,test,T0113.jpg,6,revisar
validation,V0326.jpg,test,T0117.jpg,6,revisar
validation,V0326.jpg,test,T0157.jpg,6,revisar
validation,V0326.jpg,test,T0300.jpg,6,revisar
validation,V0328.jpg,test,T0023.jpg,6,revisar
validation,V0329.jpg,test,T0048.jpg,6,revisar
validation,V0329.jpg,test,T0095.jpg,6,revisar
validation,V0329.jpg,test,T0117.jpg,6,revisar
validation,V0329.jpg,test,T0163.jpg,6,revisar
validation,V0329.jpg,test,T0168.jpg,6,revisar
validation,V0329.jpg,test,T0182.jpg,6,revisar
validation,V0329.jpg,test,T0232.jpg,6,revisar
validation,V0329.jpg,test,T0251.jpg,6,revisar
validation,V0329.jpg,test,T0279.jpg,6,revisar
validation,V0329.jpg,test,T0300.jpg,6,revisar
validation,V0329.jpg,test,T0312.jpg,6,revisar
validation,V0329.jpg,test,T0363.jpg,6,revisar
validation,V0330.jpg,test,T0008.jpg,6,revisar
validation,V0330.jpg,test,T0010.jpg,6,revisar
validation,V0330.jpg,test,T0034.jpg,6,revisar
validation,V0330.jpg,test,T0051.jpg,6,revisar
validation,V0330.jpg,test,T0054.jpg,6,revisar
validation,V0330.jpg,test,T0101.jpg,6,revisar
validation,V0330.jpg,test,T0120.jpg,6,revisar
validation,V0330.jpg,test,T0122.jpg,6,revisar
validation,V0330.jpg,test,T0136.jpg,6,revisar
validation,V0330.jpg,test,T0138.jpg,6,revisar
validation,V0330.jpg,test,T0311.jpg,6,revisar
validation,V0330.jpg,test,T0318.jpg,6,revisar
validation,V0330.jpg,test,T0377.jpg,6,revisar
validation,V0330.jpg,test,T0400.jpg,6,revisar
validation,V0331.jpg,test,T0021.jpg,6,revisar
validation,V0331.jpg,test,T0024.jpg,6,revisar
validation,V0331.jpg,test,T0064.jpg,6,revisar
validation,V0331.jpg,test,T0077.jpg,6,revisar
validation,V0331.jpg,test,T0092.jpg,6,revisar
validation,V0331.jpg,test,T0095.jpg,6,revisar
validation,V0331.jpg,test,T0115.jpg,6,revisar
validation,V0331.jpg,test,T0125.jpg,6,revisar
validation,V0331.jpg,test,T0154.jpg,6,revisar
validation,V0331.jpg,test,T0190.jpg,6,revisar
validation,V0331.jpg,test,T0191.jpg,6,revisar
validation,V0331.jpg,test,T0193.jpg,6,revisar
validation,V0331.jpg,test,T0196.jpg,6,revisar
validation,V0331.jpg,test,T0201.jpg,6,revisar
validation,V0331.jpg,test,T0220.jpg,6,revisar
validation,V0331.jpg,test,T0260.jpg,6,revisar
validation,V0331.jpg,test,T0286.jpg,6,revisar
validation,V0331.jpg,test,T0293.jpg,6,revisar
validation,V0331.jpg,test,T0312.jpg,6,revisar
validation,V0331.jpg,test,T0316.jpg,6,revisar
validation,V0331.jpg,test,T0318.jpg,6,revisar
validation,V0331.jpg,test,T0325.jpg,6,revisar
validation,V0331.jpg,test,T0335.jpg,6,revisar
validation,V0331.jpg,test,T0336.jpg,6,revisar
validation,V0331.jpg,test,T0355.jpg,6,revisar
validation,V0331.jpg,test,T0357.jpg,6,revisar
validation,V0331.jpg,test,T0377.jpg,6,revisar
validation,V0331.jpg,test,T0382.jpg,6,revisar
validation,V0331.jpg,test,T0392.jpg,6,revisar
validation,V0332.jpg,test,T0058.jpg,6,revisar
validation,V0332.jpg,test,T0073.jpg,6,revisar
validation,V0332.jpg,test,T0136.jpg,6,revisar
validation,V0332.jpg,test,T0278.jpg,6,revisar
validation,V0332.jpg,test,T0319.jpg,6,revisar
validation,V0332.jpg,test,T0331.jpg,6,revisar
validation,V0332.jpg,test,T0350.jpg,6,revisar
validation,V0332.jpg,test,T0400.jpg,6,revisar
validation,V0335.jpg,test,T0021.jpg,6,revisar
validation,V0335.jpg,test,T0064.jpg,6,revisar
validation,V0335.jpg,test,T0088.jpg,6,revisar
validation,V0335.jpg,test,T0125.jpg,6,revisar
validation,V0335.jpg,test,T0129.jpg,6,revisar
validation,V0335.jpg,test,T0145.jpg,6,revisar
validation,V0335.jpg,test,T0154.jpg,6,revisar
validation,V0335.jpg,test,T0171.jpg,6,revisar
validation,V0335.jpg,test,T0187.jpg,6,revisar
validation,V0335.jpg,test,T0196.jpg,6,revisar
validation,V0335.jpg,test,T0201.jpg,6,revisar
validation,V0335.jpg,test,T0219.jpg,6,revisar
validation,V0335.jpg,test,T0223.jpg,6,revisar
validation,V0335.jpg,test,T0247.jpg,6,revisar
validation,V0335.jpg,test,T0260.jpg,6,revisar
validation,V0335.jpg,test,T0312.jpg,6,revisar
validation,V0335.jpg,test,T0361.jpg,6,revisar
validation,V0335.jpg,test,T0382.jpg,6,revisar
validation,V0335.jpg,test,T0390.jpg,6,revisar
validation,V0336.jpg,test,T0122.jpg,6,revisar
validation,V0337.jpg,test,T0014.jpg,6,revisar
validation,V0337.jpg,test,T0021.jpg,6,revisar
validation,V0337.jpg,test,T0025.jpg,6,revisar
validation,V0337.jpg,test,T0035.jpg,6,revisar
validation,V0337.jpg,test,T0040.jpg,6,revisar
validation,V0337.jpg,test,T0041.jpg,6,revisar
validation,V0337.jpg,test,T0095.jpg,6,revisar
validation,V0337.jpg,test,T0109.jpg,6,revisar
validation,V0337.jpg,test,T0125.jpg,6,revisar
validation,V0337.jpg,test,T0134.jpg,6,revisar
validation,V0337.jpg,test,T0182.jpg,6,revisar
validation,V0337.jpg,test,T0212.jpg,6,revisar
validation,V0337.jpg,test,T0279.jpg,6,revisar
validation,V0337.jpg,test,T0306.jpg,6,revisar
validation,V0337.jpg,test,T0336.jpg,6,revisar
validation,V0337.jpg,test,T0367.jpg,6,revisar
validation,V0337.jpg,test,T0389.jpg,6,revisar
validation,V0338.jpg,test,T0280.jpg,6,revisar
validation,V0338.jpg,test,T0326.jpg,6,revisar
validation,V0339.jpg,test,T0001.jpg,6,revisar
validation,V0339.jpg,test,T0019.jpg,6,revisar
validation,V0339.jpg,test,T0028.jpg,6,revisar
validation,V0339.jpg,test,T0032.jpg,6,revisar
validation,V0339.jpg,test,T0072.jpg,6,revisar
validation,V0339.jpg,test,T0073.jpg,6,revisar
validation,V0339.jpg,test,T0088.jpg,6,revisar
validation,V0339.jpg,test,T0101.jpg,6,revisar
validation,V0339.jpg,test,T0130.jpg,6,revisar
validation,V0339.jpg,test,T0135.jpg,6,revisar
validation,V0339.jpg,test,T0138.jpg,6,revisar
validation,V0339.jpg,test,T0141.jpg,6,revisar
validation,V0339.jpg,test,T0154.jpg,6,revisar
validation,V0339.jpg,test,T0156.jpg,6,revisar
validation,V0339.jpg,test,T0158.jpg,6,revisar
validation,V0339.jpg,test,T0168.jpg,6,revisar
validation,V0339.jpg,test,T0184.jpg,6,revisar
validation,V0339.jpg,test,T0187.jpg,6,revisar
validation,V0339.jpg,test,T0201.jpg,6,revisar
validation,V0339.jpg,test,T0220.jpg,6,revisar
validation,V0339.jpg,test,T0251.jpg,6,revisar
validation,V0339.jpg,test,T0254.jpg,6,revisar
validation,V0339.jpg,test,T0255.jpg,6,revisar
validation,V0339.jpg,test,T0260.jpg,6,revisar
validation,V0339.jpg,test,T0269.jpg,6,revisar
validation,V0339.jpg,test,T0278.jpg,6,revisar
validation,V0339.jpg,test,T0286.jpg,6,revisar
validation,V0339.jpg,test,T0289.jpg,6,revisar
validation,V0339.jpg,test,T0293.jpg,6,revisar
validation,V0339.jpg,test,T0311.jpg,6,revisar
validation,V0339.jpg,test,T0313.jpg,6,revisar
validation,V0339.jpg,test,T0328.jpg,6,revisar
validation,V0339.jpg,test,T0334.jpg,6,revisar
validation,V0339.jpg,test,T0345.jpg,6,revisar
validation,V0339.jpg,test,T0355.jpg,6,revisar
validation,V0339.jpg,test,T0374.jpg,6,revisar
validation,V0339.jpg,test,T0377.jpg,6,revisar
validation,V0339.jpg,test,T0380.jpg,6,revisar
validation,V0339.jpg,test,T0392.jpg,6,revisar
validation,V0339.jpg,test,T0395.jpg,6,revisar
validation,V0340.jpg,test,T0027.jpg,6,revisar
validation,V0340.jpg,test,T0222.jpg,6,revisar
validation,V0341.jpg,test,T0171.jpg,6,revisar
validation,V0341.jpg,test,T0246.jpg,6,revisar
validation,V0342.jpg,test,T0067.jpg,6,revisar
validation,V0342.jpg,test,T0163.jpg,6,revisar
validation,V0342.jpg,test,T0298.jpg,6,revisar
validation,V0342.jpg,test,T0300.jpg,6,revisar
validation,V0342.jpg,test,T0331.jpg,6,revisar
validation,V0343.jpg,test,T0041.jpg,6,revisar
validation,V0343.jpg,test,T0052.jpg,6,revisar
validation,V0343.jpg,test,T0075.jpg,6,revisar
validation,V0343.jpg,test,T0087.jpg,6,revisar
validation,V0343.jpg,test,T0088.jpg,6,revisar
validation,V0343.jpg,test,T0109.jpg,6,revisar
validation,V0343.jpg,test,T0134.jpg,6,revisar
validation,V0343.jpg,test,T0156.jpg,6,revisar
validation,V0343.jpg,test,T0311.jpg,6,revisar
validation,V0343.jpg,test,T0337.jpg,6,revisar
validation,V0343.jpg,test,T0363.jpg,6,revisar
validation,V0343.jpg,test,T0382.jpg,6,revisar
validation,V0343.jpg,test,T0393.jpg,6,revisar
validation,V0344.jpg,test,T0093.jpg,6,revisar
validation,V0344.jpg,test,T0295.jpg,6,revisar
validation,V0345.jpg,test,T0001.jpg,6,revisar
validation,V0345.jpg,test,T0021.jpg,6,revisar
validation,V0345.jpg,test,T0092.jpg,6,revisar
validation,V0345.jpg,test,T0103.jpg,6,revisar
validation,V0345.jpg,test,T0118.jpg,6,revisar
validation,V0345.jpg,test,T0125.jpg,6,revisar
validation,V0345.jpg,test,T0171.jpg,6,revisar
validation,V0345.jpg,test,T0187.jpg,6,revisar
validation,V0345.jpg,test,T0201.jpg,6,revisar
validation,V0345.jpg,test,T0250.jpg,6,revisar
validation,V0345.jpg,test,T0286.jpg,6,revisar
validation,V0345.jpg,test,T0299.jpg,6,revisar
validation,V0345.jpg,test,T0350.jpg,6,revisar
validation,V0346.jpg,test,T0017.jpg,6,revisar
validation,V0346.jpg,test,T0021.jpg,6,revisar
validation,V0346.jpg,test,T0041.jpg,6,revisar
validation,V0346.jpg,test,T0052.jpg,6,revisar
validation,V0346.jpg,test,T0078.jpg,6,revisar
validation,V0346.jpg,test,T0088.jpg,6,revisar
validation,V0346.jpg,test,T0095.jpg,6,revisar
validation,V0346.jpg,test,T0109.jpg,6,revisar
validation,V0346.jpg,test,T0125.jpg,6,revisar
validation,V0346.jpg,test,T0134.jpg,6,revisar
validation,V0346.jpg,test,T0154.jpg,6,revisar
validation,V0346.jpg,test,T0167.jpg,6,revisar
validation,V0346.jpg,test,T0196.jpg,6,revisar
validation,V0346.jpg,test,T0220.jpg,6,revisar
validation,V0346.jpg,test,T0236.jpg,6,revisar
validation,V0346.jpg,test,T0251.jpg,6,revisar
validation,V0346.jpg,test,T0260.jpg,6,revisar
validation,V0346.jpg,test,T0262.jpg,6,revisar
validation,V0346.jpg,test,T0293.jpg,6,revisar
validation,V0346.jpg,test,T0336.jpg,6,revisar
validation,V0346.jpg,test,T0337.jpg,6,revisar
validation,V0346.jpg,test,T0382.jpg,6,revisar
validation,V0346.jpg,test,T0390.jpg,6,revisar
validation,V0346.jpg,test,T0398.jpg,6,revisar
validation,V0348.jpg,test,T0050.jpg,6,revisar
validation,V0348.jpg,test,T0107.jpg,6,revisar
validation,V0348.jpg,test,T0115.jpg,6,revisar
validation,V0348.jpg,test,T0125.jpg,6,revisar
validation,V0348.jpg,test,T0134.jpg,6,revisar
validation,V0348.jpg,test,T0156.jpg,6,revisar
validation,V0348.jpg,test,T0227.jpg,6,revisar
validation,V0348.jpg,test,T0244.jpg,6,revisar
validation,V0348.jpg,test,T0299.jpg,6,revisar
validation,V0348.jpg,test,T0316.jpg,6,revisar
validation,V0348.jpg,test,T0336.jpg,6,revisar
validation,V0348.jpg,test,T0380.jpg,6,revisar
validation,V0348.jpg,test,T0392.jpg,6,revisar
validation,V0349.jpg,test,T0079.jpg,6,revisar
validation,V0349.jpg,test,T0132.jpg,6,revisar
validation,V0349.jpg,test,T0194.jpg,6,revisar
validation,V0350.jpg,test,T0028.jpg,6,revisar
validation,V0350.jpg,test,T0042.jpg,6,revisar
validation,V0350.jpg,test,T0058.jpg,6,revisar
validation,V0350.jpg,test,T0072.jpg,6,revisar
validation,V0350.jpg,test,T0073.jpg,6,revisar
validation,V0350.jpg,test,T0114.jpg,6,revisar
validation,V0350.jpg,test,T0136.jpg,6,revisar
validation,V0350.jpg,test,T0149.jpg,6,revisar
validation,V0350.jpg,test,T0156.jpg,6,revisar
validation,V0350.jpg,test,T0168.jpg,6,revisar
validation,V0350.jpg,test,T0214.jpg,6,revisar
validation,V0350.jpg,test,T0231.jpg,6,revisar
validation,V0350.jpg,test,T0255.jpg,6,revisar
validation,V0350.jpg,test,T0278.jpg,6,revisar
validation,V0350.jpg,test,T0294.jpg,6,revisar
validation,V0350.jpg,test,T0299.jpg,6,revisar
validation,V0350.jpg,test,T0313.jpg,6,revisar
validation,V0350.jpg,test,T0314.jpg,6,revisar
validation,V0350.jpg,test,T0334.jpg,6,revisar
validation,V0350.jpg,test,T0341.jpg,6,revisar
validation,V0350.jpg,test,T0343.jpg,6,revisar
validation,V0350.jpg,test,T0345.jpg,6,revisar
validation,V0350.jpg,test,T0369.jpg,6,revisar
validation,V0350.jpg,test,T0395.jpg,6,revisar
validation,V0350.jpg,test,T0399.jpg,6,revisar
validation,V0351.jpg,test,T0017.jpg,6,revisar
validation,V0351.jpg,test,T0021.jpg,6,revisar
validation,V0351.jpg,test,T0029.jpg,6,revisar
validation,V0351.jpg,test,T0125.jpg,6,revisar
validation,V0351.jpg,test,T0169.jpg,6,revisar
validation,V0351.jpg,test,T0251.jpg,6,revisar
validation,V0351.jpg,test,T0267.jpg,6,revisar
validation,V0351.jpg,test,T0336.jpg,6,revisar
validation,V0351.jpg,test,T0382.jpg,6,revisar
validation,V0351.jpg,test,T0392.jpg,6,revisar
validation,V0352.jpg,test,T0029.jpg,6,revisar
validation,V0352.jpg,test,T0068.jpg,6,revisar
validation,V0352.jpg,test,T0069.jpg,6,revisar
validation,V0352.jpg,test,T0078.jpg,6,revisar
validation,V0352.jpg,test,T0121.jpg,6,revisar
validation,V0352.jpg,test,T0232.jpg,6,revisar
validation,V0352.jpg,test,T0236.jpg,6,revisar
validation,V0352.jpg,test,T0245.jpg,6,revisar
validation,V0352.jpg,test,T0267.jpg,6,revisar
validation,V0352.jpg,test,T0287.jpg,6,revisar
validation,V0352.jpg,test,T0363.jpg,6,revisar
validation,V0354.jpg,test,T0003.jpg,6,revisar
validation,V0354.jpg,test,T0008.jpg,6,revisar
validation,V0354.jpg,test,T0010.jpg,6,revisar
validation,V0354.jpg,test,T0042.jpg,6,revisar
validation,V0354.jpg,test,T0120.jpg,6,revisar
validation,V0354.jpg,test,T0223.jpg,6,revisar
validation,V0354.jpg,test,T0318.jpg,6,revisar
validation,V0354.jpg,test,T0331.jpg,6,revisar
validation,V0354.jpg,test,T0347.jpg,6,revisar
validation,V0355.jpg,test,T0018.jpg,6,revisar
validation,V0355.jpg,test,T0297.jpg,6,revisar
validation,V0355.jpg,test,T0391.jpg,6,revisar
validation,V0357.jpg,test,T0008.jpg,6,revisar
validation,V0357.jpg,test,T0010.jpg,6,revisar
validation,V0357.jpg,test,T0042.jpg,6,revisar
validation,V0357.jpg,test,T0046.jpg,6,revisar
validation,V0357.jpg,test,T0054.jpg,6,revisar
validation,V0357.jpg,test,T0120.jpg,6,revisar
validation,V0357.jpg,test,T0122.jpg,6,revisar
validation,V0357.jpg,test,T0219.jpg,6,revisar
validation,V0357.jpg,test,T0318.jpg,6,revisar
validation,V0357.jpg,test,T0331.jpg,6,revisar
validation,V0358.jpg,test,T0187.jpg,6,revisar
validation,V0358.jpg,test,T0307.jpg,6,revisar
validation,V0358.jpg,test,T0323.jpg,6,revisar
validation,V0359.jpg,test,T0396.jpg,6,revisar
validation,V0361.jpg,test,T0024.jpg,6,revisar
validation,V0361.jpg,test,T0400.jpg,6,revisar
validation,V0362.jpg,test,T0104.jpg,6,revisar
validation,V0362.jpg,test,T0115.jpg,6,revisar
validation,V0362.jpg,test,T0156.jpg,6,revisar
validation,V0362.jpg,test,T0167.jpg,6,revisar
validation,V0362.jpg,test,T0169.jpg,6,revisar
validation,V0362.jpg,test,T0227.jpg,6,revisar
validation,V0362.jpg,test,T0337.jpg,6,revisar
validation,V0364.jpg,test,T0010.jpg,6,revisar
validation,V0364.jpg,test,T0042.jpg,6,revisar
validation,V0364.jpg,test,T0046.jpg,6,revisar
validation,V0364.jpg,test,T0054.jpg,6,revisar
validation,V0364.jpg,test,T0073.jpg,6,revisar
validation,V0364.jpg,test,T0120.jpg,6,revisar
validation,V0364.jpg,test,T0145.jpg,6,revisar
validation,V0364.jpg,test,T0207.jpg,6,revisar
validation,V0364.jpg,test,T0231.jpg,6,revisar
validation,V0364.jpg,test,T0300.jpg,6,revisar
validation,V0364.jpg,test,T0319.jpg,6,revisar
validation,V0364.jpg,test,T0331.jpg,6,revisar
validation,V0364.jpg,test,T0383.jpg,6,revisar
validation,V0365.jpg,test,T0117.jpg,6,revisar
validation,V0365.jpg,test,T0122.jpg,6,revisar
validation,V0365.jpg,test,T0231.jpg,6,revisar
validation,V0365.jpg,test,T0298.jpg,6,revisar
validation,V0365.jpg,test,T0300.jpg,6,revisar
validation,V0367.jpg,test,T0014.jpg,6,revisar
validation,V0367.jpg,test,T0016.jpg,6,revisar
validation,V0367.jpg,test,T0017.jpg,6,revisar
validation,V0367.jpg,test,T0038.jpg,6,revisar
validation,V0367.jpg,test,T0041.jpg,6,revisar
validation,V0367.jpg,test,T0048.jpg,6,revisar
validation,V0367.jpg,test,T0053.jpg,6,revisar
validation,V0367.jpg,test,T0063.jpg,6,revisar
validation,V0367.jpg,test,T0075.jpg,6,revisar
validation,V0367.jpg,test,T0173.jpg,6,revisar
validation,V0367.jpg,test,T0287.jpg,6,revisar
validation,V0368.jpg,test,T0112.jpg,6,revisar
validation,V0368.jpg,test,T0332.jpg,6,revisar
validation,V0369.jpg,test,T0010.jpg,6,revisar
validation,V0369.jpg,test,T0092.jpg,6,revisar
validation,V0369.jpg,test,T0118.jpg,6,revisar
validation,V0369.jpg,test,T0145.jpg,6,revisar
validation,V0369.jpg,test,T0154.jpg,6,revisar
validation,V0369.jpg,test,T0168.jpg,6,revisar
validation,V0369.jpg,test,T0220.jpg,6,revisar
validation,V0369.jpg,test,T0225.jpg,6,revisar
validation,V0369.jpg,test,T0260.jpg,6,revisar
validation,V0369.jpg,test,T0286.jpg,6,revisar
validation,V0369.jpg,test,T0293.jpg,6,revisar
validation,V0369.jpg,test,T0310.jpg,6,revisar
validation,V0369.jpg,test,T0361.jpg,6,revisar
validation,V0369.jpg,test,T0393.jpg,6,revisar
validation,V0370.jpg,test,T0034.jpg,6,revisar
validation,V0370.jpg,test,T0042.jpg,6,revisar
validation,V0370.jpg,test,T0064.jpg,6,revisar
validation,V0370.jpg,test,T0095.jpg,6,revisar
validation,V0370.jpg,test,T0135.jpg,6,revisar
validation,V0370.jpg,test,T0154.jpg,6,revisar
validation,V0370.jpg,test,T0178.jpg,6,revisar
validation,V0370.jpg,test,T0184.jpg,6,revisar
validation,V0370.jpg,test,T0219.jpg,6,revisar
validation,V0370.jpg,test,T0225.jpg,6,revisar
validation,V0370.jpg,test,T0246.jpg,6,revisar
validation,V0370.jpg,test,T0251.jpg,6,revisar
validation,V0370.jpg,test,T0260.jpg,6,revisar
validation,V0370.jpg,test,T0262.jpg,6,revisar
validation,V0370.jpg,test,T0286.jpg,6,revisar
validation,V0370.jpg,test,T0289.jpg,6,revisar
validation,V0370.jpg,test,T0294.jpg,6,revisar
validation,V0370.jpg,test,T0311.jpg,6,revisar
validation,V0370.jpg,test,T0382.jpg,6,revisar
validation,V0371.jpg,test,T0081.jpg,6,revisar
validation,V0371.jpg,test,T0291.jpg,6,revisar
validation,V0371.jpg,test,T0321.jpg,6,revisar
validation,V0371.jpg,test,T0324.jpg,6,revisar
validation,V0371.jpg,test,T0362.jpg,6,revisar
validation,V0372.jpg,test,T0394.jpg,6,revisar
validation,V0373.jpg,test,T0031.jpg,6,revisar
validation,V0373.jpg,test,T0107.jpg,6,revisar
validation,V0373.jpg,test,T0134.jpg,6,revisar
validation,V0373.jpg,test,T0169.jpg,6,revisar
validation,V0373.jpg,test,T0206.jpg,6,revisar
validation,V0373.jpg,test,T0244.jpg,6,revisar
validation,V0373.jpg,test,T0262.jpg,6,revisar
validation,V0374.jpg,test,T0042.jpg,6,revisar
validation,V0374.jpg,test,T0101.jpg,6,revisar
validation,V0374.jpg,test,T0136.jpg,6,revisar
validation,V0374.jpg,test,T0254.jpg,6,revisar
validation,V0374.jpg,test,T0289.jpg,6,revisar
validation,V0375.jpg,test,T0021.jpg,6,revisar
validation,V0375.jpg,test,T0029.jpg,6,revisar
validation,V0375.jpg,test,T0048.jpg,6,revisar
validation,V0375.jpg,test,T0063.jpg,6,revisar
validation,V0375.jpg,test,T0068.jpg,6,revisar
validation,V0375.jpg,test,T0075.jpg,6,revisar
validation,V0375.jpg,test,T0232.jpg,6,revisar
validation,V0375.jpg,test,T0267.jpg,6,revisar
validation,V0375.jpg,test,T0363.jpg,6,revisar
validation,V0376.jpg,test,T0332.jpg,6,revisar
validation,V0377.jpg,test,T0222.jpg,6,revisar
validation,V0378.jpg,test,T0097.jpg,6,revisar
validation,V0379.jpg,test,T0001.jpg,6,revisar
validation,V0379.jpg,test,T0020.jpg,6,revisar
validation,V0379.jpg,test,T0112.jpg,6,revisar
validation,V0379.jpg,test,T0115.jpg,6,revisar
validation,V0379.jpg,test,T0138.jpg,6,revisar
validation,V0379.jpg,test,T0171.jpg,6,revisar
validation,V0379.jpg,test,T0244.jpg,6,revisar
validation,V0379.jpg,test,T0260.jpg,6,revisar
validation,V0379.jpg,test,T0269.jpg,6,revisar
validation,V0379.jpg,test,T0286.jpg,6,revisar
validation,V0379.jpg,test,T0299.jpg,6,revisar
validation,V0379.jpg,test,T0316.jpg,6,revisar
validation,V0379.jpg,test,T0325.jpg,6,revisar
validation,V0379.jpg,test,T0361.jpg,6,revisar
validation,V0379.jpg,test,T0368.jpg,6,revisar
validation,V0380.jpg,test,T0015.jpg,6,revisar
validation,V0381.jpg,test,T0029.jpg,6,revisar
validation,V0381.jpg,test,T0167.jpg,6,revisar
validation,V0381.jpg,test,T0232.jpg,6,revisar
validation,V0381.jpg,test,T0267.jpg,6,revisar
validation,V0381.jpg,test,T0306.jpg,6,revisar
validation,V0381.jpg,test,T0363.jpg,6,revisar
validation,V0381.jpg,test,T0394.jpg,6,revisar
validation,V0382.jpg,test,T0010.jpg,6,revisar
validation,V0382.jpg,test,T0110.jpg,6,revisar
validation,V0382.jpg,test,T0142.jpg,6,revisar
validation,V0382.jpg,test,T0230.jpg,6,revisar
validation,V0382.jpg,test,T0250.jpg,6,revisar
validation,V0382.jpg,test,T0310.jpg,6,revisar
validation,V0383.jpg,test,T0010.jpg,6,revisar
validation,V0383.jpg,test,T0044.jpg,6,revisar
validation,V0383.jpg,test,T0072.jpg,6,revisar
validation,V0383.jpg,test,T0110.jpg,6,revisar
validation,V0383.jpg,test,T0117.jpg,6,revisar
validation,V0383.jpg,test,T0130.jpg,6,revisar
validation,V0383.jpg,test,T0153.jpg,6,revisar
validation,V0383.jpg,test,T0214.jpg,6,revisar
validation,V0383.jpg,test,T0221.jpg,6,revisar
validation,V0383.jpg,test,T0253.jpg,6,revisar
validation,V0383.jpg,test,T0255.jpg,6,revisar
validation,V0383.jpg,test,T0278.jpg,6,revisar
validation,V0383.jpg,test,T0294.jpg,6,revisar
validation,V0383.jpg,test,T0300.jpg,6,revisar
validation,V0383.jpg,test,T0311.jpg,6,revisar
validation,V0383.jpg,test,T0328.jpg,6,revisar
validation,V0383.jpg,test,T0331.jpg,6,revisar
validation,V0383.jpg,test,T0377.jpg,6,revisar
validation,V0383.jpg,test,T0383.jpg,6,revisar
validation,V0384.jpg,test,T0001.jpg,6,revisar
validation,V0384.jpg,test,T0020.jpg,6,revisar
validation,V0384.jpg,test,T0092.jpg,6,revisar
validation,V0384.jpg,test,T0138.jpg,6,revisar
validation,V0384.jpg,test,T0190.jpg,6,revisar
validation,V0384.jpg,test,T0196.jpg,6,revisar
validation,V0384.jpg,test,T0201.jpg,6,revisar
validation,V0384.jpg,test,T0260.jpg,6,revisar
validation,V0384.jpg,test,T0316.jpg,6,revisar
validation,V0384.jpg,test,T0329.jpg,6,revisar
validation,V0384.jpg,test,T0361.jpg,6,revisar
validation,V0387.jpg,test,T0001.jpg,6,revisar
validation,V0387.jpg,test,T0021.jpg,6,revisar
validation,V0387.jpg,test,T0024.jpg,6,revisar
validation,V0387.jpg,test,T0187.jpg,6,revisar
validation,V0387.jpg,test,T0190.jpg,6,revisar
validation,V0387.jpg,test,T0201.jpg,6,revisar
validation,V0387.jpg,test,T0216.jpg,6,revisar
validation,V0387.jpg,test,T0244.jpg,6,revisar
validation,V0387.jpg,test,T0253.jpg,6,revisar
validation,V0387.jpg,test,T0286.jpg,6,revisar
validation,V0387.jpg,test,T0346.jpg,6,revisar
validation,V0387.jpg,test,T0361.jpg,6,revisar
validation,V0387.jpg,test,T0390.jpg,6,revisar
validation,V0388.jpg,test,T0010.jpg,6,revisar
validation,V0389.jpg,test,T0210.jpg,6,revisar
validation,V0390.jpg,test,T0215.jpg,6,revisar
validation,V0391.jpg,test,T0010.jpg,6,revisar
validation,V0391.jpg,test,T0072.jpg,6,revisar
validation,V0391.jpg,test,T0099.jpg,6,revisar
validation,V0391.jpg,test,T0101.jpg,6,revisar
validation,V0391.jpg,test,T0130.jpg,6,revisar
validation,V0391.jpg,test,T0221.jpg,6,revisar
validation,V0391.jpg,test,T0319.jpg,6,revisar
validation,V0391.jpg,test,T0350.jpg,6,revisar
validation,V0392.jpg,test,T0001.jpg,6,revisar
validation,V0392.jpg,test,T0017.jpg,6,revisar
validation,V0392.jpg,test,T0029.jpg,6,revisar
validation,V0392.jpg,test,T0035.jpg,6,revisar
validation,V0392.jpg,test,T0041.jpg,6,revisar
validation,V0392.jpg,test,T0068.jpg,6,revisar
validation,V0392.jpg,test,T0075.jpg,6,revisar
validation,V0392.jpg,test,T0125.jpg,6,revisar
validation,V0392.jpg,test,T0169.jpg,6,revisar
validation,V0392.jpg,test,T0198.jpg,6,revisar
validation,V0392.jpg,test,T0212.jpg,6,revisar
validation,V0392.jpg,test,T0232.jpg,6,revisar
validation,V0392.jpg,test,T0259.jpg,6,revisar
validation,V0392.jpg,test,T0267.jpg,6,revisar
validation,V0392.jpg,test,T0316.jpg,6,revisar
validation,V0392.jpg,test,T0390.jpg,6,revisar
validation,V0392.jpg,test,T0392.jpg,6,revisar
validation,V0393.jpg,test,T0029.jpg,6,revisar
validation,V0393.jpg,test,T0041.jpg,6,revisar
validation,V0393.jpg,test,T0052.jpg,6,revisar
validation,V0393.jpg,test,T0077.jpg,6,revisar
validation,V0393.jpg,test,T0087.jpg,6,revisar
validation,V0393.jpg,test,T0095.jpg,6,revisar
validation,V0393.jpg,test,T0107.jpg,6,revisar
validation,V0393.jpg,test,T0118.jpg,6,revisar
validation,V0393.jpg,test,T0154.jpg,6,revisar
validation,V0393.jpg,test,T0156.jpg,6,revisar
validation,V0393.jpg,test,T0236.jpg,6,revisar
validation,V0393.jpg,test,T0244.jpg,6,revisar
validation,V0393.jpg,test,T0267.jpg,6,revisar
validation,V0393.jpg,test,T0286.jpg,6,revisar
validation,V0393.jpg,test,T0316.jpg,6,revisar
validation,V0393.jpg,test,T0337.jpg,6,revisar
validation,V0393.jpg,test,T0363.jpg,6,revisar
validation,V0393.jpg,test,T0365.jpg,6,revisar
validation,V0393.jpg,test,T0393.jpg,6,revisar
validation,V0394.jpg,test,T0047.jpg,6,revisar
validation,V0395.jpg,test,T0017.jpg,6,revisar
validation,V0395.jpg,test,T0021.jpg,6,revisar
validation,V0395.jpg,test,T0052.jpg,6,revisar
validation,V0395.jpg,test,T0053.jpg,6,revisar
validation,V0395.jpg,test,T0077.jpg,6,revisar
validation,V0395.jpg,test,T0095.jpg,6,revisar
validation,V0395.jpg,test,T0107.jpg,6,revisar
validation,V0395.jpg,test,T0115.jpg,6,revisar
validation,V0395.jpg,test,T0154.jpg,6,revisar
validation,V0395.jpg,test,T0156.jpg,6,revisar
validation,V0395.jpg,test,T0196.jpg,6,revisar
validation,V0395.jpg,test,T0236.jpg,6,revisar
validation,V0395.jpg,test,T0244.jpg,6,revisar
validation,V0395.jpg,test,T0251.jpg,6,revisar
validation,V0395.jpg,test,T0289.jpg,6,revisar
validation,V0395.jpg,test,T0337.jpg,6,revisar
validation,V0395.jpg,test,T0365.jpg,6,revisar
validation,V0395.jpg,test,T0390.jpg,6,revisar
validation,V0396.jpg,test,T0043.jpg,6,revisar
validation,V0396.jpg,test,T0045.jpg,6,revisar
validation,V0396.jpg,test,T0077.jpg,6,revisar
validation,V0396.jpg,test,T0082.jpg,6,revisar
validation,V0396.jpg,test,T0171.jpg,6,revisar
validation,V0396.jpg,test,T0269.jpg,6,revisar
validation,V0396.jpg,test,T0325.jpg,6,revisar
validation,V0396.jpg,test,T0378.jpg,6,revisar
validation,V0396.jpg,test,T0380.jpg,6,revisar
validation,V0397.jpg,test,T0025.jpg,6,revisar
validation,V0397.jpg,test,T0029.jpg,6,revisar
validation,V0397.jpg,test,T0048.jpg,6,revisar
validation,V0397.jpg,test,T0053.jpg,6,revisar
validation,V0397.jpg,test,T0068.jpg,6,revisar
validation,V0397.jpg,test,T0075.jpg,6,revisar
validation,V0397.jpg,test,T0121.jpg,6,revisar
validation,V0397.jpg,test,T0232.jpg,6,revisar
validation,V0397.jpg,test,T0267.jpg,6,revisar
validation,V0397.jpg,test,T0389.jpg,6,revisar
validation,V0398.jpg,test,T0029.jpg,6,revisar
validation,V0398.jpg,test,T0038.jpg,6,revisar
validation,V0398.jpg,test,T0063.jpg,6,revisar
validation,V0398.jpg,test,T0068.jpg,6,revisar
validation,V0398.jpg,test,T0167.jpg,6,revisar
validation,V0398.jpg,test,T0232.jpg,6,revisar
validation,V0398.jpg,test,T0236.jpg,6,revisar
validation,V0398.jpg,test,T0267.jpg,6,revisar
validation,V0398.jpg,test,T0287.jpg,6,revisar
validation,V0398.jpg,test,T0363.jpg,6,revisar
validation,V0398.jpg,test,T0367.jpg,6,revisar
validation,V0399.jpg,test,T0391.jpg,6,revisar
validation,V0400.jpg,test,T0022.jpg,6,revisar
train,g0001.jpg,validation,V0224.jpg,8,revisar
train,g0003.jpg,test,T0049.jpg,8,revisar
train,g0006.jpg,validation,V0058.jpg,8,revisar
train,g0008.jpg,validation,V0041.jpg,8,revisar
train,g0008.jpg,validation,V0192.jpg,8,revisar
train,g0008.jpg,test,T0091.jpg,8,revisar
train,g0008.jpg,test,T0132.jpg,8,revisar
train,g0008.jpg,test,T0133.jpg,8,revisar
train,g0008.jpg,test,T0291.jpg,8,revisar
train,g0008.jpg,test,T0295.jpg,8,revisar
train,g0008.jpg,test,T0301.jpg,8,revisar
train,g0008.jpg,test,T0321.jpg,8,revisar
train,g0009.jpg,validation,V0267.jpg,8,revisar
train,g0010.jpg,validation,V0021.jpg,8,revisar
train,g0010.jpg,validation,V0044.jpg,8,revisar
train,g0010.jpg,validation,V0053.jpg,8,revisar
train,g0010.jpg,validation,V0098.jpg,8,revisar
train,g0010.jpg,validation,V0129.jpg,8,revisar
train,g0010.jpg,validation,V0145.jpg,8,revisar
train,g0010.jpg,validation,V0201.jpg,8,revisar
train,g0010.jpg,validation,V0207.jpg,8,revisar
train,g0010.jpg,validation,V0244.jpg,8,revisar
train,g0010.jpg,validation,V0280.jpg,8,revisar
train,g0010.jpg,validation,V0330.jpg,8,revisar
train,g0010.jpg,test,T0010.jpg,8,revisar
train,g0010.jpg,test,T0219.jpg,8,revisar
train,g0010.jpg,test,T0312.jpg,8,revisar
train,g0010.jpg,test,T0331.jpg,8,revisar
train,g0010.jpg,test,T0346.jpg,8,revisar
train,g0011.jpg,validation,V0128.jpg,8,revisar
train,g0011.jpg,validation,V0316.jpg,8,revisar
train,g0011.jpg,test,T0202.jpg,8,revisar
train,g0014.jpg,test,T0066.jpg,8,revisar
train,g0019.jpg,validation,V0224.jpg,8,revisar
train,g0020.jpg,validation,V0022.jpg,8,revisar
train,g0022.jpg,validation,V0021.jpg,8,revisar
train,g0022.jpg,validation,V0027.jpg,8,revisar
train,g0022.jpg,validation,V0044.jpg,8,revisar
train,g0022.jpg,validation,V0070.jpg,8,revisar
train,g0022.jpg,validation,V0085.jpg,8,revisar
train,g0022.jpg,validation,V0106.jpg,8,revisar
train,g0022.jpg,validation,V0188.jpg,8,revisar
train,g0022.jpg,validation,V0207.jpg,8,revisar
train,g0022.jpg,validation,V0220.jpg,8,revisar
train,g0022.jpg,validation,V0252.jpg,8,revisar
train,g0022.jpg,validation,V0258.jpg,8,revisar
train,g0022.jpg,validation,V0280.jpg,8,revisar
train,g0022.jpg,validation,V0306.jpg,8,revisar
train,g0022.jpg,validation,V0354.jpg,8,revisar
train,g0022.jpg,validation,V0364.jpg,8,revisar
train,g0022.jpg,test,T0023.jpg,8,revisar
train,g0022.jpg,test,T0300.jpg,8,revisar
train,g0022.jpg,test,T0331.jpg,8,revisar
train,g0022.jpg,test,T0383.jpg,8,revisar
train,g0023.jpg,validation,V0094.jpg,8,revisar
train,g0023.jpg,validation,V0209.jpg,8,revisar
train,g0023.jpg,test,T0114.jpg,8,revisar
train,g0023.jpg,test,T0341.jpg,8,revisar
train,g0024.jpg,validation,V0058.jpg,8,revisar
train,g0028.jpg,validation,V0224.jpg,8,revisar
train,g0028.jpg,test,T0049.jpg,8,revisar
train,g0028.jpg,test,T0155.jpg,8,revisar
train,g0030.jpg,test,T0373.jpg,8,revisar
train,g0031.jpg,test,T0105.jpg,8,revisar
train,g0031.jpg,test,T0381.jpg,8,revisar
train,g0033.jpg,validation,V0022.jpg,8,revisar
train,g0033.jpg,validation,V0076.jpg,8,revisar
train,g0033.jpg,validation,V0128.jpg,8,revisar
train,g0033.jpg,validation,V0224.jpg,8,revisar
train,g0034.jpg,validation,V0344.jpg,8,revisar
train,g0037.jpg,validation,V0224.jpg,8,revisar
train,g0039.jpg,validation,V0363.jpg,8,revisar
train,g0040.jpg,validation,V0076.jpg,8,revisar
train,g0040.jpg,test,T0257.jpg,8,revisar
train,n0003.jpg,validation,V0109.jpg,8,revisar
train,n0003.jpg,validation,V0368.jpg,8,revisar
train,n0004.jpg,validation,V0241.jpg,8,revisar
train,n0004.jpg,validation,V0316.jpg,8,revisar
train,n0004.jpg,test,T0202.jpg,8,revisar
train,n0008.jpg,validation,V0037.jpg,8,revisar
train,n0009.jpg,validation,V0116.jpg,8,revisar
train,n0009.jpg,validation,V0219.jpg,8,revisar
train,n0009.jpg,test,T0179.jpg,8,revisar
train,n0009.jpg,test,T0194.jpg,8,revisar
train,n0009.jpg,test,T0291.jpg,8,revisar
train,n0014.jpg,validation,V0076.jpg,8,revisar
train,n0014.jpg,validation,V0316.jpg,8,revisar
train,n0014.jpg,validation,V0344.jpg,8,revisar
train,n0014.jpg,test,T0155.jpg,8,revisar
train,n0014.jpg,test,T0202.jpg,8,revisar
train,n0015.jpg,validation,V0316.jpg,8,revisar
train,n0015.jpg,test,T0202.jpg,8,revisar
train,n0015.jpg,test,T0320.jpg,8,revisar
train,n0016.jpg,validation,V0022.jpg,8,revisar
train,n0016.jpg,test,T0381.jpg,8,revisar
train,n0017.jpg,validation,V0058.jpg,8,revisar
train,n0021.jpg,validation,V0022.jpg,8,revisar
train,n0021.jpg,validation,V0224.jpg,8,revisar
train,n0022.jpg,test,T0105.jpg,8,revisar
train,n0022.jpg,test,T0202.jpg,8,revisar
train,n0023.jpg,validation,V0400.jpg,8,revisar
train,n0024.jpg,test,T0049.jpg,8,revisar
train,n0024.jpg,test,T0358.jpg,8,revisar
train,n0025.jpg,validation,V0128.jpg,8,revisar
train,n0025.jpg,validation,V0224.jpg,8,revisar
train,n0025.jpg,test,T0373.jpg,8,revisar
train,n0025.jpg,test,T0381.jpg,8,revisar
train,n0028.jpg,test,T0105.jpg,8,revisar
train,n0034.jpg,test,T0344.jpg,8,revisar
train,n0034.jpg,test,T0373.jpg,8,revisar
train,n0035.jpg,validation,V0344.jpg,8,revisar
train,n0036.jpg,validation,V0128.jpg,8,revisar
train,n0039.jpg,validation,V0128.jpg,8,revisar
train,n0039.jpg,validation,V0241.jpg,8,revisar
train,n0039.jpg,validation,V0316.jpg,8,revisar
train,n0039.jpg,test,T0202.jpg,8,revisar
train,n0041.jpg,validation,V0022.jpg,8,revisar
train,n0041.jpg,validation,V0224.jpg,8,revisar
train,n0041.jpg,test,T0248.jpg,8,revisar
train,n0041.jpg,test,T0257.jpg,8,revisar
train,n0041.jpg,test,T0381.jpg,8,revisar
train,n0043.jpg,validation,V0076.jpg,8,revisar
train,n0047.jpg,validation,V0224.jpg,8,revisar
train,n0050.jpg,validation,V0128.jpg,8,revisar
train,n0050.jpg,test,T0105.jpg,8,revisar
train,n0050.jpg,test,T0202.jpg,8,revisar
train,n0052.jpg,validation,V0224.jpg,8,revisar
train,n0054.jpg,test,T0202.jpg,8,revisar
train,n0054.jpg,test,T0344.jpg,8,revisar
train,n0054.jpg,test,T0373.jpg,8,revisar
train,n0055.jpg,validation,V0316.jpg,8,revisar
train,n0055.jpg,test,T0257.jpg,8,revisar
train,n0056.jpg,validation,V0076.jpg,8,revisar
train,n0056.jpg,validation,V0128.jpg,8,revisar
train,n0056.jpg,validation,V0316.jpg,8,revisar
train,n0056.jpg,test,T0373.jpg,8,revisar
train,n0056.jpg,test,T0381.jpg,8,revisar
train,n0059.jpg,validation,V0103.jpg,8,revisar
train,n0059.jpg,validation,V0126.jpg,8,revisar
train,n0059.jpg,validation,V0224.jpg,8,revisar
train,n0059.jpg,test,T0055.jpg,8,revisar
train,n0059.jpg,test,T0081.jpg,8,revisar
train,n0059.jpg,test,T0083.jpg,8,revisar
train,n0059.jpg,test,T0202.jpg,8,revisar
train,n0060.jpg,test,T0202.jpg,8,revisar
train,n0064.jpg,test,T0358.jpg,8,revisar
train,n0068.jpg,validation,V0224.jpg,8,revisar
train,n0068.jpg,test,T0202.jpg,8,revisar
train,n0068.jpg,test,T0320.jpg,8,revisar
train,n0070.jpg,validation,V0224.jpg,8,revisar
train,n0070.jpg,test,T0381.jpg,8,revisar
train,n0071.jpg,test,T0202.jpg,8,revisar
train,n0071.jpg,test,T0359.jpg,8,revisar
train,n0072.jpg,validation,V0128.jpg,8,revisar
train,n0072.jpg,validation,V0224.jpg,8,revisar
train,n0074.jpg,validation,V0076.jpg,8,revisar
train,n0074.jpg,validation,V0128.jpg,8,revisar
train,n0074.jpg,validation,V0316.jpg,8,revisar
train,n0074.jpg,test,T0320.jpg,8,revisar
train,n0076.jpg,validation,V0022.jpg,8,revisar
train,n0076.jpg,validation,V0076.jpg,8,revisar
train,n0076.jpg,validation,V0224.jpg,8,revisar
train,n0076.jpg,test,T0257.jpg,8,revisar
train,n0077.jpg,validation,V0076.jpg,8,revisar
train,n0077.jpg,validation,V0103.jpg,8,revisar
train,n0077.jpg,validation,V0128.jpg,8,revisar
train,n0077.jpg,validation,V0224.jpg,8,revisar
train,n0077.jpg,validation,V0316.jpg,8,revisar
train,n0077.jpg,test,T0155.jpg,8,revisar
train,n0077.jpg,test,T0202.jpg,8,revisar
train,n0077.jpg,test,T0257.jpg,8,revisar
train,n0077.jpg,test,T0320.jpg,8,revisar
train,n0078.jpg,validation,V0022.jpg,8,revisar
train,n0078.jpg,test,T0144.jpg,8,revisar
train,n0078.jpg,test,T0148.jpg,8,revisar
train,n0080.jpg,validation,V0227.jpg,8,revisar
train,n0083.jpg,test,T0304.jpg,8,revisar
train,n0085.jpg,validation,V0041.jpg,8,revisar
train,n0085.jpg,test,T0202.jpg,8,revisar
train,n0086.jpg,test,T0202.jpg,8,revisar
train,n0086.jpg,test,T0257.jpg,8,revisar
train,n0086.jpg,test,T0320.jpg,8,revisar
train,n0089.jpg,validation,V0352.jpg,8,revisar
train,n0089.jpg,test,T0040.jpg,8,revisar
train,n0089.jpg,test,T0069.jpg,8,revisar
train,n0090.jpg,validation,V0342.jpg,8,revisar
train,n0090.jpg,test,T0067.jpg,8,revisar
train,n0091.jpg,validation,V0076.jpg,8,revisar
train,n0091.jpg,validation,V0126.jpg,8,revisar
train,n0091.jpg,validation,V0241.jpg,8,revisar
train,n0091.jpg,test,T0055.jpg,8,revisar
train,n0091.jpg,test,T0257.jpg,8,revisar
train,n0092.jpg,validation,V0022.jpg,8,revisar
train,n0092.jpg,validation,V0077.jpg,8,revisar
train,n0092.jpg,validation,V0316.jpg,8,revisar
train,n0093.jpg,validation,V0021.jpg,8,revisar
train,n0093.jpg,validation,V0027.jpg,8,revisar
train,n0093.jpg,validation,V0044.jpg,8,revisar
train,n0093.jpg,validation,V0075.jpg,8,revisar
train,n0093.jpg,validation,V0085.jpg,8,revisar
train,n0093.jpg,validation,V0115.jpg,8,revisar
train,n0093.jpg,validation,V0196.jpg,8,revisar
train,n0093.jpg,validation,V0207.jpg,8,revisar
train,n0093.jpg,validation,V0220.jpg,8,revisar
train,n0093.jpg,validation,V0260.jpg,8,revisar
train,n0093.jpg,validation,V0280.jpg,8,revisar
train,n0093.jpg,validation,V0329.jpg,8,revisar
train,n0093.jpg,validation,V0330.jpg,8,revisar
train,n0093.jpg,validation,V0357.jpg,8,revisar
train,n0093.jpg,test,T0010.jpg,8,revisar
train,n0093.jpg,test,T0042.jpg,8,revisar
train,n0093.jpg,test,T0046.jpg,8,revisar
train,n0093.jpg,test,T0067.jpg,8,revisar
train,n0093.jpg,test,T0140.jpg,8,revisar
train,n0093.jpg,test,T0163.jpg,8,revisar
train,n0093.jpg,test,T0217.jpg,8,revisar
train,n0093.jpg,test,T0294.jpg,8,revisar
train,n0093.jpg,test,T0383.jpg,8,revisar
train,n0095.jpg,validation,V0316.jpg,8,revisar
train,n0095.jpg,test,T0257.jpg,8,revisar
train,n0096.jpg,test,T0146.jpg,8,revisar
train,n0096.jpg,test,T0347.jpg,8,revisar
train,n0098.jpg,validation,V0076.jpg,8,revisar
train,n0098.jpg,validation,V0077.jpg,8,revisar
train,n0098.jpg,validation,V0103.jpg,8,revisar
train,n0098.jpg,validation,V0126.jpg,8,revisar
train,n0098.jpg,validation,V0154.jpg,8,revisar
train,n0098.jpg,test,T0055.jpg,8,revisar
train,n0098.jpg,test,T0155.jpg,8,revisar
train,n0101.jpg,validation,V0126.jpg,8,revisar
train,n0103.jpg,validation,V0006.jpg,8,revisar
train,n0103.jpg,test,T0122.jpg,8,revisar
train,n0103.jpg,test,T0148.jpg,8,revisar
train,n0104.jpg,validation,V0316.jpg,8,revisar
train,n0104.jpg,test,T0257.jpg,8,revisar
train,n0105.jpg,validation,V0076.jpg,8,revisar
train,n0106.jpg,validation,V0354.jpg,8,revisar
train,n0106.jpg,validation,V0364.jpg,8,revisar
train,n0106.jpg,test,T0008.jpg,8,revisar
train,n0106.jpg,test,T0117.jpg,8,revisar
train,n0106.jpg,test,T0300.jpg,8,revisar
train,n0106.jpg,test,T0331.jpg,8,revisar
train,n0106.jpg,test,T0347.jpg,8,revisar
train,n0106.jpg,test,T0383.jpg,8,revisar
train,n0107.jpg,validation,V0039.jpg,8,revisar
train,n0107.jpg,validation,V0125.jpg,8,revisar
train,n0107.jpg,validation,V0160.jpg,8,revisar
train,n0107.jpg,validation,V0370.jpg,8,revisar
train,n0107.jpg,test,T0184.jpg,8,revisar
train,n0107.jpg,test,T0198.jpg,8,revisar
train,n0107.jpg,test,T0290.jpg,8,revisar
train,n0107.jpg,test,T0378.jpg,8,revisar
train,n0107.jpg,test,T0387.jpg,8,revisar
train,n0107.jpg,test,T0395.jpg,8,revisar
train,n0109.jpg,validation,V0123.jpg,8,revisar
train,n0113.jpg,validation,V0027.jpg,8,revisar
train,n0113.jpg,validation,V0031.jpg,8,revisar
train,n0113.jpg,validation,V0046.jpg,8,revisar
train,n0113.jpg,validation,V0052.jpg,8,revisar
train,n0113.jpg,validation,V0070.jpg,8,revisar
train,n0113.jpg,validation,V0075.jpg,8,revisar
train,n0113.jpg,validation,V0085.jpg,8,revisar
train,n0113.jpg,validation,V0115.jpg,8,revisar
train,n0113.jpg,validation,V0129.jpg,8,revisar
train,n0113.jpg,validation,V0134.jpg,8,revisar
train,n0113.jpg,validation,V0153.jpg,8,revisar
train,n0113.jpg,validation,V0179.jpg,8,revisar
train,n0113.jpg,validation,V0188.jpg,8,revisar
train,n0113.jpg,validation,V0220.jpg,8,revisar
train,n0113.jpg,validation,V0249.jpg,8,revisar
train,n0113.jpg,validation,V0252.jpg,8,revisar
train,n0113.jpg,validation,V0260.jpg,8,revisar
train,n0113.jpg,validation,V0269.jpg,8,revisar
train,n0113.jpg,validation,V0306.jpg,8,revisar
train,n0113.jpg,validation,V0329.jpg,8,revisar
train,n0113.jpg,validation,V0335.jpg,8,revisar
train,n0113.jpg,validation,V0336.jpg,8,revisar
train,n0113.jpg,validation,V0342.jpg,8,revisar
train,n0113.jpg,validation,V0354.jpg,8,revisar
train,n0113.jpg,validation,V0364.jpg,8,revisar
train,n0113.jpg,validation,V0375.jpg,8,revisar
train,n0113.jpg,test,T0008.jpg,8,revisar
train,n0113.jpg,test,T0023.jpg,8,revisar
train,n0113.jpg,test,T0042.jpg,8,revisar
train,n0113.jpg,test,T0054.jpg,8,revisar
train,n0113.jpg,test,T0117.jpg,8,revisar
train,n0113.jpg,test,T0120.jpg,8,revisar
train,n0113.jpg,test,T0122.jpg,8,revisar
train,n0113.jpg,test,T0138.jpg,8,revisar
train,n0113.jpg,test,T0145.jpg,8,revisar
train,n0113.jpg,test,T0163.jpg,8,revisar
train,n0113.jpg,test,T0201.jpg,8,revisar
train,n0113.jpg,test,T0217.jpg,8,revisar
train,n0113.jpg,test,T0228.jpg,8,revisar
train,n0113.jpg,test,T0251.jpg,8,revisar
train,n0113.jpg,test,T0294.jpg,8,revisar
train,n0113.jpg,test,T0310.jpg,8,revisar
train,n0113.jpg,test,T0340.jpg,8,revisar
train,n0113.jpg,test,T0346.jpg,8,revisar
train,n0113.jpg,test,T0386.jpg,8,revisar
train,n0113.jpg,test,T0398.jpg,8,revisar
train,n0114.jpg,validation,V0027.jpg,8,revisar
train,n0114.jpg,validation,V0044.jpg,8,revisar
train,n0114.jpg,validation,V0089.jpg,8,revisar
train,n0114.jpg,validation,V0106.jpg,8,revisar
train,n0114.jpg,validation,V0196.jpg,8,revisar
train,n0114.jpg,validation,V0207.jpg,8,revisar
train,n0114.jpg,validation,V0280.jpg,8,revisar
train,n0114.jpg,validation,V0315.jpg,8,revisar
train,n0114.jpg,validation,V0342.jpg,8,revisar
train,n0114.jpg,validation,V0357.jpg,8,revisar
train,n0114.jpg,test,T0010.jpg,8,revisar
train,n0114.jpg,test,T0046.jpg,8,revisar
train,n0114.jpg,test,T0067.jpg,8,revisar
train,n0114.jpg,test,T0145.jpg,8,revisar
train,n0114.jpg,test,T0300.jpg,8,revisar
train,n0114.jpg,test,T0331.jpg,8,revisar
train,n0115.jpg,validation,V0022.jpg,8,revisar
train,n0116.jpg,validation,V0006.jpg,8,revisar
train,n0116.jpg,validation,V0044.jpg,8,revisar
train,n0116.jpg,validation,V0089.jpg,8,revisar
train,n0116.jpg,validation,V0106.jpg,8,revisar
train,n0116.jpg,validation,V0172.jpg,8,revisar
train,n0116.jpg,validation,V0179.jpg,8,revisar
train,n0116.jpg,validation,V0196.jpg,8,revisar
train,n0116.jpg,validation,V0207.jpg,8,revisar
train,n0116.jpg,validation,V0258.jpg,8,revisar
train,n0116.jpg,validation,V0280.jpg,8,revisar
train,n0116.jpg,validation,V0329.jpg,8,revisar
train,n0116.jpg,validation,V0330.jpg,8,revisar
train,n0116.jpg,validation,V0342.jpg,8,revisar
train,n0116.jpg,validation,V0357.jpg,8,revisar
train,n0116.jpg,test,T0010.jpg,8,revisar
train,n0116.jpg,test,T0067.jpg,8,revisar
train,n0116.jpg,test,T0223.jpg,8,revisar
train,n0116.jpg,test,T0300.jpg,8,revisar
train,n0116.jpg,test,T0331.jpg,8,revisar
train,n0116.jpg,test,T0383.jpg,8,revisar
train,n0120.jpg,validation,V0006.jpg,8,revisar
train,n0120.jpg,validation,V0044.jpg,8,revisar
train,n0120.jpg,validation,V0207.jpg,8,revisar
train,n0120.jpg,validation,V0280.jpg,8,revisar
train,n0120.jpg,validation,V0336.jpg,8,revisar
train,n0120.jpg,test,T0010.jpg,8,revisar
train,n0120.jpg,test,T0300.jpg,8,revisar
train,n0120.jpg,test,T0331.jpg,8,revisar
train,n0120.jpg,test,T0383.jpg,8,revisar
train,n0122.jpg,validation,V0044.jpg,8,revisar
train,n0122.jpg,validation,V0066.jpg,8,revisar
train,n0122.jpg,validation,V0207.jpg,8,revisar
train,n0122.jpg,validation,V0220.jpg,8,revisar
train,n0122.jpg,validation,V0252.jpg,8,revisar
train,n0122.jpg,validation,V0280.jpg,8,revisar
train,n0122.jpg,test,T0010.jpg,8,revisar
train,n0122.jpg,test,T0122.jpg,8,revisar
train,n0122.jpg,test,T0145.jpg,8,revisar
train,n0122.jpg,test,T0331.jpg,8,revisar
train,n0122.jpg,test,T0383.jpg,8,revisar
train,n0123.jpg,test,T0046.jpg,8,revisar
train,n0123.jpg,test,T0217.jpg,8,revisar
train,n0123.jpg,test,T0285.jpg,8,revisar
train,n0124.jpg,validation,V0022.jpg,8,revisar
train,n0124.jpg,validation,V0076.jpg,8,revisar
train,n0124.jpg,validation,V0128.jpg,8,revisar
train,n0124.jpg,validation,V0224.jpg,8,revisar
train,n0125.jpg,test,T0105.jpg,8,revisar
train,n0125.jpg,test,T0344.jpg,8,revisar
train,n0125.jpg,test,T0373.jpg,8,revisar
train,n0126.jpg,validation,V0336.jpg,8,revisar
train,n0126.jpg,test,T0148.jpg,8,revisar
train,n0128.jpg,validation,V0006.jpg,8,revisar
train,n0128.jpg,validation,V0044.jpg,8,revisar
train,n0128.jpg,validation,V0207.jpg,8,revisar
train,n0128.jpg,validation,V0280.jpg,8,revisar
train,n0128.jpg,validation,V0336.jpg,8,revisar
train,n0128.jpg,test,T0010.jpg,8,revisar
train,n0128.jpg,test,T0046.jpg,8,revisar
train,n0128.jpg,test,T0300.jpg,8,revisar
train,n0128.jpg,test,T0331.jpg,8,revisar
train,n0128.jpg,test,T0383.jpg,8,revisar
train,n0129.jpg,validation,V0128.jpg,8,revisar
train,n0129.jpg,test,T0083.jpg,8,revisar
train,n0129.jpg,test,T0202.jpg,8,revisar
train,n0129.jpg,test,T0359.jpg,8,revisar
train,n0130.jpg,validation,V0224.jpg,8,revisar
train,n0130.jpg,validation,V0316.jpg,8,revisar
train,n0132.jpg,validation,V0123.jpg,8,revisar
train,n0133.jpg,validation,V0044.jpg,8,revisar
train,n0133.jpg,validation,V0134.jpg,8,revisar
train,n0133.jpg,validation,V0280.jpg,8,revisar
train,n0133.jpg,validation,V0354.jpg,8,revisar
train,n0133.jpg,validation,V0365.jpg,8,revisar
train,n0133.jpg,test,T0010.jpg,8,revisar
train,n0133.jpg,test,T0298.jpg,8,revisar
train,n0134.jpg,test,T0122.jpg,8,revisar
train,n0136.jpg,validation,V0224.jpg,8,revisar
train,n0136.jpg,test,T0381.jpg,8,revisar
train,n0141.jpg,validation,V0044.jpg,8,revisar
train,n0141.jpg,validation,V0106.jpg,8,revisar
train,n0141.jpg,validation,V0196.jpg,8,revisar
train,n0141.jpg,validation,V0280.jpg,8,revisar
train,n0141.jpg,validation,V0336.jpg,8,revisar
train,n0141.jpg,validation,V0357.jpg,8,revisar
train,n0141.jpg,test,T0010.jpg,8,revisar
train,n0141.jpg,test,T0046.jpg,8,revisar
train,n0141.jpg,test,T0122.jpg,8,revisar
train,n0142.jpg,test,T0304.jpg,8,revisar
train,n0144.jpg,test,T0381.jpg,8,revisar
train,n0145.jpg,validation,V0076.jpg,8,revisar
train,n0145.jpg,validation,V0224.jpg,8,revisar
train,n0145.jpg,validation,V0316.jpg,8,revisar
train,n0145.jpg,test,T0373.jpg,8,revisar
train,n0150.jpg,test,T0202.jpg,8,revisar
train,n0153.jpg,test,T0373.jpg,8,revisar
train,n0157.jpg,validation,V0022.jpg,8,revisar
train,n0157.jpg,validation,V0224.jpg,8,revisar
train,n0157.jpg,test,T0202.jpg,8,revisar
train,n0157.jpg,test,T0257.jpg,8,revisar
train,n0158.jpg,validation,V0224.jpg,8,revisar
train,n0158.jpg,test,T0202.jpg,8,revisar
train,n0158.jpg,test,T0320.jpg,8,revisar
train,n0161.jpg,validation,V0138.jpg,8,revisar
train,n0161.jpg,validation,V0305.jpg,8,revisar
train,n0161.jpg,validation,V0394.jpg,8,revisar
train,n0161.jpg,test,T0339.jpg,8,revisar
train,n0162.jpg,validation,V0128.jpg,8,revisar
train,n0162.jpg,test,T0202.jpg,8,revisar
train,n0163.jpg,test,T0373.jpg,8,revisar
train,n0164.jpg,validation,V0006.jpg,8,revisar
train,n0164.jpg,validation,V0296.jpg,8,revisar
train,n0164.jpg,test,T0323.jpg,8,revisar
train,n0166.jpg,validation,V0076.jpg,8,revisar
train,n0166.jpg,validation,V0077.jpg,8,revisar
train,n0167.jpg,validation,V0336.jpg,8,revisar
train,n0167.jpg,test,T0046.jpg,8,revisar
train,n0167.jpg,test,T0122.jpg,8,revisar
train,n0168.jpg,test,T0344.jpg,8,revisar
train,n0169.jpg,validation,V0224.jpg,8,revisar
train,n0170.jpg,validation,V0022.jpg,8,revisar
train,n0170.jpg,validation,V0076.jpg,8,revisar
train,n0170.jpg,validation,V0077.jpg,8,revisar
train,n0171.jpg,test,T0105.jpg,8,revisar
train,n0173.jpg,validation,V0041.jpg,8,revisar
train,n0173.jpg,validation,V0316.jpg,8,revisar
train,n0173.jpg,test,T0202.jpg,8,revisar
train,n0177.jpg,validation,V0022.jpg,8,revisar
train,n0177.jpg,validation,V0344.jpg,8,revisar
train,n0178.jpg,validation,V0041.jpg,8,revisar
train,n0178.jpg,validation,V0128.jpg,8,revisar
train,n0178.jpg,validation,V0224.jpg,8,revisar
train,n0178.jpg,validation,V0344.jpg,8,revisar
train,n0182.jpg,validation,V0022.jpg,8,revisar
train,n0183.jpg,validation,V0041.jpg,8,revisar
train,n0183.jpg,validation,V0076.jpg,8,revisar
train,n0183.jpg,validation,V0077.jpg,8,revisar
train,n0183.jpg,test,T0049.jpg,8,revisar
train,n0183.jpg,test,T0055.jpg,8,revisar
train,n0183.jpg,test,T0079.jpg,8,revisar
train,n0183.jpg,test,T0155.jpg,8,revisar
train,n0183.jpg,test,T0257.jpg,8,revisar
train,n0184.jpg,validation,V0106.jpg,8,revisar
train,n0184.jpg,validation,V0196.jpg,8,revisar
train,n0184.jpg,validation,V0329.jpg,8,revisar
train,n0184.jpg,validation,V0342.jpg,8,revisar
train,n0184.jpg,validation,V0354.jpg,8,revisar
train,n0184.jpg,validation,V0357.jpg,8,revisar
train,n0184.jpg,validation,V0364.jpg,8,revisar
train,n0184.jpg,test,T0046.jpg,8,revisar
train,n0184.jpg,test,T0067.jpg,8,revisar
train,n0184.jpg,test,T0117.jpg,8,revisar
train,n0184.jpg,test,T0140.jpg,8,revisar
train,n0185.jpg,validation,V0106.jpg,8,revisar
train,n0185.jpg,validation,V0196.jpg,8,revisar
train,n0185.jpg,validation,V0329.jpg,8,revisar
train,n0185.jpg,validation,V0342.jpg,8,revisar
train,n0185.jpg,validation,V0354.jpg,8,revisar
train,n0185.jpg,validation,V0357.jpg,8,revisar
train,n0185.jpg,validation,V0364.jpg,8,revisar
train,n0185.jpg,test,T0046.jpg,8,revisar
train,n0185.jpg,test,T0067.jpg,8,revisar
train,n0185.jpg,test,T0117.jpg,8,revisar
train,n0185.jpg,test,T0140.jpg,8,revisar
train,n0186.jpg,test,T0359.jpg,8,revisar
train,n0187.jpg,test,T0148.jpg,8,revisar
train,n0188.jpg,validation,V0041.jpg,8,revisar
train,n0188.jpg,validation,V0128.jpg,8,revisar
train,n0189.jpg,test,T0049.jpg,8,revisar
train,n0190.jpg,validation,V0316.jpg,8,revisar
train,n0190.jpg,test,T0202.jpg,8,revisar
train,n0193.jpg,validation,V0224.jpg,8,revisar
train,n0194.jpg,validation,V0224.jpg,8,revisar
train,n0194.jpg,test,T0381.jpg,8,revisar
train,n0197.jpg,validation,V0076.jpg,8,revisar
train,n0197.jpg,validation,V0103.jpg,8,revisar
train,n0197.jpg,validation,V0128.jpg,8,revisar
train,n0197.jpg,validation,V0224.jpg,8,revisar
train,n0197.jpg,validation,V0316.jpg,8,revisar
train,n0197.jpg,test,T0155.jpg,8,revisar
train,n0197.jpg,test,T0202.jpg,8,revisar
train,n0197.jpg,test,T0257.jpg,8,revisar
train,n0197.jpg,test,T0320.jpg,8,revisar
train,n0198.jpg,validation,V0076.jpg,8,revisar
train,n0198.jpg,validation,V0316.jpg,8,revisar
train,n0198.jpg,test,T0202.jpg,8,revisar
train,n0198.jpg,test,T0320.jpg,8,revisar
train,n0199.jpg,test,T0202.jpg,8,revisar
train,n0202.jpg,validation,V0316.jpg,8,revisar
train,n0204.jpg,validation,V0128.jpg,8,revisar
train,n0205.jpg,validation,V0022.jpg,8,revisar
train,n0205.jpg,validation,V0041.jpg,8,revisar
train,n0205.jpg,validation,V0076.jpg,8,revisar
train,n0205.jpg,validation,V0128.jpg,8,revisar
train,n0209.jpg,validation,V0022.jpg,8,revisar
train,n0209.jpg,validation,V0041.jpg,8,revisar
train,n0209.jpg,validation,V0076.jpg,8,revisar
train,n0209.jpg,test,T0257.jpg,8,revisar
train,n0210.jpg,validation,V0044.jpg,8,revisar
train,n0210.jpg,validation,V0089.jpg,8,revisar
train,n0210.jpg,validation,V0172.jpg,8,revisar
train,n0210.jpg,validation,V0179.jpg,8,revisar
train,n0210.jpg,validation,V0207.jpg,8,revisar
train,n0210.jpg,validation,V0258.jpg,8,revisar
train,n0210.jpg,validation,V0280.jpg,8,revisar
train,n0210.jpg,validation,V0330.jpg,8,revisar
train,n0210.jpg,test,T0010.jpg,8,revisar
train,n0210.jpg,test,T0046.jpg,8,revisar
train,n0210.jpg,test,T0140.jpg,8,revisar
train,n0210.jpg,test,T0163.jpg,8,revisar
train,n0210.jpg,test,T0223.jpg,8,revisar
train,n0210.jpg,test,T0300.jpg,8,revisar
train,n0210.jpg,test,T0331.jpg,8,revisar
train,n0211.jpg,validation,V0076.jpg,8,revisar
train,n0213.jpg,validation,V0044.jpg,8,revisar
train,n0213.jpg,validation,V0129.jpg,8,revisar
train,n0213.jpg,validation,V0280.jpg,8,revisar
train,n0213.jpg,test,T0010.jpg,8,revisar
train,n0213.jpg,test,T0046.jpg,8,revisar
train,n0218.jpg,validation,V0316.jpg,8,revisar
train,n0218.jpg,test,T0102.jpg,8,revisar
train,n0218.jpg,test,T0373.jpg,8,revisar
train,n0221.jpg,validation,V0128.jpg,8,revisar
train,n0221.jpg,validation,V0241.jpg,8,revisar
train,n0221.jpg,test,T0202.jpg,8,revisar
train,n0221.jpg,test,T0257.jpg,8,revisar
train,n0221.jpg,test,T0281.jpg,8,revisar
train,n0222.jpg,validation,V0241.jpg,8,revisar
train,n0222.jpg,validation,V0316.jpg,8,revisar
train,n0222.jpg,test,T0055.jpg,8,revisar
train,n0222.jpg,test,T0202.jpg,8,revisar
train,n0222.jpg,test,T0257.jpg,8,revisar
train,n0223.jpg,validation,V0171.jpg,8,revisar
train,n0224.jpg,validation,V0076.jpg,8,revisar
train,n0224.jpg,validation,V0077.jpg,8,revisar
train,n0224.jpg,validation,V0316.jpg,8,revisar
train,n0225.jpg,validation,V0076.jpg,8,revisar
train,n0225.jpg,validation,V0316.jpg,8,revisar
train,n0225.jpg,test,T0155.jpg,8,revisar
train,n0226.jpg,validation,V0400.jpg,8,revisar
train,n0227.jpg,validation,V0022.jpg,8,revisar
train,n0227.jpg,validation,V0041.jpg,8,revisar
train,n0227.jpg,validation,V0224.jpg,8,revisar
train,n0227.jpg,test,T0049.jpg,8,revisar
train,n0228.jpg,validation,V0022.jpg,8,revisar
train,n0228.jpg,validation,V0076.jpg,8,revisar
train,n0228.jpg,validation,V0123.jpg,8,revisar
train,n0228.jpg,test,T0257.jpg,8,revisar
train,n0229.jpg,validation,V0126.jpg,8,revisar
train,n0231.jpg,validation,V0128.jpg,8,revisar
train,n0231.jpg,validation,V0224.jpg,8,revisar
train,n0231.jpg,validation,V0344.jpg,8,revisar
train,n0231.jpg,test,T0055.jpg,8,revisar
train,n0231.jpg,test,T0358.jpg,8,revisar
train,n0233.jpg,validation,V0076.jpg,8,revisar
train,n0233.jpg,test,T0155.jpg,8,revisar
train,n0233.jpg,test,T0295.jpg,8,revisar
train,n0233.jpg,test,T0320.jpg,8,revisar
train,n0234.jpg,test,T0248.jpg,8,revisar
train,n0234.jpg,test,T0373.jpg,8,revisar
train,n0235.jpg,validation,V0224.jpg,8,revisar
train,n0236.jpg,test,T0344.jpg,8,revisar
train,n0237.jpg,validation,V0022.jpg,8,revisar
train,n0237.jpg,validation,V0224.jpg,8,revisar
train,n0237.jpg,validation,V0316.jpg,8,revisar
train,n0237.jpg,test,T0202.jpg,8,revisar
train,n0237.jpg,test,T0257.jpg,8,revisar
train,n0238.jpg,validation,V0224.jpg,8,revisar
train,n0239.jpg,validation,V0022.jpg,8,revisar
train,n0239.jpg,validation,V0076.jpg,8,revisar
train,n0241.jpg,validation,V0224.jpg,8,revisar
train,n0244.jpg,test,T0373.jpg,8,revisar
train,n0245.jpg,validation,V0224.jpg,8,revisar
train,n0245.jpg,validation,V0316.jpg,8,revisar
train,n0245.jpg,test,T0202.jpg,8,revisar
train,n0248.jpg,test,T0373.jpg,8,revisar
train,n0249.jpg,validation,V0128.jpg,8,revisar
train,n0250.jpg,test,T0358.jpg,8,revisar
train,n0251.jpg,validation,V0076.jpg,8,revisar
train,n0253.jpg,validation,V0076.jpg,8,revisar
train,n0253.jpg,validation,V0224.jpg,8,revisar
train,n0253.jpg,test,T0381.jpg,8,revisar
train,n0256.jpg,validation,V0224.jpg,8,revisar
train,n0256.jpg,validation,V0316.jpg,8,revisar
train,n0256.jpg,test,T0257.jpg,8,revisar
train,n0256.jpg,test,T0320.jpg,8,revisar
train,n0257.jpg,validation,V0044.jpg,8,revisar
train,n0257.jpg,validation,V0089.jpg,8,revisar
train,n0257.jpg,validation,V0172.jpg,8,revisar
train,n0257.jpg,validation,V0179.jpg,8,revisar
train,n0257.jpg,validation,V0207.jpg,8,revisar
train,n0257.jpg,validation,V0258.jpg,8,revisar
train,n0257.jpg,validation,V0280.jpg,8,revisar
train,n0257.jpg,validation,V0330.jpg,8,revisar
train,n0257.jpg,test,T0010.jpg,8,revisar
train,n0257.jpg,test,T0046.jpg,8,revisar
train,n0257.jpg,test,T0140.jpg,8,revisar
train,n0257.jpg,test,T0163.jpg,8,revisar
train,n0257.jpg,test,T0223.jpg,8,revisar
train,n0257.jpg,test,T0300.jpg,8,revisar
train,n0257.jpg,test,T0331.jpg,8,revisar
train,n0258.jpg,validation,V0342.jpg,8,revisar
train,n0258.jpg,validation,V0357.jpg,8,revisar
train,n0258.jpg,test,T0067.jpg,8,revisar
train,n0258.jpg,test,T0122.jpg,8,revisar
train,n0259.jpg,validation,V0022.jpg,8,revisar
train,n0260.jpg,validation,V0316.jpg,8,revisar
train,n0261.jpg,validation,V0076.jpg,8,revisar
train,n0261.jpg,validation,V0128.jpg,8,revisar
train,n0261.jpg,validation,V0316.jpg,8,revisar
train,n0261.jpg,test,T0373.jpg,8,revisar
train,n0261.jpg,test,T0381.jpg,8,revisar
train,n0262.jpg,test,T0046.jpg,8,revisar
train,n0262.jpg,test,T0122.jpg,8,revisar
train,n0263.jpg,validation,V0336.jpg,8,revisar
train,n0264.jpg,test,T0346.jpg,8,revisar
train,n0265.jpg,test,T0331.jpg,8,revisar
train,n0266.jpg,validation,V0076.jpg,8,revisar
train,n0266.jpg,validation,V0224.jpg,8,revisar
train,n0266.jpg,test,T0248.jpg,8,revisar
train,n0266.jpg,test,T0373.jpg,8,revisar
train,n0271.jpg,validation,V0316.jpg,8,revisar
train,n0272.jpg,validation,V0076.jpg,8,revisar
train,n0272.jpg,validation,V0077.jpg,8,revisar
train,n0272.jpg,validation,V0224.jpg,8,revisar
train,n0274.jpg,validation,V0336.jpg,8,revisar
train,n0274.jpg,test,T0067.jpg,8,revisar
train,n0274.jpg,test,T0122.jpg,8,revisar
train,n0276.jpg,validation,V0076.jpg,8,revisar
train,n0276.jpg,test,T0257.jpg,8,revisar
train,n0276.jpg,test,T0381.jpg,8,revisar
train,n0277.jpg,validation,V0076.jpg,8,revisar
train,n0277.jpg,validation,V0224.jpg,8,revisar
train,n0277.jpg,validation,V0316.jpg,8,revisar
train,n0277.jpg,test,T0373.jpg,8,revisar
train,n0279.jpg,validation,V0224.jpg,8,revisar
train,n0280.jpg,validation,V0356.jpg,8,revisar
train,n0281.jpg,validation,V0076.jpg,8,revisar
train,n0281.jpg,validation,V0316.jpg,8,revisar
train,n0281.jpg,test,T0202.jpg,8,revisar
train,n0281.jpg,test,T0320.jpg,8,revisar
train,n0283.jpg,validation,V0305.jpg,8,revisar
train,n0283.jpg,test,T0353.jpg,8,revisar
train,n0284.jpg,validation,V0022.jpg,8,revisar
train,n0284.jpg,validation,V0041.jpg,8,revisar
train,n0284.jpg,validation,V0077.jpg,8,revisar
train,n0284.jpg,test,T0049.jpg,8,revisar
train,n0284.jpg,test,T0257.jpg,8,revisar
train,n0287.jpg,validation,V0022.jpg,8,revisar
train,n0287.jpg,validation,V0224.jpg,8,revisar
train,n0287.jpg,test,T0381.jpg,8,revisar
train,n0290.jpg,validation,V0336.jpg,8,revisar
train,n0291.jpg,test,T0122.jpg,8,revisar
train,n0292.jpg,validation,V0336.jpg,8,revisar
train,n0294.jpg,validation,V0129.jpg,8,revisar
train,n0294.jpg,test,T0046.jpg,8,revisar
train,n0294.jpg,test,T0346.jpg,8,revisar
train,n0295.jpg,validation,V0076.jpg,8,revisar
train,n0295.jpg,validation,V0103.jpg,8,revisar
train,n0295.jpg,validation,V0128.jpg,8,revisar
train,n0295.jpg,validation,V0316.jpg,8,revisar
train,n0295.jpg,test,T0373.jpg,8,revisar
train,n0297.jpg,test,T0257.jpg,8,revisar
train,n0299.jpg,validation,V0076.jpg,8,revisar
train,n0299.jpg,validation,V0123.jpg,8,revisar
train,n0299.jpg,validation,V0224.jpg,8,revisar
train,n0302.jpg,validation,V0219.jpg,8,revisar
train,n0303.jpg,validation,V0006.jpg,8,revisar
train,n0303.jpg,validation,V0044.jpg,8,revisar
train,n0303.jpg,validation,V0207.jpg,8,revisar
train,n0303.jpg,validation,V0280.jpg,8,revisar
train,n0303.jpg,validation,V0336.jpg,8,revisar
train,n0303.jpg,validation,V0354.jpg,8,revisar
train,n0303.jpg,validation,V0364.jpg,8,revisar
train,n0303.jpg,test,T0010.jpg,8,revisar
train,n0303.jpg,test,T0117.jpg,8,revisar
train,n0303.jpg,test,T0331.jpg,8,revisar
train,n0303.jpg,test,T0383.jpg,8,revisar
train,n0305.jpg,test,T0381.jpg,8,revisar
train,n0308.jpg,validation,V0076.jpg,8,revisar
train,n0308.jpg,validation,V0128.jpg,8,revisar
train,n0308.jpg,validation,V0316.jpg,8,revisar
train,n0308.jpg,test,T0373.jpg,8,revisar
train,n0308.jpg,test,T0381.jpg,8,revisar
train,n0313.jpg,test,T0373.jpg,8,revisar
train,n0317.jpg,validation,V0022.jpg,8,revisar
train,n0318.jpg,test,T0022.jpg,8,revisar
train,n0319.jpg,validation,V0344.jpg,8,revisar
train,n0320.jpg,validation,V0076.jpg,8,revisar
train,n0320.jpg,validation,V0077.jpg,8,revisar
train,n0320.jpg,validation,V0316.jpg,8,revisar
train,n0320.jpg,test,T0257.jpg,8,revisar
train,n0323.jpg,test,T0248.jpg,8,revisar
train,n0327.jpg,validation,V0224.jpg,8,revisar
train,n0328.jpg,test,T0381.jpg,8,revisar
train,n0330.jpg,test,T0321.jpg,8,revisar
train,n0334.jpg,validation,V0316.jpg,8,revisar
train,n0334.jpg,test,T0202.jpg,8,revisar
train,n0334.jpg,test,T0373.jpg,8,revisar
train,n0335.jpg,validation,V0292.jpg,8,revisar
train,n0335.jpg,test,T0202.jpg,8,revisar
train,n0335.jpg,test,T0257.jpg,8,revisar
train,n0335.jpg,test,T0281.jpg,8,revisar
train,n0336.jpg,validation,V0022.jpg,8,revisar
train,n0336.jpg,test,T0381.jpg,8,revisar
train,n0337.jpg,validation,V0103.jpg,8,revisar
train,n0340.jpg,validation,V0123.jpg,8,revisar
train,n0341.jpg,test,T0189.jpg,8,revisar
train,n0341.jpg,test,T0385.jpg,8,revisar
train,n0342.jpg,validation,V0022.jpg,8,revisar
train,n0344.jpg,validation,V0076.jpg,8,revisar
train,n0344.jpg,validation,V0316.jpg,8,revisar
train,n0345.jpg,validation,V0076.jpg,8,revisar
train,n0345.jpg,validation,V0123.jpg,8,revisar
train,n0345.jpg,validation,V0224.jpg,8,revisar
train,n0345.jpg,test,T0257.jpg,8,revisar
train,n0346.jpg,validation,V0022.jpg,8,revisar
train,n0346.jpg,validation,V0171.jpg,8,revisar
train,n0347.jpg,validation,V0128.jpg,8,revisar
train,n0347.jpg,validation,V0171.jpg,8,revisar
train,n0347.jpg,validation,V0224.jpg,8,revisar
train,n0347.jpg,test,T0381.jpg,8,revisar
train,n0348.jpg,validation,V0136.jpg,8,revisar
train,n0349.jpg,test,T0373.jpg,8,revisar
train,n0350.jpg,validation,V0126.jpg,8,revisar
train,n0350.jpg,validation,V0316.jpg,8,revisar
train,n0350.jpg,test,T0202.jpg,8,revisar
train,n0351.jpg,validation,V0103.jpg,8,revisar
train,n0351.jpg,validation,V0128.jpg,8,revisar
train,n0351.jpg,validation,V0312.jpg,8,revisar
train,n0351.jpg,test,T0055.jpg,8,revisar
train,n0351.jpg,test,T0155.jpg,8,revisar
train,n0351.jpg,test,T0202.jpg,8,revisar
train,n0352.jpg,validation,V0123.jpg,8,revisar
train,n0352.jpg,validation,V0224.jpg,8,revisar
train,n0352.jpg,validation,V0344.jpg,8,revisar
train,n0354.jpg,validation,V0041.jpg,8,revisar
train,n0354.jpg,validation,V0123.jpg,8,revisar
train,n0354.jpg,test,T0049.jpg,8,revisar
train,n0354.jpg,test,T0295.jpg,8,revisar
train,n0356.jpg,validation,V0076.jpg,8,revisar
train,n0356.jpg,test,T0155.jpg,8,revisar
train,n0356.jpg,test,T0257.jpg,8,revisar
train,n0357.jpg,validation,V0224.jpg,8,revisar
train,n0357.jpg,test,T0373.jpg,8,revisar
validation,V0001.jpg,test,T0006.jpg,8,revisar
validation,V0001.jpg,test,T0012.jpg,8,revisar
validation,V0001.jpg,test,T0023.jpg,8,revisar
validation,V0001.jpg,test,T0024.jpg,8,revisar
validation,V0001.jpg,test,T0080.jpg,8,revisar
validation,V0001.jpg,test,T0115.jpg,8,revisar
validation,V0001.jpg,test,T0138.jpg,8,revisar
validation,V0001.jpg,test,T0154.jpg,8,revisar
validation,V0001.jpg,test,T0187.jpg,8,revisar
validation,V0001.jpg,test,T0201.jpg,8,revisar
validation,V0001.jpg,test,T0203.jpg,8,revisar
validation,V0001.jpg,test,T0215.jpg,8,revisar
validation,V0001.jpg,test,T0222.jpg,8,revisar
validation,V0001.jpg,test,T0246.jpg,8,revisar
validation,V0001.jpg,test,T0260.jpg,8,revisar
validation,V0001.jpg,test,T0268.jpg,8,revisar
validation,V0001.jpg,test,T0274.jpg,8,revisar
validation,V0001.jpg,test,T0299.jpg,8,revisar
validation,V0001.jpg,test,T0302.jpg,8,revisar
validation,V0001.jpg,test,T0317.jpg,8,revisar
validation,V0001.jpg,test,T0361.jpg,8,revisar
validation,V0002.jpg,test,T0014.jpg,8,revisar
validation,V0002.jpg,test,T0016.jpg,8,revisar
validation,V0002.jpg,test,T0022.jpg,8,revisar
validation,V0002.jpg,test,T0025.jpg,8,revisar
validation,V0002.jpg,test,T0031.jpg,8,revisar
validation,V0002.jpg,test,T0040.jpg,8,revisar
validation,V0002.jpg,test,T0063.jpg,8,revisar
validation,V0002.jpg,test,T0077.jpg,8,revisar
validation,V0002.jpg,test,T0078.jpg,8,revisar
validation,V0002.jpg,test,T0107.jpg,8,revisar
validation,V0002.jpg,test,T0118.jpg,8,revisar
validation,V0002.jpg,test,T0154.jpg,8,revisar
validation,V0002.jpg,test,T0173.jpg,8,revisar
validation,V0002.jpg,test,T0182.jpg,8,revisar
validation,V0002.jpg,test,T0206.jpg,8,revisar
validation,V0002.jpg,test,T0236.jpg,8,revisar
validation,V0002.jpg,test,T0244.jpg,8,revisar
validation,V0002.jpg,test,T0282.jpg,8,revisar
validation,V0002.jpg,test,T0306.jpg,8,revisar
validation,V0002.jpg,test,T0316.jpg,8,revisar
validation,V0002.jpg,test,T0337.jpg,8,revisar
validation,V0002.jpg,test,T0365.jpg,8,revisar
validation,V0002.jpg,test,T0367.jpg,8,revisar
validation,V0002.jpg,test,T0389.jpg,8,revisar
validation,V0002.jpg,test,T0393.jpg,8,revisar
validation,V0002.jpg,test,T0394.jpg,8,revisar
validation,V0003.jpg,test,T0047.jpg,8,revisar
validation,V0003.jpg,test,T0062.jpg,8,revisar
validation,V0003.jpg,test,T0123.jpg,8,revisar
validation,V0003.jpg,test,T0124.jpg,8,revisar
validation,V0003.jpg,test,T0133.jpg,8,revisar
validation,V0003.jpg,test,T0165.jpg,8,revisar
validation,V0003.jpg,test,T0209.jpg,8,revisar
validation,V0003.jpg,test,T0210.jpg,8,revisar
validation,V0003.jpg,test,T0218.jpg,8,revisar
validation,V0003.jpg,test,T0280.jpg,8,revisar
validation,V0003.jpg,test,T0284.jpg,8,revisar
validation,V0003.jpg,test,T0296.jpg,8,revisar
validation,V0003.jpg,test,T0301.jpg,8,revisar
validation,V0003.jpg,test,T0321.jpg,8,revisar
validation,V0003.jpg,test,T0324.jpg,8,revisar
validation,V0004.jpg,test,T0006.jpg,8,revisar
validation,V0004.jpg,test,T0012.jpg,8,revisar
validation,V0004.jpg,test,T0018.jpg,8,revisar
validation,V0004.jpg,test,T0040.jpg,8,revisar
validation,V0004.jpg,test,T0050.jpg,8,revisar
validation,V0004.jpg,test,T0075.jpg,8,revisar
validation,V0004.jpg,test,T0107.jpg,8,revisar
validation,V0004.jpg,test,T0109.jpg,8,revisar
validation,V0004.jpg,test,T0118.jpg,8,revisar
validation,V0004.jpg,test,T0125.jpg,8,revisar
validation,V0004.jpg,test,T0129.jpg,8,revisar
validation,V0004.jpg,test,T0134.jpg,8,revisar
validation,V0004.jpg,test,T0156.jpg,8,revisar
validation,V0004.jpg,test,T0173.jpg,8,revisar
validation,V0004.jpg,test,T0185.jpg,8,revisar
validation,V0004.jpg,test,T0222.jpg,8,revisar
validation,V0004.jpg,test,T0224.jpg,8,revisar
validation,V0004.jpg,test,T0227.jpg,8,revisar
validation,V0004.jpg,test,T0233.jpg,8,revisar
validation,V0004.jpg,test,T0245.jpg,8,revisar
validation,V0004.jpg,test,T0247.jpg,8,revisar
validation,V0004.jpg,test,T0269.jpg,8,revisar
validation,V0004.jpg,test,T0287.jpg,8,revisar
validation,V0004.jpg,test,T0289.jpg,8,revisar
validation,V0004.jpg,test,T0308.jpg,8,revisar
validation,V0004.jpg,test,T0313.jpg,8,revisar
validation,V0004.jpg,test,T0337.jpg,8,revisar
validation,V0004.jpg,test,T0351.jpg,8,revisar
validation,V0004.jpg,test,T0354.jpg,8,revisar
validation,V0004.jpg,test,T0365.jpg,8,revisar
validation,V0004.jpg,test,T0390.jpg,8,revisar
validation,V0004.jpg,test,T0392.jpg,8,revisar
validation,V0004.jpg,test,T0393.jpg,8,revisar
validation,V0005.jpg,test,T0014.jpg,8,revisar
validation,V0005.jpg,test,T0016.jpg,8,revisar
validation,V0005.jpg,test,T0025.jpg,8,revisar
validation,V0005.jpg,test,T0031.jpg,8,revisar
validation,V0005.jpg,test,T0035.jpg,8,revisar
validation,V0005.jpg,test,T0040.jpg,8,revisar
validation,V0005.jpg,test,T0041.jpg,8,revisar
validation,V0005.jpg,test,T0048.jpg,8,revisar
validation,V0005.jpg,test,T0063.jpg,8,revisar
validation,V0005.jpg,test,T0095.jpg,8,revisar
validation,V0005.jpg,test,T0154.jpg,8,revisar
validation,V0005.jpg,test,T0169.jpg,8,revisar
validation,V0005.jpg,test,T0173.jpg,8,revisar
validation,V0005.jpg,test,T0206.jpg,8,revisar
validation,V0005.jpg,test,T0212.jpg,8,revisar
validation,V0005.jpg,test,T0236.jpg,8,revisar
validation,V0005.jpg,test,T0251.jpg,8,revisar
validation,V0005.jpg,test,T0259.jpg,8,revisar
validation,V0005.jpg,test,T0262.jpg,8,revisar
validation,V0005.jpg,test,T0279.jpg,8,revisar
validation,V0005.jpg,test,T0287.jpg,8,revisar
validation,V0005.jpg,test,T0292.jpg,8,revisar
validation,V0005.jpg,test,T0365.jpg,8,revisar
validation,V0005.jpg,test,T0367.jpg,8,revisar
validation,V0005.jpg,test,T0382.jpg,8,revisar
validation,V0005.jpg,test,T0389.jpg,8,revisar
validation,V0005.jpg,test,T0392.jpg,8,revisar
validation,V0006.jpg,test,T0008.jpg,8,revisar
validation,V0006.jpg,test,T0103.jpg,8,revisar
validation,V0006.jpg,test,T0122.jpg,8,revisar
validation,V0006.jpg,test,T0188.jpg,8,revisar
validation,V0006.jpg,test,T0229.jpg,8,revisar
validation,V0006.jpg,test,T0309.jpg,8,revisar
validation,V0006.jpg,test,T0323.jpg,8,revisar
validation,V0006.jpg,test,T0346.jpg,8,revisar
validation,V0007.jpg,test,T0001.jpg,8,revisar
validation,V0007.jpg,test,T0021.jpg,8,revisar
validation,V0007.jpg,test,T0024.jpg,8,revisar
validation,V0007.jpg,test,T0028.jpg,8,revisar
validation,V0007.jpg,test,T0050.jpg,8,revisar
validation,V0007.jpg,test,T0052.jpg,8,revisar
validation,V0007.jpg,test,T0073.jpg,8,revisar
validation,V0007.jpg,test,T0075.jpg,8,revisar
validation,V0007.jpg,test,T0076.jpg,8,revisar
validation,V0007.jpg,test,T0088.jpg,8,revisar
validation,V0007.jpg,test,T0095.jpg,8,revisar
validation,V0007.jpg,test,T0109.jpg,8,revisar
validation,V0007.jpg,test,T0112.jpg,8,revisar
validation,V0007.jpg,test,T0119.jpg,8,revisar
validation,V0007.jpg,test,T0134.jpg,8,revisar
validation,V0007.jpg,test,T0147.jpg,8,revisar
validation,V0007.jpg,test,T0166.jpg,8,revisar
validation,V0007.jpg,test,T0201.jpg,8,revisar
validation,V0007.jpg,test,T0220.jpg,8,revisar
validation,V0007.jpg,test,T0225.jpg,8,revisar
validation,V0007.jpg,test,T0227.jpg,8,revisar
validation,V0007.jpg,test,T0244.jpg,8,revisar
validation,V0007.jpg,test,T0251.jpg,8,revisar
validation,V0007.jpg,test,T0260.jpg,8,revisar
validation,V0007.jpg,test,T0262.jpg,8,revisar
validation,V0007.jpg,test,T0286.jpg,8,revisar
validation,V0007.jpg,test,T0289.jpg,8,revisar
validation,V0007.jpg,test,T0293.jpg,8,revisar
validation,V0007.jpg,test,T0313.jpg,8,revisar
validation,V0007.jpg,test,T0325.jpg,8,revisar
validation,V0007.jpg,test,T0336.jpg,8,revisar
validation,V0007.jpg,test,T0350.jpg,8,revisar
validation,V0007.jpg,test,T0361.jpg,8,revisar
validation,V0007.jpg,test,T0365.jpg,8,revisar
validation,V0007.jpg,test,T0378.jpg,8,revisar
validation,V0007.jpg,test,T0380.jpg,8,revisar
validation,V0007.jpg,test,T0382.jpg,8,revisar
validation,V0007.jpg,test,T0393.jpg,8,revisar
validation,V0008.jpg,test,T0010.jpg,8,revisar
validation,V0008.jpg,test,T0044.jpg,8,revisar
validation,V0008.jpg,test,T0058.jpg,8,revisar
validation,V0008.jpg,test,T0074.jpg,8,revisar
validation,V0008.jpg,test,T0114.jpg,8,revisar
validation,V0008.jpg,test,T0145.jpg,8,revisar
validation,V0008.jpg,test,T0203.jpg,8,revisar
validation,V0008.jpg,test,T0231.jpg,8,revisar
validation,V0008.jpg,test,T0250.jpg,8,revisar
validation,V0008.jpg,test,T0319.jpg,8,revisar
validation,V0009.jpg,test,T0005.jpg,8,revisar
validation,V0009.jpg,test,T0058.jpg,8,revisar
validation,V0009.jpg,test,T0060.jpg,8,revisar
validation,V0009.jpg,test,T0072.jpg,8,revisar
validation,V0009.jpg,test,T0074.jpg,8,revisar
validation,V0009.jpg,test,T0101.jpg,8,revisar
validation,V0009.jpg,test,T0130.jpg,8,revisar
validation,V0009.jpg,test,T0180.jpg,8,revisar
validation,V0009.jpg,test,T0239.jpg,8,revisar
validation,V0009.jpg,test,T0254.jpg,8,revisar
validation,V0009.jpg,test,T0265.jpg,8,revisar
validation,V0009.jpg,test,T0318.jpg,8,revisar
validation,V0009.jpg,test,T0319.jpg,8,revisar
validation,V0010.jpg,test,T0003.jpg,8,revisar
validation,V0010.jpg,test,T0020.jpg,8,revisar
validation,V0010.jpg,test,T0033.jpg,8,revisar
validation,V0010.jpg,test,T0042.jpg,8,revisar
validation,V0010.jpg,test,T0058.jpg,8,revisar
validation,V0010.jpg,test,T0110.jpg,8,revisar
validation,V0010.jpg,test,T0117.jpg,8,revisar
validation,V0010.jpg,test,T0122.jpg,8,revisar
validation,V0010.jpg,test,T0130.jpg,8,revisar
validation,V0010.jpg,test,T0138.jpg,8,revisar
validation,V0010.jpg,test,T0139.jpg,8,revisar
validation,V0010.jpg,test,T0153.jpg,8,revisar
validation,V0010.jpg,test,T0163.jpg,8,revisar
validation,V0010.jpg,test,T0187.jpg,8,revisar
validation,V0010.jpg,test,T0190.jpg,8,revisar
validation,V0010.jpg,test,T0201.jpg,8,revisar
validation,V0010.jpg,test,T0203.jpg,8,revisar
validation,V0010.jpg,test,T0223.jpg,8,revisar
validation,V0010.jpg,test,T0229.jpg,8,revisar
validation,V0010.jpg,test,T0250.jpg,8,revisar
validation,V0010.jpg,test,T0260.jpg,8,revisar
validation,V0010.jpg,test,T0278.jpg,8,revisar
validation,V0010.jpg,test,T0300.jpg,8,revisar
validation,V0010.jpg,test,T0309.jpg,8,revisar
validation,V0010.jpg,test,T0319.jpg,8,revisar
validation,V0010.jpg,test,T0331.jpg,8,revisar
validation,V0010.jpg,test,T0357.jpg,8,revisar
validation,V0010.jpg,test,T0368.jpg,8,revisar
validation,V0010.jpg,test,T0398.jpg,8,revisar
validation,V0011.jpg,test,T0001.jpg,8,revisar
validation,V0011.jpg,test,T0035.jpg,8,revisar
validation,V0011.jpg,test,T0048.jpg,8,revisar
validation,V0011.jpg,test,T0068.jpg,8,revisar
validation,V0011.jpg,test,T0078.jpg,8,revisar
validation,V0011.jpg,test,T0087.jpg,8,revisar
validation,V0011.jpg,test,T0092.jpg,8,revisar
validation,V0011.jpg,test,T0115.jpg,8,revisar
validation,V0011.jpg,test,T0121.jpg,8,revisar
validation,V0011.jpg,test,T0151.jpg,8,revisar
validation,V0011.jpg,test,T0156.jpg,8,revisar
validation,V0011.jpg,test,T0196.jpg,8,revisar
validation,V0011.jpg,test,T0201.jpg,8,revisar
validation,V0011.jpg,test,T0212.jpg,8,revisar
validation,V0011.jpg,test,T0227.jpg,8,revisar
validation,V0011.jpg,test,T0232.jpg,8,revisar
validation,V0011.jpg,test,T0259.jpg,8,revisar
validation,V0011.jpg,test,T0279.jpg,8,revisar
validation,V0011.jpg,test,T0283.jpg,8,revisar
validation,V0011.jpg,test,T0286.jpg,8,revisar
validation,V0011.jpg,test,T0287.jpg,8,revisar
validation,V0011.jpg,test,T0289.jpg,8,revisar
validation,V0011.jpg,test,T0292.jpg,8,revisar
validation,V0011.jpg,test,T0312.jpg,8,revisar
validation,V0011.jpg,test,T0338.jpg,8,revisar
validation,V0011.jpg,test,T0350.jpg,8,revisar
validation,V0011.jpg,test,T0361.jpg,8,revisar
validation,V0011.jpg,test,T0386.jpg,8,revisar
validation,V0011.jpg,test,T0390.jpg,8,revisar
validation,V0012.jpg,test,T0018.jpg,8,revisar
validation,V0012.jpg,test,T0077.jpg,8,revisar
validation,V0012.jpg,test,T0082.jpg,8,revisar
validation,V0012.jpg,test,T0104.jpg,8,revisar
validation,V0012.jpg,test,T0115.jpg,8,revisar
validation,V0012.jpg,test,T0129.jpg,8,revisar
validation,V0012.jpg,test,T0169.jpg,8,revisar
validation,V0012.jpg,test,T0215.jpg,8,revisar
validation,V0012.jpg,test,T0222.jpg,8,revisar
validation,V0012.jpg,test,T0236.jpg,8,revisar
validation,V0012.jpg,test,T0269.jpg,8,revisar
validation,V0012.jpg,test,T0307.jpg,8,revisar
validation,V0012.jpg,test,T0323.jpg,8,revisar
validation,V0012.jpg,test,T0325.jpg,8,revisar
validation,V0012.jpg,test,T0352.jpg,8,revisar
validation,V0012.jpg,test,T0382.jpg,8,revisar
validation,V0012.jpg,test,T0391.jpg,8,revisar
validation,V0013.jpg,test,T0047.jpg,8,revisar
validation,V0013.jpg,test,T0238.jpg,8,revisar
validation,V0013.jpg,test,T0353.jpg,8,revisar
validation,V0013.jpg,test,T0379.jpg,8,revisar
validation,V0014.jpg,test,T0049.jpg,8,revisar
validation,V0015.jpg,test,T0001.jpg,8,revisar
validation,V0015.jpg,test,T0011.jpg,8,revisar
validation,V0015.jpg,test,T0019.jpg,8,revisar
validation,V0015.jpg,test,T0021.jpg,8,revisar
validation,V0015.jpg,test,T0038.jpg,8,revisar
validation,V0015.jpg,test,T0045.jpg,8,revisar
validation,V0015.jpg,test,T0052.jpg,8,revisar
validation,V0015.jpg,test,T0073.jpg,8,revisar
validation,V0015.jpg,test,T0076.jpg,8,revisar
validation,V0015.jpg,test,T0088.jpg,8,revisar
validation,V0015.jpg,test,T0092.jpg,8,revisar
validation,V0015.jpg,test,T0111.jpg,8,revisar
validation,V0015.jpg,test,T0125.jpg,8,revisar
validation,V0015.jpg,test,T0135.jpg,8,revisar
validation,V0015.jpg,test,T0138.jpg,8,revisar
validation,V0015.jpg,test,T0147.jpg,8,revisar
validation,V0015.jpg,test,T0154.jpg,8,revisar
validation,V0015.jpg,test,T0169.jpg,8,revisar
validation,V0015.jpg,test,T0190.jpg,8,revisar
validation,V0015.jpg,test,T0244.jpg,8,revisar
validation,V0015.jpg,test,T0254.jpg,8,revisar
validation,V0015.jpg,test,T0255.jpg,8,revisar
validation,V0015.jpg,test,T0260.jpg,8,revisar
validation,V0015.jpg,test,T0262.jpg,8,revisar
validation,V0015.jpg,test,T0265.jpg,8,revisar
validation,V0015.jpg,test,T0313.jpg,8,revisar
validation,V0015.jpg,test,T0316.jpg,8,revisar
validation,V0015.jpg,test,T0335.jpg,8,revisar
validation,V0015.jpg,test,T0336.jpg,8,revisar
validation,V0015.jpg,test,T0337.jpg,8,revisar
validation,V0015.jpg,test,T0357.jpg,8,revisar
validation,V0015.jpg,test,T0368.jpg,8,revisar
validation,V0015.jpg,test,T0369.jpg,8,revisar
validation,V0015.jpg,test,T0390.jpg,8,revisar
validation,V0015.jpg,test,T0392.jpg,8,revisar
validation,V0015.jpg,test,T0395.jpg,8,revisar
validation,V0016.jpg,test,T0062.jpg,8,revisar
validation,V0016.jpg,test,T0133.jpg,8,revisar
validation,V0016.jpg,test,T0165.jpg,8,revisar
validation,V0016.jpg,test,T0174.jpg,8,revisar
validation,V0016.jpg,test,T0179.jpg,8,revisar
validation,V0016.jpg,test,T0211.jpg,8,revisar
validation,V0016.jpg,test,T0218.jpg,8,revisar
validation,V0016.jpg,test,T0226.jpg,8,revisar
validation,V0016.jpg,test,T0291.jpg,8,revisar
validation,V0016.jpg,test,T0324.jpg,8,revisar
validation,V0016.jpg,test,T0362.jpg,8,revisar
validation,V0017.jpg,test,T0081.jpg,8,revisar
validation,V0017.jpg,test,T0324.jpg,8,revisar
validation,V0018.jpg,test,T0001.jpg,8,revisar
validation,V0018.jpg,test,T0010.jpg,8,revisar
validation,V0018.jpg,test,T0016.jpg,8,revisar
validation,V0018.jpg,test,T0020.jpg,8,revisar
validation,V0018.jpg,test,T0044.jpg,8,revisar
validation,V0018.jpg,test,T0072.jpg,8,revisar
validation,V0018.jpg,test,T0075.jpg,8,revisar
validation,V0018.jpg,test,T0076.jpg,8,revisar
validation,V0018.jpg,test,T0082.jpg,8,revisar
validation,V0018.jpg,test,T0087.jpg,8,revisar
validation,V0018.jpg,test,T0088.jpg,8,revisar
validation,V0018.jpg,test,T0109.jpg,8,revisar
validation,V0018.jpg,test,T0115.jpg,8,revisar
validation,V0018.jpg,test,T0142.jpg,8,revisar
validation,V0018.jpg,test,T0151.jpg,8,revisar
validation,V0018.jpg,test,T0166.jpg,8,revisar
validation,V0018.jpg,test,T0168.jpg,8,revisar
validation,V0018.jpg,test,T0169.jpg,8,revisar
validation,V0018.jpg,test,T0171.jpg,8,revisar
validation,V0018.jpg,test,T0187.jpg,8,revisar
validation,V0018.jpg,test,T0190.jpg,8,revisar
validation,V0018.jpg,test,T0196.jpg,8,revisar
validation,V0018.jpg,test,T0201.jpg,8,revisar
validation,V0018.jpg,test,T0221.jpg,8,revisar
validation,V0018.jpg,test,T0225.jpg,8,revisar
validation,V0018.jpg,test,T0244.jpg,8,revisar
validation,V0018.jpg,test,T0250.jpg,8,revisar
validation,V0018.jpg,test,T0251.jpg,8,revisar
validation,V0018.jpg,test,T0259.jpg,8,revisar
validation,V0018.jpg,test,T0294.jpg,8,revisar
validation,V0018.jpg,test,T0299.jpg,8,revisar
validation,V0018.jpg,test,T0313.jpg,8,revisar
validation,V0018.jpg,test,T0316.jpg,8,revisar
validation,V0018.jpg,test,T0318.jpg,8,revisar
validation,V0018.jpg,test,T0329.jpg,8,revisar
validation,V0018.jpg,test,T0335.jpg,8,revisar
validation,V0018.jpg,test,T0336.jpg,8,revisar
validation,V0018.jpg,test,T0338.jpg,8,revisar
validation,V0018.jpg,test,T0357.jpg,8,revisar
validation,V0018.jpg,test,T0368.jpg,8,revisar
validation,V0018.jpg,test,T0374.jpg,8,revisar
validation,V0018.jpg,test,T0377.jpg,8,revisar
validation,V0018.jpg,test,T0380.jpg,8,revisar
validation,V0019.jpg,test,T0224.jpg,8,revisar
validation,V0019.jpg,test,T0249.jpg,8,revisar
validation,V0019.jpg,test,T0352.jpg,8,revisar
validation,V0019.jpg,test,T0385.jpg,8,revisar
validation,V0020.jpg,test,T0029.jpg,8,revisar
validation,V0020.jpg,test,T0040.jpg,8,revisar
validation,V0020.jpg,test,T0063.jpg,8,revisar
validation,V0020.jpg,test,T0068.jpg,8,revisar
validation,V0020.jpg,test,T0117.jpg,8,revisar
validation,V0020.jpg,test,T0121.jpg,8,revisar
validation,V0020.jpg,test,T0167.jpg,8,revisar
validation,V0020.jpg,test,T0173.jpg,8,revisar
validation,V0020.jpg,test,T0206.jpg,8,revisar
validation,V0020.jpg,test,T0228.jpg,8,revisar
validation,V0020.jpg,test,T0232.jpg,8,revisar
validation,V0020.jpg,test,T0245.jpg,8,revisar
validation,V0020.jpg,test,T0259.jpg,8,revisar
validation,V0020.jpg,test,T0264.jpg,8,revisar
validation,V0020.jpg,test,T0267.jpg,8,revisar
validation,V0020.jpg,test,T0287.jpg,8,revisar
validation,V0020.jpg,test,T0367.jpg,8,revisar
validation,V0021.jpg,test,T0001.jpg,8,revisar
validation,V0021.jpg,test,T0008.jpg,8,revisar
validation,V0021.jpg,test,T0020.jpg,8,revisar
validation,V0021.jpg,test,T0021.jpg,8,revisar
validation,V0021.jpg,test,T0024.jpg,8,revisar
validation,V0021.jpg,test,T0028.jpg,8,revisar
validation,V0021.jpg,test,T0046.jpg,8,revisar
validation,V0021.jpg,test,T0048.jpg,8,revisar
validation,V0021.jpg,test,T0058.jpg,8,revisar
validation,V0021.jpg,test,T0064.jpg,8,revisar
validation,V0021.jpg,test,T0080.jpg,8,revisar
validation,V0021.jpg,test,T0101.jpg,8,revisar
validation,V0021.jpg,test,T0110.jpg,8,revisar
validation,V0021.jpg,test,T0114.jpg,8,revisar
validation,V0021.jpg,test,T0120.jpg,8,revisar
validation,V0021.jpg,test,T0122.jpg,8,revisar
validation,V0021.jpg,test,T0125.jpg,8,revisar
validation,V0021.jpg,test,T0130.jpg,8,revisar
validation,V0021.jpg,test,T0136.jpg,8,revisar
validation,V0021.jpg,test,T0138.jpg,8,revisar
validation,V0021.jpg,test,T0142.jpg,8,revisar
validation,V0021.jpg,test,T0153.jpg,8,revisar
validation,V0021.jpg,test,T0163.jpg,8,revisar
validation,V0021.jpg,test,T0168.jpg,8,revisar
validation,V0021.jpg,test,T0171.jpg,8,revisar
validation,V0021.jpg,test,T0187.jpg,8,revisar
validation,V0021.jpg,test,T0203.jpg,8,revisar
validation,V0021.jpg,test,T0207.jpg,8,revisar
validation,V0021.jpg,test,T0217.jpg,8,revisar
validation,V0021.jpg,test,T0219.jpg,8,revisar
validation,V0021.jpg,test,T0220.jpg,8,revisar
validation,V0021.jpg,test,T0223.jpg,8,revisar
validation,V0021.jpg,test,T0225.jpg,8,revisar
validation,V0021.jpg,test,T0231.jpg,8,revisar
validation,V0021.jpg,test,T0246.jpg,8,revisar
validation,V0021.jpg,test,T0250.jpg,8,revisar
validation,V0021.jpg,test,T0260.jpg,8,revisar
validation,V0021.jpg,test,T0278.jpg,8,revisar
validation,V0021.jpg,test,T0293.jpg,8,revisar
validation,V0021.jpg,test,T0312.jpg,8,revisar
validation,V0021.jpg,test,T0315.jpg,8,revisar
validation,V0021.jpg,test,T0318.jpg,8,revisar
validation,V0021.jpg,test,T0328.jpg,8,revisar
validation,V0021.jpg,test,T0334.jpg,8,revisar
validation,V0021.jpg,test,T0335.jpg,8,revisar
validation,V0021.jpg,test,T0343.jpg,8,revisar
validation,V0021.jpg,test,T0377.jpg,8,revisar
validation,V0021.jpg,test,T0378.jpg,8,revisar
validation,V0021.jpg,test,T0393.jpg,8,revisar
validation,V0021.jpg,test,T0398.jpg,8,revisar
validation,V0021.jpg,test,T0400.jpg,8,revisar
validation,V0022.jpg,test,T0257.jpg,8,revisar
validation,V0023.jpg,test,T0020.jpg,8,revisar
validation,V0023.jpg,test,T0032.jpg,8,revisar
validation,V0023.jpg,test,T0033.jpg,8,revisar
validation,V0023.jpg,test,T0050.jpg,8,revisar
validation,V0023.jpg,test,T0064.jpg,8,revisar
validation,V0023.jpg,test,T0077.jpg,8,revisar
validation,V0023.jpg,test,T0084.jpg,8,revisar
validation,V0023.jpg,test,T0088.jpg,8,revisar
validation,V0023.jpg,test,T0095.jpg,8,revisar
validation,V0023.jpg,test,T0118.jpg,8,revisar
validation,V0023.jpg,test,T0125.jpg,8,revisar
validation,V0023.jpg,test,T0134.jpg,8,revisar
validation,V0023.jpg,test,T0147.jpg,8,revisar
validation,V0023.jpg,test,T0151.jpg,8,revisar
validation,V0023.jpg,test,T0154.jpg,8,revisar
validation,V0023.jpg,test,T0156.jpg,8,revisar
validation,V0023.jpg,test,T0166.jpg,8,revisar
validation,V0023.jpg,test,T0168.jpg,8,revisar
validation,V0023.jpg,test,T0169.jpg,8,revisar
validation,V0023.jpg,test,T0196.jpg,8,revisar
validation,V0023.jpg,test,T0198.jpg,8,revisar
validation,V0023.jpg,test,T0201.jpg,8,revisar
validation,V0023.jpg,test,T0213.jpg,8,revisar
validation,V0023.jpg,test,T0214.jpg,8,revisar
validation,V0023.jpg,test,T0220.jpg,8,revisar
validation,V0023.jpg,test,T0224.jpg,8,revisar
validation,V0023.jpg,test,T0251.jpg,8,revisar
validation,V0023.jpg,test,T0286.jpg,8,revisar
validation,V0023.jpg,test,T0289.jpg,8,revisar
validation,V0023.jpg,test,T0293.jpg,8,revisar
validation,V0023.jpg,test,T0299.jpg,8,revisar
validation,V0023.jpg,test,T0329.jpg,8,revisar
validation,V0023.jpg,test,T0335.jpg,8,revisar
validation,V0023.jpg,test,T0336.jpg,8,revisar
validation,V0023.jpg,test,T0337.jpg,8,revisar
validation,V0023.jpg,test,T0350.jpg,8,revisar
validation,V0023.jpg,test,T0357.jpg,8,revisar
validation,V0023.jpg,test,T0361.jpg,8,revisar
validation,V0023.jpg,test,T0368.jpg,8,revisar
validation,V0023.jpg,test,T0377.jpg,8,revisar
validation,V0023.jpg,test,T0378.jpg,8,revisar
validation,V0023.jpg,test,T0382.jpg,8,revisar
validation,V0023.jpg,test,T0393.jpg,8,revisar
validation,V0023.jpg,test,T0395.jpg,8,revisar
validation,V0023.jpg,test,T0399.jpg,8,revisar
validation,V0024.jpg,test,T0003.jpg,8,revisar
validation,V0024.jpg,test,T0023.jpg,8,revisar
validation,V0024.jpg,test,T0024.jpg,8,revisar
validation,V0024.jpg,test,T0073.jpg,8,revisar
validation,V0024.jpg,test,T0099.jpg,8,revisar
validation,V0024.jpg,test,T0114.jpg,8,revisar
validation,V0024.jpg,test,T0120.jpg,8,revisar
validation,V0024.jpg,test,T0138.jpg,8,revisar
validation,V0024.jpg,test,T0145.jpg,8,revisar
validation,V0024.jpg,test,T0153.jpg,8,revisar
validation,V0024.jpg,test,T0201.jpg,8,revisar
validation,V0024.jpg,test,T0214.jpg,8,revisar
validation,V0024.jpg,test,T0223.jpg,8,revisar
validation,V0024.jpg,test,T0225.jpg,8,revisar
validation,V0024.jpg,test,T0253.jpg,8,revisar
validation,V0024.jpg,test,T0278.jpg,8,revisar
validation,V0024.jpg,test,T0312.jpg,8,revisar
validation,V0024.jpg,test,T0318.jpg,8,revisar
validation,V0024.jpg,test,T0329.jpg,8,revisar
validation,V0024.jpg,test,T0331.jpg,8,revisar
validation,V0024.jpg,test,T0334.jpg,8,revisar
validation,V0024.jpg,test,T0335.jpg,8,revisar
validation,V0024.jpg,test,T0340.jpg,8,revisar
validation,V0024.jpg,test,T0346.jpg,8,revisar
validation,V0024.jpg,test,T0377.jpg,8,revisar
validation,V0024.jpg,test,T0383.jpg,8,revisar
validation,V0026.jpg,test,T0006.jpg,8,revisar
validation,V0026.jpg,test,T0016.jpg,8,revisar
validation,V0026.jpg,test,T0025.jpg,8,revisar
validation,V0026.jpg,test,T0027.jpg,8,revisar
validation,V0026.jpg,test,T0031.jpg,8,revisar
validation,V0026.jpg,test,T0033.jpg,8,revisar
validation,V0026.jpg,test,T0050.jpg,8,revisar
validation,V0026.jpg,test,T0063.jpg,8,revisar
validation,V0026.jpg,test,T0071.jpg,8,revisar
validation,V0026.jpg,test,T0076.jpg,8,revisar
validation,V0026.jpg,test,T0087.jpg,8,revisar
validation,V0026.jpg,test,T0115.jpg,8,revisar
validation,V0026.jpg,test,T0121.jpg,8,revisar
validation,V0026.jpg,test,T0151.jpg,8,revisar
validation,V0026.jpg,test,T0156.jpg,8,revisar
validation,V0026.jpg,test,T0173.jpg,8,revisar
validation,V0026.jpg,test,T0187.jpg,8,revisar
validation,V0026.jpg,test,T0196.jpg,8,revisar
validation,V0026.jpg,test,T0216.jpg,8,revisar
validation,V0026.jpg,test,T0219.jpg,8,revisar
validation,V0026.jpg,test,T0227.jpg,8,revisar
validation,V0026.jpg,test,T0228.jpg,8,revisar
validation,V0026.jpg,test,T0233.jpg,8,revisar
validation,V0026.jpg,test,T0259.jpg,8,revisar
validation,V0026.jpg,test,T0286.jpg,8,revisar
validation,V0026.jpg,test,T0287.jpg,8,revisar
validation,V0026.jpg,test,T0289.jpg,8,revisar
validation,V0026.jpg,test,T0307.jpg,8,revisar
validation,V0026.jpg,test,T0313.jpg,8,revisar
validation,V0026.jpg,test,T0325.jpg,8,revisar
validation,V0026.jpg,test,T0338.jpg,8,revisar
validation,V0026.jpg,test,T0342.jpg,8,revisar
validation,V0026.jpg,test,T0350.jpg,8,revisar
validation,V0026.jpg,test,T0367.jpg,8,revisar
validation,V0026.jpg,test,T0389.jpg,8,revisar
validation,V0027.jpg,test,T0001.jpg,8,revisar
validation,V0027.jpg,test,T0003.jpg,8,revisar
validation,V0027.jpg,test,T0012.jpg,8,revisar
validation,V0027.jpg,test,T0020.jpg,8,revisar
validation,V0027.jpg,test,T0024.jpg,8,revisar
validation,V0027.jpg,test,T0044.jpg,8,revisar
validation,V0027.jpg,test,T0046.jpg,8,revisar
validation,V0027.jpg,test,T0054.jpg,8,revisar
validation,V0027.jpg,test,T0058.jpg,8,revisar
validation,V0027.jpg,test,T0064.jpg,8,revisar
validation,V0027.jpg,test,T0072.jpg,8,revisar
validation,V0027.jpg,test,T0110.jpg,8,revisar
validation,V0027.jpg,test,T0114.jpg,8,revisar
validation,V0027.jpg,test,T0130.jpg,8,revisar
validation,V0027.jpg,test,T0136.jpg,8,revisar
validation,V0027.jpg,test,T0142.jpg,8,revisar
validation,V0027.jpg,test,T0154.jpg,8,revisar
validation,V0027.jpg,test,T0163.jpg,8,revisar
validation,V0027.jpg,test,T0171.jpg,8,revisar
validation,V0027.jpg,test,T0203.jpg,8,revisar
validation,V0027.jpg,test,T0205.jpg,8,revisar
validation,V0027.jpg,test,T0214.jpg,8,revisar
validation,V0027.jpg,test,T0217.jpg,8,revisar
validation,V0027.jpg,test,T0219.jpg,8,revisar
validation,V0027.jpg,test,T0220.jpg,8,revisar
validation,V0027.jpg,test,T0221.jpg,8,revisar
validation,V0027.jpg,test,T0225.jpg,8,revisar
validation,V0027.jpg,test,T0230.jpg,8,revisar
validation,V0027.jpg,test,T0231.jpg,8,revisar
validation,V0027.jpg,test,T0260.jpg,8,revisar
validation,V0027.jpg,test,T0278.jpg,8,revisar
validation,V0027.jpg,test,T0286.jpg,8,revisar
validation,V0027.jpg,test,T0289.jpg,8,revisar
validation,V0027.jpg,test,T0293.jpg,8,revisar
validation,V0027.jpg,test,T0311.jpg,8,revisar
validation,V0027.jpg,test,T0315.jpg,8,revisar
validation,V0027.jpg,test,T0328.jpg,8,revisar
validation,V0027.jpg,test,T0335.jpg,8,revisar
validation,V0027.jpg,test,T0340.jpg,8,revisar
validation,V0027.jpg,test,T0348.jpg,8,revisar
validation,V0027.jpg,test,T0355.jpg,8,revisar
validation,V0027.jpg,test,T0357.jpg,8,revisar
validation,V0027.jpg,test,T0361.jpg,8,revisar
validation,V0027.jpg,test,T0374.jpg,8,revisar
validation,V0027.jpg,test,T0378.jpg,8,revisar
validation,V0027.jpg,test,T0390.jpg,8,revisar
validation,V0027.jpg,test,T0393.jpg,8,revisar
validation,V0027.jpg,test,T0398.jpg,8,revisar
validation,V0028.jpg,test,T0012.jpg,8,revisar
validation,V0028.jpg,test,T0064.jpg,8,revisar
validation,V0028.jpg,test,T0080.jpg,8,revisar
validation,V0028.jpg,test,T0088.jpg,8,revisar
validation,V0028.jpg,test,T0136.jpg,8,revisar
validation,V0028.jpg,test,T0145.jpg,8,revisar
validation,V0028.jpg,test,T0154.jpg,8,revisar
validation,V0028.jpg,test,T0168.jpg,8,revisar
validation,V0028.jpg,test,T0201.jpg,8,revisar
validation,V0028.jpg,test,T0219.jpg,8,revisar
validation,V0028.jpg,test,T0220.jpg,8,revisar
validation,V0028.jpg,test,T0231.jpg,8,revisar
validation,V0028.jpg,test,T0270.jpg,8,revisar
validation,V0028.jpg,test,T0293.jpg,8,revisar
validation,V0028.jpg,test,T0294.jpg,8,revisar
validation,V0028.jpg,test,T0328.jpg,8,revisar
validation,V0028.jpg,test,T0334.jpg,8,revisar
validation,V0028.jpg,test,T0348.jpg,8,revisar
validation,V0029.jpg,test,T0190.jpg,8,revisar
validation,V0029.jpg,test,T0195.jpg,8,revisar
validation,V0029.jpg,test,T0256.jpg,8,revisar
validation,V0030.jpg,test,T0006.jpg,8,revisar
validation,V0030.jpg,test,T0034.jpg,8,revisar
validation,V0030.jpg,test,T0041.jpg,8,revisar
validation,V0030.jpg,test,T0052.jpg,8,revisar
validation,V0030.jpg,test,T0096.jpg,8,revisar
validation,V0030.jpg,test,T0167.jpg,8,revisar
validation,V0030.jpg,test,T0220.jpg,8,revisar
validation,V0030.jpg,test,T0233.jpg,8,revisar
validation,V0030.jpg,test,T0241.jpg,8,revisar
validation,V0030.jpg,test,T0245.jpg,8,revisar
validation,V0030.jpg,test,T0293.jpg,8,revisar
validation,V0030.jpg,test,T0337.jpg,8,revisar
validation,V0030.jpg,test,T0378.jpg,8,revisar
validation,V0030.jpg,test,T0380.jpg,8,revisar
validation,V0030.jpg,test,T0382.jpg,8,revisar
validation,V0030.jpg,test,T0393.jpg,8,revisar
validation,V0031.jpg,test,T0010.jpg,8,revisar
validation,V0031.jpg,test,T0016.jpg,8,revisar
validation,V0031.jpg,test,T0023.jpg,8,revisar
validation,V0031.jpg,test,T0029.jpg,8,revisar
validation,V0031.jpg,test,T0041.jpg,8,revisar
validation,V0031.jpg,test,T0053.jpg,8,revisar
validation,V0031.jpg,test,T0068.jpg,8,revisar
validation,V0031.jpg,test,T0077.jpg,8,revisar
validation,V0031.jpg,test,T0078.jpg,8,revisar
validation,V0031.jpg,test,T0080.jpg,8,revisar
validation,V0031.jpg,test,T0087.jpg,8,revisar
validation,V0031.jpg,test,T0088.jpg,8,revisar
validation,V0031.jpg,test,T0107.jpg,8,revisar
validation,V0031.jpg,test,T0121.jpg,8,revisar
validation,V0031.jpg,test,T0129.jpg,8,revisar
validation,V0031.jpg,test,T0135.jpg,8,revisar
validation,V0031.jpg,test,T0138.jpg,8,revisar
validation,V0031.jpg,test,T0153.jpg,8,revisar
validation,V0031.jpg,test,T0167.jpg,8,revisar
validation,V0031.jpg,test,T0173.jpg,8,revisar
validation,V0031.jpg,test,T0187.jpg,8,revisar
validation,V0031.jpg,test,T0207.jpg,8,revisar
validation,V0031.jpg,test,T0220.jpg,8,revisar
validation,V0031.jpg,test,T0230.jpg,8,revisar
validation,V0031.jpg,test,T0236.jpg,8,revisar
validation,V0031.jpg,test,T0239.jpg,8,revisar
validation,V0031.jpg,test,T0250.jpg,8,revisar
validation,V0031.jpg,test,T0259.jpg,8,revisar
validation,V0031.jpg,test,T0262.jpg,8,revisar
validation,V0031.jpg,test,T0267.jpg,8,revisar
validation,V0031.jpg,test,T0279.jpg,8,revisar
validation,V0031.jpg,test,T0286.jpg,8,revisar
validation,V0031.jpg,test,T0287.jpg,8,revisar
validation,V0031.jpg,test,T0289.jpg,8,revisar
validation,V0031.jpg,test,T0293.jpg,8,revisar
validation,V0031.jpg,test,T0302.jpg,8,revisar
validation,V0031.jpg,test,T0307.jpg,8,revisar
validation,V0031.jpg,test,T0310.jpg,8,revisar
validation,V0031.jpg,test,T0313.jpg,8,revisar
validation,V0031.jpg,test,T0316.jpg,8,revisar
validation,V0031.jpg,test,T0331.jpg,8,revisar
validation,V0031.jpg,test,T0335.jpg,8,revisar
validation,V0031.jpg,test,T0338.jpg,8,revisar
validation,V0031.jpg,test,T0365.jpg,8,revisar
validation,V0031.jpg,test,T0389.jpg,8,revisar
validation,V0031.jpg,test,T0390.jpg,8,revisar
validation,V0031.jpg,test,T0398.jpg,8,revisar
validation,V0032.jpg,test,T0008.jpg,8,revisar
validation,V0032.jpg,test,T0054.jpg,8,revisar
validation,V0032.jpg,test,T0103.jpg,8,revisar
validation,V0032.jpg,test,T0120.jpg,8,revisar
validation,V0032.jpg,test,T0136.jpg,8,revisar
validation,V0032.jpg,test,T0188.jpg,8,revisar
validation,V0032.jpg,test,T0278.jpg,8,revisar
validation,V0032.jpg,test,T0294.jpg,8,revisar
validation,V0032.jpg,test,T0331.jpg,8,revisar
validation,V0032.jpg,test,T0399.jpg,8,revisar
validation,V0032.jpg,test,T0400.jpg,8,revisar
validation,V0034.jpg,test,T0016.jpg,8,revisar
validation,V0034.jpg,test,T0035.jpg,8,revisar
validation,V0034.jpg,test,T0052.jpg,8,revisar
validation,V0034.jpg,test,T0054.jpg,8,revisar
validation,V0034.jpg,test,T0065.jpg,8,revisar
validation,V0034.jpg,test,T0068.jpg,8,revisar
validation,V0034.jpg,test,T0077.jpg,8,revisar
validation,V0034.jpg,test,T0078.jpg,8,revisar
validation,V0034.jpg,test,T0080.jpg,8,revisar
validation,V0034.jpg,test,T0088.jpg,8,revisar
validation,V0034.jpg,test,T0107.jpg,8,revisar
validation,V0034.jpg,test,T0121.jpg,8,revisar
validation,V0034.jpg,test,T0145.jpg,8,revisar
validation,V0034.jpg,test,T0167.jpg,8,revisar
validation,V0034.jpg,test,T0171.jpg,8,revisar
validation,V0034.jpg,test,T0173.jpg,8,revisar
validation,V0034.jpg,test,T0187.jpg,8,revisar
validation,V0034.jpg,test,T0206.jpg,8,revisar
validation,V0034.jpg,test,T0207.jpg,8,revisar
validation,V0034.jpg,test,T0212.jpg,8,revisar
validation,V0034.jpg,test,T0219.jpg,8,revisar
validation,V0034.jpg,test,T0220.jpg,8,revisar
validation,V0034.jpg,test,T0225.jpg,8,revisar
validation,V0034.jpg,test,T0228.jpg,8,revisar
validation,V0034.jpg,test,T0236.jpg,8,revisar
validation,V0034.jpg,test,T0246.jpg,8,revisar
validation,V0034.jpg,test,T0259.jpg,8,revisar
validation,V0034.jpg,test,T0262.jpg,8,revisar
validation,V0034.jpg,test,T0286.jpg,8,revisar
validation,V0034.jpg,test,T0287.jpg,8,revisar
validation,V0034.jpg,test,T0289.jpg,8,revisar
validation,V0034.jpg,test,T0293.jpg,8,revisar
validation,V0034.jpg,test,T0313.jpg,8,revisar
validation,V0034.jpg,test,T0316.jpg,8,revisar
validation,V0034.jpg,test,T0337.jpg,8,revisar
validation,V0034.jpg,test,T0365.jpg,8,revisar
validation,V0034.jpg,test,T0389.jpg,8,revisar
validation,V0034.jpg,test,T0390.jpg,8,revisar
validation,V0034.jpg,test,T0393.jpg,8,revisar
validation,V0035.jpg,test,T0006.jpg,8,revisar
validation,V0035.jpg,test,T0027.jpg,8,revisar
validation,V0035.jpg,test,T0069.jpg,8,revisar
validation,V0035.jpg,test,T0089.jpg,8,revisar
validation,V0035.jpg,test,T0204.jpg,8,revisar
validation,V0035.jpg,test,T0222.jpg,8,revisar
validation,V0035.jpg,test,T0236.jpg,8,revisar
validation,V0035.jpg,test,T0240.jpg,8,revisar
validation,V0035.jpg,test,T0245.jpg,8,revisar
validation,V0035.jpg,test,T0249.jpg,8,revisar
validation,V0035.jpg,test,T0308.jpg,8,revisar
validation,V0035.jpg,test,T0351.jpg,8,revisar
validation,V0035.jpg,test,T0354.jpg,8,revisar
validation,V0035.jpg,test,T0367.jpg,8,revisar
validation,V0036.jpg,test,T0066.jpg,8,revisar
validation,V0036.jpg,test,T0081.jpg,8,revisar
validation,V0036.jpg,test,T0102.jpg,8,revisar
validation,V0036.jpg,test,T0105.jpg,8,revisar
validation,V0036.jpg,test,T0257.jpg,8,revisar
validation,V0036.jpg,test,T0326.jpg,8,revisar
validation,V0037.jpg,test,T0295.jpg,8,revisar
validation,V0037.jpg,test,T0303.jpg,8,revisar
validation,V0037.jpg,test,T0359.jpg,8,revisar
validation,V0038.jpg,test,T0008.jpg,8,revisar
validation,V0038.jpg,test,T0384.jpg,8,revisar
validation,V0039.jpg,test,T0053.jpg,8,revisar
validation,V0039.jpg,test,T0068.jpg,8,revisar
validation,V0039.jpg,test,T0084.jpg,8,revisar
validation,V0039.jpg,test,T0121.jpg,8,revisar
validation,V0039.jpg,test,T0232.jpg,8,revisar
validation,V0039.jpg,test,T0287.jpg,8,revisar
validation,V0039.jpg,test,T0290.jpg,8,revisar
validation,V0040.jpg,test,T0002.jpg,8,revisar
validation,V0040.jpg,test,T0041.jpg,8,revisar
validation,V0040.jpg,test,T0042.jpg,8,revisar
validation,V0040.jpg,test,T0052.jpg,8,revisar
validation,V0040.jpg,test,T0054.jpg,8,revisar
validation,V0040.jpg,test,T0058.jpg,8,revisar
validation,V0040.jpg,test,T0072.jpg,8,revisar
validation,V0040.jpg,test,T0075.jpg,8,revisar
validation,V0040.jpg,test,T0095.jpg,8,revisar
validation,V0040.jpg,test,T0101.jpg,8,revisar
validation,V0040.jpg,test,T0109.jpg,8,revisar
validation,V0040.jpg,test,T0111.jpg,8,revisar
validation,V0040.jpg,test,T0120.jpg,8,revisar
validation,V0040.jpg,test,T0125.jpg,8,revisar
validation,V0040.jpg,test,T0134.jpg,8,revisar
validation,V0040.jpg,test,T0136.jpg,8,revisar
validation,V0040.jpg,test,T0139.jpg,8,revisar
validation,V0040.jpg,test,T0169.jpg,8,revisar
validation,V0040.jpg,test,T0171.jpg,8,revisar
validation,V0040.jpg,test,T0197.jpg,8,revisar
validation,V0040.jpg,test,T0244.jpg,8,revisar
validation,V0040.jpg,test,T0251.jpg,8,revisar
validation,V0040.jpg,test,T0254.jpg,8,revisar
validation,V0040.jpg,test,T0262.jpg,8,revisar
validation,V0040.jpg,test,T0269.jpg,8,revisar
validation,V0040.jpg,test,T0278.jpg,8,revisar
validation,V0040.jpg,test,T0289.jpg,8,revisar
validation,V0040.jpg,test,T0311.jpg,8,revisar
validation,V0040.jpg,test,T0316.jpg,8,revisar
validation,V0040.jpg,test,T0319.jpg,8,revisar
validation,V0040.jpg,test,T0328.jpg,8,revisar
validation,V0040.jpg,test,T0331.jpg,8,revisar
validation,V0040.jpg,test,T0334.jpg,8,revisar
validation,V0040.jpg,test,T0336.jpg,8,revisar
validation,V0040.jpg,test,T0342.jpg,8,revisar
validation,V0040.jpg,test,T0345.jpg,8,revisar
validation,V0040.jpg,test,T0350.jpg,8,revisar
validation,V0040.jpg,test,T0377.jpg,8,revisar
validation,V0040.jpg,test,T0382.jpg,8,revisar
validation,V0041.jpg,test,T0049.jpg,8,revisar
validation,V0041.jpg,test,T0091.jpg,8,revisar
validation,V0041.jpg,test,T0155.jpg,8,revisar
validation,V0041.jpg,test,T0202.jpg,8,revisar
validation,V0041.jpg,test,T0362.jpg,8,revisar
validation,V0042.jpg,test,T0016.jpg,8,revisar
validation,V0042.jpg,test,T0021.jpg,8,revisar
validation,V0042.jpg,test,T0034.jpg,8,revisar
validation,V0042.jpg,test,T0043.jpg,8,revisar
validation,V0042.jpg,test,T0044.jpg,8,revisar
validation,V0042.jpg,test,T0052.jpg,8,revisar
validation,V0042.jpg,test,T0064.jpg,8,revisar
validation,V0042.jpg,test,T0088.jpg,8,revisar
validation,V0042.jpg,test,T0120.jpg,8,revisar
validation,V0042.jpg,test,T0125.jpg,8,revisar
validation,V0042.jpg,test,T0154.jpg,8,revisar
validation,V0042.jpg,test,T0187.jpg,8,revisar
validation,V0042.jpg,test,T0191.jpg,8,revisar
validation,V0042.jpg,test,T0196.jpg,8,revisar
validation,V0042.jpg,test,T0247.jpg,8,revisar
validation,V0042.jpg,test,T0260.jpg,8,revisar
validation,V0042.jpg,test,T0299.jpg,8,revisar
validation,V0042.jpg,test,T0329.jpg,8,revisar
validation,V0042.jpg,test,T0350.jpg,8,revisar
validation,V0042.jpg,test,T0361.jpg,8,revisar
validation,V0042.jpg,test,T0380.jpg,8,revisar
validation,V0042.jpg,test,T0382.jpg,8,revisar
validation,V0043.jpg,test,T0027.jpg,8,revisar
validation,V0043.jpg,test,T0096.jpg,8,revisar
validation,V0043.jpg,test,T0100.jpg,8,revisar
validation,V0043.jpg,test,T0147.jpg,8,revisar
validation,V0043.jpg,test,T0222.jpg,8,revisar
validation,V0043.jpg,test,T0236.jpg,8,revisar
validation,V0043.jpg,test,T0262.jpg,8,revisar
validation,V0043.jpg,test,T0317.jpg,8,revisar
validation,V0043.jpg,test,T0354.jpg,8,revisar
validation,V0043.jpg,test,T0391.jpg,8,revisar
validation,V0044.jpg,test,T0003.jpg,8,revisar
validation,V0044.jpg,test,T0005.jpg,8,revisar
validation,V0044.jpg,test,T0024.jpg,8,revisar
validation,V0044.jpg,test,T0044.jpg,8,revisar
validation,V0044.jpg,test,T0073.jpg,8,revisar
validation,V0044.jpg,test,T0085.jpg,8,revisar
validation,V0044.jpg,test,T0099.jpg,8,revisar
validation,V0044.jpg,test,T0101.jpg,8,revisar
validation,V0044.jpg,test,T0110.jpg,8,revisar
validation,V0044.jpg,test,T0113.jpg,8,revisar
validation,V0044.jpg,test,T0136.jpg,8,revisar
validation,V0044.jpg,test,T0138.jpg,8,revisar
validation,V0044.jpg,test,T0153.jpg,8,revisar
validation,V0044.jpg,test,T0168.jpg,8,revisar
validation,V0044.jpg,test,T0187.jpg,8,revisar
validation,V0044.jpg,test,T0188.jpg,8,revisar
validation,V0044.jpg,test,T0196.jpg,8,revisar
validation,V0044.jpg,test,T0201.jpg,8,revisar
validation,V0044.jpg,test,T0214.jpg,8,revisar
validation,V0044.jpg,test,T0217.jpg,8,revisar
validation,V0044.jpg,test,T0219.jpg,8,revisar
validation,V0044.jpg,test,T0220.jpg,8,revisar
validation,V0044.jpg,test,T0225.jpg,8,revisar
validation,V0044.jpg,test,T0229.jpg,8,revisar
validation,V0044.jpg,test,T0250.jpg,8,revisar
validation,V0044.jpg,test,T0260.jpg,8,revisar
validation,V0044.jpg,test,T0293.jpg,8,revisar
validation,V0044.jpg,test,T0300.jpg,8,revisar
validation,V0044.jpg,test,T0312.jpg,8,revisar
validation,V0044.jpg,test,T0329.jpg,8,revisar
validation,V0044.jpg,test,T0335.jpg,8,revisar
validation,V0044.jpg,test,T0347.jpg,8,revisar
validation,V0044.jpg,test,T0377.jpg,8,revisar
validation,V0044.jpg,test,T0383.jpg,8,revisar
validation,V0044.jpg,test,T0398.jpg,8,revisar
validation,V0045.jpg,test,T0002.jpg,8,revisar
validation,V0045.jpg,test,T0034.jpg,8,revisar
validation,V0045.jpg,test,T0073.jpg,8,revisar
validation,V0045.jpg,test,T0111.jpg,8,revisar
validation,V0045.jpg,test,T0112.jpg,8,revisar
validation,V0045.jpg,test,T0114.jpg,8,revisar
validation,V0045.jpg,test,T0156.jpg,8,revisar
validation,V0045.jpg,test,T0158.jpg,8,revisar
validation,V0045.jpg,test,T0168.jpg,8,revisar
validation,V0045.jpg,test,T0171.jpg,8,revisar
validation,V0045.jpg,test,T0184.jpg,8,revisar
validation,V0045.jpg,test,T0197.jpg,8,revisar
validation,V0045.jpg,test,T0220.jpg,8,revisar
validation,V0045.jpg,test,T0225.jpg,8,revisar
validation,V0045.jpg,test,T0255.jpg,8,revisar
validation,V0045.jpg,test,T0270.jpg,8,revisar
validation,V0045.jpg,test,T0286.jpg,8,revisar
validation,V0045.jpg,test,T0293.jpg,8,revisar
validation,V0045.jpg,test,T0294.jpg,8,revisar
validation,V0045.jpg,test,T0314.jpg,8,revisar
validation,V0045.jpg,test,T0334.jpg,8,revisar
validation,V0045.jpg,test,T0337.jpg,8,revisar
validation,V0045.jpg,test,T0377.jpg,8,revisar
validation,V0045.jpg,test,T0380.jpg,8,revisar
validation,V0046.jpg,test,T0016.jpg,8,revisar
validation,V0046.jpg,test,T0021.jpg,8,revisar
validation,V0046.jpg,test,T0023.jpg,8,revisar
validation,V0046.jpg,test,T0028.jpg,8,revisar
validation,V0046.jpg,test,T0038.jpg,8,revisar
validation,V0046.jpg,test,T0041.jpg,8,revisar
validation,V0046.jpg,test,T0042.jpg,8,revisar
validation,V0046.jpg,test,T0044.jpg,8,revisar
validation,V0046.jpg,test,T0046.jpg,8,revisar
validation,V0046.jpg,test,T0054.jpg,8,revisar
validation,V0046.jpg,test,T0064.jpg,8,revisar
validation,V0046.jpg,test,T0072.jpg,8,revisar
validation,V0046.jpg,test,T0075.jpg,8,revisar
validation,V0046.jpg,test,T0092.jpg,8,revisar
validation,V0046.jpg,test,T0101.jpg,8,revisar
validation,V0046.jpg,test,T0110.jpg,8,revisar
validation,V0046.jpg,test,T0111.jpg,8,revisar
validation,V0046.jpg,test,T0118.jpg,8,revisar
validation,V0046.jpg,test,T0120.jpg,8,revisar
validation,V0046.jpg,test,T0135.jpg,8,revisar
validation,V0046.jpg,test,T0136.jpg,8,revisar
validation,V0046.jpg,test,T0141.jpg,8,revisar
validation,V0046.jpg,test,T0145.jpg,8,revisar
validation,V0046.jpg,test,T0146.jpg,8,revisar
validation,V0046.jpg,test,T0166.jpg,8,revisar
validation,V0046.jpg,test,T0182.jpg,8,revisar
validation,V0046.jpg,test,T0190.jpg,8,revisar
validation,V0046.jpg,test,T0193.jpg,8,revisar
validation,V0046.jpg,test,T0196.jpg,8,revisar
validation,V0046.jpg,test,T0207.jpg,8,revisar
validation,V0046.jpg,test,T0216.jpg,8,revisar
validation,V0046.jpg,test,T0219.jpg,8,revisar
validation,V0046.jpg,test,T0221.jpg,8,revisar
validation,V0046.jpg,test,T0246.jpg,8,revisar
validation,V0046.jpg,test,T0254.jpg,8,revisar
validation,V0046.jpg,test,T0255.jpg,8,revisar
validation,V0046.jpg,test,T0259.jpg,8,revisar
validation,V0046.jpg,test,T0278.jpg,8,revisar
validation,V0046.jpg,test,T0286.jpg,8,revisar
validation,V0046.jpg,test,T0289.jpg,8,revisar
validation,V0046.jpg,test,T0299.jpg,8,revisar
validation,V0046.jpg,test,T0300.jpg,8,revisar
validation,V0046.jpg,test,T0312.jpg,8,revisar
validation,V0046.jpg,test,T0313.jpg,8,revisar
validation,V0046.jpg,test,T0318.jpg,8,revisar
validation,V0046.jpg,test,T0319.jpg,8,revisar
validation,V0046.jpg,test,T0329.jpg,8,revisar
validation,V0046.jpg,test,T0336.jpg,8,revisar
validation,V0046.jpg,test,T0338.jpg,8,revisar
validation,V0046.jpg,test,T0343.jpg,8,revisar
validation,V0046.jpg,test,T0345.jpg,8,revisar
validation,V0046.jpg,test,T0355.jpg,8,revisar
validation,V0046.jpg,test,T0363.jpg,8,revisar
validation,V0046.jpg,test,T0374.jpg,8,revisar
validation,V0046.jpg,test,T0389.jpg,8,revisar
validation,V0046.jpg,test,T0390.jpg,8,revisar
validation,V0046.jpg,test,T0393.jpg,8,revisar
validation,V0046.jpg,test,T0395.jpg,8,revisar
validation,V0046.jpg,test,T0399.jpg,8,revisar
validation,V0047.jpg,test,T0001.jpg,8,revisar
validation,V0047.jpg,test,T0076.jpg,8,revisar
validation,V0047.jpg,test,T0077.jpg,8,revisar
validation,V0047.jpg,test,T0092.jpg,8,revisar
validation,V0047.jpg,test,T0115.jpg,8,revisar
validation,V0047.jpg,test,T0118.jpg,8,revisar
validation,V0047.jpg,test,T0147.jpg,8,revisar
validation,V0047.jpg,test,T0169.jpg,8,revisar
validation,V0047.jpg,test,T0190.jpg,8,revisar
validation,V0047.jpg,test,T0198.jpg,8,revisar
validation,V0047.jpg,test,T0244.jpg,8,revisar
validation,V0047.jpg,test,T0307.jpg,8,revisar
validation,V0047.jpg,test,T0316.jpg,8,revisar
validation,V0047.jpg,test,T0323.jpg,8,revisar
validation,V0047.jpg,test,T0325.jpg,8,revisar
validation,V0047.jpg,test,T0392.jpg,8,revisar
validation,V0048.jpg,test,T0163.jpg,8,revisar
validation,V0048.jpg,test,T0278.jpg,8,revisar
validation,V0048.jpg,test,T0399.jpg,8,revisar
validation,V0049.jpg,test,T0234.jpg,8,revisar
validation,V0049.jpg,test,T0385.jpg,8,revisar
validation,V0050.jpg,test,T0034.jpg,8,revisar
validation,V0050.jpg,test,T0042.jpg,8,revisar
validation,V0050.jpg,test,T0051.jpg,8,revisar
validation,V0050.jpg,test,T0087.jpg,8,revisar
validation,V0050.jpg,test,T0097.jpg,8,revisar
validation,V0050.jpg,test,T0111.jpg,8,revisar
validation,V0050.jpg,test,T0120.jpg,8,revisar
validation,V0050.jpg,test,T0130.jpg,8,revisar
validation,V0050.jpg,test,T0138.jpg,8,revisar
validation,V0050.jpg,test,T0139.jpg,8,revisar
validation,V0050.jpg,test,T0262.jpg,8,revisar
validation,V0050.jpg,test,T0269.jpg,8,revisar
validation,V0050.jpg,test,T0278.jpg,8,revisar
validation,V0050.jpg,test,T0289.jpg,8,revisar
validation,V0050.jpg,test,T0307.jpg,8,revisar
validation,V0050.jpg,test,T0311.jpg,8,revisar
validation,V0050.jpg,test,T0316.jpg,8,revisar
validation,V0050.jpg,test,T0318.jpg,8,revisar
validation,V0050.jpg,test,T0334.jpg,8,revisar
validation,V0050.jpg,test,T0335.jpg,8,revisar
validation,V0050.jpg,test,T0340.jpg,8,revisar
validation,V0050.jpg,test,T0345.jpg,8,revisar
validation,V0050.jpg,test,T0364.jpg,8,revisar
validation,V0050.jpg,test,T0374.jpg,8,revisar
validation,V0050.jpg,test,T0377.jpg,8,revisar
validation,V0050.jpg,test,T0382.jpg,8,revisar
validation,V0050.jpg,test,T0392.jpg,8,revisar
validation,V0051.jpg,test,T0004.jpg,8,revisar
validation,V0051.jpg,test,T0006.jpg,8,revisar
validation,V0051.jpg,test,T0027.jpg,8,revisar
validation,V0051.jpg,test,T0031.jpg,8,revisar
validation,V0051.jpg,test,T0035.jpg,8,revisar
validation,V0051.jpg,test,T0048.jpg,8,revisar
validation,V0051.jpg,test,T0063.jpg,8,revisar
validation,V0051.jpg,test,T0068.jpg,8,revisar
validation,V0051.jpg,test,T0071.jpg,8,revisar
validation,V0051.jpg,test,T0076.jpg,8,revisar
validation,V0051.jpg,test,T0095.jpg,8,revisar
validation,V0051.jpg,test,T0115.jpg,8,revisar
validation,V0051.jpg,test,T0118.jpg,8,revisar
validation,V0051.jpg,test,T0151.jpg,8,revisar
validation,V0051.jpg,test,T0156.jpg,8,revisar
validation,V0051.jpg,test,T0187.jpg,8,revisar
validation,V0051.jpg,test,T0196.jpg,8,revisar
validation,V0051.jpg,test,T0201.jpg,8,revisar
validation,V0051.jpg,test,T0216.jpg,8,revisar
validation,V0051.jpg,test,T0219.jpg,8,revisar
validation,V0051.jpg,test,T0228.jpg,8,revisar
validation,V0051.jpg,test,T0232.jpg,8,revisar
validation,V0051.jpg,test,T0233.jpg,8,revisar
validation,V0051.jpg,test,T0259.jpg,8,revisar
validation,V0051.jpg,test,T0260.jpg,8,revisar
validation,V0051.jpg,test,T0286.jpg,8,revisar
validation,V0051.jpg,test,T0287.jpg,8,revisar
validation,V0051.jpg,test,T0292.jpg,8,revisar
validation,V0051.jpg,test,T0307.jpg,8,revisar
validation,V0051.jpg,test,T0312.jpg,8,revisar
validation,V0051.jpg,test,T0313.jpg,8,revisar
validation,V0051.jpg,test,T0325.jpg,8,revisar
validation,V0051.jpg,test,T0342.jpg,8,revisar
validation,V0051.jpg,test,T0393.jpg,8,revisar
validation,V0052.jpg,test,T0005.jpg,8,revisar
validation,V0052.jpg,test,T0010.jpg,8,revisar
validation,V0052.jpg,test,T0012.jpg,8,revisar
validation,V0052.jpg,test,T0017.jpg,8,revisar
validation,V0052.jpg,test,T0048.jpg,8,revisar
validation,V0052.jpg,test,T0109.jpg,8,revisar
validation,V0052.jpg,test,T0125.jpg,8,revisar
validation,V0052.jpg,test,T0134.jpg,8,revisar
validation,V0052.jpg,test,T0138.jpg,8,revisar
validation,V0052.jpg,test,T0145.jpg,8,revisar
validation,V0052.jpg,test,T0153.jpg,8,revisar
validation,V0052.jpg,test,T0154.jpg,8,revisar
validation,V0052.jpg,test,T0201.jpg,8,revisar
validation,V0052.jpg,test,T0205.jpg,8,revisar
validation,V0052.jpg,test,T0207.jpg,8,revisar
validation,V0052.jpg,test,T0219.jpg,8,revisar
validation,V0052.jpg,test,T0228.jpg,8,revisar
validation,V0052.jpg,test,T0251.jpg,8,revisar
validation,V0052.jpg,test,T0253.jpg,8,revisar
validation,V0052.jpg,test,T0254.jpg,8,revisar
validation,V0052.jpg,test,T0262.jpg,8,revisar
validation,V0052.jpg,test,T0279.jpg,8,revisar
validation,V0052.jpg,test,T0286.jpg,8,revisar
validation,V0052.jpg,test,T0292.jpg,8,revisar
validation,V0052.jpg,test,T0312.jpg,8,revisar
validation,V0052.jpg,test,T0331.jpg,8,revisar
validation,V0052.jpg,test,T0334.jpg,8,revisar
validation,V0052.jpg,test,T0336.jpg,8,revisar
validation,V0052.jpg,test,T0340.jpg,8,revisar
validation,V0052.jpg,test,T0361.jpg,8,revisar
validation,V0052.jpg,test,T0382.jpg,8,revisar
validation,V0052.jpg,test,T0398.jpg,8,revisar
validation,V0053.jpg,test,T0005.jpg,8,revisar
validation,V0053.jpg,test,T0010.jpg,8,revisar
validation,V0053.jpg,test,T0023.jpg,8,revisar
validation,V0053.jpg,test,T0024.jpg,8,revisar
validation,V0053.jpg,test,T0028.jpg,8,revisar
validation,V0053.jpg,test,T0042.jpg,8,revisar
validation,V0053.jpg,test,T0051.jpg,8,revisar
validation,V0053.jpg,test,T0054.jpg,8,revisar
validation,V0053.jpg,test,T0101.jpg,8,revisar
validation,V0053.jpg,test,T0171.jpg,8,revisar
validation,V0053.jpg,test,T0187.jpg,8,revisar
validation,V0053.jpg,test,T0201.jpg,8,revisar
validation,V0053.jpg,test,T0217.jpg,8,revisar
validation,V0053.jpg,test,T0219.jpg,8,revisar
validation,V0053.jpg,test,T0223.jpg,8,revisar
validation,V0053.jpg,test,T0230.jpg,8,revisar
validation,V0053.jpg,test,T0251.jpg,8,revisar
validation,V0053.jpg,test,T0269.jpg,8,revisar
validation,V0053.jpg,test,T0278.jpg,8,revisar
validation,V0053.jpg,test,T0315.jpg,8,revisar
validation,V0053.jpg,test,T0329.jpg,8,revisar
validation,V0053.jpg,test,T0331.jpg,8,revisar
validation,V0053.jpg,test,T0386.jpg,8,revisar
validation,V0053.jpg,test,T0390.jpg,8,revisar
validation,V0053.jpg,test,T0398.jpg,8,revisar
validation,V0054.jpg,test,T0001.jpg,8,revisar
validation,V0054.jpg,test,T0004.jpg,8,revisar
validation,V0054.jpg,test,T0006.jpg,8,revisar
validation,V0054.jpg,test,T0016.jpg,8,revisar
validation,V0054.jpg,test,T0025.jpg,8,revisar
validation,V0054.jpg,test,T0027.jpg,8,revisar
validation,V0054.jpg,test,T0063.jpg,8,revisar
validation,V0054.jpg,test,T0077.jpg,8,revisar
validation,V0054.jpg,test,T0107.jpg,8,revisar
validation,V0054.jpg,test,T0118.jpg,8,revisar
validation,V0054.jpg,test,T0121.jpg,8,revisar
validation,V0054.jpg,test,T0156.jpg,8,revisar
validation,V0054.jpg,test,T0182.jpg,8,revisar
validation,V0054.jpg,test,T0201.jpg,8,revisar
validation,V0054.jpg,test,T0219.jpg,8,revisar
validation,V0054.jpg,test,T0227.jpg,8,revisar
validation,V0054.jpg,test,T0228.jpg,8,revisar
validation,V0054.jpg,test,T0233.jpg,8,revisar
validation,V0054.jpg,test,T0244.jpg,8,revisar
validation,V0054.jpg,test,T0245.jpg,8,revisar
validation,V0054.jpg,test,T0260.jpg,8,revisar
validation,V0054.jpg,test,T0287.jpg,8,revisar
validation,V0054.jpg,test,T0292.jpg,8,revisar
validation,V0054.jpg,test,T0312.jpg,8,revisar
validation,V0054.jpg,test,T0313.jpg,8,revisar
validation,V0054.jpg,test,T0316.jpg,8,revisar
validation,V0054.jpg,test,T0338.jpg,8,revisar
validation,V0054.jpg,test,T0361.jpg,8,revisar
validation,V0054.jpg,test,T0367.jpg,8,revisar
validation,V0054.jpg,test,T0389.jpg,8,revisar
validation,V0054.jpg,test,T0390.jpg,8,revisar
validation,V0054.jpg,test,T0393.jpg,8,revisar
validation,V0055.jpg,test,T0002.jpg,8,revisar
validation,V0055.jpg,test,T0008.jpg,8,revisar
validation,V0055.jpg,test,T0010.jpg,8,revisar
validation,V0055.jpg,test,T0020.jpg,8,revisar
validation,V0055.jpg,test,T0028.jpg,8,revisar
validation,V0055.jpg,test,T0046.jpg,8,revisar
validation,V0055.jpg,test,T0058.jpg,8,revisar
validation,V0055.jpg,test,T0072.jpg,8,revisar
validation,V0055.jpg,test,T0117.jpg,8,revisar
validation,V0055.jpg,test,T0122.jpg,8,revisar
validation,V0055.jpg,test,T0135.jpg,8,revisar
validation,V0055.jpg,test,T0139.jpg,8,revisar
validation,V0055.jpg,test,T0145.jpg,8,revisar
validation,V0055.jpg,test,T0158.jpg,8,revisar
validation,V0055.jpg,test,T0187.jpg,8,revisar
validation,V0055.jpg,test,T0203.jpg,8,revisar
validation,V0055.jpg,test,T0207.jpg,8,revisar
validation,V0055.jpg,test,T0214.jpg,8,revisar
validation,V0055.jpg,test,T0221.jpg,8,revisar
validation,V0055.jpg,test,T0223.jpg,8,revisar
validation,V0055.jpg,test,T0246.jpg,8,revisar
validation,V0055.jpg,test,T0265.jpg,8,revisar
validation,V0055.jpg,test,T0278.jpg,8,revisar
validation,V0055.jpg,test,T0286.jpg,8,revisar
validation,V0055.jpg,test,T0289.jpg,8,revisar
validation,V0055.jpg,test,T0299.jpg,8,revisar
validation,V0055.jpg,test,T0314.jpg,8,revisar
validation,V0055.jpg,test,T0329.jpg,8,revisar
validation,V0055.jpg,test,T0345.jpg,8,revisar
validation,V0055.jpg,test,T0357.jpg,8,revisar
validation,V0055.jpg,test,T0368.jpg,8,revisar
validation,V0055.jpg,test,T0369.jpg,8,revisar
validation,V0055.jpg,test,T0393.jpg,8,revisar
validation,V0055.jpg,test,T0395.jpg,8,revisar
validation,V0055.jpg,test,T0399.jpg,8,revisar
validation,V0055.jpg,test,T0400.jpg,8,revisar
validation,V0056.jpg,test,T0104.jpg,8,revisar
validation,V0056.jpg,test,T0116.jpg,8,revisar
validation,V0056.jpg,test,T0222.jpg,8,revisar
validation,V0056.jpg,test,T0333.jpg,8,revisar
validation,V0057.jpg,test,T0018.jpg,8,revisar
validation,V0057.jpg,test,T0112.jpg,8,revisar
validation,V0057.jpg,test,T0158.jpg,8,revisar
validation,V0057.jpg,test,T0171.jpg,8,revisar
validation,V0057.jpg,test,T0191.jpg,8,revisar
validation,V0057.jpg,test,T0355.jpg,8,revisar
validation,V0057.jpg,test,T0378.jpg,8,revisar
validation,V0057.jpg,test,T0380.jpg,8,revisar
validation,V0057.jpg,test,T0391.jpg,8,revisar
validation,V0058.jpg,test,T0199.jpg,8,revisar
validation,V0058.jpg,test,T0339.jpg,8,revisar
validation,V0058.jpg,test,T0353.jpg,8,revisar
validation,V0059.jpg,test,T0113.jpg,8,revisar
validation,V0059.jpg,test,T0163.jpg,8,revisar
validation,V0059.jpg,test,T0228.jpg,8,revisar
validation,V0060.jpg,test,T0011.jpg,8,revisar
validation,V0060.jpg,test,T0028.jpg,8,revisar
validation,V0060.jpg,test,T0038.jpg,8,revisar
validation,V0060.jpg,test,T0077.jpg,8,revisar
validation,V0060.jpg,test,T0082.jpg,8,revisar
validation,V0060.jpg,test,T0088.jpg,8,revisar
validation,V0060.jpg,test,T0115.jpg,8,revisar
validation,V0060.jpg,test,T0135.jpg,8,revisar
validation,V0060.jpg,test,T0156.jpg,8,revisar
validation,V0060.jpg,test,T0171.jpg,8,revisar
validation,V0060.jpg,test,T0184.jpg,8,revisar
validation,V0060.jpg,test,T0187.jpg,8,revisar
validation,V0060.jpg,test,T0255.jpg,8,revisar
validation,V0060.jpg,test,T0265.jpg,8,revisar
validation,V0060.jpg,test,T0269.jpg,8,revisar
validation,V0060.jpg,test,T0313.jpg,8,revisar
validation,V0060.jpg,test,T0325.jpg,8,revisar
validation,V0060.jpg,test,T0328.jpg,8,revisar
validation,V0060.jpg,test,T0329.jpg,8,revisar
validation,V0060.jpg,test,T0337.jpg,8,revisar
validation,V0060.jpg,test,T0355.jpg,8,revisar
validation,V0060.jpg,test,T0361.jpg,8,revisar
validation,V0060.jpg,test,T0377.jpg,8,revisar
validation,V0060.jpg,test,T0380.jpg,8,revisar
validation,V0060.jpg,test,T0387.jpg,8,revisar
validation,V0060.jpg,test,T0393.jpg,8,revisar
validation,V0061.jpg,test,T0009.jpg,8,revisar
validation,V0061.jpg,test,T0204.jpg,8,revisar
validation,V0061.jpg,test,T0222.jpg,8,revisar
validation,V0061.jpg,test,T0235.jpg,8,revisar
validation,V0061.jpg,test,T0240.jpg,8,revisar
validation,V0061.jpg,test,T0247.jpg,8,revisar
validation,V0061.jpg,test,T0249.jpg,8,revisar
validation,V0061.jpg,test,T0258.jpg,8,revisar
validation,V0061.jpg,test,T0304.jpg,8,revisar
validation,V0061.jpg,test,T0308.jpg,8,revisar
validation,V0061.jpg,test,T0351.jpg,8,revisar
validation,V0061.jpg,test,T0352.jpg,8,revisar
validation,V0062.jpg,test,T0224.jpg,8,revisar
validation,V0063.jpg,test,T0028.jpg,8,revisar
validation,V0063.jpg,test,T0043.jpg,8,revisar
validation,V0063.jpg,test,T0045.jpg,8,revisar
validation,V0063.jpg,test,T0076.jpg,8,revisar
validation,V0063.jpg,test,T0077.jpg,8,revisar
validation,V0063.jpg,test,T0082.jpg,8,revisar
validation,V0063.jpg,test,T0090.jpg,8,revisar
validation,V0063.jpg,test,T0118.jpg,8,revisar
validation,V0063.jpg,test,T0147.jpg,8,revisar
validation,V0063.jpg,test,T0156.jpg,8,revisar
validation,V0063.jpg,test,T0171.jpg,8,revisar
validation,V0063.jpg,test,T0187.jpg,8,revisar
validation,V0063.jpg,test,T0260.jpg,8,revisar
validation,V0063.jpg,test,T0286.jpg,8,revisar
validation,V0063.jpg,test,T0355.jpg,8,revisar
validation,V0063.jpg,test,T0361.jpg,8,revisar
validation,V0063.jpg,test,T0365.jpg,8,revisar
validation,V0064.jpg,test,T0019.jpg,8,revisar
validation,V0064.jpg,test,T0024.jpg,8,revisar
validation,V0064.jpg,test,T0061.jpg,8,revisar
validation,V0064.jpg,test,T0076.jpg,8,revisar
validation,V0064.jpg,test,T0115.jpg,8,revisar
validation,V0064.jpg,test,T0159.jpg,8,revisar
validation,V0064.jpg,test,T0190.jpg,8,revisar
validation,V0064.jpg,test,T0191.jpg,8,revisar
validation,V0064.jpg,test,T0229.jpg,8,revisar
validation,V0064.jpg,test,T0244.jpg,8,revisar
validation,V0064.jpg,test,T0260.jpg,8,revisar
validation,V0064.jpg,test,T0299.jpg,8,revisar
validation,V0064.jpg,test,T0313.jpg,8,revisar
validation,V0064.jpg,test,T0316.jpg,8,revisar
validation,V0064.jpg,test,T0325.jpg,8,revisar
validation,V0064.jpg,test,T0354.jpg,8,revisar
validation,V0065.jpg,test,T0055.jpg,8,revisar
validation,V0065.jpg,test,T0083.jpg,8,revisar
validation,V0065.jpg,test,T0105.jpg,8,revisar
validation,V0065.jpg,test,T0133.jpg,8,revisar
validation,V0065.jpg,test,T0165.jpg,8,revisar
validation,V0065.jpg,test,T0179.jpg,8,revisar
validation,V0065.jpg,test,T0291.jpg,8,revisar
validation,V0065.jpg,test,T0301.jpg,8,revisar
validation,V0065.jpg,test,T0321.jpg,8,revisar
validation,V0065.jpg,test,T0324.jpg,8,revisar
validation,V0066.jpg,test,T0001.jpg,8,revisar
validation,V0066.jpg,test,T0005.jpg,8,revisar
validation,V0066.jpg,test,T0020.jpg,8,revisar
validation,V0066.jpg,test,T0023.jpg,8,revisar
validation,V0066.jpg,test,T0054.jpg,8,revisar
validation,V0066.jpg,test,T0072.jpg,8,revisar
validation,V0066.jpg,test,T0073.jpg,8,revisar
validation,V0066.jpg,test,T0074.jpg,8,revisar
validation,V0066.jpg,test,T0113.jpg,8,revisar
validation,V0066.jpg,test,T0114.jpg,8,revisar
validation,V0066.jpg,test,T0120.jpg,8,revisar
validation,V0066.jpg,test,T0130.jpg,8,revisar
validation,V0066.jpg,test,T0145.jpg,8,revisar
validation,V0066.jpg,test,T0154.jpg,8,revisar
validation,V0066.jpg,test,T0166.jpg,8,revisar
validation,V0066.jpg,test,T0187.jpg,8,revisar
validation,V0066.jpg,test,T0190.jpg,8,revisar
validation,V0066.jpg,test,T0201.jpg,8,revisar
validation,V0066.jpg,test,T0250.jpg,8,revisar
validation,V0066.jpg,test,T0254.jpg,8,revisar
validation,V0066.jpg,test,T0260.jpg,8,revisar
validation,V0066.jpg,test,T0294.jpg,8,revisar
validation,V0066.jpg,test,T0309.jpg,8,revisar
validation,V0066.jpg,test,T0315.jpg,8,revisar
validation,V0066.jpg,test,T0361.jpg,8,revisar
validation,V0066.jpg,test,T0364.jpg,8,revisar
validation,V0066.jpg,test,T0368.jpg,8,revisar
validation,V0067.jpg,test,T0027.jpg,8,revisar
validation,V0067.jpg,test,T0096.jpg,8,revisar
validation,V0067.jpg,test,T0100.jpg,8,revisar
validation,V0067.jpg,test,T0104.jpg,8,revisar
validation,V0067.jpg,test,T0129.jpg,8,revisar
validation,V0067.jpg,test,T0185.jpg,8,revisar
validation,V0067.jpg,test,T0247.jpg,8,revisar
validation,V0067.jpg,test,T0262.jpg,8,revisar
validation,V0068.jpg,test,T0002.jpg,8,revisar
validation,V0068.jpg,test,T0011.jpg,8,revisar
validation,V0068.jpg,test,T0034.jpg,8,revisar
validation,V0068.jpg,test,T0114.jpg,8,revisar
validation,V0068.jpg,test,T0130.jpg,8,revisar
validation,V0068.jpg,test,T0136.jpg,8,revisar
validation,V0068.jpg,test,T0171.jpg,8,revisar
validation,V0068.jpg,test,T0225.jpg,8,revisar
validation,V0068.jpg,test,T0246.jpg,8,revisar
validation,V0068.jpg,test,T0270.jpg,8,revisar
validation,V0068.jpg,test,T0278.jpg,8,revisar
validation,V0068.jpg,test,T0294.jpg,8,revisar
validation,V0068.jpg,test,T0299.jpg,8,revisar
validation,V0069.jpg,test,T0019.jpg,8,revisar
validation,V0069.jpg,test,T0020.jpg,8,revisar
validation,V0069.jpg,test,T0028.jpg,8,revisar
validation,V0069.jpg,test,T0042.jpg,8,revisar
validation,V0069.jpg,test,T0043.jpg,8,revisar
validation,V0069.jpg,test,T0044.jpg,8,revisar
validation,V0069.jpg,test,T0058.jpg,8,revisar
validation,V0069.jpg,test,T0073.jpg,8,revisar
validation,V0069.jpg,test,T0076.jpg,8,revisar
validation,V0069.jpg,test,T0077.jpg,8,revisar
validation,V0069.jpg,test,T0082.jpg,8,revisar
validation,V0069.jpg,test,T0095.jpg,8,revisar
validation,V0069.jpg,test,T0114.jpg,8,revisar
validation,V0069.jpg,test,T0118.jpg,8,revisar
validation,V0069.jpg,test,T0119.jpg,8,revisar
validation,V0069.jpg,test,T0125.jpg,8,revisar
validation,V0069.jpg,test,T0136.jpg,8,revisar
validation,V0069.jpg,test,T0138.jpg,8,revisar
validation,V0069.jpg,test,T0139.jpg,8,revisar
validation,V0069.jpg,test,T0151.jpg,8,revisar
validation,V0069.jpg,test,T0158.jpg,8,revisar
validation,V0069.jpg,test,T0159.jpg,8,revisar
validation,V0069.jpg,test,T0166.jpg,8,revisar
validation,V0069.jpg,test,T0169.jpg,8,revisar
validation,V0069.jpg,test,T0184.jpg,8,revisar
validation,V0069.jpg,test,T0190.jpg,8,revisar
validation,V0069.jpg,test,T0191.jpg,8,revisar
validation,V0069.jpg,test,T0193.jpg,8,revisar
validation,V0069.jpg,test,T0196.jpg,8,revisar
validation,V0069.jpg,test,T0213.jpg,8,revisar
validation,V0069.jpg,test,T0214.jpg,8,revisar
validation,V0069.jpg,test,T0225.jpg,8,revisar
validation,V0069.jpg,test,T0231.jpg,8,revisar
validation,V0069.jpg,test,T0244.jpg,8,revisar
validation,V0069.jpg,test,T0246.jpg,8,revisar
validation,V0069.jpg,test,T0262.jpg,8,revisar
validation,V0069.jpg,test,T0278.jpg,8,revisar
validation,V0069.jpg,test,T0294.jpg,8,revisar
validation,V0069.jpg,test,T0307.jpg,8,revisar
validation,V0069.jpg,test,T0325.jpg,8,revisar
validation,V0069.jpg,test,T0335.jpg,8,revisar
validation,V0069.jpg,test,T0336.jpg,8,revisar
validation,V0069.jpg,test,T0337.jpg,8,revisar
validation,V0069.jpg,test,T0338.jpg,8,revisar
validation,V0069.jpg,test,T0343.jpg,8,revisar
validation,V0069.jpg,test,T0345.jpg,8,revisar
validation,V0069.jpg,test,T0357.jpg,8,revisar
validation,V0069.jpg,test,T0374.jpg,8,revisar
validation,V0069.jpg,test,T0380.jpg,8,revisar
validation,V0069.jpg,test,T0382.jpg,8,revisar
validation,V0069.jpg,test,T0387.jpg,8,revisar
validation,V0069.jpg,test,T0393.jpg,8,revisar
validation,V0070.jpg,test,T0005.jpg,8,revisar
validation,V0070.jpg,test,T0020.jpg,8,revisar
validation,V0070.jpg,test,T0024.jpg,8,revisar
validation,V0070.jpg,test,T0034.jpg,8,revisar
validation,V0070.jpg,test,T0044.jpg,8,revisar
validation,V0070.jpg,test,T0046.jpg,8,revisar
validation,V0070.jpg,test,T0054.jpg,8,revisar
validation,V0070.jpg,test,T0073.jpg,8,revisar
validation,V0070.jpg,test,T0101.jpg,8,revisar
validation,V0070.jpg,test,T0114.jpg,8,revisar
validation,V0070.jpg,test,T0136.jpg,8,revisar
validation,V0070.jpg,test,T0138.jpg,8,revisar
validation,V0070.jpg,test,T0145.jpg,8,revisar
validation,V0070.jpg,test,T0153.jpg,8,revisar
validation,V0070.jpg,test,T0187.jpg,8,revisar
validation,V0070.jpg,test,T0201.jpg,8,revisar
validation,V0070.jpg,test,T0203.jpg,8,revisar
validation,V0070.jpg,test,T0219.jpg,8,revisar
validation,V0070.jpg,test,T0220.jpg,8,revisar
validation,V0070.jpg,test,T0221.jpg,8,revisar
validation,V0070.jpg,test,T0225.jpg,8,revisar
validation,V0070.jpg,test,T0231.jpg,8,revisar
validation,V0070.jpg,test,T0255.jpg,8,revisar
validation,V0070.jpg,test,T0278.jpg,8,revisar
validation,V0070.jpg,test,T0293.jpg,8,revisar
validation,V0070.jpg,test,T0294.jpg,8,revisar
validation,V0070.jpg,test,T0300.jpg,8,revisar
validation,V0070.jpg,test,T0311.jpg,8,revisar
validation,V0070.jpg,test,T0315.jpg,8,revisar
validation,V0070.jpg,test,T0328.jpg,8,revisar
validation,V0070.jpg,test,T0334.jpg,8,revisar
validation,V0070.jpg,test,T0347.jpg,8,revisar
validation,V0070.jpg,test,T0357.jpg,8,revisar
validation,V0070.jpg,test,T0374.jpg,8,revisar
validation,V0070.jpg,test,T0383.jpg,8,revisar
validation,V0070.jpg,test,T0390.jpg,8,revisar
validation,V0070.jpg,test,T0393.jpg,8,revisar
validation,V0070.jpg,test,T0398.jpg,8,revisar
validation,V0070.jpg,test,T0400.jpg,8,revisar
validation,V0071.jpg,test,T0009.jpg,8,revisar
validation,V0071.jpg,test,T0116.jpg,8,revisar
validation,V0071.jpg,test,T0177.jpg,8,revisar
validation,V0071.jpg,test,T0385.jpg,8,revisar
validation,V0073.jpg,test,T0001.jpg,8,revisar
validation,V0073.jpg,test,T0020.jpg,8,revisar
validation,V0073.jpg,test,T0064.jpg,8,revisar
validation,V0073.jpg,test,T0065.jpg,8,revisar
validation,V0073.jpg,test,T0077.jpg,8,revisar
validation,V0073.jpg,test,T0092.jpg,8,revisar
validation,V0073.jpg,test,T0112.jpg,8,revisar
validation,V0073.jpg,test,T0118.jpg,8,revisar
validation,V0073.jpg,test,T0154.jpg,8,revisar
validation,V0073.jpg,test,T0178.jpg,8,revisar
validation,V0073.jpg,test,T0187.jpg,8,revisar
validation,V0073.jpg,test,T0190.jpg,8,revisar
validation,V0073.jpg,test,T0196.jpg,8,revisar
validation,V0073.jpg,test,T0213.jpg,8,revisar
validation,V0073.jpg,test,T0216.jpg,8,revisar
validation,V0073.jpg,test,T0220.jpg,8,revisar
validation,V0073.jpg,test,T0260.jpg,8,revisar
validation,V0073.jpg,test,T0286.jpg,8,revisar
validation,V0073.jpg,test,T0293.jpg,8,revisar
validation,V0073.jpg,test,T0299.jpg,8,revisar
validation,V0073.jpg,test,T0313.jpg,8,revisar
validation,V0073.jpg,test,T0325.jpg,8,revisar
validation,V0073.jpg,test,T0337.jpg,8,revisar
validation,V0074.jpg,test,T0006.jpg,8,revisar
validation,V0074.jpg,test,T0016.jpg,8,revisar
validation,V0074.jpg,test,T0025.jpg,8,revisar
validation,V0074.jpg,test,T0027.jpg,8,revisar
validation,V0074.jpg,test,T0031.jpg,8,revisar
validation,V0074.jpg,test,T0033.jpg,8,revisar
validation,V0074.jpg,test,T0050.jpg,8,revisar
validation,V0074.jpg,test,T0063.jpg,8,revisar
validation,V0074.jpg,test,T0071.jpg,8,revisar
validation,V0074.jpg,test,T0076.jpg,8,revisar
validation,V0074.jpg,test,T0087.jpg,8,revisar
validation,V0074.jpg,test,T0115.jpg,8,revisar
validation,V0074.jpg,test,T0121.jpg,8,revisar
validation,V0074.jpg,test,T0151.jpg,8,revisar
validation,V0074.jpg,test,T0156.jpg,8,revisar
validation,V0074.jpg,test,T0173.jpg,8,revisar
validation,V0074.jpg,test,T0187.jpg,8,revisar
validation,V0074.jpg,test,T0196.jpg,8,revisar
validation,V0074.jpg,test,T0216.jpg,8,revisar
validation,V0074.jpg,test,T0219.jpg,8,revisar
validation,V0074.jpg,test,T0227.jpg,8,revisar
validation,V0074.jpg,test,T0228.jpg,8,revisar
validation,V0074.jpg,test,T0233.jpg,8,revisar
validation,V0074.jpg,test,T0259.jpg,8,revisar
validation,V0074.jpg,test,T0286.jpg,8,revisar
validation,V0074.jpg,test,T0287.jpg,8,revisar
validation,V0074.jpg,test,T0289.jpg,8,revisar
validation,V0074.jpg,test,T0307.jpg,8,revisar
validation,V0074.jpg,test,T0313.jpg,8,revisar
validation,V0074.jpg,test,T0325.jpg,8,revisar
validation,V0074.jpg,test,T0338.jpg,8,revisar
validation,V0074.jpg,test,T0342.jpg,8,revisar
validation,V0074.jpg,test,T0350.jpg,8,revisar
validation,V0074.jpg,test,T0367.jpg,8,revisar
validation,V0074.jpg,test,T0389.jpg,8,revisar
validation,V0075.jpg,test,T0001.jpg,8,revisar
validation,V0075.jpg,test,T0002.jpg,8,revisar
validation,V0075.jpg,test,T0005.jpg,8,revisar
validation,V0075.jpg,test,T0007.jpg,8,revisar
validation,V0075.jpg,test,T0008.jpg,8,revisar
validation,V0075.jpg,test,T0023.jpg,8,revisar
validation,V0075.jpg,test,T0032.jpg,8,revisar
validation,V0075.jpg,test,T0034.jpg,8,revisar
validation,V0075.jpg,test,T0044.jpg,8,revisar
validation,V0075.jpg,test,T0051.jpg,8,revisar
validation,V0075.jpg,test,T0054.jpg,8,revisar
validation,V0075.jpg,test,T0087.jpg,8,revisar
validation,V0075.jpg,test,T0088.jpg,8,revisar
validation,V0075.jpg,test,T0095.jpg,8,revisar
validation,V0075.jpg,test,T0111.jpg,8,revisar
validation,V0075.jpg,test,T0117.jpg,8,revisar
validation,V0075.jpg,test,T0119.jpg,8,revisar
validation,V0075.jpg,test,T0122.jpg,8,revisar
validation,V0075.jpg,test,T0139.jpg,8,revisar
validation,V0075.jpg,test,T0141.jpg,8,revisar
validation,V0075.jpg,test,T0154.jpg,8,revisar
validation,V0075.jpg,test,T0163.jpg,8,revisar
validation,V0075.jpg,test,T0171.jpg,8,revisar
validation,V0075.jpg,test,T0197.jpg,8,revisar
validation,V0075.jpg,test,T0201.jpg,8,revisar
validation,V0075.jpg,test,T0203.jpg,8,revisar
validation,V0075.jpg,test,T0205.jpg,8,revisar
validation,V0075.jpg,test,T0207.jpg,8,revisar
validation,V0075.jpg,test,T0217.jpg,8,revisar
validation,V0075.jpg,test,T0220.jpg,8,revisar
validation,V0075.jpg,test,T0223.jpg,8,revisar
validation,V0075.jpg,test,T0246.jpg,8,revisar
validation,V0075.jpg,test,T0251.jpg,8,revisar
validation,V0075.jpg,test,T0255.jpg,8,revisar
validation,V0075.jpg,test,T0286.jpg,8,revisar
validation,V0075.jpg,test,T0289.jpg,8,revisar
validation,V0075.jpg,test,T0293.jpg,8,revisar
validation,V0075.jpg,test,T0335.jpg,8,revisar
validation,V0075.jpg,test,T0374.jpg,8,revisar
validation,V0075.jpg,test,T0378.jpg,8,revisar
validation,V0075.jpg,test,T0392.jpg,8,revisar
validation,V0075.jpg,test,T0399.jpg,8,revisar
validation,V0075.jpg,test,T0400.jpg,8,revisar
validation,V0076.jpg,test,T0066.jpg,8,revisar
validation,V0076.jpg,test,T0079.jpg,8,revisar
validation,V0076.jpg,test,T0081.jpg,8,revisar
validation,V0076.jpg,test,T0083.jpg,8,revisar
validation,V0076.jpg,test,T0155.jpg,8,revisar
validation,V0076.jpg,test,T0202.jpg,8,revisar
validation,V0076.jpg,test,T0248.jpg,8,revisar
validation,V0076.jpg,test,T0359.jpg,8,revisar
validation,V0076.jpg,test,T0373.jpg,8,revisar
validation,V0077.jpg,test,T0055.jpg,8,revisar
validation,V0077.jpg,test,T0079.jpg,8,revisar
validation,V0077.jpg,test,T0202.jpg,8,revisar
validation,V0077.jpg,test,T0320.jpg,8,revisar
validation,V0078.jpg,test,T0001.jpg,8,revisar
validation,V0078.jpg,test,T0065.jpg,8,revisar
validation,V0078.jpg,test,T0075.jpg,8,revisar
validation,V0078.jpg,test,T0077.jpg,8,revisar
validation,V0078.jpg,test,T0088.jpg,8,revisar
validation,V0078.jpg,test,T0104.jpg,8,revisar
validation,V0078.jpg,test,T0115.jpg,8,revisar
validation,V0078.jpg,test,T0118.jpg,8,revisar
validation,V0078.jpg,test,T0125.jpg,8,revisar
validation,V0078.jpg,test,T0135.jpg,8,revisar
validation,V0078.jpg,test,T0154.jpg,8,revisar
validation,V0078.jpg,test,T0156.jpg,8,revisar
validation,V0078.jpg,test,T0173.jpg,8,revisar
validation,V0078.jpg,test,T0187.jpg,8,revisar
validation,V0078.jpg,test,T0196.jpg,8,revisar
validation,V0078.jpg,test,T0201.jpg,8,revisar
validation,V0078.jpg,test,T0214.jpg,8,revisar
validation,V0078.jpg,test,T0219.jpg,8,revisar
validation,V0078.jpg,test,T0222.jpg,8,revisar
validation,V0078.jpg,test,T0228.jpg,8,revisar
validation,V0078.jpg,test,T0260.jpg,8,revisar
validation,V0078.jpg,test,T0262.jpg,8,revisar
validation,V0078.jpg,test,T0269.jpg,8,revisar
validation,V0078.jpg,test,T0279.jpg,8,revisar
validation,V0078.jpg,test,T0289.jpg,8,revisar
validation,V0078.jpg,test,T0299.jpg,8,revisar
validation,V0078.jpg,test,T0316.jpg,8,revisar
validation,V0078.jpg,test,T0325.jpg,8,revisar
validation,V0078.jpg,test,T0337.jpg,8,revisar
validation,V0078.jpg,test,T0361.jpg,8,revisar
validation,V0078.jpg,test,T0365.jpg,8,revisar
validation,V0078.jpg,test,T0382.jpg,8,revisar
validation,V0079.jpg,test,T0006.jpg,8,revisar
validation,V0079.jpg,test,T0023.jpg,8,revisar
validation,V0079.jpg,test,T0069.jpg,8,revisar
validation,V0079.jpg,test,T0110.jpg,8,revisar
validation,V0079.jpg,test,T0153.jpg,8,revisar
validation,V0079.jpg,test,T0247.jpg,8,revisar
validation,V0079.jpg,test,T0312.jpg,8,revisar
validation,V0079.jpg,test,T0335.jpg,8,revisar
validation,V0080.jpg,test,T0007.jpg,8,revisar
validation,V0080.jpg,test,T0012.jpg,8,revisar
validation,V0080.jpg,test,T0019.jpg,8,revisar
validation,V0080.jpg,test,T0052.jpg,8,revisar
validation,V0080.jpg,test,T0075.jpg,8,revisar
validation,V0080.jpg,test,T0088.jpg,8,revisar
validation,V0080.jpg,test,T0096.jpg,8,revisar
validation,V0080.jpg,test,T0104.jpg,8,revisar
validation,V0080.jpg,test,T0109.jpg,8,revisar
validation,V0080.jpg,test,T0115.jpg,8,revisar
validation,V0080.jpg,test,T0119.jpg,8,revisar
validation,V0080.jpg,test,T0134.jpg,8,revisar
validation,V0080.jpg,test,T0154.jpg,8,revisar
validation,V0080.jpg,test,T0185.jpg,8,revisar
validation,V0080.jpg,test,T0196.jpg,8,revisar
validation,V0080.jpg,test,T0219.jpg,8,revisar
validation,V0080.jpg,test,T0220.jpg,8,revisar
validation,V0080.jpg,test,T0236.jpg,8,revisar
validation,V0080.jpg,test,T0241.jpg,8,revisar
validation,V0080.jpg,test,T0260.jpg,8,revisar
validation,V0080.jpg,test,T0286.jpg,8,revisar
validation,V0080.jpg,test,T0289.jpg,8,revisar
validation,V0080.jpg,test,T0292.jpg,8,revisar
validation,V0080.jpg,test,T0293.jpg,8,revisar
validation,V0080.jpg,test,T0317.jpg,8,revisar
validation,V0080.jpg,test,T0378.jpg,8,revisar
validation,V0080.jpg,test,T0382.jpg,8,revisar
validation,V0080.jpg,test,T0393.jpg,8,revisar
validation,V0080.jpg,test,T0394.jpg,8,revisar
validation,V0081.jpg,test,T0001.jpg,8,revisar
validation,V0081.jpg,test,T0006.jpg,8,revisar
validation,V0081.jpg,test,T0017.jpg,8,revisar
validation,V0081.jpg,test,T0018.jpg,8,revisar
validation,V0081.jpg,test,T0021.jpg,8,revisar
validation,V0081.jpg,test,T0033.jpg,8,revisar
validation,V0081.jpg,test,T0041.jpg,8,revisar
validation,V0081.jpg,test,T0043.jpg,8,revisar
validation,V0081.jpg,test,T0045.jpg,8,revisar
validation,V0081.jpg,test,T0053.jpg,8,revisar
validation,V0081.jpg,test,T0078.jpg,8,revisar
validation,V0081.jpg,test,T0088.jpg,8,revisar
validation,V0081.jpg,test,T0095.jpg,8,revisar
validation,V0081.jpg,test,T0135.jpg,8,revisar
validation,V0081.jpg,test,T0147.jpg,8,revisar
validation,V0081.jpg,test,T0151.jpg,8,revisar
validation,V0081.jpg,test,T0154.jpg,8,revisar
validation,V0081.jpg,test,T0167.jpg,8,revisar
validation,V0081.jpg,test,T0173.jpg,8,revisar
validation,V0081.jpg,test,T0187.jpg,8,revisar
validation,V0081.jpg,test,T0196.jpg,8,revisar
validation,V0081.jpg,test,T0206.jpg,8,revisar
validation,V0081.jpg,test,T0215.jpg,8,revisar
validation,V0081.jpg,test,T0220.jpg,8,revisar
validation,V0081.jpg,test,T0224.jpg,8,revisar
validation,V0081.jpg,test,T0233.jpg,8,revisar
validation,V0081.jpg,test,T0244.jpg,8,revisar
validation,V0081.jpg,test,T0251.jpg,8,revisar
validation,V0081.jpg,test,T0259.jpg,8,revisar
validation,V0081.jpg,test,T0260.jpg,8,revisar
validation,V0081.jpg,test,T0279.jpg,8,revisar
validation,V0081.jpg,test,T0286.jpg,8,revisar
validation,V0081.jpg,test,T0293.jpg,8,revisar
validation,V0081.jpg,test,T0317.jpg,8,revisar
validation,V0081.jpg,test,T0335.jpg,8,revisar
validation,V0081.jpg,test,T0338.jpg,8,revisar
validation,V0081.jpg,test,T0351.jpg,8,revisar
validation,V0081.jpg,test,T0354.jpg,8,revisar
validation,V0081.jpg,test,T0361.jpg,8,revisar
validation,V0081.jpg,test,T0363.jpg,8,revisar
validation,V0081.jpg,test,T0378.jpg,8,revisar
validation,V0082.jpg,test,T0021.jpg,8,revisar
validation,V0082.jpg,test,T0025.jpg,8,revisar
validation,V0082.jpg,test,T0035.jpg,8,revisar
validation,V0082.jpg,test,T0050.jpg,8,revisar
validation,V0082.jpg,test,T0052.jpg,8,revisar
validation,V0082.jpg,test,T0053.jpg,8,revisar
validation,V0082.jpg,test,T0063.jpg,8,revisar
validation,V0082.jpg,test,T0076.jpg,8,revisar
validation,V0082.jpg,test,T0084.jpg,8,revisar
validation,V0082.jpg,test,T0088.jpg,8,revisar
validation,V0082.jpg,test,T0107.jpg,8,revisar
validation,V0082.jpg,test,T0121.jpg,8,revisar
validation,V0082.jpg,test,T0125.jpg,8,revisar
validation,V0082.jpg,test,T0135.jpg,8,revisar
validation,V0082.jpg,test,T0151.jpg,8,revisar
validation,V0082.jpg,test,T0167.jpg,8,revisar
validation,V0082.jpg,test,T0169.jpg,8,revisar
validation,V0082.jpg,test,T0236.jpg,8,revisar
validation,V0082.jpg,test,T0244.jpg,8,revisar
validation,V0082.jpg,test,T0289.jpg,8,revisar
validation,V0082.jpg,test,T0307.jpg,8,revisar
validation,V0082.jpg,test,T0311.jpg,8,revisar
validation,V0082.jpg,test,T0318.jpg,8,revisar
validation,V0082.jpg,test,T0335.jpg,8,revisar
validation,V0082.jpg,test,T0336.jpg,8,revisar
validation,V0082.jpg,test,T0337.jpg,8,revisar
validation,V0082.jpg,test,T0357.jpg,8,revisar
validation,V0082.jpg,test,T0363.jpg,8,revisar
validation,V0082.jpg,test,T0389.jpg,8,revisar
validation,V0082.jpg,test,T0390.jpg,8,revisar
validation,V0083.jpg,test,T0001.jpg,8,revisar
validation,V0083.jpg,test,T0017.jpg,8,revisar
validation,V0083.jpg,test,T0020.jpg,8,revisar
validation,V0083.jpg,test,T0023.jpg,8,revisar
validation,V0083.jpg,test,T0034.jpg,8,revisar
validation,V0083.jpg,test,T0041.jpg,8,revisar
validation,V0083.jpg,test,T0042.jpg,8,revisar
validation,V0083.jpg,test,T0051.jpg,8,revisar
validation,V0083.jpg,test,T0052.jpg,8,revisar
validation,V0083.jpg,test,T0053.jpg,8,revisar
validation,V0083.jpg,test,T0073.jpg,8,revisar
validation,V0083.jpg,test,T0076.jpg,8,revisar
validation,V0083.jpg,test,T0082.jpg,8,revisar
validation,V0083.jpg,test,T0087.jpg,8,revisar
validation,V0083.jpg,test,T0092.jpg,8,revisar
validation,V0083.jpg,test,T0101.jpg,8,revisar
validation,V0083.jpg,test,T0115.jpg,8,revisar
validation,V0083.jpg,test,T0118.jpg,8,revisar
validation,V0083.jpg,test,T0120.jpg,8,revisar
validation,V0083.jpg,test,T0130.jpg,8,revisar
validation,V0083.jpg,test,T0139.jpg,8,revisar
validation,V0083.jpg,test,T0142.jpg,8,revisar
validation,V0083.jpg,test,T0151.jpg,8,revisar
validation,V0083.jpg,test,T0154.jpg,8,revisar
validation,V0083.jpg,test,T0156.jpg,8,revisar
validation,V0083.jpg,test,T0171.jpg,8,revisar
validation,V0083.jpg,test,T0191.jpg,8,revisar
validation,V0083.jpg,test,T0201.jpg,8,revisar
validation,V0083.jpg,test,T0214.jpg,8,revisar
validation,V0083.jpg,test,T0220.jpg,8,revisar
validation,V0083.jpg,test,T0221.jpg,8,revisar
validation,V0083.jpg,test,T0223.jpg,8,revisar
validation,V0083.jpg,test,T0236.jpg,8,revisar
validation,V0083.jpg,test,T0244.jpg,8,revisar
validation,V0083.jpg,test,T0250.jpg,8,revisar
validation,V0083.jpg,test,T0260.jpg,8,revisar
validation,V0083.jpg,test,T0265.jpg,8,revisar
validation,V0083.jpg,test,T0286.jpg,8,revisar
validation,V0083.jpg,test,T0293.jpg,8,revisar
validation,V0083.jpg,test,T0294.jpg,8,revisar
validation,V0083.jpg,test,T0299.jpg,8,revisar
validation,V0083.jpg,test,T0311.jpg,8,revisar
validation,V0083.jpg,test,T0312.jpg,8,revisar
validation,V0083.jpg,test,T0313.jpg,8,revisar
validation,V0083.jpg,test,T0317.jpg,8,revisar
validation,V0083.jpg,test,T0319.jpg,8,revisar
validation,V0083.jpg,test,T0329.jpg,8,revisar
validation,V0083.jpg,test,T0337.jpg,8,revisar
validation,V0083.jpg,test,T0340.jpg,8,revisar
validation,V0083.jpg,test,T0345.jpg,8,revisar
validation,V0083.jpg,test,T0350.jpg,8,revisar
validation,V0083.jpg,test,T0361.jpg,8,revisar
validation,V0083.jpg,test,T0364.jpg,8,revisar
validation,V0083.jpg,test,T0368.jpg,8,revisar
validation,V0083.jpg,test,T0374.jpg,8,revisar
validation,V0083.jpg,test,T0378.jpg,8,revisar
validation,V0083.jpg,test,T0380.jpg,8,revisar
validation,V0084.jpg,test,T0213.jpg,8,revisar
validation,V0084.jpg,test,T0268.jpg,8,revisar
validation,V0085.jpg,test,T0002.jpg,8,revisar
validation,V0085.jpg,test,T0003.jpg,8,revisar
validation,V0085.jpg,test,T0008.jpg,8,revisar
validation,V0085.jpg,test,T0021.jpg,8,revisar
validation,V0085.jpg,test,T0028.jpg,8,revisar
validation,V0085.jpg,test,T0032.jpg,8,revisar
validation,V0085.jpg,test,T0034.jpg,8,revisar
validation,V0085.jpg,test,T0044.jpg,8,revisar
validation,V0085.jpg,test,T0051.jpg,8,revisar
validation,V0085.jpg,test,T0064.jpg,8,revisar
validation,V0085.jpg,test,T0087.jpg,8,revisar
validation,V0085.jpg,test,T0092.jpg,8,revisar
validation,V0085.jpg,test,T0095.jpg,8,revisar
validation,V0085.jpg,test,T0110.jpg,8,revisar
validation,V0085.jpg,test,T0111.jpg,8,revisar
validation,V0085.jpg,test,T0122.jpg,8,revisar
validation,V0085.jpg,test,T0125.jpg,8,revisar
validation,V0085.jpg,test,T0136.jpg,8,revisar
validation,V0085.jpg,test,T0139.jpg,8,revisar
validation,V0085.jpg,test,T0141.jpg,8,revisar
validation,V0085.jpg,test,T0153.jpg,8,revisar
validation,V0085.jpg,test,T0163.jpg,8,revisar
validation,V0085.jpg,test,T0171.jpg,8,revisar
validation,V0085.jpg,test,T0190.jpg,8,revisar
validation,V0085.jpg,test,T0203.jpg,8,revisar
validation,V0085.jpg,test,T0205.jpg,8,revisar
validation,V0085.jpg,test,T0214.jpg,8,revisar
validation,V0085.jpg,test,T0216.jpg,8,revisar
validation,V0085.jpg,test,T0217.jpg,8,revisar
validation,V0085.jpg,test,T0220.jpg,8,revisar
validation,V0085.jpg,test,T0223.jpg,8,revisar
validation,V0085.jpg,test,T0225.jpg,8,revisar
validation,V0085.jpg,test,T0246.jpg,8,revisar
validation,V0085.jpg,test,T0251.jpg,8,revisar
validation,V0085.jpg,test,T0260.jpg,8,revisar
validation,V0085.jpg,test,T0265.jpg,8,revisar
validation,V0085.jpg,test,T0278.jpg,8,revisar
validation,V0085.jpg,test,T0289.jpg,8,revisar
validation,V0085.jpg,test,T0293.jpg,8,revisar
validation,V0085.jpg,test,T0298.jpg,8,revisar
validation,V0085.jpg,test,T0309.jpg,8,revisar
validation,V0085.jpg,test,T0314.jpg,8,revisar
validation,V0085.jpg,test,T0335.jpg,8,revisar
validation,V0085.jpg,test,T0341.jpg,8,revisar
validation,V0085.jpg,test,T0348.jpg,8,revisar
validation,V0085.jpg,test,T0350.jpg,8,revisar
validation,V0085.jpg,test,T0355.jpg,8,revisar
validation,V0085.jpg,test,T0357.jpg,8,revisar
validation,V0085.jpg,test,T0364.jpg,8,revisar
validation,V0085.jpg,test,T0368.jpg,8,revisar
validation,V0085.jpg,test,T0369.jpg,8,revisar
validation,V0085.jpg,test,T0378.jpg,8,revisar
validation,V0085.jpg,test,T0392.jpg,8,revisar
validation,V0085.jpg,test,T0393.jpg,8,revisar
validation,V0085.jpg,test,T0399.jpg,8,revisar
validation,V0085.jpg,test,T0400.jpg,8,revisar
validation,V0086.jpg,test,T0100.jpg,8,revisar
validation,V0086.jpg,test,T0245.jpg,8,revisar
validation,V0086.jpg,test,T0389.jpg,8,revisar
validation,V0086.jpg,test,T0394.jpg,8,revisar
validation,V0087.jpg,test,T0001.jpg,8,revisar
validation,V0087.jpg,test,T0005.jpg,8,revisar
validation,V0087.jpg,test,T0007.jpg,8,revisar
validation,V0087.jpg,test,T0008.jpg,8,revisar
validation,V0087.jpg,test,T0010.jpg,8,revisar
validation,V0087.jpg,test,T0023.jpg,8,revisar
validation,V0087.jpg,test,T0042.jpg,8,revisar
validation,V0087.jpg,test,T0046.jpg,8,revisar
validation,V0087.jpg,test,T0054.jpg,8,revisar
validation,V0087.jpg,test,T0072.jpg,8,revisar
validation,V0087.jpg,test,T0073.jpg,8,revisar
validation,V0087.jpg,test,T0074.jpg,8,revisar
validation,V0087.jpg,test,T0080.jpg,8,revisar
validation,V0087.jpg,test,T0098.jpg,8,revisar
validation,V0087.jpg,test,T0099.jpg,8,revisar
validation,V0087.jpg,test,T0101.jpg,8,revisar
validation,V0087.jpg,test,T0113.jpg,8,revisar
validation,V0087.jpg,test,T0130.jpg,8,revisar
validation,V0087.jpg,test,T0136.jpg,8,revisar
validation,V0087.jpg,test,T0154.jpg,8,revisar
validation,V0087.jpg,test,T0168.jpg,8,revisar
validation,V0087.jpg,test,T0201.jpg,8,revisar
validation,V0087.jpg,test,T0205.jpg,8,revisar
validation,V0087.jpg,test,T0225.jpg,8,revisar
validation,V0087.jpg,test,T0239.jpg,8,revisar
validation,V0087.jpg,test,T0247.jpg,8,revisar
validation,V0087.jpg,test,T0254.jpg,8,revisar
validation,V0087.jpg,test,T0292.jpg,8,revisar
validation,V0087.jpg,test,T0294.jpg,8,revisar
validation,V0087.jpg,test,T0350.jpg,8,revisar
validation,V0088.jpg,test,T0018.jpg,8,revisar
validation,V0088.jpg,test,T0033.jpg,8,revisar
validation,V0088.jpg,test,T0043.jpg,8,revisar
validation,V0088.jpg,test,T0045.jpg,8,revisar
validation,V0088.jpg,test,T0076.jpg,8,revisar
validation,V0088.jpg,test,T0077.jpg,8,revisar
validation,V0088.jpg,test,T0082.jpg,8,revisar
validation,V0088.jpg,test,T0090.jpg,8,revisar
validation,V0088.jpg,test,T0092.jpg,8,revisar
validation,V0088.jpg,test,T0104.jpg,8,revisar
validation,V0088.jpg,test,T0134.jpg,8,revisar
validation,V0088.jpg,test,T0138.jpg,8,revisar
validation,V0088.jpg,test,T0159.jpg,8,revisar
validation,V0088.jpg,test,T0169.jpg,8,revisar
validation,V0088.jpg,test,T0171.jpg,8,revisar
validation,V0088.jpg,test,T0187.jpg,8,revisar
validation,V0088.jpg,test,T0262.jpg,8,revisar
validation,V0088.jpg,test,T0286.jpg,8,revisar
validation,V0088.jpg,test,T0329.jpg,8,revisar
validation,V0088.jpg,test,T0336.jpg,8,revisar
validation,V0088.jpg,test,T0364.jpg,8,revisar
validation,V0088.jpg,test,T0365.jpg,8,revisar
validation,V0088.jpg,test,T0368.jpg,8,revisar
validation,V0088.jpg,test,T0374.jpg,8,revisar
validation,V0088.jpg,test,T0378.jpg,8,revisar
validation,V0088.jpg,test,T0380.jpg,8,revisar
validation,V0088.jpg,test,T0390.jpg,8,revisar
validation,V0088.jpg,test,T0392.jpg,8,revisar
validation,V0088.jpg,test,T0393.jpg,8,revisar
validation,V0089.jpg,test,T0010.jpg,8,revisar
validation,V0089.jpg,test,T0117.jpg,8,revisar
validation,V0089.jpg,test,T0122.jpg,8,revisar
validation,V0089.jpg,test,T0145.jpg,8,revisar
validation,V0089.jpg,test,T0196.jpg,8,revisar
validation,V0089.jpg,test,T0219.jpg,8,revisar
validation,V0089.jpg,test,T0225.jpg,8,revisar
validation,V0089.jpg,test,T0228.jpg,8,revisar
validation,V0089.jpg,test,T0232.jpg,8,revisar
validation,V0089.jpg,test,T0279.jpg,8,revisar
validation,V0089.jpg,test,T0300.jpg,8,revisar
validation,V0089.jpg,test,T0310.jpg,8,revisar
validation,V0089.jpg,test,T0331.jpg,8,revisar
validation,V0089.jpg,test,T0363.jpg,8,revisar
validation,V0089.jpg,test,T0389.jpg,8,revisar
validation,V0090.jpg,test,T0011.jpg,8,revisar
validation,V0090.jpg,test,T0032.jpg,8,revisar
validation,V0090.jpg,test,T0090.jpg,8,revisar
validation,V0090.jpg,test,T0147.jpg,8,revisar
validation,V0090.jpg,test,T0171.jpg,8,revisar
validation,V0090.jpg,test,T0224.jpg,8,revisar
validation,V0090.jpg,test,T0246.jpg,8,revisar
validation,V0090.jpg,test,T0265.jpg,8,revisar
validation,V0090.jpg,test,T0269.jpg,8,revisar
validation,V0090.jpg,test,T0333.jpg,8,revisar
validation,V0090.jpg,test,T0387.jpg,8,revisar
validation,V0090.jpg,test,T0391.jpg,8,revisar
validation,V0091.jpg,test,T0028.jpg,8,revisar
validation,V0091.jpg,test,T0029.jpg,8,revisar
validation,V0091.jpg,test,T0031.jpg,8,revisar
validation,V0091.jpg,test,T0033.jpg,8,revisar
validation,V0091.jpg,test,T0082.jpg,8,revisar
validation,V0091.jpg,test,T0088.jpg,8,revisar
validation,V0091.jpg,test,T0095.jpg,8,revisar
validation,V0091.jpg,test,T0104.jpg,8,revisar
validation,V0091.jpg,test,T0121.jpg,8,revisar
validation,V0091.jpg,test,T0135.jpg,8,revisar
validation,V0091.jpg,test,T0154.jpg,8,revisar
validation,V0091.jpg,test,T0173.jpg,8,revisar
validation,V0091.jpg,test,T0219.jpg,8,revisar
validation,V0091.jpg,test,T0220.jpg,8,revisar
validation,V0091.jpg,test,T0228.jpg,8,revisar
validation,V0091.jpg,test,T0244.jpg,8,revisar
validation,V0091.jpg,test,T0245.jpg,8,revisar
validation,V0091.jpg,test,T0259.jpg,8,revisar
validation,V0091.jpg,test,T0260.jpg,8,revisar
validation,V0091.jpg,test,T0267.jpg,8,revisar
validation,V0091.jpg,test,T0269.jpg,8,revisar
validation,V0091.jpg,test,T0283.jpg,8,revisar
validation,V0091.jpg,test,T0287.jpg,8,revisar
validation,V0091.jpg,test,T0293.jpg,8,revisar
validation,V0091.jpg,test,T0307.jpg,8,revisar
validation,V0091.jpg,test,T0312.jpg,8,revisar
validation,V0091.jpg,test,T0317.jpg,8,revisar
validation,V0091.jpg,test,T0335.jpg,8,revisar
validation,V0091.jpg,test,T0338.jpg,8,revisar
validation,V0091.jpg,test,T0367.jpg,8,revisar
validation,V0091.jpg,test,T0390.jpg,8,revisar
validation,V0092.jpg,test,T0055.jpg,8,revisar
validation,V0092.jpg,test,T0081.jpg,8,revisar
validation,V0092.jpg,test,T0291.jpg,8,revisar
validation,V0092.jpg,test,T0295.jpg,8,revisar
validation,V0092.jpg,test,T0320.jpg,8,revisar
validation,V0092.jpg,test,T0321.jpg,8,revisar
validation,V0092.jpg,test,T0324.jpg,8,revisar
validation,V0092.jpg,test,T0359.jpg,8,revisar
validation,V0093.jpg,test,T0001.jpg,8,revisar
validation,V0093.jpg,test,T0004.jpg,8,revisar
validation,V0093.jpg,test,T0018.jpg,8,revisar
validation,V0093.jpg,test,T0019.jpg,8,revisar
validation,V0093.jpg,test,T0029.jpg,8,revisar
validation,V0093.jpg,test,T0041.jpg,8,revisar
validation,V0093.jpg,test,T0048.jpg,8,revisar
validation,V0093.jpg,test,T0082.jpg,8,revisar
validation,V0093.jpg,test,T0087.jpg,8,revisar
validation,V0093.jpg,test,T0088.jpg,8,revisar
validation,V0093.jpg,test,T0092.jpg,8,revisar
validation,V0093.jpg,test,T0104.jpg,8,revisar
validation,V0093.jpg,test,T0135.jpg,8,revisar
validation,V0093.jpg,test,T0138.jpg,8,revisar
validation,V0093.jpg,test,T0139.jpg,8,revisar
validation,V0093.jpg,test,T0151.jpg,8,revisar
validation,V0093.jpg,test,T0167.jpg,8,revisar
validation,V0093.jpg,test,T0171.jpg,8,revisar
validation,V0093.jpg,test,T0187.jpg,8,revisar
validation,V0093.jpg,test,T0191.jpg,8,revisar
validation,V0093.jpg,test,T0201.jpg,8,revisar
validation,V0093.jpg,test,T0206.jpg,8,revisar
validation,V0093.jpg,test,T0220.jpg,8,revisar
validation,V0093.jpg,test,T0233.jpg,8,revisar
validation,V0093.jpg,test,T0259.jpg,8,revisar
validation,V0093.jpg,test,T0267.jpg,8,revisar
validation,V0093.jpg,test,T0269.jpg,8,revisar
validation,V0093.jpg,test,T0286.jpg,8,revisar
validation,V0093.jpg,test,T0287.jpg,8,revisar
validation,V0093.jpg,test,T0292.jpg,8,revisar
validation,V0093.jpg,test,T0293.jpg,8,revisar
validation,V0093.jpg,test,T0299.jpg,8,revisar
validation,V0093.jpg,test,T0312.jpg,8,revisar
validation,V0093.jpg,test,T0317.jpg,8,revisar
validation,V0093.jpg,test,T0335.jpg,8,revisar
validation,V0093.jpg,test,T0338.jpg,8,revisar
validation,V0093.jpg,test,T0350.jpg,8,revisar
validation,V0093.jpg,test,T0357.jpg,8,revisar
validation,V0093.jpg,test,T0361.jpg,8,revisar
validation,V0093.jpg,test,T0363.jpg,8,revisar
validation,V0093.jpg,test,T0378.jpg,8,revisar
validation,V0093.jpg,test,T0380.jpg,8,revisar
validation,V0094.jpg,test,T0003.jpg,8,revisar
validation,V0094.jpg,test,T0005.jpg,8,revisar
validation,V0094.jpg,test,T0051.jpg,8,revisar
validation,V0094.jpg,test,T0087.jpg,8,revisar
validation,V0094.jpg,test,T0088.jpg,8,revisar
validation,V0094.jpg,test,T0099.jpg,8,revisar
validation,V0094.jpg,test,T0113.jpg,8,revisar
validation,V0094.jpg,test,T0135.jpg,8,revisar
validation,V0094.jpg,test,T0136.jpg,8,revisar
validation,V0094.jpg,test,T0153.jpg,8,revisar
validation,V0094.jpg,test,T0157.jpg,8,revisar
validation,V0094.jpg,test,T0158.jpg,8,revisar
validation,V0094.jpg,test,T0205.jpg,8,revisar
validation,V0094.jpg,test,T0213.jpg,8,revisar
validation,V0094.jpg,test,T0214.jpg,8,revisar
validation,V0094.jpg,test,T0221.jpg,8,revisar
validation,V0094.jpg,test,T0225.jpg,8,revisar
validation,V0094.jpg,test,T0265.jpg,8,revisar
validation,V0094.jpg,test,T0289.jpg,8,revisar
validation,V0094.jpg,test,T0294.jpg,8,revisar
validation,V0094.jpg,test,T0300.jpg,8,revisar
validation,V0094.jpg,test,T0331.jpg,8,revisar
validation,V0094.jpg,test,T0335.jpg,8,revisar
validation,V0094.jpg,test,T0345.jpg,8,revisar
validation,V0094.jpg,test,T0368.jpg,8,revisar
validation,V0094.jpg,test,T0399.jpg,8,revisar
validation,V0095.jpg,test,T0055.jpg,8,revisar
validation,V0095.jpg,test,T0066.jpg,8,revisar
validation,V0095.jpg,test,T0079.jpg,8,revisar
validation,V0095.jpg,test,T0202.jpg,8,revisar
validation,V0095.jpg,test,T0320.jpg,8,revisar
validation,V0095.jpg,test,T0362.jpg,8,revisar
validation,V0096.jpg,test,T0001.jpg,8,revisar
validation,V0096.jpg,test,T0033.jpg,8,revisar
validation,V0096.jpg,test,T0035.jpg,8,revisar
validation,V0096.jpg,test,T0051.jpg,8,revisar
validation,V0096.jpg,test,T0075.jpg,8,revisar
validation,V0096.jpg,test,T0087.jpg,8,revisar
validation,V0096.jpg,test,T0092.jpg,8,revisar
validation,V0096.jpg,test,T0099.jpg,8,revisar
validation,V0096.jpg,test,T0107.jpg,8,revisar
validation,V0096.jpg,test,T0130.jpg,8,revisar
validation,V0096.jpg,test,T0134.jpg,8,revisar
validation,V0096.jpg,test,T0154.jpg,8,revisar
validation,V0096.jpg,test,T0163.jpg,8,revisar
validation,V0096.jpg,test,T0166.jpg,8,revisar
validation,V0096.jpg,test,T0190.jpg,8,revisar
validation,V0096.jpg,test,T0191.jpg,8,revisar
validation,V0096.jpg,test,T0201.jpg,8,revisar
validation,V0096.jpg,test,T0250.jpg,8,revisar
validation,V0096.jpg,test,T0253.jpg,8,revisar
validation,V0096.jpg,test,T0260.jpg,8,revisar
validation,V0096.jpg,test,T0289.jpg,8,revisar
validation,V0096.jpg,test,T0319.jpg,8,revisar
validation,V0096.jpg,test,T0340.jpg,8,revisar
validation,V0096.jpg,test,T0342.jpg,8,revisar
validation,V0096.jpg,test,T0345.jpg,8,revisar
validation,V0096.jpg,test,T0365.jpg,8,revisar
validation,V0097.jpg,test,T0007.jpg,8,revisar
validation,V0097.jpg,test,T0036.jpg,8,revisar
validation,V0097.jpg,test,T0045.jpg,8,revisar
validation,V0097.jpg,test,T0061.jpg,8,revisar
validation,V0097.jpg,test,T0112.jpg,8,revisar
validation,V0097.jpg,test,T0119.jpg,8,revisar
validation,V0097.jpg,test,T0171.jpg,8,revisar
validation,V0097.jpg,test,T0203.jpg,8,revisar
validation,V0097.jpg,test,T0220.jpg,8,revisar
validation,V0097.jpg,test,T0270.jpg,8,revisar
validation,V0097.jpg,test,T0293.jpg,8,revisar
validation,V0097.jpg,test,T0299.jpg,8,revisar
validation,V0097.jpg,test,T0302.jpg,8,revisar
validation,V0097.jpg,test,T0317.jpg,8,revisar
validation,V0098.jpg,test,T0010.jpg,8,revisar
validation,V0098.jpg,test,T0020.jpg,8,revisar
validation,V0098.jpg,test,T0021.jpg,8,revisar
validation,V0098.jpg,test,T0048.jpg,8,revisar
validation,V0098.jpg,test,T0054.jpg,8,revisar
validation,V0098.jpg,test,T0075.jpg,8,revisar
validation,V0098.jpg,test,T0077.jpg,8,revisar
validation,V0098.jpg,test,T0088.jpg,8,revisar
validation,V0098.jpg,test,T0092.jpg,8,revisar
validation,V0098.jpg,test,T0095.jpg,8,revisar
validation,V0098.jpg,test,T0125.jpg,8,revisar
validation,V0098.jpg,test,T0138.jpg,8,revisar
validation,V0098.jpg,test,T0169.jpg,8,revisar
validation,V0098.jpg,test,T0171.jpg,8,revisar
validation,V0098.jpg,test,T0178.jpg,8,revisar
validation,V0098.jpg,test,T0190.jpg,8,revisar
validation,V0098.jpg,test,T0223.jpg,8,revisar
validation,V0098.jpg,test,T0225.jpg,8,revisar
validation,V0098.jpg,test,T0228.jpg,8,revisar
validation,V0098.jpg,test,T0251.jpg,8,revisar
validation,V0098.jpg,test,T0260.jpg,8,revisar
validation,V0098.jpg,test,T0275.jpg,8,revisar
validation,V0098.jpg,test,T0285.jpg,8,revisar
validation,V0098.jpg,test,T0294.jpg,8,revisar
validation,V0098.jpg,test,T0310.jpg,8,revisar
validation,V0098.jpg,test,T0312.jpg,8,revisar
validation,V0098.jpg,test,T0331.jpg,8,revisar
validation,V0098.jpg,test,T0346.jpg,8,revisar
validation,V0098.jpg,test,T0355.jpg,8,revisar
validation,V0098.jpg,test,T0382.jpg,8,revisar
validation,V0098.jpg,test,T0398.jpg,8,revisar
validation,V0099.jpg,test,T0001.jpg,8,revisar
validation,V0099.jpg,test,T0021.jpg,8,revisar
validation,V0099.jpg,test,T0048.jpg,8,revisar
validation,V0099.jpg,test,T0061.jpg,8,revisar
validation,V0099.jpg,test,T0075.jpg,8,revisar
validation,V0099.jpg,test,T0076.jpg,8,revisar
validation,V0099.jpg,test,T0077.jpg,8,revisar
validation,V0099.jpg,test,T0118.jpg,8,revisar
validation,V0099.jpg,test,T0129.jpg,8,revisar
validation,V0099.jpg,test,T0134.jpg,8,revisar
validation,V0099.jpg,test,T0154.jpg,8,revisar
validation,V0099.jpg,test,T0169.jpg,8,revisar
validation,V0099.jpg,test,T0190.jpg,8,revisar
validation,V0099.jpg,test,T0196.jpg,8,revisar
validation,V0099.jpg,test,T0201.jpg,8,revisar
validation,V0099.jpg,test,T0215.jpg,8,revisar
validation,V0099.jpg,test,T0230.jpg,8,revisar
validation,V0099.jpg,test,T0244.jpg,8,revisar
validation,V0099.jpg,test,T0247.jpg,8,revisar
validation,V0099.jpg,test,T0260.jpg,8,revisar
validation,V0099.jpg,test,T0307.jpg,8,revisar
validation,V0099.jpg,test,T0310.jpg,8,revisar
validation,V0099.jpg,test,T0316.jpg,8,revisar
validation,V0099.jpg,test,T0325.jpg,8,revisar
validation,V0099.jpg,test,T0346.jpg,8,revisar
validation,V0099.jpg,test,T0350.jpg,8,revisar
validation,V0099.jpg,test,T0361.jpg,8,revisar
validation,V0099.jpg,test,T0390.jpg,8,revisar
validation,V0099.jpg,test,T0392.jpg,8,revisar
validation,V0100.jpg,test,T0016.jpg,8,revisar
validation,V0100.jpg,test,T0017.jpg,8,revisar
validation,V0100.jpg,test,T0022.jpg,8,revisar
validation,V0100.jpg,test,T0040.jpg,8,revisar
validation,V0100.jpg,test,T0048.jpg,8,revisar
validation,V0100.jpg,test,T0075.jpg,8,revisar
validation,V0100.jpg,test,T0121.jpg,8,revisar
validation,V0100.jpg,test,T0167.jpg,8,revisar
validation,V0100.jpg,test,T0182.jpg,8,revisar
validation,V0100.jpg,test,T0198.jpg,8,revisar
validation,V0100.jpg,test,T0259.jpg,8,revisar
validation,V0100.jpg,test,T0282.jpg,8,revisar
validation,V0100.jpg,test,T0306.jpg,8,revisar
validation,V0100.jpg,test,T0336.jpg,8,revisar
validation,V0101.jpg,test,T0047.jpg,8,revisar
validation,V0101.jpg,test,T0079.jpg,8,revisar
validation,V0101.jpg,test,T0132.jpg,8,revisar
validation,V0101.jpg,test,T0143.jpg,8,revisar
validation,V0101.jpg,test,T0218.jpg,8,revisar
validation,V0101.jpg,test,T0296.jpg,8,revisar
validation,V0101.jpg,test,T0362.jpg,8,revisar
validation,V0102.jpg,test,T0016.jpg,8,revisar
validation,V0102.jpg,test,T0025.jpg,8,revisar
validation,V0102.jpg,test,T0031.jpg,8,revisar
validation,V0102.jpg,test,T0048.jpg,8,revisar
validation,V0102.jpg,test,T0053.jpg,8,revisar
validation,V0102.jpg,test,T0063.jpg,8,revisar
validation,V0102.jpg,test,T0076.jpg,8,revisar
validation,V0102.jpg,test,T0077.jpg,8,revisar
validation,V0102.jpg,test,T0078.jpg,8,revisar
validation,V0102.jpg,test,T0107.jpg,8,revisar
validation,V0102.jpg,test,T0109.jpg,8,revisar
validation,V0102.jpg,test,T0118.jpg,8,revisar
validation,V0102.jpg,test,T0121.jpg,8,revisar
validation,V0102.jpg,test,T0134.jpg,8,revisar
validation,V0102.jpg,test,T0154.jpg,8,revisar
validation,V0102.jpg,test,T0157.jpg,8,revisar
validation,V0102.jpg,test,T0169.jpg,8,revisar
validation,V0102.jpg,test,T0173.jpg,8,revisar
validation,V0102.jpg,test,T0206.jpg,8,revisar
validation,V0102.jpg,test,T0212.jpg,8,revisar
validation,V0102.jpg,test,T0232.jpg,8,revisar
validation,V0102.jpg,test,T0236.jpg,8,revisar
validation,V0102.jpg,test,T0259.jpg,8,revisar
validation,V0102.jpg,test,T0262.jpg,8,revisar
validation,V0102.jpg,test,T0287.jpg,8,revisar
validation,V0102.jpg,test,T0336.jpg,8,revisar
validation,V0102.jpg,test,T0337.jpg,8,revisar
validation,V0102.jpg,test,T0342.jpg,8,revisar
validation,V0102.jpg,test,T0365.jpg,8,revisar
validation,V0102.jpg,test,T0367.jpg,8,revisar
validation,V0102.jpg,test,T0389.jpg,8,revisar
validation,V0102.jpg,test,T0392.jpg,8,revisar
validation,V0103.jpg,test,T0055.jpg,8,revisar
validation,V0103.jpg,test,T0079.jpg,8,revisar
validation,V0103.jpg,test,T0081.jpg,8,revisar
validation,V0103.jpg,test,T0083.jpg,8,revisar
validation,V0103.jpg,test,T0091.jpg,8,revisar
validation,V0103.jpg,test,T0132.jpg,8,revisar
validation,V0103.jpg,test,T0133.jpg,8,revisar
validation,V0103.jpg,test,T0162.jpg,8,revisar
validation,V0103.jpg,test,T0179.jpg,8,revisar
validation,V0103.jpg,test,T0194.jpg,8,revisar
validation,V0103.jpg,test,T0202.jpg,8,revisar
validation,V0103.jpg,test,T0257.jpg,8,revisar
validation,V0103.jpg,test,T0291.jpg,8,revisar
validation,V0103.jpg,test,T0296.jpg,8,revisar
validation,V0103.jpg,test,T0320.jpg,8,revisar
validation,V0104.jpg,test,T0021.jpg,8,revisar
validation,V0104.jpg,test,T0028.jpg,8,revisar
validation,V0104.jpg,test,T0041.jpg,8,revisar
validation,V0104.jpg,test,T0043.jpg,8,revisar
validation,V0104.jpg,test,T0052.jpg,8,revisar
validation,V0104.jpg,test,T0075.jpg,8,revisar
validation,V0104.jpg,test,T0077.jpg,8,revisar
validation,V0104.jpg,test,T0109.jpg,8,revisar
validation,V0104.jpg,test,T0134.jpg,8,revisar
validation,V0104.jpg,test,T0138.jpg,8,revisar
validation,V0104.jpg,test,T0167.jpg,8,revisar
validation,V0104.jpg,test,T0169.jpg,8,revisar
validation,V0104.jpg,test,T0251.jpg,8,revisar
validation,V0104.jpg,test,T0262.jpg,8,revisar
validation,V0104.jpg,test,T0286.jpg,8,revisar
validation,V0104.jpg,test,T0316.jpg,8,revisar
validation,V0104.jpg,test,T0329.jpg,8,revisar
validation,V0104.jpg,test,T0336.jpg,8,revisar
validation,V0104.jpg,test,T0365.jpg,8,revisar
validation,V0104.jpg,test,T0380.jpg,8,revisar
validation,V0104.jpg,test,T0382.jpg,8,revisar
validation,V0104.jpg,test,T0390.jpg,8,revisar
validation,V0104.jpg,test,T0392.jpg,8,revisar
validation,V0105.jpg,test,T0304.jpg,8,revisar
validation,V0106.jpg,test,T0008.jpg,8,revisar
validation,V0106.jpg,test,T0012.jpg,8,revisar
validation,V0106.jpg,test,T0054.jpg,8,revisar
validation,V0106.jpg,test,T0058.jpg,8,revisar
validation,V0106.jpg,test,T0101.jpg,8,revisar
validation,V0106.jpg,test,T0110.jpg,8,revisar
validation,V0106.jpg,test,T0113.jpg,8,revisar
validation,V0106.jpg,test,T0114.jpg,8,revisar
validation,V0106.jpg,test,T0120.jpg,8,revisar
validation,V0106.jpg,test,T0122.jpg,8,revisar
validation,V0106.jpg,test,T0130.jpg,8,revisar
validation,V0106.jpg,test,T0136.jpg,8,revisar
validation,V0106.jpg,test,T0138.jpg,8,revisar
validation,V0106.jpg,test,T0145.jpg,8,revisar
validation,V0106.jpg,test,T0153.jpg,8,revisar
validation,V0106.jpg,test,T0168.jpg,8,revisar
validation,V0106.jpg,test,T0201.jpg,8,revisar
validation,V0106.jpg,test,T0207.jpg,8,revisar
validation,V0106.jpg,test,T0219.jpg,8,revisar
validation,V0106.jpg,test,T0221.jpg,8,revisar
validation,V0106.jpg,test,T0231.jpg,8,revisar
validation,V0106.jpg,test,T0251.jpg,8,revisar
validation,V0106.jpg,test,T0278.jpg,8,revisar
validation,V0106.jpg,test,T0311.jpg,8,revisar
validation,V0106.jpg,test,T0318.jpg,8,revisar
validation,V0106.jpg,test,T0328.jpg,8,revisar
validation,V0106.jpg,test,T0329.jpg,8,revisar
validation,V0106.jpg,test,T0334.jpg,8,revisar
validation,V0106.jpg,test,T0343.jpg,8,revisar
validation,V0106.jpg,test,T0377.jpg,8,revisar
validation,V0106.jpg,test,T0386.jpg,8,revisar
validation,V0106.jpg,test,T0398.jpg,8,revisar
validation,V0106.jpg,test,T0400.jpg,8,revisar
validation,V0107.jpg,test,T0018.jpg,8,revisar
validation,V0107.jpg,test,T0021.jpg,8,revisar
validation,V0107.jpg,test,T0050.jpg,8,revisar
validation,V0107.jpg,test,T0061.jpg,8,revisar
validation,V0107.jpg,test,T0086.jpg,8,revisar
validation,V0107.jpg,test,T0092.jpg,8,revisar
validation,V0107.jpg,test,T0112.jpg,8,revisar
validation,V0107.jpg,test,T0118.jpg,8,revisar
validation,V0107.jpg,test,T0125.jpg,8,revisar
validation,V0107.jpg,test,T0129.jpg,8,revisar
validation,V0107.jpg,test,T0134.jpg,8,revisar
validation,V0107.jpg,test,T0138.jpg,8,revisar
validation,V0107.jpg,test,T0169.jpg,8,revisar
validation,V0107.jpg,test,T0171.jpg,8,revisar
validation,V0107.jpg,test,T0187.jpg,8,revisar
validation,V0107.jpg,test,T0190.jpg,8,revisar
validation,V0107.jpg,test,T0215.jpg,8,revisar
validation,V0107.jpg,test,T0229.jpg,8,revisar
validation,V0107.jpg,test,T0236.jpg,8,revisar
validation,V0107.jpg,test,T0244.jpg,8,revisar
validation,V0107.jpg,test,T0247.jpg,8,revisar
validation,V0107.jpg,test,T0260.jpg,8,revisar
validation,V0107.jpg,test,T0269.jpg,8,revisar
validation,V0107.jpg,test,T0286.jpg,8,revisar
validation,V0107.jpg,test,T0299.jpg,8,revisar
validation,V0107.jpg,test,T0313.jpg,8,revisar
validation,V0107.jpg,test,T0317.jpg,8,revisar
validation,V0107.jpg,test,T0335.jpg,8,revisar
validation,V0107.jpg,test,T0336.jpg,8,revisar
validation,V0107.jpg,test,T0361.jpg,8,revisar
validation,V0107.jpg,test,T0365.jpg,8,revisar
validation,V0107.jpg,test,T0378.jpg,8,revisar
validation,V0107.jpg,test,T0380.jpg,8,revisar
validation,V0107.jpg,test,T0391.jpg,8,revisar
validation,V0107.jpg,test,T0392.jpg,8,revisar
validation,V0107.jpg,test,T0393.jpg,8,revisar
validation,V0108.jpg,test,T0007.jpg,8,revisar
validation,V0108.jpg,test,T0043.jpg,8,revisar
validation,V0108.jpg,test,T0044.jpg,8,revisar
validation,V0108.jpg,test,T0064.jpg,8,revisar
validation,V0108.jpg,test,T0072.jpg,8,revisar
validation,V0108.jpg,test,T0073.jpg,8,revisar
validation,V0108.jpg,test,T0145.jpg,8,revisar
validation,V0108.jpg,test,T0171.jpg,8,revisar
validation,V0108.jpg,test,T0197.jpg,8,revisar
validation,V0108.jpg,test,T0205.jpg,8,revisar
validation,V0108.jpg,test,T0220.jpg,8,revisar
validation,V0108.jpg,test,T0225.jpg,8,revisar
validation,V0108.jpg,test,T0246.jpg,8,revisar
validation,V0108.jpg,test,T0286.jpg,8,revisar
validation,V0108.jpg,test,T0293.jpg,8,revisar
validation,V0108.jpg,test,T0294.jpg,8,revisar
validation,V0108.jpg,test,T0319.jpg,8,revisar
validation,V0109.jpg,test,T0351.jpg,8,revisar
validation,V0109.jpg,test,T0352.jpg,8,revisar
validation,V0109.jpg,test,T0385.jpg,8,revisar
validation,V0110.jpg,test,T0006.jpg,8,revisar
validation,V0110.jpg,test,T0016.jpg,8,revisar
validation,V0110.jpg,test,T0025.jpg,8,revisar
validation,V0110.jpg,test,T0027.jpg,8,revisar
validation,V0110.jpg,test,T0031.jpg,8,revisar
validation,V0110.jpg,test,T0033.jpg,8,revisar
validation,V0110.jpg,test,T0050.jpg,8,revisar
validation,V0110.jpg,test,T0063.jpg,8,revisar
validation,V0110.jpg,test,T0071.jpg,8,revisar
validation,V0110.jpg,test,T0076.jpg,8,revisar
validation,V0110.jpg,test,T0087.jpg,8,revisar
validation,V0110.jpg,test,T0115.jpg,8,revisar
validation,V0110.jpg,test,T0121.jpg,8,revisar
validation,V0110.jpg,test,T0151.jpg,8,revisar
validation,V0110.jpg,test,T0156.jpg,8,revisar
validation,V0110.jpg,test,T0173.jpg,8,revisar
validation,V0110.jpg,test,T0187.jpg,8,revisar
validation,V0110.jpg,test,T0196.jpg,8,revisar
validation,V0110.jpg,test,T0216.jpg,8,revisar
validation,V0110.jpg,test,T0219.jpg,8,revisar
validation,V0110.jpg,test,T0227.jpg,8,revisar
validation,V0110.jpg,test,T0228.jpg,8,revisar
validation,V0110.jpg,test,T0233.jpg,8,revisar
validation,V0110.jpg,test,T0259.jpg,8,revisar
validation,V0110.jpg,test,T0286.jpg,8,revisar
validation,V0110.jpg,test,T0287.jpg,8,revisar
validation,V0110.jpg,test,T0289.jpg,8,revisar
validation,V0110.jpg,test,T0307.jpg,8,revisar
validation,V0110.jpg,test,T0313.jpg,8,revisar
validation,V0110.jpg,test,T0325.jpg,8,revisar
validation,V0110.jpg,test,T0338.jpg,8,revisar
validation,V0110.jpg,test,T0342.jpg,8,revisar
validation,V0110.jpg,test,T0350.jpg,8,revisar
validation,V0110.jpg,test,T0367.jpg,8,revisar
validation,V0110.jpg,test,T0389.jpg,8,revisar
validation,V0111.jpg,test,T0006.jpg,8,revisar
validation,V0111.jpg,test,T0009.jpg,8,revisar
validation,V0111.jpg,test,T0018.jpg,8,revisar
validation,V0111.jpg,test,T0065.jpg,8,revisar
validation,V0111.jpg,test,T0156.jpg,8,revisar
validation,V0111.jpg,test,T0169.jpg,8,revisar
validation,V0111.jpg,test,T0196.jpg,8,revisar
validation,V0111.jpg,test,T0227.jpg,8,revisar
validation,V0111.jpg,test,T0236.jpg,8,revisar
validation,V0111.jpg,test,T0336.jpg,8,revisar
validation,V0111.jpg,test,T0337.jpg,8,revisar
validation,V0111.jpg,test,T0351.jpg,8,revisar
validation,V0112.jpg,test,T0071.jpg,8,revisar
validation,V0112.jpg,test,T0079.jpg,8,revisar
validation,V0112.jpg,test,T0132.jpg,8,revisar
validation,V0112.jpg,test,T0143.jpg,8,revisar
validation,V0112.jpg,test,T0162.jpg,8,revisar
validation,V0112.jpg,test,T0324.jpg,8,revisar
validation,V0112.jpg,test,T0359.jpg,8,revisar
validation,V0113.jpg,test,T0006.jpg,8,revisar
validation,V0113.jpg,test,T0009.jpg,8,revisar
validation,V0113.jpg,test,T0104.jpg,8,revisar
validation,V0113.jpg,test,T0112.jpg,8,revisar
validation,V0113.jpg,test,T0177.jpg,8,revisar
validation,V0113.jpg,test,T0236.jpg,8,revisar
validation,V0113.jpg,test,T0262.jpg,8,revisar
validation,V0113.jpg,test,T0317.jpg,8,revisar
validation,V0113.jpg,test,T0325.jpg,8,revisar
validation,V0113.jpg,test,T0327.jpg,8,revisar
validation,V0113.jpg,test,T0351.jpg,8,revisar
validation,V0113.jpg,test,T0391.jpg,8,revisar
validation,V0114.jpg,test,T0007.jpg,8,revisar
validation,V0114.jpg,test,T0034.jpg,8,revisar
validation,V0114.jpg,test,T0042.jpg,8,revisar
validation,V0114.jpg,test,T0130.jpg,8,revisar
validation,V0114.jpg,test,T0197.jpg,8,revisar
validation,V0114.jpg,test,T0225.jpg,8,revisar
validation,V0114.jpg,test,T0298.jpg,8,revisar
validation,V0114.jpg,test,T0311.jpg,8,revisar
validation,V0114.jpg,test,T0314.jpg,8,revisar
validation,V0114.jpg,test,T0328.jpg,8,revisar
validation,V0114.jpg,test,T0331.jpg,8,revisar
validation,V0115.jpg,test,T0003.jpg,8,revisar
validation,V0115.jpg,test,T0005.jpg,8,revisar
validation,V0115.jpg,test,T0012.jpg,8,revisar
validation,V0115.jpg,test,T0023.jpg,8,revisar
validation,V0115.jpg,test,T0024.jpg,8,revisar
validation,V0115.jpg,test,T0034.jpg,8,revisar
validation,V0115.jpg,test,T0046.jpg,8,revisar
validation,V0115.jpg,test,T0054.jpg,8,revisar
validation,V0115.jpg,test,T0058.jpg,8,revisar
validation,V0115.jpg,test,T0085.jpg,8,revisar
validation,V0115.jpg,test,T0110.jpg,8,revisar
validation,V0115.jpg,test,T0117.jpg,8,revisar
validation,V0115.jpg,test,T0130.jpg,8,revisar
validation,V0115.jpg,test,T0142.jpg,8,revisar
validation,V0115.jpg,test,T0145.jpg,8,revisar
validation,V0115.jpg,test,T0163.jpg,8,revisar
validation,V0115.jpg,test,T0168.jpg,8,revisar
validation,V0115.jpg,test,T0201.jpg,8,revisar
validation,V0115.jpg,test,T0203.jpg,8,revisar
validation,V0115.jpg,test,T0217.jpg,8,revisar
validation,V0115.jpg,test,T0219.jpg,8,revisar
validation,V0115.jpg,test,T0225.jpg,8,revisar
validation,V0115.jpg,test,T0231.jpg,8,revisar
validation,V0115.jpg,test,T0246.jpg,8,revisar
validation,V0115.jpg,test,T0278.jpg,8,revisar
validation,V0115.jpg,test,T0311.jpg,8,revisar
validation,V0115.jpg,test,T0328.jpg,8,revisar
validation,V0115.jpg,test,T0334.jpg,8,revisar
validation,V0115.jpg,test,T0335.jpg,8,revisar
validation,V0115.jpg,test,T0340.jpg,8,revisar
validation,V0115.jpg,test,T0347.jpg,8,revisar
validation,V0115.jpg,test,T0378.jpg,8,revisar
validation,V0115.jpg,test,T0383.jpg,8,revisar
validation,V0115.jpg,test,T0390.jpg,8,revisar
validation,V0116.jpg,test,T0013.jpg,8,revisar
validation,V0116.jpg,test,T0066.jpg,8,revisar
validation,V0116.jpg,test,T0083.jpg,8,revisar
validation,V0116.jpg,test,T0105.jpg,8,revisar
validation,V0116.jpg,test,T0123.jpg,8,revisar
validation,V0116.jpg,test,T0127.jpg,8,revisar
validation,V0116.jpg,test,T0148.jpg,8,revisar
validation,V0116.jpg,test,T0162.jpg,8,revisar
validation,V0116.jpg,test,T0179.jpg,8,revisar
validation,V0116.jpg,test,T0192.jpg,8,revisar
validation,V0116.jpg,test,T0194.jpg,8,revisar
validation,V0116.jpg,test,T0218.jpg,8,revisar
validation,V0116.jpg,test,T0280.jpg,8,revisar
validation,V0116.jpg,test,T0295.jpg,8,revisar
validation,V0116.jpg,test,T0296.jpg,8,revisar
validation,V0116.jpg,test,T0301.jpg,8,revisar
validation,V0116.jpg,test,T0321.jpg,8,revisar
validation,V0116.jpg,test,T0359.jpg,8,revisar
validation,V0116.jpg,test,T0362.jpg,8,revisar
validation,V0117.jpg,test,T0021.jpg,8,revisar
validation,V0117.jpg,test,T0029.jpg,8,revisar
validation,V0117.jpg,test,T0048.jpg,8,revisar
validation,V0117.jpg,test,T0053.jpg,8,revisar
validation,V0117.jpg,test,T0075.jpg,8,revisar
validation,V0117.jpg,test,T0078.jpg,8,revisar
validation,V0117.jpg,test,T0095.jpg,8,revisar
validation,V0117.jpg,test,T0121.jpg,8,revisar
validation,V0117.jpg,test,T0135.jpg,8,revisar
validation,V0117.jpg,test,T0154.jpg,8,revisar
validation,V0117.jpg,test,T0156.jpg,8,revisar
validation,V0117.jpg,test,T0232.jpg,8,revisar
validation,V0117.jpg,test,T0260.jpg,8,revisar
validation,V0117.jpg,test,T0262.jpg,8,revisar
validation,V0117.jpg,test,T0267.jpg,8,revisar
validation,V0117.jpg,test,T0287.jpg,8,revisar
validation,V0117.jpg,test,T0306.jpg,8,revisar
validation,V0117.jpg,test,T0329.jpg,8,revisar
validation,V0117.jpg,test,T0336.jpg,8,revisar
validation,V0117.jpg,test,T0337.jpg,8,revisar
validation,V0117.jpg,test,T0363.jpg,8,revisar
validation,V0117.jpg,test,T0378.jpg,8,revisar
validation,V0117.jpg,test,T0382.jpg,8,revisar
validation,V0117.jpg,test,T0392.jpg,8,revisar
validation,V0117.jpg,test,T0393.jpg,8,revisar
validation,V0118.jpg,test,T0249.jpg,8,revisar
validation,V0118.jpg,test,T0274.jpg,8,revisar
validation,V0118.jpg,test,T0327.jpg,8,revisar
validation,V0119.jpg,test,T0001.jpg,8,revisar
validation,V0119.jpg,test,T0004.jpg,8,revisar
validation,V0119.jpg,test,T0006.jpg,8,revisar
validation,V0119.jpg,test,T0016.jpg,8,revisar
validation,V0119.jpg,test,T0025.jpg,8,revisar
validation,V0119.jpg,test,T0027.jpg,8,revisar
validation,V0119.jpg,test,T0031.jpg,8,revisar
validation,V0119.jpg,test,T0035.jpg,8,revisar
validation,V0119.jpg,test,T0063.jpg,8,revisar
validation,V0119.jpg,test,T0077.jpg,8,revisar
validation,V0119.jpg,test,T0087.jpg,8,revisar
validation,V0119.jpg,test,T0088.jpg,8,revisar
validation,V0119.jpg,test,T0107.jpg,8,revisar
validation,V0119.jpg,test,T0118.jpg,8,revisar
validation,V0119.jpg,test,T0121.jpg,8,revisar
validation,V0119.jpg,test,T0135.jpg,8,revisar
validation,V0119.jpg,test,T0156.jpg,8,revisar
validation,V0119.jpg,test,T0168.jpg,8,revisar
validation,V0119.jpg,test,T0173.jpg,8,revisar
validation,V0119.jpg,test,T0182.jpg,8,revisar
validation,V0119.jpg,test,T0196.jpg,8,revisar
validation,V0119.jpg,test,T0201.jpg,8,revisar
validation,V0119.jpg,test,T0212.jpg,8,revisar
validation,V0119.jpg,test,T0220.jpg,8,revisar
validation,V0119.jpg,test,T0225.jpg,8,revisar
validation,V0119.jpg,test,T0227.jpg,8,revisar
validation,V0119.jpg,test,T0233.jpg,8,revisar
validation,V0119.jpg,test,T0244.jpg,8,revisar
validation,V0119.jpg,test,T0245.jpg,8,revisar
validation,V0119.jpg,test,T0260.jpg,8,revisar
validation,V0119.jpg,test,T0287.jpg,8,revisar
validation,V0119.jpg,test,T0292.jpg,8,revisar
validation,V0119.jpg,test,T0293.jpg,8,revisar
validation,V0119.jpg,test,T0313.jpg,8,revisar
validation,V0119.jpg,test,T0316.jpg,8,revisar
validation,V0119.jpg,test,T0334.jpg,8,revisar
validation,V0119.jpg,test,T0335.jpg,8,revisar
validation,V0119.jpg,test,T0342.jpg,8,revisar
validation,V0119.jpg,test,T0361.jpg,8,revisar
validation,V0119.jpg,test,T0374.jpg,8,revisar
validation,V0119.jpg,test,T0389.jpg,8,revisar
validation,V0119.jpg,test,T0390.jpg,8,revisar
validation,V0119.jpg,test,T0398.jpg,8,revisar
validation,V0120.jpg,test,T0277.jpg,8,revisar
validation,V0121.jpg,test,T0003.jpg,8,revisar
validation,V0121.jpg,test,T0010.jpg,8,revisar
validation,V0121.jpg,test,T0024.jpg,8,revisar
validation,V0121.jpg,test,T0033.jpg,8,revisar
validation,V0121.jpg,test,T0036.jpg,8,revisar
validation,V0121.jpg,test,T0042.jpg,8,revisar
validation,V0121.jpg,test,T0050.jpg,8,revisar
validation,V0121.jpg,test,T0073.jpg,8,revisar
validation,V0121.jpg,test,T0092.jpg,8,revisar
validation,V0121.jpg,test,T0099.jpg,8,revisar
validation,V0121.jpg,test,T0101.jpg,8,revisar
validation,V0121.jpg,test,T0158.jpg,8,revisar
validation,V0121.jpg,test,T0168.jpg,8,revisar
validation,V0121.jpg,test,T0171.jpg,8,revisar
validation,V0121.jpg,test,T0187.jpg,8,revisar
validation,V0121.jpg,test,T0190.jpg,8,revisar
validation,V0121.jpg,test,T0203.jpg,8,revisar
validation,V0121.jpg,test,T0223.jpg,8,revisar
validation,V0121.jpg,test,T0244.jpg,8,revisar
validation,V0121.jpg,test,T0260.jpg,8,revisar
validation,V0121.jpg,test,T0289.jpg,8,revisar
validation,V0121.jpg,test,T0299.jpg,8,revisar
validation,V0121.jpg,test,T0307.jpg,8,revisar
validation,V0121.jpg,test,T0316.jpg,8,revisar
validation,V0121.jpg,test,T0319.jpg,8,revisar
validation,V0121.jpg,test,T0325.jpg,8,revisar
validation,V0121.jpg,test,T0335.jpg,8,revisar
validation,V0121.jpg,test,T0350.jpg,8,revisar
validation,V0121.jpg,test,T0364.jpg,8,revisar
validation,V0121.jpg,test,T0374.jpg,8,revisar
validation,V0121.jpg,test,T0377.jpg,8,revisar
validation,V0121.jpg,test,T0382.jpg,8,revisar
validation,V0121.jpg,test,T0392.jpg,8,revisar
validation,V0121.jpg,test,T0393.jpg,8,revisar
validation,V0122.jpg,test,T0043.jpg,8,revisar
validation,V0122.jpg,test,T0075.jpg,8,revisar
validation,V0122.jpg,test,T0076.jpg,8,revisar
validation,V0122.jpg,test,T0077.jpg,8,revisar
validation,V0122.jpg,test,T0082.jpg,8,revisar
validation,V0122.jpg,test,T0087.jpg,8,revisar
validation,V0122.jpg,test,T0092.jpg,8,revisar
validation,V0122.jpg,test,T0107.jpg,8,revisar
validation,V0122.jpg,test,T0109.jpg,8,revisar
validation,V0122.jpg,test,T0115.jpg,8,revisar
validation,V0122.jpg,test,T0118.jpg,8,revisar
validation,V0122.jpg,test,T0125.jpg,8,revisar
validation,V0122.jpg,test,T0151.jpg,8,revisar
validation,V0122.jpg,test,T0227.jpg,8,revisar
validation,V0122.jpg,test,T0233.jpg,8,revisar
validation,V0122.jpg,test,T0236.jpg,8,revisar
validation,V0122.jpg,test,T0239.jpg,8,revisar
validation,V0122.jpg,test,T0244.jpg,8,revisar
validation,V0122.jpg,test,T0262.jpg,8,revisar
validation,V0122.jpg,test,T0286.jpg,8,revisar
validation,V0122.jpg,test,T0292.jpg,8,revisar
validation,V0122.jpg,test,T0307.jpg,8,revisar
validation,V0122.jpg,test,T0325.jpg,8,revisar
validation,V0122.jpg,test,T0327.jpg,8,revisar
validation,V0122.jpg,test,T0365.jpg,8,revisar
validation,V0122.jpg,test,T0382.jpg,8,revisar
validation,V0122.jpg,test,T0391.jpg,8,revisar
validation,V0122.jpg,test,T0392.jpg,8,revisar
validation,V0123.jpg,test,T0105.jpg,8,revisar
validation,V0123.jpg,test,T0148.jpg,8,revisar
validation,V0124.jpg,test,T0024.jpg,8,revisar
validation,V0124.jpg,test,T0027.jpg,8,revisar
validation,V0124.jpg,test,T0034.jpg,8,revisar
validation,V0124.jpg,test,T0043.jpg,8,revisar
validation,V0124.jpg,test,T0045.jpg,8,revisar
validation,V0124.jpg,test,T0129.jpg,8,revisar
validation,V0124.jpg,test,T0138.jpg,8,revisar
validation,V0124.jpg,test,T0171.jpg,8,revisar
validation,V0124.jpg,test,T0220.jpg,8,revisar
validation,V0124.jpg,test,T0247.jpg,8,revisar
validation,V0124.jpg,test,T0293.jpg,8,revisar
validation,V0124.jpg,test,T0299.jpg,8,revisar
validation,V0124.jpg,test,T0307.jpg,8,revisar
validation,V0124.jpg,test,T0335.jpg,8,revisar
validation,V0124.jpg,test,T0354.jpg,8,revisar
validation,V0124.jpg,test,T0380.jpg,8,revisar
validation,V0124.jpg,test,T0391.jpg,8,revisar
validation,V0124.jpg,test,T0393.jpg,8,revisar
validation,V0125.jpg,test,T0038.jpg,8,revisar
validation,V0125.jpg,test,T0101.jpg,8,revisar
validation,V0125.jpg,test,T0130.jpg,8,revisar
validation,V0125.jpg,test,T0141.jpg,8,revisar
validation,V0125.jpg,test,T0272.jpg,8,revisar
validation,V0125.jpg,test,T0300.jpg,8,revisar
validation,V0125.jpg,test,T0328.jpg,8,revisar
validation,V0125.jpg,test,T0377.jpg,8,revisar
validation,V0125.jpg,test,T0383.jpg,8,revisar
validation,V0126.jpg,test,T0081.jpg,8,revisar
validation,V0126.jpg,test,T0202.jpg,8,revisar
validation,V0127.jpg,test,T0339.jpg,8,revisar
validation,V0127.jpg,test,T0353.jpg,8,revisar
validation,V0128.jpg,test,T0083.jpg,8,revisar
validation,V0128.jpg,test,T0105.jpg,8,revisar
validation,V0128.jpg,test,T0155.jpg,8,revisar
validation,V0128.jpg,test,T0301.jpg,8,revisar
validation,V0128.jpg,test,T0362.jpg,8,revisar
validation,V0129.jpg,test,T0020.jpg,8,revisar
validation,V0129.jpg,test,T0046.jpg,8,revisar
validation,V0129.jpg,test,T0080.jpg,8,revisar
validation,V0129.jpg,test,T0085.jpg,8,revisar
validation,V0129.jpg,test,T0190.jpg,8,revisar
validation,V0129.jpg,test,T0223.jpg,8,revisar
validation,V0129.jpg,test,T0323.jpg,8,revisar
validation,V0129.jpg,test,T0331.jpg,8,revisar
validation,V0129.jpg,test,T0346.jpg,8,revisar
validation,V0129.jpg,test,T0400.jpg,8,revisar
validation,V0130.jpg,test,T0143.jpg,8,revisar
validation,V0130.jpg,test,T0192.jpg,8,revisar
validation,V0130.jpg,test,T0208.jpg,8,revisar
validation,V0130.jpg,test,T0301.jpg,8,revisar
validation,V0130.jpg,test,T0303.jpg,8,revisar
validation,V0130.jpg,test,T0321.jpg,8,revisar
validation,V0130.jpg,test,T0332.jpg,8,revisar
validation,V0130.jpg,test,T0349.jpg,8,revisar
validation,V0131.jpg,test,T0143.jpg,8,revisar
validation,V0131.jpg,test,T0296.jpg,8,revisar
validation,V0131.jpg,test,T0305.jpg,8,revisar
validation,V0131.jpg,test,T0366.jpg,8,revisar
validation,V0132.jpg,test,T0006.jpg,8,revisar
validation,V0132.jpg,test,T0017.jpg,8,revisar
validation,V0132.jpg,test,T0018.jpg,8,revisar
validation,V0132.jpg,test,T0021.jpg,8,revisar
validation,V0132.jpg,test,T0028.jpg,8,revisar
validation,V0132.jpg,test,T0031.jpg,8,revisar
validation,V0132.jpg,test,T0041.jpg,8,revisar
validation,V0132.jpg,test,T0043.jpg,8,revisar
validation,V0132.jpg,test,T0050.jpg,8,revisar
validation,V0132.jpg,test,T0053.jpg,8,revisar
validation,V0132.jpg,test,T0076.jpg,8,revisar
validation,V0132.jpg,test,T0077.jpg,8,revisar
validation,V0132.jpg,test,T0078.jpg,8,revisar
validation,V0132.jpg,test,T0087.jpg,8,revisar
validation,V0132.jpg,test,T0104.jpg,8,revisar
validation,V0132.jpg,test,T0107.jpg,8,revisar
validation,V0132.jpg,test,T0115.jpg,8,revisar
validation,V0132.jpg,test,T0118.jpg,8,revisar
validation,V0132.jpg,test,T0125.jpg,8,revisar
validation,V0132.jpg,test,T0135.jpg,8,revisar
validation,V0132.jpg,test,T0206.jpg,8,revisar
validation,V0132.jpg,test,T0233.jpg,8,revisar
validation,V0132.jpg,test,T0251.jpg,8,revisar
validation,V0132.jpg,test,T0269.jpg,8,revisar
validation,V0132.jpg,test,T0279.jpg,8,revisar
validation,V0132.jpg,test,T0289.jpg,8,revisar
validation,V0132.jpg,test,T0299.jpg,8,revisar
validation,V0132.jpg,test,T0316.jpg,8,revisar
validation,V0132.jpg,test,T0325.jpg,8,revisar
validation,V0132.jpg,test,T0336.jpg,8,revisar
validation,V0132.jpg,test,T0342.jpg,8,revisar
validation,V0132.jpg,test,T0354.jpg,8,revisar
validation,V0132.jpg,test,T0356.jpg,8,revisar
validation,V0132.jpg,test,T0363.jpg,8,revisar
validation,V0132.jpg,test,T0365.jpg,8,revisar
validation,V0132.jpg,test,T0392.jpg,8,revisar
validation,V0132.jpg,test,T0393.jpg,8,revisar
validation,V0133.jpg,test,T0387.jpg,8,revisar
validation,V0134.jpg,test,T0001.jpg,8,revisar
validation,V0134.jpg,test,T0007.jpg,8,revisar
validation,V0134.jpg,test,T0008.jpg,8,revisar
validation,V0134.jpg,test,T0020.jpg,8,revisar
validation,V0134.jpg,test,T0023.jpg,8,revisar
validation,V0134.jpg,test,T0028.jpg,8,revisar
validation,V0134.jpg,test,T0032.jpg,8,revisar
validation,V0134.jpg,test,T0041.jpg,8,revisar
validation,V0134.jpg,test,T0051.jpg,8,revisar
validation,V0134.jpg,test,T0058.jpg,8,revisar
validation,V0134.jpg,test,T0064.jpg,8,revisar
validation,V0134.jpg,test,T0072.jpg,8,revisar
validation,V0134.jpg,test,T0092.jpg,8,revisar
validation,V0134.jpg,test,T0095.jpg,8,revisar
validation,V0134.jpg,test,T0101.jpg,8,revisar
validation,V0134.jpg,test,T0110.jpg,8,revisar
validation,V0134.jpg,test,T0111.jpg,8,revisar
validation,V0134.jpg,test,T0122.jpg,8,revisar
validation,V0134.jpg,test,T0141.jpg,8,revisar
validation,V0134.jpg,test,T0154.jpg,8,revisar
validation,V0134.jpg,test,T0171.jpg,8,revisar
validation,V0134.jpg,test,T0178.jpg,8,revisar
validation,V0134.jpg,test,T0184.jpg,8,revisar
validation,V0134.jpg,test,T0187.jpg,8,revisar
validation,V0134.jpg,test,T0201.jpg,8,revisar
validation,V0134.jpg,test,T0203.jpg,8,revisar
validation,V0134.jpg,test,T0207.jpg,8,revisar
validation,V0134.jpg,test,T0214.jpg,8,revisar
validation,V0134.jpg,test,T0221.jpg,8,revisar
validation,V0134.jpg,test,T0223.jpg,8,revisar
validation,V0134.jpg,test,T0250.jpg,8,revisar
validation,V0134.jpg,test,T0251.jpg,8,revisar
validation,V0134.jpg,test,T0278.jpg,8,revisar
validation,V0134.jpg,test,T0286.jpg,8,revisar
validation,V0134.jpg,test,T0289.jpg,8,revisar
validation,V0134.jpg,test,T0299.jpg,8,revisar
validation,V0134.jpg,test,T0309.jpg,8,revisar
validation,V0134.jpg,test,T0314.jpg,8,revisar
validation,V0134.jpg,test,T0337.jpg,8,revisar
validation,V0134.jpg,test,T0341.jpg,8,revisar
validation,V0134.jpg,test,T0345.jpg,8,revisar
validation,V0134.jpg,test,T0355.jpg,8,revisar
validation,V0134.jpg,test,T0357.jpg,8,revisar
validation,V0134.jpg,test,T0361.jpg,8,revisar
validation,V0134.jpg,test,T0369.jpg,8,revisar
validation,V0134.jpg,test,T0378.jpg,8,revisar
validation,V0134.jpg,test,T0387.jpg,8,revisar
validation,V0134.jpg,test,T0392.jpg,8,revisar
validation,V0134.jpg,test,T0393.jpg,8,revisar
validation,V0134.jpg,test,T0399.jpg,8,revisar
validation,V0135.jpg,test,T0006.jpg,8,revisar
validation,V0135.jpg,test,T0011.jpg,8,revisar
validation,V0135.jpg,test,T0021.jpg,8,revisar
validation,V0135.jpg,test,T0045.jpg,8,revisar
validation,V0135.jpg,test,T0076.jpg,8,revisar
validation,V0135.jpg,test,T0082.jpg,8,revisar
validation,V0135.jpg,test,T0115.jpg,8,revisar
validation,V0135.jpg,test,T0118.jpg,8,revisar
validation,V0135.jpg,test,T0125.jpg,8,revisar
validation,V0135.jpg,test,T0227.jpg,8,revisar
validation,V0135.jpg,test,T0233.jpg,8,revisar
validation,V0135.jpg,test,T0286.jpg,8,revisar
validation,V0135.jpg,test,T0299.jpg,8,revisar
validation,V0135.jpg,test,T0313.jpg,8,revisar
validation,V0135.jpg,test,T0317.jpg,8,revisar
validation,V0135.jpg,test,T0336.jpg,8,revisar
validation,V0135.jpg,test,T0361.jpg,8,revisar
validation,V0135.jpg,test,T0380.jpg,8,revisar
validation,V0135.jpg,test,T0382.jpg,8,revisar
validation,V0135.jpg,test,T0392.jpg,8,revisar
validation,V0136.jpg,test,T0030.jpg,8,revisar
validation,V0136.jpg,test,T0177.jpg,8,revisar
validation,V0136.jpg,test,T0222.jpg,8,revisar
validation,V0136.jpg,test,T0249.jpg,8,revisar
validation,V0136.jpg,test,T0354.jpg,8,revisar
validation,V0137.jpg,test,T0018.jpg,8,revisar
validation,V0137.jpg,test,T0043.jpg,8,revisar
validation,V0137.jpg,test,T0045.jpg,8,revisar
validation,V0137.jpg,test,T0092.jpg,8,revisar
validation,V0137.jpg,test,T0107.jpg,8,revisar
validation,V0137.jpg,test,T0115.jpg,8,revisar
validation,V0137.jpg,test,T0118.jpg,8,revisar
validation,V0137.jpg,test,T0149.jpg,8,revisar
validation,V0137.jpg,test,T0151.jpg,8,revisar
validation,V0137.jpg,test,T0158.jpg,8,revisar
validation,V0137.jpg,test,T0159.jpg,8,revisar
validation,V0137.jpg,test,T0166.jpg,8,revisar
validation,V0137.jpg,test,T0169.jpg,8,revisar
validation,V0137.jpg,test,T0227.jpg,8,revisar
validation,V0137.jpg,test,T0277.jpg,8,revisar
validation,V0137.jpg,test,T0299.jpg,8,revisar
validation,V0137.jpg,test,T0316.jpg,8,revisar
validation,V0137.jpg,test,T0337.jpg,8,revisar
validation,V0137.jpg,test,T0368.jpg,8,revisar
validation,V0137.jpg,test,T0382.jpg,8,revisar
validation,V0138.jpg,test,T0127.jpg,8,revisar
validation,V0138.jpg,test,T0143.jpg,8,revisar
validation,V0138.jpg,test,T0199.jpg,8,revisar
validation,V0138.jpg,test,T0349.jpg,8,revisar
validation,V0138.jpg,test,T0353.jpg,8,revisar
validation,V0138.jpg,test,T0376.jpg,8,revisar
validation,V0139.jpg,test,T0080.jpg,8,revisar
validation,V0139.jpg,test,T0193.jpg,8,revisar
validation,V0139.jpg,test,T0198.jpg,8,revisar
validation,V0140.jpg,test,T0064.jpg,8,revisar
validation,V0140.jpg,test,T0080.jpg,8,revisar
validation,V0140.jpg,test,T0085.jpg,8,revisar
validation,V0140.jpg,test,T0129.jpg,8,revisar
validation,V0140.jpg,test,T0147.jpg,8,revisar
validation,V0140.jpg,test,T0159.jpg,8,revisar
validation,V0140.jpg,test,T0222.jpg,8,revisar
validation,V0140.jpg,test,T0224.jpg,8,revisar
validation,V0140.jpg,test,T0247.jpg,8,revisar
validation,V0140.jpg,test,T0332.jpg,8,revisar
validation,V0140.jpg,test,T0347.jpg,8,revisar
validation,V0141.jpg,test,T0001.jpg,8,revisar
validation,V0141.jpg,test,T0005.jpg,8,revisar
validation,V0141.jpg,test,T0020.jpg,8,revisar
validation,V0141.jpg,test,T0023.jpg,8,revisar
validation,V0141.jpg,test,T0033.jpg,8,revisar
validation,V0141.jpg,test,T0046.jpg,8,revisar
validation,V0141.jpg,test,T0054.jpg,8,revisar
validation,V0141.jpg,test,T0072.jpg,8,revisar
validation,V0141.jpg,test,T0073.jpg,8,revisar
validation,V0141.jpg,test,T0074.jpg,8,revisar
validation,V0141.jpg,test,T0092.jpg,8,revisar
validation,V0141.jpg,test,T0101.jpg,8,revisar
validation,V0141.jpg,test,T0103.jpg,8,revisar
validation,V0141.jpg,test,T0113.jpg,8,revisar
validation,V0141.jpg,test,T0114.jpg,8,revisar
validation,V0141.jpg,test,T0120.jpg,8,revisar
validation,V0141.jpg,test,T0139.jpg,8,revisar
validation,V0141.jpg,test,T0154.jpg,8,revisar
validation,V0141.jpg,test,T0187.jpg,8,revisar
validation,V0141.jpg,test,T0190.jpg,8,revisar
validation,V0141.jpg,test,T0201.jpg,8,revisar
validation,V0141.jpg,test,T0203.jpg,8,revisar
validation,V0141.jpg,test,T0214.jpg,8,revisar
validation,V0141.jpg,test,T0231.jpg,8,revisar
validation,V0141.jpg,test,T0254.jpg,8,revisar
validation,V0141.jpg,test,T0260.jpg,8,revisar
validation,V0141.jpg,test,T0273.jpg,8,revisar
validation,V0141.jpg,test,T0294.jpg,8,revisar
validation,V0141.jpg,test,T0309.jpg,8,revisar
validation,V0141.jpg,test,T0318.jpg,8,revisar
validation,V0141.jpg,test,T0350.jpg,8,revisar
validation,V0141.jpg,test,T0361.jpg,8,revisar
validation,V0141.jpg,test,T0368.jpg,8,revisar
validation,V0141.jpg,test,T0383.jpg,8,revisar
validation,V0141.jpg,test,T0400.jpg,8,revisar
validation,V0142.jpg,test,T0002.jpg,8,revisar
validation,V0142.jpg,test,T0003.jpg,8,revisar
validation,V0142.jpg,test,T0008.jpg,8,revisar
validation,V0142.jpg,test,T0032.jpg,8,revisar
validation,V0142.jpg,test,T0033.jpg,8,revisar
validation,V0142.jpg,test,T0044.jpg,8,revisar
validation,V0142.jpg,test,T0046.jpg,8,revisar
validation,V0142.jpg,test,T0050.jpg,8,revisar
validation,V0142.jpg,test,T0054.jpg,8,revisar
validation,V0142.jpg,test,T0073.jpg,8,revisar
validation,V0142.jpg,test,T0092.jpg,8,revisar
validation,V0142.jpg,test,T0111.jpg,8,revisar
validation,V0142.jpg,test,T0113.jpg,8,revisar
validation,V0142.jpg,test,T0114.jpg,8,revisar
validation,V0142.jpg,test,T0117.jpg,8,revisar
validation,V0142.jpg,test,T0118.jpg,8,revisar
validation,V0142.jpg,test,T0122.jpg,8,revisar
validation,V0142.jpg,test,T0130.jpg,8,revisar
validation,V0142.jpg,test,T0138.jpg,8,revisar
validation,V0142.jpg,test,T0142.jpg,8,revisar
validation,V0142.jpg,test,T0145.jpg,8,revisar
validation,V0142.jpg,test,T0153.jpg,8,revisar
validation,V0142.jpg,test,T0187.jpg,8,revisar
validation,V0142.jpg,test,T0203.jpg,8,revisar
validation,V0142.jpg,test,T0213.jpg,8,revisar
validation,V0142.jpg,test,T0220.jpg,8,revisar
validation,V0142.jpg,test,T0223.jpg,8,revisar
validation,V0142.jpg,test,T0225.jpg,8,revisar
validation,V0142.jpg,test,T0250.jpg,8,revisar
validation,V0142.jpg,test,T0255.jpg,8,revisar
validation,V0142.jpg,test,T0260.jpg,8,revisar
validation,V0142.jpg,test,T0293.jpg,8,revisar
validation,V0142.jpg,test,T0299.jpg,8,revisar
validation,V0142.jpg,test,T0311.jpg,8,revisar
validation,V0142.jpg,test,T0313.jpg,8,revisar
validation,V0142.jpg,test,T0323.jpg,8,revisar
validation,V0142.jpg,test,T0325.jpg,8,revisar
validation,V0142.jpg,test,T0331.jpg,8,revisar
validation,V0142.jpg,test,T0334.jpg,8,revisar
validation,V0142.jpg,test,T0340.jpg,8,revisar
validation,V0142.jpg,test,T0341.jpg,8,revisar
validation,V0142.jpg,test,T0357.jpg,8,revisar
validation,V0142.jpg,test,T0368.jpg,8,revisar
validation,V0142.jpg,test,T0383.jpg,8,revisar
validation,V0142.jpg,test,T0393.jpg,8,revisar
validation,V0142.jpg,test,T0400.jpg,8,revisar
validation,V0143.jpg,test,T0104.jpg,8,revisar
validation,V0143.jpg,test,T0187.jpg,8,revisar
validation,V0143.jpg,test,T0205.jpg,8,revisar
validation,V0143.jpg,test,T0246.jpg,8,revisar
validation,V0143.jpg,test,T0265.jpg,8,revisar
validation,V0143.jpg,test,T0268.jpg,8,revisar
validation,V0143.jpg,test,T0286.jpg,8,revisar
validation,V0143.jpg,test,T0348.jpg,8,revisar
validation,V0143.jpg,test,T0361.jpg,8,revisar
validation,V0144.jpg,test,T0010.jpg,8,revisar
validation,V0144.jpg,test,T0024.jpg,8,revisar
validation,V0144.jpg,test,T0028.jpg,8,revisar
validation,V0144.jpg,test,T0032.jpg,8,revisar
validation,V0144.jpg,test,T0034.jpg,8,revisar
validation,V0144.jpg,test,T0042.jpg,8,revisar
validation,V0144.jpg,test,T0054.jpg,8,revisar
validation,V0144.jpg,test,T0073.jpg,8,revisar
validation,V0144.jpg,test,T0075.jpg,8,revisar
validation,V0144.jpg,test,T0077.jpg,8,revisar
validation,V0144.jpg,test,T0092.jpg,8,revisar
validation,V0144.jpg,test,T0095.jpg,8,revisar
validation,V0144.jpg,test,T0114.jpg,8,revisar
validation,V0144.jpg,test,T0115.jpg,8,revisar
validation,V0144.jpg,test,T0117.jpg,8,revisar
validation,V0144.jpg,test,T0118.jpg,8,revisar
validation,V0144.jpg,test,T0120.jpg,8,revisar
validation,V0144.jpg,test,T0138.jpg,8,revisar
validation,V0144.jpg,test,T0156.jpg,8,revisar
validation,V0144.jpg,test,T0190.jpg,8,revisar
validation,V0144.jpg,test,T0193.jpg,8,revisar
validation,V0144.jpg,test,T0203.jpg,8,revisar
validation,V0144.jpg,test,T0207.jpg,8,revisar
validation,V0144.jpg,test,T0214.jpg,8,revisar
validation,V0144.jpg,test,T0221.jpg,8,revisar
validation,V0144.jpg,test,T0231.jpg,8,revisar
validation,V0144.jpg,test,T0246.jpg,8,revisar
validation,V0144.jpg,test,T0250.jpg,8,revisar
validation,V0144.jpg,test,T0251.jpg,8,revisar
validation,V0144.jpg,test,T0254.jpg,8,revisar
validation,V0144.jpg,test,T0259.jpg,8,revisar
validation,V0144.jpg,test,T0275.jpg,8,revisar
validation,V0144.jpg,test,T0289.jpg,8,revisar
validation,V0144.jpg,test,T0294.jpg,8,revisar
validation,V0144.jpg,test,T0302.jpg,8,revisar
validation,V0144.jpg,test,T0311.jpg,8,revisar
validation,V0144.jpg,test,T0312.jpg,8,revisar
validation,V0144.jpg,test,T0318.jpg,8,revisar
validation,V0144.jpg,test,T0325.jpg,8,revisar
validation,V0144.jpg,test,T0328.jpg,8,revisar
validation,V0144.jpg,test,T0334.jpg,8,revisar
validation,V0144.jpg,test,T0336.jpg,8,revisar
validation,V0144.jpg,test,T0338.jpg,8,revisar
validation,V0144.jpg,test,T0343.jpg,8,revisar
validation,V0144.jpg,test,T0348.jpg,8,revisar
validation,V0144.jpg,test,T0357.jpg,8,revisar
validation,V0144.jpg,test,T0363.jpg,8,revisar
validation,V0144.jpg,test,T0374.jpg,8,revisar
validation,V0144.jpg,test,T0380.jpg,8,revisar
validation,V0144.jpg,test,T0383.jpg,8,revisar
validation,V0144.jpg,test,T0390.jpg,8,revisar
validation,V0144.jpg,test,T0392.jpg,8,revisar
validation,V0145.jpg,test,T0001.jpg,8,revisar
validation,V0145.jpg,test,T0023.jpg,8,revisar
validation,V0145.jpg,test,T0046.jpg,8,revisar
validation,V0145.jpg,test,T0054.jpg,8,revisar
validation,V0145.jpg,test,T0064.jpg,8,revisar
validation,V0145.jpg,test,T0080.jpg,8,revisar
validation,V0145.jpg,test,T0085.jpg,8,revisar
validation,V0145.jpg,test,T0103.jpg,8,revisar
validation,V0145.jpg,test,T0117.jpg,8,revisar
validation,V0145.jpg,test,T0124.jpg,8,revisar
validation,V0145.jpg,test,T0129.jpg,8,revisar
validation,V0145.jpg,test,T0138.jpg,8,revisar
validation,V0145.jpg,test,T0142.jpg,8,revisar
validation,V0145.jpg,test,T0145.jpg,8,revisar
validation,V0145.jpg,test,T0188.jpg,8,revisar
validation,V0145.jpg,test,T0196.jpg,8,revisar
validation,V0145.jpg,test,T0201.jpg,8,revisar
validation,V0145.jpg,test,T0203.jpg,8,revisar
validation,V0145.jpg,test,T0219.jpg,8,revisar
validation,V0145.jpg,test,T0220.jpg,8,revisar
validation,V0145.jpg,test,T0254.jpg,8,revisar
validation,V0145.jpg,test,T0265.jpg,8,revisar
validation,V0145.jpg,test,T0293.jpg,8,revisar
validation,V0145.jpg,test,T0294.jpg,8,revisar
validation,V0145.jpg,test,T0310.jpg,8,revisar
validation,V0145.jpg,test,T0312.jpg,8,revisar
validation,V0145.jpg,test,T0315.jpg,8,revisar
validation,V0145.jpg,test,T0318.jpg,8,revisar
validation,V0145.jpg,test,T0323.jpg,8,revisar
validation,V0145.jpg,test,T0335.jpg,8,revisar
validation,V0145.jpg,test,T0343.jpg,8,revisar
validation,V0145.jpg,test,T0346.jpg,8,revisar
validation,V0145.jpg,test,T0355.jpg,8,revisar
validation,V0145.jpg,test,T0361.jpg,8,revisar
validation,V0145.jpg,test,T0378.jpg,8,revisar
validation,V0145.jpg,test,T0387.jpg,8,revisar
validation,V0145.jpg,test,T0390.jpg,8,revisar
validation,V0145.jpg,test,T0400.jpg,8,revisar
validation,V0146.jpg,test,T0007.jpg,8,revisar
validation,V0146.jpg,test,T0073.jpg,8,revisar
validation,V0146.jpg,test,T0101.jpg,8,revisar
validation,V0146.jpg,test,T0114.jpg,8,revisar
validation,V0146.jpg,test,T0119.jpg,8,revisar
validation,V0146.jpg,test,T0120.jpg,8,revisar
validation,V0146.jpg,test,T0135.jpg,8,revisar
validation,V0146.jpg,test,T0136.jpg,8,revisar
validation,V0146.jpg,test,T0141.jpg,8,revisar
validation,V0146.jpg,test,T0203.jpg,8,revisar
validation,V0146.jpg,test,T0219.jpg,8,revisar
validation,V0146.jpg,test,T0270.jpg,8,revisar
validation,V0146.jpg,test,T0286.jpg,8,revisar
validation,V0146.jpg,test,T0299.jpg,8,revisar
validation,V0146.jpg,test,T0311.jpg,8,revisar
validation,V0146.jpg,test,T0318.jpg,8,revisar
validation,V0146.jpg,test,T0328.jpg,8,revisar
validation,V0146.jpg,test,T0331.jpg,8,revisar
validation,V0146.jpg,test,T0335.jpg,8,revisar
validation,V0146.jpg,test,T0355.jpg,8,revisar
validation,V0146.jpg,test,T0369.jpg,8,revisar
validation,V0146.jpg,test,T0374.jpg,8,revisar
validation,V0146.jpg,test,T0393.jpg,8,revisar
validation,V0147.jpg,test,T0001.jpg,8,revisar
validation,V0147.jpg,test,T0006.jpg,8,revisar
validation,V0147.jpg,test,T0018.jpg,8,revisar
validation,V0147.jpg,test,T0029.jpg,8,revisar
validation,V0147.jpg,test,T0041.jpg,8,revisar
validation,V0147.jpg,test,T0048.jpg,8,revisar
validation,V0147.jpg,test,T0078.jpg,8,revisar
validation,V0147.jpg,test,T0087.jpg,8,revisar
validation,V0147.jpg,test,T0088.jpg,8,revisar
validation,V0147.jpg,test,T0121.jpg,8,revisar
validation,V0147.jpg,test,T0135.jpg,8,revisar
validation,V0147.jpg,test,T0138.jpg,8,revisar
validation,V0147.jpg,test,T0139.jpg,8,revisar
validation,V0147.jpg,test,T0151.jpg,8,revisar
validation,V0147.jpg,test,T0167.jpg,8,revisar
validation,V0147.jpg,test,T0171.jpg,8,revisar
validation,V0147.jpg,test,T0187.jpg,8,revisar
validation,V0147.jpg,test,T0196.jpg,8,revisar
validation,V0147.jpg,test,T0201.jpg,8,revisar
validation,V0147.jpg,test,T0206.jpg,8,revisar
validation,V0147.jpg,test,T0215.jpg,8,revisar
validation,V0147.jpg,test,T0220.jpg,8,revisar
validation,V0147.jpg,test,T0224.jpg,8,revisar
validation,V0147.jpg,test,T0227.jpg,8,revisar
validation,V0147.jpg,test,T0233.jpg,8,revisar
validation,V0147.jpg,test,T0239.jpg,8,revisar
validation,V0147.jpg,test,T0244.jpg,8,revisar
validation,V0147.jpg,test,T0259.jpg,8,revisar
validation,V0147.jpg,test,T0267.jpg,8,revisar
validation,V0147.jpg,test,T0279.jpg,8,revisar
validation,V0147.jpg,test,T0286.jpg,8,revisar
validation,V0147.jpg,test,T0292.jpg,8,revisar
validation,V0147.jpg,test,T0293.jpg,8,revisar
validation,V0147.jpg,test,T0312.jpg,8,revisar
validation,V0147.jpg,test,T0335.jpg,8,revisar
validation,V0147.jpg,test,T0354.jpg,8,revisar
validation,V0147.jpg,test,T0357.jpg,8,revisar
validation,V0147.jpg,test,T0361.jpg,8,revisar
validation,V0147.jpg,test,T0363.jpg,8,revisar
validation,V0147.jpg,test,T0367.jpg,8,revisar
validation,V0147.jpg,test,T0378.jpg,8,revisar
validation,V0148.jpg,test,T0001.jpg,8,revisar
validation,V0148.jpg,test,T0021.jpg,8,revisar
validation,V0148.jpg,test,T0024.jpg,8,revisar
validation,V0148.jpg,test,T0028.jpg,8,revisar
validation,V0148.jpg,test,T0043.jpg,8,revisar
validation,V0148.jpg,test,T0076.jpg,8,revisar
validation,V0148.jpg,test,T0082.jpg,8,revisar
validation,V0148.jpg,test,T0092.jpg,8,revisar
validation,V0148.jpg,test,T0104.jpg,8,revisar
validation,V0148.jpg,test,T0118.jpg,8,revisar
validation,V0148.jpg,test,T0125.jpg,8,revisar
validation,V0148.jpg,test,T0154.jpg,8,revisar
validation,V0148.jpg,test,T0171.jpg,8,revisar
validation,V0148.jpg,test,T0187.jpg,8,revisar
validation,V0148.jpg,test,T0190.jpg,8,revisar
validation,V0148.jpg,test,T0191.jpg,8,revisar
validation,V0148.jpg,test,T0215.jpg,8,revisar
validation,V0148.jpg,test,T0224.jpg,8,revisar
validation,V0148.jpg,test,T0227.jpg,8,revisar
validation,V0148.jpg,test,T0236.jpg,8,revisar
validation,V0148.jpg,test,T0244.jpg,8,revisar
validation,V0148.jpg,test,T0269.jpg,8,revisar
validation,V0148.jpg,test,T0274.jpg,8,revisar
validation,V0148.jpg,test,T0308.jpg,8,revisar
validation,V0148.jpg,test,T0323.jpg,8,revisar
validation,V0148.jpg,test,T0336.jpg,8,revisar
validation,V0148.jpg,test,T0337.jpg,8,revisar
validation,V0148.jpg,test,T0338.jpg,8,revisar
validation,V0148.jpg,test,T0352.jpg,8,revisar
validation,V0148.jpg,test,T0365.jpg,8,revisar
validation,V0148.jpg,test,T0378.jpg,8,revisar
validation,V0148.jpg,test,T0380.jpg,8,revisar
validation,V0148.jpg,test,T0382.jpg,8,revisar
validation,V0148.jpg,test,T0392.jpg,8,revisar
validation,V0148.jpg,test,T0393.jpg,8,revisar
validation,V0150.jpg,test,T0127.jpg,8,revisar
validation,V0150.jpg,test,T0165.jpg,8,revisar
validation,V0150.jpg,test,T0194.jpg,8,revisar
validation,V0150.jpg,test,T0238.jpg,8,revisar
validation,V0150.jpg,test,T0362.jpg,8,revisar
validation,V0151.jpg,test,T0006.jpg,8,revisar
validation,V0151.jpg,test,T0011.jpg,8,revisar
validation,V0151.jpg,test,T0018.jpg,8,revisar
validation,V0151.jpg,test,T0045.jpg,8,revisar
validation,V0151.jpg,test,T0076.jpg,8,revisar
validation,V0151.jpg,test,T0077.jpg,8,revisar
validation,V0151.jpg,test,T0115.jpg,8,revisar
validation,V0151.jpg,test,T0158.jpg,8,revisar
validation,V0151.jpg,test,T0213.jpg,8,revisar
validation,V0151.jpg,test,T0222.jpg,8,revisar
validation,V0151.jpg,test,T0227.jpg,8,revisar
validation,V0151.jpg,test,T0240.jpg,8,revisar
validation,V0151.jpg,test,T0268.jpg,8,revisar
validation,V0151.jpg,test,T0317.jpg,8,revisar
validation,V0151.jpg,test,T0325.jpg,8,revisar
validation,V0152.jpg,test,T0004.jpg,8,revisar
validation,V0152.jpg,test,T0016.jpg,8,revisar
validation,V0152.jpg,test,T0048.jpg,8,revisar
validation,V0152.jpg,test,T0063.jpg,8,revisar
validation,V0152.jpg,test,T0068.jpg,8,revisar
validation,V0152.jpg,test,T0071.jpg,8,revisar
validation,V0152.jpg,test,T0072.jpg,8,revisar
validation,V0152.jpg,test,T0076.jpg,8,revisar
validation,V0152.jpg,test,T0078.jpg,8,revisar
validation,V0152.jpg,test,T0092.jpg,8,revisar
validation,V0152.jpg,test,T0115.jpg,8,revisar
validation,V0152.jpg,test,T0121.jpg,8,revisar
validation,V0152.jpg,test,T0130.jpg,8,revisar
validation,V0152.jpg,test,T0138.jpg,8,revisar
validation,V0152.jpg,test,T0156.jpg,8,revisar
validation,V0152.jpg,test,T0168.jpg,8,revisar
validation,V0152.jpg,test,T0182.jpg,8,revisar
validation,V0152.jpg,test,T0187.jpg,8,revisar
validation,V0152.jpg,test,T0206.jpg,8,revisar
validation,V0152.jpg,test,T0212.jpg,8,revisar
validation,V0152.jpg,test,T0216.jpg,8,revisar
validation,V0152.jpg,test,T0227.jpg,8,revisar
validation,V0152.jpg,test,T0232.jpg,8,revisar
validation,V0152.jpg,test,T0233.jpg,8,revisar
validation,V0152.jpg,test,T0259.jpg,8,revisar
validation,V0152.jpg,test,T0260.jpg,8,revisar
validation,V0152.jpg,test,T0269.jpg,8,revisar
validation,V0152.jpg,test,T0279.jpg,8,revisar
validation,V0152.jpg,test,T0286.jpg,8,revisar
validation,V0152.jpg,test,T0287.jpg,8,revisar
validation,V0152.jpg,test,T0292.jpg,8,revisar
validation,V0152.jpg,test,T0313.jpg,8,revisar
validation,V0152.jpg,test,T0325.jpg,8,revisar
validation,V0152.jpg,test,T0334.jpg,8,revisar
validation,V0152.jpg,test,T0335.jpg,8,revisar
validation,V0152.jpg,test,T0338.jpg,8,revisar
validation,V0152.jpg,test,T0342.jpg,8,revisar
validation,V0152.jpg,test,T0350.jpg,8,revisar
validation,V0152.jpg,test,T0357.jpg,8,revisar
validation,V0152.jpg,test,T0361.jpg,8,revisar
validation,V0152.jpg,test,T0374.jpg,8,revisar
validation,V0152.jpg,test,T0386.jpg,8,revisar
validation,V0152.jpg,test,T0389.jpg,8,revisar
validation,V0153.jpg,test,T0003.jpg,8,revisar
validation,V0153.jpg,test,T0005.jpg,8,revisar
validation,V0153.jpg,test,T0020.jpg,8,revisar
validation,V0153.jpg,test,T0023.jpg,8,revisar
validation,V0153.jpg,test,T0042.jpg,8,revisar
validation,V0153.jpg,test,T0054.jpg,8,revisar
validation,V0153.jpg,test,T0080.jpg,8,revisar
validation,V0153.jpg,test,T0099.jpg,8,revisar
validation,V0153.jpg,test,T0101.jpg,8,revisar
validation,V0153.jpg,test,T0103.jpg,8,revisar
validation,V0153.jpg,test,T0110.jpg,8,revisar
validation,V0153.jpg,test,T0117.jpg,8,revisar
validation,V0153.jpg,test,T0120.jpg,8,revisar
validation,V0153.jpg,test,T0122.jpg,8,revisar
validation,V0153.jpg,test,T0129.jpg,8,revisar
validation,V0153.jpg,test,T0138.jpg,8,revisar
validation,V0153.jpg,test,T0153.jpg,8,revisar
validation,V0153.jpg,test,T0187.jpg,8,revisar
validation,V0153.jpg,test,T0193.jpg,8,revisar
validation,V0153.jpg,test,T0201.jpg,8,revisar
validation,V0153.jpg,test,T0203.jpg,8,revisar
validation,V0153.jpg,test,T0214.jpg,8,revisar
validation,V0153.jpg,test,T0221.jpg,8,revisar
validation,V0153.jpg,test,T0223.jpg,8,revisar
validation,V0153.jpg,test,T0250.jpg,8,revisar
validation,V0153.jpg,test,T0254.jpg,8,revisar
validation,V0153.jpg,test,T0300.jpg,8,revisar
validation,V0153.jpg,test,T0312.jpg,8,revisar
validation,V0153.jpg,test,T0315.jpg,8,revisar
validation,V0153.jpg,test,T0329.jpg,8,revisar
validation,V0153.jpg,test,T0331.jpg,8,revisar
validation,V0153.jpg,test,T0335.jpg,8,revisar
validation,V0153.jpg,test,T0347.jpg,8,revisar
validation,V0153.jpg,test,T0398.jpg,8,revisar
validation,V0154.jpg,test,T0055.jpg,8,revisar
validation,V0154.jpg,test,T0174.jpg,8,revisar
validation,V0154.jpg,test,T0179.jpg,8,revisar
validation,V0154.jpg,test,T0257.jpg,8,revisar
validation,V0154.jpg,test,T0326.jpg,8,revisar
validation,V0154.jpg,test,T0359.jpg,8,revisar
validation,V0155.jpg,test,T0081.jpg,8,revisar
validation,V0155.jpg,test,T0105.jpg,8,revisar
validation,V0155.jpg,test,T0192.jpg,8,revisar
validation,V0155.jpg,test,T0202.jpg,8,revisar
validation,V0155.jpg,test,T0238.jpg,8,revisar
validation,V0155.jpg,test,T0280.jpg,8,revisar
validation,V0155.jpg,test,T0301.jpg,8,revisar
validation,V0155.jpg,test,T0359.jpg,8,revisar
validation,V0156.jpg,test,T0126.jpg,8,revisar
validation,V0157.jpg,test,T0021.jpg,8,revisar
validation,V0157.jpg,test,T0028.jpg,8,revisar
validation,V0157.jpg,test,T0038.jpg,8,revisar
validation,V0157.jpg,test,T0043.jpg,8,revisar
validation,V0157.jpg,test,T0044.jpg,8,revisar
validation,V0157.jpg,test,T0054.jpg,8,revisar
validation,V0157.jpg,test,T0077.jpg,8,revisar
validation,V0157.jpg,test,T0088.jpg,8,revisar
validation,V0157.jpg,test,T0103.jpg,8,revisar
validation,V0157.jpg,test,T0111.jpg,8,revisar
validation,V0157.jpg,test,T0115.jpg,8,revisar
validation,V0157.jpg,test,T0125.jpg,8,revisar
validation,V0157.jpg,test,T0158.jpg,8,revisar
validation,V0157.jpg,test,T0166.jpg,8,revisar
validation,V0157.jpg,test,T0168.jpg,8,revisar
validation,V0157.jpg,test,T0178.jpg,8,revisar
validation,V0157.jpg,test,T0184.jpg,8,revisar
validation,V0157.jpg,test,T0193.jpg,8,revisar
validation,V0157.jpg,test,T0196.jpg,8,revisar
validation,V0157.jpg,test,T0213.jpg,8,revisar
validation,V0157.jpg,test,T0214.jpg,8,revisar
validation,V0157.jpg,test,T0216.jpg,8,revisar
validation,V0157.jpg,test,T0237.jpg,8,revisar
validation,V0157.jpg,test,T0244.jpg,8,revisar
validation,V0157.jpg,test,T0250.jpg,8,revisar
validation,V0157.jpg,test,T0251.jpg,8,revisar
validation,V0157.jpg,test,T0254.jpg,8,revisar
validation,V0157.jpg,test,T0255.jpg,8,revisar
validation,V0157.jpg,test,T0265.jpg,8,revisar
validation,V0157.jpg,test,T0289.jpg,8,revisar
validation,V0157.jpg,test,T0313.jpg,8,revisar
validation,V0157.jpg,test,T0316.jpg,8,revisar
validation,V0157.jpg,test,T0323.jpg,8,revisar
validation,V0157.jpg,test,T0325.jpg,8,revisar
validation,V0157.jpg,test,T0335.jpg,8,revisar
validation,V0157.jpg,test,T0336.jpg,8,revisar
validation,V0157.jpg,test,T0345.jpg,8,revisar
validation,V0157.jpg,test,T0350.jpg,8,revisar
validation,V0157.jpg,test,T0357.jpg,8,revisar
validation,V0157.jpg,test,T0368.jpg,8,revisar
validation,V0157.jpg,test,T0374.jpg,8,revisar
validation,V0157.jpg,test,T0377.jpg,8,revisar
validation,V0157.jpg,test,T0378.jpg,8,revisar
validation,V0157.jpg,test,T0380.jpg,8,revisar
validation,V0157.jpg,test,T0382.jpg,8,revisar
validation,V0157.jpg,test,T0392.jpg,8,revisar
validation,V0157.jpg,test,T0393.jpg,8,revisar
validation,V0157.jpg,test,T0395.jpg,8,revisar
validation,V0158.jpg,test,T0019.jpg,8,revisar
validation,V0158.jpg,test,T0045.jpg,8,revisar
validation,V0158.jpg,test,T0050.jpg,8,revisar
validation,V0158.jpg,test,T0077.jpg,8,revisar
validation,V0158.jpg,test,T0082.jpg,8,revisar
validation,V0158.jpg,test,T0134.jpg,8,revisar
validation,V0158.jpg,test,T0139.jpg,8,revisar
validation,V0158.jpg,test,T0156.jpg,8,revisar
validation,V0158.jpg,test,T0185.jpg,8,revisar
validation,V0158.jpg,test,T0196.jpg,8,revisar
validation,V0158.jpg,test,T0215.jpg,8,revisar
validation,V0158.jpg,test,T0233.jpg,8,revisar
validation,V0158.jpg,test,T0239.jpg,8,revisar
validation,V0158.jpg,test,T0246.jpg,8,revisar
validation,V0158.jpg,test,T0260.jpg,8,revisar
validation,V0158.jpg,test,T0286.jpg,8,revisar
validation,V0158.jpg,test,T0289.jpg,8,revisar
validation,V0158.jpg,test,T0292.jpg,8,revisar
validation,V0158.jpg,test,T0297.jpg,8,revisar
validation,V0158.jpg,test,T0307.jpg,8,revisar
validation,V0158.jpg,test,T0317.jpg,8,revisar
validation,V0158.jpg,test,T0327.jpg,8,revisar
validation,V0158.jpg,test,T0336.jpg,8,revisar
validation,V0158.jpg,test,T0365.jpg,8,revisar
validation,V0158.jpg,test,T0382.jpg,8,revisar
validation,V0158.jpg,test,T0391.jpg,8,revisar
validation,V0160.jpg,test,T0001.jpg,8,revisar
validation,V0160.jpg,test,T0016.jpg,8,revisar
validation,V0160.jpg,test,T0032.jpg,8,revisar
validation,V0160.jpg,test,T0184.jpg,8,revisar
validation,V0160.jpg,test,T0187.jpg,8,revisar
validation,V0160.jpg,test,T0193.jpg,8,revisar
validation,V0160.jpg,test,T0207.jpg,8,revisar
validation,V0160.jpg,test,T0231.jpg,8,revisar
validation,V0160.jpg,test,T0255.jpg,8,revisar
validation,V0160.jpg,test,T0259.jpg,8,revisar
validation,V0160.jpg,test,T0290.jpg,8,revisar
validation,V0160.jpg,test,T0298.jpg,8,revisar
validation,V0160.jpg,test,T0329.jpg,8,revisar
validation,V0160.jpg,test,T0355.jpg,8,revisar
validation,V0161.jpg,test,T0001.jpg,8,revisar
validation,V0161.jpg,test,T0003.jpg,8,revisar
validation,V0161.jpg,test,T0016.jpg,8,revisar
validation,V0161.jpg,test,T0020.jpg,8,revisar
validation,V0161.jpg,test,T0033.jpg,8,revisar
validation,V0161.jpg,test,T0034.jpg,8,revisar
validation,V0161.jpg,test,T0041.jpg,8,revisar
validation,V0161.jpg,test,T0042.jpg,8,revisar
validation,V0161.jpg,test,T0044.jpg,8,revisar
validation,V0161.jpg,test,T0046.jpg,8,revisar
validation,V0161.jpg,test,T0054.jpg,8,revisar
validation,V0161.jpg,test,T0058.jpg,8,revisar
validation,V0161.jpg,test,T0075.jpg,8,revisar
validation,V0161.jpg,test,T0077.jpg,8,revisar
validation,V0161.jpg,test,T0087.jpg,8,revisar
validation,V0161.jpg,test,T0095.jpg,8,revisar
validation,V0161.jpg,test,T0120.jpg,8,revisar
validation,V0161.jpg,test,T0130.jpg,8,revisar
validation,V0161.jpg,test,T0142.jpg,8,revisar
validation,V0161.jpg,test,T0145.jpg,8,revisar
validation,V0161.jpg,test,T0153.jpg,8,revisar
validation,V0161.jpg,test,T0154.jpg,8,revisar
validation,V0161.jpg,test,T0187.jpg,8,revisar
validation,V0161.jpg,test,T0201.jpg,8,revisar
validation,V0161.jpg,test,T0220.jpg,8,revisar
validation,V0161.jpg,test,T0221.jpg,8,revisar
validation,V0161.jpg,test,T0223.jpg,8,revisar
validation,V0161.jpg,test,T0225.jpg,8,revisar
validation,V0161.jpg,test,T0253.jpg,8,revisar
validation,V0161.jpg,test,T0254.jpg,8,revisar
validation,V0161.jpg,test,T0255.jpg,8,revisar
validation,V0161.jpg,test,T0259.jpg,8,revisar
validation,V0161.jpg,test,T0293.jpg,8,revisar
validation,V0161.jpg,test,T0298.jpg,8,revisar
validation,V0161.jpg,test,T0311.jpg,8,revisar
validation,V0161.jpg,test,T0319.jpg,8,revisar
validation,V0161.jpg,test,T0329.jpg,8,revisar
validation,V0161.jpg,test,T0331.jpg,8,revisar
validation,V0161.jpg,test,T0336.jpg,8,revisar
validation,V0161.jpg,test,T0341.jpg,8,revisar
validation,V0161.jpg,test,T0342.jpg,8,revisar
validation,V0161.jpg,test,T0343.jpg,8,revisar
validation,V0161.jpg,test,T0350.jpg,8,revisar
validation,V0161.jpg,test,T0357.jpg,8,revisar
validation,V0161.jpg,test,T0361.jpg,8,revisar
validation,V0161.jpg,test,T0363.jpg,8,revisar
validation,V0161.jpg,test,T0364.jpg,8,revisar
validation,V0161.jpg,test,T0382.jpg,8,revisar
validation,V0161.jpg,test,T0389.jpg,8,revisar
validation,V0161.jpg,test,T0393.jpg,8,revisar
validation,V0162.jpg,test,T0102.jpg,8,revisar
validation,V0163.jpg,test,T0001.jpg,8,revisar
validation,V0163.jpg,test,T0002.jpg,8,revisar
validation,V0163.jpg,test,T0005.jpg,8,revisar
validation,V0163.jpg,test,T0028.jpg,8,revisar
validation,V0163.jpg,test,T0032.jpg,8,revisar
validation,V0163.jpg,test,T0042.jpg,8,revisar
validation,V0163.jpg,test,T0044.jpg,8,revisar
validation,V0163.jpg,test,T0051.jpg,8,revisar
validation,V0163.jpg,test,T0087.jpg,8,revisar
validation,V0163.jpg,test,T0092.jpg,8,revisar
validation,V0163.jpg,test,T0139.jpg,8,revisar
validation,V0163.jpg,test,T0149.jpg,8,revisar
validation,V0163.jpg,test,T0151.jpg,8,revisar
validation,V0163.jpg,test,T0154.jpg,8,revisar
validation,V0163.jpg,test,T0158.jpg,8,revisar
validation,V0163.jpg,test,T0201.jpg,8,revisar
validation,V0163.jpg,test,T0205.jpg,8,revisar
validation,V0163.jpg,test,T0207.jpg,8,revisar
validation,V0163.jpg,test,T0214.jpg,8,revisar
validation,V0163.jpg,test,T0225.jpg,8,revisar
validation,V0163.jpg,test,T0251.jpg,8,revisar
validation,V0163.jpg,test,T0255.jpg,8,revisar
validation,V0163.jpg,test,T0265.jpg,8,revisar
validation,V0163.jpg,test,T0286.jpg,8,revisar
validation,V0163.jpg,test,T0289.jpg,8,revisar
validation,V0163.jpg,test,T0314.jpg,8,revisar
validation,V0163.jpg,test,T0331.jpg,8,revisar
validation,V0163.jpg,test,T0342.jpg,8,revisar
validation,V0163.jpg,test,T0343.jpg,8,revisar
validation,V0163.jpg,test,T0345.jpg,8,revisar
validation,V0163.jpg,test,T0350.jpg,8,revisar
validation,V0163.jpg,test,T0368.jpg,8,revisar
validation,V0163.jpg,test,T0369.jpg,8,revisar
validation,V0163.jpg,test,T0374.jpg,8,revisar
validation,V0163.jpg,test,T0383.jpg,8,revisar
validation,V0163.jpg,test,T0392.jpg,8,revisar
validation,V0165.jpg,test,T0007.jpg,8,revisar
validation,V0165.jpg,test,T0019.jpg,8,revisar
validation,V0165.jpg,test,T0034.jpg,8,revisar
validation,V0165.jpg,test,T0061.jpg,8,revisar
validation,V0165.jpg,test,T0073.jpg,8,revisar
validation,V0165.jpg,test,T0319.jpg,8,revisar
validation,V0165.jpg,test,T0350.jpg,8,revisar
validation,V0166.jpg,test,T0017.jpg,8,revisar
validation,V0166.jpg,test,T0020.jpg,8,revisar
validation,V0166.jpg,test,T0024.jpg,8,revisar
validation,V0166.jpg,test,T0028.jpg,8,revisar
validation,V0166.jpg,test,T0058.jpg,8,revisar
validation,V0166.jpg,test,T0072.jpg,8,revisar
validation,V0166.jpg,test,T0073.jpg,8,revisar
validation,V0166.jpg,test,T0076.jpg,8,revisar
validation,V0166.jpg,test,T0095.jpg,8,revisar
validation,V0166.jpg,test,T0107.jpg,8,revisar
validation,V0166.jpg,test,T0109.jpg,8,revisar
validation,V0166.jpg,test,T0119.jpg,8,revisar
validation,V0166.jpg,test,T0130.jpg,8,revisar
validation,V0166.jpg,test,T0134.jpg,8,revisar
validation,V0166.jpg,test,T0135.jpg,8,revisar
validation,V0166.jpg,test,T0145.jpg,8,revisar
validation,V0166.jpg,test,T0146.jpg,8,revisar
validation,V0166.jpg,test,T0147.jpg,8,revisar
validation,V0166.jpg,test,T0151.jpg,8,revisar
validation,V0166.jpg,test,T0156.jpg,8,revisar
validation,V0166.jpg,test,T0171.jpg,8,revisar
validation,V0166.jpg,test,T0173.jpg,8,revisar
validation,V0166.jpg,test,T0178.jpg,8,revisar
validation,V0166.jpg,test,T0193.jpg,8,revisar
validation,V0166.jpg,test,T0214.jpg,8,revisar
validation,V0166.jpg,test,T0219.jpg,8,revisar
validation,V0166.jpg,test,T0227.jpg,8,revisar
validation,V0166.jpg,test,T0231.jpg,8,revisar
validation,V0166.jpg,test,T0236.jpg,8,revisar
validation,V0166.jpg,test,T0237.jpg,8,revisar
validation,V0166.jpg,test,T0244.jpg,8,revisar
validation,V0166.jpg,test,T0246.jpg,8,revisar
validation,V0166.jpg,test,T0259.jpg,8,revisar
validation,V0166.jpg,test,T0279.jpg,8,revisar
validation,V0166.jpg,test,T0289.jpg,8,revisar
validation,V0166.jpg,test,T0292.jpg,8,revisar
validation,V0166.jpg,test,T0316.jpg,8,revisar
validation,V0166.jpg,test,T0325.jpg,8,revisar
validation,V0166.jpg,test,T0328.jpg,8,revisar
validation,V0166.jpg,test,T0329.jpg,8,revisar
validation,V0166.jpg,test,T0334.jpg,8,revisar
validation,V0166.jpg,test,T0350.jpg,8,revisar
validation,V0166.jpg,test,T0355.jpg,8,revisar
validation,V0166.jpg,test,T0363.jpg,8,revisar
validation,V0166.jpg,test,T0365.jpg,8,revisar
validation,V0166.jpg,test,T0378.jpg,8,revisar
validation,V0166.jpg,test,T0382.jpg,8,revisar
validation,V0166.jpg,test,T0393.jpg,8,revisar
validation,V0166.jpg,test,T0395.jpg,8,revisar
validation,V0166.jpg,test,T0399.jpg,8,revisar
validation,V0167.jpg,test,T0055.jpg,8,revisar
validation,V0167.jpg,test,T0194.jpg,8,revisar
validation,V0167.jpg,test,T0210.jpg,8,revisar
validation,V0168.jpg,test,T0016.jpg,8,revisar
validation,V0168.jpg,test,T0021.jpg,8,revisar
validation,V0168.jpg,test,T0035.jpg,8,revisar
validation,V0168.jpg,test,T0041.jpg,8,revisar
validation,V0168.jpg,test,T0048.jpg,8,revisar
validation,V0168.jpg,test,T0050.jpg,8,revisar
validation,V0168.jpg,test,T0052.jpg,8,revisar
validation,V0168.jpg,test,T0063.jpg,8,revisar
validation,V0168.jpg,test,T0068.jpg,8,revisar
validation,V0168.jpg,test,T0077.jpg,8,revisar
validation,V0168.jpg,test,T0078.jpg,8,revisar
validation,V0168.jpg,test,T0087.jpg,8,revisar
validation,V0168.jpg,test,T0088.jpg,8,revisar
validation,V0168.jpg,test,T0104.jpg,8,revisar
validation,V0168.jpg,test,T0107.jpg,8,revisar
validation,V0168.jpg,test,T0115.jpg,8,revisar
validation,V0168.jpg,test,T0118.jpg,8,revisar
validation,V0168.jpg,test,T0121.jpg,8,revisar
validation,V0168.jpg,test,T0135.jpg,8,revisar
validation,V0168.jpg,test,T0154.jpg,8,revisar
validation,V0168.jpg,test,T0156.jpg,8,revisar
validation,V0168.jpg,test,T0232.jpg,8,revisar
validation,V0168.jpg,test,T0236.jpg,8,revisar
validation,V0168.jpg,test,T0251.jpg,8,revisar
validation,V0168.jpg,test,T0260.jpg,8,revisar
validation,V0168.jpg,test,T0289.jpg,8,revisar
validation,V0168.jpg,test,T0307.jpg,8,revisar
validation,V0168.jpg,test,T0313.jpg,8,revisar
validation,V0168.jpg,test,T0325.jpg,8,revisar
validation,V0168.jpg,test,T0337.jpg,8,revisar
validation,V0168.jpg,test,T0338.jpg,8,revisar
validation,V0168.jpg,test,T0357.jpg,8,revisar
validation,V0168.jpg,test,T0363.jpg,8,revisar
validation,V0168.jpg,test,T0367.jpg,8,revisar
validation,V0168.jpg,test,T0390.jpg,8,revisar
validation,V0169.jpg,test,T0008.jpg,8,revisar
validation,V0169.jpg,test,T0064.jpg,8,revisar
validation,V0169.jpg,test,T0136.jpg,8,revisar
validation,V0169.jpg,test,T0146.jpg,8,revisar
validation,V0169.jpg,test,T0331.jpg,8,revisar
validation,V0169.jpg,test,T0343.jpg,8,revisar
validation,V0169.jpg,test,T0347.jpg,8,revisar
validation,V0169.jpg,test,T0387.jpg,8,revisar
validation,V0170.jpg,test,T0006.jpg,8,revisar
validation,V0170.jpg,test,T0007.jpg,8,revisar
validation,V0170.jpg,test,T0096.jpg,8,revisar
validation,V0170.jpg,test,T0115.jpg,8,revisar
validation,V0170.jpg,test,T0147.jpg,8,revisar
validation,V0170.jpg,test,T0156.jpg,8,revisar
validation,V0170.jpg,test,T0196.jpg,8,revisar
validation,V0170.jpg,test,T0219.jpg,8,revisar
validation,V0170.jpg,test,T0224.jpg,8,revisar
validation,V0170.jpg,test,T0225.jpg,8,revisar
validation,V0170.jpg,test,T0233.jpg,8,revisar
validation,V0170.jpg,test,T0245.jpg,8,revisar
validation,V0170.jpg,test,T0246.jpg,8,revisar
validation,V0170.jpg,test,T0289.jpg,8,revisar
validation,V0170.jpg,test,T0292.jpg,8,revisar
validation,V0170.jpg,test,T0299.jpg,8,revisar
validation,V0170.jpg,test,T0313.jpg,8,revisar
validation,V0170.jpg,test,T0337.jpg,8,revisar
validation,V0170.jpg,test,T0351.jpg,8,revisar
validation,V0170.jpg,test,T0393.jpg,8,revisar
validation,V0171.jpg,test,T0209.jpg,8,revisar
validation,V0172.jpg,test,T0042.jpg,8,revisar
validation,V0172.jpg,test,T0048.jpg,8,revisar
validation,V0172.jpg,test,T0054.jpg,8,revisar
validation,V0172.jpg,test,T0073.jpg,8,revisar
validation,V0172.jpg,test,T0095.jpg,8,revisar
validation,V0172.jpg,test,T0101.jpg,8,revisar
validation,V0172.jpg,test,T0117.jpg,8,revisar
validation,V0172.jpg,test,T0120.jpg,8,revisar
validation,V0172.jpg,test,T0122.jpg,8,revisar
validation,V0172.jpg,test,T0130.jpg,8,revisar
validation,V0172.jpg,test,T0136.jpg,8,revisar
validation,V0172.jpg,test,T0145.jpg,8,revisar
validation,V0172.jpg,test,T0154.jpg,8,revisar
validation,V0172.jpg,test,T0163.jpg,8,revisar
validation,V0172.jpg,test,T0168.jpg,8,revisar
validation,V0172.jpg,test,T0203.jpg,8,revisar
validation,V0172.jpg,test,T0251.jpg,8,revisar
validation,V0172.jpg,test,T0254.jpg,8,revisar
validation,V0172.jpg,test,T0279.jpg,8,revisar
validation,V0172.jpg,test,T0289.jpg,8,revisar
validation,V0172.jpg,test,T0294.jpg,8,revisar
validation,V0172.jpg,test,T0300.jpg,8,revisar
validation,V0172.jpg,test,T0314.jpg,8,revisar
validation,V0172.jpg,test,T0319.jpg,8,revisar
validation,V0172.jpg,test,T0331.jpg,8,revisar
validation,V0173.jpg,test,T0004.jpg,8,revisar
validation,V0173.jpg,test,T0006.jpg,8,revisar
validation,V0173.jpg,test,T0016.jpg,8,revisar
validation,V0173.jpg,test,T0024.jpg,8,revisar
validation,V0173.jpg,test,T0035.jpg,8,revisar
validation,V0173.jpg,test,T0041.jpg,8,revisar
validation,V0173.jpg,test,T0054.jpg,8,revisar
validation,V0173.jpg,test,T0068.jpg,8,revisar
validation,V0173.jpg,test,T0078.jpg,8,revisar
validation,V0173.jpg,test,T0082.jpg,8,revisar
validation,V0173.jpg,test,T0087.jpg,8,revisar
validation,V0173.jpg,test,T0088.jpg,8,revisar
validation,V0173.jpg,test,T0099.jpg,8,revisar
validation,V0173.jpg,test,T0104.jpg,8,revisar
validation,V0173.jpg,test,T0107.jpg,8,revisar
validation,V0173.jpg,test,T0129.jpg,8,revisar
validation,V0173.jpg,test,T0135.jpg,8,revisar
validation,V0173.jpg,test,T0138.jpg,8,revisar
validation,V0173.jpg,test,T0151.jpg,8,revisar
validation,V0173.jpg,test,T0167.jpg,8,revisar
validation,V0173.jpg,test,T0171.jpg,8,revisar
validation,V0173.jpg,test,T0185.jpg,8,revisar
validation,V0173.jpg,test,T0206.jpg,8,revisar
validation,V0173.jpg,test,T0212.jpg,8,revisar
validation,V0173.jpg,test,T0214.jpg,8,revisar
validation,V0173.jpg,test,T0215.jpg,8,revisar
validation,V0173.jpg,test,T0219.jpg,8,revisar
validation,V0173.jpg,test,T0220.jpg,8,revisar
validation,V0173.jpg,test,T0232.jpg,8,revisar
validation,V0173.jpg,test,T0244.jpg,8,revisar
validation,V0173.jpg,test,T0246.jpg,8,revisar
validation,V0173.jpg,test,T0247.jpg,8,revisar
validation,V0173.jpg,test,T0259.jpg,8,revisar
validation,V0173.jpg,test,T0269.jpg,8,revisar
validation,V0173.jpg,test,T0279.jpg,8,revisar
validation,V0173.jpg,test,T0286.jpg,8,revisar
validation,V0173.jpg,test,T0287.jpg,8,revisar
validation,V0173.jpg,test,T0293.jpg,8,revisar
validation,V0173.jpg,test,T0299.jpg,8,revisar
validation,V0173.jpg,test,T0317.jpg,8,revisar
validation,V0173.jpg,test,T0329.jpg,8,revisar
validation,V0173.jpg,test,T0335.jpg,8,revisar
validation,V0173.jpg,test,T0338.jpg,8,revisar
validation,V0173.jpg,test,T0350.jpg,8,revisar
validation,V0173.jpg,test,T0357.jpg,8,revisar
validation,V0173.jpg,test,T0367.jpg,8,revisar
validation,V0173.jpg,test,T0378.jpg,8,revisar
validation,V0173.jpg,test,T0380.jpg,8,revisar
validation,V0173.jpg,test,T0389.jpg,8,revisar
validation,V0174.jpg,test,T0077.jpg,8,revisar
validation,V0174.jpg,test,T0082.jpg,8,revisar
validation,V0174.jpg,test,T0100.jpg,8,revisar
validation,V0174.jpg,test,T0115.jpg,8,revisar
validation,V0174.jpg,test,T0116.jpg,8,revisar
validation,V0174.jpg,test,T0236.jpg,8,revisar
validation,V0174.jpg,test,T0325.jpg,8,revisar
validation,V0176.jpg,test,T0198.jpg,8,revisar
validation,V0177.jpg,test,T0019.jpg,8,revisar
validation,V0177.jpg,test,T0034.jpg,8,revisar
validation,V0177.jpg,test,T0050.jpg,8,revisar
validation,V0177.jpg,test,T0058.jpg,8,revisar
validation,V0177.jpg,test,T0072.jpg,8,revisar
validation,V0177.jpg,test,T0087.jpg,8,revisar
validation,V0177.jpg,test,T0139.jpg,8,revisar
validation,V0177.jpg,test,T0141.jpg,8,revisar
validation,V0177.jpg,test,T0158.jpg,8,revisar
validation,V0177.jpg,test,T0163.jpg,8,revisar
validation,V0177.jpg,test,T0214.jpg,8,revisar
validation,V0177.jpg,test,T0244.jpg,8,revisar
validation,V0177.jpg,test,T0251.jpg,8,revisar
validation,V0177.jpg,test,T0254.jpg,8,revisar
validation,V0177.jpg,test,T0262.jpg,8,revisar
validation,V0177.jpg,test,T0278.jpg,8,revisar
validation,V0177.jpg,test,T0289.jpg,8,revisar
validation,V0177.jpg,test,T0318.jpg,8,revisar
validation,V0177.jpg,test,T0340.jpg,8,revisar
validation,V0177.jpg,test,T0342.jpg,8,revisar
validation,V0177.jpg,test,T0357.jpg,8,revisar
validation,V0177.jpg,test,T0377.jpg,8,revisar
validation,V0178.jpg,test,T0001.jpg,8,revisar
validation,V0178.jpg,test,T0028.jpg,8,revisar
validation,V0178.jpg,test,T0044.jpg,8,revisar
validation,V0178.jpg,test,T0051.jpg,8,revisar
validation,V0178.jpg,test,T0087.jpg,8,revisar
validation,V0178.jpg,test,T0101.jpg,8,revisar
validation,V0178.jpg,test,T0114.jpg,8,revisar
validation,V0178.jpg,test,T0118.jpg,8,revisar
validation,V0178.jpg,test,T0136.jpg,8,revisar
validation,V0178.jpg,test,T0139.jpg,8,revisar
validation,V0178.jpg,test,T0141.jpg,8,revisar
validation,V0178.jpg,test,T0149.jpg,8,revisar
validation,V0178.jpg,test,T0154.jpg,8,revisar
validation,V0178.jpg,test,T0166.jpg,8,revisar
validation,V0178.jpg,test,T0171.jpg,8,revisar
validation,V0178.jpg,test,T0190.jpg,8,revisar
validation,V0178.jpg,test,T0191.jpg,8,revisar
validation,V0178.jpg,test,T0201.jpg,8,revisar
validation,V0178.jpg,test,T0205.jpg,8,revisar
validation,V0178.jpg,test,T0213.jpg,8,revisar
validation,V0178.jpg,test,T0225.jpg,8,revisar
validation,V0178.jpg,test,T0231.jpg,8,revisar
validation,V0178.jpg,test,T0244.jpg,8,revisar
validation,V0178.jpg,test,T0251.jpg,8,revisar
validation,V0178.jpg,test,T0253.jpg,8,revisar
validation,V0178.jpg,test,T0254.jpg,8,revisar
validation,V0178.jpg,test,T0255.jpg,8,revisar
validation,V0178.jpg,test,T0260.jpg,8,revisar
validation,V0178.jpg,test,T0286.jpg,8,revisar
validation,V0178.jpg,test,T0289.jpg,8,revisar
validation,V0178.jpg,test,T0294.jpg,8,revisar
validation,V0178.jpg,test,T0299.jpg,8,revisar
validation,V0178.jpg,test,T0311.jpg,8,revisar
validation,V0178.jpg,test,T0313.jpg,8,revisar
validation,V0178.jpg,test,T0314.jpg,8,revisar
validation,V0178.jpg,test,T0345.jpg,8,revisar
validation,V0178.jpg,test,T0355.jpg,8,revisar
validation,V0178.jpg,test,T0364.jpg,8,revisar
validation,V0178.jpg,test,T0368.jpg,8,revisar
validation,V0178.jpg,test,T0369.jpg,8,revisar
validation,V0178.jpg,test,T0377.jpg,8,revisar
validation,V0178.jpg,test,T0380.jpg,8,revisar
validation,V0178.jpg,test,T0392.jpg,8,revisar
validation,V0178.jpg,test,T0399.jpg,8,revisar
validation,V0179.jpg,test,T0010.jpg,8,revisar
validation,V0179.jpg,test,T0041.jpg,8,revisar
validation,V0179.jpg,test,T0042.jpg,8,revisar
validation,V0179.jpg,test,T0044.jpg,8,revisar
validation,V0179.jpg,test,T0046.jpg,8,revisar
validation,V0179.jpg,test,T0054.jpg,8,revisar
validation,V0179.jpg,test,T0058.jpg,8,revisar
validation,V0179.jpg,test,T0073.jpg,8,revisar
validation,V0179.jpg,test,T0095.jpg,8,revisar
validation,V0179.jpg,test,T0120.jpg,8,revisar
validation,V0179.jpg,test,T0122.jpg,8,revisar
validation,V0179.jpg,test,T0136.jpg,8,revisar
validation,V0179.jpg,test,T0163.jpg,8,revisar
validation,V0179.jpg,test,T0219.jpg,8,revisar
validation,V0179.jpg,test,T0221.jpg,8,revisar
validation,V0179.jpg,test,T0223.jpg,8,revisar
validation,V0179.jpg,test,T0294.jpg,8,revisar
validation,V0179.jpg,test,T0300.jpg,8,revisar
validation,V0179.jpg,test,T0311.jpg,8,revisar
validation,V0179.jpg,test,T0319.jpg,8,revisar
validation,V0179.jpg,test,T0328.jpg,8,revisar
validation,V0179.jpg,test,T0334.jpg,8,revisar
validation,V0179.jpg,test,T0342.jpg,8,revisar
validation,V0179.jpg,test,T0343.jpg,8,revisar
validation,V0180.jpg,test,T0001.jpg,8,revisar
validation,V0180.jpg,test,T0006.jpg,8,revisar
validation,V0180.jpg,test,T0035.jpg,8,revisar
validation,V0180.jpg,test,T0041.jpg,8,revisar
validation,V0180.jpg,test,T0048.jpg,8,revisar
validation,V0180.jpg,test,T0068.jpg,8,revisar
validation,V0180.jpg,test,T0077.jpg,8,revisar
validation,V0180.jpg,test,T0078.jpg,8,revisar
validation,V0180.jpg,test,T0095.jpg,8,revisar
validation,V0180.jpg,test,T0115.jpg,8,revisar
validation,V0180.jpg,test,T0156.jpg,8,revisar
validation,V0180.jpg,test,T0167.jpg,8,revisar
validation,V0180.jpg,test,T0187.jpg,8,revisar
validation,V0180.jpg,test,T0201.jpg,8,revisar
validation,V0180.jpg,test,T0212.jpg,8,revisar
validation,V0180.jpg,test,T0219.jpg,8,revisar
validation,V0180.jpg,test,T0232.jpg,8,revisar
validation,V0180.jpg,test,T0233.jpg,8,revisar
validation,V0180.jpg,test,T0279.jpg,8,revisar
validation,V0180.jpg,test,T0289.jpg,8,revisar
validation,V0180.jpg,test,T0292.jpg,8,revisar
validation,V0180.jpg,test,T0337.jpg,8,revisar
validation,V0180.jpg,test,T0340.jpg,8,revisar
validation,V0180.jpg,test,T0350.jpg,8,revisar
validation,V0180.jpg,test,T0361.jpg,8,revisar
validation,V0180.jpg,test,T0367.jpg,8,revisar
validation,V0180.jpg,test,T0398.jpg,8,revisar
validation,V0181.jpg,test,T0001.jpg,8,revisar
validation,V0181.jpg,test,T0021.jpg,8,revisar
validation,V0181.jpg,test,T0092.jpg,8,revisar
validation,V0181.jpg,test,T0095.jpg,8,revisar
validation,V0181.jpg,test,T0115.jpg,8,revisar
validation,V0181.jpg,test,T0125.jpg,8,revisar
validation,V0181.jpg,test,T0146.jpg,8,revisar
validation,V0181.jpg,test,T0154.jpg,8,revisar
validation,V0181.jpg,test,T0159.jpg,8,revisar
validation,V0181.jpg,test,T0169.jpg,8,revisar
validation,V0181.jpg,test,T0187.jpg,8,revisar
validation,V0181.jpg,test,T0190.jpg,8,revisar
validation,V0181.jpg,test,T0224.jpg,8,revisar
validation,V0181.jpg,test,T0259.jpg,8,revisar
validation,V0181.jpg,test,T0287.jpg,8,revisar
validation,V0181.jpg,test,T0290.jpg,8,revisar
validation,V0181.jpg,test,T0323.jpg,8,revisar
validation,V0181.jpg,test,T0325.jpg,8,revisar
validation,V0181.jpg,test,T0336.jpg,8,revisar
validation,V0181.jpg,test,T0347.jpg,8,revisar
validation,V0181.jpg,test,T0378.jpg,8,revisar
validation,V0181.jpg,test,T0382.jpg,8,revisar
validation,V0181.jpg,test,T0387.jpg,8,revisar
validation,V0181.jpg,test,T0392.jpg,8,revisar
validation,V0181.jpg,test,T0393.jpg,8,revisar
validation,V0182.jpg,test,T0014.jpg,8,revisar
validation,V0182.jpg,test,T0021.jpg,8,revisar
validation,V0182.jpg,test,T0025.jpg,8,revisar
validation,V0182.jpg,test,T0029.jpg,8,revisar
validation,V0182.jpg,test,T0048.jpg,8,revisar
validation,V0182.jpg,test,T0052.jpg,8,revisar
validation,V0182.jpg,test,T0068.jpg,8,revisar
validation,V0182.jpg,test,T0125.jpg,8,revisar
validation,V0182.jpg,test,T0169.jpg,8,revisar
validation,V0182.jpg,test,T0182.jpg,8,revisar
validation,V0182.jpg,test,T0206.jpg,8,revisar
validation,V0182.jpg,test,T0212.jpg,8,revisar
validation,V0182.jpg,test,T0251.jpg,8,revisar
validation,V0182.jpg,test,T0262.jpg,8,revisar
validation,V0182.jpg,test,T0267.jpg,8,revisar
validation,V0182.jpg,test,T0279.jpg,8,revisar
validation,V0182.jpg,test,T0287.jpg,8,revisar
validation,V0182.jpg,test,T0336.jpg,8,revisar
validation,V0182.jpg,test,T0382.jpg,8,revisar
validation,V0182.jpg,test,T0389.jpg,8,revisar
validation,V0182.jpg,test,T0392.jpg,8,revisar
validation,V0182.jpg,test,T0393.jpg,8,revisar
validation,V0183.jpg,test,T0009.jpg,8,revisar
validation,V0183.jpg,test,T0235.jpg,8,revisar
validation,V0183.jpg,test,T0263.jpg,8,revisar
validation,V0183.jpg,test,T0308.jpg,8,revisar
validation,V0183.jpg,test,T0351.jpg,8,revisar
validation,V0183.jpg,test,T0352.jpg,8,revisar
validation,V0183.jpg,test,T0385.jpg,8,revisar
validation,V0185.jpg,test,T0007.jpg,8,revisar
validation,V0185.jpg,test,T0046.jpg,8,revisar
validation,V0185.jpg,test,T0073.jpg,8,revisar
validation,V0185.jpg,test,T0112.jpg,8,revisar
validation,V0185.jpg,test,T0145.jpg,8,revisar
validation,V0185.jpg,test,T0154.jpg,8,revisar
validation,V0185.jpg,test,T0171.jpg,8,revisar
validation,V0185.jpg,test,T0220.jpg,8,revisar
validation,V0185.jpg,test,T0225.jpg,8,revisar
validation,V0185.jpg,test,T0246.jpg,8,revisar
validation,V0185.jpg,test,T0274.jpg,8,revisar
validation,V0185.jpg,test,T0285.jpg,8,revisar
validation,V0185.jpg,test,T0286.jpg,8,revisar
validation,V0185.jpg,test,T0293.jpg,8,revisar
validation,V0185.jpg,test,T0294.jpg,8,revisar
validation,V0185.jpg,test,T0302.jpg,8,revisar
validation,V0185.jpg,test,T0319.jpg,8,revisar
validation,V0185.jpg,test,T0357.jpg,8,revisar
validation,V0185.jpg,test,T0361.jpg,8,revisar
validation,V0186.jpg,test,T0014.jpg,8,revisar
validation,V0186.jpg,test,T0040.jpg,8,revisar
validation,V0186.jpg,test,T0121.jpg,8,revisar
validation,V0186.jpg,test,T0388.jpg,8,revisar
validation,V0186.jpg,test,T0394.jpg,8,revisar
validation,V0187.jpg,test,T0003.jpg,8,revisar
validation,V0187.jpg,test,T0032.jpg,8,revisar
validation,V0187.jpg,test,T0034.jpg,8,revisar
validation,V0187.jpg,test,T0042.jpg,8,revisar
validation,V0187.jpg,test,T0051.jpg,8,revisar
validation,V0187.jpg,test,T0058.jpg,8,revisar
validation,V0187.jpg,test,T0072.jpg,8,revisar
validation,V0187.jpg,test,T0087.jpg,8,revisar
validation,V0187.jpg,test,T0101.jpg,8,revisar
validation,V0187.jpg,test,T0130.jpg,8,revisar
validation,V0187.jpg,test,T0141.jpg,8,revisar
validation,V0187.jpg,test,T0191.jpg,8,revisar
validation,V0187.jpg,test,T0213.jpg,8,revisar
validation,V0187.jpg,test,T0214.jpg,8,revisar
validation,V0187.jpg,test,T0221.jpg,8,revisar
validation,V0187.jpg,test,T0231.jpg,8,revisar
validation,V0187.jpg,test,T0254.jpg,8,revisar
validation,V0187.jpg,test,T0271.jpg,8,revisar
validation,V0187.jpg,test,T0294.jpg,8,revisar
validation,V0187.jpg,test,T0328.jpg,8,revisar
validation,V0187.jpg,test,T0329.jpg,8,revisar
validation,V0187.jpg,test,T0335.jpg,8,revisar
validation,V0187.jpg,test,T0341.jpg,8,revisar
validation,V0187.jpg,test,T0343.jpg,8,revisar
validation,V0187.jpg,test,T0355.jpg,8,revisar
validation,V0187.jpg,test,T0357.jpg,8,revisar
validation,V0187.jpg,test,T0374.jpg,8,revisar
validation,V0187.jpg,test,T0378.jpg,8,revisar
validation,V0187.jpg,test,T0387.jpg,8,revisar
validation,V0188.jpg,test,T0001.jpg,8,revisar
validation,V0188.jpg,test,T0008.jpg,8,revisar
validation,V0188.jpg,test,T0021.jpg,8,revisar
validation,V0188.jpg,test,T0042.jpg,8,revisar
validation,V0188.jpg,test,T0046.jpg,8,revisar
validation,V0188.jpg,test,T0054.jpg,8,revisar
validation,V0188.jpg,test,T0058.jpg,8,revisar
validation,V0188.jpg,test,T0099.jpg,8,revisar
validation,V0188.jpg,test,T0101.jpg,8,revisar
validation,V0188.jpg,test,T0113.jpg,8,revisar
validation,V0188.jpg,test,T0114.jpg,8,revisar
validation,V0188.jpg,test,T0122.jpg,8,revisar
validation,V0188.jpg,test,T0125.jpg,8,revisar
validation,V0188.jpg,test,T0130.jpg,8,revisar
validation,V0188.jpg,test,T0138.jpg,8,revisar
validation,V0188.jpg,test,T0142.jpg,8,revisar
validation,V0188.jpg,test,T0145.jpg,8,revisar
validation,V0188.jpg,test,T0154.jpg,8,revisar
validation,V0188.jpg,test,T0163.jpg,8,revisar
validation,V0188.jpg,test,T0187.jpg,8,revisar
validation,V0188.jpg,test,T0203.jpg,8,revisar
validation,V0188.jpg,test,T0205.jpg,8,revisar
validation,V0188.jpg,test,T0207.jpg,8,revisar
validation,V0188.jpg,test,T0223.jpg,8,revisar
validation,V0188.jpg,test,T0225.jpg,8,revisar
validation,V0188.jpg,test,T0230.jpg,8,revisar
validation,V0188.jpg,test,T0231.jpg,8,revisar
validation,V0188.jpg,test,T0250.jpg,8,revisar
validation,V0188.jpg,test,T0253.jpg,8,revisar
validation,V0188.jpg,test,T0294.jpg,8,revisar
validation,V0188.jpg,test,T0300.jpg,8,revisar
validation,V0188.jpg,test,T0310.jpg,8,revisar
validation,V0188.jpg,test,T0315.jpg,8,revisar
validation,V0188.jpg,test,T0318.jpg,8,revisar
validation,V0188.jpg,test,T0319.jpg,8,revisar
validation,V0188.jpg,test,T0328.jpg,8,revisar
validation,V0188.jpg,test,T0340.jpg,8,revisar
validation,V0188.jpg,test,T0343.jpg,8,revisar
validation,V0188.jpg,test,T0361.jpg,8,revisar
validation,V0188.jpg,test,T0374.jpg,8,revisar
validation,V0188.jpg,test,T0377.jpg,8,revisar
validation,V0188.jpg,test,T0383.jpg,8,revisar
validation,V0188.jpg,test,T0392.jpg,8,revisar
validation,V0188.jpg,test,T0400.jpg,8,revisar
validation,V0189.jpg,test,T0001.jpg,8,revisar
validation,V0189.jpg,test,T0025.jpg,8,revisar
validation,V0189.jpg,test,T0029.jpg,8,revisar
validation,V0189.jpg,test,T0035.jpg,8,revisar
validation,V0189.jpg,test,T0038.jpg,8,revisar
validation,V0189.jpg,test,T0048.jpg,8,revisar
validation,V0189.jpg,test,T0068.jpg,8,revisar
validation,V0189.jpg,test,T0151.jpg,8,revisar
validation,V0189.jpg,test,T0182.jpg,8,revisar
validation,V0189.jpg,test,T0193.jpg,8,revisar
validation,V0189.jpg,test,T0232.jpg,8,revisar
validation,V0189.jpg,test,T0259.jpg,8,revisar
validation,V0189.jpg,test,T0267.jpg,8,revisar
validation,V0189.jpg,test,T0336.jpg,8,revisar
validation,V0189.jpg,test,T0363.jpg,8,revisar
validation,V0189.jpg,test,T0389.jpg,8,revisar
validation,V0189.jpg,test,T0390.jpg,8,revisar
validation,V0190.jpg,test,T0018.jpg,8,revisar
validation,V0190.jpg,test,T0021.jpg,8,revisar
validation,V0190.jpg,test,T0064.jpg,8,revisar
validation,V0190.jpg,test,T0077.jpg,8,revisar
validation,V0190.jpg,test,T0115.jpg,8,revisar
validation,V0190.jpg,test,T0125.jpg,8,revisar
validation,V0190.jpg,test,T0129.jpg,8,revisar
validation,V0190.jpg,test,T0187.jpg,8,revisar
validation,V0190.jpg,test,T0191.jpg,8,revisar
validation,V0190.jpg,test,T0227.jpg,8,revisar
validation,V0190.jpg,test,T0236.jpg,8,revisar
validation,V0190.jpg,test,T0246.jpg,8,revisar
validation,V0190.jpg,test,T0269.jpg,8,revisar
validation,V0190.jpg,test,T0286.jpg,8,revisar
validation,V0190.jpg,test,T0317.jpg,8,revisar
validation,V0190.jpg,test,T0325.jpg,8,revisar
validation,V0190.jpg,test,T0329.jpg,8,revisar
validation,V0190.jpg,test,T0336.jpg,8,revisar
validation,V0190.jpg,test,T0361.jpg,8,revisar
validation,V0190.jpg,test,T0382.jpg,8,revisar
validation,V0190.jpg,test,T0391.jpg,8,revisar
validation,V0191.jpg,test,T0008.jpg,8,revisar
validation,V0191.jpg,test,T0010.jpg,8,revisar
validation,V0191.jpg,test,T0020.jpg,8,revisar
validation,V0191.jpg,test,T0024.jpg,8,revisar
validation,V0191.jpg,test,T0124.jpg,8,revisar
validation,V0191.jpg,test,T0188.jpg,8,revisar
validation,V0191.jpg,test,T0310.jpg,8,revisar
validation,V0191.jpg,test,T0315.jpg,8,revisar
validation,V0191.jpg,test,T0329.jpg,8,revisar
validation,V0191.jpg,test,T0400.jpg,8,revisar
validation,V0192.jpg,test,T0013.jpg,8,revisar
validation,V0192.jpg,test,T0047.jpg,8,revisar
validation,V0192.jpg,test,T0123.jpg,8,revisar
validation,V0192.jpg,test,T0162.jpg,8,revisar
validation,V0192.jpg,test,T0164.jpg,8,revisar
validation,V0192.jpg,test,T0174.jpg,8,revisar
validation,V0192.jpg,test,T0208.jpg,8,revisar
validation,V0192.jpg,test,T0211.jpg,8,revisar
validation,V0192.jpg,test,T0238.jpg,8,revisar
validation,V0192.jpg,test,T0301.jpg,8,revisar
validation,V0192.jpg,test,T0359.jpg,8,revisar
validation,V0194.jpg,test,T0023.jpg,8,revisar
validation,V0194.jpg,test,T0048.jpg,8,revisar
validation,V0194.jpg,test,T0087.jpg,8,revisar
validation,V0194.jpg,test,T0113.jpg,8,revisar
validation,V0194.jpg,test,T0125.jpg,8,revisar
validation,V0194.jpg,test,T0142.jpg,8,revisar
validation,V0194.jpg,test,T0145.jpg,8,revisar
validation,V0194.jpg,test,T0157.jpg,8,revisar
validation,V0194.jpg,test,T0168.jpg,8,revisar
validation,V0194.jpg,test,T0204.jpg,8,revisar
validation,V0194.jpg,test,T0214.jpg,8,revisar
validation,V0194.jpg,test,T0225.jpg,8,revisar
validation,V0194.jpg,test,T0228.jpg,8,revisar
validation,V0194.jpg,test,T0239.jpg,8,revisar
validation,V0194.jpg,test,T0240.jpg,8,revisar
validation,V0194.jpg,test,T0253.jpg,8,revisar
validation,V0194.jpg,test,T0258.jpg,8,revisar
validation,V0194.jpg,test,T0263.jpg,8,revisar
validation,V0194.jpg,test,T0334.jpg,8,revisar
validation,V0194.jpg,test,T0356.jpg,8,revisar
validation,V0195.jpg,test,T0027.jpg,8,revisar
validation,V0195.jpg,test,T0120.jpg,8,revisar
validation,V0195.jpg,test,T0138.jpg,8,revisar
validation,V0195.jpg,test,T0203.jpg,8,revisar
validation,V0195.jpg,test,T0223.jpg,8,revisar
validation,V0195.jpg,test,T0229.jpg,8,revisar
validation,V0195.jpg,test,T0245.jpg,8,revisar
validation,V0195.jpg,test,T0246.jpg,8,revisar
validation,V0195.jpg,test,T0274.jpg,8,revisar
validation,V0195.jpg,test,T0292.jpg,8,revisar
validation,V0195.jpg,test,T0302.jpg,8,revisar
validation,V0195.jpg,test,T0340.jpg,8,revisar
validation,V0195.jpg,test,T0382.jpg,8,revisar
validation,V0196.jpg,test,T0002.jpg,8,revisar
validation,V0196.jpg,test,T0007.jpg,8,revisar
validation,V0196.jpg,test,T0008.jpg,8,revisar
validation,V0196.jpg,test,T0023.jpg,8,revisar
validation,V0196.jpg,test,T0034.jpg,8,revisar
validation,V0196.jpg,test,T0041.jpg,8,revisar
validation,V0196.jpg,test,T0044.jpg,8,revisar
validation,V0196.jpg,test,T0051.jpg,8,revisar
validation,V0196.jpg,test,T0095.jpg,8,revisar
validation,V0196.jpg,test,T0101.jpg,8,revisar
validation,V0196.jpg,test,T0114.jpg,8,revisar
validation,V0196.jpg,test,T0117.jpg,8,revisar
validation,V0196.jpg,test,T0122.jpg,8,revisar
validation,V0196.jpg,test,T0130.jpg,8,revisar
validation,V0196.jpg,test,T0136.jpg,8,revisar
validation,V0196.jpg,test,T0138.jpg,8,revisar
validation,V0196.jpg,test,T0163.jpg,8,revisar
validation,V0196.jpg,test,T0203.jpg,8,revisar
validation,V0196.jpg,test,T0217.jpg,8,revisar
validation,V0196.jpg,test,T0219.jpg,8,revisar
validation,V0196.jpg,test,T0220.jpg,8,revisar
validation,V0196.jpg,test,T0221.jpg,8,revisar
validation,V0196.jpg,test,T0289.jpg,8,revisar
validation,V0196.jpg,test,T0293.jpg,8,revisar
validation,V0196.jpg,test,T0298.jpg,8,revisar
validation,V0196.jpg,test,T0311.jpg,8,revisar
validation,V0196.jpg,test,T0312.jpg,8,revisar
validation,V0196.jpg,test,T0328.jpg,8,revisar
validation,V0196.jpg,test,T0334.jpg,8,revisar
validation,V0196.jpg,test,T0335.jpg,8,revisar
validation,V0196.jpg,test,T0340.jpg,8,revisar
validation,V0196.jpg,test,T0377.jpg,8,revisar
validation,V0196.jpg,test,T0383.jpg,8,revisar
validation,V0196.jpg,test,T0386.jpg,8,revisar
validation,V0196.jpg,test,T0393.jpg,8,revisar
validation,V0197.jpg,test,T0010.jpg,8,revisar
validation,V0197.jpg,test,T0021.jpg,8,revisar
validation,V0197.jpg,test,T0064.jpg,8,revisar
validation,V0197.jpg,test,T0076.jpg,8,revisar
validation,V0197.jpg,test,T0077.jpg,8,revisar
validation,V0197.jpg,test,T0080.jpg,8,revisar
validation,V0197.jpg,test,T0099.jpg,8,revisar
validation,V0197.jpg,test,T0115.jpg,8,revisar
validation,V0197.jpg,test,T0118.jpg,8,revisar
validation,V0197.jpg,test,T0120.jpg,8,revisar
validation,V0197.jpg,test,T0125.jpg,8,revisar
validation,V0197.jpg,test,T0138.jpg,8,revisar
validation,V0197.jpg,test,T0142.jpg,8,revisar
validation,V0197.jpg,test,T0171.jpg,8,revisar
validation,V0197.jpg,test,T0193.jpg,8,revisar
validation,V0197.jpg,test,T0201.jpg,8,revisar
validation,V0197.jpg,test,T0203.jpg,8,revisar
validation,V0197.jpg,test,T0213.jpg,8,revisar
validation,V0197.jpg,test,T0220.jpg,8,revisar
validation,V0197.jpg,test,T0221.jpg,8,revisar
validation,V0197.jpg,test,T0229.jpg,8,revisar
validation,V0197.jpg,test,T0237.jpg,8,revisar
validation,V0197.jpg,test,T0247.jpg,8,revisar
validation,V0197.jpg,test,T0254.jpg,8,revisar
validation,V0197.jpg,test,T0265.jpg,8,revisar
validation,V0197.jpg,test,T0285.jpg,8,revisar
validation,V0197.jpg,test,T0293.jpg,8,revisar
validation,V0197.jpg,test,T0299.jpg,8,revisar
validation,V0197.jpg,test,T0307.jpg,8,revisar
validation,V0197.jpg,test,T0313.jpg,8,revisar
validation,V0197.jpg,test,T0316.jpg,8,revisar
validation,V0197.jpg,test,T0319.jpg,8,revisar
validation,V0197.jpg,test,T0329.jpg,8,revisar
validation,V0197.jpg,test,T0336.jpg,8,revisar
validation,V0197.jpg,test,T0350.jpg,8,revisar
validation,V0197.jpg,test,T0355.jpg,8,revisar
validation,V0197.jpg,test,T0378.jpg,8,revisar
validation,V0197.jpg,test,T0382.jpg,8,revisar
validation,V0197.jpg,test,T0390.jpg,8,revisar
validation,V0197.jpg,test,T0393.jpg,8,revisar
validation,V0197.jpg,test,T0398.jpg,8,revisar
validation,V0198.jpg,test,T0007.jpg,8,revisar
validation,V0198.jpg,test,T0012.jpg,8,revisar
validation,V0198.jpg,test,T0019.jpg,8,revisar
validation,V0198.jpg,test,T0028.jpg,8,revisar
validation,V0198.jpg,test,T0032.jpg,8,revisar
validation,V0198.jpg,test,T0034.jpg,8,revisar
validation,V0198.jpg,test,T0038.jpg,8,revisar
validation,V0198.jpg,test,T0041.jpg,8,revisar
validation,V0198.jpg,test,T0052.jpg,8,revisar
validation,V0198.jpg,test,T0064.jpg,8,revisar
validation,V0198.jpg,test,T0075.jpg,8,revisar
validation,V0198.jpg,test,T0095.jpg,8,revisar
validation,V0198.jpg,test,T0109.jpg,8,revisar
validation,V0198.jpg,test,T0115.jpg,8,revisar
validation,V0198.jpg,test,T0119.jpg,8,revisar
validation,V0198.jpg,test,T0134.jpg,8,revisar
validation,V0198.jpg,test,T0154.jpg,8,revisar
validation,V0198.jpg,test,T0156.jpg,8,revisar
validation,V0198.jpg,test,T0168.jpg,8,revisar
validation,V0198.jpg,test,T0171.jpg,8,revisar
validation,V0198.jpg,test,T0178.jpg,8,revisar
validation,V0198.jpg,test,T0182.jpg,8,revisar
validation,V0198.jpg,test,T0184.jpg,8,revisar
validation,V0198.jpg,test,T0196.jpg,8,revisar
validation,V0198.jpg,test,T0225.jpg,8,revisar
validation,V0198.jpg,test,T0236.jpg,8,revisar
validation,V0198.jpg,test,T0241.jpg,8,revisar
validation,V0198.jpg,test,T0246.jpg,8,revisar
validation,V0198.jpg,test,T0255.jpg,8,revisar
validation,V0198.jpg,test,T0260.jpg,8,revisar
validation,V0198.jpg,test,T0286.jpg,8,revisar
validation,V0198.jpg,test,T0289.jpg,8,revisar
validation,V0198.jpg,test,T0299.jpg,8,revisar
validation,V0198.jpg,test,T0312.jpg,8,revisar
validation,V0198.jpg,test,T0313.jpg,8,revisar
validation,V0198.jpg,test,T0328.jpg,8,revisar
validation,V0198.jpg,test,T0334.jpg,8,revisar
validation,V0198.jpg,test,T0337.jpg,8,revisar
validation,V0198.jpg,test,T0363.jpg,8,revisar
validation,V0198.jpg,test,T0377.jpg,8,revisar
validation,V0198.jpg,test,T0378.jpg,8,revisar
validation,V0198.jpg,test,T0382.jpg,8,revisar
validation,V0198.jpg,test,T0398.jpg,8,revisar
validation,V0199.jpg,test,T0175.jpg,8,revisar
validation,V0199.jpg,test,T0277.jpg,8,revisar
validation,V0200.jpg,test,T0001.jpg,8,revisar
validation,V0200.jpg,test,T0016.jpg,8,revisar
validation,V0200.jpg,test,T0044.jpg,8,revisar
validation,V0200.jpg,test,T0064.jpg,8,revisar
validation,V0200.jpg,test,T0087.jpg,8,revisar
validation,V0200.jpg,test,T0088.jpg,8,revisar
validation,V0200.jpg,test,T0114.jpg,8,revisar
validation,V0200.jpg,test,T0117.jpg,8,revisar
validation,V0200.jpg,test,T0125.jpg,8,revisar
validation,V0200.jpg,test,T0130.jpg,8,revisar
validation,V0200.jpg,test,T0135.jpg,8,revisar
validation,V0200.jpg,test,T0184.jpg,8,revisar
validation,V0200.jpg,test,T0197.jpg,8,revisar
validation,V0200.jpg,test,T0201.jpg,8,revisar
validation,V0200.jpg,test,T0207.jpg,8,revisar
validation,V0200.jpg,test,T0220.jpg,8,revisar
validation,V0200.jpg,test,T0255.jpg,8,revisar
validation,V0200.jpg,test,T0259.jpg,8,revisar
validation,V0200.jpg,test,T0260.jpg,8,revisar
validation,V0200.jpg,test,T0279.jpg,8,revisar
validation,V0200.jpg,test,T0286.jpg,8,revisar
validation,V0200.jpg,test,T0293.jpg,8,revisar
validation,V0200.jpg,test,T0294.jpg,8,revisar
validation,V0200.jpg,test,T0298.jpg,8,revisar
validation,V0200.jpg,test,T0300.jpg,8,revisar
validation,V0200.jpg,test,T0311.jpg,8,revisar
validation,V0200.jpg,test,T0331.jpg,8,revisar
validation,V0200.jpg,test,T0337.jpg,8,revisar
validation,V0200.jpg,test,T0338.jpg,8,revisar
validation,V0200.jpg,test,T0355.jpg,8,revisar
validation,V0200.jpg,test,T0356.jpg,8,revisar
validation,V0200.jpg,test,T0361.jpg,8,revisar
validation,V0200.jpg,test,T0363.jpg,8,revisar
validation,V0200.jpg,test,T0374.jpg,8,revisar
validation,V0200.jpg,test,T0377.jpg,8,revisar
validation,V0200.jpg,test,T0383.jpg,8,revisar
validation,V0201.jpg,test,T0024.jpg,8,revisar
validation,V0201.jpg,test,T0034.jpg,8,revisar
validation,V0201.jpg,test,T0042.jpg,8,revisar
validation,V0201.jpg,test,T0046.jpg,8,revisar
validation,V0201.jpg,test,T0051.jpg,8,revisar
validation,V0201.jpg,test,T0054.jpg,8,revisar
validation,V0201.jpg,test,T0073.jpg,8,revisar
validation,V0201.jpg,test,T0220.jpg,8,revisar
validation,V0201.jpg,test,T0223.jpg,8,revisar
validation,V0201.jpg,test,T0254.jpg,8,revisar
validation,V0201.jpg,test,T0293.jpg,8,revisar
validation,V0201.jpg,test,T0299.jpg,8,revisar
validation,V0201.jpg,test,T0310.jpg,8,revisar
validation,V0201.jpg,test,T0382.jpg,8,revisar
validation,V0201.jpg,test,T0393.jpg,8,revisar
validation,V0201.jpg,test,T0400.jpg,8,revisar
validation,V0202.jpg,test,T0072.jpg,8,revisar
validation,V0202.jpg,test,T0082.jpg,8,revisar
validation,V0202.jpg,test,T0114.jpg,8,revisar
validation,V0202.jpg,test,T0135.jpg,8,revisar
validation,V0202.jpg,test,T0139.jpg,8,revisar
validation,V0202.jpg,test,T0149.jpg,8,revisar
validation,V0202.jpg,test,T0153.jpg,8,revisar
validation,V0202.jpg,test,T0156.jpg,8,revisar
validation,V0202.jpg,test,T0213.jpg,8,revisar
validation,V0202.jpg,test,T0253.jpg,8,revisar
validation,V0202.jpg,test,T0311.jpg,8,revisar
validation,V0202.jpg,test,T0318.jpg,8,revisar
validation,V0202.jpg,test,T0328.jpg,8,revisar
validation,V0202.jpg,test,T0334.jpg,8,revisar
validation,V0202.jpg,test,T0335.jpg,8,revisar
validation,V0202.jpg,test,T0337.jpg,8,revisar
validation,V0202.jpg,test,T0356.jpg,8,revisar
validation,V0202.jpg,test,T0357.jpg,8,revisar
validation,V0203.jpg,test,T0002.jpg,8,revisar
validation,V0203.jpg,test,T0005.jpg,8,revisar
validation,V0203.jpg,test,T0010.jpg,8,revisar
validation,V0203.jpg,test,T0019.jpg,8,revisar
validation,V0203.jpg,test,T0023.jpg,8,revisar
validation,V0203.jpg,test,T0033.jpg,8,revisar
validation,V0203.jpg,test,T0034.jpg,8,revisar
validation,V0203.jpg,test,T0044.jpg,8,revisar
validation,V0203.jpg,test,T0051.jpg,8,revisar
validation,V0203.jpg,test,T0054.jpg,8,revisar
validation,V0203.jpg,test,T0087.jpg,8,revisar
validation,V0203.jpg,test,T0088.jpg,8,revisar
validation,V0203.jpg,test,T0092.jpg,8,revisar
validation,V0203.jpg,test,T0095.jpg,8,revisar
validation,V0203.jpg,test,T0117.jpg,8,revisar
validation,V0203.jpg,test,T0118.jpg,8,revisar
validation,V0203.jpg,test,T0119.jpg,8,revisar
validation,V0203.jpg,test,T0120.jpg,8,revisar
validation,V0203.jpg,test,T0125.jpg,8,revisar
validation,V0203.jpg,test,T0135.jpg,8,revisar
validation,V0203.jpg,test,T0149.jpg,8,revisar
validation,V0203.jpg,test,T0156.jpg,8,revisar
validation,V0203.jpg,test,T0158.jpg,8,revisar
validation,V0203.jpg,test,T0163.jpg,8,revisar
validation,V0203.jpg,test,T0171.jpg,8,revisar
validation,V0203.jpg,test,T0187.jpg,8,revisar
validation,V0203.jpg,test,T0197.jpg,8,revisar
validation,V0203.jpg,test,T0205.jpg,8,revisar
validation,V0203.jpg,test,T0207.jpg,8,revisar
validation,V0203.jpg,test,T0216.jpg,8,revisar
validation,V0203.jpg,test,T0220.jpg,8,revisar
validation,V0203.jpg,test,T0246.jpg,8,revisar
validation,V0203.jpg,test,T0260.jpg,8,revisar
validation,V0203.jpg,test,T0265.jpg,8,revisar
validation,V0203.jpg,test,T0270.jpg,8,revisar
validation,V0203.jpg,test,T0293.jpg,8,revisar
validation,V0203.jpg,test,T0299.jpg,8,revisar
validation,V0203.jpg,test,T0300.jpg,8,revisar
validation,V0203.jpg,test,T0313.jpg,8,revisar
validation,V0203.jpg,test,T0318.jpg,8,revisar
validation,V0203.jpg,test,T0335.jpg,8,revisar
validation,V0203.jpg,test,T0337.jpg,8,revisar
validation,V0203.jpg,test,T0338.jpg,8,revisar
validation,V0203.jpg,test,T0341.jpg,8,revisar
validation,V0203.jpg,test,T0342.jpg,8,revisar
validation,V0203.jpg,test,T0350.jpg,8,revisar
validation,V0203.jpg,test,T0357.jpg,8,revisar
validation,V0203.jpg,test,T0361.jpg,8,revisar
validation,V0203.jpg,test,T0364.jpg,8,revisar
validation,V0203.jpg,test,T0368.jpg,8,revisar
validation,V0204.jpg,test,T0001.jpg,8,revisar
validation,V0204.jpg,test,T0010.jpg,8,revisar
validation,V0204.jpg,test,T0023.jpg,8,revisar
validation,V0204.jpg,test,T0058.jpg,8,revisar
validation,V0204.jpg,test,T0072.jpg,8,revisar
validation,V0204.jpg,test,T0080.jpg,8,revisar
validation,V0204.jpg,test,T0099.jpg,8,revisar
validation,V0204.jpg,test,T0101.jpg,8,revisar
validation,V0204.jpg,test,T0117.jpg,8,revisar
validation,V0204.jpg,test,T0119.jpg,8,revisar
validation,V0204.jpg,test,T0125.jpg,8,revisar
validation,V0204.jpg,test,T0130.jpg,8,revisar
validation,V0204.jpg,test,T0141.jpg,8,revisar
validation,V0204.jpg,test,T0145.jpg,8,revisar
validation,V0204.jpg,test,T0163.jpg,8,revisar
validation,V0204.jpg,test,T0214.jpg,8,revisar
validation,V0204.jpg,test,T0216.jpg,8,revisar
validation,V0204.jpg,test,T0219.jpg,8,revisar
validation,V0204.jpg,test,T0230.jpg,8,revisar
validation,V0204.jpg,test,T0231.jpg,8,revisar
validation,V0204.jpg,test,T0254.jpg,8,revisar
validation,V0204.jpg,test,T0260.jpg,8,revisar
validation,V0204.jpg,test,T0270.jpg,8,revisar
validation,V0204.jpg,test,T0286.jpg,8,revisar
validation,V0204.jpg,test,T0300.jpg,8,revisar
validation,V0204.jpg,test,T0328.jpg,8,revisar
validation,V0204.jpg,test,T0343.jpg,8,revisar
validation,V0204.jpg,test,T0361.jpg,8,revisar
validation,V0204.jpg,test,T0369.jpg,8,revisar
validation,V0205.jpg,test,T0033.jpg,8,revisar
validation,V0205.jpg,test,T0052.jpg,8,revisar
validation,V0205.jpg,test,T0075.jpg,8,revisar
validation,V0205.jpg,test,T0109.jpg,8,revisar
validation,V0205.jpg,test,T0135.jpg,8,revisar
validation,V0205.jpg,test,T0156.jpg,8,revisar
validation,V0205.jpg,test,T0167.jpg,8,revisar
validation,V0205.jpg,test,T0169.jpg,8,revisar
validation,V0205.jpg,test,T0206.jpg,8,revisar
validation,V0205.jpg,test,T0236.jpg,8,revisar
validation,V0205.jpg,test,T0244.jpg,8,revisar
validation,V0205.jpg,test,T0313.jpg,8,revisar
validation,V0205.jpg,test,T0325.jpg,8,revisar
validation,V0205.jpg,test,T0336.jpg,8,revisar
validation,V0205.jpg,test,T0365.jpg,8,revisar
validation,V0205.jpg,test,T0382.jpg,8,revisar
validation,V0206.jpg,test,T0022.jpg,8,revisar
validation,V0206.jpg,test,T0041.jpg,8,revisar
validation,V0206.jpg,test,T0052.jpg,8,revisar
validation,V0206.jpg,test,T0068.jpg,8,revisar
validation,V0206.jpg,test,T0071.jpg,8,revisar
validation,V0206.jpg,test,T0077.jpg,8,revisar
validation,V0206.jpg,test,T0078.jpg,8,revisar
validation,V0206.jpg,test,T0095.jpg,8,revisar
validation,V0206.jpg,test,T0107.jpg,8,revisar
validation,V0206.jpg,test,T0118.jpg,8,revisar
validation,V0206.jpg,test,T0121.jpg,8,revisar
validation,V0206.jpg,test,T0151.jpg,8,revisar
validation,V0206.jpg,test,T0154.jpg,8,revisar
validation,V0206.jpg,test,T0232.jpg,8,revisar
validation,V0206.jpg,test,T0236.jpg,8,revisar
validation,V0206.jpg,test,T0244.jpg,8,revisar
validation,V0206.jpg,test,T0259.jpg,8,revisar
validation,V0206.jpg,test,T0282.jpg,8,revisar
validation,V0206.jpg,test,T0287.jpg,8,revisar
validation,V0206.jpg,test,T0306.jpg,8,revisar
validation,V0206.jpg,test,T0316.jpg,8,revisar
validation,V0206.jpg,test,T0337.jpg,8,revisar
validation,V0206.jpg,test,T0363.jpg,8,revisar
validation,V0206.jpg,test,T0365.jpg,8,revisar
validation,V0206.jpg,test,T0393.jpg,8,revisar
validation,V0207.jpg,test,T0001.jpg,8,revisar
validation,V0207.jpg,test,T0002.jpg,8,revisar
validation,V0207.jpg,test,T0021.jpg,8,revisar
validation,V0207.jpg,test,T0058.jpg,8,revisar
validation,V0207.jpg,test,T0099.jpg,8,revisar
validation,V0207.jpg,test,T0101.jpg,8,revisar
validation,V0207.jpg,test,T0110.jpg,8,revisar
validation,V0207.jpg,test,T0113.jpg,8,revisar
validation,V0207.jpg,test,T0125.jpg,8,revisar
validation,V0207.jpg,test,T0130.jpg,8,revisar
validation,V0207.jpg,test,T0138.jpg,8,revisar
validation,V0207.jpg,test,T0153.jpg,8,revisar
validation,V0207.jpg,test,T0163.jpg,8,revisar
validation,V0207.jpg,test,T0168.jpg,8,revisar
validation,V0207.jpg,test,T0171.jpg,8,revisar
validation,V0207.jpg,test,T0187.jpg,8,revisar
validation,V0207.jpg,test,T0188.jpg,8,revisar
validation,V0207.jpg,test,T0214.jpg,8,revisar
validation,V0207.jpg,test,T0217.jpg,8,revisar
validation,V0207.jpg,test,T0219.jpg,8,revisar
validation,V0207.jpg,test,T0220.jpg,8,revisar
validation,V0207.jpg,test,T0229.jpg,8,revisar
validation,V0207.jpg,test,T0230.jpg,8,revisar
validation,V0207.jpg,test,T0246.jpg,8,revisar
validation,V0207.jpg,test,T0247.jpg,8,revisar
validation,V0207.jpg,test,T0260.jpg,8,revisar
validation,V0207.jpg,test,T0278.jpg,8,revisar
validation,V0207.jpg,test,T0286.jpg,8,revisar
validation,V0207.jpg,test,T0293.jpg,8,revisar
validation,V0207.jpg,test,T0300.jpg,8,revisar
validation,V0207.jpg,test,T0309.jpg,8,revisar
validation,V0207.jpg,test,T0314.jpg,8,revisar
validation,V0207.jpg,test,T0315.jpg,8,revisar
validation,V0207.jpg,test,T0318.jpg,8,revisar
validation,V0207.jpg,test,T0340.jpg,8,revisar
validation,V0207.jpg,test,T0343.jpg,8,revisar
validation,V0207.jpg,test,T0383.jpg,8,revisar
validation,V0208.jpg,test,T0001.jpg,8,revisar
validation,V0208.jpg,test,T0016.jpg,8,revisar
validation,V0208.jpg,test,T0024.jpg,8,revisar
validation,V0208.jpg,test,T0035.jpg,8,revisar
validation,V0208.jpg,test,T0043.jpg,8,revisar
validation,V0208.jpg,test,T0048.jpg,8,revisar
validation,V0208.jpg,test,T0050.jpg,8,revisar
validation,V0208.jpg,test,T0052.jpg,8,revisar
validation,V0208.jpg,test,T0053.jpg,8,revisar
validation,V0208.jpg,test,T0082.jpg,8,revisar
validation,V0208.jpg,test,T0087.jpg,8,revisar
validation,V0208.jpg,test,T0092.jpg,8,revisar
validation,V0208.jpg,test,T0095.jpg,8,revisar
validation,V0208.jpg,test,T0118.jpg,8,revisar
validation,V0208.jpg,test,T0138.jpg,8,revisar
validation,V0208.jpg,test,T0145.jpg,8,revisar
validation,V0208.jpg,test,T0151.jpg,8,revisar
validation,V0208.jpg,test,T0171.jpg,8,revisar
validation,V0208.jpg,test,T0187.jpg,8,revisar
validation,V0208.jpg,test,T0190.jpg,8,revisar
validation,V0208.jpg,test,T0191.jpg,8,revisar
validation,V0208.jpg,test,T0201.jpg,8,revisar
validation,V0208.jpg,test,T0230.jpg,8,revisar
validation,V0208.jpg,test,T0236.jpg,8,revisar
validation,V0208.jpg,test,T0237.jpg,8,revisar
validation,V0208.jpg,test,T0244.jpg,8,revisar
validation,V0208.jpg,test,T0247.jpg,8,revisar
validation,V0208.jpg,test,T0250.jpg,8,revisar
validation,V0208.jpg,test,T0251.jpg,8,revisar
validation,V0208.jpg,test,T0253.jpg,8,revisar
validation,V0208.jpg,test,T0260.jpg,8,revisar
validation,V0208.jpg,test,T0262.jpg,8,revisar
validation,V0208.jpg,test,T0269.jpg,8,revisar
validation,V0208.jpg,test,T0286.jpg,8,revisar
validation,V0208.jpg,test,T0292.jpg,8,revisar
validation,V0208.jpg,test,T0299.jpg,8,revisar
validation,V0208.jpg,test,T0316.jpg,8,revisar
validation,V0208.jpg,test,T0317.jpg,8,revisar
validation,V0208.jpg,test,T0325.jpg,8,revisar
validation,V0208.jpg,test,T0337.jpg,8,revisar
validation,V0208.jpg,test,T0363.jpg,8,revisar
validation,V0208.jpg,test,T0374.jpg,8,revisar
validation,V0208.jpg,test,T0390.jpg,8,revisar
validation,V0209.jpg,test,T0005.jpg,8,revisar
validation,V0209.jpg,test,T0028.jpg,8,revisar
validation,V0209.jpg,test,T0042.jpg,8,revisar
validation,V0209.jpg,test,T0051.jpg,8,revisar
validation,V0209.jpg,test,T0073.jpg,8,revisar
validation,V0209.jpg,test,T0088.jpg,8,revisar
validation,V0209.jpg,test,T0113.jpg,8,revisar
validation,V0209.jpg,test,T0135.jpg,8,revisar
validation,V0209.jpg,test,T0136.jpg,8,revisar
validation,V0209.jpg,test,T0153.jpg,8,revisar
validation,V0209.jpg,test,T0157.jpg,8,revisar
validation,V0209.jpg,test,T0158.jpg,8,revisar
validation,V0209.jpg,test,T0197.jpg,8,revisar
validation,V0209.jpg,test,T0205.jpg,8,revisar
validation,V0209.jpg,test,T0213.jpg,8,revisar
validation,V0209.jpg,test,T0214.jpg,8,revisar
validation,V0209.jpg,test,T0221.jpg,8,revisar
validation,V0209.jpg,test,T0225.jpg,8,revisar
validation,V0209.jpg,test,T0254.jpg,8,revisar
validation,V0209.jpg,test,T0265.jpg,8,revisar
validation,V0209.jpg,test,T0289.jpg,8,revisar
validation,V0209.jpg,test,T0298.jpg,8,revisar
validation,V0209.jpg,test,T0300.jpg,8,revisar
validation,V0209.jpg,test,T0314.jpg,8,revisar
validation,V0209.jpg,test,T0318.jpg,8,revisar
validation,V0209.jpg,test,T0319.jpg,8,revisar
validation,V0209.jpg,test,T0331.jpg,8,revisar
validation,V0209.jpg,test,T0337.jpg,8,revisar
validation,V0209.jpg,test,T0342.jpg,8,revisar
validation,V0209.jpg,test,T0343.jpg,8,revisar
validation,V0209.jpg,test,T0345.jpg,8,revisar
validation,V0209.jpg,test,T0368.jpg,8,revisar
validation,V0209.jpg,test,T0369.jpg,8,revisar
validation,V0209.jpg,test,T0374.jpg,8,revisar
validation,V0209.jpg,test,T0383.jpg,8,revisar
validation,V0210.jpg,test,T0102.jpg,8,revisar
validation,V0210.jpg,test,T0105.jpg,8,revisar
validation,V0210.jpg,test,T0280.jpg,8,revisar
validation,V0210.jpg,test,T0284.jpg,8,revisar
validation,V0210.jpg,test,T0373.jpg,8,revisar
validation,V0211.jpg,test,T0029.jpg,8,revisar
validation,V0211.jpg,test,T0038.jpg,8,revisar
validation,V0211.jpg,test,T0040.jpg,8,revisar
validation,V0211.jpg,test,T0063.jpg,8,revisar
validation,V0211.jpg,test,T0068.jpg,8,revisar
validation,V0211.jpg,test,T0167.jpg,8,revisar
validation,V0211.jpg,test,T0182.jpg,8,revisar
validation,V0211.jpg,test,T0259.jpg,8,revisar
validation,V0211.jpg,test,T0267.jpg,8,revisar
validation,V0211.jpg,test,T0287.jpg,8,revisar
validation,V0211.jpg,test,T0312.jpg,8,revisar
validation,V0211.jpg,test,T0398.jpg,8,revisar
validation,V0212.jpg,test,T0010.jpg,8,revisar
validation,V0212.jpg,test,T0017.jpg,8,revisar
validation,V0212.jpg,test,T0048.jpg,8,revisar
validation,V0212.jpg,test,T0058.jpg,8,revisar
validation,V0212.jpg,test,T0065.jpg,8,revisar
validation,V0212.jpg,test,T0072.jpg,8,revisar
validation,V0212.jpg,test,T0076.jpg,8,revisar
validation,V0212.jpg,test,T0080.jpg,8,revisar
validation,V0212.jpg,test,T0082.jpg,8,revisar
validation,V0212.jpg,test,T0099.jpg,8,revisar
validation,V0212.jpg,test,T0101.jpg,8,revisar
validation,V0212.jpg,test,T0107.jpg,8,revisar
validation,V0212.jpg,test,T0109.jpg,8,revisar
validation,V0212.jpg,test,T0113.jpg,8,revisar
validation,V0212.jpg,test,T0115.jpg,8,revisar
validation,V0212.jpg,test,T0120.jpg,8,revisar
validation,V0212.jpg,test,T0130.jpg,8,revisar
validation,V0212.jpg,test,T0134.jpg,8,revisar
validation,V0212.jpg,test,T0139.jpg,8,revisar
validation,V0212.jpg,test,T0156.jpg,8,revisar
validation,V0212.jpg,test,T0157.jpg,8,revisar
validation,V0212.jpg,test,T0166.jpg,8,revisar
validation,V0212.jpg,test,T0173.jpg,8,revisar
validation,V0212.jpg,test,T0187.jpg,8,revisar
validation,V0212.jpg,test,T0197.jpg,8,revisar
validation,V0212.jpg,test,T0203.jpg,8,revisar
validation,V0212.jpg,test,T0205.jpg,8,revisar
validation,V0212.jpg,test,T0207.jpg,8,revisar
validation,V0212.jpg,test,T0216.jpg,8,revisar
validation,V0212.jpg,test,T0228.jpg,8,revisar
validation,V0212.jpg,test,T0230.jpg,8,revisar
validation,V0212.jpg,test,T0236.jpg,8,revisar
validation,V0212.jpg,test,T0251.jpg,8,revisar
validation,V0212.jpg,test,T0254.jpg,8,revisar
validation,V0212.jpg,test,T0262.jpg,8,revisar
validation,V0212.jpg,test,T0285.jpg,8,revisar
validation,V0212.jpg,test,T0286.jpg,8,revisar
validation,V0212.jpg,test,T0299.jpg,8,revisar
validation,V0212.jpg,test,T0314.jpg,8,revisar
validation,V0212.jpg,test,T0325.jpg,8,revisar
validation,V0212.jpg,test,T0328.jpg,8,revisar
validation,V0212.jpg,test,T0331.jpg,8,revisar
validation,V0212.jpg,test,T0365.jpg,8,revisar
validation,V0212.jpg,test,T0382.jpg,8,revisar
validation,V0214.jpg,test,T0022.jpg,8,revisar
validation,V0214.jpg,test,T0025.jpg,8,revisar
validation,V0214.jpg,test,T0031.jpg,8,revisar
validation,V0214.jpg,test,T0077.jpg,8,revisar
validation,V0214.jpg,test,T0107.jpg,8,revisar
validation,V0214.jpg,test,T0118.jpg,8,revisar
validation,V0214.jpg,test,T0151.jpg,8,revisar
validation,V0214.jpg,test,T0154.jpg,8,revisar
validation,V0214.jpg,test,T0173.jpg,8,revisar
validation,V0214.jpg,test,T0198.jpg,8,revisar
validation,V0214.jpg,test,T0206.jpg,8,revisar
validation,V0214.jpg,test,T0236.jpg,8,revisar
validation,V0214.jpg,test,T0244.jpg,8,revisar
validation,V0214.jpg,test,T0264.jpg,8,revisar
validation,V0214.jpg,test,T0282.jpg,8,revisar
validation,V0214.jpg,test,T0306.jpg,8,revisar
validation,V0214.jpg,test,T0316.jpg,8,revisar
validation,V0214.jpg,test,T0337.jpg,8,revisar
validation,V0214.jpg,test,T0365.jpg,8,revisar
validation,V0214.jpg,test,T0389.jpg,8,revisar
validation,V0214.jpg,test,T0393.jpg,8,revisar
validation,V0214.jpg,test,T0394.jpg,8,revisar
validation,V0215.jpg,test,T0160.jpg,8,revisar
validation,V0215.jpg,test,T0381.jpg,8,revisar
validation,V0217.jpg,test,T0183.jpg,8,revisar
validation,V0217.jpg,test,T0218.jpg,8,revisar
validation,V0217.jpg,test,T0376.jpg,8,revisar
validation,V0219.jpg,test,T0079.jpg,8,revisar
validation,V0219.jpg,test,T0083.jpg,8,revisar
validation,V0219.jpg,test,T0123.jpg,8,revisar
validation,V0219.jpg,test,T0124.jpg,8,revisar
validation,V0219.jpg,test,T0127.jpg,8,revisar
validation,V0219.jpg,test,T0174.jpg,8,revisar
validation,V0219.jpg,test,T0192.jpg,8,revisar
validation,V0219.jpg,test,T0194.jpg,8,revisar
validation,V0219.jpg,test,T0208.jpg,8,revisar
validation,V0219.jpg,test,T0210.jpg,8,revisar
validation,V0219.jpg,test,T0218.jpg,8,revisar
validation,V0219.jpg,test,T0226.jpg,8,revisar
validation,V0219.jpg,test,T0295.jpg,8,revisar
validation,V0219.jpg,test,T0301.jpg,8,revisar
validation,V0219.jpg,test,T0324.jpg,8,revisar
validation,V0220.jpg,test,T0001.jpg,8,revisar
validation,V0220.jpg,test,T0003.jpg,8,revisar
validation,V0220.jpg,test,T0008.jpg,8,revisar
validation,V0220.jpg,test,T0046.jpg,8,revisar
validation,V0220.jpg,test,T0051.jpg,8,revisar
validation,V0220.jpg,test,T0054.jpg,8,revisar
validation,V0220.jpg,test,T0073.jpg,8,revisar
validation,V0220.jpg,test,T0092.jpg,8,revisar
validation,V0220.jpg,test,T0110.jpg,8,revisar
validation,V0220.jpg,test,T0114.jpg,8,revisar
validation,V0220.jpg,test,T0122.jpg,8,revisar
validation,V0220.jpg,test,T0138.jpg,8,revisar
validation,V0220.jpg,test,T0142.jpg,8,revisar
validation,V0220.jpg,test,T0154.jpg,8,revisar
validation,V0220.jpg,test,T0168.jpg,8,revisar
validation,V0220.jpg,test,T0187.jpg,8,revisar
validation,V0220.jpg,test,T0188.jpg,8,revisar
validation,V0220.jpg,test,T0203.jpg,8,revisar
validation,V0220.jpg,test,T0207.jpg,8,revisar
validation,V0220.jpg,test,T0214.jpg,8,revisar
validation,V0220.jpg,test,T0217.jpg,8,revisar
validation,V0220.jpg,test,T0221.jpg,8,revisar
validation,V0220.jpg,test,T0223.jpg,8,revisar
validation,V0220.jpg,test,T0230.jpg,8,revisar
validation,V0220.jpg,test,T0231.jpg,8,revisar
validation,V0220.jpg,test,T0253.jpg,8,revisar
validation,V0220.jpg,test,T0265.jpg,8,revisar
validation,V0220.jpg,test,T0285.jpg,8,revisar
validation,V0220.jpg,test,T0286.jpg,8,revisar
validation,V0220.jpg,test,T0318.jpg,8,revisar
validation,V0220.jpg,test,T0328.jpg,8,revisar
validation,V0220.jpg,test,T0329.jpg,8,revisar
validation,V0220.jpg,test,T0334.jpg,8,revisar
validation,V0220.jpg,test,T0340.jpg,8,revisar
validation,V0220.jpg,test,T0343.jpg,8,revisar
validation,V0220.jpg,test,T0350.jpg,8,revisar
validation,V0220.jpg,test,T0361.jpg,8,revisar
validation,V0220.jpg,test,T0368.jpg,8,revisar
validation,V0220.jpg,test,T0377.jpg,8,revisar
validation,V0221.jpg,test,T0001.jpg,8,revisar
validation,V0221.jpg,test,T0006.jpg,8,revisar
validation,V0221.jpg,test,T0017.jpg,8,revisar
validation,V0221.jpg,test,T0021.jpg,8,revisar
validation,V0221.jpg,test,T0027.jpg,8,revisar
validation,V0221.jpg,test,T0048.jpg,8,revisar
validation,V0221.jpg,test,T0052.jpg,8,revisar
validation,V0221.jpg,test,T0065.jpg,8,revisar
validation,V0221.jpg,test,T0088.jpg,8,revisar
validation,V0221.jpg,test,T0109.jpg,8,revisar
validation,V0221.jpg,test,T0118.jpg,8,revisar
validation,V0221.jpg,test,T0119.jpg,8,revisar
validation,V0221.jpg,test,T0134.jpg,8,revisar
validation,V0221.jpg,test,T0135.jpg,8,revisar
validation,V0221.jpg,test,T0138.jpg,8,revisar
validation,V0221.jpg,test,T0168.jpg,8,revisar
validation,V0221.jpg,test,T0169.jpg,8,revisar
validation,V0221.jpg,test,T0173.jpg,8,revisar
validation,V0221.jpg,test,T0187.jpg,8,revisar
validation,V0221.jpg,test,T0196.jpg,8,revisar
validation,V0221.jpg,test,T0201.jpg,8,revisar
validation,V0221.jpg,test,T0220.jpg,8,revisar
validation,V0221.jpg,test,T0225.jpg,8,revisar
validation,V0221.jpg,test,T0228.jpg,8,revisar
validation,V0221.jpg,test,T0236.jpg,8,revisar
validation,V0221.jpg,test,T0251.jpg,8,revisar
validation,V0221.jpg,test,T0262.jpg,8,revisar
validation,V0221.jpg,test,T0279.jpg,8,revisar
validation,V0221.jpg,test,T0289.jpg,8,revisar
validation,V0221.jpg,test,T0293.jpg,8,revisar
validation,V0221.jpg,test,T0299.jpg,8,revisar
validation,V0221.jpg,test,T0307.jpg,8,revisar
validation,V0221.jpg,test,T0312.jpg,8,revisar
validation,V0221.jpg,test,T0316.jpg,8,revisar
validation,V0221.jpg,test,T0334.jpg,8,revisar
validation,V0221.jpg,test,T0335.jpg,8,revisar
validation,V0221.jpg,test,T0337.jpg,8,revisar
validation,V0221.jpg,test,T0354.jpg,8,revisar
validation,V0221.jpg,test,T0361.jpg,8,revisar
validation,V0221.jpg,test,T0363.jpg,8,revisar
validation,V0221.jpg,test,T0390.jpg,8,revisar
validation,V0221.jpg,test,T0392.jpg,8,revisar
validation,V0221.jpg,test,T0393.jpg,8,revisar
validation,V0221.jpg,test,T0398.jpg,8,revisar
validation,V0222.jpg,test,T0120.jpg,8,revisar
validation,V0223.jpg,test,T0012.jpg,8,revisar
validation,V0223.jpg,test,T0076.jpg,8,revisar
validation,V0223.jpg,test,T0080.jpg,8,revisar
validation,V0223.jpg,test,T0104.jpg,8,revisar
validation,V0223.jpg,test,T0107.jpg,8,revisar
validation,V0223.jpg,test,T0115.jpg,8,revisar
validation,V0223.jpg,test,T0118.jpg,8,revisar
validation,V0223.jpg,test,T0129.jpg,8,revisar
validation,V0223.jpg,test,T0169.jpg,8,revisar
validation,V0223.jpg,test,T0173.jpg,8,revisar
validation,V0223.jpg,test,T0196.jpg,8,revisar
validation,V0223.jpg,test,T0222.jpg,8,revisar
validation,V0223.jpg,test,T0239.jpg,8,revisar
validation,V0223.jpg,test,T0245.jpg,8,revisar
validation,V0223.jpg,test,T0247.jpg,8,revisar
validation,V0223.jpg,test,T0260.jpg,8,revisar
validation,V0223.jpg,test,T0261.jpg,8,revisar
validation,V0223.jpg,test,T0307.jpg,8,revisar
validation,V0223.jpg,test,T0313.jpg,8,revisar
validation,V0223.jpg,test,T0316.jpg,8,revisar
validation,V0223.jpg,test,T0325.jpg,8,revisar
validation,V0223.jpg,test,T0336.jpg,8,revisar
validation,V0223.jpg,test,T0365.jpg,8,revisar
validation,V0223.jpg,test,T0390.jpg,8,revisar
validation,V0224.jpg,test,T0055.jpg,8,revisar
validation,V0224.jpg,test,T0202.jpg,8,revisar
validation,V0224.jpg,test,T0381.jpg,8,revisar
validation,V0225.jpg,test,T0001.jpg,8,revisar
validation,V0225.jpg,test,T0021.jpg,8,revisar
validation,V0225.jpg,test,T0028.jpg,8,revisar
validation,V0225.jpg,test,T0043.jpg,8,revisar
validation,V0225.jpg,test,T0076.jpg,8,revisar
validation,V0225.jpg,test,T0082.jpg,8,revisar
validation,V0225.jpg,test,T0092.jpg,8,revisar
validation,V0225.jpg,test,T0107.jpg,8,revisar
validation,V0225.jpg,test,T0118.jpg,8,revisar
validation,V0225.jpg,test,T0125.jpg,8,revisar
validation,V0225.jpg,test,T0151.jpg,8,revisar
validation,V0225.jpg,test,T0153.jpg,8,revisar
validation,V0225.jpg,test,T0154.jpg,8,revisar
validation,V0225.jpg,test,T0159.jpg,8,revisar
validation,V0225.jpg,test,T0166.jpg,8,revisar
validation,V0225.jpg,test,T0169.jpg,8,revisar
validation,V0225.jpg,test,T0187.jpg,8,revisar
validation,V0225.jpg,test,T0190.jpg,8,revisar
validation,V0225.jpg,test,T0191.jpg,8,revisar
validation,V0225.jpg,test,T0213.jpg,8,revisar
validation,V0225.jpg,test,T0227.jpg,8,revisar
validation,V0225.jpg,test,T0237.jpg,8,revisar
validation,V0225.jpg,test,T0250.jpg,8,revisar
validation,V0225.jpg,test,T0253.jpg,8,revisar
validation,V0225.jpg,test,T0269.jpg,8,revisar
validation,V0225.jpg,test,T0286.jpg,8,revisar
validation,V0225.jpg,test,T0313.jpg,8,revisar
validation,V0225.jpg,test,T0325.jpg,8,revisar
validation,V0225.jpg,test,T0336.jpg,8,revisar
validation,V0225.jpg,test,T0337.jpg,8,revisar
validation,V0225.jpg,test,T0355.jpg,8,revisar
validation,V0225.jpg,test,T0365.jpg,8,revisar
validation,V0227.jpg,test,T0001.jpg,8,revisar
validation,V0227.jpg,test,T0014.jpg,8,revisar
validation,V0227.jpg,test,T0038.jpg,8,revisar
validation,V0227.jpg,test,T0059.jpg,8,revisar
validation,V0227.jpg,test,T0064.jpg,8,revisar
validation,V0227.jpg,test,T0068.jpg,8,revisar
validation,V0227.jpg,test,T0080.jpg,8,revisar
validation,V0227.jpg,test,T0154.jpg,8,revisar
validation,V0227.jpg,test,T0196.jpg,8,revisar
validation,V0227.jpg,test,T0266.jpg,8,revisar
validation,V0227.jpg,test,T0290.jpg,8,revisar
validation,V0227.jpg,test,T0338.jpg,8,revisar
validation,V0227.jpg,test,T0347.jpg,8,revisar
validation,V0227.jpg,test,T0361.jpg,8,revisar
validation,V0227.jpg,test,T0371.jpg,8,revisar
validation,V0227.jpg,test,T0387.jpg,8,revisar
validation,V0228.jpg,test,T0030.jpg,8,revisar
validation,V0228.jpg,test,T0233.jpg,8,revisar
validation,V0228.jpg,test,T0297.jpg,8,revisar
validation,V0229.jpg,test,T0037.jpg,8,revisar
validation,V0229.jpg,test,T0066.jpg,8,revisar
validation,V0229.jpg,test,T0079.jpg,8,revisar
validation,V0229.jpg,test,T0132.jpg,8,revisar
validation,V0229.jpg,test,T0148.jpg,8,revisar
validation,V0229.jpg,test,T0155.jpg,8,revisar
validation,V0229.jpg,test,T0209.jpg,8,revisar
validation,V0229.jpg,test,T0210.jpg,8,revisar
validation,V0229.jpg,test,T0218.jpg,8,revisar
validation,V0229.jpg,test,T0238.jpg,8,revisar
validation,V0229.jpg,test,T0296.jpg,8,revisar
validation,V0229.jpg,test,T0301.jpg,8,revisar
validation,V0229.jpg,test,T0324.jpg,8,revisar
validation,V0230.jpg,test,T0004.jpg,8,revisar
validation,V0230.jpg,test,T0006.jpg,8,revisar
validation,V0230.jpg,test,T0016.jpg,8,revisar
validation,V0230.jpg,test,T0024.jpg,8,revisar
validation,V0230.jpg,test,T0035.jpg,8,revisar
validation,V0230.jpg,test,T0041.jpg,8,revisar
validation,V0230.jpg,test,T0054.jpg,8,revisar
validation,V0230.jpg,test,T0068.jpg,8,revisar
validation,V0230.jpg,test,T0078.jpg,8,revisar
validation,V0230.jpg,test,T0082.jpg,8,revisar
validation,V0230.jpg,test,T0087.jpg,8,revisar
validation,V0230.jpg,test,T0088.jpg,8,revisar
validation,V0230.jpg,test,T0099.jpg,8,revisar
validation,V0230.jpg,test,T0104.jpg,8,revisar
validation,V0230.jpg,test,T0107.jpg,8,revisar
validation,V0230.jpg,test,T0129.jpg,8,revisar
validation,V0230.jpg,test,T0135.jpg,8,revisar
validation,V0230.jpg,test,T0138.jpg,8,revisar
validation,V0230.jpg,test,T0151.jpg,8,revisar
validation,V0230.jpg,test,T0167.jpg,8,revisar
validation,V0230.jpg,test,T0171.jpg,8,revisar
validation,V0230.jpg,test,T0185.jpg,8,revisar
validation,V0230.jpg,test,T0206.jpg,8,revisar
validation,V0230.jpg,test,T0212.jpg,8,revisar
validation,V0230.jpg,test,T0214.jpg,8,revisar
validation,V0230.jpg,test,T0215.jpg,8,revisar
validation,V0230.jpg,test,T0219.jpg,8,revisar
validation,V0230.jpg,test,T0220.jpg,8,revisar
validation,V0230.jpg,test,T0232.jpg,8,revisar
validation,V0230.jpg,test,T0244.jpg,8,revisar
validation,V0230.jpg,test,T0246.jpg,8,revisar
validation,V0230.jpg,test,T0247.jpg,8,revisar
validation,V0230.jpg,test,T0259.jpg,8,revisar
validation,V0230.jpg,test,T0269.jpg,8,revisar
validation,V0230.jpg,test,T0279.jpg,8,revisar
validation,V0230.jpg,test,T0286.jpg,8,revisar
validation,V0230.jpg,test,T0287.jpg,8,revisar
validation,V0230.jpg,test,T0293.jpg,8,revisar
validation,V0230.jpg,test,T0299.jpg,8,revisar
validation,V0230.jpg,test,T0317.jpg,8,revisar
validation,V0230.jpg,test,T0329.jpg,8,revisar
validation,V0230.jpg,test,T0335.jpg,8,revisar
validation,V0230.jpg,test,T0338.jpg,8,revisar
validation,V0230.jpg,test,T0350.jpg,8,revisar
validation,V0230.jpg,test,T0357.jpg,8,revisar
validation,V0230.jpg,test,T0367.jpg,8,revisar
validation,V0230.jpg,test,T0378.jpg,8,revisar
validation,V0230.jpg,test,T0380.jpg,8,revisar
validation,V0230.jpg,test,T0389.jpg,8,revisar
validation,V0231.jpg,test,T0020.jpg,8,revisar
validation,V0231.jpg,test,T0034.jpg,8,revisar
validation,V0231.jpg,test,T0041.jpg,8,revisar
validation,V0231.jpg,test,T0042.jpg,8,revisar
validation,V0231.jpg,test,T0043.jpg,8,revisar
validation,V0231.jpg,test,T0044.jpg,8,revisar
validation,V0231.jpg,test,T0073.jpg,8,revisar
validation,V0231.jpg,test,T0075.jpg,8,revisar
validation,V0231.jpg,test,T0076.jpg,8,revisar
validation,V0231.jpg,test,T0080.jpg,8,revisar
validation,V0231.jpg,test,T0082.jpg,8,revisar
validation,V0231.jpg,test,T0109.jpg,8,revisar
validation,V0231.jpg,test,T0118.jpg,8,revisar
validation,V0231.jpg,test,T0129.jpg,8,revisar
validation,V0231.jpg,test,T0134.jpg,8,revisar
validation,V0231.jpg,test,T0151.jpg,8,revisar
validation,V0231.jpg,test,T0168.jpg,8,revisar
validation,V0231.jpg,test,T0184.jpg,8,revisar
validation,V0231.jpg,test,T0190.jpg,8,revisar
validation,V0231.jpg,test,T0191.jpg,8,revisar
validation,V0231.jpg,test,T0198.jpg,8,revisar
validation,V0231.jpg,test,T0201.jpg,8,revisar
validation,V0231.jpg,test,T0224.jpg,8,revisar
validation,V0231.jpg,test,T0227.jpg,8,revisar
validation,V0231.jpg,test,T0244.jpg,8,revisar
validation,V0231.jpg,test,T0251.jpg,8,revisar
validation,V0231.jpg,test,T0259.jpg,8,revisar
validation,V0231.jpg,test,T0260.jpg,8,revisar
validation,V0231.jpg,test,T0287.jpg,8,revisar
validation,V0231.jpg,test,T0299.jpg,8,revisar
validation,V0231.jpg,test,T0316.jpg,8,revisar
validation,V0231.jpg,test,T0318.jpg,8,revisar
validation,V0231.jpg,test,T0319.jpg,8,revisar
validation,V0231.jpg,test,T0335.jpg,8,revisar
validation,V0231.jpg,test,T0338.jpg,8,revisar
validation,V0231.jpg,test,T0346.jpg,8,revisar
validation,V0231.jpg,test,T0355.jpg,8,revisar
validation,V0231.jpg,test,T0357.jpg,8,revisar
validation,V0231.jpg,test,T0374.jpg,8,revisar
validation,V0231.jpg,test,T0377.jpg,8,revisar
validation,V0231.jpg,test,T0390.jpg,8,revisar
validation,V0232.jpg,test,T0001.jpg,8,revisar
validation,V0232.jpg,test,T0024.jpg,8,revisar
validation,V0232.jpg,test,T0064.jpg,8,revisar
validation,V0232.jpg,test,T0080.jpg,8,revisar
validation,V0232.jpg,test,T0115.jpg,8,revisar
validation,V0232.jpg,test,T0154.jpg,8,revisar
validation,V0232.jpg,test,T0171.jpg,8,revisar
validation,V0232.jpg,test,T0185.jpg,8,revisar
validation,V0232.jpg,test,T0196.jpg,8,revisar
validation,V0232.jpg,test,T0220.jpg,8,revisar
validation,V0232.jpg,test,T0247.jpg,8,revisar
validation,V0232.jpg,test,T0260.jpg,8,revisar
validation,V0232.jpg,test,T0286.jpg,8,revisar
validation,V0232.jpg,test,T0293.jpg,8,revisar
validation,V0232.jpg,test,T0348.jpg,8,revisar
validation,V0232.jpg,test,T0378.jpg,8,revisar
validation,V0233.jpg,test,T0021.jpg,8,revisar
validation,V0233.jpg,test,T0076.jpg,8,revisar
validation,V0233.jpg,test,T0077.jpg,8,revisar
validation,V0233.jpg,test,T0080.jpg,8,revisar
validation,V0233.jpg,test,T0082.jpg,8,revisar
validation,V0233.jpg,test,T0115.jpg,8,revisar
validation,V0233.jpg,test,T0125.jpg,8,revisar
validation,V0233.jpg,test,T0142.jpg,8,revisar
validation,V0233.jpg,test,T0185.jpg,8,revisar
validation,V0233.jpg,test,T0187.jpg,8,revisar
validation,V0233.jpg,test,T0222.jpg,8,revisar
validation,V0233.jpg,test,T0229.jpg,8,revisar
validation,V0233.jpg,test,T0236.jpg,8,revisar
validation,V0233.jpg,test,T0260.jpg,8,revisar
validation,V0233.jpg,test,T0292.jpg,8,revisar
validation,V0233.jpg,test,T0302.jpg,8,revisar
validation,V0233.jpg,test,T0307.jpg,8,revisar
validation,V0233.jpg,test,T0316.jpg,8,revisar
validation,V0233.jpg,test,T0329.jpg,8,revisar
validation,V0233.jpg,test,T0336.jpg,8,revisar
validation,V0233.jpg,test,T0361.jpg,8,revisar
validation,V0233.jpg,test,T0382.jpg,8,revisar
validation,V0233.jpg,test,T0390.jpg,8,revisar
validation,V0234.jpg,test,T0165.jpg,8,revisar
validation,V0234.jpg,test,T0208.jpg,8,revisar
validation,V0234.jpg,test,T0303.jpg,8,revisar
validation,V0234.jpg,test,T0349.jpg,8,revisar
validation,V0234.jpg,test,T0353.jpg,8,revisar
validation,V0234.jpg,test,T0379.jpg,8,revisar
validation,V0235.jpg,test,T0032.jpg,8,revisar
validation,V0235.jpg,test,T0111.jpg,8,revisar
validation,V0235.jpg,test,T0141.jpg,8,revisar
validation,V0236.jpg,test,T0042.jpg,8,revisar
validation,V0236.jpg,test,T0048.jpg,8,revisar
validation,V0236.jpg,test,T0064.jpg,8,revisar
validation,V0236.jpg,test,T0075.jpg,8,revisar
validation,V0236.jpg,test,T0077.jpg,8,revisar
validation,V0236.jpg,test,T0082.jpg,8,revisar
validation,V0236.jpg,test,T0088.jpg,8,revisar
validation,V0236.jpg,test,T0120.jpg,8,revisar
validation,V0236.jpg,test,T0142.jpg,8,revisar
validation,V0236.jpg,test,T0154.jpg,8,revisar
validation,V0236.jpg,test,T0171.jpg,8,revisar
validation,V0236.jpg,test,T0178.jpg,8,revisar
validation,V0236.jpg,test,T0187.jpg,8,revisar
validation,V0236.jpg,test,T0196.jpg,8,revisar
validation,V0236.jpg,test,T0203.jpg,8,revisar
validation,V0236.jpg,test,T0219.jpg,8,revisar
validation,V0236.jpg,test,T0223.jpg,8,revisar
validation,V0236.jpg,test,T0225.jpg,8,revisar
validation,V0236.jpg,test,T0260.jpg,8,revisar
validation,V0236.jpg,test,T0310.jpg,8,revisar
validation,V0236.jpg,test,T0312.jpg,8,revisar
validation,V0236.jpg,test,T0318.jpg,8,revisar
validation,V0236.jpg,test,T0325.jpg,8,revisar
validation,V0236.jpg,test,T0329.jpg,8,revisar
validation,V0236.jpg,test,T0336.jpg,8,revisar
validation,V0236.jpg,test,T0337.jpg,8,revisar
validation,V0236.jpg,test,T0343.jpg,8,revisar
validation,V0236.jpg,test,T0361.jpg,8,revisar
validation,V0236.jpg,test,T0392.jpg,8,revisar
validation,V0237.jpg,test,T0001.jpg,8,revisar
validation,V0237.jpg,test,T0002.jpg,8,revisar
validation,V0237.jpg,test,T0003.jpg,8,revisar
validation,V0237.jpg,test,T0005.jpg,8,revisar
validation,V0237.jpg,test,T0010.jpg,8,revisar
validation,V0237.jpg,test,T0016.jpg,8,revisar
validation,V0237.jpg,test,T0042.jpg,8,revisar
validation,V0237.jpg,test,T0051.jpg,8,revisar
validation,V0237.jpg,test,T0073.jpg,8,revisar
validation,V0237.jpg,test,T0088.jpg,8,revisar
validation,V0237.jpg,test,T0095.jpg,8,revisar
validation,V0237.jpg,test,T0099.jpg,8,revisar
validation,V0237.jpg,test,T0101.jpg,8,revisar
validation,V0237.jpg,test,T0154.jpg,8,revisar
validation,V0237.jpg,test,T0158.jpg,8,revisar
validation,V0237.jpg,test,T0187.jpg,8,revisar
validation,V0237.jpg,test,T0191.jpg,8,revisar
validation,V0237.jpg,test,T0197.jpg,8,revisar
validation,V0237.jpg,test,T0201.jpg,8,revisar
validation,V0237.jpg,test,T0213.jpg,8,revisar
validation,V0237.jpg,test,T0220.jpg,8,revisar
validation,V0237.jpg,test,T0225.jpg,8,revisar
validation,V0237.jpg,test,T0231.jpg,8,revisar
validation,V0237.jpg,test,T0250.jpg,8,revisar
validation,V0237.jpg,test,T0251.jpg,8,revisar
validation,V0237.jpg,test,T0254.jpg,8,revisar
validation,V0237.jpg,test,T0265.jpg,8,revisar
validation,V0237.jpg,test,T0286.jpg,8,revisar
validation,V0237.jpg,test,T0289.jpg,8,revisar
validation,V0237.jpg,test,T0293.jpg,8,revisar
validation,V0237.jpg,test,T0298.jpg,8,revisar
validation,V0237.jpg,test,T0311.jpg,8,revisar
validation,V0237.jpg,test,T0328.jpg,8,revisar
validation,V0237.jpg,test,T0334.jpg,8,revisar
validation,V0237.jpg,test,T0361.jpg,8,revisar
validation,V0237.jpg,test,T0368.jpg,8,revisar
validation,V0237.jpg,test,T0374.jpg,8,revisar
validation,V0237.jpg,test,T0377.jpg,8,revisar
validation,V0237.jpg,test,T0383.jpg,8,revisar
validation,V0237.jpg,test,T0392.jpg,8,revisar
validation,V0237.jpg,test,T0393.jpg,8,revisar
validation,V0238.jpg,test,T0006.jpg,8,revisar
validation,V0238.jpg,test,T0021.jpg,8,revisar
validation,V0238.jpg,test,T0028.jpg,8,revisar
validation,V0238.jpg,test,T0032.jpg,8,revisar
validation,V0238.jpg,test,T0034.jpg,8,revisar
validation,V0238.jpg,test,T0043.jpg,8,revisar
validation,V0238.jpg,test,T0064.jpg,8,revisar
validation,V0238.jpg,test,T0075.jpg,8,revisar
validation,V0238.jpg,test,T0076.jpg,8,revisar
validation,V0238.jpg,test,T0077.jpg,8,revisar
validation,V0238.jpg,test,T0078.jpg,8,revisar
validation,V0238.jpg,test,T0082.jpg,8,revisar
validation,V0238.jpg,test,T0109.jpg,8,revisar
validation,V0238.jpg,test,T0115.jpg,8,revisar
validation,V0238.jpg,test,T0118.jpg,8,revisar
validation,V0238.jpg,test,T0119.jpg,8,revisar
validation,V0238.jpg,test,T0125.jpg,8,revisar
validation,V0238.jpg,test,T0134.jpg,8,revisar
validation,V0238.jpg,test,T0147.jpg,8,revisar
validation,V0238.jpg,test,T0169.jpg,8,revisar
validation,V0238.jpg,test,T0171.jpg,8,revisar
validation,V0238.jpg,test,T0178.jpg,8,revisar
validation,V0238.jpg,test,T0184.jpg,8,revisar
validation,V0238.jpg,test,T0219.jpg,8,revisar
validation,V0238.jpg,test,T0225.jpg,8,revisar
validation,V0238.jpg,test,T0228.jpg,8,revisar
validation,V0238.jpg,test,T0236.jpg,8,revisar
validation,V0238.jpg,test,T0245.jpg,8,revisar
validation,V0238.jpg,test,T0259.jpg,8,revisar
validation,V0238.jpg,test,T0299.jpg,8,revisar
validation,V0238.jpg,test,T0325.jpg,8,revisar
validation,V0238.jpg,test,T0328.jpg,8,revisar
validation,V0238.jpg,test,T0334.jpg,8,revisar
validation,V0238.jpg,test,T0335.jpg,8,revisar
validation,V0238.jpg,test,T0356.jpg,8,revisar
validation,V0238.jpg,test,T0363.jpg,8,revisar
validation,V0238.jpg,test,T0374.jpg,8,revisar
validation,V0238.jpg,test,T0377.jpg,8,revisar
validation,V0238.jpg,test,T0382.jpg,8,revisar
validation,V0238.jpg,test,T0392.jpg,8,revisar
validation,V0238.jpg,test,T0393.jpg,8,revisar
validation,V0238.jpg,test,T0394.jpg,8,revisar
validation,V0239.jpg,test,T0236.jpg,8,revisar
validation,V0239.jpg,test,T0262.jpg,8,revisar
validation,V0239.jpg,test,T0365.jpg,8,revisar
validation,V0241.jpg,test,T0055.jpg,8,revisar
validation,V0241.jpg,test,T0083.jpg,8,revisar
validation,V0241.jpg,test,T0102.jpg,8,revisar
validation,V0241.jpg,test,T0105.jpg,8,revisar
validation,V0241.jpg,test,T0280.jpg,8,revisar
validation,V0241.jpg,test,T0295.jpg,8,revisar
validation,V0241.jpg,test,T0301.jpg,8,revisar
validation,V0241.jpg,test,T0324.jpg,8,revisar
validation,V0241.jpg,test,T0359.jpg,8,revisar
validation,V0242.jpg,test,T0159.jpg,8,revisar
validation,V0243.jpg,test,T0014.jpg,8,revisar
validation,V0243.jpg,test,T0084.jpg,8,revisar
validation,V0243.jpg,test,T0371.jpg,8,revisar
validation,V0244.jpg,test,T0037.jpg,8,revisar
validation,V0244.jpg,test,T0055.jpg,8,revisar
validation,V0244.jpg,test,T0079.jpg,8,revisar
validation,V0244.jpg,test,T0123.jpg,8,revisar
validation,V0244.jpg,test,T0148.jpg,8,revisar
validation,V0244.jpg,test,T0192.jpg,8,revisar
validation,V0244.jpg,test,T0194.jpg,8,revisar
validation,V0244.jpg,test,T0203.jpg,8,revisar
validation,V0244.jpg,test,T0208.jpg,8,revisar
validation,V0244.jpg,test,T0285.jpg,8,revisar
validation,V0244.jpg,test,T0310.jpg,8,revisar
validation,V0244.jpg,test,T0362.jpg,8,revisar
validation,V0245.jpg,test,T0199.jpg,8,revisar
validation,V0245.jpg,test,T0218.jpg,8,revisar
validation,V0245.jpg,test,T0339.jpg,8,revisar
validation,V0245.jpg,test,T0376.jpg,8,revisar
validation,V0245.jpg,test,T0379.jpg,8,revisar
validation,V0246.jpg,test,T0016.jpg,8,revisar
validation,V0246.jpg,test,T0029.jpg,8,revisar
validation,V0246.jpg,test,T0031.jpg,8,revisar
validation,V0246.jpg,test,T0038.jpg,8,revisar
validation,V0246.jpg,test,T0041.jpg,8,revisar
validation,V0246.jpg,test,T0053.jpg,8,revisar
validation,V0246.jpg,test,T0069.jpg,8,revisar
validation,V0246.jpg,test,T0078.jpg,8,revisar
validation,V0246.jpg,test,T0121.jpg,8,revisar
validation,V0246.jpg,test,T0182.jpg,8,revisar
validation,V0246.jpg,test,T0232.jpg,8,revisar
validation,V0246.jpg,test,T0264.jpg,8,revisar
validation,V0246.jpg,test,T0267.jpg,8,revisar
validation,V0246.jpg,test,T0287.jpg,8,revisar
validation,V0246.jpg,test,T0306.jpg,8,revisar
validation,V0246.jpg,test,T0337.jpg,8,revisar
validation,V0248.jpg,test,T0021.jpg,8,revisar
validation,V0248.jpg,test,T0035.jpg,8,revisar
validation,V0248.jpg,test,T0038.jpg,8,revisar
validation,V0248.jpg,test,T0040.jpg,8,revisar
validation,V0248.jpg,test,T0041.jpg,8,revisar
validation,V0248.jpg,test,T0095.jpg,8,revisar
validation,V0248.jpg,test,T0109.jpg,8,revisar
validation,V0248.jpg,test,T0125.jpg,8,revisar
validation,V0248.jpg,test,T0134.jpg,8,revisar
validation,V0248.jpg,test,T0154.jpg,8,revisar
validation,V0248.jpg,test,T0173.jpg,8,revisar
validation,V0248.jpg,test,T0207.jpg,8,revisar
validation,V0248.jpg,test,T0212.jpg,8,revisar
validation,V0248.jpg,test,T0251.jpg,8,revisar
validation,V0248.jpg,test,T0336.jpg,8,revisar
validation,V0248.jpg,test,T0338.jpg,8,revisar
validation,V0248.jpg,test,T0367.jpg,8,revisar
validation,V0248.jpg,test,T0371.jpg,8,revisar
validation,V0249.jpg,test,T0008.jpg,8,revisar
validation,V0249.jpg,test,T0020.jpg,8,revisar
validation,V0249.jpg,test,T0021.jpg,8,revisar
validation,V0249.jpg,test,T0023.jpg,8,revisar
validation,V0249.jpg,test,T0042.jpg,8,revisar
validation,V0249.jpg,test,T0048.jpg,8,revisar
validation,V0249.jpg,test,T0064.jpg,8,revisar
validation,V0249.jpg,test,T0080.jpg,8,revisar
validation,V0249.jpg,test,T0088.jpg,8,revisar
validation,V0249.jpg,test,T0118.jpg,8,revisar
validation,V0249.jpg,test,T0120.jpg,8,revisar
validation,V0249.jpg,test,T0122.jpg,8,revisar
validation,V0249.jpg,test,T0125.jpg,8,revisar
validation,V0249.jpg,test,T0138.jpg,8,revisar
validation,V0249.jpg,test,T0153.jpg,8,revisar
validation,V0249.jpg,test,T0154.jpg,8,revisar
validation,V0249.jpg,test,T0171.jpg,8,revisar
validation,V0249.jpg,test,T0187.jpg,8,revisar
validation,V0249.jpg,test,T0201.jpg,8,revisar
validation,V0249.jpg,test,T0203.jpg,8,revisar
validation,V0249.jpg,test,T0223.jpg,8,revisar
validation,V0249.jpg,test,T0225.jpg,8,revisar
validation,V0249.jpg,test,T0228.jpg,8,revisar
validation,V0249.jpg,test,T0229.jpg,8,revisar
validation,V0249.jpg,test,T0230.jpg,8,revisar
validation,V0249.jpg,test,T0250.jpg,8,revisar
validation,V0249.jpg,test,T0274.jpg,8,revisar
validation,V0249.jpg,test,T0312.jpg,8,revisar
validation,V0249.jpg,test,T0313.jpg,8,revisar
validation,V0249.jpg,test,T0315.jpg,8,revisar
validation,V0249.jpg,test,T0325.jpg,8,revisar
validation,V0249.jpg,test,T0329.jpg,8,revisar
validation,V0249.jpg,test,T0331.jpg,8,revisar
validation,V0249.jpg,test,T0335.jpg,8,revisar
validation,V0249.jpg,test,T0361.jpg,8,revisar
validation,V0249.jpg,test,T0378.jpg,8,revisar
validation,V0249.jpg,test,T0382.jpg,8,revisar
validation,V0249.jpg,test,T0393.jpg,8,revisar
validation,V0249.jpg,test,T0400.jpg,8,revisar
validation,V0250.jpg,test,T0016.jpg,8,revisar
validation,V0250.jpg,test,T0024.jpg,8,revisar
validation,V0250.jpg,test,T0025.jpg,8,revisar
validation,V0250.jpg,test,T0029.jpg,8,revisar
validation,V0250.jpg,test,T0033.jpg,8,revisar
validation,V0250.jpg,test,T0035.jpg,8,revisar
validation,V0250.jpg,test,T0048.jpg,8,revisar
validation,V0250.jpg,test,T0050.jpg,8,revisar
validation,V0250.jpg,test,T0052.jpg,8,revisar
validation,V0250.jpg,test,T0053.jpg,8,revisar
validation,V0250.jpg,test,T0054.jpg,8,revisar
validation,V0250.jpg,test,T0058.jpg,8,revisar
validation,V0250.jpg,test,T0072.jpg,8,revisar
validation,V0250.jpg,test,T0076.jpg,8,revisar
validation,V0250.jpg,test,T0077.jpg,8,revisar
validation,V0250.jpg,test,T0082.jpg,8,revisar
validation,V0250.jpg,test,T0087.jpg,8,revisar
validation,V0250.jpg,test,T0088.jpg,8,revisar
validation,V0250.jpg,test,T0092.jpg,8,revisar
validation,V0250.jpg,test,T0118.jpg,8,revisar
validation,V0250.jpg,test,T0138.jpg,8,revisar
validation,V0250.jpg,test,T0145.jpg,8,revisar
validation,V0250.jpg,test,T0151.jpg,8,revisar
validation,V0250.jpg,test,T0156.jpg,8,revisar
validation,V0250.jpg,test,T0166.jpg,8,revisar
validation,V0250.jpg,test,T0171.jpg,8,revisar
validation,V0250.jpg,test,T0185.jpg,8,revisar
validation,V0250.jpg,test,T0191.jpg,8,revisar
validation,V0250.jpg,test,T0193.jpg,8,revisar
validation,V0250.jpg,test,T0214.jpg,8,revisar
validation,V0250.jpg,test,T0219.jpg,8,revisar
validation,V0250.jpg,test,T0220.jpg,8,revisar
validation,V0250.jpg,test,T0221.jpg,8,revisar
validation,V0250.jpg,test,T0244.jpg,8,revisar
validation,V0250.jpg,test,T0246.jpg,8,revisar
validation,V0250.jpg,test,T0247.jpg,8,revisar
validation,V0250.jpg,test,T0267.jpg,8,revisar
validation,V0250.jpg,test,T0286.jpg,8,revisar
validation,V0250.jpg,test,T0292.jpg,8,revisar
validation,V0250.jpg,test,T0293.jpg,8,revisar
validation,V0250.jpg,test,T0299.jpg,8,revisar
validation,V0250.jpg,test,T0307.jpg,8,revisar
validation,V0250.jpg,test,T0313.jpg,8,revisar
validation,V0250.jpg,test,T0325.jpg,8,revisar
validation,V0250.jpg,test,T0329.jpg,8,revisar
validation,V0250.jpg,test,T0337.jpg,8,revisar
validation,V0250.jpg,test,T0338.jpg,8,revisar
validation,V0250.jpg,test,T0357.jpg,8,revisar
validation,V0250.jpg,test,T0363.jpg,8,revisar
validation,V0250.jpg,test,T0365.jpg,8,revisar
validation,V0250.jpg,test,T0378.jpg,8,revisar
validation,V0250.jpg,test,T0380.jpg,8,revisar
validation,V0251.jpg,test,T0013.jpg,8,revisar
validation,V0251.jpg,test,T0127.jpg,8,revisar
validation,V0251.jpg,test,T0143.jpg,8,revisar
validation,V0251.jpg,test,T0303.jpg,8,revisar
validation,V0251.jpg,test,T0332.jpg,8,revisar
validation,V0251.jpg,test,T0349.jpg,8,revisar
validation,V0252.jpg,test,T0008.jpg,8,revisar
validation,V0252.jpg,test,T0020.jpg,8,revisar
validation,V0252.jpg,test,T0042.jpg,8,revisar
validation,V0252.jpg,test,T0044.jpg,8,revisar
validation,V0252.jpg,test,T0046.jpg,8,revisar
validation,V0252.jpg,test,T0072.jpg,8,revisar
validation,V0252.jpg,test,T0085.jpg,8,revisar
validation,V0252.jpg,test,T0092.jpg,8,revisar
validation,V0252.jpg,test,T0101.jpg,8,revisar
validation,V0252.jpg,test,T0103.jpg,8,revisar
validation,V0252.jpg,test,T0114.jpg,8,revisar
validation,V0252.jpg,test,T0120.jpg,8,revisar
validation,V0252.jpg,test,T0122.jpg,8,revisar
validation,V0252.jpg,test,T0130.jpg,8,revisar
validation,V0252.jpg,test,T0163.jpg,8,revisar
validation,V0252.jpg,test,T0168.jpg,8,revisar
validation,V0252.jpg,test,T0170.jpg,8,revisar
validation,V0252.jpg,test,T0201.jpg,8,revisar
validation,V0252.jpg,test,T0205.jpg,8,revisar
validation,V0252.jpg,test,T0214.jpg,8,revisar
validation,V0252.jpg,test,T0223.jpg,8,revisar
validation,V0252.jpg,test,T0231.jpg,8,revisar
validation,V0252.jpg,test,T0254.jpg,8,revisar
validation,V0252.jpg,test,T0278.jpg,8,revisar
validation,V0252.jpg,test,T0294.jpg,8,revisar
validation,V0252.jpg,test,T0310.jpg,8,revisar
validation,V0252.jpg,test,T0340.jpg,8,revisar
validation,V0252.jpg,test,T0350.jpg,8,revisar
validation,V0252.jpg,test,T0368.jpg,8,revisar
validation,V0252.jpg,test,T0383.jpg,8,revisar
validation,V0252.jpg,test,T0400.jpg,8,revisar
validation,V0253.jpg,test,T0010.jpg,8,revisar
validation,V0253.jpg,test,T0033.jpg,8,revisar
validation,V0253.jpg,test,T0051.jpg,8,revisar
validation,V0253.jpg,test,T0101.jpg,8,revisar
validation,V0253.jpg,test,T0113.jpg,8,revisar
validation,V0253.jpg,test,T0139.jpg,8,revisar
validation,V0253.jpg,test,T0149.jpg,8,revisar
validation,V0253.jpg,test,T0158.jpg,8,revisar
validation,V0253.jpg,test,T0168.jpg,8,revisar
validation,V0253.jpg,test,T0191.jpg,8,revisar
validation,V0253.jpg,test,T0205.jpg,8,revisar
validation,V0253.jpg,test,T0214.jpg,8,revisar
validation,V0253.jpg,test,T0231.jpg,8,revisar
validation,V0253.jpg,test,T0250.jpg,8,revisar
validation,V0253.jpg,test,T0254.jpg,8,revisar
validation,V0253.jpg,test,T0255.jpg,8,revisar
validation,V0253.jpg,test,T0265.jpg,8,revisar
validation,V0253.jpg,test,T0273.jpg,8,revisar
validation,V0253.jpg,test,T0278.jpg,8,revisar
validation,V0253.jpg,test,T0294.jpg,8,revisar
validation,V0253.jpg,test,T0311.jpg,8,revisar
validation,V0253.jpg,test,T0318.jpg,8,revisar
validation,V0253.jpg,test,T0328.jpg,8,revisar
validation,V0253.jpg,test,T0343.jpg,8,revisar
validation,V0253.jpg,test,T0345.jpg,8,revisar
validation,V0253.jpg,test,T0350.jpg,8,revisar
validation,V0253.jpg,test,T0357.jpg,8,revisar
validation,V0253.jpg,test,T0369.jpg,8,revisar
validation,V0253.jpg,test,T0377.jpg,8,revisar
validation,V0253.jpg,test,T0399.jpg,8,revisar
validation,V0254.jpg,test,T0017.jpg,8,revisar
validation,V0254.jpg,test,T0029.jpg,8,revisar
validation,V0254.jpg,test,T0033.jpg,8,revisar
validation,V0254.jpg,test,T0045.jpg,8,revisar
validation,V0254.jpg,test,T0052.jpg,8,revisar
validation,V0254.jpg,test,T0053.jpg,8,revisar
validation,V0254.jpg,test,T0076.jpg,8,revisar
validation,V0254.jpg,test,T0091.jpg,8,revisar
validation,V0254.jpg,test,T0092.jpg,8,revisar
validation,V0254.jpg,test,T0095.jpg,8,revisar
validation,V0254.jpg,test,T0107.jpg,8,revisar
validation,V0254.jpg,test,T0112.jpg,8,revisar
validation,V0254.jpg,test,T0138.jpg,8,revisar
validation,V0254.jpg,test,T0154.jpg,8,revisar
validation,V0254.jpg,test,T0171.jpg,8,revisar
validation,V0254.jpg,test,T0190.jpg,8,revisar
validation,V0254.jpg,test,T0191.jpg,8,revisar
validation,V0254.jpg,test,T0211.jpg,8,revisar
validation,V0254.jpg,test,T0230.jpg,8,revisar
validation,V0254.jpg,test,T0233.jpg,8,revisar
validation,V0254.jpg,test,T0250.jpg,8,revisar
validation,V0254.jpg,test,T0251.jpg,8,revisar
validation,V0254.jpg,test,T0260.jpg,8,revisar
validation,V0254.jpg,test,T0262.jpg,8,revisar
validation,V0254.jpg,test,T0267.jpg,8,revisar
validation,V0254.jpg,test,T0269.jpg,8,revisar
validation,V0254.jpg,test,T0283.jpg,8,revisar
validation,V0254.jpg,test,T0286.jpg,8,revisar
validation,V0254.jpg,test,T0299.jpg,8,revisar
validation,V0254.jpg,test,T0307.jpg,8,revisar
validation,V0254.jpg,test,T0313.jpg,8,revisar
validation,V0254.jpg,test,T0317.jpg,8,revisar
validation,V0254.jpg,test,T0337.jpg,8,revisar
validation,V0254.jpg,test,T0350.jpg,8,revisar
validation,V0254.jpg,test,T0357.jpg,8,revisar
validation,V0254.jpg,test,T0361.jpg,8,revisar
validation,V0254.jpg,test,T0364.jpg,8,revisar
validation,V0254.jpg,test,T0374.jpg,8,revisar
validation,V0254.jpg,test,T0380.jpg,8,revisar
validation,V0254.jpg,test,T0391.jpg,8,revisar
validation,V0255.jpg,test,T0008.jpg,8,revisar
validation,V0255.jpg,test,T0064.jpg,8,revisar
validation,V0255.jpg,test,T0103.jpg,8,revisar
validation,V0255.jpg,test,T0115.jpg,8,revisar
validation,V0255.jpg,test,T0129.jpg,8,revisar
validation,V0255.jpg,test,T0147.jpg,8,revisar
validation,V0255.jpg,test,T0171.jpg,8,revisar
validation,V0255.jpg,test,T0187.jpg,8,revisar
validation,V0255.jpg,test,T0190.jpg,8,revisar
validation,V0255.jpg,test,T0275.jpg,8,revisar
validation,V0255.jpg,test,T0299.jpg,8,revisar
validation,V0255.jpg,test,T0323.jpg,8,revisar
validation,V0255.jpg,test,T0361.jpg,8,revisar
validation,V0256.jpg,test,T0006.jpg,8,revisar
validation,V0256.jpg,test,T0018.jpg,8,revisar
validation,V0256.jpg,test,T0019.jpg,8,revisar
validation,V0256.jpg,test,T0107.jpg,8,revisar
validation,V0256.jpg,test,T0112.jpg,8,revisar
validation,V0256.jpg,test,T0166.jpg,8,revisar
validation,V0256.jpg,test,T0181.jpg,8,revisar
validation,V0256.jpg,test,T0196.jpg,8,revisar
validation,V0256.jpg,test,T0236.jpg,8,revisar
validation,V0256.jpg,test,T0244.jpg,8,revisar
validation,V0256.jpg,test,T0260.jpg,8,revisar
validation,V0256.jpg,test,T0283.jpg,8,revisar
validation,V0256.jpg,test,T0299.jpg,8,revisar
validation,V0256.jpg,test,T0313.jpg,8,revisar
validation,V0256.jpg,test,T0354.jpg,8,revisar
validation,V0257.jpg,test,T0010.jpg,8,revisar
validation,V0257.jpg,test,T0033.jpg,8,revisar
validation,V0257.jpg,test,T0035.jpg,8,revisar
validation,V0257.jpg,test,T0051.jpg,8,revisar
validation,V0257.jpg,test,T0058.jpg,8,revisar
validation,V0257.jpg,test,T0087.jpg,8,revisar
validation,V0257.jpg,test,T0113.jpg,8,revisar
validation,V0257.jpg,test,T0120.jpg,8,revisar
validation,V0257.jpg,test,T0138.jpg,8,revisar
validation,V0257.jpg,test,T0163.jpg,8,revisar
validation,V0257.jpg,test,T0170.jpg,8,revisar
validation,V0257.jpg,test,T0188.jpg,8,revisar
validation,V0257.jpg,test,T0205.jpg,8,revisar
validation,V0257.jpg,test,T0214.jpg,8,revisar
validation,V0257.jpg,test,T0221.jpg,8,revisar
validation,V0257.jpg,test,T0223.jpg,8,revisar
validation,V0257.jpg,test,T0250.jpg,8,revisar
validation,V0257.jpg,test,T0252.jpg,8,revisar
validation,V0257.jpg,test,T0278.jpg,8,revisar
validation,V0257.jpg,test,T0318.jpg,8,revisar
validation,V0257.jpg,test,T0342.jpg,8,revisar
validation,V0257.jpg,test,T0350.jpg,8,revisar
validation,V0258.jpg,test,T0001.jpg,8,revisar
validation,V0258.jpg,test,T0005.jpg,8,revisar
validation,V0258.jpg,test,T0008.jpg,8,revisar
validation,V0258.jpg,test,T0020.jpg,8,revisar
validation,V0258.jpg,test,T0021.jpg,8,revisar
validation,V0258.jpg,test,T0042.jpg,8,revisar
validation,V0258.jpg,test,T0046.jpg,8,revisar
validation,V0258.jpg,test,T0054.jpg,8,revisar
validation,V0258.jpg,test,T0065.jpg,8,revisar
validation,V0258.jpg,test,T0075.jpg,8,revisar
validation,V0258.jpg,test,T0095.jpg,8,revisar
validation,V0258.jpg,test,T0120.jpg,8,revisar
validation,V0258.jpg,test,T0122.jpg,8,revisar
validation,V0258.jpg,test,T0125.jpg,8,revisar
validation,V0258.jpg,test,T0129.jpg,8,revisar
validation,V0258.jpg,test,T0145.jpg,8,revisar
validation,V0258.jpg,test,T0154.jpg,8,revisar
validation,V0258.jpg,test,T0163.jpg,8,revisar
validation,V0258.jpg,test,T0168.jpg,8,revisar
validation,V0258.jpg,test,T0187.jpg,8,revisar
validation,V0258.jpg,test,T0207.jpg,8,revisar
validation,V0258.jpg,test,T0219.jpg,8,revisar
validation,V0258.jpg,test,T0221.jpg,8,revisar
validation,V0258.jpg,test,T0228.jpg,8,revisar
validation,V0258.jpg,test,T0230.jpg,8,revisar
validation,V0258.jpg,test,T0251.jpg,8,revisar
validation,V0258.jpg,test,T0254.jpg,8,revisar
validation,V0258.jpg,test,T0292.jpg,8,revisar
validation,V0258.jpg,test,T0294.jpg,8,revisar
validation,V0258.jpg,test,T0300.jpg,8,revisar
validation,V0258.jpg,test,T0315.jpg,8,revisar
validation,V0258.jpg,test,T0318.jpg,8,revisar
validation,V0258.jpg,test,T0329.jpg,8,revisar
validation,V0258.jpg,test,T0334.jpg,8,revisar
validation,V0258.jpg,test,T0336.jpg,8,revisar
validation,V0258.jpg,test,T0340.jpg,8,revisar
validation,V0258.jpg,test,T0361.jpg,8,revisar
validation,V0258.jpg,test,T0382.jpg,8,revisar
validation,V0258.jpg,test,T0383.jpg,8,revisar
validation,V0258.jpg,test,T0386.jpg,8,revisar
validation,V0258.jpg,test,T0389.jpg,8,revisar
validation,V0258.jpg,test,T0390.jpg,8,revisar
validation,V0258.jpg,test,T0392.jpg,8,revisar
validation,V0258.jpg,test,T0393.jpg,8,revisar
validation,V0258.jpg,test,T0398.jpg,8,revisar
validation,V0259.jpg,test,T0007.jpg,8,revisar
validation,V0259.jpg,test,T0054.jpg,8,revisar
validation,V0259.jpg,test,T0114.jpg,8,revisar
validation,V0259.jpg,test,T0120.jpg,8,revisar
validation,V0259.jpg,test,T0135.jpg,8,revisar
validation,V0259.jpg,test,T0154.jpg,8,revisar
validation,V0259.jpg,test,T0187.jpg,8,revisar
validation,V0259.jpg,test,T0196.jpg,8,revisar
validation,V0259.jpg,test,T0203.jpg,8,revisar
validation,V0259.jpg,test,T0219.jpg,8,revisar
validation,V0259.jpg,test,T0254.jpg,8,revisar
validation,V0259.jpg,test,T0260.jpg,8,revisar
validation,V0259.jpg,test,T0275.jpg,8,revisar
validation,V0259.jpg,test,T0286.jpg,8,revisar
validation,V0259.jpg,test,T0289.jpg,8,revisar
validation,V0259.jpg,test,T0298.jpg,8,revisar
validation,V0259.jpg,test,T0302.jpg,8,revisar
validation,V0259.jpg,test,T0311.jpg,8,revisar
validation,V0259.jpg,test,T0313.jpg,8,revisar
validation,V0259.jpg,test,T0314.jpg,8,revisar
validation,V0259.jpg,test,T0318.jpg,8,revisar
validation,V0259.jpg,test,T0319.jpg,8,revisar
validation,V0259.jpg,test,T0328.jpg,8,revisar
validation,V0259.jpg,test,T0334.jpg,8,revisar
validation,V0259.jpg,test,T0335.jpg,8,revisar
validation,V0259.jpg,test,T0337.jpg,8,revisar
validation,V0259.jpg,test,T0348.jpg,8,revisar
validation,V0259.jpg,test,T0355.jpg,8,revisar
validation,V0259.jpg,test,T0357.jpg,8,revisar
validation,V0259.jpg,test,T0361.jpg,8,revisar
validation,V0259.jpg,test,T0374.jpg,8,revisar
validation,V0259.jpg,test,T0382.jpg,8,revisar
validation,V0260.jpg,test,T0002.jpg,8,revisar
validation,V0260.jpg,test,T0003.jpg,8,revisar
validation,V0260.jpg,test,T0005.jpg,8,revisar
validation,V0260.jpg,test,T0020.jpg,8,revisar
validation,V0260.jpg,test,T0023.jpg,8,revisar
validation,V0260.jpg,test,T0032.jpg,8,revisar
validation,V0260.jpg,test,T0058.jpg,8,revisar
validation,V0260.jpg,test,T0064.jpg,8,revisar
validation,V0260.jpg,test,T0072.jpg,8,revisar
validation,V0260.jpg,test,T0088.jpg,8,revisar
validation,V0260.jpg,test,T0111.jpg,8,revisar
validation,V0260.jpg,test,T0117.jpg,8,revisar
validation,V0260.jpg,test,T0138.jpg,8,revisar
validation,V0260.jpg,test,T0139.jpg,8,revisar
validation,V0260.jpg,test,T0141.jpg,8,revisar
validation,V0260.jpg,test,T0178.jpg,8,revisar
validation,V0260.jpg,test,T0184.jpg,8,revisar
validation,V0260.jpg,test,T0187.jpg,8,revisar
validation,V0260.jpg,test,T0205.jpg,8,revisar
validation,V0260.jpg,test,T0207.jpg,8,revisar
validation,V0260.jpg,test,T0217.jpg,8,revisar
validation,V0260.jpg,test,T0221.jpg,8,revisar
validation,V0260.jpg,test,T0231.jpg,8,revisar
validation,V0260.jpg,test,T0246.jpg,8,revisar
validation,V0260.jpg,test,T0265.jpg,8,revisar
validation,V0260.jpg,test,T0278.jpg,8,revisar
validation,V0260.jpg,test,T0286.jpg,8,revisar
validation,V0260.jpg,test,T0289.jpg,8,revisar
validation,V0260.jpg,test,T0298.jpg,8,revisar
validation,V0260.jpg,test,T0300.jpg,8,revisar
validation,V0260.jpg,test,T0314.jpg,8,revisar
validation,V0260.jpg,test,T0329.jpg,8,revisar
validation,V0260.jpg,test,T0341.jpg,8,revisar
validation,V0260.jpg,test,T0355.jpg,8,revisar
validation,V0260.jpg,test,T0357.jpg,8,revisar
validation,V0260.jpg,test,T0368.jpg,8,revisar
validation,V0260.jpg,test,T0374.jpg,8,revisar
validation,V0260.jpg,test,T0387.jpg,8,revisar
validation,V0260.jpg,test,T0393.jpg,8,revisar
validation,V0261.jpg,test,T0002.jpg,8,revisar
validation,V0261.jpg,test,T0003.jpg,8,revisar
validation,V0261.jpg,test,T0005.jpg,8,revisar
validation,V0261.jpg,test,T0034.jpg,8,revisar
validation,V0261.jpg,test,T0054.jpg,8,revisar
validation,V0261.jpg,test,T0111.jpg,8,revisar
validation,V0261.jpg,test,T0114.jpg,8,revisar
validation,V0261.jpg,test,T0139.jpg,8,revisar
validation,V0261.jpg,test,T0141.jpg,8,revisar
validation,V0261.jpg,test,T0191.jpg,8,revisar
validation,V0261.jpg,test,T0197.jpg,8,revisar
validation,V0261.jpg,test,T0205.jpg,8,revisar
validation,V0261.jpg,test,T0221.jpg,8,revisar
validation,V0261.jpg,test,T0255.jpg,8,revisar
validation,V0261.jpg,test,T0278.jpg,8,revisar
validation,V0261.jpg,test,T0309.jpg,8,revisar
validation,V0261.jpg,test,T0311.jpg,8,revisar
validation,V0261.jpg,test,T0314.jpg,8,revisar
validation,V0261.jpg,test,T0318.jpg,8,revisar
validation,V0261.jpg,test,T0343.jpg,8,revisar
validation,V0261.jpg,test,T0355.jpg,8,revisar
validation,V0261.jpg,test,T0357.jpg,8,revisar
validation,V0261.jpg,test,T0377.jpg,8,revisar
validation,V0261.jpg,test,T0400.jpg,8,revisar
validation,V0262.jpg,test,T0009.jpg,8,revisar
validation,V0262.jpg,test,T0045.jpg,8,revisar
validation,V0262.jpg,test,T0076.jpg,8,revisar
validation,V0262.jpg,test,T0104.jpg,8,revisar
validation,V0262.jpg,test,T0107.jpg,8,revisar
validation,V0262.jpg,test,T0115.jpg,8,revisar
validation,V0262.jpg,test,T0134.jpg,8,revisar
validation,V0262.jpg,test,T0156.jpg,8,revisar
validation,V0262.jpg,test,T0169.jpg,8,revisar
validation,V0262.jpg,test,T0227.jpg,8,revisar
validation,V0262.jpg,test,T0241.jpg,8,revisar
validation,V0262.jpg,test,T0262.jpg,8,revisar
validation,V0262.jpg,test,T0283.jpg,8,revisar
validation,V0262.jpg,test,T0313.jpg,8,revisar
validation,V0262.jpg,test,T0316.jpg,8,revisar
validation,V0262.jpg,test,T0317.jpg,8,revisar
validation,V0262.jpg,test,T0325.jpg,8,revisar
validation,V0262.jpg,test,T0327.jpg,8,revisar
validation,V0262.jpg,test,T0365.jpg,8,revisar
validation,V0263.jpg,test,T0017.jpg,8,revisar
validation,V0263.jpg,test,T0021.jpg,8,revisar
validation,V0263.jpg,test,T0031.jpg,8,revisar
validation,V0263.jpg,test,T0033.jpg,8,revisar
validation,V0263.jpg,test,T0034.jpg,8,revisar
validation,V0263.jpg,test,T0041.jpg,8,revisar
validation,V0263.jpg,test,T0050.jpg,8,revisar
validation,V0263.jpg,test,T0052.jpg,8,revisar
validation,V0263.jpg,test,T0053.jpg,8,revisar
validation,V0263.jpg,test,T0077.jpg,8,revisar
validation,V0263.jpg,test,T0078.jpg,8,revisar
validation,V0263.jpg,test,T0087.jpg,8,revisar
validation,V0263.jpg,test,T0107.jpg,8,revisar
validation,V0263.jpg,test,T0111.jpg,8,revisar
validation,V0263.jpg,test,T0118.jpg,8,revisar
validation,V0263.jpg,test,T0125.jpg,8,revisar
validation,V0263.jpg,test,T0130.jpg,8,revisar
validation,V0263.jpg,test,T0139.jpg,8,revisar
validation,V0263.jpg,test,T0227.jpg,8,revisar
validation,V0263.jpg,test,T0233.jpg,8,revisar
validation,V0263.jpg,test,T0236.jpg,8,revisar
validation,V0263.jpg,test,T0251.jpg,8,revisar
validation,V0263.jpg,test,T0289.jpg,8,revisar
validation,V0263.jpg,test,T0311.jpg,8,revisar
validation,V0263.jpg,test,T0313.jpg,8,revisar
validation,V0263.jpg,test,T0314.jpg,8,revisar
validation,V0263.jpg,test,T0334.jpg,8,revisar
validation,V0263.jpg,test,T0336.jpg,8,revisar
validation,V0263.jpg,test,T0363.jpg,8,revisar
validation,V0263.jpg,test,T0365.jpg,8,revisar
validation,V0263.jpg,test,T0369.jpg,8,revisar
validation,V0263.jpg,test,T0374.jpg,8,revisar
validation,V0263.jpg,test,T0377.jpg,8,revisar
validation,V0263.jpg,test,T0380.jpg,8,revisar
validation,V0263.jpg,test,T0382.jpg,8,revisar
validation,V0263.jpg,test,T0392.jpg,8,revisar
validation,V0264.jpg,test,T0007.jpg,8,revisar
validation,V0264.jpg,test,T0072.jpg,8,revisar
validation,V0264.jpg,test,T0077.jpg,8,revisar
validation,V0264.jpg,test,T0080.jpg,8,revisar
validation,V0264.jpg,test,T0088.jpg,8,revisar
validation,V0264.jpg,test,T0104.jpg,8,revisar
validation,V0264.jpg,test,T0112.jpg,8,revisar
validation,V0264.jpg,test,T0125.jpg,8,revisar
validation,V0264.jpg,test,T0130.jpg,8,revisar
validation,V0264.jpg,test,T0134.jpg,8,revisar
validation,V0264.jpg,test,T0151.jpg,8,revisar
validation,V0264.jpg,test,T0166.jpg,8,revisar
validation,V0264.jpg,test,T0169.jpg,8,revisar
validation,V0264.jpg,test,T0185.jpg,8,revisar
validation,V0264.jpg,test,T0187.jpg,8,revisar
validation,V0264.jpg,test,T0190.jpg,8,revisar
validation,V0264.jpg,test,T0191.jpg,8,revisar
validation,V0264.jpg,test,T0193.jpg,8,revisar
validation,V0264.jpg,test,T0196.jpg,8,revisar
validation,V0264.jpg,test,T0201.jpg,8,revisar
validation,V0264.jpg,test,T0239.jpg,8,revisar
validation,V0264.jpg,test,T0244.jpg,8,revisar
validation,V0264.jpg,test,T0246.jpg,8,revisar
validation,V0264.jpg,test,T0251.jpg,8,revisar
validation,V0264.jpg,test,T0292.jpg,8,revisar
validation,V0264.jpg,test,T0313.jpg,8,revisar
validation,V0264.jpg,test,T0316.jpg,8,revisar
validation,V0264.jpg,test,T0325.jpg,8,revisar
validation,V0264.jpg,test,T0336.jpg,8,revisar
validation,V0264.jpg,test,T0338.jpg,8,revisar
validation,V0264.jpg,test,T0368.jpg,8,revisar
validation,V0264.jpg,test,T0392.jpg,8,revisar
validation,V0265.jpg,test,T0004.jpg,8,revisar
validation,V0265.jpg,test,T0017.jpg,8,revisar
validation,V0265.jpg,test,T0033.jpg,8,revisar
validation,V0265.jpg,test,T0050.jpg,8,revisar
validation,V0265.jpg,test,T0053.jpg,8,revisar
validation,V0265.jpg,test,T0082.jpg,8,revisar
validation,V0265.jpg,test,T0095.jpg,8,revisar
validation,V0265.jpg,test,T0156.jpg,8,revisar
validation,V0265.jpg,test,T0166.jpg,8,revisar
validation,V0265.jpg,test,T0187.jpg,8,revisar
validation,V0265.jpg,test,T0190.jpg,8,revisar
validation,V0265.jpg,test,T0191.jpg,8,revisar
validation,V0265.jpg,test,T0196.jpg,8,revisar
validation,V0265.jpg,test,T0201.jpg,8,revisar
validation,V0265.jpg,test,T0212.jpg,8,revisar
validation,V0265.jpg,test,T0227.jpg,8,revisar
validation,V0265.jpg,test,T0236.jpg,8,revisar
validation,V0265.jpg,test,T0251.jpg,8,revisar
validation,V0265.jpg,test,T0259.jpg,8,revisar
validation,V0265.jpg,test,T0262.jpg,8,revisar
validation,V0265.jpg,test,T0287.jpg,8,revisar
validation,V0265.jpg,test,T0338.jpg,8,revisar
validation,V0265.jpg,test,T0350.jpg,8,revisar
validation,V0265.jpg,test,T0378.jpg,8,revisar
validation,V0265.jpg,test,T0390.jpg,8,revisar
validation,V0265.jpg,test,T0393.jpg,8,revisar
validation,V0266.jpg,test,T0005.jpg,8,revisar
validation,V0266.jpg,test,T0008.jpg,8,revisar
validation,V0266.jpg,test,T0020.jpg,8,revisar
validation,V0266.jpg,test,T0042.jpg,8,revisar
validation,V0266.jpg,test,T0085.jpg,8,revisar
validation,V0266.jpg,test,T0101.jpg,8,revisar
validation,V0266.jpg,test,T0113.jpg,8,revisar
validation,V0266.jpg,test,T0117.jpg,8,revisar
validation,V0266.jpg,test,T0120.jpg,8,revisar
validation,V0266.jpg,test,T0122.jpg,8,revisar
validation,V0266.jpg,test,T0139.jpg,8,revisar
validation,V0266.jpg,test,T0170.jpg,8,revisar
validation,V0266.jpg,test,T0254.jpg,8,revisar
validation,V0266.jpg,test,T0300.jpg,8,revisar
validation,V0266.jpg,test,T0310.jpg,8,revisar
validation,V0266.jpg,test,T0312.jpg,8,revisar
validation,V0266.jpg,test,T0315.jpg,8,revisar
validation,V0266.jpg,test,T0329.jpg,8,revisar
validation,V0266.jpg,test,T0331.jpg,8,revisar
validation,V0266.jpg,test,T0357.jpg,8,revisar
validation,V0266.jpg,test,T0377.jpg,8,revisar
validation,V0266.jpg,test,T0400.jpg,8,revisar
validation,V0268.jpg,test,T0195.jpg,8,revisar
validation,V0268.jpg,test,T0332.jpg,8,revisar
validation,V0269.jpg,test,T0010.jpg,8,revisar
validation,V0269.jpg,test,T0023.jpg,8,revisar
validation,V0269.jpg,test,T0051.jpg,8,revisar
validation,V0269.jpg,test,T0072.jpg,8,revisar
validation,V0269.jpg,test,T0097.jpg,8,revisar
validation,V0269.jpg,test,T0099.jpg,8,revisar
validation,V0269.jpg,test,T0110.jpg,8,revisar
validation,V0269.jpg,test,T0120.jpg,8,revisar
validation,V0269.jpg,test,T0136.jpg,8,revisar
validation,V0269.jpg,test,T0138.jpg,8,revisar
validation,V0269.jpg,test,T0201.jpg,8,revisar
validation,V0269.jpg,test,T0214.jpg,8,revisar
validation,V0269.jpg,test,T0217.jpg,8,revisar
validation,V0269.jpg,test,T0231.jpg,8,revisar
validation,V0269.jpg,test,T0251.jpg,8,revisar
validation,V0269.jpg,test,T0253.jpg,8,revisar
validation,V0269.jpg,test,T0254.jpg,8,revisar
validation,V0269.jpg,test,T0311.jpg,8,revisar
validation,V0269.jpg,test,T0312.jpg,8,revisar
validation,V0269.jpg,test,T0342.jpg,8,revisar
validation,V0269.jpg,test,T0345.jpg,8,revisar
validation,V0269.jpg,test,T0386.jpg,8,revisar
validation,V0269.jpg,test,T0400.jpg,8,revisar
validation,V0270.jpg,test,T0014.jpg,8,revisar
validation,V0270.jpg,test,T0021.jpg,8,revisar
validation,V0270.jpg,test,T0022.jpg,8,revisar
validation,V0270.jpg,test,T0025.jpg,8,revisar
validation,V0270.jpg,test,T0048.jpg,8,revisar
validation,V0270.jpg,test,T0063.jpg,8,revisar
validation,V0270.jpg,test,T0075.jpg,8,revisar
validation,V0270.jpg,test,T0078.jpg,8,revisar
validation,V0270.jpg,test,T0125.jpg,8,revisar
validation,V0270.jpg,test,T0167.jpg,8,revisar
validation,V0270.jpg,test,T0282.jpg,8,revisar
validation,V0270.jpg,test,T0287.jpg,8,revisar
validation,V0271.jpg,test,T0068.jpg,8,revisar
validation,V0271.jpg,test,T0069.jpg,8,revisar
validation,V0271.jpg,test,T0078.jpg,8,revisar
validation,V0271.jpg,test,T0089.jpg,8,revisar
validation,V0271.jpg,test,T0287.jpg,8,revisar
validation,V0272.jpg,test,T0071.jpg,8,revisar
validation,V0272.jpg,test,T0150.jpg,8,revisar
validation,V0272.jpg,test,T0210.jpg,8,revisar
validation,V0272.jpg,test,T0218.jpg,8,revisar
validation,V0272.jpg,test,T0291.jpg,8,revisar
validation,V0272.jpg,test,T0376.jpg,8,revisar
validation,V0273.jpg,test,T0002.jpg,8,revisar
validation,V0273.jpg,test,T0003.jpg,8,revisar
validation,V0273.jpg,test,T0054.jpg,8,revisar
validation,V0273.jpg,test,T0058.jpg,8,revisar
validation,V0273.jpg,test,T0073.jpg,8,revisar
validation,V0273.jpg,test,T0087.jpg,8,revisar
validation,V0273.jpg,test,T0092.jpg,8,revisar
validation,V0273.jpg,test,T0099.jpg,8,revisar
validation,V0273.jpg,test,T0101.jpg,8,revisar
validation,V0273.jpg,test,T0114.jpg,8,revisar
validation,V0273.jpg,test,T0120.jpg,8,revisar
validation,V0273.jpg,test,T0130.jpg,8,revisar
validation,V0273.jpg,test,T0151.jpg,8,revisar
validation,V0273.jpg,test,T0153.jpg,8,revisar
validation,V0273.jpg,test,T0157.jpg,8,revisar
validation,V0273.jpg,test,T0158.jpg,8,revisar
validation,V0273.jpg,test,T0168.jpg,8,revisar
validation,V0273.jpg,test,T0171.jpg,8,revisar
validation,V0273.jpg,test,T0187.jpg,8,revisar
validation,V0273.jpg,test,T0191.jpg,8,revisar
validation,V0273.jpg,test,T0197.jpg,8,revisar
validation,V0273.jpg,test,T0205.jpg,8,revisar
validation,V0273.jpg,test,T0207.jpg,8,revisar
validation,V0273.jpg,test,T0213.jpg,8,revisar
validation,V0273.jpg,test,T0225.jpg,8,revisar
validation,V0273.jpg,test,T0254.jpg,8,revisar
validation,V0273.jpg,test,T0265.jpg,8,revisar
validation,V0273.jpg,test,T0289.jpg,8,revisar
validation,V0273.jpg,test,T0290.jpg,8,revisar
validation,V0273.jpg,test,T0298.jpg,8,revisar
validation,V0273.jpg,test,T0311.jpg,8,revisar
validation,V0273.jpg,test,T0343.jpg,8,revisar
validation,V0273.jpg,test,T0355.jpg,8,revisar
validation,V0273.jpg,test,T0368.jpg,8,revisar
validation,V0273.jpg,test,T0377.jpg,8,revisar
validation,V0273.jpg,test,T0378.jpg,8,revisar
validation,V0273.jpg,test,T0393.jpg,8,revisar
validation,V0274.jpg,test,T0047.jpg,8,revisar
validation,V0274.jpg,test,T0062.jpg,8,revisar
validation,V0274.jpg,test,T0349.jpg,8,revisar
validation,V0275.jpg,test,T0001.jpg,8,revisar
validation,V0275.jpg,test,T0007.jpg,8,revisar
validation,V0275.jpg,test,T0042.jpg,8,revisar
validation,V0275.jpg,test,T0043.jpg,8,revisar
validation,V0275.jpg,test,T0044.jpg,8,revisar
validation,V0275.jpg,test,T0051.jpg,8,revisar
validation,V0275.jpg,test,T0073.jpg,8,revisar
validation,V0275.jpg,test,T0080.jpg,8,revisar
validation,V0275.jpg,test,T0087.jpg,8,revisar
validation,V0275.jpg,test,T0088.jpg,8,revisar
validation,V0275.jpg,test,T0092.jpg,8,revisar
validation,V0275.jpg,test,T0101.jpg,8,revisar
validation,V0275.jpg,test,T0115.jpg,8,revisar
validation,V0275.jpg,test,T0118.jpg,8,revisar
validation,V0275.jpg,test,T0119.jpg,8,revisar
validation,V0275.jpg,test,T0125.jpg,8,revisar
validation,V0275.jpg,test,T0136.jpg,8,revisar
validation,V0275.jpg,test,T0168.jpg,8,revisar
validation,V0275.jpg,test,T0185.jpg,8,revisar
validation,V0275.jpg,test,T0201.jpg,8,revisar
validation,V0275.jpg,test,T0203.jpg,8,revisar
validation,V0275.jpg,test,T0205.jpg,8,revisar
validation,V0275.jpg,test,T0220.jpg,8,revisar
validation,V0275.jpg,test,T0227.jpg,8,revisar
validation,V0275.jpg,test,T0239.jpg,8,revisar
validation,V0275.jpg,test,T0251.jpg,8,revisar
validation,V0275.jpg,test,T0254.jpg,8,revisar
validation,V0275.jpg,test,T0260.jpg,8,revisar
validation,V0275.jpg,test,T0268.jpg,8,revisar
validation,V0275.jpg,test,T0270.jpg,8,revisar
validation,V0275.jpg,test,T0289.jpg,8,revisar
validation,V0275.jpg,test,T0293.jpg,8,revisar
validation,V0275.jpg,test,T0328.jpg,8,revisar
validation,V0275.jpg,test,T0331.jpg,8,revisar
validation,V0275.jpg,test,T0334.jpg,8,revisar
validation,V0275.jpg,test,T0338.jpg,8,revisar
validation,V0275.jpg,test,T0361.jpg,8,revisar
validation,V0275.jpg,test,T0378.jpg,8,revisar
validation,V0275.jpg,test,T0392.jpg,8,revisar
validation,V0276.jpg,test,T0002.jpg,8,revisar
validation,V0276.jpg,test,T0033.jpg,8,revisar
validation,V0276.jpg,test,T0050.jpg,8,revisar
validation,V0276.jpg,test,T0054.jpg,8,revisar
validation,V0276.jpg,test,T0058.jpg,8,revisar
validation,V0276.jpg,test,T0072.jpg,8,revisar
validation,V0276.jpg,test,T0136.jpg,8,revisar
validation,V0276.jpg,test,T0139.jpg,8,revisar
validation,V0276.jpg,test,T0141.jpg,8,revisar
validation,V0276.jpg,test,T0158.jpg,8,revisar
validation,V0276.jpg,test,T0197.jpg,8,revisar
validation,V0276.jpg,test,T0214.jpg,8,revisar
validation,V0276.jpg,test,T0246.jpg,8,revisar
validation,V0276.jpg,test,T0278.jpg,8,revisar
validation,V0276.jpg,test,T0289.jpg,8,revisar
validation,V0276.jpg,test,T0311.jpg,8,revisar
validation,V0276.jpg,test,T0318.jpg,8,revisar
validation,V0276.jpg,test,T0319.jpg,8,revisar
validation,V0276.jpg,test,T0328.jpg,8,revisar
validation,V0276.jpg,test,T0331.jpg,8,revisar
validation,V0276.jpg,test,T0343.jpg,8,revisar
validation,V0276.jpg,test,T0345.jpg,8,revisar
validation,V0276.jpg,test,T0350.jpg,8,revisar
validation,V0276.jpg,test,T0357.jpg,8,revisar
validation,V0276.jpg,test,T0374.jpg,8,revisar
validation,V0276.jpg,test,T0378.jpg,8,revisar
validation,V0276.jpg,test,T0392.jpg,8,revisar
validation,V0276.jpg,test,T0400.jpg,8,revisar
validation,V0277.jpg,test,T0230.jpg,8,revisar
validation,V0277.jpg,test,T0240.jpg,8,revisar
validation,V0277.jpg,test,T0263.jpg,8,revisar
validation,V0277.jpg,test,T0268.jpg,8,revisar
validation,V0279.jpg,test,T0012.jpg,8,revisar
validation,V0279.jpg,test,T0069.jpg,8,revisar
validation,V0279.jpg,test,T0075.jpg,8,revisar
validation,V0279.jpg,test,T0096.jpg,8,revisar
validation,V0279.jpg,test,T0104.jpg,8,revisar
validation,V0279.jpg,test,T0115.jpg,8,revisar
validation,V0279.jpg,test,T0156.jpg,8,revisar
validation,V0279.jpg,test,T0169.jpg,8,revisar
validation,V0279.jpg,test,T0227.jpg,8,revisar
validation,V0279.jpg,test,T0240.jpg,8,revisar
validation,V0279.jpg,test,T0249.jpg,8,revisar
validation,V0279.jpg,test,T0262.jpg,8,revisar
validation,V0279.jpg,test,T0317.jpg,8,revisar
validation,V0279.jpg,test,T0336.jpg,8,revisar
validation,V0279.jpg,test,T0351.jpg,8,revisar
validation,V0279.jpg,test,T0365.jpg,8,revisar
validation,V0280.jpg,test,T0003.jpg,8,revisar
validation,V0280.jpg,test,T0005.jpg,8,revisar
validation,V0280.jpg,test,T0024.jpg,8,revisar
validation,V0280.jpg,test,T0044.jpg,8,revisar
validation,V0280.jpg,test,T0073.jpg,8,revisar
validation,V0280.jpg,test,T0085.jpg,8,revisar
validation,V0280.jpg,test,T0099.jpg,8,revisar
validation,V0280.jpg,test,T0101.jpg,8,revisar
validation,V0280.jpg,test,T0110.jpg,8,revisar
validation,V0280.jpg,test,T0113.jpg,8,revisar
validation,V0280.jpg,test,T0136.jpg,8,revisar
validation,V0280.jpg,test,T0138.jpg,8,revisar
validation,V0280.jpg,test,T0153.jpg,8,revisar
validation,V0280.jpg,test,T0168.jpg,8,revisar
validation,V0280.jpg,test,T0187.jpg,8,revisar
validation,V0280.jpg,test,T0188.jpg,8,revisar
validation,V0280.jpg,test,T0196.jpg,8,revisar
validation,V0280.jpg,test,T0201.jpg,8,revisar
validation,V0280.jpg,test,T0214.jpg,8,revisar
validation,V0280.jpg,test,T0217.jpg,8,revisar
validation,V0280.jpg,test,T0219.jpg,8,revisar
validation,V0280.jpg,test,T0220.jpg,8,revisar
validation,V0280.jpg,test,T0225.jpg,8,revisar
validation,V0280.jpg,test,T0229.jpg,8,revisar
validation,V0280.jpg,test,T0250.jpg,8,revisar
validation,V0280.jpg,test,T0260.jpg,8,revisar
validation,V0280.jpg,test,T0293.jpg,8,revisar
validation,V0280.jpg,test,T0300.jpg,8,revisar
validation,V0280.jpg,test,T0312.jpg,8,revisar
validation,V0280.jpg,test,T0329.jpg,8,revisar
validation,V0280.jpg,test,T0335.jpg,8,revisar
validation,V0280.jpg,test,T0347.jpg,8,revisar
validation,V0280.jpg,test,T0377.jpg,8,revisar
validation,V0280.jpg,test,T0383.jpg,8,revisar
validation,V0280.jpg,test,T0398.jpg,8,revisar
validation,V0281.jpg,test,T0004.jpg,8,revisar
validation,V0281.jpg,test,T0006.jpg,8,revisar
validation,V0281.jpg,test,T0023.jpg,8,revisar
validation,V0281.jpg,test,T0028.jpg,8,revisar
validation,V0281.jpg,test,T0029.jpg,8,revisar
validation,V0281.jpg,test,T0050.jpg,8,revisar
validation,V0281.jpg,test,T0053.jpg,8,revisar
validation,V0281.jpg,test,T0065.jpg,8,revisar
validation,V0281.jpg,test,T0068.jpg,8,revisar
validation,V0281.jpg,test,T0078.jpg,8,revisar
validation,V0281.jpg,test,T0092.jpg,8,revisar
validation,V0281.jpg,test,T0113.jpg,8,revisar
validation,V0281.jpg,test,T0115.jpg,8,revisar
validation,V0281.jpg,test,T0121.jpg,8,revisar
validation,V0281.jpg,test,T0139.jpg,8,revisar
validation,V0281.jpg,test,T0156.jpg,8,revisar
validation,V0281.jpg,test,T0173.jpg,8,revisar
validation,V0281.jpg,test,T0187.jpg,8,revisar
validation,V0281.jpg,test,T0190.jpg,8,revisar
validation,V0281.jpg,test,T0196.jpg,8,revisar
validation,V0281.jpg,test,T0227.jpg,8,revisar
validation,V0281.jpg,test,T0228.jpg,8,revisar
validation,V0281.jpg,test,T0232.jpg,8,revisar
validation,V0281.jpg,test,T0233.jpg,8,revisar
validation,V0281.jpg,test,T0244.jpg,8,revisar
validation,V0281.jpg,test,T0250.jpg,8,revisar
validation,V0281.jpg,test,T0267.jpg,8,revisar
validation,V0281.jpg,test,T0286.jpg,8,revisar
validation,V0281.jpg,test,T0289.jpg,8,revisar
validation,V0281.jpg,test,T0292.jpg,8,revisar
validation,V0281.jpg,test,T0299.jpg,8,revisar
validation,V0281.jpg,test,T0316.jpg,8,revisar
validation,V0281.jpg,test,T0350.jpg,8,revisar
validation,V0281.jpg,test,T0363.jpg,8,revisar
validation,V0281.jpg,test,T0382.jpg,8,revisar
validation,V0282.jpg,test,T0001.jpg,8,revisar
validation,V0282.jpg,test,T0024.jpg,8,revisar
validation,V0282.jpg,test,T0032.jpg,8,revisar
validation,V0282.jpg,test,T0034.jpg,8,revisar
validation,V0282.jpg,test,T0038.jpg,8,revisar
validation,V0282.jpg,test,T0041.jpg,8,revisar
validation,V0282.jpg,test,T0052.jpg,8,revisar
validation,V0282.jpg,test,T0073.jpg,8,revisar
validation,V0282.jpg,test,T0080.jpg,8,revisar
validation,V0282.jpg,test,T0095.jpg,8,revisar
validation,V0282.jpg,test,T0101.jpg,8,revisar
validation,V0282.jpg,test,T0115.jpg,8,revisar
validation,V0282.jpg,test,T0118.jpg,8,revisar
validation,V0282.jpg,test,T0120.jpg,8,revisar
validation,V0282.jpg,test,T0125.jpg,8,revisar
validation,V0282.jpg,test,T0136.jpg,8,revisar
validation,V0282.jpg,test,T0138.jpg,8,revisar
validation,V0282.jpg,test,T0147.jpg,8,revisar
validation,V0282.jpg,test,T0156.jpg,8,revisar
validation,V0282.jpg,test,T0187.jpg,8,revisar
validation,V0282.jpg,test,T0201.jpg,8,revisar
validation,V0282.jpg,test,T0203.jpg,8,revisar
validation,V0282.jpg,test,T0228.jpg,8,revisar
validation,V0282.jpg,test,T0246.jpg,8,revisar
validation,V0282.jpg,test,T0251.jpg,8,revisar
validation,V0282.jpg,test,T0254.jpg,8,revisar
validation,V0282.jpg,test,T0255.jpg,8,revisar
validation,V0282.jpg,test,T0259.jpg,8,revisar
validation,V0282.jpg,test,T0286.jpg,8,revisar
validation,V0282.jpg,test,T0289.jpg,8,revisar
validation,V0282.jpg,test,T0294.jpg,8,revisar
validation,V0282.jpg,test,T0298.jpg,8,revisar
validation,V0282.jpg,test,T0302.jpg,8,revisar
validation,V0282.jpg,test,T0311.jpg,8,revisar
validation,V0282.jpg,test,T0312.jpg,8,revisar
validation,V0282.jpg,test,T0318.jpg,8,revisar
validation,V0282.jpg,test,T0328.jpg,8,revisar
validation,V0282.jpg,test,T0331.jpg,8,revisar
validation,V0282.jpg,test,T0338.jpg,8,revisar
validation,V0282.jpg,test,T0355.jpg,8,revisar
validation,V0282.jpg,test,T0361.jpg,8,revisar
validation,V0282.jpg,test,T0377.jpg,8,revisar
validation,V0282.jpg,test,T0382.jpg,8,revisar
validation,V0282.jpg,test,T0392.jpg,8,revisar
validation,V0282.jpg,test,T0398.jpg,8,revisar
validation,V0283.jpg,test,T0123.jpg,8,revisar
validation,V0283.jpg,test,T0124.jpg,8,revisar
validation,V0283.jpg,test,T0143.jpg,8,revisar
validation,V0283.jpg,test,T0148.jpg,8,revisar
validation,V0283.jpg,test,T0150.jpg,8,revisar
validation,V0283.jpg,test,T0210.jpg,8,revisar
validation,V0283.jpg,test,T0296.jpg,8,revisar
validation,V0284.jpg,test,T0127.jpg,8,revisar
validation,V0284.jpg,test,T0208.jpg,8,revisar
validation,V0284.jpg,test,T0238.jpg,8,revisar
validation,V0284.jpg,test,T0301.jpg,8,revisar
validation,V0285.jpg,test,T0185.jpg,8,revisar
validation,V0285.jpg,test,T0356.jpg,8,revisar
validation,V0286.jpg,test,T0006.jpg,8,revisar
validation,V0286.jpg,test,T0021.jpg,8,revisar
validation,V0286.jpg,test,T0040.jpg,8,revisar
validation,V0286.jpg,test,T0075.jpg,8,revisar
validation,V0286.jpg,test,T0076.jpg,8,revisar
validation,V0286.jpg,test,T0077.jpg,8,revisar
validation,V0286.jpg,test,T0078.jpg,8,revisar
validation,V0286.jpg,test,T0089.jpg,8,revisar
validation,V0286.jpg,test,T0104.jpg,8,revisar
validation,V0286.jpg,test,T0107.jpg,8,revisar
validation,V0286.jpg,test,T0115.jpg,8,revisar
validation,V0286.jpg,test,T0118.jpg,8,revisar
validation,V0286.jpg,test,T0125.jpg,8,revisar
validation,V0286.jpg,test,T0134.jpg,8,revisar
validation,V0286.jpg,test,T0169.jpg,8,revisar
validation,V0286.jpg,test,T0206.jpg,8,revisar
validation,V0286.jpg,test,T0227.jpg,8,revisar
validation,V0286.jpg,test,T0233.jpg,8,revisar
validation,V0286.jpg,test,T0325.jpg,8,revisar
validation,V0286.jpg,test,T0336.jpg,8,revisar
validation,V0287.jpg,test,T0062.jpg,8,revisar
validation,V0287.jpg,test,T0127.jpg,8,revisar
validation,V0287.jpg,test,T0132.jpg,8,revisar
validation,V0287.jpg,test,T0133.jpg,8,revisar
validation,V0287.jpg,test,T0179.jpg,8,revisar
validation,V0287.jpg,test,T0291.jpg,8,revisar
validation,V0287.jpg,test,T0296.jpg,8,revisar
validation,V0287.jpg,test,T0321.jpg,8,revisar
validation,V0287.jpg,test,T0362.jpg,8,revisar
validation,V0287.jpg,test,T0376.jpg,8,revisar
validation,V0288.jpg,test,T0080.jpg,8,revisar
validation,V0288.jpg,test,T0302.jpg,8,revisar
validation,V0289.jpg,test,T0013.jpg,8,revisar
validation,V0289.jpg,test,T0080.jpg,8,revisar
validation,V0289.jpg,test,T0124.jpg,8,revisar
validation,V0289.jpg,test,T0208.jpg,8,revisar
validation,V0289.jpg,test,T0210.jpg,8,revisar
validation,V0289.jpg,test,T0211.jpg,8,revisar
validation,V0289.jpg,test,T0296.jpg,8,revisar
validation,V0289.jpg,test,T0303.jpg,8,revisar
validation,V0289.jpg,test,T0349.jpg,8,revisar
validation,V0289.jpg,test,T0376.jpg,8,revisar
validation,V0290.jpg,test,T0021.jpg,8,revisar
validation,V0290.jpg,test,T0061.jpg,8,revisar
validation,V0290.jpg,test,T0077.jpg,8,revisar
validation,V0290.jpg,test,T0104.jpg,8,revisar
validation,V0290.jpg,test,T0118.jpg,8,revisar
validation,V0290.jpg,test,T0125.jpg,8,revisar
validation,V0290.jpg,test,T0134.jpg,8,revisar
validation,V0290.jpg,test,T0156.jpg,8,revisar
validation,V0290.jpg,test,T0233.jpg,8,revisar
validation,V0290.jpg,test,T0286.jpg,8,revisar
validation,V0290.jpg,test,T0292.jpg,8,revisar
validation,V0290.jpg,test,T0317.jpg,8,revisar
validation,V0290.jpg,test,T0325.jpg,8,revisar
validation,V0290.jpg,test,T0333.jpg,8,revisar
validation,V0290.jpg,test,T0352.jpg,8,revisar
validation,V0290.jpg,test,T0382.jpg,8,revisar
validation,V0290.jpg,test,T0391.jpg,8,revisar
validation,V0290.jpg,test,T0392.jpg,8,revisar
validation,V0291.jpg,test,T0001.jpg,8,revisar
validation,V0291.jpg,test,T0024.jpg,8,revisar
validation,V0291.jpg,test,T0028.jpg,8,revisar
validation,V0291.jpg,test,T0034.jpg,8,revisar
validation,V0291.jpg,test,T0044.jpg,8,revisar
validation,V0291.jpg,test,T0051.jpg,8,revisar
validation,V0291.jpg,test,T0064.jpg,8,revisar
validation,V0291.jpg,test,T0072.jpg,8,revisar
validation,V0291.jpg,test,T0073.jpg,8,revisar
validation,V0291.jpg,test,T0077.jpg,8,revisar
validation,V0291.jpg,test,T0111.jpg,8,revisar
validation,V0291.jpg,test,T0115.jpg,8,revisar
validation,V0291.jpg,test,T0138.jpg,8,revisar
validation,V0291.jpg,test,T0151.jpg,8,revisar
validation,V0291.jpg,test,T0156.jpg,8,revisar
validation,V0291.jpg,test,T0178.jpg,8,revisar
validation,V0291.jpg,test,T0184.jpg,8,revisar
validation,V0291.jpg,test,T0190.jpg,8,revisar
validation,V0291.jpg,test,T0213.jpg,8,revisar
validation,V0291.jpg,test,T0220.jpg,8,revisar
validation,V0291.jpg,test,T0244.jpg,8,revisar
validation,V0291.jpg,test,T0253.jpg,8,revisar
validation,V0291.jpg,test,T0254.jpg,8,revisar
validation,V0291.jpg,test,T0255.jpg,8,revisar
validation,V0291.jpg,test,T0293.jpg,8,revisar
validation,V0291.jpg,test,T0316.jpg,8,revisar
validation,V0291.jpg,test,T0325.jpg,8,revisar
validation,V0291.jpg,test,T0335.jpg,8,revisar
validation,V0291.jpg,test,T0350.jpg,8,revisar
validation,V0291.jpg,test,T0357.jpg,8,revisar
validation,V0291.jpg,test,T0361.jpg,8,revisar
validation,V0291.jpg,test,T0382.jpg,8,revisar
validation,V0291.jpg,test,T0390.jpg,8,revisar
validation,V0291.jpg,test,T0392.jpg,8,revisar
validation,V0291.jpg,test,T0393.jpg,8,revisar
validation,V0291.jpg,test,T0395.jpg,8,revisar
validation,V0292.jpg,test,T0202.jpg,8,revisar
validation,V0292.jpg,test,T0257.jpg,8,revisar
validation,V0292.jpg,test,T0281.jpg,8,revisar
validation,V0293.jpg,test,T0008.jpg,8,revisar
validation,V0293.jpg,test,T0010.jpg,8,revisar
validation,V0293.jpg,test,T0024.jpg,8,revisar
validation,V0293.jpg,test,T0054.jpg,8,revisar
validation,V0293.jpg,test,T0065.jpg,8,revisar
validation,V0293.jpg,test,T0080.jpg,8,revisar
validation,V0293.jpg,test,T0118.jpg,8,revisar
validation,V0293.jpg,test,T0120.jpg,8,revisar
validation,V0293.jpg,test,T0129.jpg,8,revisar
validation,V0293.jpg,test,T0142.jpg,8,revisar
validation,V0293.jpg,test,T0203.jpg,8,revisar
validation,V0293.jpg,test,T0228.jpg,8,revisar
validation,V0293.jpg,test,T0247.jpg,8,revisar
validation,V0293.jpg,test,T0260.jpg,8,revisar
validation,V0293.jpg,test,T0275.jpg,8,revisar
validation,V0293.jpg,test,T0313.jpg,8,revisar
validation,V0293.jpg,test,T0325.jpg,8,revisar
validation,V0293.jpg,test,T0398.jpg,8,revisar
validation,V0293.jpg,test,T0400.jpg,8,revisar
validation,V0294.jpg,test,T0006.jpg,8,revisar
validation,V0294.jpg,test,T0065.jpg,8,revisar
validation,V0294.jpg,test,T0069.jpg,8,revisar
validation,V0294.jpg,test,T0118.jpg,8,revisar
validation,V0294.jpg,test,T0168.jpg,8,revisar
validation,V0294.jpg,test,T0225.jpg,8,revisar
validation,V0294.jpg,test,T0233.jpg,8,revisar
validation,V0294.jpg,test,T0239.jpg,8,revisar
validation,V0294.jpg,test,T0313.jpg,8,revisar
validation,V0294.jpg,test,T0334.jpg,8,revisar
validation,V0294.jpg,test,T0337.jpg,8,revisar
validation,V0295.jpg,test,T0029.jpg,8,revisar
validation,V0295.jpg,test,T0033.jpg,8,revisar
validation,V0295.jpg,test,T0041.jpg,8,revisar
validation,V0295.jpg,test,T0050.jpg,8,revisar
validation,V0295.jpg,test,T0076.jpg,8,revisar
validation,V0295.jpg,test,T0077.jpg,8,revisar
validation,V0295.jpg,test,T0095.jpg,8,revisar
validation,V0295.jpg,test,T0107.jpg,8,revisar
validation,V0295.jpg,test,T0115.jpg,8,revisar
validation,V0295.jpg,test,T0118.jpg,8,revisar
validation,V0295.jpg,test,T0121.jpg,8,revisar
validation,V0295.jpg,test,T0154.jpg,8,revisar
validation,V0295.jpg,test,T0156.jpg,8,revisar
validation,V0295.jpg,test,T0167.jpg,8,revisar
validation,V0295.jpg,test,T0212.jpg,8,revisar
validation,V0295.jpg,test,T0244.jpg,8,revisar
validation,V0295.jpg,test,T0260.jpg,8,revisar
validation,V0295.jpg,test,T0267.jpg,8,revisar
validation,V0295.jpg,test,T0289.jpg,8,revisar
validation,V0295.jpg,test,T0307.jpg,8,revisar
validation,V0295.jpg,test,T0312.jpg,8,revisar
validation,V0295.jpg,test,T0313.jpg,8,revisar
validation,V0295.jpg,test,T0325.jpg,8,revisar
validation,V0295.jpg,test,T0337.jpg,8,revisar
validation,V0295.jpg,test,T0363.jpg,8,revisar
validation,V0295.jpg,test,T0365.jpg,8,revisar
validation,V0295.jpg,test,T0390.jpg,8,revisar
validation,V0297.jpg,test,T0018.jpg,8,revisar
validation,V0297.jpg,test,T0050.jpg,8,revisar
validation,V0297.jpg,test,T0052.jpg,8,revisar
validation,V0297.jpg,test,T0076.jpg,8,revisar
validation,V0297.jpg,test,T0107.jpg,8,revisar
validation,V0297.jpg,test,T0134.jpg,8,revisar
validation,V0297.jpg,test,T0169.jpg,8,revisar
validation,V0297.jpg,test,T0181.jpg,8,revisar
validation,V0297.jpg,test,T0206.jpg,8,revisar
validation,V0297.jpg,test,T0236.jpg,8,revisar
validation,V0297.jpg,test,T0244.jpg,8,revisar
validation,V0297.jpg,test,T0262.jpg,8,revisar
validation,V0297.jpg,test,T0313.jpg,8,revisar
validation,V0297.jpg,test,T0316.jpg,8,revisar
validation,V0297.jpg,test,T0325.jpg,8,revisar
validation,V0298.jpg,test,T0066.jpg,8,revisar
validation,V0298.jpg,test,T0081.jpg,8,revisar
validation,V0298.jpg,test,T0083.jpg,8,revisar
validation,V0298.jpg,test,T0102.jpg,8,revisar
validation,V0298.jpg,test,T0105.jpg,8,revisar
validation,V0298.jpg,test,T0257.jpg,8,revisar
validation,V0298.jpg,test,T0326.jpg,8,revisar
validation,V0298.jpg,test,T0359.jpg,8,revisar
validation,V0299.jpg,test,T0045.jpg,8,revisar
validation,V0299.jpg,test,T0050.jpg,8,revisar
validation,V0299.jpg,test,T0061.jpg,8,revisar
validation,V0299.jpg,test,T0076.jpg,8,revisar
validation,V0299.jpg,test,T0077.jpg,8,revisar
validation,V0299.jpg,test,T0104.jpg,8,revisar
validation,V0299.jpg,test,T0118.jpg,8,revisar
validation,V0299.jpg,test,T0156.jpg,8,revisar
validation,V0299.jpg,test,T0171.jpg,8,revisar
validation,V0299.jpg,test,T0262.jpg,8,revisar
validation,V0299.jpg,test,T0269.jpg,8,revisar
validation,V0299.jpg,test,T0299.jpg,8,revisar
validation,V0299.jpg,test,T0307.jpg,8,revisar
validation,V0299.jpg,test,T0313.jpg,8,revisar
validation,V0299.jpg,test,T0317.jpg,8,revisar
validation,V0299.jpg,test,T0333.jpg,8,revisar
validation,V0299.jpg,test,T0352.jpg,8,revisar
validation,V0299.jpg,test,T0382.jpg,8,revisar
validation,V0299.jpg,test,T0391.jpg,8,revisar
validation,V0300.jpg,test,T0033.jpg,8,revisar
validation,V0300.jpg,test,T0058.jpg,8,revisar
validation,V0300.jpg,test,T0139.jpg,8,revisar
validation,V0300.jpg,test,T0166.jpg,8,revisar
validation,V0300.jpg,test,T0204.jpg,8,revisar
validation,V0300.jpg,test,T0214.jpg,8,revisar
validation,V0300.jpg,test,T0289.jpg,8,revisar
validation,V0300.jpg,test,T0311.jpg,8,revisar
validation,V0300.jpg,test,T0315.jpg,8,revisar
validation,V0300.jpg,test,T0342.jpg,8,revisar
validation,V0300.jpg,test,T0345.jpg,8,revisar
validation,V0301.jpg,test,T0001.jpg,8,revisar
validation,V0301.jpg,test,T0005.jpg,8,revisar
validation,V0301.jpg,test,T0042.jpg,8,revisar
validation,V0301.jpg,test,T0073.jpg,8,revisar
validation,V0301.jpg,test,T0087.jpg,8,revisar
validation,V0301.jpg,test,T0088.jpg,8,revisar
validation,V0301.jpg,test,T0113.jpg,8,revisar
validation,V0301.jpg,test,T0125.jpg,8,revisar
validation,V0301.jpg,test,T0139.jpg,8,revisar
validation,V0301.jpg,test,T0141.jpg,8,revisar
validation,V0301.jpg,test,T0142.jpg,8,revisar
validation,V0301.jpg,test,T0145.jpg,8,revisar
validation,V0301.jpg,test,T0149.jpg,8,revisar
validation,V0301.jpg,test,T0151.jpg,8,revisar
validation,V0301.jpg,test,T0154.jpg,8,revisar
validation,V0301.jpg,test,T0158.jpg,8,revisar
validation,V0301.jpg,test,T0185.jpg,8,revisar
validation,V0301.jpg,test,T0187.jpg,8,revisar
validation,V0301.jpg,test,T0191.jpg,8,revisar
validation,V0301.jpg,test,T0193.jpg,8,revisar
validation,V0301.jpg,test,T0201.jpg,8,revisar
validation,V0301.jpg,test,T0203.jpg,8,revisar
validation,V0301.jpg,test,T0223.jpg,8,revisar
validation,V0301.jpg,test,T0231.jpg,8,revisar
validation,V0301.jpg,test,T0246.jpg,8,revisar
validation,V0301.jpg,test,T0252.jpg,8,revisar
validation,V0301.jpg,test,T0254.jpg,8,revisar
validation,V0301.jpg,test,T0260.jpg,8,revisar
validation,V0301.jpg,test,T0265.jpg,8,revisar
validation,V0301.jpg,test,T0289.jpg,8,revisar
validation,V0301.jpg,test,T0294.jpg,8,revisar
validation,V0301.jpg,test,T0309.jpg,8,revisar
validation,V0301.jpg,test,T0311.jpg,8,revisar
validation,V0301.jpg,test,T0331.jpg,8,revisar
validation,V0301.jpg,test,T0342.jpg,8,revisar
validation,V0301.jpg,test,T0345.jpg,8,revisar
validation,V0301.jpg,test,T0368.jpg,8,revisar
validation,V0301.jpg,test,T0377.jpg,8,revisar
validation,V0301.jpg,test,T0390.jpg,8,revisar
validation,V0301.jpg,test,T0392.jpg,8,revisar
validation,V0302.jpg,test,T0022.jpg,8,revisar
validation,V0302.jpg,test,T0075.jpg,8,revisar
validation,V0302.jpg,test,T0127.jpg,8,revisar
validation,V0302.jpg,test,T0211.jpg,8,revisar
validation,V0302.jpg,test,T0212.jpg,8,revisar
validation,V0302.jpg,test,T0236.jpg,8,revisar
validation,V0302.jpg,test,T0282.jpg,8,revisar
validation,V0302.jpg,test,T0291.jpg,8,revisar
validation,V0302.jpg,test,T0321.jpg,8,revisar
validation,V0302.jpg,test,T0336.jpg,8,revisar
validation,V0303.jpg,test,T0014.jpg,8,revisar
validation,V0303.jpg,test,T0017.jpg,8,revisar
validation,V0303.jpg,test,T0025.jpg,8,revisar
validation,V0303.jpg,test,T0033.jpg,8,revisar
validation,V0303.jpg,test,T0040.jpg,8,revisar
validation,V0303.jpg,test,T0048.jpg,8,revisar
validation,V0303.jpg,test,T0075.jpg,8,revisar
validation,V0303.jpg,test,T0078.jpg,8,revisar
validation,V0303.jpg,test,T0087.jpg,8,revisar
validation,V0303.jpg,test,T0109.jpg,8,revisar
validation,V0303.jpg,test,T0134.jpg,8,revisar
validation,V0303.jpg,test,T0151.jpg,8,revisar
validation,V0303.jpg,test,T0157.jpg,8,revisar
validation,V0303.jpg,test,T0198.jpg,8,revisar
validation,V0303.jpg,test,T0251.jpg,8,revisar
validation,V0303.jpg,test,T0290.jpg,8,revisar
validation,V0303.jpg,test,T0298.jpg,8,revisar
validation,V0303.jpg,test,T0342.jpg,8,revisar
validation,V0303.jpg,test,T0389.jpg,8,revisar
validation,V0303.jpg,test,T0392.jpg,8,revisar
validation,V0304.jpg,test,T0006.jpg,8,revisar
validation,V0304.jpg,test,T0065.jpg,8,revisar
validation,V0304.jpg,test,T0088.jpg,8,revisar
validation,V0304.jpg,test,T0154.jpg,8,revisar
validation,V0304.jpg,test,T0156.jpg,8,revisar
validation,V0304.jpg,test,T0168.jpg,8,revisar
validation,V0304.jpg,test,T0201.jpg,8,revisar
validation,V0304.jpg,test,T0220.jpg,8,revisar
validation,V0304.jpg,test,T0225.jpg,8,revisar
validation,V0304.jpg,test,T0228.jpg,8,revisar
validation,V0304.jpg,test,T0260.jpg,8,revisar
validation,V0304.jpg,test,T0293.jpg,8,revisar
validation,V0304.jpg,test,T0299.jpg,8,revisar
validation,V0304.jpg,test,T0312.jpg,8,revisar
validation,V0304.jpg,test,T0313.jpg,8,revisar
validation,V0304.jpg,test,T0315.jpg,8,revisar
validation,V0304.jpg,test,T0337.jpg,8,revisar
validation,V0304.jpg,test,T0398.jpg,8,revisar
validation,V0305.jpg,test,T0047.jpg,8,revisar
validation,V0305.jpg,test,T0127.jpg,8,revisar
validation,V0305.jpg,test,T0353.jpg,8,revisar
validation,V0305.jpg,test,T0376.jpg,8,revisar
validation,V0305.jpg,test,T0379.jpg,8,revisar
validation,V0306.jpg,test,T0001.jpg,8,revisar
validation,V0306.jpg,test,T0003.jpg,8,revisar
validation,V0306.jpg,test,T0005.jpg,8,revisar
validation,V0306.jpg,test,T0007.jpg,8,revisar
validation,V0306.jpg,test,T0008.jpg,8,revisar
validation,V0306.jpg,test,T0020.jpg,8,revisar
validation,V0306.jpg,test,T0021.jpg,8,revisar
validation,V0306.jpg,test,T0028.jpg,8,revisar
validation,V0306.jpg,test,T0034.jpg,8,revisar
validation,V0306.jpg,test,T0044.jpg,8,revisar
validation,V0306.jpg,test,T0054.jpg,8,revisar
validation,V0306.jpg,test,T0058.jpg,8,revisar
validation,V0306.jpg,test,T0064.jpg,8,revisar
validation,V0306.jpg,test,T0088.jpg,8,revisar
validation,V0306.jpg,test,T0101.jpg,8,revisar
validation,V0306.jpg,test,T0122.jpg,8,revisar
validation,V0306.jpg,test,T0125.jpg,8,revisar
validation,V0306.jpg,test,T0130.jpg,8,revisar
validation,V0306.jpg,test,T0136.jpg,8,revisar
validation,V0306.jpg,test,T0153.jpg,8,revisar
validation,V0306.jpg,test,T0187.jpg,8,revisar
validation,V0306.jpg,test,T0201.jpg,8,revisar
validation,V0306.jpg,test,T0207.jpg,8,revisar
validation,V0306.jpg,test,T0214.jpg,8,revisar
validation,V0306.jpg,test,T0219.jpg,8,revisar
validation,V0306.jpg,test,T0221.jpg,8,revisar
validation,V0306.jpg,test,T0223.jpg,8,revisar
validation,V0306.jpg,test,T0250.jpg,8,revisar
validation,V0306.jpg,test,T0255.jpg,8,revisar
validation,V0306.jpg,test,T0260.jpg,8,revisar
validation,V0306.jpg,test,T0270.jpg,8,revisar
validation,V0306.jpg,test,T0278.jpg,8,revisar
validation,V0306.jpg,test,T0286.jpg,8,revisar
validation,V0306.jpg,test,T0298.jpg,8,revisar
validation,V0306.jpg,test,T0299.jpg,8,revisar
validation,V0306.jpg,test,T0300.jpg,8,revisar
validation,V0306.jpg,test,T0310.jpg,8,revisar
validation,V0306.jpg,test,T0311.jpg,8,revisar
validation,V0306.jpg,test,T0319.jpg,8,revisar
validation,V0306.jpg,test,T0337.jpg,8,revisar
validation,V0306.jpg,test,T0369.jpg,8,revisar
validation,V0306.jpg,test,T0374.jpg,8,revisar
validation,V0306.jpg,test,T0393.jpg,8,revisar
validation,V0306.jpg,test,T0398.jpg,8,revisar
validation,V0307.jpg,test,T0019.jpg,8,revisar
validation,V0307.jpg,test,T0034.jpg,8,revisar
validation,V0307.jpg,test,T0120.jpg,8,revisar
validation,V0307.jpg,test,T0136.jpg,8,revisar
validation,V0307.jpg,test,T0168.jpg,8,revisar
validation,V0307.jpg,test,T0278.jpg,8,revisar
validation,V0307.jpg,test,T0314.jpg,8,revisar
validation,V0307.jpg,test,T0319.jpg,8,revisar
validation,V0307.jpg,test,T0350.jpg,8,revisar
validation,V0308.jpg,test,T0055.jpg,8,revisar
validation,V0308.jpg,test,T0062.jpg,8,revisar
validation,V0308.jpg,test,T0071.jpg,8,revisar
validation,V0308.jpg,test,T0081.jpg,8,revisar
validation,V0308.jpg,test,T0127.jpg,8,revisar
validation,V0308.jpg,test,T0132.jpg,8,revisar
validation,V0308.jpg,test,T0143.jpg,8,revisar
validation,V0308.jpg,test,T0155.jpg,8,revisar
validation,V0308.jpg,test,T0179.jpg,8,revisar
validation,V0308.jpg,test,T0202.jpg,8,revisar
validation,V0308.jpg,test,T0208.jpg,8,revisar
validation,V0308.jpg,test,T0218.jpg,8,revisar
validation,V0308.jpg,test,T0301.jpg,8,revisar
validation,V0308.jpg,test,T0324.jpg,8,revisar
validation,V0308.jpg,test,T0344.jpg,8,revisar
validation,V0309.jpg,test,T0008.jpg,8,revisar
validation,V0309.jpg,test,T0021.jpg,8,revisar
validation,V0309.jpg,test,T0023.jpg,8,revisar
validation,V0309.jpg,test,T0027.jpg,8,revisar
validation,V0309.jpg,test,T0056.jpg,8,revisar
validation,V0309.jpg,test,T0120.jpg,8,revisar
validation,V0309.jpg,test,T0125.jpg,8,revisar
validation,V0309.jpg,test,T0138.jpg,8,revisar
validation,V0309.jpg,test,T0145.jpg,8,revisar
validation,V0309.jpg,test,T0154.jpg,8,revisar
validation,V0309.jpg,test,T0171.jpg,8,revisar
validation,V0309.jpg,test,T0185.jpg,8,revisar
validation,V0309.jpg,test,T0187.jpg,8,revisar
validation,V0309.jpg,test,T0201.jpg,8,revisar
validation,V0309.jpg,test,T0215.jpg,8,revisar
validation,V0309.jpg,test,T0219.jpg,8,revisar
validation,V0309.jpg,test,T0220.jpg,8,revisar
validation,V0309.jpg,test,T0230.jpg,8,revisar
validation,V0309.jpg,test,T0245.jpg,8,revisar
validation,V0309.jpg,test,T0260.jpg,8,revisar
validation,V0309.jpg,test,T0293.jpg,8,revisar
validation,V0309.jpg,test,T0310.jpg,8,revisar
validation,V0309.jpg,test,T0317.jpg,8,revisar
validation,V0309.jpg,test,T0361.jpg,8,revisar
validation,V0309.jpg,test,T0382.jpg,8,revisar
validation,V0310.jpg,test,T0150.jpg,8,revisar
validation,V0310.jpg,test,T0199.jpg,8,revisar
validation,V0310.jpg,test,T0349.jpg,8,revisar
validation,V0310.jpg,test,T0379.jpg,8,revisar
validation,V0312.jpg,test,T0055.jpg,8,revisar
validation,V0312.jpg,test,T0155.jpg,8,revisar
validation,V0312.jpg,test,T0257.jpg,8,revisar
validation,V0312.jpg,test,T0280.jpg,8,revisar
validation,V0312.jpg,test,T0320.jpg,8,revisar
validation,V0312.jpg,test,T0326.jpg,8,revisar
validation,V0313.jpg,test,T0005.jpg,8,revisar
validation,V0313.jpg,test,T0010.jpg,8,revisar
validation,V0313.jpg,test,T0020.jpg,8,revisar
validation,V0313.jpg,test,T0023.jpg,8,revisar
validation,V0313.jpg,test,T0038.jpg,8,revisar
validation,V0313.jpg,test,T0042.jpg,8,revisar
validation,V0313.jpg,test,T0058.jpg,8,revisar
validation,V0313.jpg,test,T0064.jpg,8,revisar
validation,V0313.jpg,test,T0072.jpg,8,revisar
validation,V0313.jpg,test,T0082.jpg,8,revisar
validation,V0313.jpg,test,T0092.jpg,8,revisar
validation,V0313.jpg,test,T0115.jpg,8,revisar
validation,V0313.jpg,test,T0120.jpg,8,revisar
validation,V0313.jpg,test,T0125.jpg,8,revisar
validation,V0313.jpg,test,T0130.jpg,8,revisar
validation,V0313.jpg,test,T0136.jpg,8,revisar
validation,V0313.jpg,test,T0163.jpg,8,revisar
validation,V0313.jpg,test,T0166.jpg,8,revisar
validation,V0313.jpg,test,T0168.jpg,8,revisar
validation,V0313.jpg,test,T0171.jpg,8,revisar
validation,V0313.jpg,test,T0190.jpg,8,revisar
validation,V0313.jpg,test,T0193.jpg,8,revisar
validation,V0313.jpg,test,T0196.jpg,8,revisar
validation,V0313.jpg,test,T0214.jpg,8,revisar
validation,V0313.jpg,test,T0219.jpg,8,revisar
validation,V0313.jpg,test,T0230.jpg,8,revisar
validation,V0313.jpg,test,T0246.jpg,8,revisar
validation,V0313.jpg,test,T0251.jpg,8,revisar
validation,V0313.jpg,test,T0265.jpg,8,revisar
validation,V0313.jpg,test,T0269.jpg,8,revisar
validation,V0313.jpg,test,T0278.jpg,8,revisar
validation,V0313.jpg,test,T0289.jpg,8,revisar
validation,V0313.jpg,test,T0300.jpg,8,revisar
validation,V0313.jpg,test,T0307.jpg,8,revisar
validation,V0313.jpg,test,T0315.jpg,8,revisar
validation,V0313.jpg,test,T0316.jpg,8,revisar
validation,V0313.jpg,test,T0334.jpg,8,revisar
validation,V0313.jpg,test,T0336.jpg,8,revisar
validation,V0313.jpg,test,T0355.jpg,8,revisar
validation,V0313.jpg,test,T0368.jpg,8,revisar
validation,V0313.jpg,test,T0378.jpg,8,revisar
validation,V0313.jpg,test,T0392.jpg,8,revisar
validation,V0313.jpg,test,T0395.jpg,8,revisar
validation,V0313.jpg,test,T0400.jpg,8,revisar
validation,V0314.jpg,test,T0016.jpg,8,revisar
validation,V0314.jpg,test,T0021.jpg,8,revisar
validation,V0314.jpg,test,T0031.jpg,8,revisar
validation,V0314.jpg,test,T0033.jpg,8,revisar
validation,V0314.jpg,test,T0048.jpg,8,revisar
validation,V0314.jpg,test,T0063.jpg,8,revisar
validation,V0314.jpg,test,T0068.jpg,8,revisar
validation,V0314.jpg,test,T0078.jpg,8,revisar
validation,V0314.jpg,test,T0087.jpg,8,revisar
validation,V0314.jpg,test,T0121.jpg,8,revisar
validation,V0314.jpg,test,T0125.jpg,8,revisar
validation,V0314.jpg,test,T0168.jpg,8,revisar
validation,V0314.jpg,test,T0169.jpg,8,revisar
validation,V0314.jpg,test,T0173.jpg,8,revisar
validation,V0314.jpg,test,T0206.jpg,8,revisar
validation,V0314.jpg,test,T0212.jpg,8,revisar
validation,V0314.jpg,test,T0232.jpg,8,revisar
validation,V0314.jpg,test,T0244.jpg,8,revisar
validation,V0314.jpg,test,T0262.jpg,8,revisar
validation,V0314.jpg,test,T0264.jpg,8,revisar
validation,V0314.jpg,test,T0287.jpg,8,revisar
validation,V0314.jpg,test,T0289.jpg,8,revisar
validation,V0314.jpg,test,T0298.jpg,8,revisar
validation,V0314.jpg,test,T0316.jpg,8,revisar
validation,V0314.jpg,test,T0334.jpg,8,revisar
validation,V0314.jpg,test,T0336.jpg,8,revisar
validation,V0314.jpg,test,T0337.jpg,8,revisar
validation,V0314.jpg,test,T0338.jpg,8,revisar
validation,V0314.jpg,test,T0374.jpg,8,revisar
validation,V0314.jpg,test,T0382.jpg,8,revisar
validation,V0314.jpg,test,T0389.jpg,8,revisar
validation,V0315.jpg,test,T0003.jpg,8,revisar
validation,V0315.jpg,test,T0024.jpg,8,revisar
validation,V0315.jpg,test,T0035.jpg,8,revisar
validation,V0315.jpg,test,T0099.jpg,8,revisar
validation,V0315.jpg,test,T0117.jpg,8,revisar
validation,V0315.jpg,test,T0129.jpg,8,revisar
validation,V0315.jpg,test,T0145.jpg,8,revisar
validation,V0315.jpg,test,T0153.jpg,8,revisar
validation,V0315.jpg,test,T0223.jpg,8,revisar
validation,V0315.jpg,test,T0312.jpg,8,revisar
validation,V0315.jpg,test,T0329.jpg,8,revisar
validation,V0315.jpg,test,T0335.jpg,8,revisar
validation,V0316.jpg,test,T0281.jpg,8,revisar
validation,V0316.jpg,test,T0320.jpg,8,revisar
validation,V0317.jpg,test,T0105.jpg,8,revisar
validation,V0317.jpg,test,T0373.jpg,8,revisar
validation,V0318.jpg,test,T0062.jpg,8,revisar
validation,V0318.jpg,test,T0123.jpg,8,revisar
validation,V0318.jpg,test,T0124.jpg,8,revisar
validation,V0318.jpg,test,T0150.jpg,8,revisar
validation,V0318.jpg,test,T0192.jpg,8,revisar
validation,V0318.jpg,test,T0208.jpg,8,revisar
validation,V0318.jpg,test,T0209.jpg,8,revisar
validation,V0318.jpg,test,T0218.jpg,8,revisar
validation,V0318.jpg,test,T0238.jpg,8,revisar
validation,V0318.jpg,test,T0284.jpg,8,revisar
validation,V0318.jpg,test,T0296.jpg,8,revisar
validation,V0318.jpg,test,T0301.jpg,8,revisar
validation,V0318.jpg,test,T0321.jpg,8,revisar
validation,V0318.jpg,test,T0324.jpg,8,revisar
validation,V0318.jpg,test,T0379.jpg,8,revisar
validation,V0319.jpg,test,T0003.jpg,8,revisar
validation,V0319.jpg,test,T0005.jpg,8,revisar
validation,V0319.jpg,test,T0023.jpg,8,revisar
validation,V0319.jpg,test,T0085.jpg,8,revisar
validation,V0319.jpg,test,T0113.jpg,8,revisar
validation,V0319.jpg,test,T0120.jpg,8,revisar
validation,V0319.jpg,test,T0170.jpg,8,revisar
validation,V0319.jpg,test,T0214.jpg,8,revisar
validation,V0319.jpg,test,T0221.jpg,8,revisar
validation,V0319.jpg,test,T0223.jpg,8,revisar
validation,V0319.jpg,test,T0254.jpg,8,revisar
validation,V0319.jpg,test,T0318.jpg,8,revisar
validation,V0319.jpg,test,T0319.jpg,8,revisar
validation,V0319.jpg,test,T0350.jpg,8,revisar
validation,V0319.jpg,test,T0400.jpg,8,revisar
validation,V0320.jpg,test,T0009.jpg,8,revisar
validation,V0320.jpg,test,T0185.jpg,8,revisar
validation,V0320.jpg,test,T0268.jpg,8,revisar
validation,V0320.jpg,test,T0351.jpg,8,revisar
validation,V0321.jpg,test,T0009.jpg,8,revisar
validation,V0321.jpg,test,T0045.jpg,8,revisar
validation,V0321.jpg,test,T0077.jpg,8,revisar
validation,V0321.jpg,test,T0104.jpg,8,revisar
validation,V0321.jpg,test,T0107.jpg,8,revisar
validation,V0321.jpg,test,T0118.jpg,8,revisar
validation,V0321.jpg,test,T0134.jpg,8,revisar
validation,V0321.jpg,test,T0156.jpg,8,revisar
validation,V0321.jpg,test,T0166.jpg,8,revisar
validation,V0321.jpg,test,T0181.jpg,8,revisar
validation,V0321.jpg,test,T0191.jpg,8,revisar
validation,V0321.jpg,test,T0196.jpg,8,revisar
validation,V0321.jpg,test,T0215.jpg,8,revisar
validation,V0321.jpg,test,T0233.jpg,8,revisar
validation,V0321.jpg,test,T0260.jpg,8,revisar
validation,V0321.jpg,test,T0262.jpg,8,revisar
validation,V0321.jpg,test,T0269.jpg,8,revisar
validation,V0321.jpg,test,T0289.jpg,8,revisar
validation,V0321.jpg,test,T0299.jpg,8,revisar
validation,V0321.jpg,test,T0307.jpg,8,revisar
validation,V0321.jpg,test,T0313.jpg,8,revisar
validation,V0321.jpg,test,T0336.jpg,8,revisar
validation,V0321.jpg,test,T0351.jpg,8,revisar
validation,V0321.jpg,test,T0354.jpg,8,revisar
validation,V0321.jpg,test,T0382.jpg,8,revisar
validation,V0321.jpg,test,T0390.jpg,8,revisar
validation,V0321.jpg,test,T0393.jpg,8,revisar
validation,V0322.jpg,test,T0021.jpg,8,revisar
validation,V0322.jpg,test,T0053.jpg,8,revisar
validation,V0322.jpg,test,T0058.jpg,8,revisar
validation,V0322.jpg,test,T0075.jpg,8,revisar
validation,V0322.jpg,test,T0098.jpg,8,revisar
validation,V0322.jpg,test,T0109.jpg,8,revisar
validation,V0322.jpg,test,T0125.jpg,8,revisar
validation,V0322.jpg,test,T0130.jpg,8,revisar
validation,V0322.jpg,test,T0134.jpg,8,revisar
validation,V0322.jpg,test,T0135.jpg,8,revisar
validation,V0322.jpg,test,T0156.jpg,8,revisar
validation,V0322.jpg,test,T0158.jpg,8,revisar
validation,V0322.jpg,test,T0197.jpg,8,revisar
validation,V0322.jpg,test,T0205.jpg,8,revisar
validation,V0322.jpg,test,T0227.jpg,8,revisar
validation,V0322.jpg,test,T0259.jpg,8,revisar
validation,V0322.jpg,test,T0262.jpg,8,revisar
validation,V0322.jpg,test,T0334.jpg,8,revisar
validation,V0322.jpg,test,T0337.jpg,8,revisar
validation,V0322.jpg,test,T0374.jpg,8,revisar
validation,V0322.jpg,test,T0380.jpg,8,revisar
validation,V0322.jpg,test,T0392.jpg,8,revisar
validation,V0323.jpg,test,T0039.jpg,8,revisar
validation,V0324.jpg,test,T0001.jpg,8,revisar
validation,V0324.jpg,test,T0018.jpg,8,revisar
validation,V0324.jpg,test,T0020.jpg,8,revisar
validation,V0324.jpg,test,T0021.jpg,8,revisar
validation,V0324.jpg,test,T0043.jpg,8,revisar
validation,V0324.jpg,test,T0050.jpg,8,revisar
validation,V0324.jpg,test,T0086.jpg,8,revisar
validation,V0324.jpg,test,T0104.jpg,8,revisar
validation,V0324.jpg,test,T0125.jpg,8,revisar
validation,V0324.jpg,test,T0128.jpg,8,revisar
validation,V0324.jpg,test,T0134.jpg,8,revisar
validation,V0324.jpg,test,T0139.jpg,8,revisar
validation,V0324.jpg,test,T0154.jpg,8,revisar
validation,V0324.jpg,test,T0156.jpg,8,revisar
validation,V0324.jpg,test,T0166.jpg,8,revisar
validation,V0324.jpg,test,T0171.jpg,8,revisar
validation,V0324.jpg,test,T0190.jpg,8,revisar
validation,V0324.jpg,test,T0191.jpg,8,revisar
validation,V0324.jpg,test,T0196.jpg,8,revisar
validation,V0324.jpg,test,T0213.jpg,8,revisar
validation,V0324.jpg,test,T0220.jpg,8,revisar
validation,V0324.jpg,test,T0224.jpg,8,revisar
validation,V0324.jpg,test,T0227.jpg,8,revisar
validation,V0324.jpg,test,T0262.jpg,8,revisar
validation,V0324.jpg,test,T0289.jpg,8,revisar
validation,V0324.jpg,test,T0293.jpg,8,revisar
validation,V0324.jpg,test,T0307.jpg,8,revisar
validation,V0324.jpg,test,T0317.jpg,8,revisar
validation,V0324.jpg,test,T0336.jpg,8,revisar
validation,V0324.jpg,test,T0337.jpg,8,revisar
validation,V0324.jpg,test,T0338.jpg,8,revisar
validation,V0324.jpg,test,T0365.jpg,8,revisar
validation,V0324.jpg,test,T0368.jpg,8,revisar
validation,V0324.jpg,test,T0378.jpg,8,revisar
validation,V0324.jpg,test,T0380.jpg,8,revisar
validation,V0324.jpg,test,T0392.jpg,8,revisar
validation,V0324.jpg,test,T0393.jpg,8,revisar
validation,V0325.jpg,test,T0192.jpg,8,revisar
validation,V0325.jpg,test,T0210.jpg,8,revisar
validation,V0325.jpg,test,T0301.jpg,8,revisar
validation,V0325.jpg,test,T0303.jpg,8,revisar
validation,V0326.jpg,test,T0153.jpg,8,revisar
validation,V0326.jpg,test,T0163.jpg,8,revisar
validation,V0326.jpg,test,T0231.jpg,8,revisar
validation,V0326.jpg,test,T0298.jpg,8,revisar
validation,V0327.jpg,test,T0171.jpg,8,revisar
validation,V0327.jpg,test,T0184.jpg,8,revisar
validation,V0327.jpg,test,T0299.jpg,8,revisar
validation,V0327.jpg,test,T0348.jpg,8,revisar
validation,V0327.jpg,test,T0369.jpg,8,revisar
validation,V0327.jpg,test,T0383.jpg,8,revisar
validation,V0328.jpg,test,T0008.jpg,8,revisar
validation,V0328.jpg,test,T0010.jpg,8,revisar
validation,V0328.jpg,test,T0054.jpg,8,revisar
validation,V0328.jpg,test,T0065.jpg,8,revisar
validation,V0328.jpg,test,T0120.jpg,8,revisar
validation,V0328.jpg,test,T0142.jpg,8,revisar
validation,V0328.jpg,test,T0229.jpg,8,revisar
validation,V0328.jpg,test,T0310.jpg,8,revisar
validation,V0328.jpg,test,T0400.jpg,8,revisar
validation,V0329.jpg,test,T0001.jpg,8,revisar
validation,V0329.jpg,test,T0010.jpg,8,revisar
validation,V0329.jpg,test,T0014.jpg,8,revisar
validation,V0329.jpg,test,T0016.jpg,8,revisar
validation,V0329.jpg,test,T0017.jpg,8,revisar
validation,V0329.jpg,test,T0025.jpg,8,revisar
validation,V0329.jpg,test,T0029.jpg,8,revisar
validation,V0329.jpg,test,T0035.jpg,8,revisar
validation,V0329.jpg,test,T0041.jpg,8,revisar
validation,V0329.jpg,test,T0046.jpg,8,revisar
validation,V0329.jpg,test,T0063.jpg,8,revisar
validation,V0329.jpg,test,T0067.jpg,8,revisar
validation,V0329.jpg,test,T0068.jpg,8,revisar
validation,V0329.jpg,test,T0075.jpg,8,revisar
validation,V0329.jpg,test,T0121.jpg,8,revisar
validation,V0329.jpg,test,T0122.jpg,8,revisar
validation,V0329.jpg,test,T0145.jpg,8,revisar
validation,V0329.jpg,test,T0146.jpg,8,revisar
validation,V0329.jpg,test,T0154.jpg,8,revisar
validation,V0329.jpg,test,T0157.jpg,8,revisar
validation,V0329.jpg,test,T0173.jpg,8,revisar
validation,V0329.jpg,test,T0201.jpg,8,revisar
validation,V0329.jpg,test,T0207.jpg,8,revisar
validation,V0329.jpg,test,T0219.jpg,8,revisar
validation,V0329.jpg,test,T0225.jpg,8,revisar
validation,V0329.jpg,test,T0231.jpg,8,revisar
validation,V0329.jpg,test,T0267.jpg,8,revisar
validation,V0329.jpg,test,T0289.jpg,8,revisar
validation,V0329.jpg,test,T0298.jpg,8,revisar
validation,V0329.jpg,test,T0331.jpg,8,revisar
validation,V0329.jpg,test,T0334.jpg,8,revisar
validation,V0329.jpg,test,T0338.jpg,8,revisar
validation,V0329.jpg,test,T0389.jpg,8,revisar
validation,V0330.jpg,test,T0005.jpg,8,revisar
validation,V0330.jpg,test,T0023.jpg,8,revisar
validation,V0330.jpg,test,T0044.jpg,8,revisar
validation,V0330.jpg,test,T0046.jpg,8,revisar
validation,V0330.jpg,test,T0073.jpg,8,revisar
validation,V0330.jpg,test,T0114.jpg,8,revisar
validation,V0330.jpg,test,T0117.jpg,8,revisar
validation,V0330.jpg,test,T0130.jpg,8,revisar
validation,V0330.jpg,test,T0145.jpg,8,revisar
validation,V0330.jpg,test,T0163.jpg,8,revisar
validation,V0330.jpg,test,T0168.jpg,8,revisar
validation,V0330.jpg,test,T0171.jpg,8,revisar
validation,V0330.jpg,test,T0203.jpg,8,revisar
validation,V0330.jpg,test,T0217.jpg,8,revisar
validation,V0330.jpg,test,T0219.jpg,8,revisar
validation,V0330.jpg,test,T0220.jpg,8,revisar
validation,V0330.jpg,test,T0221.jpg,8,revisar
validation,V0330.jpg,test,T0225.jpg,8,revisar
validation,V0330.jpg,test,T0255.jpg,8,revisar
validation,V0330.jpg,test,T0278.jpg,8,revisar
validation,V0330.jpg,test,T0289.jpg,8,revisar
validation,V0330.jpg,test,T0293.jpg,8,revisar
validation,V0330.jpg,test,T0300.jpg,8,revisar
validation,V0330.jpg,test,T0312.jpg,8,revisar
validation,V0330.jpg,test,T0319.jpg,8,revisar
validation,V0330.jpg,test,T0328.jpg,8,revisar
validation,V0330.jpg,test,T0329.jpg,8,revisar
validation,V0330.jpg,test,T0334.jpg,8,revisar
validation,V0330.jpg,test,T0335.jpg,8,revisar
validation,V0330.jpg,test,T0340.jpg,8,revisar
validation,V0330.jpg,test,T0378.jpg,8,revisar
validation,V0330.jpg,test,T0383.jpg,8,revisar
validation,V0330.jpg,test,T0393.jpg,8,revisar
validation,V0331.jpg,test,T0003.jpg,8,revisar
validation,V0331.jpg,test,T0010.jpg,8,revisar
validation,V0331.jpg,test,T0016.jpg,8,revisar
validation,V0331.jpg,test,T0038.jpg,8,revisar
validation,V0331.jpg,test,T0042.jpg,8,revisar
validation,V0331.jpg,test,T0044.jpg,8,revisar
validation,V0331.jpg,test,T0054.jpg,8,revisar
validation,V0331.jpg,test,T0075.jpg,8,revisar
validation,V0331.jpg,test,T0076.jpg,8,revisar
validation,V0331.jpg,test,T0082.jpg,8,revisar
validation,V0331.jpg,test,T0088.jpg,8,revisar
validation,V0331.jpg,test,T0099.jpg,8,revisar
validation,V0331.jpg,test,T0120.jpg,8,revisar
validation,V0331.jpg,test,T0129.jpg,8,revisar
validation,V0331.jpg,test,T0138.jpg,8,revisar
validation,V0331.jpg,test,T0142.jpg,8,revisar
validation,V0331.jpg,test,T0145.jpg,8,revisar
validation,V0331.jpg,test,T0151.jpg,8,revisar
validation,V0331.jpg,test,T0159.jpg,8,revisar
validation,V0331.jpg,test,T0166.jpg,8,revisar
validation,V0331.jpg,test,T0168.jpg,8,revisar
validation,V0331.jpg,test,T0169.jpg,8,revisar
validation,V0331.jpg,test,T0171.jpg,8,revisar
validation,V0331.jpg,test,T0178.jpg,8,revisar
validation,V0331.jpg,test,T0198.jpg,8,revisar
validation,V0331.jpg,test,T0207.jpg,8,revisar
validation,V0331.jpg,test,T0214.jpg,8,revisar
validation,V0331.jpg,test,T0216.jpg,8,revisar
validation,V0331.jpg,test,T0221.jpg,8,revisar
validation,V0331.jpg,test,T0223.jpg,8,revisar
validation,V0331.jpg,test,T0236.jpg,8,revisar
validation,V0331.jpg,test,T0244.jpg,8,revisar
validation,V0331.jpg,test,T0250.jpg,8,revisar
validation,V0331.jpg,test,T0251.jpg,8,revisar
validation,V0331.jpg,test,T0254.jpg,8,revisar
validation,V0331.jpg,test,T0255.jpg,8,revisar
validation,V0331.jpg,test,T0265.jpg,8,revisar
validation,V0331.jpg,test,T0269.jpg,8,revisar
validation,V0331.jpg,test,T0289.jpg,8,revisar
validation,V0331.jpg,test,T0294.jpg,8,revisar
validation,V0331.jpg,test,T0299.jpg,8,revisar
validation,V0331.jpg,test,T0307.jpg,8,revisar
validation,V0331.jpg,test,T0337.jpg,8,revisar
validation,V0331.jpg,test,T0346.jpg,8,revisar
validation,V0331.jpg,test,T0347.jpg,8,revisar
validation,V0331.jpg,test,T0350.jpg,8,revisar
validation,V0331.jpg,test,T0368.jpg,8,revisar
validation,V0331.jpg,test,T0374.jpg,8,revisar
validation,V0331.jpg,test,T0383.jpg,8,revisar
validation,V0331.jpg,test,T0389.jpg,8,revisar
validation,V0332.jpg,test,T0005.jpg,8,revisar
validation,V0332.jpg,test,T0010.jpg,8,revisar
validation,V0332.jpg,test,T0051.jpg,8,revisar
validation,V0332.jpg,test,T0072.jpg,8,revisar
validation,V0332.jpg,test,T0111.jpg,8,revisar
validation,V0332.jpg,test,T0113.jpg,8,revisar
validation,V0332.jpg,test,T0120.jpg,8,revisar
validation,V0332.jpg,test,T0130.jpg,8,revisar
validation,V0332.jpg,test,T0149.jpg,8,revisar
validation,V0332.jpg,test,T0188.jpg,8,revisar
validation,V0332.jpg,test,T0197.jpg,8,revisar
validation,V0332.jpg,test,T0201.jpg,8,revisar
validation,V0332.jpg,test,T0214.jpg,8,revisar
validation,V0332.jpg,test,T0231.jpg,8,revisar
validation,V0332.jpg,test,T0253.jpg,8,revisar
validation,V0332.jpg,test,T0294.jpg,8,revisar
validation,V0332.jpg,test,T0314.jpg,8,revisar
validation,V0332.jpg,test,T0328.jpg,8,revisar
validation,V0332.jpg,test,T0355.jpg,8,revisar
validation,V0334.jpg,test,T0294.jpg,8,revisar
validation,V0334.jpg,test,T0330.jpg,8,revisar
validation,V0335.jpg,test,T0001.jpg,8,revisar
validation,V0335.jpg,test,T0008.jpg,8,revisar
validation,V0335.jpg,test,T0010.jpg,8,revisar
validation,V0335.jpg,test,T0020.jpg,8,revisar
validation,V0335.jpg,test,T0034.jpg,8,revisar
validation,V0335.jpg,test,T0042.jpg,8,revisar
validation,V0335.jpg,test,T0044.jpg,8,revisar
validation,V0335.jpg,test,T0048.jpg,8,revisar
validation,V0335.jpg,test,T0054.jpg,8,revisar
validation,V0335.jpg,test,T0075.jpg,8,revisar
validation,V0335.jpg,test,T0077.jpg,8,revisar
validation,V0335.jpg,test,T0080.jpg,8,revisar
validation,V0335.jpg,test,T0095.jpg,8,revisar
validation,V0335.jpg,test,T0099.jpg,8,revisar
validation,V0335.jpg,test,T0115.jpg,8,revisar
validation,V0335.jpg,test,T0120.jpg,8,revisar
validation,V0335.jpg,test,T0122.jpg,8,revisar
validation,V0335.jpg,test,T0138.jpg,8,revisar
validation,V0335.jpg,test,T0142.jpg,8,revisar
validation,V0335.jpg,test,T0178.jpg,8,revisar
validation,V0335.jpg,test,T0184.jpg,8,revisar
validation,V0335.jpg,test,T0203.jpg,8,revisar
validation,V0335.jpg,test,T0214.jpg,8,revisar
validation,V0335.jpg,test,T0225.jpg,8,revisar
validation,V0335.jpg,test,T0229.jpg,8,revisar
validation,V0335.jpg,test,T0246.jpg,8,revisar
validation,V0335.jpg,test,T0275.jpg,8,revisar
validation,V0335.jpg,test,T0286.jpg,8,revisar
validation,V0335.jpg,test,T0294.jpg,8,revisar
validation,V0335.jpg,test,T0299.jpg,8,revisar
validation,V0335.jpg,test,T0302.jpg,8,revisar
validation,V0335.jpg,test,T0310.jpg,8,revisar
validation,V0335.jpg,test,T0318.jpg,8,revisar
validation,V0335.jpg,test,T0325.jpg,8,revisar
validation,V0335.jpg,test,T0331.jpg,8,revisar
validation,V0335.jpg,test,T0335.jpg,8,revisar
validation,V0335.jpg,test,T0336.jpg,8,revisar
validation,V0335.jpg,test,T0337.jpg,8,revisar
validation,V0335.jpg,test,T0346.jpg,8,revisar
validation,V0335.jpg,test,T0347.jpg,8,revisar
validation,V0335.jpg,test,T0355.jpg,8,revisar
validation,V0335.jpg,test,T0357.jpg,8,revisar
validation,V0335.jpg,test,T0377.jpg,8,revisar
validation,V0335.jpg,test,T0389.jpg,8,revisar
validation,V0335.jpg,test,T0392.jpg,8,revisar
validation,V0335.jpg,test,T0398.jpg,8,revisar
validation,V0336.jpg,test,T0117.jpg,8,revisar
validation,V0336.jpg,test,T0140.jpg,8,revisar
validation,V0336.jpg,test,T0163.jpg,8,revisar
validation,V0336.jpg,test,T0298.jpg,8,revisar
validation,V0336.jpg,test,T0300.jpg,8,revisar
validation,V0336.jpg,test,T0331.jpg,8,revisar
validation,V0337.jpg,test,T0022.jpg,8,revisar
validation,V0337.jpg,test,T0031.jpg,8,revisar
validation,V0337.jpg,test,T0038.jpg,8,revisar
validation,V0337.jpg,test,T0052.jpg,8,revisar
validation,V0337.jpg,test,T0069.jpg,8,revisar
validation,V0337.jpg,test,T0154.jpg,8,revisar
validation,V0337.jpg,test,T0169.jpg,8,revisar
validation,V0337.jpg,test,T0173.jpg,8,revisar
validation,V0337.jpg,test,T0198.jpg,8,revisar
validation,V0337.jpg,test,T0206.jpg,8,revisar
validation,V0337.jpg,test,T0207.jpg,8,revisar
validation,V0337.jpg,test,T0236.jpg,8,revisar
validation,V0337.jpg,test,T0251.jpg,8,revisar
validation,V0337.jpg,test,T0262.jpg,8,revisar
validation,V0337.jpg,test,T0264.jpg,8,revisar
validation,V0337.jpg,test,T0282.jpg,8,revisar
validation,V0337.jpg,test,T0312.jpg,8,revisar
validation,V0337.jpg,test,T0337.jpg,8,revisar
validation,V0337.jpg,test,T0338.jpg,8,revisar
validation,V0337.jpg,test,T0365.jpg,8,revisar
validation,V0337.jpg,test,T0382.jpg,8,revisar
validation,V0337.jpg,test,T0392.jpg,8,revisar
validation,V0337.jpg,test,T0393.jpg,8,revisar
validation,V0337.jpg,test,T0394.jpg,8,revisar
validation,V0338.jpg,test,T0102.jpg,8,revisar
validation,V0338.jpg,test,T0183.jpg,8,revisar
validation,V0339.jpg,test,T0034.jpg,8,revisar
validation,V0339.jpg,test,T0038.jpg,8,revisar
validation,V0339.jpg,test,T0042.jpg,8,revisar
validation,V0339.jpg,test,T0043.jpg,8,revisar
validation,V0339.jpg,test,T0044.jpg,8,revisar
validation,V0339.jpg,test,T0050.jpg,8,revisar
validation,V0339.jpg,test,T0051.jpg,8,revisar
validation,V0339.jpg,test,T0052.jpg,8,revisar
validation,V0339.jpg,test,T0058.jpg,8,revisar
validation,V0339.jpg,test,T0064.jpg,8,revisar
validation,V0339.jpg,test,T0092.jpg,8,revisar
validation,V0339.jpg,test,T0095.jpg,8,revisar
validation,V0339.jpg,test,T0114.jpg,8,revisar
validation,V0339.jpg,test,T0115.jpg,8,revisar
validation,V0339.jpg,test,T0118.jpg,8,revisar
validation,V0339.jpg,test,T0119.jpg,8,revisar
validation,V0339.jpg,test,T0120.jpg,8,revisar
validation,V0339.jpg,test,T0125.jpg,8,revisar
validation,V0339.jpg,test,T0136.jpg,8,revisar
validation,V0339.jpg,test,T0139.jpg,8,revisar
validation,V0339.jpg,test,T0147.jpg,8,revisar
validation,V0339.jpg,test,T0159.jpg,8,revisar
validation,V0339.jpg,test,T0178.jpg,8,revisar
validation,V0339.jpg,test,T0190.jpg,8,revisar
validation,V0339.jpg,test,T0191.jpg,8,revisar
validation,V0339.jpg,test,T0197.jpg,8,revisar
validation,V0339.jpg,test,T0214.jpg,8,revisar
validation,V0339.jpg,test,T0216.jpg,8,revisar
validation,V0339.jpg,test,T0225.jpg,8,revisar
validation,V0339.jpg,test,T0231.jpg,8,revisar
validation,V0339.jpg,test,T0244.jpg,8,revisar
validation,V0339.jpg,test,T0246.jpg,8,revisar
validation,V0339.jpg,test,T0262.jpg,8,revisar
validation,V0339.jpg,test,T0265.jpg,8,revisar
validation,V0339.jpg,test,T0294.jpg,8,revisar
validation,V0339.jpg,test,T0314.jpg,8,revisar
validation,V0339.jpg,test,T0316.jpg,8,revisar
validation,V0339.jpg,test,T0329.jpg,8,revisar
validation,V0339.jpg,test,T0335.jpg,8,revisar
validation,V0339.jpg,test,T0337.jpg,8,revisar
validation,V0339.jpg,test,T0338.jpg,8,revisar
validation,V0339.jpg,test,T0343.jpg,8,revisar
validation,V0339.jpg,test,T0350.jpg,8,revisar
validation,V0339.jpg,test,T0357.jpg,8,revisar
validation,V0339.jpg,test,T0361.jpg,8,revisar
validation,V0339.jpg,test,T0368.jpg,8,revisar
validation,V0339.jpg,test,T0369.jpg,8,revisar
validation,V0339.jpg,test,T0378.jpg,8,revisar
validation,V0339.jpg,test,T0382.jpg,8,revisar
validation,V0339.jpg,test,T0390.jpg,8,revisar
validation,V0339.jpg,test,T0393.jpg,8,revisar
validation,V0339.jpg,test,T0399.jpg,8,revisar
validation,V0340.jpg,test,T0006.jpg,8,revisar
validation,V0340.jpg,test,T0061.jpg,8,revisar
validation,V0340.jpg,test,T0065.jpg,8,revisar
validation,V0340.jpg,test,T0080.jpg,8,revisar
validation,V0340.jpg,test,T0228.jpg,8,revisar
validation,V0340.jpg,test,T0245.jpg,8,revisar
validation,V0340.jpg,test,T0247.jpg,8,revisar
validation,V0340.jpg,test,T0292.jpg,8,revisar
validation,V0340.jpg,test,T0313.jpg,8,revisar
validation,V0341.jpg,test,T0021.jpg,8,revisar
validation,V0341.jpg,test,T0024.jpg,8,revisar
validation,V0341.jpg,test,T0034.jpg,8,revisar
validation,V0341.jpg,test,T0043.jpg,8,revisar
validation,V0341.jpg,test,T0045.jpg,8,revisar
validation,V0341.jpg,test,T0050.jpg,8,revisar
validation,V0341.jpg,test,T0120.jpg,8,revisar
validation,V0341.jpg,test,T0125.jpg,8,revisar
validation,V0341.jpg,test,T0185.jpg,8,revisar
validation,V0341.jpg,test,T0229.jpg,8,revisar
validation,V0341.jpg,test,T0247.jpg,8,revisar
validation,V0341.jpg,test,T0250.jpg,8,revisar
validation,V0341.jpg,test,T0260.jpg,8,revisar
validation,V0341.jpg,test,T0317.jpg,8,revisar
validation,V0341.jpg,test,T0325.jpg,8,revisar
validation,V0341.jpg,test,T0333.jpg,8,revisar
validation,V0341.jpg,test,T0350.jpg,8,revisar
validation,V0341.jpg,test,T0364.jpg,8,revisar
validation,V0341.jpg,test,T0378.jpg,8,revisar
validation,V0341.jpg,test,T0380.jpg,8,revisar
validation,V0341.jpg,test,T0382.jpg,8,revisar
validation,V0341.jpg,test,T0391.jpg,8,revisar
validation,V0341.jpg,test,T0400.jpg,8,revisar
validation,V0342.jpg,test,T0063.jpg,8,revisar
validation,V0342.jpg,test,T0117.jpg,8,revisar
validation,V0342.jpg,test,T0122.jpg,8,revisar
validation,V0342.jpg,test,T0140.jpg,8,revisar
validation,V0342.jpg,test,T0182.jpg,8,revisar
validation,V0342.jpg,test,T0207.jpg,8,revisar
validation,V0342.jpg,test,T0231.jpg,8,revisar
validation,V0342.jpg,test,T0232.jpg,8,revisar
validation,V0342.jpg,test,T0294.jpg,8,revisar
validation,V0343.jpg,test,T0017.jpg,8,revisar
validation,V0343.jpg,test,T0021.jpg,8,revisar
validation,V0343.jpg,test,T0033.jpg,8,revisar
validation,V0343.jpg,test,T0034.jpg,8,revisar
validation,V0343.jpg,test,T0053.jpg,8,revisar
validation,V0343.jpg,test,T0076.jpg,8,revisar
validation,V0343.jpg,test,T0078.jpg,8,revisar
validation,V0343.jpg,test,T0095.jpg,8,revisar
validation,V0343.jpg,test,T0104.jpg,8,revisar
validation,V0343.jpg,test,T0107.jpg,8,revisar
validation,V0343.jpg,test,T0125.jpg,8,revisar
validation,V0343.jpg,test,T0169.jpg,8,revisar
validation,V0343.jpg,test,T0219.jpg,8,revisar
validation,V0343.jpg,test,T0220.jpg,8,revisar
validation,V0343.jpg,test,T0236.jpg,8,revisar
validation,V0343.jpg,test,T0251.jpg,8,revisar
validation,V0343.jpg,test,T0255.jpg,8,revisar
validation,V0343.jpg,test,T0259.jpg,8,revisar
validation,V0343.jpg,test,T0293.jpg,8,revisar
validation,V0343.jpg,test,T0312.jpg,8,revisar
validation,V0343.jpg,test,T0313.jpg,8,revisar
validation,V0343.jpg,test,T0316.jpg,8,revisar
validation,V0343.jpg,test,T0334.jpg,8,revisar
validation,V0343.jpg,test,T0335.jpg,8,revisar
validation,V0343.jpg,test,T0336.jpg,8,revisar
validation,V0343.jpg,test,T0342.jpg,8,revisar
validation,V0343.jpg,test,T0374.jpg,8,revisar
validation,V0343.jpg,test,T0377.jpg,8,revisar
validation,V0343.jpg,test,T0378.jpg,8,revisar
validation,V0343.jpg,test,T0380.jpg,8,revisar
validation,V0343.jpg,test,T0392.jpg,8,revisar
validation,V0344.jpg,test,T0049.jpg,8,revisar
validation,V0344.jpg,test,T0155.jpg,8,revisar
validation,V0344.jpg,test,T0202.jpg,8,revisar
validation,V0344.jpg,test,T0359.jpg,8,revisar
validation,V0345.jpg,test,T0010.jpg,8,revisar
validation,V0345.jpg,test,T0020.jpg,8,revisar
validation,V0345.jpg,test,T0024.jpg,8,revisar
validation,V0345.jpg,test,T0028.jpg,8,revisar
validation,V0345.jpg,test,T0054.jpg,8,revisar
validation,V0345.jpg,test,T0064.jpg,8,revisar
validation,V0345.jpg,test,T0073.jpg,8,revisar
validation,V0345.jpg,test,T0075.jpg,8,revisar
validation,V0345.jpg,test,T0077.jpg,8,revisar
validation,V0345.jpg,test,T0080.jpg,8,revisar
validation,V0345.jpg,test,T0112.jpg,8,revisar
validation,V0345.jpg,test,T0120.jpg,8,revisar
validation,V0345.jpg,test,T0134.jpg,8,revisar
validation,V0345.jpg,test,T0138.jpg,8,revisar
validation,V0345.jpg,test,T0145.jpg,8,revisar
validation,V0345.jpg,test,T0166.jpg,8,revisar
validation,V0345.jpg,test,T0191.jpg,8,revisar
validation,V0345.jpg,test,T0196.jpg,8,revisar
validation,V0345.jpg,test,T0220.jpg,8,revisar
validation,V0345.jpg,test,T0229.jpg,8,revisar
validation,V0345.jpg,test,T0230.jpg,8,revisar
validation,V0345.jpg,test,T0237.jpg,8,revisar
validation,V0345.jpg,test,T0244.jpg,8,revisar
validation,V0345.jpg,test,T0251.jpg,8,revisar
validation,V0345.jpg,test,T0293.jpg,8,revisar
validation,V0345.jpg,test,T0309.jpg,8,revisar
validation,V0345.jpg,test,T0313.jpg,8,revisar
validation,V0345.jpg,test,T0319.jpg,8,revisar
validation,V0345.jpg,test,T0323.jpg,8,revisar
validation,V0345.jpg,test,T0325.jpg,8,revisar
validation,V0345.jpg,test,T0336.jpg,8,revisar
validation,V0345.jpg,test,T0338.jpg,8,revisar
validation,V0345.jpg,test,T0365.jpg,8,revisar
validation,V0345.jpg,test,T0382.jpg,8,revisar
validation,V0345.jpg,test,T0392.jpg,8,revisar
validation,V0345.jpg,test,T0393.jpg,8,revisar
validation,V0345.jpg,test,T0398.jpg,8,revisar
validation,V0346.jpg,test,T0001.jpg,8,revisar
validation,V0346.jpg,test,T0006.jpg,8,revisar
validation,V0346.jpg,test,T0012.jpg,8,revisar
validation,V0346.jpg,test,T0025.jpg,8,revisar
validation,V0346.jpg,test,T0029.jpg,8,revisar
validation,V0346.jpg,test,T0034.jpg,8,revisar
validation,V0346.jpg,test,T0038.jpg,8,revisar
validation,V0346.jpg,test,T0048.jpg,8,revisar
validation,V0346.jpg,test,T0053.jpg,8,revisar
validation,V0346.jpg,test,T0064.jpg,8,revisar
validation,V0346.jpg,test,T0068.jpg,8,revisar
validation,V0346.jpg,test,T0115.jpg,8,revisar
validation,V0346.jpg,test,T0135.jpg,8,revisar
validation,V0346.jpg,test,T0156.jpg,8,revisar
validation,V0346.jpg,test,T0168.jpg,8,revisar
validation,V0346.jpg,test,T0169.jpg,8,revisar
validation,V0346.jpg,test,T0182.jpg,8,revisar
validation,V0346.jpg,test,T0187.jpg,8,revisar
validation,V0346.jpg,test,T0201.jpg,8,revisar
validation,V0346.jpg,test,T0206.jpg,8,revisar
validation,V0346.jpg,test,T0214.jpg,8,revisar
validation,V0346.jpg,test,T0225.jpg,8,revisar
validation,V0346.jpg,test,T0228.jpg,8,revisar
validation,V0346.jpg,test,T0232.jpg,8,revisar
validation,V0346.jpg,test,T0244.jpg,8,revisar
validation,V0346.jpg,test,T0245.jpg,8,revisar
validation,V0346.jpg,test,T0259.jpg,8,revisar
validation,V0346.jpg,test,T0267.jpg,8,revisar
validation,V0346.jpg,test,T0279.jpg,8,revisar
validation,V0346.jpg,test,T0289.jpg,8,revisar
validation,V0346.jpg,test,T0299.jpg,8,revisar
validation,V0346.jpg,test,T0311.jpg,8,revisar
validation,V0346.jpg,test,T0313.jpg,8,revisar
validation,V0346.jpg,test,T0316.jpg,8,revisar
validation,V0346.jpg,test,T0329.jpg,8,revisar
validation,V0346.jpg,test,T0335.jpg,8,revisar
validation,V0346.jpg,test,T0361.jpg,8,revisar
validation,V0346.jpg,test,T0365.jpg,8,revisar
validation,V0346.jpg,test,T0377.jpg,8,revisar
validation,V0346.jpg,test,T0378.jpg,8,revisar
validation,V0346.jpg,test,T0392.jpg,8,revisar
validation,V0347.jpg,test,T0355.jpg,8,revisar
validation,V0348.jpg,test,T0001.jpg,8,revisar
validation,V0348.jpg,test,T0018.jpg,8,revisar
validation,V0348.jpg,test,T0021.jpg,8,revisar
validation,V0348.jpg,test,T0028.jpg,8,revisar
validation,V0348.jpg,test,T0043.jpg,8,revisar
validation,V0348.jpg,test,T0045.jpg,8,revisar
validation,V0348.jpg,test,T0052.jpg,8,revisar
validation,V0348.jpg,test,T0061.jpg,8,revisar
validation,V0348.jpg,test,T0075.jpg,8,revisar
validation,V0348.jpg,test,T0082.jpg,8,revisar
validation,V0348.jpg,test,T0086.jpg,8,revisar
validation,V0348.jpg,test,T0092.jpg,8,revisar
validation,V0348.jpg,test,T0109.jpg,8,revisar
validation,V0348.jpg,test,T0112.jpg,8,revisar
validation,V0348.jpg,test,T0151.jpg,8,revisar
validation,V0348.jpg,test,T0154.jpg,8,revisar
validation,V0348.jpg,test,T0166.jpg,8,revisar
validation,V0348.jpg,test,T0181.jpg,8,revisar
validation,V0348.jpg,test,T0190.jpg,8,revisar
validation,V0348.jpg,test,T0191.jpg,8,revisar
validation,V0348.jpg,test,T0206.jpg,8,revisar
validation,V0348.jpg,test,T0233.jpg,8,revisar
validation,V0348.jpg,test,T0236.jpg,8,revisar
validation,V0348.jpg,test,T0259.jpg,8,revisar
validation,V0348.jpg,test,T0260.jpg,8,revisar
validation,V0348.jpg,test,T0262.jpg,8,revisar
validation,V0348.jpg,test,T0269.jpg,8,revisar
validation,V0348.jpg,test,T0283.jpg,8,revisar
validation,V0348.jpg,test,T0286.jpg,8,revisar
validation,V0348.jpg,test,T0287.jpg,8,revisar
validation,V0348.jpg,test,T0307.jpg,8,revisar
validation,V0348.jpg,test,T0308.jpg,8,revisar
validation,V0348.jpg,test,T0338.jpg,8,revisar
validation,V0348.jpg,test,T0350.jpg,8,revisar
validation,V0348.jpg,test,T0361.jpg,8,revisar
validation,V0348.jpg,test,T0374.jpg,8,revisar
validation,V0348.jpg,test,T0382.jpg,8,revisar
validation,V0349.jpg,test,T0037.jpg,8,revisar
validation,V0349.jpg,test,T0047.jpg,8,revisar
validation,V0349.jpg,test,T0066.jpg,8,revisar
validation,V0349.jpg,test,T0150.jpg,8,revisar
validation,V0350.jpg,test,T0001.jpg,8,revisar
validation,V0350.jpg,test,T0002.jpg,8,revisar
validation,V0350.jpg,test,T0019.jpg,8,revisar
validation,V0350.jpg,test,T0023.jpg,8,revisar
validation,V0350.jpg,test,T0033.jpg,8,revisar
validation,V0350.jpg,test,T0034.jpg,8,revisar
validation,V0350.jpg,test,T0044.jpg,8,revisar
validation,V0350.jpg,test,T0050.jpg,8,revisar
validation,V0350.jpg,test,T0051.jpg,8,revisar
validation,V0350.jpg,test,T0054.jpg,8,revisar
validation,V0350.jpg,test,T0088.jpg,8,revisar
validation,V0350.jpg,test,T0115.jpg,8,revisar
validation,V0350.jpg,test,T0118.jpg,8,revisar
validation,V0350.jpg,test,T0120.jpg,8,revisar
validation,V0350.jpg,test,T0135.jpg,8,revisar
validation,V0350.jpg,test,T0147.jpg,8,revisar
validation,V0350.jpg,test,T0154.jpg,8,revisar
validation,V0350.jpg,test,T0158.jpg,8,revisar
validation,V0350.jpg,test,T0171.jpg,8,revisar
validation,V0350.jpg,test,T0187.jpg,8,revisar
validation,V0350.jpg,test,T0197.jpg,8,revisar
validation,V0350.jpg,test,T0201.jpg,8,revisar
validation,V0350.jpg,test,T0213.jpg,8,revisar
validation,V0350.jpg,test,T0216.jpg,8,revisar
validation,V0350.jpg,test,T0220.jpg,8,revisar
validation,V0350.jpg,test,T0225.jpg,8,revisar
validation,V0350.jpg,test,T0246.jpg,8,revisar
validation,V0350.jpg,test,T0251.jpg,8,revisar
validation,V0350.jpg,test,T0260.jpg,8,revisar
validation,V0350.jpg,test,T0262.jpg,8,revisar
validation,V0350.jpg,test,T0265.jpg,8,revisar
validation,V0350.jpg,test,T0269.jpg,8,revisar
validation,V0350.jpg,test,T0286.jpg,8,revisar
validation,V0350.jpg,test,T0293.jpg,8,revisar
validation,V0350.jpg,test,T0298.jpg,8,revisar
validation,V0350.jpg,test,T0318.jpg,8,revisar
validation,V0350.jpg,test,T0319.jpg,8,revisar
validation,V0350.jpg,test,T0331.jpg,8,revisar
validation,V0350.jpg,test,T0335.jpg,8,revisar
validation,V0350.jpg,test,T0337.jpg,8,revisar
validation,V0350.jpg,test,T0338.jpg,8,revisar
validation,V0350.jpg,test,T0357.jpg,8,revisar
validation,V0350.jpg,test,T0368.jpg,8,revisar
validation,V0350.jpg,test,T0374.jpg,8,revisar
validation,V0350.jpg,test,T0380.jpg,8,revisar
validation,V0350.jpg,test,T0383.jpg,8,revisar
validation,V0350.jpg,test,T0392.jpg,8,revisar
validation,V0351.jpg,test,T0041.jpg,8,revisar
validation,V0351.jpg,test,T0052.jpg,8,revisar
validation,V0351.jpg,test,T0068.jpg,8,revisar
validation,V0351.jpg,test,T0077.jpg,8,revisar
validation,V0351.jpg,test,T0078.jpg,8,revisar
validation,V0351.jpg,test,T0087.jpg,8,revisar
validation,V0351.jpg,test,T0095.jpg,8,revisar
validation,V0351.jpg,test,T0107.jpg,8,revisar
validation,V0351.jpg,test,T0118.jpg,8,revisar
validation,V0351.jpg,test,T0121.jpg,8,revisar
validation,V0351.jpg,test,T0151.jpg,8,revisar
validation,V0351.jpg,test,T0154.jpg,8,revisar
validation,V0351.jpg,test,T0156.jpg,8,revisar
validation,V0351.jpg,test,T0212.jpg,8,revisar
validation,V0351.jpg,test,T0232.jpg,8,revisar
validation,V0351.jpg,test,T0236.jpg,8,revisar
validation,V0351.jpg,test,T0244.jpg,8,revisar
validation,V0351.jpg,test,T0259.jpg,8,revisar
validation,V0351.jpg,test,T0286.jpg,8,revisar
validation,V0351.jpg,test,T0287.jpg,8,revisar
validation,V0351.jpg,test,T0306.jpg,8,revisar
validation,V0351.jpg,test,T0316.jpg,8,revisar
validation,V0351.jpg,test,T0337.jpg,8,revisar
validation,V0351.jpg,test,T0363.jpg,8,revisar
validation,V0351.jpg,test,T0365.jpg,8,revisar
validation,V0351.jpg,test,T0393.jpg,8,revisar
validation,V0352.jpg,test,T0006.jpg,8,revisar
validation,V0352.jpg,test,T0012.jpg,8,revisar
validation,V0352.jpg,test,T0016.jpg,8,revisar
validation,V0352.jpg,test,T0017.jpg,8,revisar
validation,V0352.jpg,test,T0031.jpg,8,revisar
validation,V0352.jpg,test,T0048.jpg,8,revisar
validation,V0352.jpg,test,T0053.jpg,8,revisar
validation,V0352.jpg,test,T0063.jpg,8,revisar
validation,V0352.jpg,test,T0075.jpg,8,revisar
validation,V0352.jpg,test,T0167.jpg,8,revisar
validation,V0352.jpg,test,T0173.jpg,8,revisar
validation,V0352.jpg,test,T0259.jpg,8,revisar
validation,V0352.jpg,test,T0262.jpg,8,revisar
validation,V0352.jpg,test,T0264.jpg,8,revisar
validation,V0352.jpg,test,T0279.jpg,8,revisar
validation,V0352.jpg,test,T0306.jpg,8,revisar
validation,V0352.jpg,test,T0388.jpg,8,revisar
validation,V0352.jpg,test,T0394.jpg,8,revisar
validation,V0353.jpg,test,T0016.jpg,8,revisar
validation,V0353.jpg,test,T0029.jpg,8,revisar
validation,V0353.jpg,test,T0038.jpg,8,revisar
validation,V0353.jpg,test,T0092.jpg,8,revisar
validation,V0353.jpg,test,T0190.jpg,8,revisar
validation,V0353.jpg,test,T0196.jpg,8,revisar
validation,V0353.jpg,test,T0232.jpg,8,revisar
validation,V0353.jpg,test,T0237.jpg,8,revisar
validation,V0353.jpg,test,T0267.jpg,8,revisar
validation,V0353.jpg,test,T0287.jpg,8,revisar
validation,V0353.jpg,test,T0290.jpg,8,revisar
validation,V0353.jpg,test,T0361.jpg,8,revisar
validation,V0354.jpg,test,T0005.jpg,8,revisar
validation,V0354.jpg,test,T0023.jpg,8,revisar
validation,V0354.jpg,test,T0044.jpg,8,revisar
validation,V0354.jpg,test,T0046.jpg,8,revisar
validation,V0354.jpg,test,T0054.jpg,8,revisar
validation,V0354.jpg,test,T0099.jpg,8,revisar
validation,V0354.jpg,test,T0101.jpg,8,revisar
validation,V0354.jpg,test,T0110.jpg,8,revisar
validation,V0354.jpg,test,T0142.jpg,8,revisar
validation,V0354.jpg,test,T0145.jpg,8,revisar
validation,V0354.jpg,test,T0153.jpg,8,revisar
validation,V0354.jpg,test,T0163.jpg,8,revisar
validation,V0354.jpg,test,T0203.jpg,8,revisar
validation,V0354.jpg,test,T0214.jpg,8,revisar
validation,V0354.jpg,test,T0221.jpg,8,revisar
validation,V0354.jpg,test,T0231.jpg,8,revisar
validation,V0354.jpg,test,T0254.jpg,8,revisar
validation,V0354.jpg,test,T0255.jpg,8,revisar
validation,V0354.jpg,test,T0294.jpg,8,revisar
validation,V0354.jpg,test,T0298.jpg,8,revisar
validation,V0354.jpg,test,T0343.jpg,8,revisar
validation,V0354.jpg,test,T0400.jpg,8,revisar
validation,V0355.jpg,test,T0009.jpg,8,revisar
validation,V0355.jpg,test,T0030.jpg,8,revisar
validation,V0355.jpg,test,T0043.jpg,8,revisar
validation,V0355.jpg,test,T0104.jpg,8,revisar
validation,V0355.jpg,test,T0233.jpg,8,revisar
validation,V0355.jpg,test,T0236.jpg,8,revisar
validation,V0355.jpg,test,T0262.jpg,8,revisar
validation,V0355.jpg,test,T0269.jpg,8,revisar
validation,V0355.jpg,test,T0325.jpg,8,revisar
validation,V0355.jpg,test,T0333.jpg,8,revisar
validation,V0355.jpg,test,T0351.jpg,8,revisar
validation,V0355.jpg,test,T0365.jpg,8,revisar
validation,V0357.jpg,test,T0003.jpg,8,revisar
validation,V0357.jpg,test,T0012.jpg,8,revisar
validation,V0357.jpg,test,T0023.jpg,8,revisar
validation,V0357.jpg,test,T0024.jpg,8,revisar
validation,V0357.jpg,test,T0034.jpg,8,revisar
validation,V0357.jpg,test,T0099.jpg,8,revisar
validation,V0357.jpg,test,T0110.jpg,8,revisar
validation,V0357.jpg,test,T0117.jpg,8,revisar
validation,V0357.jpg,test,T0129.jpg,8,revisar
validation,V0357.jpg,test,T0138.jpg,8,revisar
validation,V0357.jpg,test,T0142.jpg,8,revisar
validation,V0357.jpg,test,T0145.jpg,8,revisar
validation,V0357.jpg,test,T0163.jpg,8,revisar
validation,V0357.jpg,test,T0203.jpg,8,revisar
validation,V0357.jpg,test,T0214.jpg,8,revisar
validation,V0357.jpg,test,T0217.jpg,8,revisar
validation,V0357.jpg,test,T0221.jpg,8,revisar
validation,V0357.jpg,test,T0254.jpg,8,revisar
validation,V0357.jpg,test,T0294.jpg,8,revisar
validation,V0357.jpg,test,T0329.jpg,8,revisar
validation,V0357.jpg,test,T0335.jpg,8,revisar
validation,V0357.jpg,test,T0343.jpg,8,revisar
validation,V0357.jpg,test,T0346.jpg,8,revisar
validation,V0357.jpg,test,T0347.jpg,8,revisar
validation,V0357.jpg,test,T0377.jpg,8,revisar
validation,V0357.jpg,test,T0390.jpg,8,revisar
validation,V0357.jpg,test,T0393.jpg,8,revisar
validation,V0357.jpg,test,T0398.jpg,8,revisar
validation,V0357.jpg,test,T0400.jpg,8,revisar
validation,V0358.jpg,test,T0001.jpg,8,revisar
validation,V0358.jpg,test,T0008.jpg,8,revisar
validation,V0358.jpg,test,T0077.jpg,8,revisar
validation,V0358.jpg,test,T0080.jpg,8,revisar
validation,V0358.jpg,test,T0082.jpg,8,revisar
validation,V0358.jpg,test,T0090.jpg,8,revisar
validation,V0358.jpg,test,T0092.jpg,8,revisar
validation,V0358.jpg,test,T0115.jpg,8,revisar
validation,V0358.jpg,test,T0128.jpg,8,revisar
validation,V0358.jpg,test,T0129.jpg,8,revisar
validation,V0358.jpg,test,T0138.jpg,8,revisar
validation,V0358.jpg,test,T0159.jpg,8,revisar
validation,V0358.jpg,test,T0190.jpg,8,revisar
validation,V0358.jpg,test,T0224.jpg,8,revisar
validation,V0358.jpg,test,T0254.jpg,8,revisar
validation,V0358.jpg,test,T0265.jpg,8,revisar
validation,V0358.jpg,test,T0269.jpg,8,revisar
validation,V0358.jpg,test,T0286.jpg,8,revisar
validation,V0358.jpg,test,T0316.jpg,8,revisar
validation,V0358.jpg,test,T0325.jpg,8,revisar
validation,V0358.jpg,test,T0335.jpg,8,revisar
validation,V0358.jpg,test,T0361.jpg,8,revisar
validation,V0358.jpg,test,T0382.jpg,8,revisar
validation,V0358.jpg,test,T0392.jpg,8,revisar
validation,V0359.jpg,test,T0160.jpg,8,revisar
validation,V0360.jpg,test,T0270.jpg,8,revisar
validation,V0361.jpg,test,T0010.jpg,8,revisar
validation,V0361.jpg,test,T0021.jpg,8,revisar
validation,V0361.jpg,test,T0023.jpg,8,revisar
validation,V0361.jpg,test,T0056.jpg,8,revisar
validation,V0361.jpg,test,T0065.jpg,8,revisar
validation,V0361.jpg,test,T0080.jpg,8,revisar
validation,V0361.jpg,test,T0086.jpg,8,revisar
validation,V0361.jpg,test,T0091.jpg,8,revisar
validation,V0361.jpg,test,T0118.jpg,8,revisar
validation,V0361.jpg,test,T0120.jpg,8,revisar
validation,V0361.jpg,test,T0125.jpg,8,revisar
validation,V0361.jpg,test,T0138.jpg,8,revisar
validation,V0361.jpg,test,T0145.jpg,8,revisar
validation,V0361.jpg,test,T0154.jpg,8,revisar
validation,V0361.jpg,test,T0171.jpg,8,revisar
validation,V0361.jpg,test,T0190.jpg,8,revisar
validation,V0361.jpg,test,T0201.jpg,8,revisar
validation,V0361.jpg,test,T0203.jpg,8,revisar
validation,V0361.jpg,test,T0211.jpg,8,revisar
validation,V0361.jpg,test,T0229.jpg,8,revisar
validation,V0361.jpg,test,T0247.jpg,8,revisar
validation,V0361.jpg,test,T0250.jpg,8,revisar
validation,V0361.jpg,test,T0260.jpg,8,revisar
validation,V0361.jpg,test,T0263.jpg,8,revisar
validation,V0361.jpg,test,T0274.jpg,8,revisar
validation,V0361.jpg,test,T0285.jpg,8,revisar
validation,V0361.jpg,test,T0288.jpg,8,revisar
validation,V0361.jpg,test,T0302.jpg,8,revisar
validation,V0361.jpg,test,T0361.jpg,8,revisar
validation,V0362.jpg,test,T0006.jpg,8,revisar
validation,V0362.jpg,test,T0012.jpg,8,revisar
validation,V0362.jpg,test,T0018.jpg,8,revisar
validation,V0362.jpg,test,T0041.jpg,8,revisar
validation,V0362.jpg,test,T0043.jpg,8,revisar
validation,V0362.jpg,test,T0052.jpg,8,revisar
validation,V0362.jpg,test,T0075.jpg,8,revisar
validation,V0362.jpg,test,T0076.jpg,8,revisar
validation,V0362.jpg,test,T0077.jpg,8,revisar
validation,V0362.jpg,test,T0078.jpg,8,revisar
validation,V0362.jpg,test,T0082.jpg,8,revisar
validation,V0362.jpg,test,T0107.jpg,8,revisar
validation,V0362.jpg,test,T0109.jpg,8,revisar
validation,V0362.jpg,test,T0134.jpg,8,revisar
validation,V0362.jpg,test,T0135.jpg,8,revisar
validation,V0362.jpg,test,T0233.jpg,8,revisar
validation,V0362.jpg,test,T0245.jpg,8,revisar
validation,V0362.jpg,test,T0269.jpg,8,revisar
validation,V0362.jpg,test,T0287.jpg,8,revisar
validation,V0362.jpg,test,T0313.jpg,8,revisar
validation,V0362.jpg,test,T0316.jpg,8,revisar
validation,V0362.jpg,test,T0325.jpg,8,revisar
validation,V0362.jpg,test,T0336.jpg,8,revisar
validation,V0362.jpg,test,T0354.jpg,8,revisar
validation,V0362.jpg,test,T0363.jpg,8,revisar
validation,V0362.jpg,test,T0365.jpg,8,revisar
validation,V0362.jpg,test,T0378.jpg,8,revisar
validation,V0362.jpg,test,T0380.jpg,8,revisar
validation,V0362.jpg,test,T0382.jpg,8,revisar
validation,V0362.jpg,test,T0393.jpg,8,revisar
validation,V0363.jpg,test,T0230.jpg,8,revisar
validation,V0364.jpg,test,T0001.jpg,8,revisar
validation,V0364.jpg,test,T0002.jpg,8,revisar
validation,V0364.jpg,test,T0003.jpg,8,revisar
validation,V0364.jpg,test,T0008.jpg,8,revisar
validation,V0364.jpg,test,T0016.jpg,8,revisar
validation,V0364.jpg,test,T0020.jpg,8,revisar
validation,V0364.jpg,test,T0023.jpg,8,revisar
validation,V0364.jpg,test,T0044.jpg,8,revisar
validation,V0364.jpg,test,T0058.jpg,8,revisar
validation,V0364.jpg,test,T0095.jpg,8,revisar
validation,V0364.jpg,test,T0114.jpg,8,revisar
validation,V0364.jpg,test,T0130.jpg,8,revisar
validation,V0364.jpg,test,T0140.jpg,8,revisar
validation,V0364.jpg,test,T0154.jpg,8,revisar
validation,V0364.jpg,test,T0168.jpg,8,revisar
validation,V0364.jpg,test,T0184.jpg,8,revisar
validation,V0364.jpg,test,T0187.jpg,8,revisar
validation,V0364.jpg,test,T0201.jpg,8,revisar
validation,V0364.jpg,test,T0203.jpg,8,revisar
validation,V0364.jpg,test,T0220.jpg,8,revisar
validation,V0364.jpg,test,T0221.jpg,8,revisar
validation,V0364.jpg,test,T0223.jpg,8,revisar
validation,V0364.jpg,test,T0225.jpg,8,revisar
validation,V0364.jpg,test,T0250.jpg,8,revisar
validation,V0364.jpg,test,T0254.jpg,8,revisar
validation,V0364.jpg,test,T0255.jpg,8,revisar
validation,V0364.jpg,test,T0272.jpg,8,revisar
validation,V0364.jpg,test,T0293.jpg,8,revisar
validation,V0364.jpg,test,T0309.jpg,8,revisar
validation,V0364.jpg,test,T0318.jpg,8,revisar
validation,V0364.jpg,test,T0328.jpg,8,revisar
validation,V0364.jpg,test,T0338.jpg,8,revisar
validation,V0364.jpg,test,T0343.jpg,8,revisar
validation,V0364.jpg,test,T0347.jpg,8,revisar
validation,V0364.jpg,test,T0361.jpg,8,revisar
validation,V0364.jpg,test,T0377.jpg,8,revisar
validation,V0364.jpg,test,T0387.jpg,8,revisar
validation,V0364.jpg,test,T0389.jpg,8,revisar
validation,V0365.jpg,test,T0003.jpg,8,revisar
validation,V0365.jpg,test,T0044.jpg,8,revisar
validation,V0365.jpg,test,T0088.jpg,8,revisar
validation,V0365.jpg,test,T0099.jpg,8,revisar
validation,V0365.jpg,test,T0110.jpg,8,revisar
validation,V0365.jpg,test,T0223.jpg,8,revisar
validation,V0365.jpg,test,T0255.jpg,8,revisar
validation,V0365.jpg,test,T0311.jpg,8,revisar
validation,V0365.jpg,test,T0318.jpg,8,revisar
validation,V0365.jpg,test,T0331.jpg,8,revisar
validation,V0365.jpg,test,T0347.jpg,8,revisar
validation,V0365.jpg,test,T0377.jpg,8,revisar
validation,V0365.jpg,test,T0389.jpg,8,revisar
validation,V0366.jpg,test,T0019.jpg,8,revisar
validation,V0366.jpg,test,T0317.jpg,8,revisar
validation,V0366.jpg,test,T0333.jpg,8,revisar
validation,V0366.jpg,test,T0391.jpg,8,revisar
validation,V0367.jpg,test,T0021.jpg,8,revisar
validation,V0367.jpg,test,T0025.jpg,8,revisar
validation,V0367.jpg,test,T0031.jpg,8,revisar
validation,V0367.jpg,test,T0035.jpg,8,revisar
validation,V0367.jpg,test,T0040.jpg,8,revisar
validation,V0367.jpg,test,T0052.jpg,8,revisar
validation,V0367.jpg,test,T0069.jpg,8,revisar
validation,V0367.jpg,test,T0095.jpg,8,revisar
validation,V0367.jpg,test,T0109.jpg,8,revisar
validation,V0367.jpg,test,T0125.jpg,8,revisar
validation,V0367.jpg,test,T0134.jpg,8,revisar
validation,V0367.jpg,test,T0154.jpg,8,revisar
validation,V0367.jpg,test,T0206.jpg,8,revisar
validation,V0367.jpg,test,T0207.jpg,8,revisar
validation,V0367.jpg,test,T0212.jpg,8,revisar
validation,V0367.jpg,test,T0219.jpg,8,revisar
validation,V0367.jpg,test,T0228.jpg,8,revisar
validation,V0367.jpg,test,T0251.jpg,8,revisar
validation,V0367.jpg,test,T0264.jpg,8,revisar
validation,V0367.jpg,test,T0298.jpg,8,revisar
validation,V0367.jpg,test,T0306.jpg,8,revisar
validation,V0367.jpg,test,T0336.jpg,8,revisar
validation,V0367.jpg,test,T0337.jpg,8,revisar
validation,V0367.jpg,test,T0338.jpg,8,revisar
validation,V0367.jpg,test,T0367.jpg,8,revisar
validation,V0367.jpg,test,T0389.jpg,8,revisar
validation,V0368.jpg,test,T0009.jpg,8,revisar
validation,V0368.jpg,test,T0011.jpg,8,revisar
validation,V0368.jpg,test,T0056.jpg,8,revisar
validation,V0368.jpg,test,T0330.jpg,8,revisar
validation,V0368.jpg,test,T0351.jpg,8,revisar
validation,V0368.jpg,test,T0352.jpg,8,revisar
validation,V0368.jpg,test,T0385.jpg,8,revisar
validation,V0369.jpg,test,T0001.jpg,8,revisar
validation,V0369.jpg,test,T0007.jpg,8,revisar
validation,V0369.jpg,test,T0020.jpg,8,revisar
validation,V0369.jpg,test,T0021.jpg,8,revisar
validation,V0369.jpg,test,T0042.jpg,8,revisar
validation,V0369.jpg,test,T0046.jpg,8,revisar
validation,V0369.jpg,test,T0077.jpg,8,revisar
validation,V0369.jpg,test,T0086.jpg,8,revisar
validation,V0369.jpg,test,T0088.jpg,8,revisar
validation,V0369.jpg,test,T0095.jpg,8,revisar
validation,V0369.jpg,test,T0112.jpg,8,revisar
validation,V0369.jpg,test,T0119.jpg,8,revisar
validation,V0369.jpg,test,T0125.jpg,8,revisar
validation,V0369.jpg,test,T0134.jpg,8,revisar
validation,V0369.jpg,test,T0138.jpg,8,revisar
validation,V0369.jpg,test,T0171.jpg,8,revisar
validation,V0369.jpg,test,T0187.jpg,8,revisar
validation,V0369.jpg,test,T0190.jpg,8,revisar
validation,V0369.jpg,test,T0196.jpg,8,revisar
validation,V0369.jpg,test,T0201.jpg,8,revisar
validation,V0369.jpg,test,T0203.jpg,8,revisar
validation,V0369.jpg,test,T0230.jpg,8,revisar
validation,V0369.jpg,test,T0250.jpg,8,revisar
validation,V0369.jpg,test,T0251.jpg,8,revisar
validation,V0369.jpg,test,T0254.jpg,8,revisar
validation,V0369.jpg,test,T0270.jpg,8,revisar
validation,V0369.jpg,test,T0294.jpg,8,revisar
validation,V0369.jpg,test,T0299.jpg,8,revisar
validation,V0369.jpg,test,T0302.jpg,8,revisar
validation,V0369.jpg,test,T0313.jpg,8,revisar
validation,V0369.jpg,test,T0318.jpg,8,revisar
validation,V0369.jpg,test,T0319.jpg,8,revisar
validation,V0369.jpg,test,T0325.jpg,8,revisar
validation,V0369.jpg,test,T0334.jpg,8,revisar
validation,V0369.jpg,test,T0335.jpg,8,revisar
validation,V0369.jpg,test,T0337.jpg,8,revisar
validation,V0369.jpg,test,T0338.jpg,8,revisar
validation,V0369.jpg,test,T0357.jpg,8,revisar
validation,V0369.jpg,test,T0378.jpg,8,revisar
validation,V0369.jpg,test,T0382.jpg,8,revisar
validation,V0369.jpg,test,T0392.jpg,8,revisar
validation,V0369.jpg,test,T0398.jpg,8,revisar
validation,V0370.jpg,test,T0001.jpg,8,revisar
validation,V0370.jpg,test,T0019.jpg,8,revisar
validation,V0370.jpg,test,T0032.jpg,8,revisar
validation,V0370.jpg,test,T0038.jpg,8,revisar
validation,V0370.jpg,test,T0041.jpg,8,revisar
validation,V0370.jpg,test,T0044.jpg,8,revisar
validation,V0370.jpg,test,T0051.jpg,8,revisar
validation,V0370.jpg,test,T0052.jpg,8,revisar
validation,V0370.jpg,test,T0054.jpg,8,revisar
validation,V0370.jpg,test,T0072.jpg,8,revisar
validation,V0370.jpg,test,T0075.jpg,8,revisar
validation,V0370.jpg,test,T0087.jpg,8,revisar
validation,V0370.jpg,test,T0101.jpg,8,revisar
validation,V0370.jpg,test,T0109.jpg,8,revisar
validation,V0370.jpg,test,T0115.jpg,8,revisar
validation,V0370.jpg,test,T0118.jpg,8,revisar
validation,V0370.jpg,test,T0119.jpg,8,revisar
validation,V0370.jpg,test,T0125.jpg,8,revisar
validation,V0370.jpg,test,T0130.jpg,8,revisar
validation,V0370.jpg,test,T0134.jpg,8,revisar
validation,V0370.jpg,test,T0138.jpg,8,revisar
validation,V0370.jpg,test,T0145.jpg,8,revisar
validation,V0370.jpg,test,T0147.jpg,8,revisar
validation,V0370.jpg,test,T0156.jpg,8,revisar
validation,V0370.jpg,test,T0167.jpg,8,revisar
validation,V0370.jpg,test,T0168.jpg,8,revisar
validation,V0370.jpg,test,T0169.jpg,8,revisar
validation,V0370.jpg,test,T0187.jpg,8,revisar
validation,V0370.jpg,test,T0197.jpg,8,revisar
validation,V0370.jpg,test,T0201.jpg,8,revisar
validation,V0370.jpg,test,T0254.jpg,8,revisar
validation,V0370.jpg,test,T0255.jpg,8,revisar
validation,V0370.jpg,test,T0269.jpg,8,revisar
validation,V0370.jpg,test,T0299.jpg,8,revisar
validation,V0370.jpg,test,T0312.jpg,8,revisar
validation,V0370.jpg,test,T0313.jpg,8,revisar
validation,V0370.jpg,test,T0314.jpg,8,revisar
validation,V0370.jpg,test,T0316.jpg,8,revisar
validation,V0370.jpg,test,T0328.jpg,8,revisar
validation,V0370.jpg,test,T0329.jpg,8,revisar
validation,V0370.jpg,test,T0331.jpg,8,revisar
validation,V0370.jpg,test,T0334.jpg,8,revisar
validation,V0370.jpg,test,T0336.jpg,8,revisar
validation,V0370.jpg,test,T0337.jpg,8,revisar
validation,V0370.jpg,test,T0338.jpg,8,revisar
validation,V0370.jpg,test,T0343.jpg,8,revisar
validation,V0370.jpg,test,T0355.jpg,8,revisar
validation,V0370.jpg,test,T0361.jpg,8,revisar
validation,V0370.jpg,test,T0377.jpg,8,revisar
validation,V0370.jpg,test,T0390.jpg,8,revisar
validation,V0370.jpg,test,T0392.jpg,8,revisar
validation,V0371.jpg,test,T0127.jpg,8,revisar
validation,V0371.jpg,test,T0133.jpg,8,revisar
validation,V0371.jpg,test,T0143.jpg,8,revisar
validation,V0371.jpg,test,T0165.jpg,8,revisar
validation,V0371.jpg,test,T0179.jpg,8,revisar
validation,V0371.jpg,test,T0301.jpg,8,revisar
validation,V0372.jpg,test,T0006.jpg,8,revisar
validation,V0372.jpg,test,T0007.jpg,8,revisar
validation,V0372.jpg,test,T0012.jpg,8,revisar
validation,V0372.jpg,test,T0052.jpg,8,revisar
validation,V0372.jpg,test,T0185.jpg,8,revisar
validation,V0372.jpg,test,T0245.jpg,8,revisar
validation,V0372.jpg,test,T0246.jpg,8,revisar
validation,V0372.jpg,test,T0363.jpg,8,revisar
validation,V0373.jpg,test,T0018.jpg,8,revisar
validation,V0373.jpg,test,T0028.jpg,8,revisar
validation,V0373.jpg,test,T0045.jpg,8,revisar
validation,V0373.jpg,test,T0050.jpg,8,revisar
validation,V0373.jpg,test,T0052.jpg,8,revisar
validation,V0373.jpg,test,T0075.jpg,8,revisar
validation,V0373.jpg,test,T0076.jpg,8,revisar
validation,V0373.jpg,test,T0077.jpg,8,revisar
validation,V0373.jpg,test,T0078.jpg,8,revisar
validation,V0373.jpg,test,T0104.jpg,8,revisar
validation,V0373.jpg,test,T0109.jpg,8,revisar
validation,V0373.jpg,test,T0118.jpg,8,revisar
validation,V0373.jpg,test,T0156.jpg,8,revisar
validation,V0373.jpg,test,T0167.jpg,8,revisar
validation,V0373.jpg,test,T0181.jpg,8,revisar
validation,V0373.jpg,test,T0227.jpg,8,revisar
validation,V0373.jpg,test,T0233.jpg,8,revisar
validation,V0373.jpg,test,T0236.jpg,8,revisar
validation,V0373.jpg,test,T0269.jpg,8,revisar
validation,V0373.jpg,test,T0283.jpg,8,revisar
validation,V0373.jpg,test,T0307.jpg,8,revisar
validation,V0373.jpg,test,T0313.jpg,8,revisar
validation,V0373.jpg,test,T0316.jpg,8,revisar
validation,V0373.jpg,test,T0325.jpg,8,revisar
validation,V0373.jpg,test,T0336.jpg,8,revisar
validation,V0373.jpg,test,T0337.jpg,8,revisar
validation,V0373.jpg,test,T0354.jpg,8,revisar
validation,V0373.jpg,test,T0380.jpg,8,revisar
validation,V0374.jpg,test,T0002.jpg,8,revisar
validation,V0374.jpg,test,T0051.jpg,8,revisar
validation,V0374.jpg,test,T0054.jpg,8,revisar
validation,V0374.jpg,test,T0111.jpg,8,revisar
validation,V0374.jpg,test,T0119.jpg,8,revisar
validation,V0374.jpg,test,T0120.jpg,8,revisar
validation,V0374.jpg,test,T0130.jpg,8,revisar
validation,V0374.jpg,test,T0139.jpg,8,revisar
validation,V0374.jpg,test,T0163.jpg,8,revisar
validation,V0374.jpg,test,T0251.jpg,8,revisar
validation,V0374.jpg,test,T0262.jpg,8,revisar
validation,V0374.jpg,test,T0294.jpg,8,revisar
validation,V0374.jpg,test,T0311.jpg,8,revisar
validation,V0374.jpg,test,T0314.jpg,8,revisar
validation,V0374.jpg,test,T0328.jpg,8,revisar
validation,V0374.jpg,test,T0331.jpg,8,revisar
validation,V0374.jpg,test,T0343.jpg,8,revisar
validation,V0375.jpg,test,T0016.jpg,8,revisar
validation,V0375.jpg,test,T0017.jpg,8,revisar
validation,V0375.jpg,test,T0025.jpg,8,revisar
validation,V0375.jpg,test,T0035.jpg,8,revisar
validation,V0375.jpg,test,T0053.jpg,8,revisar
validation,V0375.jpg,test,T0078.jpg,8,revisar
validation,V0375.jpg,test,T0109.jpg,8,revisar
validation,V0375.jpg,test,T0121.jpg,8,revisar
validation,V0375.jpg,test,T0125.jpg,8,revisar
validation,V0375.jpg,test,T0134.jpg,8,revisar
validation,V0375.jpg,test,T0167.jpg,8,revisar
validation,V0375.jpg,test,T0259.jpg,8,revisar
validation,V0375.jpg,test,T0287.jpg,8,revisar
validation,V0375.jpg,test,T0312.jpg,8,revisar
validation,V0375.jpg,test,T0336.jpg,8,revisar
validation,V0375.jpg,test,T0367.jpg,8,revisar
validation,V0375.jpg,test,T0382.jpg,8,revisar
validation,V0375.jpg,test,T0389.jpg,8,revisar
validation,V0375.jpg,test,T0393.jpg,8,revisar
validation,V0376.jpg,test,T0056.jpg,8,revisar
validation,V0376.jpg,test,T0310.jpg,8,revisar
validation,V0377.jpg,test,T0024.jpg,8,revisar
validation,V0377.jpg,test,T0056.jpg,8,revisar
validation,V0377.jpg,test,T0129.jpg,8,revisar
validation,V0377.jpg,test,T0215.jpg,8,revisar
validation,V0377.jpg,test,T0224.jpg,8,revisar
validation,V0377.jpg,test,T0229.jpg,8,revisar
validation,V0377.jpg,test,T0235.jpg,8,revisar
validation,V0377.jpg,test,T0247.jpg,8,revisar
validation,V0377.jpg,test,T0317.jpg,8,revisar
validation,V0377.jpg,test,T0332.jpg,8,revisar
validation,V0377.jpg,test,T0352.jpg,8,revisar
validation,V0377.jpg,test,T0385.jpg,8,revisar
validation,V0378.jpg,test,T0204.jpg,8,revisar
validation,V0378.jpg,test,T0222.jpg,8,revisar
validation,V0378.jpg,test,T0240.jpg,8,revisar
validation,V0379.jpg,test,T0024.jpg,8,revisar
validation,V0379.jpg,test,T0036.jpg,8,revisar
validation,V0379.jpg,test,T0043.jpg,8,revisar
validation,V0379.jpg,test,T0050.jpg,8,revisar
validation,V0379.jpg,test,T0073.jpg,8,revisar
validation,V0379.jpg,test,T0076.jpg,8,revisar
validation,V0379.jpg,test,T0077.jpg,8,revisar
validation,V0379.jpg,test,T0103.jpg,8,revisar
validation,V0379.jpg,test,T0118.jpg,8,revisar
validation,V0379.jpg,test,T0120.jpg,8,revisar
validation,V0379.jpg,test,T0154.jpg,8,revisar
validation,V0379.jpg,test,T0159.jpg,8,revisar
validation,V0379.jpg,test,T0166.jpg,8,revisar
validation,V0379.jpg,test,T0193.jpg,8,revisar
validation,V0379.jpg,test,T0196.jpg,8,revisar
validation,V0379.jpg,test,T0201.jpg,8,revisar
validation,V0379.jpg,test,T0213.jpg,8,revisar
validation,V0379.jpg,test,T0220.jpg,8,revisar
validation,V0379.jpg,test,T0250.jpg,8,revisar
validation,V0379.jpg,test,T0251.jpg,8,revisar
validation,V0379.jpg,test,T0254.jpg,8,revisar
validation,V0379.jpg,test,T0265.jpg,8,revisar
validation,V0379.jpg,test,T0289.jpg,8,revisar
validation,V0379.jpg,test,T0293.jpg,8,revisar
validation,V0379.jpg,test,T0307.jpg,8,revisar
validation,V0379.jpg,test,T0313.jpg,8,revisar
validation,V0379.jpg,test,T0319.jpg,8,revisar
validation,V0379.jpg,test,T0323.jpg,8,revisar
validation,V0379.jpg,test,T0329.jpg,8,revisar
validation,V0379.jpg,test,T0350.jpg,8,revisar
validation,V0379.jpg,test,T0355.jpg,8,revisar
validation,V0379.jpg,test,T0357.jpg,8,revisar
validation,V0379.jpg,test,T0378.jpg,8,revisar
validation,V0379.jpg,test,T0382.jpg,8,revisar
validation,V0379.jpg,test,T0390.jpg,8,revisar
validation,V0379.jpg,test,T0392.jpg,8,revisar
validation,V0379.jpg,test,T0393.jpg,8,revisar
validation,V0380.jpg,test,T0003.jpg,8,revisar
validation,V0380.jpg,test,T0110.jpg,8,revisar
validation,V0380.jpg,test,T0114.jpg,8,revisar
validation,V0380.jpg,test,T0159.jpg,8,revisar
validation,V0380.jpg,test,T0180.jpg,8,revisar
validation,V0380.jpg,test,T0273.jpg,8,revisar
validation,V0380.jpg,test,T0309.jpg,8,revisar
validation,V0380.jpg,test,T0322.jpg,8,revisar
validation,V0380.jpg,test,T0330.jpg,8,revisar
validation,V0381.jpg,test,T0014.jpg,8,revisar
validation,V0381.jpg,test,T0016.jpg,8,revisar
validation,V0381.jpg,test,T0017.jpg,8,revisar
validation,V0381.jpg,test,T0031.jpg,8,revisar
validation,V0381.jpg,test,T0038.jpg,8,revisar
validation,V0381.jpg,test,T0040.jpg,8,revisar
validation,V0381.jpg,test,T0048.jpg,8,revisar
validation,V0381.jpg,test,T0053.jpg,8,revisar
validation,V0381.jpg,test,T0063.jpg,8,revisar
validation,V0381.jpg,test,T0075.jpg,8,revisar
validation,V0381.jpg,test,T0078.jpg,8,revisar
validation,V0381.jpg,test,T0121.jpg,8,revisar
validation,V0381.jpg,test,T0259.jpg,8,revisar
validation,V0381.jpg,test,T0262.jpg,8,revisar
validation,V0381.jpg,test,T0264.jpg,8,revisar
validation,V0381.jpg,test,T0287.jpg,8,revisar
validation,V0381.jpg,test,T0367.jpg,8,revisar
validation,V0382.jpg,test,T0021.jpg,8,revisar
validation,V0382.jpg,test,T0023.jpg,8,revisar
validation,V0382.jpg,test,T0024.jpg,8,revisar
validation,V0382.jpg,test,T0048.jpg,8,revisar
validation,V0382.jpg,test,T0125.jpg,8,revisar
validation,V0382.jpg,test,T0138.jpg,8,revisar
validation,V0382.jpg,test,T0153.jpg,8,revisar
validation,V0382.jpg,test,T0190.jpg,8,revisar
validation,V0382.jpg,test,T0201.jpg,8,revisar
validation,V0382.jpg,test,T0211.jpg,8,revisar
validation,V0382.jpg,test,T0223.jpg,8,revisar
validation,V0382.jpg,test,T0263.jpg,8,revisar
validation,V0382.jpg,test,T0312.jpg,8,revisar
validation,V0382.jpg,test,T0329.jpg,8,revisar
validation,V0382.jpg,test,T0335.jpg,8,revisar
validation,V0382.jpg,test,T0340.jpg,8,revisar
validation,V0382.jpg,test,T0346.jpg,8,revisar
validation,V0382.jpg,test,T0350.jpg,8,revisar
validation,V0382.jpg,test,T0374.jpg,8,revisar
validation,V0382.jpg,test,T0389.jpg,8,revisar
validation,V0382.jpg,test,T0392.jpg,8,revisar
validation,V0382.jpg,test,T0400.jpg,8,revisar
validation,V0383.jpg,test,T0003.jpg,8,revisar
validation,V0383.jpg,test,T0023.jpg,8,revisar
validation,V0383.jpg,test,T0042.jpg,8,revisar
validation,V0383.jpg,test,T0051.jpg,8,revisar
validation,V0383.jpg,test,T0073.jpg,8,revisar
validation,V0383.jpg,test,T0087.jpg,8,revisar
validation,V0383.jpg,test,T0099.jpg,8,revisar
validation,V0383.jpg,test,T0101.jpg,8,revisar
validation,V0383.jpg,test,T0113.jpg,8,revisar
validation,V0383.jpg,test,T0136.jpg,8,revisar
validation,V0383.jpg,test,T0141.jpg,8,revisar
validation,V0383.jpg,test,T0142.jpg,8,revisar
validation,V0383.jpg,test,T0145.jpg,8,revisar
validation,V0383.jpg,test,T0149.jpg,8,revisar
validation,V0383.jpg,test,T0158.jpg,8,revisar
validation,V0383.jpg,test,T0163.jpg,8,revisar
validation,V0383.jpg,test,T0168.jpg,8,revisar
validation,V0383.jpg,test,T0201.jpg,8,revisar
validation,V0383.jpg,test,T0205.jpg,8,revisar
validation,V0383.jpg,test,T0207.jpg,8,revisar
validation,V0383.jpg,test,T0250.jpg,8,revisar
validation,V0383.jpg,test,T0254.jpg,8,revisar
validation,V0383.jpg,test,T0265.jpg,8,revisar
validation,V0383.jpg,test,T0318.jpg,8,revisar
validation,V0383.jpg,test,T0319.jpg,8,revisar
validation,V0383.jpg,test,T0329.jpg,8,revisar
validation,V0383.jpg,test,T0334.jpg,8,revisar
validation,V0383.jpg,test,T0341.jpg,8,revisar
validation,V0383.jpg,test,T0342.jpg,8,revisar
validation,V0383.jpg,test,T0343.jpg,8,revisar
validation,V0383.jpg,test,T0355.jpg,8,revisar
validation,V0383.jpg,test,T0368.jpg,8,revisar
validation,V0383.jpg,test,T0374.jpg,8,revisar
validation,V0383.jpg,test,T0399.jpg,8,revisar
validation,V0384.jpg,test,T0010.jpg,8,revisar
validation,V0384.jpg,test,T0024.jpg,8,revisar
validation,V0384.jpg,test,T0054.jpg,8,revisar
validation,V0384.jpg,test,T0103.jpg,8,revisar
validation,V0384.jpg,test,T0154.jpg,8,revisar
validation,V0384.jpg,test,T0166.jpg,8,revisar
validation,V0384.jpg,test,T0191.jpg,8,revisar
validation,V0384.jpg,test,T0211.jpg,8,revisar
validation,V0384.jpg,test,T0221.jpg,8,revisar
validation,V0384.jpg,test,T0223.jpg,8,revisar
validation,V0384.jpg,test,T0244.jpg,8,revisar
validation,V0384.jpg,test,T0251.jpg,8,revisar
validation,V0384.jpg,test,T0269.jpg,8,revisar
validation,V0384.jpg,test,T0286.jpg,8,revisar
validation,V0384.jpg,test,T0289.jpg,8,revisar
validation,V0384.jpg,test,T0307.jpg,8,revisar
validation,V0384.jpg,test,T0312.jpg,8,revisar
validation,V0384.jpg,test,T0315.jpg,8,revisar
validation,V0384.jpg,test,T0325.jpg,8,revisar
validation,V0384.jpg,test,T0336.jpg,8,revisar
validation,V0384.jpg,test,T0340.jpg,8,revisar
validation,V0384.jpg,test,T0357.jpg,8,revisar
validation,V0384.jpg,test,T0368.jpg,8,revisar
validation,V0384.jpg,test,T0382.jpg,8,revisar
validation,V0384.jpg,test,T0393.jpg,8,revisar
validation,V0384.jpg,test,T0398.jpg,8,revisar
validation,V0384.jpg,test,T0400.jpg,8,revisar
validation,V0386.jpg,test,T0030.jpg,8,revisar
validation,V0386.jpg,test,T0189.jpg,8,revisar
validation,V0386.jpg,test,T0249.jpg,8,revisar
validation,V0386.jpg,test,T0352.jpg,8,revisar
validation,V0387.jpg,test,T0028.jpg,8,revisar
validation,V0387.jpg,test,T0075.jpg,8,revisar
validation,V0387.jpg,test,T0077.jpg,8,revisar
validation,V0387.jpg,test,T0092.jpg,8,revisar
validation,V0387.jpg,test,T0103.jpg,8,revisar
validation,V0387.jpg,test,T0125.jpg,8,revisar
validation,V0387.jpg,test,T0138.jpg,8,revisar
validation,V0387.jpg,test,T0154.jpg,8,revisar
validation,V0387.jpg,test,T0171.jpg,8,revisar
validation,V0387.jpg,test,T0191.jpg,8,revisar
validation,V0387.jpg,test,T0230.jpg,8,revisar
validation,V0387.jpg,test,T0251.jpg,8,revisar
validation,V0387.jpg,test,T0269.jpg,8,revisar
validation,V0387.jpg,test,T0312.jpg,8,revisar
validation,V0387.jpg,test,T0336.jpg,8,revisar
validation,V0387.jpg,test,T0340.jpg,8,revisar
validation,V0387.jpg,test,T0350.jpg,8,revisar
validation,V0387.jpg,test,T0355.jpg,8,revisar
validation,V0387.jpg,test,T0365.jpg,8,revisar
validation,V0387.jpg,test,T0374.jpg,8,revisar
validation,V0387.jpg,test,T0378.jpg,8,revisar
validation,V0387.jpg,test,T0392.jpg,8,revisar
validation,V0388.jpg,test,T0037.jpg,8,revisar
validation,V0388.jpg,test,T0113.jpg,8,revisar
validation,V0388.jpg,test,T0194.jpg,8,revisar
validation,V0388.jpg,test,T0300.jpg,8,revisar
validation,V0388.jpg,test,T0331.jpg,8,revisar
validation,V0389.jpg,test,T0013.jpg,8,revisar
validation,V0389.jpg,test,T0066.jpg,8,revisar
validation,V0389.jpg,test,T0083.jpg,8,revisar
validation,V0389.jpg,test,T0174.jpg,8,revisar
validation,V0389.jpg,test,T0280.jpg,8,revisar
validation,V0389.jpg,test,T0326.jpg,8,revisar
validation,V0389.jpg,test,T0359.jpg,8,revisar
validation,V0390.jpg,test,T0143.jpg,8,revisar
validation,V0390.jpg,test,T0222.jpg,8,revisar
validation,V0390.jpg,test,T0339.jpg,8,revisar
validation,V0391.jpg,test,T0001.jpg,8,revisar
validation,V0391.jpg,test,T0003.jpg,8,revisar
validation,V0391.jpg,test,T0023.jpg,8,revisar
validation,V0391.jpg,test,T0033.jpg,8,revisar
validation,V0391.jpg,test,T0085.jpg,8,revisar
validation,V0391.jpg,test,T0092.jpg,8,revisar
validation,V0391.jpg,test,T0120.jpg,8,revisar
validation,V0391.jpg,test,T0139.jpg,8,revisar
validation,V0391.jpg,test,T0141.jpg,8,revisar
validation,V0391.jpg,test,T0142.jpg,8,revisar
validation,V0391.jpg,test,T0145.jpg,8,revisar
validation,V0391.jpg,test,T0149.jpg,8,revisar
validation,V0391.jpg,test,T0153.jpg,8,revisar
validation,V0391.jpg,test,T0154.jpg,8,revisar
validation,V0391.jpg,test,T0163.jpg,8,revisar
validation,V0391.jpg,test,T0166.jpg,8,revisar
validation,V0391.jpg,test,T0168.jpg,8,revisar
validation,V0391.jpg,test,T0188.jpg,8,revisar
validation,V0391.jpg,test,T0201.jpg,8,revisar
validation,V0391.jpg,test,T0205.jpg,8,revisar
validation,V0391.jpg,test,T0214.jpg,8,revisar
validation,V0391.jpg,test,T0231.jpg,8,revisar
validation,V0391.jpg,test,T0250.jpg,8,revisar
validation,V0391.jpg,test,T0254.jpg,8,revisar
validation,V0391.jpg,test,T0260.jpg,8,revisar
validation,V0391.jpg,test,T0278.jpg,8,revisar
validation,V0391.jpg,test,T0300.jpg,8,revisar
validation,V0391.jpg,test,T0315.jpg,8,revisar
validation,V0391.jpg,test,T0318.jpg,8,revisar
validation,V0391.jpg,test,T0331.jpg,8,revisar
validation,V0391.jpg,test,T0368.jpg,8,revisar
validation,V0392.jpg,test,T0021.jpg,8,revisar
validation,V0392.jpg,test,T0022.jpg,8,revisar
validation,V0392.jpg,test,T0025.jpg,8,revisar
validation,V0392.jpg,test,T0038.jpg,8,revisar
validation,V0392.jpg,test,T0053.jpg,8,revisar
validation,V0392.jpg,test,T0059.jpg,8,revisar
validation,V0392.jpg,test,T0077.jpg,8,revisar
validation,V0392.jpg,test,T0078.jpg,8,revisar
validation,V0392.jpg,test,T0087.jpg,8,revisar
validation,V0392.jpg,test,T0109.jpg,8,revisar
validation,V0392.jpg,test,T0121.jpg,8,revisar
validation,V0392.jpg,test,T0134.jpg,8,revisar
validation,V0392.jpg,test,T0146.jpg,8,revisar
validation,V0392.jpg,test,T0151.jpg,8,revisar
validation,V0392.jpg,test,T0154.jpg,8,revisar
validation,V0392.jpg,test,T0167.jpg,8,revisar
validation,V0392.jpg,test,T0173.jpg,8,revisar
validation,V0392.jpg,test,T0182.jpg,8,revisar
validation,V0392.jpg,test,T0187.jpg,8,revisar
validation,V0392.jpg,test,T0196.jpg,8,revisar
validation,V0392.jpg,test,T0201.jpg,8,revisar
validation,V0392.jpg,test,T0207.jpg,8,revisar
validation,V0392.jpg,test,T0236.jpg,8,revisar
validation,V0392.jpg,test,T0244.jpg,8,revisar
validation,V0392.jpg,test,T0251.jpg,8,revisar
validation,V0392.jpg,test,T0279.jpg,8,revisar
validation,V0392.jpg,test,T0290.jpg,8,revisar
validation,V0392.jpg,test,T0307.jpg,8,revisar
validation,V0392.jpg,test,T0312.jpg,8,revisar
validation,V0392.jpg,test,T0329.jpg,8,revisar
validation,V0392.jpg,test,T0337.jpg,8,revisar
validation,V0392.jpg,test,T0338.jpg,8,revisar
validation,V0392.jpg,test,T0361.jpg,8,revisar
validation,V0392.jpg,test,T0365.jpg,8,revisar
validation,V0392.jpg,test,T0382.jpg,8,revisar
validation,V0392.jpg,test,T0393.jpg,8,revisar
validation,V0393.jpg,test,T0001.jpg,8,revisar
validation,V0393.jpg,test,T0004.jpg,8,revisar
validation,V0393.jpg,test,T0028.jpg,8,revisar
validation,V0393.jpg,test,T0031.jpg,8,revisar
validation,V0393.jpg,test,T0033.jpg,8,revisar
validation,V0393.jpg,test,T0035.jpg,8,revisar
validation,V0393.jpg,test,T0048.jpg,8,revisar
validation,V0393.jpg,test,T0050.jpg,8,revisar
validation,V0393.jpg,test,T0068.jpg,8,revisar
validation,V0393.jpg,test,T0072.jpg,8,revisar
validation,V0393.jpg,test,T0076.jpg,8,revisar
validation,V0393.jpg,test,T0078.jpg,8,revisar
validation,V0393.jpg,test,T0082.jpg,8,revisar
validation,V0393.jpg,test,T0104.jpg,8,revisar
validation,V0393.jpg,test,T0115.jpg,8,revisar
validation,V0393.jpg,test,T0119.jpg,8,revisar
validation,V0393.jpg,test,T0121.jpg,8,revisar
validation,V0393.jpg,test,T0130.jpg,8,revisar
validation,V0393.jpg,test,T0135.jpg,8,revisar
validation,V0393.jpg,test,T0151.jpg,8,revisar
validation,V0393.jpg,test,T0171.jpg,8,revisar
validation,V0393.jpg,test,T0201.jpg,8,revisar
validation,V0393.jpg,test,T0206.jpg,8,revisar
validation,V0393.jpg,test,T0212.jpg,8,revisar
validation,V0393.jpg,test,T0216.jpg,8,revisar
validation,V0393.jpg,test,T0227.jpg,8,revisar
validation,V0393.jpg,test,T0232.jpg,8,revisar
validation,V0393.jpg,test,T0233.jpg,8,revisar
validation,V0393.jpg,test,T0259.jpg,8,revisar
validation,V0393.jpg,test,T0260.jpg,8,revisar
validation,V0393.jpg,test,T0269.jpg,8,revisar
validation,V0393.jpg,test,T0279.jpg,8,revisar
validation,V0393.jpg,test,T0287.jpg,8,revisar
validation,V0393.jpg,test,T0289.jpg,8,revisar
validation,V0393.jpg,test,T0292.jpg,8,revisar
validation,V0393.jpg,test,T0307.jpg,8,revisar
validation,V0393.jpg,test,T0312.jpg,8,revisar
validation,V0393.jpg,test,T0313.jpg,8,revisar
validation,V0393.jpg,test,T0325.jpg,8,revisar
validation,V0393.jpg,test,T0334.jpg,8,revisar
validation,V0393.jpg,test,T0338.jpg,8,revisar
validation,V0393.jpg,test,T0342.jpg,8,revisar
validation,V0393.jpg,test,T0361.jpg,8,revisar
validation,V0393.jpg,test,T0374.jpg,8,revisar
validation,V0393.jpg,test,T0378.jpg,8,revisar
validation,V0393.jpg,test,T0380.jpg,8,revisar
validation,V0393.jpg,test,T0390.jpg,8,revisar
validation,V0393.jpg,test,T0394.jpg,8,revisar
validation,V0394.jpg,test,T0349.jpg,8,revisar
validation,V0394.jpg,test,T0353.jpg,8,revisar
validation,V0394.jpg,test,T0376.jpg,8,revisar
validation,V0394.jpg,test,T0379.jpg,8,revisar
validation,V0395.jpg,test,T0001.jpg,8,revisar
validation,V0395.jpg,test,T0004.jpg,8,revisar
validation,V0395.jpg,test,T0018.jpg,8,revisar
validation,V0395.jpg,test,T0019.jpg,8,revisar
validation,V0395.jpg,test,T0029.jpg,8,revisar
validation,V0395.jpg,test,T0041.jpg,8,revisar
validation,V0395.jpg,test,T0048.jpg,8,revisar
validation,V0395.jpg,test,T0082.jpg,8,revisar
validation,V0395.jpg,test,T0087.jpg,8,revisar
validation,V0395.jpg,test,T0088.jpg,8,revisar
validation,V0395.jpg,test,T0092.jpg,8,revisar
validation,V0395.jpg,test,T0104.jpg,8,revisar
validation,V0395.jpg,test,T0135.jpg,8,revisar
validation,V0395.jpg,test,T0138.jpg,8,revisar
validation,V0395.jpg,test,T0139.jpg,8,revisar
validation,V0395.jpg,test,T0151.jpg,8,revisar
validation,V0395.jpg,test,T0167.jpg,8,revisar
validation,V0395.jpg,test,T0171.jpg,8,revisar
validation,V0395.jpg,test,T0187.jpg,8,revisar
validation,V0395.jpg,test,T0191.jpg,8,revisar
validation,V0395.jpg,test,T0201.jpg,8,revisar
validation,V0395.jpg,test,T0206.jpg,8,revisar
validation,V0395.jpg,test,T0220.jpg,8,revisar
validation,V0395.jpg,test,T0233.jpg,8,revisar
validation,V0395.jpg,test,T0259.jpg,8,revisar
validation,V0395.jpg,test,T0267.jpg,8,revisar
validation,V0395.jpg,test,T0269.jpg,8,revisar
validation,V0395.jpg,test,T0286.jpg,8,revisar
validation,V0395.jpg,test,T0287.jpg,8,revisar
validation,V0395.jpg,test,T0292.jpg,8,revisar
validation,V0395.jpg,test,T0293.jpg,8,revisar
validation,V0395.jpg,test,T0299.jpg,8,revisar
validation,V0395.jpg,test,T0312.jpg,8,revisar
validation,V0395.jpg,test,T0317.jpg,8,revisar
validation,V0395.jpg,test,T0335.jpg,8,revisar
validation,V0395.jpg,test,T0338.jpg,8,revisar
validation,V0395.jpg,test,T0350.jpg,8,revisar
validation,V0395.jpg,test,T0357.jpg,8,revisar
validation,V0395.jpg,test,T0361.jpg,8,revisar
validation,V0395.jpg,test,T0363.jpg,8,revisar
validation,V0395.jpg,test,T0378.jpg,8,revisar
validation,V0395.jpg,test,T0380.jpg,8,revisar
validation,V0396.jpg,test,T0018.jpg,8,revisar
validation,V0396.jpg,test,T0024.jpg,8,revisar
validation,V0396.jpg,test,T0076.jpg,8,revisar
validation,V0396.jpg,test,T0112.jpg,8,revisar
validation,V0396.jpg,test,T0115.jpg,8,revisar
validation,V0396.jpg,test,T0156.jpg,8,revisar
validation,V0396.jpg,test,T0169.jpg,8,revisar
validation,V0396.jpg,test,T0178.jpg,8,revisar
validation,V0396.jpg,test,T0262.jpg,8,revisar
validation,V0396.jpg,test,T0286.jpg,8,revisar
validation,V0396.jpg,test,T0299.jpg,8,revisar
validation,V0396.jpg,test,T0317.jpg,8,revisar
validation,V0396.jpg,test,T0351.jpg,8,revisar
validation,V0396.jpg,test,T0382.jpg,8,revisar
validation,V0396.jpg,test,T0391.jpg,8,revisar
validation,V0397.jpg,test,T0014.jpg,8,revisar
validation,V0397.jpg,test,T0016.jpg,8,revisar
validation,V0397.jpg,test,T0021.jpg,8,revisar
validation,V0397.jpg,test,T0022.jpg,8,revisar
validation,V0397.jpg,test,T0035.jpg,8,revisar
validation,V0397.jpg,test,T0041.jpg,8,revisar
validation,V0397.jpg,test,T0063.jpg,8,revisar
validation,V0397.jpg,test,T0078.jpg,8,revisar
validation,V0397.jpg,test,T0095.jpg,8,revisar
validation,V0397.jpg,test,T0109.jpg,8,revisar
validation,V0397.jpg,test,T0125.jpg,8,revisar
validation,V0397.jpg,test,T0134.jpg,8,revisar
validation,V0397.jpg,test,T0167.jpg,8,revisar
validation,V0397.jpg,test,T0259.jpg,8,revisar
validation,V0397.jpg,test,T0279.jpg,8,revisar
validation,V0397.jpg,test,T0282.jpg,8,revisar
validation,V0397.jpg,test,T0287.jpg,8,revisar
validation,V0397.jpg,test,T0336.jpg,8,revisar
validation,V0397.jpg,test,T0371.jpg,8,revisar
validation,V0398.jpg,test,T0016.jpg,8,revisar
validation,V0398.jpg,test,T0017.jpg,8,revisar
validation,V0398.jpg,test,T0040.jpg,8,revisar
validation,V0398.jpg,test,T0048.jpg,8,revisar
validation,V0398.jpg,test,T0053.jpg,8,revisar
validation,V0398.jpg,test,T0075.jpg,8,revisar
validation,V0398.jpg,test,T0078.jpg,8,revisar
validation,V0398.jpg,test,T0121.jpg,8,revisar
validation,V0398.jpg,test,T0212.jpg,8,revisar
validation,V0398.jpg,test,T0259.jpg,8,revisar
validation,V0398.jpg,test,T0262.jpg,8,revisar
validation,V0398.jpg,test,T0306.jpg,8,revisar
validation,V0398.jpg,test,T0336.jpg,8,revisar
validation,V0398.jpg,test,T0394.jpg,8,revisar
validation,V0399.jpg,test,T0177.jpg,8,revisar
validation,V0399.jpg,test,T0233.jpg,8,revisar
validation,V0399.jpg,test,T0261.jpg,8,revisar
validation,V0399.jpg,test,T0365.jpg,8,revisar
validation,V0400.jpg,test,T0048.jpg,8,revisar
validation,V0400.jpg,test,T0063.jpg,8,revisar
validation,V0400.jpg,test,T0071.jpg,8,revisar
validation,V0400.jpg,test,T0248.jpg,8,revisar
validation,V0400.jpg,test,T0276.jpg,8,revisar
validation,V0400.jpg,test,T0282.jpg,8,revisar
